:020000040800F2
:10000000F83F01201101020817FF040805FF04084A
:1000100019FF040825FF040831FF04080000000050
:100020000000000000000000000000003DFF040888
:100030003FFF040800000000C1010508DD010020A9
:100040000100020841FF04084DFF040855FF0408A1
:10005000B1510508010002080146050807460508D8
:100060000D4605081346050819460508A920050888
:10007000B9200508C9200508D9200508E920050888
:10008000F920050809210508010002080000000008
:100090000000000000000000000000001F460508EE
:1000A00069FF04086FFF040881FF040887FF040844
:1000B0008DFF040893FF040899FF040841260508F2
:1000C0005D26050879260508952605080100020821
:1000D00001000208F5020020FB02002000000000E1
:1000E0004346050847FF040801000208000000001D
:1000F00000000000000000000000000019210508B9
:100100000000000001000208A1FF0408010002082D
:1001100000000000000000000000000000000000DF
:100120002921050839210508492105085921050813
:100130006921050800000000000000000000000028
:1001400000000000000000000000000001000208A4
:100150007921050889210508992105080103002056
:10016000B1260508CD2605080000000000000000AB
:10017000000000000000000000000000000000007F
:100180000000000001000208000000000000000064
:10019000010002080248002343643C3000F038B9F3
:1001A00078040020054B43F82010054B01221A600B
:1001B000044B4FF080525A60704700BFA00A0020E5
:1001C000A40A002000ED00E010F4FF7F02BF024B04
:1001D0000422C3F8002E704700E100E00D4B10B57B
:1001E0001C6801341C604FF0E02304F001021B691D
:1001F000094B53F822300BB120469847074B1B6838
:10020000A34205D1BDE8104005490020FFF7CABF51
:1002100010BD00BF50090020A80A00204C09002092
:10022000F5AC040838B5314B03EB8003D3F88441B7
:10023000002C51D063681968E1838A0630D5608A42
:1002400050B3A28A0132B2FBF0F500FB1522E08A1E
:1002500092B2904220D01968E1835968A3890B407B
:10026000A17A79B12249096899420BD1FFF792FF2F
:10027000A38BDD0604D56268D36843F01003D36016
:10028000012516E0E07AA1690128A08A0CBF21F8B7
:1002900010300B54A282EBE7DA6822F02002DA6019
:1002A000C80642BFDA6822F01002DA600A0714D4E6
:1002B0000025637AA28B5B0742BFE38B23F0100318
:1002C000E383E38B1A4202D0206A00F0A5F8637A38
:1002D00045B123F00403637238BDDA6822F02002CE
:1002E000DA60E5E743F00403F5E700BF7804002097
:1002F000700400200120FFF795BF0220FFF792BF96
:100300000620FFF78FBF0000114B70B50022054695
:10031000DA6100F06FF80F4C0646E368DA030CD49C
:10032000E368DB0744BF0123E360E06810F4F97081
:1003300007D000F069F8012003E0691CEDD00DB989
:10034000032070BD00F056F8801BA842E5D9F7E7FE
:1003500054090020003C02402DE9F843234F3B7E26
:10036000012B054688463FD001234CF250303B76A6
:10037000FFF7CAFF0446A8B94FF0FF33C8F80030B2
:100380002B68012B13D1287C00F04AF84CF2503036
:10039000FFF7BAFF164A136923F0040304461361FA
:1003A00000F02EF800233B762046BDE8F883AE68C7
:1003B000DFF83C90D5E902231344B342F0D9297CFD
:1003C000304600F031F84CF25030FFF79DFFD9F87D
:1003D000103023F0FA03C9F8103018B1C8F80060E3
:1003E0000446DDE70136E5E70224DDE75409002095
:1003F000003C0240014B1868704700BF50090020C4
:100400005FF800F0F9F704085FF800F03DF6040823
:100410005FF800F061E202085FF800F051A70408FD
:100420005FF800F08DF704085FF800F0B1F70408FA
:020000040802F0
:10000000FEE700000F49D1F8883043F47003C1F8CF
:1000100088300D4B1A68002042F001021A60986087
:100020001A6822F0847222F480321A60074A5A60F9
:100030001A6822F480221A60D8604FF000638B6047
:10004000704700BF00ED00E000380240103000248F
:1000500030B5002495B010252A4621460AA80494FC
:1000600029F064FF264B01941A6C42F080521A6406
:100070001B6C03F080530193019B224B02941A687E
:1000800042F440421A601B68109503F44043029307
:10009000029B059402230122CDE90834CDE90E34F8
:1000A0000F23CDE90B2503934FF4A8720423CDE968
:1000B0001123072313934FF4A0514FF4805308A842
:1000C000CDE906132DF0DAFA10B10F482FF0E2FB5C
:1000D000119B109A30211B01B3FBF2F3B3FBF1F239
:1000E00001FB1232121A1299B3FBF1F118BF01226F
:1000F00003A830F02DF908B10448E7E715B030BD8A
:100100000038024000700040186805082A68050899
:100110000446DFF82CD00B490B4A0C4B03E051F896
:10012000040B42F8040B9A42F9D300200849094A0B
:1001300001E041F8040B9142FBD320462FF000BDB3
:10014000F83F0120108B06083004002078040020BE
:10015000780400207C0E002040F8044B40F8045B3B
:1001600040F8046B40F8047B40F8048B40F8049B93
:1001700040F804AB40F804BB40F804CB40F804DB83
:1001800068467047024B5A69026058610020704708
:1001900078040020024B5A6912685A61704700BF08
:1001A00078040020024B9A69C0E9002198617047E9
:1001B00078040020044A93691968916110B15A6863
:1001C00018461047704700BF7804002038B5054D29
:1001D0000446AB690BB1A34200D338BD0120FFF741
:1001E000E9FFF6E778040020C46005614661876195
:1001F000C0F81C80C0F82090C0F824A0C0F828B037
:10020000C0F82CD080ED0C8B80ED0E9B80ED10ABF8
:10021000C0F808E0FFF7B6BF124D6C6908B50CB91D
:100220002FF07AFC60602046FFF7D0FF23686B61F7
:100230002046C468056946698769D0F81C80D0F8F3
:100240002090D0F824A0D0F828B0D0F82CD090ED91
:100250000C8B90ED0E9B90ED10ABD0F808E00120D8
:10026000704700BF7804002010B50021044600F05C
:100270000DFB18B914B120460DF08EFD10BD002104
:1002800000F004BB10B50121044600F0FFFA18B9D4
:1002900014B120460DF080FD10BDFFF7E5BF10B58D
:1002A00001220C4600F014FC18B914B120460DF0E0
:1002B00073FD10BD00F00CBC00F0CCBBDFF8B8C083
:1002C0002DE9F04305464FF0000E0324DCF89C02B4
:1002D000002101316B189A0803F00303825C5B0074
:1002E00042FA03F303F00303022BF2D0090136D0E4
:1002F000DCF8A80200EB0510014403681A072BD1B3
:10030000DCF8A8525A1BC2F301169D424FEA92171D
:100310004FEA46064FEA12121ED8DCF8AC529D4254
:100320001AD9DCF89C8218F8075045FA06F303F056
:10033000030304FA06F9012B45EA09050CD10CEB7D
:100340004E06BEF13F0F08F807509ABF0EF1010E9E
:10035000A6F8BC22CCF8B83204308842CDD1BEF128
:10036000000F06D00EF1FF3E0CEB4E03B3F8BC526B
:10037000ACE7BDE8F08300BF7804002030B51C4C2A
:10038000D4E9A953C01AC109C0F3021E6B5C012253
:1003900002FA0EF223EA02036B54D4F8B022830966
:1003A0004FEA101CB2EB901FD4F89C0288BFC4F82F
:1003B000B032C15C4FEA9C0E0CF0030303255B00D6
:1003C00005FA03F321EA030100F80E100CF1010C09
:1003D000D4F89C024FEA9C0E0CF0030310F80E10A8
:1003E0005A0041FA02F202F00302022AE7D030BDBD
:1003F0007804002021F00F010B1A134A013BDB00A7
:1004000010B5A2FB0323114C5B0AC4E9A703C4F88F
:10041000AC129A00A1EB83110133C4F8A812073281
:10042000C11803EBD202C4F8A412002129F07EFD0A
:10043000002301214FF0FF32C4E9AC33C4E9D032CC
:100440002381A4F83C1310BDF32C23FA7804002078
:10045000024A138902331381704700BF78040020D9
:10046000024A1389023B1381704700BF78040020C1
:10047000024B1889003818BF01207047780400200B
:1004800070B51E4C2389002243F0010382B004F5AD
:10049000F875C4F8B822C4F84023238104F1080297
:1004A00052F8043F19071AD1D4F8A812581AC0F309
:1004B000011C8B424FEA901E4FEA4C0C4FEA101081
:1004C0000DD3D4F8AC128B4209D2D4F89C6216F842
:1004D0000E1041FA0CF303F00303012B03D0AA42E0
:1004E000DED102B070BD032303FA0CF3194306F802
:1004F0000E100192FFF7E2FE019AF0E77804002067
:10050000B9B3F0B51B4C0D4683B0011F002251F862
:10051000043F18071AD1D4F8A872D81BC0F3011EE3
:100520009F424FEA90164FEA4E0E4FEA10100DD838
:10053000D4F8AC729F4209D9D4F89C7217F806C05F
:100540004CFA0EF303F00303012B04D00132954261
:10055000DDD103B0F0BD032303FA0EF34CEA030C24
:1005600007F806C0CDE90021FFF7A8FEDDE900216C
:10057000ECE77047780400202DE9F043614ED6F88F
:10058000B832D6F89C1283B0C3B1D6F8A032002599
:100590009800C6F8B85288B10024A30804F00302FA
:1005A000CB5C5200134103F00303032B2BD0013427
:1005B000A042F2D8D6F8B832002BEAD1D6F8B4323D
:1005C0004FF000094FEAD3080127D6F8A43213F8F8
:1005D00009404FEAC90514B94CE064080135E20747
:1005E00003D464080135E307F7D5AB0805F003022F
:1005F000CB5C5200134103F00303012B15D06408B8
:1006000038D00135EFE72046FFF758FED6F8A03284
:10061000D6F89C120134B4EB830F4FEA8300BCD3AD
:10062000D6F8B832002BB4D1C8E7D6F8A8222B01EF
:1006300002EB0510D35873B16A4640F20F310CF04B
:100640005FFD009B3BB10DF017FEDDE900010DF0F1
:10065000EDFD0DF027FED6F8A402EB0805F007012A
:10066000C25C07FA01F122EA0102C2546408D6F81A
:100670009C12C6D1C14502D009F10109A5E70027A6
:10068000BE463A46032402250FE0012806D104FAAB
:1006900003F32CEA03030B704FF0010ED6F8B432CB
:1006A00001329A421FD8D6F89C12900802F0030338
:1006B00011F800C05B004CFA03F000F003000228C0
:1006C00001EB920119D00328DFD105FA03F32CEADC
:1006D000030C81F800C0D6F8B432174601329A42B2
:1006E0004FF0000EDFD93389002223F00103C6E961
:1006F000AC27338103B0BDE8F083BEF1000FC6D153
:100700001746CBE778040020044B1A89002142F0F9
:100710000102C3F8B8121A81FFF72EBF7804002037
:10072000594B00212DE9F041D3E9AA42C0E9041157
:10073000121BD3E9A74588464FEA850CC0E9011191
:10074000C160816102600E468E460D4618E05BBBBB
:1007500001359445856001F1010179D09608A75DC6
:1007600002F003067600374117F002084AD107F07D
:1007700003071646B44536D0012F34D094453AD0FD
:10078000B30806F00302E35C5200134103F00303D5
:10079000012B06F1010238D0022BD8D10EF1010E47
:1007A000C0F804E008F10108944545D0960802F02D
:1007B0000303A75D5B001F41BB0724D4B8F1010F01
:1007C00007F003075BD0B8F1020F164604D1436966
:1007D000013343614FF0020883699845CAD9B44593
:1007E000C0F81880C8D1C368994200D9C160944547
:1007F0004FF00001C4D14FEA0E132D01C0E90135BD
:10080000BDE8F08198461646B8E70EF1010E944512
:10081000C0F804E027D09608A75D02F00306760032
:100820003741BE07EED407F00307164603690133CC
:1008300003614FF00108CFE7B8F1010F1F4620D048
:10084000B8F1020F19D0836998456646C7D8CAE740
:10085000C3689942CFD94FEA0E132D01C0E9013583
:10086000C160BDE8F081066901360661866906B996
:10087000836116464FF00108B5E76646A7E71646BE
:10088000D4E76646D2E700BF780400202DE9F8439C
:1008900000F10F04240900F09D806D4D2F89002F79
:1008A00040F09880B5F83C238846002A40F09680B6
:1008B000D5F8B012D5F8A0E2714538BF012780F015
:1008C0008980D5F89CC20CF1FF3600200E440FE061
:1008D00013F00C0200F0A18013F0300F00F0B08094
:1008E00000223F2B40F2918000200131714570D2EF
:1008F00016F8013F9A07EBD1421C944240F2A580C2
:1009000013F00C0F40F091800230844240F2898055
:1009100013F0300F40F08F8002329442E1D889000A
:100920008B1CA3EB020E012A08F001090EF101064F
:1009300003D1591C8908C5F8B012D5F8B4129942F0
:1009400038BF1946B008C5F8B41206F003071CF802
:1009500000807F0001210EF1020EB94041EA08013A
:1009600073450CF8001013D302274FEA9E01D5F807
:100970009CC20EF003001CF80180400007FA00F052
:100980000EF1010E40EA080073450CF80100ECD2AC
:10099000D5F84033D5F8A87223441201002107EBA3
:1009A0000610C5F8403329F0C1FA34010346B9F105
:1009B000000F10D00022D5F8A4023A51F10801220C
:1009C000445C06F00706B240224342541846BDE894
:1009D000F88377B100231846BDE8F883D5E9D01233
:1009E00091422FD2D5F8B012D5F8A0E27145FFF4AC
:1009F00068AF33F077F9D5F8B012D5F8A0E27145B9
:100A00004FF00107FFF45DAFE4E7501C84423FF66E
:100A10006CAF8900CB1C024683E7012084423FF67D
:100A200077AF89004B1C02467BE713F0300F0CBFF9
:100A30000122002255E73F2B8CBF0020012054E704
:100A400001226AE733F04EF932E78B0069E700BF15
:100A500078040020034B1B89012B02D808B1FFF753
:100A60008DBC704778040020034610F00F001AD1A7
:100A7000164AD2F8A812994214D810B4D2F8AC424F
:100A80009C420DD95B1AD2F89CC29A09C3F301119A
:100A90001CF8022049000A4102F00302012A04D096
:100AA00010BC7047704700207047013000EB1312F4
:100AB000910802F003021CF80110520041FA02F200
:100AC00002F00302022AF0D00001E9E778040020D6
:100AD0002DE9F84F0546002800F0C980754C914675
:100AE00026890A46002900F08880002E40F089807F
:100AF000D4F8A832C31A9B46D4F8A0021B0901F10E
:100B00000F0E591C8700B1EB800F4FEA1E1EBA462C
:100B100080F0B380D4F89C72B4460126880801F0B6
:100B20000308385C4FEA480840FA08F000F0030078
:100B300002286AD028B90CF1010C0CEB06007045B4
:100B400064D3B64555D065D3B444F4451DD2B9F14C
:100B5000000F56D010464FEADB11D4F8A422515CA6
:100B600003F00703194101F00101FFF78FFE07466B
:100B700000283FD03201294629F08EF92389012B24
:100B800038D82846FFF7FAFB34E003EB0E01334474
:100B900099421FD9980803F0030217F80080520009
:100BA0004FF0020C01330CFA02F242EA08029942B9
:100BB0003A540FD99808D4F89C7203F0030217F83E
:100BC000008052000CFA02F2013342EA0802994214
:100BD0003A54EFD1D4F8B432994238BF1946AEEB4B
:100BE0000602C4F8B412120105EB0610002129F028
:100BF0009DF92F463846BDE8F88F012E01D8FFF742
:100C0000BDFB00273846BDE8F88F013601318A4523
:100C100084D196E773444FEA930C03F0030117F86D
:100C20000C0049004FF00308A6EB0E0E08FA01F184
:100C300020EA0101BEF1010F07F80C1010D05F1E71
:100C400077440133D4F89C62980803F00302315CC6
:100C5000520008FA02F221EA0202BB423254F0D1F9
:100C6000D4F8B0326345C4D9C4F8B0C2C1E708466D
:100C70002946BDE8F84FFFF709BEBEF1010FB8D015
:100C8000BEF1000F05D00126B9F1000F7FF462AF6D
:100C9000B7E7D4F89C024FEA9B1C03F0030359000A
:100CA000032210F80C308A4023EA020300F80C30CB
:100CB000D6E700BF7804002010B58AB0044603A828
:100CC000FFF72EFDDDE90430039A00900749204626
:100CD00000F090FFDDE9083206980549CDE90020D3
:100CE000079A204600F086FF0AB010BDA0B30508A1
:100CF000C4B305082DE9F843DFF858914749D9F8FE
:100D0000A822074600F076FFD9F8A01289006DD01E
:100D1000DFF84481002515F03F0633D005F00306C7
:100D20007600D9F89C22AB08D35C334103F003036F
:100D3000022B63D0032B5FD0012B4AD1D9F8A82214
:100D40002B01D25842455BD0354B9A425AD0354B95
:100D50009A425BD0344B9A4256D0344B9A4253D08D
:100D6000334B9A4254D0334B9A4251D0324B9A4231
:100D700052D0324B9A424DD0314B9A4214BF682226
:100D80004D2227E0A9421ED9D9F89C022C4602E048
:100D900001348C4208D0A20804F00303825C5B009B
:100DA00042FA03F39B07F3D0621B7F2A0BD9254934
:100DB0009209384600F01EFFD9F8A03224F03F0512
:100DC000B5EB830F12D220492A01384600F012FFFA
:100DD000A7E72E221D49384600F00CFFD9F8A032B3
:100DE0000135B5EB830F4FEA830194D33846184998
:100DF000BDE8F84300F049BB6D22EBE73D22E9E78F
:100E00005422E7E74C22E5E75322E3E74422E1E7F7
:100E10004122DFE74222DDE74622DBE70CB405088A
:100E200074F0050844E805084CF905081CF90508A4
:100E30006CE50508F4E40508ECEC050888ED050808
:100E4000E0F1050828B4050844B405084CB40508C9
:100E500008B405087804002094FA0508064B0268D7
:100E60005B6A5968C1F31E018A4203D3521A0260B9
:100E7000184670471B68F4E778040020014441F2EB
:100E80000553884204D398B2012838BF0120704727
:100E900010F8012B03EB43135340F2E7034B044AD2
:100EA0005A620022C3F8F421704700BF7804002082
:100EB000842906082DE9F04781468846002940D05C
:100EC000FFF7DCFF204B5C6A82460CB9204634E019
:100ED00094F90730E668002B06F1FF364FF0000565
:100EE00013DB013604F11807B54212D32468ECE78E
:100EF00077197F08BB1D424654F82310484629F055
:100F000079F80028CCBF3D463E46731B012BEFD835
:100F1000E7E7236933F815309A4510D163695B5DC3
:100F200098450CD157F825004246494629F026F845
:100F300028B96068C0F31E002844BDE8F087013579
:100F4000D2E70120F9E700BF780400202DE9F8433B
:100F500080460F46FFF7AEFF0246002840F08D8026
:100F6000FF2F03D9464947480CF02EF9464DD5F8D6
:100F7000F4017E1C90B1D5E97E1333448B4227D90E
:100F80003144FFF797F90446D5F8F401CCB9D5F808
:100F9000FC112246FFF78EF9C5F8F441802E344645
:100FA00038BF80242046FFF76AF9C5F8F401B0BBCA
:100FB0003046FFF764F9C5F8F40178BB30460CF011
:100FC000EBFED5F8F8313344C5F8F8310028E5D008
:100FD000D5F8FC31C4181E4441463A4620464FF02D
:100FE0000009C5F8FC6128F057FF394604F807905E
:100FF0002046FFF743FF8046686AD0E90261B142AC
:101000002BD376000A2E38BF0A26C6EBC60018304E
:10101000FFF735F948B9C5F8F401CFE734460023A6
:10102000C5F8F841C5F8FC31D2E700F1180202EB2F
:101030008602696A026102EB460242614A68016007
:10104000C968C0F80C90C2F31E020A44416862F3FA
:101050001E01C0E90116686249460269436922F827
:1010600011805F548A1D6B6A43F82240DA680132AE
:10107000DA605A68C2F31E020A441046BDE8F883DB
:101080003E680508E0E905087804002010B504462C
:1010900028F08AFF01462046BDE81040FFF756BF02
:1010A00007B5019001A8FFF7D9FE019A036933F84B
:1010B000120003B000BD07B5019001A8FFF7CEFEF6
:1010C000019B4269D05C03B000BD07B5019001A847
:1010D000FFF7C4FE019B063350F8230003B000BDA8
:1010E00013B5019001A80C46FFF7B8FE019B4269B9
:1010F000D25C2260063350F8230002B010BD00001D
:101100002DE9F8431D46002303600B6013602B603C
:10111000164BDFF85C905C6A07468846164664B951
:101120002B68326813442B60BDE8F883336812F8EB
:10113000010B0133034433600DE04C45F0D03B68B4
:1011400001333B60E268D8F800301344C8F800303F
:101150006269E368D1188A42E8D32046FFF784FC2D
:101160002B68246803442B60D9E700BF7804002073
:1011700084290608F8B50B4B0B4F5C6A0CB1BC42D6
:1011800000D1F8BDE36804F1180505EB8306B5420C
:1011900001D32468F2E755F8042B0449044800F011
:1011A00029FDF4E77804002084290608466805082C
:1011B00054D8050830B50023202511F8012F0AB9AD
:1011C000027030BD120600F1010420D513B12023B6
:1011D000037020460B78124A03F07F036BB9013A83
:1011E00012F8013F13F0800F044600F101000BD00C
:1011F00003F07F0323700123DFE712F9014B002C7A
:10120000FBDA013BDBB2E9E700F8013CE8E7012B40
:1012100004BF057020460B7800F8013B0223CCE7A1
:101220004D68050838B54368194403689942054676
:1012300010D9037B1BB1084800210BF0C5FF01F159
:10124000100424F00704083480682146FFF727F8CB
:101250002C60A86038BD00BFE0E9050870B5044601
:101260000E4611461546FFF7DDFFD4E901302A4648
:101270001844314628F044FE63682B44636070BD17
:1012800038B50129044638BF0121002508462160F0
:101290006560FEF7E9FF2573A06038BD38B50546E7
:1012A0000C460131FFF7ECFF6C6038BD0023C0E94C
:1012B00001320123016003737047000038B5144602
:1012C0000546FFF7DDFF024B2560636038BD00BFB8
:1012D0005D120208037B10B5044613B98068FEF75F
:1012E000EBFF0023A36010BD38B505461020FEF7C4
:1012F000BBFF29460446FFF7C3FF204638BD10B5A3
:10130000044648B1037B13B98068FEF7D5FF204639
:10131000BDE81040FEF7D0BF10BD000038B5037B1C
:1013200004460D461BB1074800210BF04DFF016834
:1013300080682944FEF7B3FF2368A0601D44256040
:10134000184438BDE0E9050838B504460D46FFF7F6
:1013500069FFD4E901301D446560184438BDD0E907
:1013600000239A4210B5044602D10121FFF7D6FFAF
:10137000D4E901320021D154A06810BD10B50C464B
:101380000121FFF7E1FF047010BD7F29F8B50C467D
:1013900004D80121FFF7D8FF0470F8BD01F03F0623
:1013A000B1F5006F4FEA911566F07F0607D2022172
:1013B000FFF7CAFF65F03F0505704670EDE705F0E1
:1013C0003F05B1F5803F4FEA113765F07F0508D240
:1013D0000321FFF7B9FF67F01F03037045708670A4
:1013E000DBE70421FFF7B0FFA40C07F03F0364F034
:1013F0000F0463F07F03047043708570C670CCE700
:1014000038B5054608460C4628F0CEFD2146024672
:101410002846BDE83840FFF721BFF8B54768B94214
:10142000054628BF39460C4611461646FFF7FAFE18
:10143000AB68A01919193A1B184428F061FD6B68B4
:10144000A86833446B602044F8BD43688B422CBFCE
:101450005B1A00234360704738B5154642688A42DC
:1014600004460B4603D929448A4201D8636038BD3B
:101470008068521A0144184428F042FD63685B1BDF
:10148000F4E70846114629F0DDBC70B5054608466C
:101490000E4628F089FD044620B102466B68286894
:1014A00031469847204670BD2DE9F74F01919DF8D0
:1014B000301091460D9A11F0DF0F8046A2EB09041F
:1014C0005CD030295DD1C3F3472100295CD05F296E
:1014D0000CBF0526042692FBF6F106FB11210CBF7A
:1014E0002D4F2E4F002902F1010108BF0A4604F1D9
:1014F000010008BF0446711E92FBF6F006FB1022A5
:101500008A1A174413F0200240D004EBD473A4EBE2
:1015100063055C10002C3DDDA3465E45B246A8BFC6
:10152000DA46D8F80430D8F8000052463946ABEB1A
:101530000A0B9847BBF1000FEFDCB9F1000F07D0A1
:10154000D8F804300199D8F800004A4698474C442E
:10155000002D0FDD2C44AE42B146A8BFA946D8F8F5
:101560000430D8F800004A463946A5EB09059847EB
:10157000002DF0DC204603B0BDE8F08F084F1026A8
:10158000C0E70CAF0126BDE7064FF8E713F00105F1
:10159000C0D025460024D0E768D805086DD80508D6
:1015A00073D805085CD805082DE9F04F93B0814643
:1015B000C807DDE91E871C9D9DF874A00C46934664
:1015C0001E460BD4A10703D121687B4B994205D05D
:1015D00020460DF0D9FC440044F0010415F0210F21
:1015E00008D1B8454346B8BF3B46BAF1300F04BFF7
:1015F00098460027204610F0E9FE00280EDA0AABD4
:101600002807F6B222D5BBF1020F13D119463020BC
:1016100001F8020B701C58700B4617E0AA0705D59D
:101620002B238DF828300DF12903E9E76B07E6D568
:101630002023F6E7BBF1080F5CD130211970290691
:1016400045BF06F10E0159700133023300210AAA89
:101650000EA81970012FA3EB02030B904FF010009E
:101660000693C5F34723C8BF054315F01002CDE923
:101670000C01CDE902638DF82710059244D0CDE925
:1016800000B123460DAA0CA90BA810F075FD037834
:101690002D2B834606D18DF827300D9B013B00F1A1
:1016A000010B0D93012F7CDD0D9C059BBC42B8BF47
:1016B0003C462BB19DF8273003B10134069B1C44F6
:1016C00025F00103A045079373DD15F00105A8EB94
:1016D00004046FD120230194009338492B462A46F5
:1016E0004846FFF7E1FE2C460646059B4FF0300AC0
:1016F000C3B938E0BBF1100FA8D11946302001F86A
:10170000020B06F1170086E70AABCDE900B30DAA7C
:1017100023460CA90BA810F02FFD8346C2E7002436
:10172000079526469DF827305BB100230122CDE9BD
:1017300000320DF127014846FFF7B6FE08F1FF38E9
:101740000644069B63B100230122CDE900320AA9B9
:10175000069A4846FFF7A8FE069B0644A8EB030836
:10176000012FD8BF4746CDE900A7079B0D9A5946E0
:101770004846FFF799FE06444CB12023009300230E
:101780000E4901941A464846FFF78EFE06440B9810
:101790000EAB984201D0FEF78FFD304613B0BDE886
:1017A000F08F059B002BBAD1059C0795264647462E
:1017B000D9E70024002698E74CEF050868AB050838
:1017C0002DE9F04307469007984658BFC2F38003BF
:1017D0008DB05ABF5B01DBB22B23154600930A463E
:1017E000159B149E212103A80AF036FCE905044646
:1017F0001FD52E2103A828F01BFCD0B9652103A812
:1018000028F016FCA8B96E2103A828F011FC80B9B5
:1018100004F130026A4404F131036B442E2102F8D2
:10182000241C0234302203F8242CA3186B4403F840
:10183000240C6A060ED504F13002631C0DEB020481
:10184000252204F8242C03F130026A44002102F816
:10185000241C1C46EB0603D59DF80C302F2B0DD90C
:1018600003A94FF00009CDE900862B4622463846F1
:10187000FFF71AFE48440DB0BDE8F08300230122B3
:1018800003A9CDE900323846FFF70EFE013E81463E
:10189000013C0DF10D01E6E72DE9F04F81468BB0DB
:1018A00014464FF000080B461A781D461AB1252A37
:1018B00003F10103F8D1A94208D26E1AD9F8043015
:1018C000D9F8000032469847B04429460B78002BDF
:1018D00000F0878120224B1C039200271E783EB126
:1018E0002D2E3ED037D8202E42D02B2E3DD0002694
:1018F0001A78A2F1300109291D4603F101033AD9F2
:101900002E2A4DD16A782A2A48D154F8042B023560
:1019100022EAE27B2B786C2B08BF013595F800A0FA
:10192000BAF1000F00F05D81BAF1780F09D8BAF171
:10193000570F38D8BAF1470F7ED8BAF1440F00F2EA
:101940003E81D9F80430D9F8000001222946984791
:1019500008F10108B9E0302EC9D147F0100703960D
:1019600001E047F001070133B8E747F00207FAE763
:1019700047F00407F7E70A2101FB0622A2F130062F
:10198000B6E70A2000FB021B0133ABF130021978E5
:10199000A1F1300009281D46F3D9B9E70022F6E786
:1019A0004FF0FF3BB6E7AAF15803202BC9D801A29C
:1019B00052F823F03F1A020843190208431902089B
:1019C000431902084319020843190208431902087F
:1019D000431902084319020843190208B11A020800
:1019E000DB1A02083F1A0208BF1B0208BF1B0208CD
:1019F000BF1B0208431902084319020843190208D1
:101A0000431902084319020843190208431902083E
:101A1000431902083F1A0208F11A02084319020882
:101A2000191B0208431902083F1A02084319020849
:101A3000431902083F1A0208BAF1500F81D154F835
:101A400004CB0AF0DF03502B624677D12AF00F0A4D
:101A5000AAF10F03002010218DF81700BCF1000F30
:101A60007ED130238DF827300DF1270A17F0100BA7
:101A70009DF8173000F09580002B00F09E80039BAE
:101A80000093012201923B460DF117014846FFF7F2
:101A90000BFD013E8346039B00930AAA01963B4639
:101AA000A2EB0A0251464846FFF7FEFC58440BE001
:101AB00054F8043B019653B1039B4C490093042214
:101AC0003B464846FFF7F0FC8044691CEBE6039B6D
:101AD000009347493B460522F3E754F8043B8DF851
:101AE0001830039B009301963B46012206A9E8E7C4
:101AF00006A954F8040BFFF7F3FABBF1FF3F0146C8
:101B000004D0069B9B4538BFCDF818B0039B0093CB
:101B1000069A01963B46D4E754F804AB504628F0A9
:101B200043FABBF1FF3F024602D0584528BF5A4650
:101B3000039B009301963B465146C2E7BAF1640FFE
:101B400006D0BAF1750F81D100200A21612383E705
:101B5000002A1CDA2D238DF8173052420A21512316
:101B60000DF1280A0A3B0DF1180EB2FBF1FC01FB46
:101B70001C2009288CBFC01830300AF8010DF2452E
:101B80003FF474AF91423FF671AF6246EDE7BB0799
:101B900005D4C7F3800040010A2151235CE72B20C4
:101BA000FAE7002B3FF477AF06AA92457FF673AFB2
:101BB0000AF8013C0AF1FF3A6DE79B466BE70734F0
:101BC00024F00704F4E8020134F0F2FBCDE9006BE5
:101BD00000EE100A039B3A4651464846FFF7F0FDD7
:101BE00072E740460BB0BDE8F08F00BF618E05087C
:101BF000668E05080EB403B503AA52F8041B0192C1
:101C0000FFF74AFE02B05DF804EB03B0704790F9AD
:101C100000200378002A0ADA03F07F0340221342EF
:101C200007D110F8012F02F0C001802905D0184615
:101C3000704723EA02035208F1E702F03F0242EA4A
:101C40008313EEE7431C18460133027802F0C0020A
:101C5000802AF8D070470023814201D81846704787
:101C600011F8012D02F0C002802A18BF0133F3E7FA
:101C700001440346002099421A4600D87047127862
:101C800002F0C002802A03F1010318BF0130F2E71D
:101C90007F289DBF024B185CC0F3400000207047B6
:101CA00083D805087F289DBF024B185CC0F3C00095
:101CB0000020704783D805087F289DBF024B185C21
:101CC000C0F380000020704783D805087F289DBF9F
:101CD000024B185CC0F380100020704783D80508C1
:101CE0007F2809D8064B1B5C03F00C0333B9A0F125
:101CF0005F035842584170470020704701207047E9
:101D000083D805087F289DBF024B185CC0F30010E4
:101D10000020704783D805087F289DBF024B185CC0
:101D2000C0F340100020704783D8050808B502466C
:101D3000FFF7E8FF02EB401008BD08B50246FFF7C9
:101D4000EBFF404220F01F00104408BD303820F067
:101D50002003073B092888BF1846704730B50A445E
:101D60000024E5258A4203D8B4FA84F0400906E04D
:101D70000B784CB103F0C003802B01D0002030BDA4
:101D8000013CE4B20131EDE758B9BF2B09D9F72B7B
:101D9000F4D8DB0803F0060345FA03F303F0030469
:101DA000F0E71B06EAD4EDE7023981420B4603D384
:101DB0001A880239002AF8D002331B1A58107047CB
:101DC000B2EB131F70B54FEA13141AD9121B01EBB3
:101DD000440103F00F0314460646012C0CBF0D8886
:101DE0000D68013C25FA03F526F8025B01F10201BA
:101DF000F3D100EB420030F8023C03B9013A10463F
:101E000070BD0022FBE7F0B5059C0025121B2E4695
:101E1000AC420FD101EB4403174600EB4404411AD6
:101E20009FB904EB420316B124F812600233181A6A
:101E30004010F0BD31F8157033F815C067443E44CA
:101E400020F81560360C0135E2E71D8835445D52F7
:101E50002E0C013F0233E3E7F0B4049E0025921BF1
:101E60002C46AE420BD101EB4605174600EB460669
:101E7000431A7FB906EB4201F0BCFFF795BF31F87A
:101E800015703C4433F81570E41B20F815402414F9
:101E90000135E6E729880C44EC52013F2414023551
:101EA000E7E72DE9F043079CDDF828E0DDE9087657
:101EB0000239154684464FF6FF78A4EB020955B95E
:101EC00000EB42011FB1012320F812300231BDE8BE
:101ED000F043FFF769BF31F8024F013D4444264407
:101EE00005EB0904A5422ABF33F8024B4FF6FF74F5
:101EF0004444744486EA040E17FA8EF72CF8027BE9
:101F00004FEA144E360C3F0CD9E738B50229044687
:101F1000806838BF02210D4618B12368B1EB930FDA
:101F200007D96900FEF7BBF92368A06065F39F033A
:101F3000236038BD38B504460C20FEF795F92368B8
:101F40002278054602F00102C3F39D0023F003034B
:101F500013432B6063686B604000FEF785F9A8604F
:101F60002268A168C2F39D02520027F095FF28461F
:101F700038BD994210B502D24FF0FF3010BD01D9E3
:101F80000120FBE700EB410002EB410209B90846E2
:101F9000F4E730F8023D32F8024D1B1BECD4EFD1D0
:101FA0000139F3E710B5044638B18068FEF784F9CB
:101FB0002046BDE81040FEF77FB910BD38B5054694
:101FC0000C460221FFF7A1FF211E2B78B4BF01228E
:101FD000002262F300032B704FF00003B8BF4942A8
:101FE0006B60D5E90132581C686022F81310090CA7
:101FF000F7D138BD0023C0E900338360704728B1B2
:1020000003789B0702D48068FEF756B9704738B54D
:1020100004460D464968FFF778FF2A782378A068C0
:1020200062F3000323706A686260A9685200BDE829
:10203000384027F031BF29B90378416061F30003CC
:1020400003707047FFF7BABF08B5FFF7D3FFBDE8CD
:102050000840FFF7F0BF920042F002020260002247
:10206000C0E901211946FFF7E6BFF8B59DF81870E1
:1020700014461D4604210646FFF747FF22462B461D
:1020800027B1002D0CDA624265EB4503317867F326
:10209000000131700021716052EA030102D1F8BDE4
:1020A0000027F3E7D6E901104C1C746020F81120DA
:1020B000120C42EA03421B0CEEE72DE9F3418DEDD1
:1020C000010A019D0378EA0F62F300030370C5F370
:1020D0000F4313F4FF4380460BD198F8003023F0F0
:1020E000010388F800300023C8F8043002B0BDE8CE
:1020F000F081B3F5FF4FF0D0C5F3C754B4F17F06BC
:10210000EBD405D1012102B0BDE8F041FFF756BF85
:10211000162EC5F31605A4F16F07D8BFC6F1170632
:1021200045F400054FEA2717D5BFF540963C002639
:102130000936D4BF344624113946C8BF06F00F060D
:10214000FFF7E3FEC8F804702CB1D8F8080062006D
:10215000002127F0EBFE4EB1D8F8083005FA06F260
:1021600023F81420C6F11006F5400134A742BDD073
:10217000D8F8083023F814502D0CF6E72DE9F84371
:10218000074601EB0208C2F35B020D46511C089E94
:102190001C46FFF7BAFE3A7864F300023A70002159
:1021A0002A461FFA86FC4245796002D3501BBDE8DF
:1021B000F8831078A0F13003092B05D9A0F1410371
:1021C000192B11D8A0F13703B342EFD2B86801320E
:1021D0000C4686467CB900EB410413B120F811305F
:1021E0000234241A6110DEE7A0F16103192BDDD857
:1021F000A0F15703E8E7BEF800900CFB09332EF876
:10220000023B013C1B0CE5E7F8B5044615461E46AB
:10221000C1B1531E1E444FF0FF37E9000F310909C9
:102220002046FFF772FE2378002123F0010323707C
:1022300061600B4645B9A06800EB4101FFF7B4FDB2
:102240006060F8BD0127E8E700220F2B09DC307839
:10225000013D00FA03F042EA000203F108033E44A4
:10226000F3D1A06801F1010CC4F804C0103B20F8C0
:1022700011206146DEE738B505780B7805F00102DC
:1022800003F001030446981A08D1D1E90132D4E9D8
:102290000110FFF76EFEEB0748BF404238BD884291
:1022A00010B5044601D0FFF7B2FE237823F00103F6
:1022B000237010BD884210B5044601D0FFF7A7FE79
:1022C00063683BB12378C3F3000282F0010262F33A
:1022D0000003237010BD88421FB5044601D0FFF7EC
:1022E00096FE626862B901212046FFF70EFEA268E1
:1022F000012313806360237843F00103237010E00F
:102300002378D9070FD523F001032370012300930D
:10231000A168ADF80E3008460DF10E03FFF79CFDE5
:10232000606004B010BD511C2046FFF7EEFD012394
:102330000093D4E90121ADF80E3008460DF10E03EB
:10234000FFF761FD6060D6E74B682DE9F047044672
:102350000D46164603B12AB929462046BDE8F04786
:10236000FFF755BE02F10F014FEA111803EB1111EF
:10237000FFF7CBFDD5E9010316F00F02A1686FF05E
:10238000004E08EB000606EB0E0C864403EB4E03F2
:1023900008BF10224FEA4C0701EB4C0C02330146F8
:1023A000E1464FF0000EC2F11002F9B96FF00103DF
:1023B0005843C8F101080CEB00032EFA02FE4FEA65
:1023C00048022CF800E0524203EB480027F0AEFD33
:1023D0000237C31916B133F8022D9AB166602A7814
:1023E000237862F300032370BDE8F08733F802AD71
:1023F0004AEA0E0E2EFA02FA29F802A94FEA0E4E08
:102400000139D2E7013EE5E72DE9FF410D46496874
:102410000646144601B132B92946304604B0BDE83B
:10242000F041FFF7F4BDFFF770FDB768D5F80880FD
:102430006A68234641463846FFF7C2FC7060297837
:10244000337861F300033370DB0702460BD50023BA
:102450006968ADF80E304FEA141C994201D063450B
:1024600004D161450AD804B0BDE8F08138F8130002
:1024700098B101236145ADF80E3012D904F00F0474
:10248000012338F81C1003FA04F4013C214206D160
:10249000BDF80E30002BE6D003E00133DDE7ADF8E8
:1024A0000E30012312B93B807360DCE7009339469C
:1024B0000DF10E033846FFF7A6FC7060D3E72DE957
:1024C000F3414E6857680C4690463B463146926849
:1024D0000546A068FFF74DFD013017BF3746464659
:1024E00026464446337822785340DB0719D4791CBA
:1024F0002846FFF70AFD63680093D6E90121A36827
:10250000A868FFF780FC686033782A7800280CBF41
:10251000002303F0010363F300022A7002B0BDE858
:10252000F08139462846FFF7F0FC63680093D6E94E
:102530000121A368A868FFF78FFCE4E72DE9F341C8
:102540000F464E68D2F804801446434631469268DE
:102550000546B868FFF70DFD01301EBF23463C4617
:102560001F4623783A7883EA020316BFB046012655
:102570000026DB0719D508F101012846FFF7C5FC45
:102580007B680093D4E90121BB68A868FFF73BFC96
:10259000686018B1207800F0010070402B7860F37B
:1025A00000032B7002B0BDE8F08141462846FFF7DA
:1025B000ACFC7B680093D4E90121BB68A868FFF7F5
:1025C0004BFCE5E72DE9F04F53680C46496899420A
:1025D0002EBF264616461946337828BF1446DB0719
:1025E00085B0054622D4237813F001071ED1FFF7EA
:1025F0008CFCD4E9011CA868B6683B4699420CD112
:1026000000EB4101FFF7D0FB002368602A7863F3F9
:1026100000022A7005B0BDE8F08F36F813203CF8B0
:102620001340224020F813200133E7E70131284608
:10263000FFF76BFC37782378D6F804C0A868A26847
:1026400087EA0301C94301F0010E41F3000189B299
:10265000029147F300010191B168A1F1020961689B
:1026600003F0010A43F300039BB2A1EB0C0107F056
:10267000010800936746834603918FB900EB4C0134
:10268000BEF1000F03D0012320F81C300231FFF708
:102690008BFB686022783378C2F300021340B5E701
:1026A00039F8021F019B5940039B013F18FA81F83A
:1026B000D919B9429BBF32F8021B009B00995940BF
:1026C0008A44029B08EA0A0159401EFA81F12BF85C
:1026D000021B4FEA1A4A4FEA18484FEA114ECCE75C
:1026E0002DE9F84F53680D46496899422EBF2E4692
:1026F00016461946337828BF1546DB07044631D401
:102700002A7812F001072DD1FFF7FFFBD5E9013E32
:102710007568D4F808C0B168ED1A3A46934213D1EF
:102720000CEB43002A4601EB4303ACEB0101A2B9D9
:1027300000EB4500A0EB0C0040102378606062F3D2
:1027400000032370BDE8F88F31F812003EF81260E4
:1027500030432CF812000132E0E71E885E52013A45
:102760000233E4E701312046FFF7CFFB2B783778BF
:102770007168A068D5E901E2B56803F0010943F387
:10278000000307F001089BB247F30007A5F1020C14
:102790000E4683464FF0010AAEEB010E2EB900EB58
:1027A0004101FFF701FB0122C7E73CF8025F013E50
:1027B0007D4018FA85F80EEB0605AE422ABF32F8C6
:1027C000025B1D465D40A94448EA0905ED431AFA3B
:1027D00085F52BF8025B4FEA19494FEA18484FEA92
:1027E000154ADBE7F0B553680D46496899422BBF9F
:1027F0002F461746154619463C782B785C4014F056
:10280000010485B0064636D1FFF77FFBD5E9013CD0
:102810003D78B06815F00105D7E9012123D1D21A1E
:102820002C469C4211D101EB440500EB4403411AB4
:1028300014469CB903EB4201FFF7B6FA3378706097
:1028400064F30003337005B0F0BD31F814503CF868
:1028500014707D4020F814500134E2E72F886F5245
:10286000013C0235E5E7CDE90244CDE90034634699
:10287000FFF717FBE2E70131FFF747FB2B78DB435C
:1028800003F0010303933B78DB4303F001030124CE
:10289000029301946B680093D7E90121AB68B0689B
:1028A000E6E72DE9F04F4B6885B006460D46144625
:1028B0000BB1536843B9337823F00103337000231D
:1028C000736005B0BDE8F08F81422DD1FFF732FB78
:1028D000B442054607462ED06368696830461944FD
:1028E000FFF713FB3268B068C2F39D02520000216B
:1028F00027F01CFBAB68D6F808E0D5F804900193EC
:10290000A36802930022636803930EEB4908F44620
:102910001146039B934233D0DDF804B0CDF800900C
:10292000ACF1020000231AE0824206D1FFF702FB5D
:1029300004460746D0E70446CEE70027CCE730F848
:1029400002AF03EB0A01029B3BF802AB33F81230F3
:1029500003FB0A130099038001391B0C00910099B5
:102960000029ECD14146881C13B1A8F8003001467B
:10297000A1EB0E0149100CF1020C01328046C8E7B0
:10298000716022782B7853403278384663F3000226
:10299000327005B0BDE8F04FFFF704BB4B6870B56F
:1029A0000546144613B11378DA0706D52B7823F0C1
:1029B00001032B7000236B6070BD636823B9BDE811
:1029C00070400121FFF7FABA0846FFF7B3FA06464E
:1029D0002046FFF7AFFA012104462846FFF7EEFA3A
:1029E000636883B1A3681B88DB0704D53246294698
:1029F0002846FFF756FFD4E9012101230846FFF7D7
:102A0000DFF9606038B93046FFF7CCFA2046BDE800
:102A10007040FFF7C7BA324631463046FFF741FFF4
:102A2000DEE72DE9F04F0C4651688FB001310546C5
:102A300001920393FFF769FA019BA8685A68013273
:102A40005200002127F072FA2B7823F001032B703B
:102A50004FF0000A019BC5F804A0596820460131D7
:102A6000FFF753FA01992046FFF7D1FA039BA668B6
:102A7000D4F80480D3E9013B0093AB6804935A4631
:102A8000009B41463046FFF774FA002833D1049A80
:102A90006060012313806B6023786268002A0CBF9A
:102AA000002103F0010161F3000323700399019BEE
:102AB00009781B784B40DB0740F100816B6829786F
:102AC000003B18BF012363F300012970002A00F0C6
:102AD000F5800BA84FF0FF31FFF7B6FA0BAA294695
:102AE0002846FFF7ECFC039A214620460FB0BDE8CC
:102AF000F04FFFF7E4BC013002D1C5F804A0CBE7EA
:102B0000009B03F10047013F4FEA47093BF81730AC
:102B10001A045CD506EB4800831C02931FFA8AF363
:102B20004FF0000C08F10102C3F1100126F818C0A3
:102B3000B6466260059102998E454CD33BF817105A
:102B400001FA03FA0099012908D90BEB0901C3F135
:102B5000100731F8021CF9404AEA010A0099521A9A
:102B60006A60049902F10042013A01EB42020792C5
:102B700009F102020992626805920599009A8A4257
:102B800035D301F1004B0BF1FF3B06EB4B0B002261
:102B9000C3F110005E4540F284806B6843B103F1DD
:102BA00000420499013A31F81220002A00F0838093
:102BB0006368002B3FF470AF03F10042013A36F82E
:102BC0001220002A7FF468AF013B6360F0E70AF14E
:102BD000010A5B009CE7BEF800A005990AFA03F819
:102BE0004CEA08082EF8028B2AFA01FCA3E70188B8
:102BF00030F8022C42EA0142B2FBFAF20292099A40
:102C0000821A06920027ABF10202DDF818C0089282
:102C1000B84660450DD801880F44002F39D1079A76
:102C2000029922F802190792059A013A0238626065
:102C3000A1E7089ABCF8009032F8021F0892994068
:102C4000029A41EA18481FFA88F1514319FA87F9A4
:102C50001FFA81FE090CA9EB0E0EC1EB27412CF8DF
:102C600002EB01EB2E47D4E739F8021F994041EA05
:102C70001848BEF80010614411FA88F12EF8021BC2
:102C80004FEA114C7045EFD8029A013A674402921C
:102C9000C3E74FF0000CDDF818E0ABF10209E046A5
:102CA000F0E7BBF8001041FA03F73A432BF802298A
:102CB00001FA00F26EE7013B6B606EE70FB0BDE812
:102CC000F08FF0B51F4613780D46D90785B004463E
:102CD000164606D47B68012B0BD1BB681B88012BE1
:102CE00007D1237823F0010323700023636005B02C
:102CF000F0BD01212046FFF761F9736853B93B78B5
:102D0000DA07F4D53A462146204605B0BDE8F04042
:102D1000FFF7D5BB6B68002BE3D02846FFF70AF915
:102D200005463046FFF706F90023CDE90133064694
:102D3000039373685BB901A8FFF761F92846FFF7B1
:102D400031F9304605B0BDE8F040FFF72BB9B36864
:102D50001B88DB070AD52A4621462046FFF7A1FD3E
:102D60003B462246214601A8FFF75BFED6E901213A
:102D700001230846FFF724F870600028DBD02A46BC
:102D800029462846FFF78DFD3B462A46294601A8DD
:102D9000FFF747FECDE710B5D0E90121002301EB95
:102DA0004202914205D30278D20748BF5B421846DF
:102DB00010BD32F8024D44EA0343F2E730B5D0E9E2
:102DC0000124002304EB4202944206D30278D20786
:102DD00048BF5B420B60012030BDB3F5004F04D209
:102DE00032F8025D45EA0343EEE70020F4E72DE9FF
:102DF000F74FDDF830A001928846B1B10AEB030528
:102E0000D0E901240178A4F1020E41F3000100246D
:102E1000C9B24FF001092746264642B9D3BB019BF0
:102E200093BB012003B0BDE8F08F5546E8E73EF8BC
:102E300002CF10364CEA0747072E01DC013AECE7D7
:102E4000BCB26FEA040C90F800B059FA8CFC1BF08D
:102E5000010B1FFA8CFC18BF64464FEA142C18BFF4
:102E6000E1465FFA84FC23B961451CD1083E3F0A64
:102E7000E2E7B8F1000F04D005F801CC013D013BB9
:102E8000F4E705F801CBFAE74C4084F08004C4F382
:102E9000C010C7E71A46B8F1000F0CBF28465046CD
:102EA00027F044F8BDE71846BCE70000D0E901323E
:102EB0009FED0C0A9FED0C7A02EB43039A4205D377
:102EC0000378DB0748BFB1EE400A704733F8021DB4
:102ED00007EE901AF8EEE77AE0EE077AB0EE670AAE
:102EE000ECE700BF00000000000080472DE9F74F2D
:102EF00044689DF830A00D9D0A29804689461646F3
:102F000014BF4FF0040B4FF0030B9CB982B1561E57
:102F10002B4616F8012F42B930221A70002203F80E
:102F2000012F581B03B0BDE8F08F03F8012BF0E729
:102F30002B46F1E760000193FDF796F96200D8F89F
:102F40000810074626F0A8FF019B07EB440C284613
:102F50002A463A3BACF102040021A7422AD930317B
:102F6000CC18392988BF2146144604F8011B39467C
:102F70008C458E4629D83846FDF79EF95EB130461D
:102F800027F012F83218611E1346B3422FD896422A
:102F900088BF0020044498F80030DB0744BF2D238D
:102FA00004F8013B2B46621E9A4225D80023237069
:102FB000601BB7E7B4F800E04EEA0141B1FBF9FE4F
:102FC00024F802E909FB1E11C7E7BEF800E0023150
:102FD000BEF1000FCCD0BAF1000F06D0211A59452E
:102FE00002BF941C82F801A020462246B2E713F8E3
:102FF000017D01F8017FC8E71978107803F8010B0B
:1030000002F80119D0E7D0E9023293423DBF5A1CC1
:10301000826018784FF0FF3070470368013B03333C
:1030200010B5044602D84068FDF746F92046BDE8D1
:103030001040FDF741B90000F8B5054610200C46D8
:103040001F461646FDF710F9054B8460C0E9007471
:103050003444C4606B60034B2860AB60F8BD00BFB4
:10306000073002081B30020802690A2AF8B5044634
:1030700023D18369013383610123E361237D2361CC
:10308000637D237500260A27256EF5B16B1CA26DA2
:103090002366555D626D934201D366652666237D86
:1030A0000D2B02D10A2D2775EED025B9237D13B142
:1030B0000A2B18BF0A256575F8BDC369092A04BF24
:1030C000073323F007030133D7E7D4E90103984717
:1030D000431CE4D0012838BF01200546DFE700008B
:1030E0000169272902D10123184670472229FAD005
:1030F000A1F16202132A01D90023F5E70F4B134116
:1031000013F00103F8D1027D272AECD0222AEAD05D
:10311000722909D1662A0BD1437D272BE3D0A3F175
:10312000220253425341DFE7662904D1722A00E0AC
:10313000622AD9D1F0E76229F8D0D5E7EEFFF6FF91
:1031400038B504460D46206908B905461BE00A2833
:1031500006D10DB1636AB3B12046FFF785FFF2E7F0
:10316000FEF796FD0028F7D12369232B08D12046CE
:10317000FFF77AFF2369002BE5D00A2BF7D1E2E7AE
:103180005C2B02D00025284638BD237D0A2BF9D1BF
:103190002046FFF769FFDFE72DE9F04F00230446E3
:1031A00085B001214364FFF7CBFF266AA3696363FF
:1031B000002EE369A36307DA072384F83C30013665
:1031C000266205B0BDE8F08F04D0062384F83C30B9
:1031D000013EF5E7002835D031462046FFF7B0FF25
:1031E000052384F83C30D4E90B3003F10042013A66
:1031F000E56930F81220013D9542E2D009D8013B43
:1032000030F81320954218D3DBD0022384F83C30E9
:10321000D7E7A16A8B4207D308314900FDF73FF891
:10322000A36A20630833A362E36A5A1CE26220F8AF
:103230001350236A01332362C3E7226AE362013A2F
:103240002262DCE7256915B984F83C50B9E72046CD
:10325000FFF746FF8046002800F0148284F83C60A7
:103260002369722B4AD008D8622B0CD0662B4FD022
:10327000B14600252F460B230EE0753BD3F1000924
:1032800049EB0309F5E7237D722B4FF0000546D08B
:103290002F464FF001090C2394F83C20002A47D117
:1032A00084F83C30B9F1000F08D02046FFF7DCFE6F
:1032B000B9F1020F02D12046FFF7D6FE236920465E
:1032C000222B0CBF4FF022094FF02709FFF7CCFE4D
:1032D00023694B4502D1237D4B4560D04FF0010A55
:1032E00035B1A36E23B9AB4904F16400FEF788F849
:1032F00004F140034FF0000B0093EFE0237D622BBD
:103300000CD0662B0FD0002547464FF00109B2E7DD
:10331000237D722B454607D00027F6E70025474658
:103320004FF00209B7E7454647464FF00209A2E7CA
:103330009A42B7D0A36E002B3FF443AF292104F18A
:103340006400FEF71BF8236E04F15006002B40F0DA
:10335000968103213046FDF7F7FF23690370237D33
:103360004370637D8370D4E91A57216E2A46304634
:10337000FEF753F82A46394626F08EFD0023A36651
:10338000236EA26D581C2066D15C2161991C2166B8
:10339000105C207503332366535C637511E7204688
:1033A000FFF762FE2046FFF75FFE4FF0030A97E744
:1033B000894509D1009849460BF1010BFDF7E5FF5E
:1033C0002046FFF751FE89E0002D6DD15C2940F0C9
:1033D0004D812046FFF748FE236967B9782B0AD84C
:1033E0005B2B00F29880222B00F0CC8000F2C4808E
:1033F0000A2B00F0BE80009801935C21FDF7C5FF09
:10340000DDF804B002E104F1640B28215846FDF711
:10341000B5FFA36E0022216981B17ABB3A290DD094
:103420007D290BD0212929D1207D7238C0B20128F5
:1034300029D8607D3A2801D07D2824D1D4E91A21E9
:10344000881810F8010C3D2809D1D21A19440198A6
:103450000293FDF703FFA26E029B013AA26693421C
:1034600008BF0423584608BF84F83C302921FDF7E3
:1034700085FF2C215846FDF781FF29E021F020002F
:103480005B280CD10132C9B25846CDE90232FDF7B2
:1034900075FF2046FFF7E8FDDDE90232BBE75D2856
:1034A00008BF02F1FF32EEE77B298FD1204602915F
:1034B000FFF7DAFD04F14003019323697B2BA2D1CE
:1034C00004F140000299FDF759FF2046FFF7CCFDBB
:1034D00001987B21FDF752FF4FF0000B2169002975
:1034E00000F0C780BAF1010F02D10A2900F0C180B3
:1034F000D345FFF45DAF594604F14000FDF7A5FF49
:1035000001212046FFF71CFE2046FFF7E9FD0028B9
:103510007FF4A6AE0EE7A3F15C021C2A7ED8DFE89A
:1035200012F031007D007D007D007D0096003D00A1
:103530007D007D007D0049007D007D007D007D00D7
:103540007D007D007D0043007D007D007D001D002D
:103550007D0040004C0046007D00C6014FF00D0B81
:1035600094F83C300B2B75D1594604F14000FDF71F
:103570000CFF4FF0000B23E7552B1ED03FF63BAF5F
:10358000272B01D19B46EBE74E2B47D102480AF08F
:1035900013FE00BFB18E0508BA8E05084FF0080B68
:1035A000DEE74FF0090BDBE74FF00A0BD8E74FF0EF
:1035B0000B0BD5E74FF00C0BD2E794F83C200C2A0C
:1035C00007D15C2104F140000193FDF7DEFE019B71
:1035D000D8E7752B14BF082304234FF0000B2046B7
:1035E0000193FFF741FD226902921046FEF76EFB40
:1035F000002800F05781019B0298013B0193FEF7E0
:10360000A5FB019B00EB0B1B002BE8D1BBF5881F32
:10361000A6D34FF0010384F83C30AAE7A3F1300BA6
:10362000BBF1070F3FF6E7AE032308E02046019306
:10363000FFF71AFD2269019B303A02EBCB0B227D8A
:10364000303AD2B2072AE1D8013BEFD1DEE74FF0A2
:10365000070B85E7BBF1FF0FDBD80C2BD9D15FFA45
:103660008BF104F14000FDF789FE82E70098C9B2B2
:10367000F9E7D3453CBF032384F83C303BE7033BE9
:10368000236670E62846FEF70DFB054600283FD16D
:1036900020695F283CD07F283AD8FEF70DFB48B957
:1036A00023692E2B40F09980207DFEF705FB002832
:1036B00000F0938021692E2966D10A2384F83C30DA
:1036C00004F140063046FDF760FE2046FFF7CCFCD3
:1036D0000A27206900283FF474AD002D66D120F040
:1036E0002003452B62D16521304684F83C70FDF7FC
:1036F0004CFE2046FFF7B8FC21692B2901D02D296B
:10370000E7D13046FDF741FE2046FFF7ADFCE0E78C
:10371000082384F83C3004F14005217C2846FDF75D
:103720002DFE2046FFF7A0FC206960B1FEF7BAFA33
:103730000028F2D120695F28EFD07F28EDD8FEF76E
:10374000BBFA0028E9D12846FDF709FE594E074685
:1037500000253168384626F035FC00280CD10E359E
:10376000EDB2112D7FF470AD534BD3F80032002B26
:1037700014BF0E23102349E5FFF623AD0135242D98
:1037800006F10406E5D11CE50923302984F83C3014
:1037900096D1237D494A43F02003623BDBB2DA40F5
:1037A00002F00102162B98BF154689E7FEF77AFA58
:1037B00030B92069FEF780FA10B923692E2B09D1A0
:1037C00021692E2903D021F020034A2B99D184F8B6
:1037D0003C7096E75F2B97D0F3E4394D00262F78A5
:1037E00017B12369BB4205D12046FFF73DFC4FB915
:1037F00001230BE5652F01D0632F00D10135013680
:103800000135ECE7212F07D123693D2BF0D120466C
:10381000FFF72AFC3923F9E42E2F0FD123692E2B31
:1038200002D1237D2E2B01D05C23EFE42046FFF74D
:103830001BFC2046FFF718FC0D23E7E40335334655
:1038400015F8027C632F01D0652F10D115F8012CDB
:103850002169914206F1010607D12046FFF704FCD9
:10386000652F05D033460235EAE7632FFBD11E46AC
:10387000144B9B5D84F83C30543BDBB2052B3FF688
:10388000A0AC012202FA03F313F02A0F07D113F0C0
:10389000150F3FF496AC636A1344636291E4636A64
:1038A000013BFAE7012384F83C30834658E60223C3
:1038B00093E600BF04D905087804002001204000E9
:1038C0006C8E050894D9050830B585B0054601A869
:1038D00080E80E007420FCF7C7FC01AA04460346EA
:1038E00007CA43F8045B83E8070001236FF0010275
:1038F0000025C4E906320A22C4E90A23C4E90855AE
:103900001420FCF7B1FC2021206304F14000FDF7F6
:10391000B7FC294604F15000FDF7B2FC294604F13A
:1039200064002566FDF7ACFC236B20461D802561F5
:10393000A582FFF799FB2046FFF796FB2046FFF78D
:1039400093FB2046FFF728FCA36B012B06D094F8CD
:103950003C30052B1CBF062384F83C30204605B0C4
:1039600030BD1FB5044601A8FFF766FB01AB0ECBC7
:103970002046FFF7A9FF04B010BD1FB5044601465D
:1039800001A820F019FF01AB0ECB2046FFF79CFFEA
:1039900004B010BD10B50446B0B1C3684068984784
:1039A00004F14000FDF796FC04F15000FDF792FC95
:1039B00004F16400FDF78EFC206BFCF77DFC2046D3
:1039C000BDE81040FCF778BC10BDD0E90432013BE3
:1039D000036152F823007047036942695B1A013B97
:1039E00052F823007047F8B5446A06460D46B4B154
:1039F000D4E900030B44834222D908310022014458
:103A00002046FCF757FC0246B8B9616820460831E9
:103A1000FCF750FC63682360336A63603462802D76
:103A20002F4638BF802707F10800FCF71DFC002354
:103A3000076043600446706202E023682B44236001
:103A400060680544656008342044F8BD38B50D460B
:103A50000C211446FFF7C7FF4FF49D73C0E90134F2
:103A6000056038BD38B50D46D0E903138B420446D6
:103A700008D3103140698900FCF711FCE3686061EC
:103A80001033E360D4E90432591C216142F8235019
:103A900038BDF8B50E461D46D0E900138B420446EA
:103AA000174608D31031C9008068FCF7F8FB21687D
:103AB000A06010312160D4E901104B1C636050F804
:103AC000312066F3170240F8312000EBC103DF70AC
:103AD0005D60F8BD10B48469CAB20023616B10BC8C
:103AE000FFF7D7BFC20704D540F0010008600120EE
:103AF000704708B9002070478307FBD103793A2B40
:103B0000F8D183680B6013F00100F0D19A0707D158
:103B10001868044B9842EAD0034BC31A58425841E4
:103B2000704700BF4CEF0508ECEC0508C20701D553
:103B30000120704783070ED000F00F03062BF7D04B
:103B40000A2B01D00020704700090D3803288CBFD4
:103B50000020012070470028F4D003793A2BE7D0E9
:103B60002D2BEFD18068B0FA80F04009704700003B
:103B7000C20702D540F00100704783070FD0030948
:103B800000F00F00062803D1D80040F00200704773
:103B90000E3B022B0BD8074A52F82300704708B996
:103BA0000548704703793A2BFAD18068704703487B
:103BB000704700BFC0D9050858FA050824F6050863
:103BC00038B505460C46FFF7B1FF38B12846FFF778
:103BD000CFFF0BF01DFB031B5842584138BD0000BE
:103BE000F0B593B0044668460E4617461D46FCF7EE
:103BF000FBFA10B1002013B0F0BD3A463146204622
:103C00000AF0E6F80446FCF7C5FAA30703D12268D8
:103C1000024B9A42EED02C600120ECE758E60508F2
:103C20002DE9F0410E4605461446114689B9204655
:103C300013F028F8074600F10808A4B93A463146BF
:103C40002846FFF703FF01462846FFF70BFF012038
:103C500007E001392846FFF7BFFEFFF767FF00289E
:103C6000E4D1BDE8F0812846FFF7AFFE0146FFF73B
:103C70007FFF013C48F824000029DED08B07DCD10F
:103C80006A6A02F108039942D7D350680344994203
:103C9000D3D24B681B0A0233A0EB83005060CCE701
:103CA000F7B58669054696F83C00A0F108030F4673
:103CB000042B55D8DFE803F003232E3B4F00D6E951
:103CC0001110FDF743F9902F044614D1C1000022D2
:103CD00041F0020105F128000AF030FE58B14268B7
:103CE000D1071FD542F001000146284603B0BDE8C8
:103CF000F040FFF7B7BE200140F00200F4E7334682
:103D0000D6E91110002208F0EBFBC30709D540F0FB
:103D10000100E9E70096D6E911100023012208F01E
:103D20001FFD0246716B2846FFF790FEDCE7D6E9DF
:103D300011100A2906D8FDF709F930B1000140F049
:103D40000600D1E7FDF7B6F8F7E7D6E911210648F6
:103D500010F0D6FFE5E7D6E9111011F041F8E0E7E1
:103D6000000140F00A00BFE74CF9050808B5FFF76D
:103D7000B9FE08B9002008BD0B68D90707D49A0717
:103D8000F8D11868034BC31A58425841F3E7012091
:103D9000F1E700BF4CEF05080021FFF711BF01213B
:103DA000FFF70EBF2DE9F04F2D2A85B00446884657
:103DB00016461D461DD10021FFF70EFE20B18107DA
:103DC00034D10379922B31D1A6F12303DFB2092F2D
:103DD00000F20282092B00F2F281DFE813F0F70013
:103DE000F700F7002901290129014E01F700F00130
:103DF000AC01922A1DD10021FFF7EEFD07460028F5
:103E0000E2D08207E0D14168CBB2952B04D12046A5
:103E1000FFF7DBFD013DD7E7962BD5D121F0FF0160
:103E2000204641F09201FFF7D0FD796005B0BDE872
:103E3000F08F962A13D1D0E9012303EBC203013599
:103E400013F8153C2D2B40F05F812A46FFF7E8FE62
:103E5000002800F059816368023B6360E6E7A2F145
:103E60001E03012B40F28480202A00F09580052A51
:103E7000AAD10021FFF7B0FD0746002800F04481D9
:103E800010F0030905D1436803F0FE03562B00F040
:103E90003B8101212046FFF79FFD00F00F03022B1D
:103EA000014640F03181B9F1000F06D13B795B2B1F
:103EB00006D1FF68002F00F02781B80740F0248169
:103EC0003B792C2B40F02081BB6803F00F02022AC3
:103ED00040F01A811B09482B40F01681FB68002B2B
:103EE00000F0128113F0030940F00E811A79302A94
:103EF00040F00A81D3F808A05046FFF717FE83462A
:103F0000002840F0DC80AF49AF480DF0EBF8A16924
:103F10003A68096805465B460DF0C6F92846FCF785
:103F20007BF9A946AA460AF1FF3A51462046FFF717
:103F300053FD23696269A3EB0903834642F823001A
:103F4000BAF1000F17D01E2E0BD1FFF728FF90B942
:103F50005846FFF721FF002818BF4F46B946013FDA
:103F6000E1E7FFF719FF30B95846FFF718FFF2E70E
:103F70006F1E002DD5D10021B94208D16D1A012D37
:103F80003FF454AF362E00F03181332E2DE1204620
:103F9000FFF71BFD0131EFE70021FFF71DFD07468D
:103FA000FFF7FAFE78B93846FFF7F9FE002800F06F
:103FB000AB80EA212046FFF708FD204605B0BDE8AA
:103FC000F04FFFF74FBD4FF48571F3E7691E2046B0
:103FD000FFF702FD01A9FFF785FD002800F094809E
:103FE000022F9ABFA6F10D095FFA89F94FF0220955
:103FF000AF1E002F09DA002D40F0D680019AD307BA
:1040000040F1D78042F00101D7E739462046FFF75B
:10401000E3FC02A9FFF766FD002875D0DDE9011277
:1040200001AB4846FFF7DCFD00286DD0013FE0E71B
:10403000691E2046FFF7D0FC01A9FFF753FD0028B9
:1040400062D0AF1E002FD6DD791E2046FFF7C4FCDC
:1040500002A9FFF747FD002856D039462046FFF752
:10406000BBFC00092438DDE9011201ABC0B2FFF747
:10407000B7FD002848D0023FE4E700212046FFF7C3
:10408000ABFC01A9FFF72EFD00283DD00121204601
:10409000FFF7A2FCC0F30710332801990CD1CB071E
:1040A00005D48F0730D10A68484B9A422CD10220A0
:1040B00009F0E4F801909EE73F38C0B2F8E75046B7
:1040C000FFF756FD0F09F9008346012241F0020176
:1040D00004F128000AF032FCC0F804B03846FCF7BE
:1040E000F4FF03785F2B204608D1FFF76EFC2046D3
:1040F000FFF76BFC4D46C846082665E6FFF765FCF2
:1041000051462046FFF7AEFCA91C89002046FFF768
:104110006AFC46EA05230746C0F80080436000F1C8
:104120000801002D6BD1962E03D139462046FFF7AA
:1041300099FC394641E701212046FFF74DFC00F08C
:104140000F03022B0746DFD100212046FFF744FC76
:104150000028D9D010F00302D6D10379322BD3D165
:104160003909C900D0F80890194841F002010AF055
:10417000E5FB0028C8D0406802AA4FEA191108F0F0
:10418000BFFF029B002BBFD0D90708D49A07BBD131
:104190001A680E498A4202D00E498A42B4D1039A63
:1041A000002AB1D1019326E72046FFF70EFC013D1E
:1041B00021E729462046FFF749FC0146FDE62B266C
:1041C000A2E700BF4D8F050898E905084CEF0508E8
:1041D000CCD90508ECEC0508922E17D1D4E90123BF
:1041E00003EBC20313F8053C2D2B8DD12A46414623
:1041F0002046FFF715FD00287FF418AE84E720461F
:10420000FFF7E3FB013D41F825008AE7062EEDD0DC
:10421000B8E600BF0346006830B560B1840702D03D
:104220000120136030BD4468E5B28D42F8D100F141
:104230000803200AF5E70346F3E700002DE9F04FF5
:10424000AC4B97B0CDE9073102900E4605A8AA49BC
:1042500001920024FBF7A6FF40234FF40070CDE944
:104260000934FCF701F820230B908020CDE90C34B1
:10427000FBF7FAFF2146CDE90E0613A8CDE911445C
:104280000AF026FB019B002B51D0022B0CBF3F22D2
:104290002246716B994F002309A8FFF7FAFB4FF0F4
:1042A000000B0A9C002C00F07781013C0B9B944D85
:1042B0000A9403EBC40253F8343092F80380526836
:1042C000C3F3170A8F4B13F8083000938E4B13F883
:1042D0000830B8F1630F88BF43F4807305EB4305E2
:1042E000009B03F00F0903F03003102B21D0202B8B
:1042F00050D0BBF1000F00F02581B9F1020F40F062
:104300001481012A43D04FF0000B0099C90702F134
:10431000FF3305D569883940B1F5805F08BF530880
:10432000012B40F00081BBF1000FBAD0FBE03D2231
:10433000AFE712B1BBF1000FB3D005EB420524E0AB
:104340002B8803EA0701B1F5805F0FD196F83C1086
:10435000C3F30B03994216D109A84146FFF7A0FC0D
:104360003046FEF719FF4FF0000B9AE7531C4B4500
:1043700004D24246514609A8FFF78BFB298809A8B9
:10438000FFF7A8FBEFE7023501329145D8D84FF08F
:10439000010B86E7BBF1000F0ED002F10043013B99
:1043A00035F813303B40B3F5405F08D1002109A830
:1043B0000392FFF757FB039A05EB420B30E0012A0B
:1043C0007FF66FAF96F83C30062B40F013814F49D3
:1043D0004F480CF087FE726B3168044600230CF0E6
:1043E00063FF2046FBF718FFBBF8003003EA070124
:1043F000B1F5805F32D196F83C10DBB299422AD1F8
:1044000008290BF1020B05D1414609A80392FFF7D9
:1044100047FC039A03923046FEF7BEFE039A013230
:104420009145E1D8019B8BB1B8F1050F0ED1002168
:1044300009A8FFF7D1FA48B9012109A8FFF7CCFA7A
:10444000820714D000F00F00022815D1002405EBDC
:104450004909A3462DE0002A99D0B3E7531C5146E1
:10446000424609A8FFF715FBBBF8001087E70028B4
:10447000ECD003793A2BE9D109A8FFF7A6FA09A8ED
:10448000FFF7A3FA00230822514609A8FFF78AFC88
:1044900069E739F8023D03EA0702B2F5805F13D1FC
:1044A000DBB2082B04F101020BF1010304BF144637
:1044B0009B464D45EDD1BBF1010F2BD1009B5B0617
:1044C00028D5002529460EE0214609A8FFF784FAE1
:1044D00008B10BF1010B0134EBE7FFF776FA013578
:1044E000002818BF0146A54209A8F6D1FFF7BAFA7D
:1044F00039E700BF9539020803D0020800F0FFFF3A
:10450000B8DA050840DE050808DA0508598F0508FD
:1045100074E90508009B1D0604D5002109A8FFF7D2
:10452000A1FA013423464246AEE7012A3FF42FAFF9
:10453000D0077FF5E8AEB9F1030F7FF443AF4FF03A
:10454000010BE2E609EA020303F0010335F8134028
:1045500004EA0701B1F5805F13D196F83C10C4F36B
:104560000B04A14202F1010409D11BB9414609A87B
:10457000FFF796FB3046FEF70FFE2246E2E72246A3
:10458000BBE6531C514609A84246FFF782FA214672
:1045900009A8FFF79FFA84E613A80AF0ADF912986C
:1045A00050B1416822460831FBF784FE129B5A68DD
:1045B0001A60119A5A60119396F83C30002B7FF4E0
:1045C00001AF0D9B002B3FF4FDAE0E9B0B981B68BB
:1045D0001093FBF771FE0E98FBF76EFE0120FBF7C0
:1045E000E9FDDDE91001029B83E80300184617B0DE
:1045F000BDE8F08F022B01D10349E9E6042B0CBF83
:10460000024903490348E4E66B8F0508928F0508C9
:10461000A58F050898E9050838B50446406808B92B
:10462000606038BD4568FBF747FE2846F7E70000A5
:10463000F8B5054630200E461746FBF72EFE072D2F
:1046400004460570C66001D0012D0ED1B3681B0968
:10465000A38208F05DF9042320612783E3842020EE
:10466000FBF702FEE0622046F8BD014B5B5DEFE721
:10467000F0DE050810B50446C06AFBF71DFE2046B3
:10468000BDE81040FBF718BE30B5048D00229442FF
:1046900002D80023184630BDC36A03EBC2035D682D
:1046A0008D42F7D00132F2E770B504460D4616464A
:1046B000FFF7EAFFC0B9E18C238D8B4208D30631A6
:1046C000E06AC900FBF7EBFDE38CE0620633E384AC
:1046D000238DE26A591C02EBC300218502F8336086
:1046E000002343704380456070BD034618465B68F5
:1046F000002BFBD1FFF7C8BFF8B544680E462CB9B4
:10470000F8BD042BFCD105230370F9E725462846A4
:104710006D68002DF4D077683946FFF7B5FF0028A3
:10472000F5D00378043BDBB2022BE9D806253570BF
:10473000002239462046FFF7B7FF0378002BE0D16F
:1047400005706468F4E7036A1B8B012B1EBFC36806
:104750005B18C3607047836A10B504469B6F406A5C
:104760009847238B226A0133918C9BB29942238311
:1047700038BF938410BD038B10B5013B0383836A5C
:104780000446D3F88430406A984720460121BDE8AA
:104790001040FFF7D8BF2DE9F04F044685B00D4615
:1047A00091469A461BB1CB8A43F00803CB82236A19
:1047B000A5F81E90DA8A42F03002DA821B78002BCC
:1047C0004AD1A36A606AD3F8B4604A465346294680
:1047D000B44605B0BDE8F04F6047DB6A03EBC60B9B
:1047E00013F83630053BDBB2012B20D8002319E04B
:1047F000EB6A039A039903EBC20213F83130062BDC
:104800000ED1DBF804105368994209D1A36ABBF8B2
:1048100002201B69606A1F460023B84708F101089F
:10482000039B01330393039A2B8D9342E0DC013603
:10483000236A1A8DB242D0DCB8F1000FC1D0A36A4E
:10484000CDF800A0D3F8B860606A4B4642462946CE
:10485000B04705B0BDE8F08F0026B046E8E7836AB0
:1048600010B50446D3F88830406A00219847A36AFF
:10487000606A1B6B0F219847A36A606AD3F8CC303B
:104880000121984720460321BDE81040FFF75BBF98
:1048900038B5836A04465B6C406A00229847A36A75
:1048A000606AD3F8C05000231A461946A84720462C
:1048B000BDE83840FFF7D3BF836A89681B6D406A43
:1048C000002209091847836A8968DB6B406A184728
:1048D00010B50446084611461A46FFF7A9FE236A9A
:1048E000436000238360E3690BB9E06110BD1A46A1
:1048F0009B68002BFBD19060F8E72DE9F04F87B063
:10490000054600AF0C4651B111F0030612D10B79E8
:10491000682B1ED1CB681B0913608C68B4B9AB6AD5
:104920000121DB6A11602246686A98471C37BD4640
:10493000BDE8F08F002604F00F03022B08D12109F7
:1049400006B91160AB6A0022DB6AEDE70126F2E7E7
:1049500016B9A3681B091360A04658F8043F4FEA34
:10496000132908EB890309F1FF3BBB60C2465AF8E3
:10497000040F0009FCF79FFBBB689A458344F6D1FE
:104980000BF1070323F00703ADEB030DC7F80CD0C1
:10499000EA46002358F8040F3B6007F114010009B0
:1049A000FCF79EFB7A697A600146504625F074FA5E
:1049B0003B687A680133994518D15946F868FCF785
:1049C000C5FAAB6A0146DB6A686A00229847002E86
:1049D000ACD00834BB689C42A8D054F8041FAB6A22
:1049E000686A1B6D002209099847F3E792444FF06B
:1049F0002E020AF8012BCDE731B1826801F00303E2
:104A0000134304BF0B68836070472DE9F0410746EC
:104A10001E4661B111F0030511D1D1F804805FFA8F
:104A200088F393420BD10C1DB5EB182F01D1BDE8D3
:104A3000F08154F8041F3846B0470135F4E7384692
:104A40003346BDE8F0411847F8B504460F46114615
:104A50001A46002385780669837003610E4BFFF7C1
:104A6000D4FF6368BBB9618AED1A18BF012551B143
:104A7000228A42B9A36A606AD3F8A0309847A36A31
:104A8000606A1B6C9847238A628A39462046FFF782
:104A900082FEA5702661F8BDE152020870B5437828
:104AA000012B05460C4606D1036A0A461B8B0221E0
:104AB000FFF70EFF2061A268216928464C23BDE85C
:104AC0007040FFF7C1BF70B513464278012A064611
:104AD0000C4604D10A460721FFF7FAFEA061A5693A
:104AE000E268304646232946FFF7AEFFA88A70BD2C
:104AF000024B89689D22FFF788BF00BFDD5702087F
:104B0000024B89686B22FFF780BF00BF6973020800
:104B100038B5436804460D4653B9114605480CF0B4
:104B2000E1FA294660602046BDE83840FFF764BFDF
:104B300038BD00BF98E90508014AFFF7E9BF00BF8B
:104B4000A98F05080B79092B70B50CBF858AC58A1A
:104B50004FF6FF739D42044602D1064AFFF7D8FF85
:104B6000218B628BA36A606A5B6F8A1A2946BDE853
:104B700070401847B68F050870B514460546127880
:104B80000E4683B132B1032A04D0104ABDE870400A
:104B9000FFF7BEBF032626706168286AFFF7A5FDF0
:104BA00000B1067070BD62B901232370006A21460E
:104BB000FFF7A2FD2378012BF4D1054A31462846A0
:104BC000E4E7062AEED0034AE0E700BFCF8F0508EE
:104BD000DC8F0508E98F050838B505460C4671B12C
:104BE00001F00F03022B0CD1080909F0EFFC00289B
:104BF00006DA0649064822090CF00AFB6860002024
:104C000038BD044AFFF784FFF9E700BFF08F0508BD
:104C10002CE90508F58F05082DE9F3414378012BB0
:104C200006460F4619D10B79102B08D0026A12786C
:104C30002AB9134A02B0BDE8F041FFF769BF103B43
:104C40005D4201AA4FF06D0107F108005D41FFF7D9
:104C5000E1FA00248046A04502D102B0BDE8F0810F
:104C6000019B306A53F8241000220909FFF71CFD4C
:104C70002B46024639463046FFF77EFF0134EAE70D
:104C8000FC8F05084278012A0B4602D1006A02F027
:104C9000FFBD816A026A406A203102F008BE427894
:104CA000012A0B4602D1006AFFF7FEBC816A026A44
:104CB000406A103102F0FBBD70B505460C46002974
:104CC0002ED0CA0706D5836A5B6B4910686ABDE8B7
:104CD000704018478B0717D004F00F04022C4FEADE
:104CE00011110AD0062C0CD0052919D0836A406A0C
:104CF0001B6BBDE87040C9B21847BDE87040FFF7B4
:104D0000CEBF836A9B6BE1E7836A0968DB68406A10
:104D100098472279034B214653F822302846D6E79C
:104D200070BD00BFF8DE05082DE9F74F05460C46BB
:104D3000164698462046FFF72FF840B16EB9AB6A89
:104D40009B6E4146686A03B0BDE8F04F18472046A5
:104D5000FFF725F820B1002EF1D103B0BDE8F08FA8
:104D6000002C44D0A30742D163681F0ADBB21E2B7C
:104D70002FD196BBD5F80C9009F10103EB60013FF0
:104D800004F1040B4FF0000A86F0010257450BDCDA
:104D90000237434654F8271032462846FFF7C4FF2F
:104DA000AB6A49469B6ACDE75BF8041F01924B460C
:104DB0002846FFF7B9FF0AF1010A019AE6E754F81D
:104DC000041F434632462846FFF7AEFFBC42F6D1E9
:104DD000C3E71F2B05D1002ECCD1043404EB870789
:104DE000F4E7202B03D1A46886F00106A2E7214650
:104DF0002846FFF761FFAB6A686ADB6E42463146C0
:104E000003B0BDE8F04F184738B5036A1B78072B8D
:104E100004460A4606D0022B04D0BDE83840144AA6
:104E2000FFF776BE956885B9A36A606A1B6B0F2190
:104E30009847A36A606AD3F8CC300021984720468F
:104E40000121BDE83840FFF77EBCAB070BD12B79C1
:104E5000AF2B08D12046A968FFF72EFF2046BDE8FA
:104E60003840FFF7FCBC29462046FFF725FFE0E766
:104E70000E90050870B54378CD68012B04461646A0
:104E800006D1036A0A461B8B3146FFF721FD686194
:104E9000002369691A462046FFF77DFCE968204631
:104EA000FFF70AFF062E05D1A36A606AD3F888309F
:104EB00000219847A36A606AD3F8BC500023AC462F
:104EC0001A46BDE870400121604738B50C460546DA
:104ED000C968FFF7F1FEA1682846BDE83840FFF732
:104EE000EBBE0B79342B70B504460D4610D18968A2
:104EF000FFF7E2FEED68AD6885B9A36A606A1B6BD7
:104F00000F219847A36A0422D3F8A03002211AE0A7
:104F1000836A406A1B6B0F219847ECE7AB071FD1F0
:104F20002B799A2B13D1A36A606A1B6B0F219847C8
:104F3000A9680029E6D02046FFF7BEFEA36AD3F891
:104F4000A03004220321606ABDE8704018479B2B03
:104F500006D1A9682046FFF7AFFEEB689968E8E73D
:104F600029462046FFF7A8FECCE710B5044689681D
:104F7000FFF7A2FEA36A606ADB6CBDE81040002167
:104F8000184700002DE9F7438D68044617465DB9C0
:104F9000002A6FD0836AD3F8A03002222946606AC3
:104FA00003B0BDE8F043184715F0030640F08A80CF
:104FB0002B79372B13D132B1836A406AD3F8A030F2
:104FC00002220121984720462946FFF775FEA36A71
:104FD000606AD3F8A43003B0BDE8F04318479F2BB4
:104FE00070D1EB681A79A12A5AD1A22101AA03F142
:104FF0000800FFF70FF9A968804621B38B0722D17B
:105000000B79372B1FD137B1A36A411CD3F8A030DD
:10501000606A02229847A9682046FFF74DFEA36AFE
:10502000606AD3F8A43098474FF00109464510D183
:10503000B9F1000F1ED1A36A606AD3F8A030032231
:10504000711C984716E02046FFF736FE4FF0000926
:10505000ECE7019B53F8261079B900272046FFF7AB
:105060002BFEB9F1000F17D07FB91B4A2946204605
:10507000FFF74EFD03B0BDE8F0838F07EDD10F7948
:10508000A7F1370047424741E8E7A36A606AD3F8CF
:10509000A43098470136C9E7002FFBD00F4AE5E757
:1050A000AB685BB19A0709D11B79372B06D1042273
:1050B000294603B0BDE8F043FFF7DCBE05222946D0
:1050C0002046F6E729462046FFF7F6FDA36A0322AD
:1050D000D3F8A030012162E7199005082A9005084D
:1050E0000122FFF74FBF70B50D46C9680446FFF7B0
:1050F000E3FDA968A36A606AD3F89830C1F3071189
:10510000332918BF3F39BDE8704014BFC9B202212E
:105110001847F8B54E680C4689680746FFF7CCFD7E
:10512000360A0C3400250235AE4200DCF8BD3846A4
:105130006168FFF7C1FD2168BB6A786AD3F89C30CB
:1051400009092439C9B208349847ECE72DE9F04140
:105150000C46D1F8048054F8081F0746FFF7ACFD51
:10516000A8F10D06F6B20125B5EB182F01DBBDE85D
:10517000F08154F8041F3846FFF79EFDBB6A786A39
:10518000D3F89C30314698470135EDE72DE9F041E1
:105190004E6804460D46360A8968FFF78DFD032EDA
:1051A00083BFD4F80C8008F10103E3604FF00008DE
:1051B00001277B1C9E4222DC032E55D9E568606ADC
:1051C0006B1CE360A36A29469B6E9847A36A606ADA
:1051D0009B6A41469847A36A606A9B680121984789
:1051E000A36A606A1B6E9847A36A606ADB6D984782
:1051F000A36A606A9B6A2946BDE8F041184729699D
:1052000020460237FFF758FDB74207DAA36A606A03
:105210005B6D9847A36A606A5B6E9847EB68A26A09
:10522000606AD2F89C2003F00F010A2911D1C3F360
:105230000713252B1ABF343BD9B206219047B7423A
:1052400005DAA36A606A1B6F424600219847083559
:10525000AFE71979852901D13221EFE79B680BB9B6
:105260000721EBE73321E9E7BDE8F08110B50446FB
:105270008968FFF721FDA36A606AD3F89830BDE81A
:105280001040032118472DE9F0470D46D0F80C8057
:1052900055F8046F5FFA86F9A9F11E03D3F10009EE
:1052A00049EB030908F101030446C360360A0027ED
:1052B000B74206D1A36A606A9B6A4146BDE8F047DF
:1052C000184755F8041F20460137FFF7F5FCB74291
:1052D000EEDAA36A606A1B6F424649469847E7E7E1
:1052E00001F00F03022B70B5044612D00B79492B45
:1052F00009D0483B082B18D8DFE803F00817071738
:105300001717170507000123A37070BD8E680D697C
:1053100075B9A378002BF8D1638A002BF5D020460D
:105320001D4ABDE87040FFF7F3BBD1E90265EFE726
:10533000A3783BB3238A01339BB2012B23820ED186
:10534000618AD4E90903D1B1D3F8A030002298478B
:10535000A36A606AD3F8A030022200219847294648
:105360002046FFF7A9FCA36A606A9B6B3109984746
:10537000A36A606AD3F8A430BDE8704018471B6C7C
:105380009847E5E7638A0133638229462046BDE8F2
:105390007040FFF791BC00BF359005082DE9F04142
:1053A000C568CF688846AB1C04460022B968C36054
:1053B0002B46FFF7B9FCD8F808102046FFF77CFC15
:1053C000A36A606A9B6E691C9847A36A606A9B6ABD
:1053D00029469847A36A606A9B684FF0FF31984757
:1053E000F9682046FFF768FCA36A606A9B6A691C3B
:1053F000BDE8F04118472DE9F047C668D0F814A081
:10540000B0F81A908682B31CC36006F10108038BC2
:10541000A0F816800446438388680D46FEF7BCFC5E
:10542000F8B9E768A8687B1CE360FEF7B8FC20B910
:10543000A36A606A9B6E41469847A36A606A9B6A4A
:1054400039469847E9682046FFF736FCA36A606A48
:105450009B6A41469847A9683B4601222046FFF7D0
:1054600063FC2969C4F814A02046A4F81A90FFF739
:1054700023FCA36A606A9B6A3146BDE8F04718477F
:105480002DE9F347C668731CC360044688680D465F
:10549000FEF782FC0246E8B9E768A9687B1CE36076
:1054A00020463B46FFF740FC2046E968FFF704FC36
:1054B000A868FEF774FCD8B92B690BB96B6923B1E6
:1054C000A36A606A9B6E31469847A36A606A9B6ACA
:1054D0003946984701AA712105F11000FEF79AFE9E
:1054E0000027824657450BD169692046FFF7E4FB48
:1054F000A36A606A9B6A3146984702B0BDE8F087AC
:10550000019B53F82780D8F80800FEF745FC0246B7
:10551000F8B9D4F80C90D8F8081009F10103E36049
:1055200020464B46FFF700FC2046D8F80C10FFF74A
:10553000C3FBD8F80800FEF732FC0028D8D1A36AD4
:10554000606A9B6E31469847A36A606A9B6A4946C7
:1055500098470137C6E70000184B2DE9F041D3F812
:10556000006204460F463EBBC56889686B1CC36079
:1055700001222B46FFF7D8FBA36A606A5B691F21F3
:1055800001229847F96851B12046FFF795FBA36ABD
:10559000606AD3F8BC70324633460121B847A36A2B
:1055A000606AD3F8C83001219847A36A606A9B6A91
:1055B0002946BDE8F0411847BDE8F0817804002095
:1055C00070B58D6804463DB9836AD3F8C830294662
:1055D000606ABDE870401847AB070ED12B795E2B8F
:1055E0000BD1A968FFF768FBE9682046FFF764FB69
:1055F000A36A0221D3F8C830EAE729462046FFF71C
:105600005BFBA36A0121D3F8C830E1E710B504467B
:105610008968FFF751FBA36A606ADB6DBDE8104043
:10562000184700002DE9F041036A1B78072B044658
:1056300004D0BDE8F0411A4AFFF76ABA8D685DB937
:10564000836A406A1B6B0F219847A36A606AD3F88C
:10565000C430BDE8F041184715F003021DD12B7985
:105660001B2B1AD1C668EF68731CC360B968334638
:10567000FFF75AFBA9682046FFF71EFBA36A606A82
:10568000D3F8C4309847A36A606A9B6A314698474A
:10569000F9682046FFF710FBD7E72946F9E700BF76
:1056A0004C9005082DE9F0410C46064654F8045F7D
:1056B0002D0A04EB8507BC4208D1B36A706AD3F89F
:1056C000A03029460022BDE8F041184754F8041FD5
:1056D0003046FFF7F1FAEEE7896810B4034639B9AE
:1056E000826A406AD2F8A0400A46234610BC184796
:1056F0004A68120A022A0AD1CA6842B1940706D13E
:105700001279AC2A03D110BC0622FFF7B3BB10BC40
:105710001846FFF7C7BF2DE9F0410D46064655F87C
:10572000048F0F460024B4EB182F01D1BDE8F0819F
:1057300055F8041F3046FFF7BFFA73683BB10234D7
:10574000304657F82410BDE8F041FFF755B9013451
:10575000E9E710B50446FFF7DEFFA36A606AD3F8F5
:105760009C30BDE810402221184770B58C68054672
:1057700044B9836AD3F8A03001222146686ABDE8A3
:1057800070401847A1071ED16368DAB2922A1AD175
:105790001B0A022B0CD1E36853B19A0708D11B797D
:1057A000AC2B05D121460322BDE87040FFF762BB58
:1057B00021462846FFF7AFFF6168AB6A0122D3F8A4
:1057C000A030090ADAE721462846FFF775FAAB6AE6
:1057D0000122D3F8A0301146D0E7000001F00F03FA
:1057E000022B2DE9F04706460C4604D1BDE8F047F0
:1057F0000909FFF747BA002954D011F0030551D128
:105800000B792C2B37D18968FFF756FAE768002F00
:1058100048D017F0030845D17D68EAB28E2A3B468E
:1058200008D12D0A013D07F10409454510DC023578
:1058300057F825301A79312A12D199683046FFF786
:105840003BFAB36A706ADB6CBDE8F0470221184787
:1058500059F8041F3046FFF72FFA08F10108E4E772
:10586000322A1FD19968B36A706A1B6DBDE8F04790
:105870000222090918472D2B14D18C6894B1636852
:105880001B0A022B06D0271D6368B5EB132F10D31C
:10589000BDE8F087E368002BF5D09A07F3D11B79B8
:1058A000AC2BF0D121463046054ABDE8F047FFF762
:1058B0002FB957F8041F3046FFF790FF0135E3E793
:1058C000589005082DE9F8430446006A1746C28A35
:1058D0000D46910706D5374A29462046BDE8F843CC
:1058E000FFF716B905F00F01022918D1A37829098D
:1058F0008BB1838B013383834FF000094FF0010894
:10590000002955D00022FEF7CFFE03780646002B73
:1059100038D0294AE0E7438B01334383ECE7297908
:10592000B942A9460BD1A968A37809091BB1838B99
:1059300001338383E2E7438B01334383DEE79942FC
:1059400018D1A378002BC6D10121A170A96879B321
:1059500001F00F06022E18BF894642F0040218BF5C
:10596000D9F80810C28206BF0909994609094FF003
:105970000308C5E7A96842F002020909C2824FF094
:105980000508BDE70423037080F80180236A1B8BA0
:10599000032B0DD1482F0BD1B9F1000F08D0D9F846
:1059A0000C102046FFF718F9737843EA0013737060
:1059B000BDE8F883A58F05086290050849234822B1
:1059C000FFF780BF4F234E22FFF77CBF2DE9F04F3A
:1059D0000D468DB0016200214270C1602B78072B0B
:1059E0000446164605D0894A0DB0BDE8F04FFFF7D2
:1059F0008FB8012A05D0036B021D1B68C06A3146AF
:105A000098476378D5F80C80032B10D10BAA462158
:105A100008F10C00FEF7FEFB236B0B9A9B68014616
:105A2000E06A984763686883002B40F0B880D8F834
:105A30001010C1B101F00F05022D10D10B09752B0B
:105A40003DD006D83E2B3CD05E2B0DD0704A204670
:105A5000CAE740F2EE429342F8D1032504E06D4AD2
:105A60002046FFF755F80225D8F81430089309AA04
:105A7000192108A8FEF7CEFB4FF000090790079BFD
:105A8000994520D16378012B15D9236BE06A5B68B7
:105A9000294698476378042B0DD1206AE26A039562
:105AA000438B02930023CDE900330521D2E9023272
:105AB000006906F03DFF6368002B70D114E00025FB
:105AC000D2E70125D0E7099B53F829100B79082B61
:105AD0004FEA890B02D109F10109D0E7052B06D065
:105AE0004D4A2046FFF714F80DB0BDE8F08F8B68E3
:105AF000002BF5D09807F3D1CA68002AF0D11A79A3
:105B00002C2AEDD19F6807F00F02022AE8D1DB684A
:105B10000493002BE4D09A07E2D11B79302BDFD11C
:105B2000049B0AAAA42103F10800FEF773FB3F09B6
:105B3000B7F57E7F82461BD1012805D10A9A1368EA
:105B400003F00F03022B04D0344A099B53F80B10C7
:105B5000C7E7E168012E01F10103E3601AD0126882
:105B6000236BE06ADB681209984798B92C4AECE786
:105B700040F22D339F4216D1012803D10A9B1968A8
:105B8000CB0701D4274AE0E7012E03D0E06A491091
:105B900002F0B7FB6368002B9DD0DDF81080D8F8C9
:105BA0000030A360A0E740F275339F4223D1012863
:105BB00004D90A9B1A6812F0010701D11A4AC4E7F6
:105BC000012EE7D0531006930A9A0BA952F827002A
:105BD000FEF7CCF808B9154AB7E7E36A0B980593C6
:105BE0000CF0FFFC01370246DDE9050102F090FBF5
:105BF000BA45E9D1CEE7012ECCD0236B0246D3F8CB
:105C000010B0E06A0A9B3946D847C3E76C90050894
:105C100082900508869005088E9005089C900508DE
:105C2000A8900508AC900508B8900508CA9005082A
:105C30004278012A0B4602D1006A01F029BE816A2E
:105C4000026A406A183101F032BE00002DE9F047C7
:105C50008F0704460D46164611D001F00F03022BA4
:105C600016D102F0FD06012E4FEA111103D0BDE856
:105C7000F047FFF7DDBFBDE8F047FFF710B8496810
:105C8000CBB22D2B7ED00AD8062B0DD02C2B12D0C8
:105C9000294620464E4ABDE8F047FEF739BF2E2B75
:105CA00000F083809D2BF3D1002EF1D105F1080285
:105CB000090A20467EE0022A02D0A968FEF7FCFF0E
:105CC000D5F80C80B8F1000FE2D018F00303DFD153
:105CD000D8F80470FAB28E2AC1460CD13F0A022EBF
:105CE00007F1FF3704D008F1040A9946B94513DBE0
:105CF000023758F8279099F80430312B26D1022E1C
:105D000012D1A36A606A5B6E9847A36ADB6C0121BB
:105D1000606ABDE8F04718475AF8041F2046FEF7AE
:105D2000CBFF09F10109E1E72046D9F80810FEF799
:105D3000C3FF012ED4E9090305D19B6D9847A36ADF
:105D40000021DB6CE4E7DB6C0121E2E7322B9FD121
:105D5000012ED4E909030BD15B6D9847A36AD9F8EA
:105D600008101B6D0022606A0909BDE8F04718475A
:105D7000022E01D11B6E9847A36AD9F808101B6D3B
:105D80000122F0E7AA68002A82D0002E80D1516853
:105D9000090A022907D1D3682BB1980703D11B79CF
:105DA000AC2B3FF475AF083283E7002A7FF470AF65
:105DB000A96819B9BDE8F04700F070B88E0703D1A3
:105DC0000B79922B0A46E2D005F10802012170E717
:105DD000D59005082DE9F047C6681F46B31CC3607F
:105DE000836A04460D469B6A406A3146914698474D
:105DF000A36A606AD3F88C30711C9847A9680022A6
:105E00002046FFF723FF2D6965BB49462046FEF774
:105E100053FF236A19780629D4E909031CD1D3F862
:105E2000CC302946984720460121FEF78CFCA36A16
:105E3000606ADB6D9847A36A606A9B6E314698473B
:105E4000A36A606A9B6A711C9847A36A606AD3F868
:105E50009030BDE8F0471847BA00D3F8A8300532B3
:105E60009847E8E72B79AD2B07D1A9683346002284
:105E70002046FEF759FFED68C6E7E9682046FEF7C1
:105E80001BFFA36A606AD3F88830012198477B1C06
:105E90004A4629462046FFF79DFFCCE72DE9F84307
:105EA0000446884691464F1E00254FF0FF367A1C67
:105EB0000CD1731C05D1A36A606AD3F8AC3041469B
:105EC0009847002545451CD1BDE8F88359F82510B1
:105ED00071B188070CD10B79222B09D101360AD177
:105EE000A36A606AD3F8B0303A46294698472E46EE
:105EF0000135013FDBE72046074ABDE8F843FEF7DE
:105F000007BE59F82510AE4208BF89680022204616
:105F1000FFF79CFE0135D5E7E09005082DE9F04735
:105F200004460F469046994621B9BDE8F047194608
:105F3000FEF7C2BEC668731CC360156835B315F0A2
:105F4000030A23D12B797B2B20D1A968FEF7B4FE5D
:105F5000524631462046FEF7FEFBE968524620468F
:105F6000FFF774FE4B4608F10402791E2046FFF746
:105F7000D5FFA36A606ADB6F31469847204603214C
:105F8000FEF7E1FBBDE8F047FEF7F5BB29462046EA
:105F9000FEF792FE204600223146FEF7DCFBA36AA4
:105FA000606ADB6D9847DDE737B50C46054601AA08
:105FB0007A2104F10800FEF72DF9E368019A014601
:105FC0002846FFF7ABFF03B030BD2DE9F04F8B68DB
:105FD00003F00F03022B89B004460D4640F0FF800A
:105FE000CB68002B00F0FB809A0740F0F8801A790C
:105FF0002C2A40F0F4809A6802F00F01022940F048
:10600000EE8012097C2A40F0EA80DB681A79302A97
:1060100040F0E5809B68069307AAA42106A8FEF736
:10602000F9F8431E022B024600F2D9800799012895
:10603000D1F8009000F02081022800F0C4808E6822
:10604000F30740F1CC80720800F0C9804968B9F1CB
:10605000000F40F0BA804A468946B9F1000F08D0D7
:1060600019F0030F05D199F80410A639022940F25E
:10607000B680AB6801932B696F690293E568636929
:10608000218B0493638B039305F1010BAB1C61839C
:1060900019F0010805F104010593A582A4F816B0D2
:1060A00005F1030AE16005D1494620460592FEF755
:1060B00003FE059A11462046FEF7FEFDA26A606ABD
:1060C000926E51469047A26A606A926AA91C9047F4
:1060D000A26A606A526D9047002201992046FFF73C
:1060E000B5FD02992046FEF7E7FDA26A606A926A52
:1060F0005946904731462046FEF7DEFDA26A606AA7
:10610000D2F89C200E219047A26A606A926A51469A
:106110009047D4E90902B8F1000F40F0AF80936DC9
:106120009847A36A606A1B6E9847A36A606AD3F8AF
:106130009C30002EACBF002101219847A36A606A01
:10614000DB6EAA1C01219847049B6361039B638358
:10615000002F00F09A80A36A606ADB6D88F0010965
:106160009847B8F1000F03D1A36A606ADB6D9847C6
:1061700039462046FEF7A0FDE668606A731CE360BE
:10618000A36A31469B6E9847A36A606A9B6809F1CF
:1061900001019847A36A606A9B6A29469847A36AE7
:1061A000606ADB6D9847B8F1000F03D1A36A606A9B
:1061B000DB6D984727B1A36A606A9B6A31469847AE
:1061C00009B0BDE8F08F032640E719F0030F7FF414
:1061D00042AF99F80420A63A022A3FF63CAFE6689F
:1061E000238BB4F81A9063836FEA46436FEA5343F4
:1061F000D4F814A0A382771CF31CE968E36020465E
:10620000E782FEF759FDA36A606AD3F8883001215E
:106210009847A36A606A9B6A39469847A36A606A8E
:10622000D3F88C30B11C98470022A9682046FFF7AC
:106230000DFD29692046FEF73FFDA36A606A9B6E4B
:1062400039469847A36A606A9B6AB11C9847A36A5B
:10625000606AD3F8903098476969C4F814A0204662
:10626000A4F81A90FEF728FDA36A606A9B6A31467B
:1062700009B0BDE8F04F18470326EEE6526D90478F
:1062800049462046FEF718FD4FE73E4682E72DE9D6
:10629000F74F0446894692469B4629B9194603B0F2
:1062A000BDE8F04FFEF708BDC5682B1DC36013683D
:1062B0006F1C05F10208EE1C002B00F0D48013F0D7
:1062C000030240F0D08019797B2940F0CC80996896
:1062D00001920093FEF7F0FCA16A606A496D88475D
:1062E0004FF442712046FEF7D3FADDE90032204632
:1062F000D968FFF7ABFC022229462046FEF72BFAAD
:10630000A36A606A9B68032198470AF104025B460E
:1063100009F1FF312046FFF7BAFFA36A606A9B6864
:106320006FF002019847A36A606AD3F880902A460A
:1063300039464346C847A36A606A5B6D9847A36ABB
:10634000606A5B6E9847A36A606A1B6E9847A36A8F
:10635000606A5B6C002240F209319847A36A606A68
:106360005B6E9847A36A606A5B6E9847A36A606A2F
:106370005B6D9847A36A606A1B6D00220A219847EB
:10638000A36A606A1B6E9847A36A606A1B6B0F2141
:106390009847A36A606AD3F8C05000231A460321C5
:1063A000A8472046FEF75BFAA36A606ADB6E3246B6
:1063B00000219847A36A606ADB6D9847A36A606A08
:1063C0001B6B0F219847A36A606A9B6E3146984702
:1063D000A36A606A9B6802219847A36A606A9B6A05
:1063E00041469847A36A606A5B6E9847A36A606AF1
:1063F0005B6E9847A36A606A9B6A39469847A36AAE
:10640000606A5B6C002240F209319847A36A606AB7
:106410001B6B0F219847A36A606A5B6D9847A36A5C
:10642000606A5B6D9847A36A606AD3F8C050002326
:106430001A460321A8472046FEF711FAA36A606AAC
:10644000DB6D9847A36A606A9B684FF0FF319847FD
:10645000A36A606A9B6A31469847204603B0BDE84C
:10646000F04FFEF788B919462046FEF725FCA36ACF
:10647000606A5B6D984720464FF44271FEF708FA58
:10648000A36A606ADB6D984735E72DE9F041CD6876
:1064900004460E4665BB0378C3B1036A1D78ADB9E7
:1064A00040F21631FEF7FBFBB1682046FEF704FC14
:1064B000A36A606AD3F8BC602A462B460121B04724
:1064C000A36A606ADB6DBDE8F0411847B1688B07CD
:1064D00007D001F00F03022B08D12046FEF7ECFB9A
:1064E000EEE70029F9D00B793A2BF6D1BDE8F0811F
:1064F000AF0740F0AF806B68DAB25B2A11D1ED686C
:10650000002D4AD1006A0378072BEFD1896801F08A
:106510000F03022BEAD10422BDE8F041D140FEF77F
:10652000C3B8562A13D101228968FFF78FFBE968A7
:106530002046FEF7C1FBA968A36A606AD3F89C30C5
:1065400009093E39C9B298470222B1687DE0572A4D
:1065500025D11B0A5F1E013355F82310FEF7ACFB53
:10656000002F03DDA36A606A5B6D9847B168002263
:106570002046FFF76BFB04350026BE42B6DA013633
:10658000BE4203DAA36A606A5B6D984755F8041F40
:1065900000222046FFF75AFBEFE7A9075AD16B68A4
:1065A000DAB2062A56D1B768002F53D0BA0751D1B4
:1065B0007A68D1B206294DD11B0AB3EB122F4FEAEC
:1065C000122847D1A8F10203012B43D8BB6823B19D
:1065D000980702D11B79222B3CD0FB6823B1990785
:1065E00002D11B79222B35D0B8F1020F06D03B69BE
:1065F00023B19A0702D11B79222B2BD0A968204600
:10660000FEF75AFBE9682046FEF756FBB8F1030F88
:1066100007D120462969FEF74FFBA36A606A5B6ECB
:106620009847A36A606A1B6E9847B96800222046A3
:10663000FFF70CFBF96800222046FFF707FBB8F1D3
:10664000030F7FF453AF396900222046BDE8F041C3
:10665000FFF7FCBA29462046FEF72EFB002274E71E
:106660000023032A2DE9F04104460D4616464270E8
:106670000162C36080F8342002D1C08E50BBA06399
:10668000A36A606A1B684FF000083146A4F83680A0
:106690002A46984706212046FEF755F86778EE68A7
:1066A000012F04BFA5F82280A5F82480B6B1B20757
:1066B00014D133793F2B11D1B168FEF7FDFAA36AEB
:1066C000606AD3F8C4309847A36A606A5B68BDE823
:1066D000F04118478000F9F7E0FDD0E72B78072B51
:1066E00000F29380DFE803F0049125414141410E1F
:1066F00031462046FEF7E0FAA36A606A1B6B0F2161
:106700009847DCE7012F12D10023A370F168574BA3
:1067100046222046FEF779F92B8B032B07D13169EE
:106720002046FEF759FAEB8A43EA8013EB8271693F
:10673000DFE7A36A3168DB68606A98476378012BFA
:1067400007D10023A370B168494B4C222046FEF7C5
:106750005CF9F1682046FEF7AFFAEB8ADB07AED5AD
:10676000A36A606ADB6D9847C6E7012FD6F80C80F4
:1067700005D1206A04223946FDF796FF6F83A36A8C
:106780003168DB68606A98472B78032B24D1A36AB1
:10679000D3F8A0300122606A002198472B78062B9D
:1067A00028D1A36A606A1B6C984701212046FEF736
:1067B00076FAA36A606A1B6C9847A36A606A1B6CCE
:1067C00098470023B26841462046FFF703FB2B7829
:1067D000062B7FF474AF8FE7042B04D1A36A022247
:1067E000D3F8A030D7E7052BD8D1A36A0322D3F87A
:1067F000A030D0E720460121FEF751FAA36A606A73
:10680000D3F8883001219847DBE7012F04D1042217
:106810000A212846FDF748FF17212046FEF73FFAD8
:1068200016212046FFF704FAB168A36A606A9B6BE1
:10683000090998471A212046FFF7FAF931692046DD
:10684000FEF73AFA0A212846FDF71EFF0246D4E970
:1068500009031178042902D11B6B0F2150E71D6930
:10686000528800230A21A84729E700BFBD59020822
:10687000C5590208036A10B51A8B0446FEF723F9BE
:1068800001462046BDE81040FFF7D2B92DE9F04F90
:106890008D682B79032B85B004460AD12946FFF772
:1068A000E9FFAA69D38A43F00103D38205B0BDE8AA
:1068B000F08F026AD28AD20706D45F4A294605B011
:1068C000BDE8F04FFEF724B9162B40F0A780C6684C
:1068D000E968331DC360FEF7EFF9A36A606A5B6C79
:1068E000002240F20A319847A36A606AD3F8C07068
:1068F00000231A461946B847E76863690093638B1B
:106900000193BB1CE360238B6383A36A606A9B6A69
:10691000A78207F101084146A4F816809847012292
:10692000711C2046FDF717FFA36A606A5B6D9847EC
:1069300020464FF44371FDF7ABFFA96820460022C3
:10694000FFF784F9A36A606AD3F894300022B11C7F
:106950009847A36A606A9B6A711C9847A36A606A39
:10696000D3F8D0309847A36A606A5B6D9847A36AF2
:10697000606A5B69012240F2C2219847A36A606A9B
:10698000D3F89C3008219847A36A606ADB6EF21C3A
:1069900000219847A36A606ADB6D9847A36A606A22
:1069A000D3F89430012231469847A36A606A9B6A03
:1069B000F11C9847A36A606A9B68012198472046AA
:1069C000FDF7D9FEA36A606AD3F8D4309847A36A6A
:1069D000606A9B6AB11C984729692046FEF76CF9EA
:1069E000A36A606A9B6E41469847009B6361019B66
:1069F0006383A36A606A9B6A314698476969204647
:106A0000FEF75AF9A36A606A9B6A39469847A36AF7
:106A1000606ADB6D05B0BDE8F04F184703AA7A2124
:106A200005F10800FDF7F6FBEB68039A01462046E6
:106A3000FFF72DFC3AE700BFE79005082DE9F04F7E
:106A400085B0C56801921E460E9B03936B1C029392
:106A5000AB1C0446C3600F4601222946FDF77BFEAE
:106A600039462046FEF728F9A36A606AD3F89430C5
:106A70000022691C9847A36A606A9B6A2946984766
:106A8000A36A606AD3F8D0309847D4F80C9009F123
:106A90000103E3600027019B9F4218DB2046FDF7BE
:106AA0006AFEA36A606AD3F8D4309847A36A029951
:106AB0009B6A606A984703992046FEF7FDF8A36A2F
:106AC000606A9B6A494605B0BDE8F04F1847D6F8A2
:106AD00000B0D4F80CA0DBF808800AF10103E360F1
:106AE0000137B8F1000F0DD1019BBB422CD02046DD
:106AF000404A3168FEF70CF8204605B0BDE8F04F7B
:106B0000FDF739BE18F0030562D198F80420762A03
:106B1000434603D1DD68D8F808802D09A36A606A6E
:106B20005B6D984741462046FEF7C6F8A36A606A47
:106B3000D3F89C3008219847A36A606ADB6E5246FE
:106B400000219847002D45D1A36A606ADB6D984704
:106B50000025A846DBF80C1020460436FEF7ACF8FA
:106B600025B3A36A606A1B6B0F219847A36A606A0A
:106B70009B6A41469847A36A606A9B6801219847CF
:106B8000A36A606A1B6B0F21984729462046FFF7CE
:106B90004FF829462046FEF775F8A36A606A9B689D
:106BA0004FF0FF3198472046FDF7E5FDA36A606A84
:106BB000D3F89430012249469847A36A606A9B6AD9
:106BC00051469847A36A606A9B680121984762E72B
:106BD0000025A3E729462046FFF72AF8D4F80C80C1
:106BE00008F10103E360022241462046FDF7B3FDB0
:106BF000B0E700BFFE9005082DE9F347C568994648
:106C00006B1C17460E46C36002222946DDE90AA81E
:106C10000446FDF7A0FD002F2DD1A36A606A9B6892
:106C20000321984731462046FEF746F8A36A606A7A
:106C30009B686FF002019847A36A606A1B6B0F2183
:106C40009847A36A606A9B6A29469847A36A606A64
:106C50009B680121984741462046FEF72DF8A36A1C
:106C6000606A9B684FF0FF319847204602B0BDE84C
:106C7000F047FDF780BDCDF800A04B463A463146BF
:106C80002046FFF7DBFED7E7F0B5CD682B79782BF0
:106C900085B006460C4609D1AB68019300230093EA
:106CA00089681A46FFF7A8FF05B0F0BD742B03AA48
:106CB0004FF0770113D105F10800FDF7ABFA2F690A
:106CC000A168039B0246E86827B900903046FFF7A9
:106CD000B5FEE9E7BC68CDE900043046E2E704F11F
:106CE0000C00FDF797FA00230093A168039B02466E
:106CF000ECE7000001F00F03022B70B504460E46CE
:106D0000154602D01F4AFDF703FF29462046FDF72E
:106D1000D3FFA36A606A5B6D98476378012B4FEAE3
:106D2000161511D1226A1378033BDBB2032B0BD863
:106D30005068294600F0ACFD0346206A1A78032A01
:106D400008D12946FDF7B0FC29462046BDE8704031
:106D5000FEF76EBF00222946FDF7A6FC236A5B689A
:106D60005B68002B02460CBF0123002304D001788E
:106D7000012904BF0021017031462046FDF7FCFEC9
:106D8000E2E700BFD59005082DE9F04F87B0044633
:106D900003910192A42105AA03A81D46FDF73AFA22
:106DA00000260290B146B04637464FF0010A029BDA
:106DB0009E4213D1B8F1000F04D0A36A606A5B6BE6
:106DC00049469847019AD4E90903002A79D0D3F8B3
:106DD000C04043463A462946A04714E0059B53F875
:106DE00026B0BBF1000F5FD01BF0030F5CD19BF806
:106DF0000420A62A1FD118F0020F07D0324A5946A4
:106E00002046FDF785FE07B0BDE8F08F0FB12F4A91
:106E1000F5E71D2E01D92E4AF1E70AFA06F2DBF852
:106E20000810204649EA0209FDF746FF01354FF0F8
:106E300001080136BBE7A72A0CD1A26A606A126C6E
:106E40009047DBF8081048F002082046FDF734FFB1
:106E50000137EEE7A82A27D1DBF80C2072B193079F
:106E60000CD11179AA2907D19268DBF808102046C5
:106E7000FFF740FF0135DCE7AC290FD0DBF8081045
:106E800001F00F02022A01D0124AB8E7A26A606A32
:106E9000926B09099047DBF80C10D6E70622594699
:106EA0002046FDF7E7FFE5E718F0020F01D00A4A98
:106EB000A5E70FB1094AA2E759462046FDF7FCFEB7
:106EC000D8E7D3F8BC4084E70F9105081691050870
:106ED000209105082C910508399105084091050875
:106EE00070B50D46417801290446134603D12A4660
:106EF000FDF7EEFC6861A36A606A9B6C98476E6957
:106F000000231A4631462046FDF745FCA36AB18AA4
:106F10009B6B606A9847E96829B18B0703D10B79AD
:106F2000A32B08BF0021204602230022FFF72CFFDD
:106F3000B08A70BD002389681A46FFF725BF00009C
:106F40002DE9F8430D4689680446FDF7B5FEEE6865
:106F5000002E59D07768216AFBB209788E2BAB6876
:106F600019BF05F10C0601273F0A0836072903F06F
:106F70000F024BD1022A40F092801A099A2A47D177
:106F800033681A79302A40F08A809B68002B40F0E1
:106F900086800A212046FDF782FE226AD36A128D7E
:106FA00032B93168404A2046BDE8F843FDF7B0BD2C
:106FB0005978C9070FD559682046FDF770FE022F92
:106FC000D4E909030AD8D3F8BC5000231A46022199
:106FD000A847012516E0013A0833E1E77268117904
:106FE0003229F0D1B56829793029ECD191685B6CF0
:106FF000012209099847A968002301222046FFF7CA
:10700000C3FE0325AF4223D8BDE8F883022A46D148
:107010001B09B3F5047F42D133681A79302A3ED177
:107020009D68002DEED015F0030838D12B792F2B59
:1070300037D1A36A606AD3F8BC5042464346414602
:10704000A8473368424699682046FDF79BFFC0E792
:1070500005F10108B84556F825101BD20B79322BE3
:1070600018D106EB8503D3F8049099F80430302B3F
:1070700010D18968A36A606A5B6C0022090998478D
:10708000D9F80810002301222046FFF77DFE08F101
:107090000105B7E72046FDF70FFEA846F7E70025F4
:1070A000B0E74546AEE700BF4791050810B5036A53
:1070B0001B78072B04460A4606D0022B04D0BDE8F5
:1070C0001040064AFDF724BD20461146FFF738FF61
:1070D0002046BDE81040FDF7C2BB00BF5A9105082D
:1070E000D1E90212FFF706BE036A10B51A8B0446F7
:1070F000FFF7F6FE01462046BDE81040FEF798BDBA
:107100002DE9F04F044685B08B4602AA42210BF1CF
:107110000800FDF77FF8236A00271E8B8046BA46D9
:1071200047450AD1DBF80C100B79032B51D13246BD
:107130002046FDF7C8FC054659E0029B53F827306E
:10714000019303AA6C2103F10800FDF763F8039B88
:1071500019680A09732A05460DD02046FDF7ACFDD3
:107160004FF00109A94528D3019BD96869B1204690
:10717000FDF7A2FD09E0022809D02A4A2046FDF7C2
:10718000C7FC35460AF1010A2E460137C8E759689F
:107190000B09412B0DD040F23A429342F2D040F21B
:1071A0000152934207D040F239329342E5D104258F
:1071B000E8E70125E6E70325E4E7039B606A53F867
:1071C0002910A36A00221B6D0909984709F10109DA
:1071D000C8E7442B17D18F68324639462046FDF761
:1071E00072FCBA69D38A43F001030546D382A8EB47
:1071F0000A080026B0450BD129462046FEF718FDA7
:1072000005B0BDE8F08F32462046FFF769FE92E7F1
:10721000A36A606AD3F8BC7000231A460121B847FC
:107220000136E7E7659105082DE9F3418D6805F022
:107230000F030A2B04460E4607D0002D31D015F05F
:1072400003012ED12B79652B1ED10095002501AAB3
:1072500065216846FCF7DEFF019B002103EB8000FF
:1072600040F2CA52834215D1F26840F21A439A4260
:1072700037D1236A1F78B7B13A4A3146204602B067
:10728000BDE8F041FDF744BC622BEDD1AB68009343
:10729000ED68DCE753F8047B97420CBF0131033102
:1072A000E0E70021E0E7A36A606A5B6B9847A36AA6
:1072B000606A9B6B05219847A36A606AD3F8A03087
:1072C0003A460121984701AA29462046FDF715FBB9
:1072D000A36A606ADB6A0222394602B0BDE8F04167
:1072E0001847A36A606A5B6B984706F10C006A4610
:1072F0006A21FCF78FFF00260746BE42D4E9090346
:1073000013D1D3F8A030002239469847294601AA64
:107310002046FDF7F2FA0025BD42D4E909030DD15C
:10732000DB6D984702B0BDE8F081009A9B6B52F884
:1073300026209168090998470136DEE7009ADB6A42
:1073400052F82580D8F80860012231099847D8F80A
:107350000C1029B931092046FEF76AFC0135DBE73C
:107360000909F8E77D910508836A37B504460D469B
:107370005B6B406A00219847A36A606A1B6B0F2110
:1073800098472946204601AAFDF7B7FA01992046F9
:1073900003B0BDE83040FEF74BBC00002DE9F04FD4
:1073A0009BB0CDE90201102015469C4CF8F75CFF1C
:1073B0002369436058220021074604A822F0B6FD45
:1073C0004FF0FF33012113A88DF81050099307F0F7
:1073D0007FFA039BD900012241F0020113A807F0B4
:1073E000ADFA01234360002116A80BF0A1FC029A1C
:1073F00094F804321268002104A8FDF769FA0546E2
:1074000011A800F01FFF864B0B9C01900D900E936E
:107410004FF0000B0CB1059E1EB30B9C14B1059BE5
:10742000002B3ED00198DFF8F891DFF8F8A159461B
:1074300000F00FFF0B9C0026DDF81480002C00F0FC
:107440003781B8F1000F00F0EF800C9C04A8E168D0
:10745000FDF7D2FAA38A069A0399404609F024FF61
:107460002AE1238B042B4FF00102214604A807D107
:10747000FEF7ACFA079BA4689B4538BF9B46C9E75B
:10748000FFF7EEF8238D9E42F4D2E36A03EBC601C8
:1074900013F83630012B02D12046FDF72DF90136C5
:1074A000F0E7E28A520716D5218D013913D3E66A37
:1074B00006EBC1024FEAC10E507810F0020F25D042
:1074C0004BB1D3E9008C92E8030083E8030046F84F
:1074D0000E80C2F804C04FF0000323840026B4F8E5
:1074E00028C0664518DB00239C454DD1D4F804E044
:1074F000BEF1000F08D00020BEF828A0034650457A
:1075000052DB002B40F08880A46887E7002BCCD1A9
:10751000012808BF1346C8E72378D4F82C80012B34
:107520004FEAC60A08EBC60905D1D9F804300A2B80
:1075300018D10136D3E715D918F83630012B11D1FF
:107540004FF0030308F83630238B032B05D1D9F80D
:10755000040007F03BF8012808DCE38A43F010033D
:10756000E38203E018F80A30032BEDD018F80A3054
:10757000042B03D099F80130DB07DAD5238C5A1C91
:107580002284A9F80230D4E7E26A02EBC30112F8C0
:107590003320052A06D14A78D6075FBF228C4A805D
:1075A0000132228401339FE7DEF82C2002EBC00970
:1075B00012F83020053AD2B2012A14D8002610E081
:1075C000E26A02EBC60812F83620062A08D1D9F87A
:1075D0000410D8F80420914204BFA8F80230013307
:1075E0000136B445ECD1013089E7E06A00EBC20115
:1075F00010F83200062802D14878C00702D5488822
:107600001844488001329445EFD1628B1A4462835A
:10761000228C1344238477E70022F4E778040020C7
:10762000E4DF0508E8E00508238B042B17D10F9B46
:107630001BB9584604F026FC0F9000230D9303223B
:10764000494B1093214604A8FEF7C0F9059B23B9C6
:107650000422214604A8FEF7B9F9A468ECE6023B2F
:10766000012B21D836B95B4607AA05A911A803F05A
:1076700075FD0646CDE90D6A0222214604A8FEF7F3
:10768000EFFF059B002BE8D10322214604A8FEF75B
:10769000E7FF059B002BE0D10422214604A8FEF75A
:1076A000DFFF0028F8D0D8E7019BCDE90D39E3E7EB
:1076B000B8F1000F7FF4C9AEDDF814802C69B8F181
:1076C000000F1BD1139B1898C3F3DC035B0003333B
:1076D00000EB930080004FEA9309F8F7C5FD00EB3B
:1076E0008903FB60DDE914EC4346B8600CF1040843
:1076F00073451BD1189A0023934224D1019800F0BE
:10770000B0FD16B1304603F04BFD0F9808B104F000
:10771000CEFB0298FCF780FF2846AD68FCF7AAFF75
:10772000002DF9D10598B0B1F8F776FD5CF833205B
:107730003AB1042A1FBF58F833104910D20820F874
:1077400011200133D4E7199951F82300F96841F861
:1077500023000133D0E72A46394620461BB0BDE856
:10776000F04F05F0F7B800BFC4E105082DE9F0417E
:1077700088422DED028B80460D4605D10124BDECDB
:10778000028B2046BDE8F081264B984201D10024AF
:10779000F5E79942FBD007F015FB0646284607F0AF
:1077A00011FB8642F3D1204B9E4217D1D8F804201A
:1077B0006B689A42EBD108F1040704350026D8F82B
:1077C0000430B342DAD955F8041F57F8040FFFF715
:1077D000CDFF04460028D2D00136F0E729464046C6
:1077E00007F0BCFD04460028C9D0104B9E42C6D10C
:1077F000404609F0B2FEB5EE400AF1EE10FAB0EEE6
:10780000408ABCD1284609F0A8FE18EE103A10EEC6
:10781000102A03F0004302F000441B1B5C425C4151
:10782000ADE700BFF4E2050894FA0508ECEC0508A2
:10783000C90010B50122044641F00201083007F0EA
:107840007DF843683BB9A368C3F3DC03013B5B00ED
:1078500043F001034360C3F34F0010BD70B505460C
:107860000E460024EB69A34208D8314605F1140006
:107870000BF017F9EC69013C204670BD2B6A3146CC
:1078800053F82400FFF772FF0028F5D10134E9E72F
:1078900010B501220446FCF707FF0378012B05D140
:1078A0002378012B8CBF04230223037010BD70B515
:1078B00005460E46104619461C46FCF7E5FE0378C1
:1078C0005A1E012A06D87368002221462846BDE8C0
:1078D00070401847032B02D173680122F5E7366820
:1078E0004288042B21462846B44608BF0023BDE841
:1078F000704018BF01236047426A0346407903285D
:1079000088BF586B114494BF18468018596270475D
:107910004379012B07D083681944036981605A8C2D
:107920009142C8BF59847047002383714379012B6A
:107930001EBF036AC26A43F8212070476FF003013B
:10794000FFF7E6BF0421FFF7E3BF6FF00201FFF787
:10795000DFBF827903460AB118467047C26A407990
:107960000328114401D8D962F6E7986AD962024423
:10797000586B1044704710B50C460121FFF7E9FF22
:10798000047010BD10B51446FFF7C2FF0121FFF7C8
:10799000E0FF047010BD53220121FFF7F3BF542212
:1079A0000121FFF7EFBF57220121FFF7EBBF58225C
:1079B0000221FFF7E7BF59224FF0FF31FFF7E2BF87
:1079C0005A220021FFF7DEBF5B220021FFF7DABF5A
:1079D0005D224FF0FF31FFF7D5BF19B103215F22C0
:1079E000FFF7D0BF5E22FBE7A1F13002D2B2002147
:1079F000FFF7C8BF62226FF00101FFF7C3BF10B5E8
:107A0000632204464FF0FF31FFF7BCFF0123A3714F
:107A100010BD10B501F164020446D2B24942FFF72D
:107A2000B1FF0123A37110BD10B501F16702044637
:107A3000D2B24942FFF7A6FF2269D38A43F001037D
:107A4000D38210BD38B504461D46FFF79BFF2A467A
:107A500020460249BDE8384013F07EBF5379020842
:107A600070B504460D46C06819461646FFF7E0FE9D
:107A70003246034629462046BDE87040FFF7E2BF84
:107A80000B4610220121FFF7EBBF11320B46D2B299
:107A90000121FFF7E5BF20B40B4602F114055100A8
:107AA000C1F10101EAB220BCFFF7DABF16320B4682
:107AB000D2B24FF0FF31FFF7D3BF19320B46D2B22B
:107AC0000021FFF7CDBF70B4C4682578042D08BF2E
:107AD00065681E46638808BF45F823605D1C6580A5
:107AE00070BCFFF7AFBF03F128011346CAB20021F3
:107AF000FFF7A8BF022A02F12A020B46D2B214BF36
:107B0000C1F101010121FFF79DBF032910B40BD082
:107B100004290BD101210C468B1844EA83032F2240
:107B200010BCC943FFF78EBF0021F4E700210224F7
:107B3000F2E70B4630220139FFF784BF10B441EA67
:107B4000022310BC11443122FFF77CBFF8B5174661
:107B50001E46FFF7DDFE8479054604BB4379022B00
:107B600025D9C46A026AC4F1FF2452F8263004F50C
:107B70007F04FE34442F1C4412D814F1400F14DB50
:107B80003F2CD4BF00260126A41BB11C2846FFF7BA
:107B9000E0FE07706EB9442F98BF40344470F8BDC2
:107BA0007F2C94BF00260126EEE70126ECE7012694
:107BB000EBE76B79442F98BF04F58044042B05D183
:107BC000B4F5004F24BF012385F8383064F07F03FB
:107BD000E41143708470E2E710B50B46044642227C
:107BE0000021FFF7B3FF0123A37110BDF8B50546CF
:107BF0000C46164621F40047A2B90B0409D55921B9
:107C0000FFF7B9FE032459212846FFF7B4FE013CD3
:107C1000F9D13B46422200212846FFF797FF012376
:107C2000AB71F8BD3B4640220021FFF78FFF210AD0
:107C300021F07F013143C9B22846FFF79CFEEEE7F1
:107C400020B40B46B2FA82F102F147054909EAB2C3
:107C5000490020BCFFF77ABF0B464B220121FFF7FA
:107C600075BF10B50B4604464A220021FFF76EFF90
:107C70000123A37110BD0000264BD3F80032022B64
:107C80002DE9F04706460F460ED88569A9420BD963
:107C9000C46A43694D1BE41A40F2FF7855EA0403B5
:107CA00004D1F36AC6E90537BDE8F087062D01D98E
:107CB0000F2C1AD91F2CA24628BF4FF01F0A1F2CC9
:107CC00010D8032DA94628BF4FF0030901213046E3
:107CD000FFF712FE4AEA49130370A4EB0A04A5EB6E
:107CE0000905DBE74FF00009F0E74545A9464FF0ED
:107CF000020128BFC1463046FFF7FEFD4FEA1913C7
:107D000003F07003234363F07F03037080F8019056
:107D1000A246E2E77804002010B5044631B95522A6
:107D20004FF0FF31BDE81040FFF72CBE022904D10F
:107D3000FFF731FE2046FFF747FE56226FF00201A3
:107D40002046EFE7134621B143224FF0FF31FFF702
:107D5000FDBE4422F9E7134621B145224FF0FF3121
:107D6000FFF7F4BE4622F9E7322938B5054611D0AF
:107D7000332912D000242939CAB228464FF0FF31E6
:107D8000FFF700FE64B12846D322BDE83840002149
:107D9000FFF7F8BD01240621EDE701240721EAE7FA
:107DA00038BD012A10B40B46044607D0022A0CD174
:107DB00010BC69224FF0FF31FFF7E4BD11461B32C2
:107DC0002046D2B210BCFFF74BBE4FF0FF31F6E7B2
:107DD00070B50D46044611462AB92B461322BDE85C
:107DE0007040FFF73DBE022A04D1FFF7D4FD2046C4
:107DF000FFF7E6FD2B4618226FF001012046EEE763
:107E000010B404463BB90F2A05D8503A10BCD2B280
:107E10000121FFF7B7BD03F124012046134610BC32
:107E2000CAB20121FFF70EBE10B4044643B90F2AAF
:107E300006D8403A10BCD2B24FF0FF31FFF7A2BDD6
:107E400003F126012046134610BCCAB24FF0FF31A1
:107E5000FFF7F8BD70B4DDE90365D2B203EB460469
:107E600043EA062315B101320134D2B2091B70BCBA
:107E7000FFF7E8BD07B5CDE900230B46342200210A
:107E8000FFF7E8FF03B000BD07B5CDE900230B46BF
:107E900036224FF0FF31FFF7DDFF03B000BD10B514
:107EA0000446C068FFF7DAFC23220346012120467E
:107EB000BDE81040FFF7C6BD01F110033F2B73B5BD
:107EC00006460D4608D8A1F18002D2B2012102B0C7
:107ED000BDE87040FFF756BD012122220DF10504D7
:107EE000FFF750FD214605F07F002B46ED1122469D
:107EF00004F8010D681C0128F5D8013503F0400392
:107F000014D11BB97F2304F8013C941E091B304691
:107F1000FFF71FFD01AD01462346AB420AD11844CD
:107F2000001B9DF80430037002B070BD002BEDD033
:107F30000023E8E713F8012B62F07F0201F8012B20
:107F4000EBE770B51446049A134305460B6907BF67
:107F50002022C4F10101E1432122FFF7B4FDE1B287
:107F60002846BDE87040FFF706BD1A4308BF32221D
:107F70000B6916BF332201214FF0FF31FFF7A3BD7C
:107F80000D2910B504460BD10949C068FFF766FCFE
:107F90002322034601212046BDE81040FFF752BDD1
:107FA00001F14202BDE81040D2B20121FFF7EABC64
:107FB00024F6050838B504460D460F21FFF7E0FF0B
:107FC00020462946FFF7B0FC02215C22FFF7DAFCCD
:107FD00020466FF00301BDE83840FFF799BCF8B5C3
:107FE00004460F460F211D461646FFF7C9FF2046DF
:107FF000FFF7E6FC39462046FFF7EEFD3146204606
:10800000FFF792FCFFF7CFFC012220462121FFF76A
:108010003CFD20460821FFF7A7FE2A462046002106
:10802000BDE8F840FFF78EBE4379012B70B50446DA
:1080300014D0C26B436A00259B1AC3630564206990
:10804000038D9D420CD36379032B1BD1606AE36AD5
:10805000A06223631844F8F720F96063012070BD23
:10806000C36A03EBC50213F83530052B08D1012193
:1080700020469678FFF740FC0670236C013323649A
:108080000135DCE7042BE9D1D4E90A13626A8A429C
:1080900002D1216B994203D0A26223630020DEE764
:1080A00094F838301BB10649064805F08DF8E268AF
:1080B000C38A5268616B006904F031FCCEE700BFEF
:1080C0008F910508E0E905082DE9F74F16460023D2
:1080D000C0E90423378C83608371C362436280F8F4
:1080E0003830738CB6F82490B6F81A80B6F816A01B
:1080F000B6F81EB0417101221F449742B8BF17461F
:108100004FEA8904013F826104F0040408F003028D
:108110001443FA0002F07802B38B05460AF00F0A06
:1081200014433F094FEA59094FEA980847EA090200
:1081300042EA0A0242EA08021A4352EA0B0235D125
:1081400001212846FFF7D8FB04706B79022B19D95F
:10815000D5E90F787C0008F0010304F07E041C438D
:108160004FEA5808BF0944F0800358EA07094FF066
:108170000101284618BF1C46FFF7BEFB0470B9F189
:10818000000FE7D16B6AB18AEB63E868FFF750FB39
:108190002B490246284613F0DFFB0024738BB28B79
:1081A0001344A34248DD318D002241E001212846DD
:1081B0000193FFF7A1FB64F07F043A0104704FEADA
:1081C0008A14019B02F0300204F0400414430BF0C7
:1081D00001021443DA0002F0080214434FEA880255
:1081E00002F0040214434FEA490202F0020214436F
:1081F000BF084FEA59094FEA5A0A4FEA58085B0884
:108200004FEA5B0B92E7F36A03EBC2035878C007AF
:108210000DD55888A0420AD15968E868FFF708FBD5
:1082200007490246284613F097FB0134B6E70132AE
:108230009142E8DC0521F0E703B0BDE8F08F00BF14
:10824000F978020810B504464420F8F726F8C4600F
:1082500010BD10B50446C1618800F8F705F820622A
:1082600010BD10B50446006AF8F726F82046BDE8B0
:108270001040F8F721B810B5044601618800F7F7FF
:10828000F3FF606110BD10B5044611B1C068F8F786
:1082900013F86069BDE81040F8F70EB8012938B549
:1082A00004460D460BDC0269406992004FF0FF3135
:1082B00021F03CFE002325706370636038BD406888
:1082C000F7F7D2FF6368E060A360F3E7437810B587
:1082D000024653B944680078022808BFD368214495
:1082E0000CBF18191846516010BD0020FCE7002390
:1082F00043700378012B9EBF4369426843F82120F5
:10830000704742684B1E134449420B40436070471C
:1083100038B50D461446FFF7D9FF10B10544A84201
:1083200000D138BD00F8014B240AF8E710B50C461F
:108330000221FFF7CBFF10B10470240A447010BD76
:1083400038B50D4604211446FFF7C0FF28B105706B
:1083500084702D0A240A4570C47038BD012970B597
:10836000054606DC002909DA023921F00104FE265F
:1083700006E08B1E012BF7D80024F8E70024F22634
:1083800046F435412846FFF7D1FF44B17F2C09D888
:1083900044F4304141F080012846FFF7C7FFC5E9AA
:1083A000066470BDA300A201DBB202F4E0421A43EE
:1083B00042F450624FF2AD212846FFF7C1FFEEE7CD
:1083C000C16910B5044629B17F290BD841F4304169
:1083D000FFF7ACFFA169204641F43D41BDE81040E4
:1083E000FFF7A4BF8B008A01DBB202F4E0421A431C
:1083F00042F450624FF20D21FFF7A2FFEAE711436A
:1084000041EAC301FFF792BF072A85BF083AD200AD
:10841000D20042F04002072985BF083911431143B9
:1084200041F0800141F48C41FFF780BF30B4DCB2F1
:1084300044EA02225C101D0104F48064C3F3033398
:1084400005F4E04523432A43194330BCFFF778BFC6
:1084500038B5436953F821404368E41A043C0546A3
:10846000C4F34A0141F46041FFF760FF2B78022B0F
:1084700001D0012038BDB4F5006FFAD36FF30A04C0
:1084800014F5006F14BF00200120F3E7F8B544692C
:1084900054F822404268A41A043C074665101E4660
:1084A000BBB9EDB245EA012141F45041FFF73EFF6F
:1084B0003B78022B03D0012426463046F8BDFF2C22
:1084C000F9D924F0FF0414F5807F14BF002401249F
:1084D000F2E76211C5F30A0502F400522A43A5121D
:1084E000231205F48065C4F3053403F400632543C7
:1084F0001A4345EA811142F4004241F47041FFF70A
:108500001FFFDAE738B5436953F821404368E41A9E
:10851000043C0546C4F34F02C4F30A3142F47842E6
:1085200041F47041FFF70CFF2B78022B01D00120A2
:1085300038BDB4F5800FFAD36FF3150414F5800F2E
:1085400014BF00200120F3E7F8B5476804460D4644
:10855000164613460A464FF24021FFF767FF2046B2
:10856000330C2A464FF2C021FFF760FF3846F8BDB2
:10857000072910B4044608D8FF2A06D842EA012188
:1085800010BC41F40051FFF7D1BEB2F5803F07D2D5
:10859000134620460A4610BC4FF24021FFF746BF63
:1085A000204610BCFFF7D0BF2DE9F84341EA02078F
:1085B000072FDDF8209006460C4615464AD803FAE8
:1085C00009F7FF2F0CD8914201D0FFF71DFF47EAB2
:1085D000042141F440513046BDE8F843FFF7A6BE00
:1085E000FF2B4FEAC10814D8914218D043EA012367
:1085F00043F40051FFF79AFE44EA891141EA080169
:108600003046FFF793FE48EA8511214341F4C051FB
:10861000E1E7914203D03A46FFF7AAFFF3E784F07F
:108620000709012505FA09F545F434413046FFF7FD
:108630007DFE3A4649463046FFF79AFF44EA8911E3
:1086400041EA080141F4C0513046FFF76FFE45F49E
:108650003C41C0E7BDE8F88308B50378012B04D995
:10866000FF2902D9054805F0A7FDC9B241EA022158
:10867000BDE8084041F41041FFF758BE9A91050843
:1086800008B50378012B04D9FF2A02D9054805F063
:1086900093FDD2B242EA0121BDE8084041F41841FD
:1086A000FFF744BE9A910508D2B242EA012141F493
:1086B0002841FFF73BBE38B5436953F82230426882
:1086C0009B1A43F001030C4605460A460A3B4FF24B
:1086D0004021FFF7ABFE2346284622464FF43241A5
:1086E000FFF78DFE210101F0800104F00704214312
:1086F00041F48841284641F07801BDE83840FFF751
:1087000015BE000073B51F2B069D06460C4611D8FA
:10871000114307290ED81A49495D44EAC20241F0C3
:10872000010142EAC12141EA831102B0BDE8704073
:10873000FFF7FCBD03FA05F1B1F5805F0DD242EA07
:10874000451541EA043245F4784141F09001304644
:1087500002B0BDE87040FFF7F3BD1F3B2146304635
:108760000095FFF721FF064B5B5DE10043F001033D
:1087700041EAC321214341F4F8613046D5E700BF07
:10878000BCE005082DE9F7431F2B0A9E07460C465F
:108790001546994610D841EA0203072B0CD8204B06
:1087A000995D44EAC12141EAC20141EA891103B05D
:1087B000BDE8F043FFF7BABD09FA06F2B2F5805FF3
:1087C0000DD245EA461141F4784142EA043241F0C3
:1087D0008001384603B0BDE8F043FFF7B1BD4FF06C
:1087E000010808FA05F848F434413846FFF79EFDC1
:1087F000A9F11F032A46294638460096FFF7D4FE02
:10880000074B9B5D44EAC50141EAC32141F4F8618D
:108810003846FFF78BFD48F43C413846C7E700BFB8
:10882000BCE00508436953F821104368CB1A043BA8
:10883000013110B4C3F34A0204460DD0D91C0BDA3F
:1088400023F4FF6121F0070111F5006F04D110BC82
:1088500042F46041FFF76ABDC3F30A33204642F495
:10886000384210BC43F47041FFF76ABD436953F8C6
:1088700022204368D31A043B013230B405464FEA44
:1088800063040ED0DA1C0CDA23F0FF0212F5807FAD
:1088900007D1E4B244EA012141F4504130BCFFF772
:1088A00045BD5A11C4F30A04181202F400522243BF
:1088B00000F400600243981200F48060C3F30533B3
:1088C000034343EA8111284642F4004230BC41F49C
:1088D0007041FFF735BD37B5144602220B460092B2
:1088E000214607220546FFF70DFFE10041F48F41C5
:1088F000284603B0BDE83040FFF718BD07289ABFEF
:10890000024B33F9100040F203207047C0E0050825
:10891000C36C19440369C164012B04DD436D5A8C97
:108920009142C8BF5984704770474FF0FF31FFF73D
:10893000EFBFFFF7FABF6FF00301FFF7E9BF704722
:1089400038B5C36C1944036A9942054608D9083101
:1089500021F00304406AE100F7F7A1FCC5E90840F3
:1089600038BD70B504460E4601211546FFF7E8FFF5
:10897000E06C616A01EBC00301F8306001215970BD
:108980005D602046BDE87040FFF7C2BF70B5044689
:108990000E4601211546FFF7D3FFE06C616A01EB3B
:1089A000C00301F8306002225A705D602046012148
:1089B000BDE87040FFF7ACBF00221146FFF7E6BFED
:1089C0000A460221FFF7E2BF70B50C1E054605DD21
:1089D000FFF7B6FF00231E46A34205DB21462846CB
:1089E000BDE87040FFF794BFEA6C696A1A4401EB76
:1089F000C200012C46700CBF95F82800002001F839
:108A000032000133E8E7F8B5D0E90B530133AB424C
:108A100004460E46174606D90435406BA900F7F701
:108A20003EFCE5626063D4E90C32591C2163C6F355
:108A30000E0102EB830041EAC73122F823104FF602
:108A4000FF7343803246A06D0021FFF734FEA06D16
:108A50000022BDE8F8400321FFF7FEBD037D33B1DE
:108A6000C36C426A5B1A013B12F833007047184628
:108A7000704738B504460D460121FFF761FFE26CEF
:108A8000636A4FF4807023F8320003EBC201204682
:108A90004D60BDE838400121FFF73ABF37B5456D5D
:108AA000ED8AEC070B4608D5114602220092806D34
:108AB0000622FFF767FE03B030BD806D03B0BDE84E
:108AC0003040FFF7C9BD70B5002405462646EB6C63
:108AD000A34200DC70BD6B6A03EBC4035A78012A21
:108AE00007D15E70B5F84A105A6821442846FFF74E
:108AF000D5FF0134EBE7F8B504461E4617460D4690
:108B0000FFF7E1FFA06D3A463146FFF731FDA06D5A
:108B100029460322BDE8F840FFF7DDBE38B504461C
:108B20000D46FFF7D0FFA06D29460322BDE838406F
:108B3000FFF7D1BE10B508210446FFF7EFFF20462E
:108B40000021BDE81040FFF794BFF8B50446174672
:108B50001E460D46FFF7B7FFA06D3A460021FFF70E
:108B600007FDA06D32460121FFF702FDA06D2946E9
:108B70000322BDE8F840FFF7AEBEF8B5C66C054667
:108B80000F46B61A0024EB6CA34200DCF8BDB442D9
:108B900011D06B6A03EBC4035A78012A0BD15A68CF
:108BA000BA4208D100225A70B5F84A103A46214418
:108BB0002846FFF773FF0134E5E738B50022054684
:108BC0000C461146FFF7D9FFE200A86D002142F0E4
:108BD0000202FFF7CDFC28460021BDE83840FFF730
:108BE00048BF13B5446DE48AE407134607D5022253
:108BF0000092806D0622FFF785FD02B010BD806DEA
:108C000002B0BDE81040FFF73BBD0000F8B5C369F6
:108C10009E5C602E0446154606D1476813480A46F6
:108C2000134908F0F5FA3860022D0DD8636D9A8C5F
:108C300052B9DB8ADB0707D40E4B5A5D314620461A
:108C4000BDE8F840FFF78DBE002211462046FFF731
:108C500094FFB4F84A20636C1A44521B013A002175
:108C60002046FFF7BEFF0022E8E700BF2CE9050819
:108C7000B0910508C0E1050873B503681A785D88EE
:108C8000042A04BF5A6842F825106A1C04460226CA
:108C90005A800021B0F84820FFF7A3FF0096002279
:108CA000A06D33461146FFF72DFD00960022A06D02
:108CB0002B461146FFF726FD02B070BD73B50022AA
:108CC00004460D461146FFF758FF626D2068D38AAF
:108CD00043F02003D3822946FEF7C0FD0225B4F8F5
:108CE0004820064600212046FFF77BFF0095002222
:108CF000A06D11460123FFF705FD00950022A06D30
:108D000011460323FFF7FEFC00950022A06D1146DB
:108D10003346FFF7F7FC0021204602B0BDE8704063
:108D2000FFF7A7BE0D2902D10749FFF7C7BF0F29DB
:108D300003D100225421FFF729BEB1F10E0218BF62
:108D400001220121F7E700BF24F60508F8B5C76C3A
:108D5000446A07F10053023B04EBC3040546D4E91F
:108D6000020184E80300667856B9B5F84A203A440F
:108D7000013A31462846FFF734FF012363706660ED
:108D800028464FF0FF31BDE8F840FFF7C1BDF8B508
:108D900004461E4617460D46FFF795FEA06D3A465F
:108DA0003146FFF7E5FBA06D29460322BDE8F840F8
:108DB000FFF791BD10B402F1290400230A46E1B285
:108DC00010BCFFF7E4BF70B504460E46154662B10D
:108DD000037D53B1084605F0F9FB021E05DD204670
:108DE0007021BDE87040FFF7D1BD0635E9B22046DD
:108DF00032460023FFF7CBFF20460021BDE870403C
:108E0000FFF737BE07B51346022200920722FFF78D
:108E100079FC03B000BD000070B50E46154643B99D
:108E2000037D33B15268806DFFF7A2FB2C7820469A
:108E300070BD2C782CB96A68806D3146FFF798FBBD
:108E4000F5E7012C06D16A680132806D3146FFF7E3
:108E5000D9FF0AE0A31E012B09D86A68806D520071
:108E600042F001023146FFF783FB0024DFE7542C78
:108E700001D10022E9E7014805F09EF9C5910508F6
:108E8000F8B50546FFF71FFE00242746EB6CA3420A
:108E900000DCF8BD6E6A06EBC4025378022B0ED1DB
:108EA0005770012100232846FFF7B6FF06F834006B
:108EB000B5F84A10012221442846FFF7EFFD01349E
:108EC000E4E738B504460D46FFF7DAFFA06D294602
:108ED000FFF7A8FCA36D01225A7038BDF8B504460F
:108EE0000E4617460A4619461D46FFF746FEE36C36
:108EF000616A9B1B01EBC30211F833303B7053785E
:108F0000012B0DD0022B14D0CBB9B4F84A20E36C5E
:108F10001A44921B29462046BDE8F840FFF761BE7F
:108F20005268AA420BD0A06D2946BDE8F840FFF771
:108F30006BBA002329462046FFF76EFF3870F8BD54
:108F400010B5134604460A460121FFF7C7FF204625
:108F50004FF0FF31BDE81040FFF7DABC70B5049E5A
:108F600004461D46FFF7ECFF324629462046BDE881
:108F70007040FFF7E5BFF0B585B001250DF10F0397
:108F80000DF10E01009500220446FFF7E7FF9DF862
:108F90000F709DF80E602A4639462046FFF7E1FC27
:108FA000314620460022FFF7DCFC2A46394620469F
:108FB000FFF7D7FC00223146204605B0BDE8F0405F
:108FC000FFF7CFBC2DE9F041DDE9068504461F46D9
:108FD000089EFFF7B5FF424639462046FFF7B0FF2F
:108FE000324629462046BDE8F041FFF7A9BF2DE9EA
:108FF000F04186B002260DF11703012501930DF112
:1090000015010DF116030296009500220446FFF7A4
:10901000D9FF9DF817809DF815109DF81670204611
:109020000022FFF79EFC324641462046FFF799FC9E
:109030002A463946204606B0BDE8F041FFF791BC0C
:1090400030B587B00DF117030025019302230446C4
:10905000009301220DF116030DF115010295FFF7A2
:10906000B1FF20461921FFF759FD2946204607B0D8
:10907000BDE83040FFF7FDBC03297FB50546164625
:1090800013D101220DF10F01FFF75AFF18243146C9
:10909000284600230DF10F02FFF720FF2146284646
:1090A00004B0BDE87040FFF739BD052906D10122A3
:1090B0000DF10F01FFF744FF1724E8E702230093A7
:1090C00001220DF10F030DF10E01FFF747FF1924E7
:1090D000DDE710B50A46044601210023FFF7FEFE36
:1090E00020464FF0FF31BDE81040FFF711BCF0B54E
:1090F000044685B00E461546C2B90223077D0275A7
:109100000DF10E01009301220DF10F03FFF726FF71
:1091100027752B46324623212046FFF738FE0021D3
:10912000204605B0BDE8F040FFF7A3BC012A09D1F5
:1091300000230DF10F022946FFF7D0FE2B463246E1
:109140002421E9E70DF10F01FFF7C3FF2521204698
:1091500005B0BDE8F040FFF7E1BC0000022A7FB592
:1091600004460E46154614D8436D9A8C8AB9DB8A9C
:10917000DB070ED4184B0DF10F015A5DFFF7E0FE2F
:10918000E3699DF80F20585D602812D15A5504B04C
:1091900070BD0DF10F012046FFF79BFFB4F84A1098
:1091A000636C1944491B002201392046FFF776FC05
:1091B000E6E79042EBD0FFF7A1FB01461046FFF730
:1091C0009DFB3246646800900B460448044908F051
:1091D0001FF82060DBE700BFC0E105082CE90508A7
:1091E000CA91050870B504460D4616464BB90F21C5
:1091F000FFF798FD324629462046BDE87040FFF74C
:10920000ADBF70BD73B504460E4615467AB901224E
:109210000DF10701FFF794FE05F10C010023324622
:10922000C9B2204602B0BDE87040FFF7B0BD0021D2
:10923000FFF714FC20B901220DF107012046E9E7F0
:109240000DF107012046FFF744FF9DF80720204657
:1092500001230421FFF74FFCA06D00220121FFF73D
:10926000D3F8D9E773B50D4600210446FFF7F6FBA6
:10927000831EDBB2012B06462DD855B3012D14D128
:109280000DF107012046FFF724FF00231A4644F2A0
:109290004021A06DFFF7B3F89DF80710002220468B
:1092A00002B0BDE87040FFF75CBB022D09D10DF1A3
:1092B00007012046FFF70DFF00231A4644F2C03194
:1092C000E7E7124B64685A5D1149124807F0A0FFA6
:1092D000206002B070BD90B90DF107012046012257
:1092E000FFF72EFE204633462A461121FFF703FCE6
:1092F0003146204602B0BDE87040FFF7BABBFFF729
:10930000FDFA054964680246DFE700BF4CFB05082B
:10931000DA9105082CE90508E3910508012937B51C
:10932000044602D00C4804F047FF0DF10701FFF797
:10933000D0FE9DF807302BB108490948656807F051
:1093400067FF286022212046FFF7E8FBA36D01227A
:109350005A7003B030BD00BFF3910508FB910508BA
:109360002CE9050810B50446D0E90C3003F1804320
:10937000013B00EB8303DA7822F08002DA70043BD1
:1093800098420BD893F90320002AF8DA1A88A06DC6
:10939000C2F30E020021FFF78EF905E059B9A06D66
:1093A0004FF40051FEF7C2FFA06D0022BDE810404F
:1093B0000321FFF751B910BD10B504460121FFF795
:1093C000D1FFA06D00210122FFF75AF920460021AC
:1093D000BDE81040FFF74DBB036B73B504460E4666
:1093E0007BB900252046FFF74BFDA06D3146FEF707
:1093F0007EFF1DB30021204602B0BDE87040FFF79C
:10940000B1BF426B03F18043013B02EB830191F951
:1094100001100029E5DA32F82330C3F30E03B3421A
:10942000DFD100230DF107020121FFF757FDA06DE9
:1094300000220121FFF710F90125D3E702B070BD2A
:1094400038B504460D467AB1806D4FF40051FEF7F1
:109450006DFFA06D00220121FFF7FEF8294620468E
:10946000BDE83840FFF72DBD1146FFF77BFFF5E75C
:109470002DE9F04104460D4672B3D0E90C3C03F1EE
:109480008043013B0CEB83030021184616460F4630
:1094900090F901E0BEF1000F09DA90F903E0BEF1A6
:1094A000000F04DA002F08BF0746E1B90146013E6C
:1094B000A0F10400ECD1A06D21BB6FF00306724354
:1094C0009E18B44518D94FF40051FEF72FFFA06D38
:1094D00000220321FFF7C0F825F400412046BDE833
:1094E000F041FFF7EEBCB0F80080B1F802E068F39D
:1094F0000E0EA1F802E0D9E79A5AC2F30E02FFF766
:10950000DAF8E4E74B8847F6FE7262F30E034B800D
:1095100025F400423146FFF7CEF8A06D3246132104
:10952000FFF79AF8A06D32463146FFF721F8A06D9B
:1095300032460121FFF790F83D88C5F30E05CBE7D1
:109540002DE9F3410E460021044617461D46FFF75C
:1095500085FA0DF1070138BB2046FFF7BAFD1DB9AA
:1095600001212046FFF7D4F910212046FFF7D6FA53
:109570001DB99DF8073084F828302046FFF780FC9D
:10958000A06D4FF4205146B3FEF7D0FE3A460121BC
:10959000A06DFFF76BF92DBB4FF0FF31204602B0F5
:1095A000BDE8F041FFF7B4B92046FFF792FD1DB9C1
:1095B00001212046FFF7ACF99DF80700431E022B5E
:1095C000D6D9FFF79BF90949D4F804800246084828
:1095D00007F01EFEC8F80000CAE7FEF7A7FE3A46ED
:1095E0003146D5E702B0BDE8F08100BF059205081D
:1095F0002CE905080023FFF7A3BF0123FFF7A0BF55
:1096000038B5FFF792F904460122806D0021FFF77B
:1096100037F822212046FFF781FAD4E90C35013BC7
:1096200005EB830523636B8847F6FF72C3F30E03D4
:10963000934228D01322A06D0021FFF721F8A06DDE
:109640004FF42051FEF772FEA368A06D1A68002146
:10965000FFF70CF9698847F6FE73C1F30E029A42D0
:109660000BD1A06D4FF48E41FEF760FEA36820463B
:109670001968BDE83840FFF7AFBEC1F30E012046C0
:10968000FFF71FFCF2E738BD38B50546D0E91530C5
:10969000DB8ADB070BD501EBC1049200FEF768FF04
:1096A000A86D44F4CC51BDE83840FEF73FBEBDE89C
:1096B0003840FEF7F9BF2DE9F84F04468846924638
:1096C000FFF701FA00252F46554510D10026B34675
:1096D00056452AD171422046FFF71AF9B4F84A20BC
:1096E000E36C41461A44BDE8F84FFFF7CDBFE66C86
:1096F000D4F82490013E761B09EBC6025378022B66
:1097000011D15770012341462046FFF785FB09F828
:109710003600B4F84A10E36C194401394246491B3B
:109720002046FFF7BBF90135CEE7E36CD4F824906F
:109730005F1EBF1B19F83720B2B1B4F84A501D4460
:10974000013DAA1B00212046FFF74BFA19F83720EC
:10975000012304212046FFF7CEF90022A91B204651
:10976000FFF79CF909F837B00136B1E7F8B50446C0
:109770000D46164693B1CA1C02EB46020221FFF7C2
:109780009AFF45EA062301221D212046FFF7DDF955
:1097900020460021BDE8F840FFF76BB98A1C02EBB8
:1097A00046020221FFF787FF33462A461C21ECE7D9
:1097B0002DE9F7430446894616460121B0F84820B2
:1097C000DDF8288002271D46FFF70BFA01230097DA
:1097D000A06D1A461946FEF795FF55EA08052DD1EA
:1097E0002046FFF770F9A06D2A463946FEF7C0FE05
:1097F000D9F810102046FFF73FFAA06D03221A2176
:10980000FFF769F8A06D32460121FEF7B1FE32463E
:1098100002212046FFF74FFF25B16FF001012046DE
:10982000FFF776F8A06D03222B21FFF754F80021F3
:10983000204603B0BDE8F043FFF71BB9B21C394620
:109840002046FFF738FFB11C2046FFF761F8FFF70D
:109850003AF9CDE72DE9F341044615468846B0F8BC
:109860004820012102261F46FFF7BBF9012300967D
:10987000A06D1A461946FEF745FF3D4318D1204614
:10988000FFF721F9A06D2A463146FEF771FED8F8A0
:1098900010102046FFF7F0F9A06D03221A21FFF700
:1098A0001AF80021204602B0BDE8F041FFF7E1B808
:1098B000204632463146FFF7FEFE2046FFF703F909
:1098C000E5E770B5042A86B004460E46154629D150
:1098D00002294FF0000517D101220DF11701009563
:1098E0000DF11603FFF73AFBA06D2A463146FFF74C
:1098F00089FA26212046FFF711F90021204606B0FB
:10990000BDE87040FFF7B5B80DF1150301930123D1
:10991000009302950DF1160302220DF11701FFF7D6
:1099200051FBE6E7012A01D9032A04D1324601217D
:109930002046FFF7C0FE05F1130100233246C9B2ED
:109940002046FFF7D8F8D8E738B5042204460D467C
:109950000021FFF7B0FE20460421FEF7D9FF1F21AA
:10996000FFF7DCF8A06D4FF42051FEF7DFFCA06D8F
:109970002A460021FEF77AFF20460021BDE8384044
:10998000FFF777B837B504460D460021FFF7EAFC2C
:1099900020464FF0FF31FEF7BBFFA3681968023184
:1099A000FFF71AFD204600225421FEF7EFFF204664
:1099B00000225421FEF7EAFF204600225421FEF740
:1099C000E5FF204605220221FFF775FE032220460F
:1099D00000231C21FFF7B9F8A36820461968FFF798
:1099E00070FAA06D2946FEF782FC20460121FFF7A0
:1099F000B9FC20460221FEF7E7FFA06D01220021FD
:109A0000FEF73EFEA06D4FF42051FEF78FFCA368D9
:109A1000A06D1A68022502320021FEF727FF0023FD
:109A200000951A46A06D0121FEF76CFE204601212B
:109A3000FFF71FF820460021FFF71BF82046002201
:109A40005421FEF7A3FF294620460522FFF733FEE7
:109A50000023032220461C21FFF777F8204610211F
:109A6000FFF75CF8A06D4FF42051FEF75FFCA36890
:109A7000A06D1A6800210132FEF7F8FEA3682046A7
:109A80001968FFF7A9FCA06D4FF40051FEF74EFCDA
:109A9000A06D00220121FEF7DFFDA36819682046B2
:109AA0000131FFF799FC0121204603B0BDE83040A9
:109AB000FEF72EBF436D73B5DD8A15F0010604462F
:109AC00013D001220021FFF7F6FD002202212046DB
:109AD000FEF7E4FF0022A06D1146FEF749FDA06DE0
:109AE00000221221FEF7B8FD1BE0037D002B46D0BB
:109AF0003146FEF7B3FF5428C5F3871525D120461C
:109B0000FEF713FFADB9A06D2A462946FFF77AF993
:109B1000636D9A8C002AE2D1DB8A03F01103002BDB
:109B2000DDD1226BE168204602B0BDE87040FFF74E
:109B30009FBCA06D32463146FEF71AFD01232A462E
:109B400004212046FEF7D7FFE2E70DF1070120468A
:109B5000FFF7BFFA9DF80710A9420DD02846FEF77F
:109B6000CDFE02460846FEF7C9FE07496668034671
:109B7000064807F04DFB3060002DC9D0DEE70DF13F
:109B80000701FFF7A6FAC3E7129205082CE90508BA
:109B9000F8B5164604460F46FEF795FF31462046B7
:109BA000FEF7CEFE0025E36C2A46B5420CD1B4F890
:109BB0004A20394620461A44FFF766FD29462046CA
:109BC000BDE8F840FEF7A4BE5819616A013521F8D6
:109BD0003020EAE773B50D4616460DF1070104463D
:109BE000FFF777FA721C2A4420460221FFF7D0FFC4
:109BF000012345EA06222821204602B0BDE8704034
:109C0000FEF779BF37B504460D460DF10701FFF7A2
:109C100060FA2A4620460221FFF7BAFF01232A46AE
:109C20002721204603B0BDE83040FEF764BF37B5BA
:109C30000D460DF107010446FFF74BFA5DB12046D2
:109C400004220121FFF7A4FF1E21204603B0BDE836
:109C50003040FEF763BFA06D2A460121FEF788FC65
:109C600020461E21FEF75AFF2946204603B0BDE8D4
:109C70003040FEF7FEBE37B504460D468AB10322DA
:109C80000121FFF718FD022201212046FFF780FF86
:109C900000232A460B21204603B0BDE83040FFF7E1
:109CA00076B80DF10701FFF714FA0222114620469B
:109CB000FFF76EFF01232A460A21ECE77FB5012555
:109CC00004460DF10F030DF10E0100950022FFF780
:109CD00045F99DF80E109DF80F6020460022FEF712
:109CE00040FE2A463146204604B0BDE87040FEF7EB
:109CF00038BEF8B504460F4601211D461646FEF74C
:109D000063FE2046FFF7DAFF0F212046FFF70AF82F
:109D10002046FFF7D3FF39462046FFF7D2F820460A
:109D20004FF0FF31FEF750FE31462046FFF754FB5F
:109D30002046FEF7FAFD0122A06D0021FEF7A0FCEF
:109D400020460021FEF795FEA06D4FF42051FEF74E
:109D5000EDFAA06D2A460021BDE8F840FEF786BD69
:109D60002DE9F3410E4601EB4201044615469846A3
:109D7000FEF774FE702834D1E26C636A03EBC20311
:109D80000021204613F80C6CFEF768FE07280546F4
:109D90000DD888B12046FEF7D9FFE36C626A03F163
:109DA0000053013B02F8336002B0BDE8F081542853
:109DB000F0D0214804F000FA0DF107012046FFF72A
:109DC00088F92046FEF7B1FD324601230321FEF754
:109DD00092FE2A463146204602B0BDE8F041FEF729
:109DE000C0BD46EA0527B8F1000F11D08A1C2046F5
:109DF0000221FFF760FC3B4600221D212046FEF7B2
:109E0000A4FE0021204602B0BDE8F041FEF731BEBD
:109E1000354304D00A4620460221FFF74CFC0DF1E1
:109E200007012046FFF755F901233A461B2120463A
:109E3000FEF761FEE5E700BF1A9205082DE9F04143
:109E4000C56CD0F824C0DDF81880013D0CEBC506C8
:109E500004467778012F14D1D6F804E09E4510D03F
:109E6000C6450ED01CF835300B70716811603A464B
:109E7000FEF783FE20464FF0FF31BDE8F041FEF7CC
:109E800047BD136820460A460121FFF727F8F1E78E
:109E90007FB5002303934FF0FF33009303AA0DF126
:109EA0000B010446FFF7CAFF9DF80B50039E29469D
:109EB00032462046FEF755FD32462946204604B07C
:109EC000BDE87040FEF74DBDF7B504460E46154699
:109ED000002A55D1134601210DF10702FEF7FEFFBE
:109EE000022211462046FFF753FE012320460D2291
:109EF0000A21FEF74CFF0DF1070120460222FFF771
:109F00001FF801220DF107012046FFF719F80DF1A6
:109F100007012046FFF7DDF89DF807702046394617
:109F20000122FEF71EFD394620460222FEF719FDEA
:109F3000022211462046FFF72BFE012320460C2269
:109F40000A21FEF724FF022211462046FFF7B3FB49
:109F50002B462A4620461C21FEF7F7FD29462046BF
:109F6000FEF787FD2046FEF78BFF20460122314693
:109F7000FEF749FD204603B0BDE8F040FFF788BF7B
:109F8000FEF77EFFAB1E5A425A413146204603B0CF
:109F9000BDE8F040FEF737BD70B5044686B00D460B
:109FA000164623B906B0BDE87040FFF7D7B80022C7
:109FB0001146FEF7E2FD204600220121FEF7DDFDFD
:109FC000324629462046FEF721FE002304934FF037
:109FD000FF33009304AA0DF10F012046FFF72EFF77
:109FE000049D009501262B4605AA0DF10F01204680
:109FF0000596FFF723FF022300930599A06D3346D2
:10A000002A46FEF7BFFB06B070BD7FB504460D467D
:10A01000164623B904B0BDE87040FEF7F7BD002234
:10A020001146FEF7AAFD324629462046FEF7EEFD10
:10A030004FF0FF330025009303AA0DF10B012046DA
:10A040000395FFF7FBFE02230093A06D039A2946B8
:10A050000123FEF757FB2946204604B0BDE87040B7
:10A06000FEF707BD2DE9FF410D4601210446FEF72D
:10A07000F5FC002180462046FEF7F0FCA8F1020323
:10A08000DBB2012B06468DF80B0000F2D680831E52
:10A09000DBB2012B00F2028105F10D03A5F10902EB
:10A0A000DBB20C2A98BF1D461F2D01D0212D24D1D3
:10A0B0000023009301220DF10A030DF10B0120464C
:10A0C000FEF74CFF9DF80A30022B07D07D4B7E49EE
:10A0D0005A5D7E48666807F09BF830601F2D0CBF04
:10A0E0002E212F212046FEF719FD002202212046B5
:10A0F00004B0BDE8F041FEF734BC0126022303930F
:10A1000003AA0B4620460DF10B010096FFF796FEC1
:10A1100032460DF10A012046FEF712FF1D2D7DD8B3
:10A12000DFE805F04C4C4C4C4C4C7C7C7C7C7C7CC3
:10A130007C7C7C7C7C7C7C7C7C7C252D320F0F376E
:10A140004347192DA06D9DF80A60039B4FF0010253
:10A1500006D14FF48141FEF752F901223146C6E79C
:10A16000032E0CBF44F2C0014FF48241F3E7039B7E
:10A1700001224FF48641A06DFEF741F911E0039BE7
:10A18000012244F24001F6E7039B01224FF4804193
:10A19000F1E7039941F60903A06D43EA8111FEF747
:10A1A000C5F89DF80A100122A1E7039941F6092399
:10A1B000F2E7039B012244F24031DCE79DF80A609C
:10A1C0009DF80B30B34205D041494048676807F01D
:10A1D0001FF838600022032E1146204614BF0626C1
:10A1E0000026FEF7CAFC0122039BA06D4FF48541B7
:10A1F000FEF705F92E44374BA06D33F81610FEF725
:10A2000095F8A06D42F20101FEF790F84FF400516D
:10A21000A06DFEF78BF80022012168E7204601219E
:10A22000FEF776FB274B2C495A5D2848646806F0F8
:10A23000EFFF206004B0BDE8F08148EA000313F0AE
:10A24000FF072BD1012600960DF10A0302220DF122
:10A250000B012046FEF782FE322D1BD0332D1BD082
:10A260003E4600232A4612212046FEF744FC56B102
:10A27000A06D00220121FEF7C7F80023032211215F
:10A280002046FEF738FC0021204604B0BDE8F0412E
:10A29000FEF7EFBB0625E4E70725E2E720464FF08F
:10A2A000FF31FEF735FB4046FEF728FB02463046FD
:10A2B000FEF724FB094964680346044806F0A8FF3A
:10A2C000B7E700BF4CFB0508229205082CE90508FA
:10A2D00032920508D0E0050845920508539205081A
:10A2E0002DE9F0430446C16885B0FFF775F8626D4B
:10A2F000D18A928C01F0110313432ED011F0010189
:10A3000017D1B4F8482020460132FEF76AFC636D8D
:10A310009D8C55B9A06D4FF42051FEF707F8E26807
:10A32000A06D01322946FEF7A1FA05212046FEF76D
:10A33000F5FB21212046FEF7F1FB636DDA8AD20797
:10A3400006D49B8C23B9E16820460131FFF744F81D
:10A35000A06D12220021FEF793F9A06DFEF730F8F0
:10A36000237D002B40F09C80A36D656C5B68A3632C
:10A3700023685B88E363636D013D5E8BDF8AB3F81E
:10A380001C90B3F81E80EA0006F0030302F0780286
:10A3900007F00F071A432D09B60845EA07033343B0
:10A3A00043EA090353EA0803A06D30D10121FDF708
:10A3B000AFFFB4F85060B4F85270A06D730007F0AE
:10A3C000010203F07E037F08B609134357EA06052E
:10A3D00043F080024FF0010108BF1A46FDF798FFD5
:10A3E000002DEAD1636DA76D998A20687E68FDF71C
:10A3F0001FFA47490246384611F0AEFA616D4B8BA1
:10A400008A8B1344AB423CDD088D002235E042F0DC
:10A4100080020121FDF77CFFBA012B0103F030031C
:10A4200002F040021A4308F001031A434FEAC9033D
:10A4300003F008031A43B30003F004031A43AD0802
:10A440007F0876084FEA59094FEA5808A5E7CB6A12
:10A4500003EBC2035F78FF070ED55F88AF420BD1D5
:10A4600059682068A76DFDF7E3F929490246384687
:10A4700011F072FA0135C1E701328242E7DB0521B2
:10A48000EFE7A36D9F88BE1BA4F850600025636DA5
:10A490001A8DAA422CDCA36D9B88DB1BA4F85230DA
:10A4A0002369042B20D1A36DD3E902762368586871
:10A4B000237D53B9A56BE16B354439B30131890074
:10A4C000F5F7EDFEE36B40F823500023656D217D29
:10A4D000CDE90233EB8ACDE90003033128693B461D
:10A4E0003246C9B202F024FA012005B0BDE8F0837B
:10A4F000DB6A03EBC50213F83530052B04D1528813
:10A50000A06D0121FDF704FF0135C0E72846DCE717
:10A51000CD8202087FB504460E46154682B90DF17C
:10A520000F01FEF7D6FD2046012332460921FEF732
:10A530002EFC2946204604B0BDE87040FEF799BACB
:10A54000012A34D11146FEF789FA024688B902235E
:10A5500000930DF10E010DF10F032046FEF7FEFCF6
:10A56000012332460E21204604B0BDE87040FEF7BC
:10A570000EBC0DF10F02204600230221FEF7AEFCB7
:10A580002B469DF80F2020460421FEF7B4FAA06D5B
:10A5900000220221FDF738FF0DF10E012046FEF7E3
:10A5A00098FD4FF0FF312046FEF7B2F9D8E70DF1E4
:10A5B0000F01FEF78EFDA06D4FF40851FDF7B6FEBA
:10A5C000CEE70000037D37B504460D4613B15F4862
:10A5D00003F0F2FD426DD38A43F00103D382FEF70C
:10A5E0004FFC012D0BD1A368196820460231FEF7FC
:10A5F00068FCA368196820460131FEF7EDFE0122D0
:10A6000000212046FFF757F8002202212046FEF7DE
:10A6100045FAA06D01220021FDF7AAFFA06D0022DE
:10A620001221FEF719F8A368A06D1A680021FEF741
:10A6300042F8B4F84810002201312046FEF72EFA05
:10A64000E168A06DFEF7EEF8A368A06D1968FDF74C
:10A650004EFE236BBBB1626B03F18043013B02EB07
:10A6600083039A420FD893F90310002926DA1A8837
:10A67000A06DC2F30E020021FEF71DF8A06D0022AE
:10A680000321FDF7E9FF01212046FEF79DF9BDB941
:10A69000A06D14222946FDF7F3FFA06D4FF404517D
:10A6A000FDF744FEA06D01221421FDF7D5FF222104
:10A6B000204603B0BDE83040FEF730BA043BD0E797
:10A6C000A368196820460231FEF786FEA06D1422A9
:10A6D0000221FDF7D5FFA06D00220121FDF748FF03
:10A6E000A06D01221421FDF7B7FF0DF107012046EF
:10A6F0000122FEF725FC00230DF10702204601216F
:10A70000FEF7ECFB20460221FEF7B3F901222046BA
:10A710000221FEF7D0FF20463021FEF7FFF9A06DA1
:10A720004FF42051FDF702FEA368A06D1A680121C5
:10A730000132FEF79BF820460121FEF745F920463D
:10A7400003B0BDE83040FEF701BB00BF6D920508C5
:10A75000426D83682DE9F341D58A928C1E68C660EC
:10A7600005F011031343044600F0F68015F00105CF
:10A7700006F1020721D1B0F8482029464FF002081F
:10A78000FEF72FFACDF80080A06D01232A46294656
:10A79000FDF7B8FFCDF800802A46A06D01232946B9
:10A7A000FDF7B0FF05212046FEF7B8F9B4F84810D0
:10A7B0002A4601312046FEF771F9D4E915309A8C0A
:10A7C000002A76D1D98A11F0010508D14FF4205121
:10A7D000FDF7ACFDA06D3A462946FEF747F800228A
:10A7E0001146A06DFDF760FF20212046FEF796F987
:10A7F0004FF42051A06DFDF799FD3A460021A06D60
:10A80000FEF734F8636DD98A11F0010110D1B4F864
:10A81000482020460132FEF7E4F905212046FEF7E4
:10A820007DF9D4E91530D98A11F0010100F08C804E
:10A83000A06D012200210225FDF722FF0095A06DE9
:10A84000052306220021FDF79DFFA06D2A46002169
:10A85000FDF78EFEA06DFDF7B3FD39462046FEF7ED
:10A86000BBFD636DDB8ADB0776D5B4F84820204654
:10A8700001320021FEF7B5F9A06D4FF48E41FDF7CE
:10A8800055FDA06D4368236414220021FDF7F8FEF6
:10A89000A06D4FF40451FDF749FDA06D0122142174
:10A8A000FDF7DAFE2221204602B0BDE8F041FEF7B6
:10A8B00035B94FF40051FDF739FDA06D0022132189
:10A8C000FDF7CAFEA06D00220121FDF7C5FE751C33
:10A8D0003A46A06D0421FDF7EEFE29462046FEF71C
:10A8E0007BFD00221146A06DFDF7DEFE20212046F3
:10A8F000FEF714F9A06D4FF42051FDF717FDF21C7F
:10A90000A06D0121FDF7B2FFA06D4FF40051FDF7DE
:10A910000DFD0022A06D0321FDF79EFEA06D44F207
:10A920002071FDF703FDF11C2046FEF755FD0322C3
:10A93000A06D0421FDF7A4FE4FF43051A06DFDF78A
:10A94000F5FC2A4601215AE70122FDF799FE222152
:10A950002046FEF7E3F880E702B0BDE8F081000092
:10A96000138B2DE9F34104460161D81E4342434154
:10A97000237500230E46E364118CA36962658B4244
:10A98000154605D2E069F5F78AFC2B8CE061A361DE
:10A99000626D538B928B1344EA8A510748BF01338F
:10A9A00092074FF0000248BF01331146934240F036
:10A9B000CD80227D002A40F0DD80A2699A4200F21B
:10A9C000DB80226A002360219A4240F0DE80042E60
:10A9D00014BF01210221A06DFDF760FC636DD98ACF
:10A9E0009A8C01F01103134306D0C90700F1D280FD
:10A9F000002A14BF142313238A492068A4F848307E
:10AA0000FCF72CFF298C6E8C94F814800E440746BA
:10AA10006664A06DB8F1000F00F00881636D9A8C38
:10AA20001AB9DB8ADA0740F1B7800021B4F8483060
:10AA300002339BB2A4F84A303344591A0226FDF778
:10AA40008DFC0096A06D012300220721FDF75AFE20
:10AA5000072200961146A06D0323FDF753FE07223F
:10AA600000963B461146A06DFDF74CFE636D9A8C37
:10AA70001AB9DB8A03F030032BB1B4F84810A06D8B
:10AA80000022FDF7E9FDA06D01220021FDF7BCFCCD
:10AA9000A06D02220121FDF7B7FC0322A06D062163
:10AAA000FDF7B2FCA06D4FF42451FDF73FFCA36805
:10AAB000A06D1A6801210432FDF7D8FE6A8BA06DE3
:10AAC0000221FDF755FDA06D022300224FF48541C0
:10AAD000FDF795FCA368A06D1A6800210532FDF70B
:10AAE000C5FEA368A06D19680431FDF700FC6B8BEF
:10AAF000A06D4FF002125A430221FDF739FDA06DFF
:10AB000003222C21FDF7E7FEA368A06D196805312B
:10AB1000FDF7EDFB00250226636D5A8BAA4252DC3D
:10AB2000032A0DD99A8C5AB9DB8ADB0708D4B4F80A
:10AB30004A20636CA06D1A44033A0621FDF7A0FD7C
:10AB4000204602B0BDE8F041FFF702BEE069815443
:10AB500001322BE7C86A00EBC20001324178CF070F
:10AB600041BF4788E0690909C155616D088D904270
:10AB7000F0DC22E70022F8E7227D002AE2690CBF20
:10AB800000216021D154013317E7606A20F83310A7
:10AB9000013319E715232FE76A8B0329A8BF032187
:10ABA000032A88BF01F1FF3113F0110F7FF43EAF8C
:10ABB000B4F84830B5F816C05A1C92B21CF0200FF9
:10ABC00018BF134636E700962B460622A06D0021DB
:10ABD000FDF798FDE3695A5D22B101230321204668
:10ABE000FDF789FF022D12DC636D9A8C7AB9DA8A3F
:10ABF000D2070CD4022D02D15B8B032B07D10A4B59
:10AC0000A06D595D0022FDF7FFFB013584E7B4F824
:10AC10004A10636C194401390022491B2046FDF794
:10AC20003DFFF2E7F4E20508C0E10508E26B04210C
:10AC3000FDF76EFBD4E91530DE8A16F0010657D019
:10AC4000226C0421FDF764FBB4F84810A06DFDF7F9
:10AC500085FB4FF4A023A364A06D42460621FDF7B7
:10AC6000D3FB0226A06D01221421FDF7F5FC00960E
:10AC7000B4F84830A06D06224146FDF743FD00962A
:10AC8000A06D012342464146FDF73CFD0096A06DB4
:10AC9000032342464146FDF735FD0096A06D3B4635
:10ACA00042460721FDF72EFD2046FFF751FD636D5B
:10ACB0009A8CAAB9DE8A16F0010611D1344F2B8C7A
:10ACC000B3420DDDB4F84A20636C17F8011BA06D88
:10ACD0001A44013A921B0136FDF7D2FC032EEED145
:10ACE000002319462A8D9A4244D802B0BDE8F0816B
:10ACF000B4F84830616C05334FF00208A4F84A30CC
:10AD000011FA83F1FDF72AFBCDF80080A06D3246E1
:10AD100001230721FDF7F6FCCDF800800722A06D86
:10AD200011460323FDF7EEFCCDF8008007223B46D9
:10AD3000A06D1146FDF7E6FCB4F84810A06D324650
:10AD4000FDF78AFC626CA06D3146FDF711FCB4F88A
:10AD50004810324620460331FDF7A0FEB4F84820E3
:10AD6000A06D3146FDF7A0FCA06D04222D21FDF75A
:10AD7000B2FD99E7EA6A02EBC30012F83320052A14
:10AD800004BF4288E06903F1010308BF8154A9E7C9
:10AD9000C0E105082DE9F04389B004460D4607AE31
:10ADA000002940F0C3800121FDF758FE07468DF8C9
:10ADB000170060BB01462046FDF750FEB0B90122E6
:10ADC00031462046FEF7BCF80DF117012046FEF78C
:10ADD00080F92046022304220F21FDF78CFE00217A
:10ADE000204609B0BDE8F043FDF743BE314620469A
:10ADF000FEF76FF99DF81C20204601230421FDF782
:10AE00007AFEA06D3A460121FDF7FEFADCE7E36C1D
:10AE1000616A013B01EBC30211F83330022B35D1DB
:10AE200092F80190B9F1020F30D120464FF001089D
:10AE30005768FDF77AFD434632460DF11701CDF80C
:10AE400000800795FEF7FAFF20462A462946FDF7BF
:10AE500094FE9DF81700062812D0072813D0052865
:10AE60005AD10095079AA06D3B462946FDF74AFC4A
:10AE700000220221204609B0BDE8F043FDF771BD74
:10AE8000CDF80080EEE7CDF80090EBE70025012338
:10AE90003246079306A92B4620460095FEF7CEFFC3
:10AEA0000DF117012046FEF714F920462A462946DF
:10AEB000FDF763FE9DF81800831E012B08D9FDF7EE
:10AEC0001DFDA049656802469F4806F0A1F928606B
:10AED0009DF8170006280BD0072813D005281BD192
:10AEE0000799890141F4B841A06DFDF71FFABFE74A
:10AEF0000799A06DC90041F04201FDF717FA4FF420
:10AF0000B541F1E70799A06DC90041F08201FDF755
:10AF10000DFA4FF4B141E7E7FDF7F0FC8B496568A6
:10AF20000246894806F074F92860A1E7012940F03B
:10AF3000F880FDF793FD07468DF8150038BB0146F4
:10AF40002046FDF78BFD022105462046FDF786FDD4
:10AF50000543EDB245B1394620460322FEF7ABFB6F
:10AF600003212046FDF7D4FC0223CDE90163002331
:10AF7000009306A920460DF115030122FEF722F8E1
:10AF80000F21204609B0BDE8F043FDF7C7BDE36CD3
:10AF9000616A013B01EBC30211F83330022B40D14F
:10AFA0005778022F3DD12046D2F80480FDF7BDFC32
:10AFB0000023CDE9063700972B4606AA0DF11501AF
:10AFC000FEF73CFF069F00953B46204632460DF1BA
:10AFD0001701FEF733FF9DF81700431E022B08D917
:10AFE000FDF78CFC5A4965680246574806F010F98F
:10AFF00028609DF8150006280FD007280FD00528D7
:10B0000040F08580002300930799A06D43463A469F
:10B01000FDF7B8FB09B0BDE8F0830123F3E7022395
:10B02000F1E702230122CDE90623009306AA0023BB
:10B030000DF116012046FEF701FF20460DF1150126
:10B04000FEF747F89DF81600831E012B08D9FDF77F
:10B0500055FC4049656802463B4806F0D9F828602F
:10B06000069D00950023204632460DF11701FEF79C
:10B07000E5FE9DF81700431E022B08D9FDF73EFCA4
:10B08000334966680246304806F0C2F830609DF8E1
:10B09000150006280ED0072825D0052837D1079996
:10B0A00041EA851141F4A841A06D09B0BDE8F04323
:10B0B000FDF73CB90126AE40A06D46F43441FDF7E2
:10B0C00035F945EAC50141F04001A06DFDF72EF9C3
:10B0D000079941EA851141F4A441A06DFDF726F9D5
:10B0E00046F43C41E0E70126AE40A06D46F4344111
:10B0F000FDF71CF945EAC50141F08001A06DFDF79F
:10B1000015F9079941EA851141F4A041E5E7FDF7FA
:10B11000F5FB1149646802460B4806F079F8206097
:10B1200078E70025334606A900950122FDF716FFB2
:10B1300002232A460F21204609B0BDE8F043FDF75F
:10B14000DABC00BF7E9205082CE905087592050857
:10B1500088920508939205088D9205082DE9F04123
:10B1600080465C2015460F461E46F5F796F885602A
:10B1700008250446C0E9008705624020F5F774F809
:10B18000E56260622020F5F76FF860632020F5F734
:10B1900084F83146A065FDF76EF82046BDE8F081E1
:10B1A00010B504460021806DFDF76DF8A06DF5F730
:10B1B00083F8606BF5F780F8E069F5F77DF8606A71
:10B1C000F5F77AF82046BDE81040F5F775B80000AD
:10B1D00038B50446A2B1950712D110792E280FD1A7
:10B1E00092686AB190070BD1556840F2922085426F
:10B1F00006D191681960049BD2681A60012038BD9D
:10B200000A460448044906F003F8636A18600020FF
:10B21000F5E700BF98E905089A9205087FB504464E
:10B220000D46104603A91E46F8F7A0FD48B90C4983
:10B230000C482A4605F0ECFF636A1860002004B051
:10B2400070BD039803F0ACFE30EA06020346F6D068
:10B25000054900962A46034805F0DAFFECE700BFEF
:10B26000B692050898E90508BC920508038C032BE3
:10B2700070B5C46A03D1856A00239D4205D144F8A4
:10B280002120FDF734F8012070BD54F82360964268
:10B2900001D00133F1E70020F6E7FDF791B803296B
:10B2A00010B50446018442620FD1826AC06A00214F
:10B2B00092001EF03BFE01212046FCF7EFFF2046E6
:10B2C0000021BDE81040FDF749B804290CBF022158
:10B2D0000121F1E702F00F03022B10B5044608D05C
:10B2E0000A460C490C4805F093FF636A1860002079
:10B2F00010BD836A12090020984204D1238C042BCC
:10B30000F5D10649EEE7E16A51F820108A42EFD004
:10B310000130F1E7D292050898E90508D8920508AE
:10B3200000F00F03022B02D10009F5F7CEBE014851
:10B33000704700BF68AB050838B5044610460D4697
:10B34000FFF7EEFF0378732B19D14378BBB10346A7
:10B350000A21002013F8012F5AB91F2808D90B49D8
:10B360000B481F232A4605F053FF636A186000202C
:10B3700038BD303A092A02D801FB0020EAE7054926
:10B3800003482A4605F044FFEFE700BFE4920508B2
:10B3900098E90508F1920508F8B5054610460E46ED
:10B3A0001F46FFF7BDFF174A0178002494465378E3
:10B3B0008B421BD190F801E093789E4516D190F80E
:10B3C00002E0D378734511D16BB91CF82400B84260
:10B3D00008D90D490D483B46324605F019FF6B6A06
:10B3E00018600020F8BDC378002BEED00134152C76
:10B3F00002F10402DBD106490448324605F008FF99
:10B40000EDE700BF6AE20508E492050898E905083F
:10B41000FA9205082DE9F34706460F46002A3CD06C
:10B4200093073AD113792F2B37D1926802F00F038B
:10B43000022B08D10F23FFF7AFFF012484402046E1
:10B4400002B0BDE8F08742B312F0030A25D11379A8
:10B450009F2B22D1D5682B79A12B1ED192680F2367
:10B46000FFF79AFF4FF0010808FA00F401AAA221A1
:10B4700005F10800F8F7CEFE8146CA45DFDA019AE9
:10B480000F2352F82A2039463046FFF785FF08FA85
:10B4900000F004430AF1010AEFE7044904483A4680
:10B4A00005F0B6FE736A00241860C8E7009305082B
:10B4B00098E9050810B50446024805F013FE20601F
:10B4C00010BD00BF98E9050804292DE9F843074697
:10B4D0000C460DD8161F01F1300930254D450CD012
:10B4E00056F8040F00F00F03022B09D00D4900E0BD
:10B4F0000D49786AFFF7DEFF00242046BDE8F88397
:10B500000009F5F7E2FD80461EF04EFD0228EDD160
:10B5100098F80030722BE9D198F801309D42E5D1BE
:10B520000135DBE73A930508119305082DE9F0474B
:10B530000F4686B0044603A938461E469146F5F7E5
:10B54000CFFD0378762B054640F01A81B9F1020F42
:10B5500040F0C580A7F2FB470D2F00F20881DFE81D
:10B5600017F00E003A003D00060106010601060133
:10B570008C0006015F00400035003200BB004EF633
:10B58000B4694FF42C67326829462046FFF7D4FE91
:10B590007268804629462046FFF7CEFE4FEAC82251
:10B5A00047EA500702F4704240014FEA88113A43DB
:10B5B00000F0200001F04001024341EA0901204669
:10B5C000FCF7BEFEE6E14EF6B169DAE74EF6B16988
:10B5D0004FF42467D7E74EF6B869D2E74EF6BD6957
:10B5E000CFE73068FFF79CFEB9491EF0EBFCA8B12D
:10B5F00032680F2329462046FFF7CEFE07467068C3
:10B60000FFF78EFEB3491EF0DDFC002840F0AF804E
:10B610003A0342F421624EF6F161D0E70F27EEE7DC
:10B620003068FFF77DFE03783268722B16D10F2346
:10B6300029462046FFF7B0FE29467268804620461C
:10B64000FFF77AFE4EF610610746FA01D2B242EADF
:10B65000083242F4216241EA5701B0E72946204608
:10B66000FFF76AFE2946726807460F232046FFF758
:10B6700093FE4FF46E418046E7E74EF690583268ED
:10B6800029462046FFF758FE05AB0093074672682F
:10B6900004AB29462046FFF79BFD002800F07A8185
:10B6A000049A072329462046FFF776FE059A0646A8
:10B6B00029464FF47F732046FFF7B0FDFA02B90127
:10B6C00002F4704201F0400142EA900241EA0801AE
:10B6D00042F42062314372E74EF68058CFE7B9F169
:10B6E000030F44D1DFF8048200F1010A002703228E
:10B6F000414650461EF07EFCA0BB2B7993BB764B97
:10B70000326813F8277029462046FFF715FE726845
:10B71000804629462046FFF70FFEB268814629463B
:10B720002046FFF709FE3A01D2B242F4206242EA13
:10B730005002400100F020004FEAC82303F4704398
:10B74000024307F0F0071A4347F46E474FEAC91364
:10B750004FEA8811DBB247EA590701F040011A436A
:10B7600039432CE70137042F08F10408BFD14B46B9
:10B770005A495B482A4605F04BFD636A186009E1A7
:10B78000B9F1030FF3D8DFE819F004001500E90060
:10B79000870240F23E439F4205D14FF43F4120468D
:10B7A000FCF7C4FDF6E040F20A539F42DFD14BF6AE
:10B7B0003071F4E740F23E32974210D101463268D0
:10B7C0002046FFF787FD01462046FCF741FE002892
:10B7D00040F0E0804349606AFFF76CFEDAE040F237
:10B7E0004732974209D1014632682046FFF772FD81
:10B7F00001462046FCF786FEE9E740F24F329742C9
:10B8000009D1014632680F232046FFF7C5FDC1006C
:10B8100041F48E41C3E7622B26D1039B032B09D051
:10B82000052B4ED1C3785F2B4BD103796E2B01D002
:10B83000772B46D1B5F801302B4A5BBA9BB2002773
:10B840001188994200F0F88201370E2F02F10202AE
:10B85000F6D18CE72B79A3F1770673427341394611
:10B860002046FCF713FEB2E7692B2AD14378742BEC
:10B8700027D13068FFF754FD06461EF095FB0228DD
:10B880007FF475AF338818495BBA9BB200220888F1
:10B89000984200F0DD8201320E2A01F10201F6D158
:10B8A00065E793F800C0BCF1740F03D146EA51017B
:10B8B000013BDFE2BCF1650F7FF459AF40EA510173
:10B8C000F6E740F26E339F4212D14BF2726166E7A7
:10B8D0005893050862930508D8E105087593050893
:10B8E00098E90508829305083CE20508D9E10508B6
:10B8F00040F26F339F4202D14BF262614FE740F258
:10B9000069439F4213D1326829462046FFF782FDE2
:10B9100010F43F4F024607D145044ABFC1B240F47C
:10B92000344141F435413AE74EF62D1147E6782F80
:10B930007FF41DAF326829462046FFF76BFD10F4F7
:10B94000FE4F024607D110044ABFD1B242F43C4137
:10B9500041F43D4123E74EF6BD0130E6736803F044
:10B960000F03022B40F09D8040F231439F4214D1DF
:10B97000014632680F232046FFF70EFD7268074626
:10B9800029460F232046FFF707FD39460246204689
:10B99000FCF73AFD06B0BDE8F08740F25E339F4207
:10B9A0001CD14FF6B0284FF2800732680F2329468A
:10B9B0002046FFF7F1FC7268814629460F23204696
:10B9C000FFF7EAFC47EA000242EA092248EA0001DE
:10B9D000F5E54FF690284FF2A007E6E740F27443F2
:10B9E0009F42F6D040F235439F4229D1014632684A
:10B9F0000C232046FFF7D0FC07467068FFF790FC49
:10BA000006460146B6481EF0DDFAA0B1B5483146FB
:10BA10001EF0D8FA70B12A46B349B44805F0F8FBD5
:10BA2000636A0022186042EA072242F400424FF2A1
:10BA3000EF31C4E50120AE4B00EBC0001A5CF2E729
:10BA4000B7F54C7F15D14FF480473268294607235C
:10BA50002046FFF7A1FC726880462946072320464E
:10BA6000FFF79AFC4246034639462046FCF7C7FCDE
:10BA700090E7DFF8888200270322414628461EF01F
:10BA8000B9FA40B9EB7833B99A4B13F827703F01F4
:10BA900047F48047D9E701370F2F08F10408EBD1AD
:10BAA00065E640F234439F4228D8B7F5866F1DD82B
:10BAB000B7F5587F3AD0B7F57F7F75D040F226337F
:10BAC0009F4236D040F2FA339F4200F0CD8040F2E0
:10BAD000FB339F4200F0CA8040F2FD339F4200F0EA
:10BAE000C780972F40F08D80032390E0A7F2324764
:10BAF000022F21D8DFE807F03A233D0040F2CE4381
:10BB00009F427AD14FF46057326807232946204676
:10BB1000FFF742FC294680467268FF232046FFF764
:10BB20007DFB47EA000141EA082138E64FF420573F
:10BB3000EAE74FF44057E7E74FF40057E4E74FF2E6
:10BB4000402732680F2329462046FFF725FC7268FC
:10BB500080464FF6FF7329462046FFF75FFB4246BB
:10BB6000034639462046FCF761FC13E74FF2C02735
:10BB7000E7E7014632680F232046FFF70DFC294610
:10BB8000074672684FF0FF332046FFF747FB3A46FF
:10BB900083B205464FF240212046FCF747FC2B0CB0
:10BBA0003A464FF2C021DDE7014632680F232046B6
:10BBB000FFF7F2FB05AB00930746726804AB29461A
:10BBC0002046FFF705FB00283FF4E4AE049A0F235C
:10BBD00029462046FFF7E0FB059A06462946FF2343
:10BBE0002046FFF71BFB820842EA073246F4684111
:10BBF00042F4706241F05001E1E440F2CA439F42D6
:10BC000038D040F2CC439F427FF4B1AD05233A4A8D
:10BC1000294632F82370326807232046FFF7BCFB21
:10BC200005AB00938046726804AB29462046FFF7B7
:10BC3000CFFA00283FF49BAD049A294607232046FB
:10BC4000FFF7AAFBF904059A064615D51F232946D6
:10BC50002046FFF7E3FA47EA0801800141EAC601FE
:10BC600000F4F86001439AE50023D0E70123CEE712
:10BC70004B46CCE70423CAE73B0406D53E232946BE
:10BC80002046FFF7CBFA4008E5E77C23294620460B
:10BC9000FFF7C4FA8008DEE740F20C439F422FD141
:10BCA00000273268072329462046FFF775FB726894
:10BCB0000723294607432046FFF76EFB29468046A7
:10BCC000B2681F232046FFF7A9FA47EA801747EA20
:10BCD000C80164E54FF40067E3E74FF48057E0E7FD
:10BCE00059E2050862E205086893050898E9050825
:10BCF00058E2050800E20508E8E1050801E2050848
:10BD000040F20D439F42E5D040F23A339F42E4D0E7
:10BD100040F226339F422BD14FF4C058326807239C
:10BD200029462046FFF738FB726807230746294655
:10BD30002046FFF731FBB26802F00F03022B814669
:10BD40000ED1072329462046FFF726FB47EAC90103
:10BD500041EA080141EA801121E54FF4D058DDE7BE
:10BD600007232946204648F48068FFF757FAEDE795
:10BD700040F2A2439F4221D14FF6903732680F2301
:10BD800029462046FFF708FB726881460F232946A3
:10BD90002046FFF701FBB268804629460F23204664
:10BDA000FFF7FAFA40EA092242F4704242F0F00248
:10BDB00047EA080103E44FF6B037DFE740F2ED430E
:10BDC0009F42F8D040F2CE439F42C6D040F2CB43D0
:10BDD0009F427FF4CCAC014632680F232046FFF728
:10BDE000DBFA72680F23294607462046FFF7D4FA8C
:10BDF00005AB00938046B26804AB29462046FFF7A6
:10BE0000E7F900283FF4C6AD049A0F2329462046DF
:10BE1000FFF7C2FA059A06462946FF232046FFF798
:10BE2000FDF93F0247EA083746F4684147EA9002C5
:10BE300041F04001FFF7C3BB326829462046FFF7B7
:10BE400049FA039B052B02463FF404AD002306E5A7
:10BE5000A91C0F460B46013118780028FAD1691D3C
:10BE60008B423FF684AC0821D043013B01EAC0007D
:10BE700001EAC2069F427FF614AD41EA021141F485
:10BE80003F418CE438B505463020F4F7EDF9202227
:10BE9000044600211EF04AF829462046FCF7EBF93B
:10BEA000A562A800F4F7E0F9E062204638BD10B5BD
:10BEB0000446C06AF4F700FA20460021FCF7E3F9D3
:10BEC0002046BDE81040F4F7F7B92DE9F04FDDF852
:10BED00024E0DDE90B74DDE90D5658B1884209D341
:10BEE000710747BF0EF1010E013401350A2158BF19
:10BEF000B0FBF1F016F0020C38D0002D36D00ADB82
:10BF00000A998D4232DA2C44A64502DC0EF1FF3745
:10BF1000E71B00252AE0291D28DB69424FF00008B5
:10BF20004FF00A0AB0FBFAF90AFB19041CB108EB3E
:10BF30000504414604E008F1010888454846F1D16E
:10BF4000AEEB010E091B1C464FF0300804F8028BC3
:10BF50004FF02E0983F801904D1E2346002D32DC50
:10BF6000002918BF013963180025FF240EF1FF389E
:10BF700041464FF00A09002929DA611C714535DB79
:10BF8000FE2CD4BF0021012173443FB1A4EB08046F
:10BF9000E71B2E204FF0300EA7422CD1BCF1000F32
:10BFA00009D041B119460B4611F8010D3028FAD0DD
:10BFB0002E2808BF0B4635BBF00726D40021197088
:10BFC000981ABDE8F08F03F8018B013DC6E78C425B
:10BFD000B4BF01F1010B8B46B0FBF9FA09FB1A0063
:10BFE000303003F80B0001395046C4E701332E21ED
:10BFF00019550121C8E714B903F8010B012103F811
:10C0000001EB013CC8E77107D8D4002DBABF6D42DF
:10C010002D212B2106F02004632D597044F0450496
:10C02000C8BF64211C704FF00A00C9BFB5FBF1F115
:10C030009C1CDC1C3031C8BF9970B5FBF0F6234660
:10C04000B6FBF0F100FB1161303103F8021B00FB7D
:10C05000165130316170B1E72DE9F04F2DED028BB3
:10C06000884610EE101A97B000291C46B0EE408AA0
:10C070009DF888300E902ADAB4EE400AF1EE10FAFC
:10C0800025D6B1EE408A2D230E9F07F8013B08F11B
:10C09000FF389FED7D7AF0EEC87AF4EE477AF1EE44
:10C0A00010FA02F0200316DD43F0490443F04E007D
:10C0B000FA1C43F04601002378703C70B97013708D
:10C0C0000E9BD01A17B0BDEC028BBDE8F08F002B91
:10C0D000DAD10E9FDDE7B4EE488AF1EE10FA06D70A
:10C0E00043F04E0143F04100FA1C0C46E3E742F0F6
:10C0F0002002662A4ED143F0040B002CA8F103065F
:10C100004FDA0624A642D4BF0C960C9418EE103ACF
:10C11000002B099353D0C3F3C7537F3B07EE903AEC
:10C120009FED5A7AF8EEE77A18EE103A67EE877AC2
:10C13000B3F17E5FFDEEE77A38BF4FF0000917EEEE
:10C14000905A28BF4FF0010909EB0500B7EE000A2D
:10C1500000F048FA099BB3F17E5F2CBF4FF0010A53
:10C160004FF0FF3AB4EEC80AF1EE10FA94BF012383
:10C1700000234B451BD01BF0040F4CD0002D20DDBD
:10C180006319023398451CDA8BF0040343F0020B69
:10C19000013444E0672A0CBF43F0020B43F0010B6B
:10C1A000ABE7632CAED110230C930924AEE75544C2
:10C1B00005EB0900B7EE000A00F014FAD2E7099D7A
:10C1C000D9E7A8F10202A242D4BF33462346002D8C
:10C1D0001EDA022B15DDAA1C17DA6E429E42A8BF9A
:10C1E0001E46023E9C1B092C0DDD1BF00403A4F12E
:10C1F000090207934FF009041CD00423079303237B
:10C2000019E05C1C00260022F7E75C1C0026EAE728
:10C210006C1C1C44FAE71BF0020FB9D034B1092C96
:10C220004FF00006E1DC3246079603E02646224640
:10C23000079401240723062CA146A8EB0408A8BFF5
:10C240004FF00609A8EB0308A9EB0503013B0D938A
:10C250009045D4BF04EB0803A3181193119BA3EBE3
:10C2600009030F93099B002B00F0C280079B002B52
:10C2700000F0BA80002D80F2B4804EB909F1FF3091
:10C2800008963B4613E000BFFFFF7F7F9B209A3E4E
:10C290003B46302103F8021B2E227A7018463246A4
:10C2A0001DF044FEFF228319089209EB06000A21C3
:10C2B0004FF0010C0A91E14500F39F80B9F1060FA0
:10C2C00002DD012800F3A0804FF00108B0EE480A1B
:10C2D0000B9300F087F9F6EE007A30EE270A0A9900
:10C2E000BCEEC00A3A4610EE103A08FB03F8089B71
:10C2F00003930F9B02930C9BCDE9045BCDE9009364
:10C3000040460B9B1093FFF7E0FD15AA01460B90EA
:10C31000384600F095F9DDED157A0B9977EEC87A7D
:10C3200017EE903A002B58D0B9F1060FC4BFA9F10F
:10C33000060202EB42024FF0010AC8BF0AFA02FAF3
:10C340000C22109BCDF82C80F0EE678A109217EE2D
:10C35000902A002A089A03920F9A02920C9A0A993C
:10C360001393B4BFD044A8EB0A08CDE90092CDE9FD
:10C37000045B3A464046FFF7A8FD15AA0146129015
:10C38000384600F05DF9DDED157A129977EEC87A3E
:10C3900017EE903A0BB3B0EEE77AF0EEE86A37EEBC
:10C3A000667A139B17EE102A002A3ADB4FF00A0C2C
:10C3B000B8FBFCF00CFB108002430B9A08BF42460E
:10C3C0000B9208BFF0EE678ABAF1010F2ED0109AD7
:10C3D000013A4FEA5A0A1092B9D10E9B3944C81A51
:10C3E00070E60D9808954CE7079B0D98089348E771
:10C3F000099A08923B46104659E70A990A22514386
:10C400000A910CF1010C56E7B9F1070F05D002288B
:10C4100003D002384FF0640858E701384FF00A089B
:10C4200054E7CDF82C80F0EE678ACDE7A14505DA18
:10C430000D9B01330D9309F101090FE70B9A90450C
:10C44000CBD0089A03920F9A02920C9ADDE90A1057
:10C45000CDE90092CDE9045B3A46FFF736FD01468F
:10C46000BBE700BF012910B5136825D90178302931
:10C4700022D1417841F02001782900F1020405D150
:10C4800033F0100307D11023136005E06F2907D1A3
:10C4900033F0080302D00446201A10BD0823F3E746
:10C4A000622904D133F00203F5D10223ECE7002B1B
:10C4B000F1D101231360EEE7002BECD10A23F9E759
:10C4C00008B5044631B1054B4A6B03600968002387
:10C4D00004F0EAFE2046F3F79FFE00BF98E9050846
:10C4E0002DE9FF411F460192002A39D14618044622
:10C4F000B442254640D214F8010BF5F7C9FB80463B
:10C500000028F5D12B782B2B30D12546711B2846DE
:10C5100001AAFFF7A7FF019B054428460024B0426B
:10C5200002462CD3B8F1000F00D06442640044F0FE
:10C530000104AA4209D01546B5422B463DD21878CF
:10C540000135F5F7A5FB0028F6D1019A22492348C9
:10C55000012A08BF002204F05BFE3946FFF7B0FF56
:10C56000023A222AC2D91E4801F02AFC2D2B04BF10
:10C5700025464FF00108C9E74FF00008C6E790F8DC
:10C5800000C0ACF1300109290AD9BCF15F0F12D00B
:10C590004CF02001A1F1610CBCF1190FC2D8573940
:10C5A0008B42BFD983FB0442B2EBE47F0AD10C4437
:10C5B00094EA440206D40130B1E7C6D1204604B063
:10C5C000BDE8F0814246711B03A8039505F0F1FF19
:10C5D000039A0446ADE700BFA293050808E90508E1
:10C5E0008D93050808B52DED028BD0B1B5EE400A4C
:10C5F000F1EE10FA15D010EE103A00EBD35262F3C0
:10C60000DE5310F10B0F08EE103A0DD9434200EE45
:10C61000903AB1EE040AF8EEE00A1CF02DF988EE2B
:10C62000000ABDEC028B08BD07EE900AB1EE040AC9
:10C63000F8EEE70A1CF020F920EE080AF1E7000006
:10C6400000232DE9F0470144904607461A461C4650
:10C6500018461D469A461E468F4260D2BC461CF8BC
:10C6600001EBAEF13009B9F1090F3FD8022E09D123
:10C67000DFF8E8E00A2707FB00977045D8BF384687
:10C680006746E9E7B9F1000F14D0334FBD4211D826
:10C690004FF00A0EA4B914460A22C4B9BD4222D8EA
:10C6A000012E4FF00A0208BF03F1FF3302FB05958C
:10C6B0000022E5E70EB90134E2E701320126DFE7A7
:10C6C000BD4294BF0EFB05F50133013CE2E703F1E7
:10C6D000FF3EBD4298BF734605FB02FEBD4298BFB8
:10C6E0007546013CD9E78EBB0133E1E796B9BEF14F
:10C6F0002E0FE3D04EF02009B9F1650F0CD1614542
:10C7000004D97E782B2E1AD107F1020C8C4521D04A
:10C710000226B5E7022EEDD1BEF15F0FB0D0BAF11F
:10C72000000F15D107EE905A1C44B8EE670A20445A
:10C73000FFF758FF88ED000A3846BDE8F0872D2E38
:10C74000E6D107F1020C4FF0010ADFE72246B5E718
:10C750004042E7E70027EFE7979999196466660674
:10C760002DE9F04F2DED048B83B09FED658ADDF848
:10C7700040809FED649A054691461F4646184FF04B
:10C78000000AF0EE488AF7EE009ACDED018AB54234
:10C790002C4674D215F8010BF5F77AFA8346002877
:10C7A000F5D123782B2B64D12C46A31C9E4279D93A
:10C7B000237843F02003692B64D1637843F020038E
:10C7C0006E2B6FD1A37843F02003662B6AD14FF014
:10C7D000FF420192E21D964204F103001AD9E27869
:10C7E00042F02002692A15D1227942F020026E2AF5
:10C7F00010D1627942F02002692A0BD1A27942F06D
:10C800002002742A06D1E27942F02002792A01D16D
:10C8100004F10800B9F1000F0DD0B0420BD202783C
:10C8200042F020026A2A06D1844208BFCDED019A67
:10C8300001304AF0020ABBF1000F05D0DDED017AAC
:10C84000F1EE677ACDED017A844232D00446B442EB
:10C85000254635D228780134F5F71AFA0028F6D1A2
:10C860003FB3BAF1000F24D19DED018A4FF0010AC8
:10C870008BE72D2B04BF2C464FF0010B95E74FF0B3
:10C88000000B92E76E2B0DD1637843F02003612BF0
:10C8900008D1A37843F020036E2B03D1E01C8DED6B
:10C8A000019AB7E701AA311B2046FFF7C9FE00280D
:10C8B000B0D11549154804F015FC4146FFF700FEBC
:10C8C000CED1BAF1010FF4D09DED010ABAF1000FFB
:10C8D0000AD0F0EE400AB0EE480A03B0BDEC048B7B
:10C8E000BDE8F04F03F0A6BB17B1DFED050AF4E792
:10C8F00003B0BDEC048BBDE8F04F04F0C7BD00BF32
:10C90000000000000000C07FAE93050808E905089C
:10C9100008B51020F3F7C1FC0123837008BD10B5E2
:10C9200003F001030224C0E901128470C37010BD3A
:10C930009DF80430426003F00103C370009B8360E4
:10C94000029B0373C368039A817062F31F23C36061
:10C950007047000070B504460D4623881046BBB1F1
:10C960000A460023214605F04DF92346002213F81C
:10C97000011B090603D4D30726D51D4B18E01E1B47
:10C9800013F8011B013EC1F38015B5402A43F0E7BF
:10C99000A3786668042B0FD0052B16D0032B0A460C
:10C9A000A36831461DD105F02DF9E37813B9114B79
:10C9B000036009E0104BFBE71049A468102002F067
:10C9C000F4F9C0E90154C66070BD0D49257BE468E7
:10C9D000102002F0EAF9C4F31724C0E90156C4603C
:10C9E000F2E705F00FF9E378002BEDD0C5E700BFC3
:10C9F000B0EE050868ED050894EE050850ED050851
:10CA000038ED050838B5144612F4807218BF1A467E
:10CA10001D46FFF79FFF620902F008022A44E1B2B7
:10CA2000BDE8384003F0A2BAD0E90003184770B55A
:10CA300006460C468D18AC4200D170BDD6E9000305
:10CA4000984704F8010BF6E738B505460024D5E908
:10CA50000003984700F07F0343EAC4140306F6D4AA
:10CA6000204638BD2DE9F04186B00546FFF7DCFFD2
:10CA7000C4B2042C06D8284B53F82440204606B0F4
:10CA8000BDE8F0812846FFF7DFFF064630B9062CE7
:10CA900004D12846FFF7C8FF204CEFE70A2C10D13D
:10CAA000002130460AF0EEF80027044600F10408A1
:10CAB000B742E3D02846FFF7D5FF013748F8040F07
:10CAC000F6E7314602A8F4F7E9FB04993246284616
:10CAD000FFF7ADFF631F012B0CD82846FFF7A4FF1B
:10CAE000052C02A803D108F043F90446C6E708F074
:10CAF00045F9FAE7072CDDE903104FF0000303D1F5
:10CB00000A22FFF7EDFCF0E7093C62420093624124
:10CB1000FFF726FEE9E700BFC0E205087CF605083E
:10CB20002DE9F04104460E46174600252068FFF720
:10CB30007BFF5FFA80F8B8F1FF0F01D1BDE8F0810B
:10CB4000C1070CD52068FFF77FFFC20748BFA36865
:10CB50004FEA500554BF06EB850503EB85054FEA08
:10CB60005803082B21D8DFE803F005050505050566
:10CB7000171B1E00DB070DD52068FFF765FF5FEA76
:10CB8000980824D0B8F1010F0CBFA368E3680246EF
:10CB9000294617E00120F2E763689B680120F6E769
:10CBA0006368DB68FAE70B4BF8E703F18043094A57
:10CBB000093B52F82330F1E751F804CB9C44013A89
:10CBC00041F804CC002AF7D105EB8005AEE73B46DF
:10CBD000DDE700BFF4E205082DE9F04F8FB0804695
:10CBE0000991FFF731FF00F003039A1C0492C20879
:10CBF00000F004090892002B3AD11046F3F734FBF9
:10CC0000089A014605464046FFF711FF4FF0000A1B
:10CC1000564657465446CDE905AAB9F1000F00F033
:10CC200091804046FFF710FF049B8146032B08BF0D
:10CC300001308000F3F718FB4FF0000B0790CB4555
:10CC400076D1FFF765FE049B022B834640F0868079
:10CC50002A46002312F8011B090676D4079A9BB2D4
:10CC600029465846FFF75BFE58460FB0BDE8F08FE7
:10CC70000898F3F7F9FA089A014605464046FFF787
:10CC8000D6FE049B032B404615D1FFF7DDFE2E1880
:10CC90002B5C0446721C0027180603D44FF0000AD0
:10CCA0005646B8E7901B12F8013B0138C3F38011D8
:10CCB00081400F43F0E7FFF7C7FE049B052B0746B3
:10CCC0000BD14046FFF7C0FE06464046FFF7BCFECC
:10CCD0000024CDE9054482469FE710F0200620D0CD
:10CCE0004046FFF7B1FE834617F0400002D04046B1
:10CCF000FFF7AAFE1BEB000415D0033020F003045D
:10CD00000BEB0400F3F7C9FA0319069005932EB153
:10CD10005A4619464046FFF78AFE0026B246344678
:10CD20007BE7B346E0E7CDE90544A246264674E733
:10CD300009994046FFF750FF079B43F82B000BF182
:10CD4000010B7CE7CDF81C907BE7541B12F8011B0C
:10CD5000013CC1F38010A04003437DE7099B0B9386
:10CD6000059B0C93069B0D93FB06CDF8288011D5EF
:10CD7000DFF85080D8F8CC0020B9014606F022F93F
:10CD8000C8F8CC00294605F08CFE2A4629460AA898
:10CD9000FFF7C6FE049B032B06D12C44B9F1000F0C
:10CDA00003D0079B43F82940079C089B0499BFB216
:10CDB000CDE9026ACDE900472A465846FFF7B8FD9B
:10CDC00052E700BF780400202DE9F04786B0836861
:10CDD000049305460368059302A80E463F49F3F7FE
:10CDE000E1F904220DEB02012846FFF720FE9DF831
:10CDF00004304D2B11D19DF80530062B0DD19DF837
:10CE00000640A30813F02F0303D004F00302032A03
:10CE100003D19DF807201F2A02D9314800F0D0FF26
:10CE200023B1043B032B01D92E48F7E714F040044B
:10CE3000F3D12846FFF708FE80462846FFF704FE98
:10CE400007464FEA480003304FEA900A07EB90008C
:10CE50008000D6F80090F3F707FAC9F8080000EB55
:10CE60008A00C9F80C0044450DD10024BC42316849
:10CE70002AD12846FFF7B0FE70600120F3F79AF937
:10CE800006B0BDE8F0872846FFF7DEFDC3074FEA8E
:10CE9000500913D44846F3F7E7F94A46014682465B
:10CEA0002846FFF7C4FD2846FFF7BEFD4946504619
:10CEB000F4F74CF881465046F3F7FEF933689B6867
:10CEC00023F814900134CEE72846D1F80C80FFF700
:10CED000C9FD48F824000134C8E700BF03D00208A8
:10CEE000B4930508C09305081FB50C46014601A878
:10CEF00017F062FC214601A8FFF766FF04B010BDE1
:10CF0000024B82681A61C268DA60704778040020B8
:10CF1000838803F4C072B2F5C07F0FD01A0604D51F
:10CF2000C37B00EB83000069704713F4807307D064
:10CF3000C37B00EB83000369586870470148704762
:10CF4000184670474385030870B5284CF3F7A6FFD1
:10CF500000250123E561A4F80C32D4F810320BB19E
:10CF6000A4F80C52A4F8185204F044F8204B214EB7
:10CF700021486564C4E90F35204BA36403214FF0B9
:10CF8000000384F80432C4F8005203F0B7FD012115
:10CF9000304603F0B3FDAA22BA21304603F0BAFEB0
:10CFA00000210846C4E90366C4E92C55C4E9695563
:10CFB000E566C4F8CC50C4F8B85006F003F80A216E
:10CFC000C4F83C0105F06DFD40F2E261D4F83C018B
:10CFD00005F067FD002106F1440005F0A9FE40F2CE
:10CFE0001A7240F2DA63C4E9502370BD780400205D
:10CFF00068EC0508D4040020C404002058FA050891
:10D000007047D0E90230184708B5074BD86E08B909
:10D01000064808BD002241F67201043001F08EFC82
:10D020000028F5D04068F4E77804002044010608A1
:10D03000034BC0000A4640F00201D86803F06ABE04
:10D0400078040020034BC10041F00201D86803F0CE
:10D050006FBE00BF78040020034BC0000A4640F0BA
:10D060000201186903F056BE78040020034BC1008A
:10D0700041F00201186903F05BBE00BF7804002094
:10D08000F8B51C46930707460D46164608D11368A7
:10D090009A88910615D5520610D5AB889B0501D507
:10D0A0002660F8BD50B9114B9D4207D010490C20A5
:10D0B00001F07BFEC0E901562060F2E7C4E9006799
:10D0C000EFE70C4A934202D173682360E9E70A4A0A
:10D0D0009342E5D130B101F075FE084B984214BF80
:10D0E00005463D467368C4E90035DAE7FCF10508FA
:10D0F000D4E20508E0FA0508C8FA050828FB050887
:10D1000000232DE9F041C2E900330E4607461446DC
:10D1100001F058FE0A2E054602D12060BDE8F081DC
:10D12000192E07D1838803F4C0731BB1144BC4E9D3
:10D130000037F3E76B7B5BB105EB830322461B698A
:10D140003146384698476368042BE7D10023636073
:10D15000EB7C002BE2D005EB8303F1001869002281
:10D1600041F00201043001F0E9FB0028D6D042680A
:10D17000234629463846BDE8F041FFF781BF00BF8E
:10D18000B8000608F0B593B0054668460E46174647
:10D190001C46F3F729F840B93A4631462846FFF7CE
:10D1A000AFFFF2F7F7FF13B0F0BD002CFBD1019BEE
:10D1B000044918680AF02AFD0028F4D10198F3F711
:10D1C0002BF800BF24EB050808B519B903F085FF5B
:10D1D000F3F722F803F086FFFAE70EB403B503AACB
:10D1E00052F8041B019203F0ABFFF3F715F80000AF
:10D1F00070B5124EC4000546306944F002040022A6
:10D200002146043001F09AFB0246A0B9F06E30B11D
:10D210002146043001F092FB08B1406870BD02461F
:10D220002146074801F08AFB024620B90549064815
:10D230002A46FFF7D2FF5068F0E700BF78040020CD
:10D24000F4FC0508CC93050828EA05080A4B10B53C
:10D250000446D3E90303984207D0E100002241F0DD
:10D260000201043001F06AFB20B92046BDE81040FD
:10D27000FFF7BEBF406810BD78040020032837B513
:10D2800005460C4608D1084601F0C2FF002814BF2D
:10D290000E201E2003B030BDCA0723D54B1008282E
:10D2A0001ED8DFE800F0050E1D1D071D050C05004A
:10D2B0002046EFE7002B14BF1E200E20EAE7002BCC
:10D2C000F6DAB3F1404F06D14FF0804003B0BDE82D
:10D2D000304005F049B95842400040F00100D9E71C
:10D2E000D843F9E7062822D101F00703022B11D019
:10D2F0008B071CD10B681A7BCAB103EB82031A6936
:10D300001E4B9A4213D148680028E5D18B68C86843
:10D31000019308E0C808F3F7C3FE0028DCD101A997
:10D32000E008F3F7DDFE0199F3F7A8FDD4E7204606
:10D3300001F048FDC37AC3B100EB830021460369C5
:10D34000284698470028A5D1042D12D0A5F108033E
:10D35000022B10D90A4B20465D5D01F03FFD0949C3
:10D3600003462A460848FFF738FF062DECD1600037
:10D37000B3E71E208EE700208CE700BF9556030818
:10D380007EFB0508D893050850E905082DE9F04112
:10D3900004460E461746984601F014FD857A55B1AD
:10D3A00000EB8500434605693A4631462046AC46C7
:10D3B000BDE8F0416047204601F010FD02490246F9
:10D3C0000248FFF70AFF00BFE193050850E905088E
:10D3D00000231A461946FFF7D9BF0000F0B51546DD
:10D3E000124A87B00C46116904910646D16805912E
:10D3F00002A80F49C2E90335F2F7D4FE2246376886
:10D4000031466846F6F71AFFB4FA84F252093946F3
:10D410006846F9F7C3FF044615B1FFF7D9FF044684
:10D420000120F2F7C7FE204607B0F0BD78040020C7
:10D4300001CF020807B50022019101AB0121FFF7DE
:10D44000A5FF03B000BD30B45468003C154618BFBA
:10D450000124C4F1020302EB83030A462118286861
:10D4600030BCFFF793BF000010B5044603F0DEFEAA
:10D4700030B1002320461A461946FFF787FF0446BD
:10D48000204603F0EDFE28B9BDE8104002490348EC
:10D4900003F028BE204610BDE793050850E90508B3
:10D4A0007FB5104B0592C00040F002000190186952
:10D4B00002900620CDE90301D86E70B1002241F63A
:10D4C000A201043001F03AFA38B1406801AB002201
:10D4D0000521FFF75BFF07B000BD01A905200BF098
:10D4E00067FCF8E77804002070B5164604460D4640
:10D4F000FFF706FE336893B9A30709D12268084BEA
:10D500009A4205D1E28807492B460748FFF765FE96
:10D51000204601F063FC054902462B46F5E770BD45
:10D5200028FB05080894050824EB05081194050854
:10D5300007B56A46FFF7D8FFDDE9000109B102F03F
:10D54000B3FC03B000BD00002DE9FF4117460646BD
:10D550000C461D4601F036FC374A904208D12B4656
:10D560003A462146304604B0BDE8F04104F00CBC18
:10D57000818811F4C07816D0062C2ED12F4F0023AD
:10D580003B62FFF7C5FC034630469847286018B158
:10D59000012004B0BDE8F0813B6A834218BF1C46FD
:10D5A0002C600020F5E7062C17D101AA192130467E
:10D5B000FFF7A6FD019B63B901AA8A213046FFF758
:10D5C00093FF039401AA00210120FFF73CFF28608C
:10D5D000DEE701AA41464046F7E7002CECD1384689
:10D5E00001F0F0FB16490AF011FB01AA60B14721D6
:10D5F0003046FFF785FD019B73B101AA2146204605
:10D60000FFF721FF2860CCE79B213046FFF778FD2C
:10D61000019B0BB10397D5E70A49384603F034FE66
:10D6200030B10949094803F05DFD28600220B0E7E8
:10D630003846FFF719FFF8E720EE050878040020C8
:10D6400044EC0508D8EB050819940508E0E905083D
:10D650007FB5002302AA40F20B310546FFF792FD89
:10D66000029CDCB1204601AA694601F035FD002488
:10D67000009BA34201D804B070BD019B53F8240065
:10D6800007F0B4FD02AA014606462846FFF72CFF24
:10D6900002993046FFF7CCFC0134E9E7284602AA9C
:10D6A00040F21131FFF720FF029DAB68A342E2D99F
:10D6B000EB6853F8340088B104280FD007F056FF08
:10D6C00003785F2B0AD0EB6853F8340007F08EFD27
:10D6D000EB6803EBC4035968FFF7AAFC0134E4E7E5
:10D6E00073B505460C46164601F06CFB437B5BB1F7
:10D6F00000EB830004220369CDE9002621466A4637
:10D7000028469847009B43B1284601F067FB04492F
:10D71000024623460348FFF760FD02B070BD00BF1C
:10D720001194050824EB050873B50C46064601F074
:10D7300049FB83881906054632D4C37BB3B14CB983
:10D7400000EB83031A69174B9A4203D01020F2F7BB
:10D750008BFD0446EB7BAA8805EB8303D2051B698E
:10D76000214648BF1B683046984778B96A460F2162
:10D770003046FFF7C5FC009B53B11CB91020F2F7EF
:10D7800073FD04462146684604F0ECFB02B070BD10
:10D79000304601F023FB044902460448FFF71DFD13
:10D7A0003046F3E7A17003083094050850E90508F6
:10D7B00037B5054601F006FB818811F4C0740AD024
:10D7C000104B00221A62FFF7A3FB0346284603B062
:10D7D000BDE8304018476A4619212846FFF790FCFB
:10D7E000009B3BB9284601F0F9FA07490246074871
:10D7F000FFF7F3FC6A4621462046FFF724FE03B0FC
:10D8000030BD00BF780400203D94050850E90508AC
:10D8100030B5054695B000F093FF284601F0D2FAE6
:10D82000848814F4C0740AD01B4B00221A62FFF7DC
:10D830006FFB0346284615B0BDE8304018476A46DE
:10D8400019212846FFF75CFC009BE3B102A8F2F720
:10D85000CBFC014640B96A46FFF7F5FD0446F2F7F6
:10D8600099FC204615B030BD039B0C4918680AF09E
:10D87000CDF90346039823B103F000FC064B186270
:10D88000EFE7F2F7C9FC284601F0A8FA044902467E
:10D890000448FFF7A2FC00BF78040020D8EB05087D
:10D8A0003D94050850E905082DE9F04F8DB0136847
:10D8B0000393002853D102F104090546C1F307245C
:10D8C000630053FA81FB5FFA81F859F82B707F10DF
:10D8D0005BD13E464FEA8803029309EB880A09EBC5
:10D8E0008B03019352464FF0000B019B9A4250D19B
:10D8F00004EB0B03009308F1010B002F5DD10BEB40
:10D900004306B000F2F7B0FC044615B10560D846F6
:10D910000127029A494604EB87001CF0BDFA4546F0
:10D92000009B05EB4307B74205D92046B900F2F743
:10D93000B6FC3E4604462F46019B534540F08C8082
:10D940007A1B2946234652080398FFF71FFD054618
:10D950002046F2F7B1FC28460DB0BDE8F08F5568BF
:10D9600002F10809AAE727FA0AF3D80708D559F8F7
:10D970002A0001F02FFC18B101F006FB0138064423
:10D980000AF1010AD045EED1A4E74FF0000A56464D
:10D99000F8E7116879B9506868B181070BD101685F
:10D9A000654B994207D1009203F0B1F90BF1FF33B7
:10D9B000009A03EB000B083297E7009B5E4406EBEE
:10D9C0004306B000F2F750FC04460DB10560012596
:10D9D0004FF0000BD845A3D027FA0BF3DA0759F81C
:10D9E0002B0035D5830716D10368544A934202D0E1
:10D9F000534A93420FD108AA07A901F06DFB079A79
:10DA0000089904EB850092001CF046FA079B1D4420
:10DA10000BF1010BDEE708A9FFF786FEA8EB0B036D
:10DA2000049002930498FFF7F3FE03460028EFD01A
:10DA3000029A2A44B24207D3F10020460593F2F736
:10DA40002EFC059B0446760044F825300135E9E7B5
:10DA500044F825000135DBE7DAE90019002962D135
:10DA600019F0030827D1D9F80020334B9A4222D16C
:10DA7000D9F80820904502D30AF1080A5CE7D9F8E2
:10DA80000C2052F838004FEAC80B88B104280FD098
:10DA900000F00702022A01D008F05EFD44F82700DA
:10DAA000D9F80C205A4404EB870152684A600237C7
:10DAB00008F10108DCE708AA6A214846FFF714FDCF
:10DAC000002108AA0846FFF7BEFC0021FFF72CFE44
:10DAD00083465846FFF79CFE80460028CCD07A1C2F
:10DAE000964205D8F1002046F2F7D9FB76000446AD
:10DAF00008F00702022A03D0404608F02DFD8046B8
:10DB000008AA0F214846FFF7EFFC08AA00210120D0
:10DB1000CDF82880FFF797FC04EB870244F82780B4
:10DB200002375060D5E704EB870244F8271002372C
:10DB3000C2F80490A0E700BF44E8050894FA05087D
:10DB400074F0050870B5830786B00C4615461BD1E6
:10DB500003681D4A934202D01C4A934214D102AA80
:10DB600001A901F0B9FA019BA34227D319D8029B5E
:10DB7000043D03EB84049C4201D106B070BD54F80F
:10DB8000042D45F8042FF6E702A9FFF7CDFD002389
:10DB90000646A3420193304606D3FFF739FE00281C
:10DBA000EBD00B4922460BE0FFF732FE30B1019B70
:10DBB000E11A0139013345F82100EAE7019A0549E4
:10DBC0000548FFF70AFB00BF94FA050874F0050842
:10DBD000609405084B94050808E905082DE9FF4104
:10DBE00015468207CEB2C1F3072432D10368364A04
:10DBF000934202D0354A93422BD10290029803AA55
:10DC000001A901F069FA01983319834256D88200BC
:10DC10002B4605EB84084345039910D1801B01EB8B
:10DC20008601001B05F0CEF945F82400B700043F3B
:10DC30003B1D09D10023029304B0BDE8F081043AF2
:10DC4000895843F8041BE6E7039BDB5948F8043F77
:10DC5000EDE70021FFF768FD00230746B34201937B
:10DC600017D30021084605F0ADF906463846FFF700
:10DC7000CFFD0146C0B9B368A3421FD345F8246065
:10DC800005EB840205EB8301AA4211D11B1BB36093
:10DC9000D2E73846FFF7BCFD80B1019BF21A22445F
:10DCA000013345F82200D9E7304604F0FAFEDDE7FB
:10DCB000F768881A385842F8040DE5E7019A0449D4
:10DCC0000448FFF78AFA00BF94FA050874F00508C3
:10DCD0004B94050808E905082DE9F04784B000AF2A
:10DCE00007F1080204460E46FFF70AFAD7E90201D7
:10DCF00029B102F0D9F81037BD46BDE8F0870028F9
:10DD0000F9D107F1080240F215312046FFF7F8F982
:10DD1000BB6823B91E491F483246FFF75EFA07F178
:10DD2000080220461721FFF7EBF9391DB86807F004
:10DD30008FFC82463046F3F7BEF9D7F8048008F12D
:10DD400001054419E31D23F00703ADEB030D6B46FA
:10DD5000424651464FEAD30968461CF09DF82E23EF
:10DD600008F839303046F3F7B0F980463046F3F71B
:10DD7000A2F9414602460DEB05001CF08DF8214644
:10DD80006846F3F7E3F801221E21FFF789FBB2E7AB
:10DD90007D940508DCEA050808B50446F2F768FB3F
:10DDA00018B104490448FFF70FFA04490248224613
:10DDB000FFF713FA839405084CEA0508AA940508AE
:10DDC000014608B50148FFF7FFF900BF08E905085B
:10DDD0002DE9F043831E87B007460D469146062B7A
:10DDE00043D8DFE803F00C42420C420412004945DC
:10DDF0000CBF1E260E26304607B0BDE8F0834A460B
:10DE000007B0BDE8F04301F02BBA484603F00EFA24
:10DE100040B14946284603F037FA002814BF1E26B1
:10DE20000E26E8E719F0030640F03481D9F8002007
:10DE3000AB4B9A4240F02E8109F10408D9F8043026
:10DE4000B34201D80E26D6E758F8044F204603F017
:10DE5000EDF9002800F01F812146284603F014FA4E
:10DE6000002840F07C810136E8E7E90740F1308185
:10DE700019F0010F4FEA650800F0F9804FEA6904D4
:10DE8000232800F20781DFE810F0D800DD0005014B
:10DE9000E200E700050105010501050124002F004E
:10DEA0003200350065006E007100740005017A00D3
:10DEB000820094009C0024002F0032003500650091
:10DEC0006E007100740005017A00820094009C00CD
:10DED000BF0048EA040090EA40034FEA400600F120
:10DEE000C08046F0010686E788EA0400F3E708EA06
:10DEF0000400F0E7002C02DA7A48FFF761FF1F2CDC
:10DF000009DC6FF040432341434504DB4FF04043BD
:10DF1000234143451BDD4046C11704F015FB054670
:10DF20004C46284600F04EFF037B002B40F0E88073
:10DF3000A7F10903DBB20C2B00F2EE8023460D376C
:10DF40002C46FFB21D462B4625461C46E9E708FA3B
:10DF500004F0C0E7002CCFDB1F2C2046A8BF1F20F9
:10DF600048FA00F0B7E708EB0400B4E7A8EB0400B8
:10DF7000B1E788FB0404B4EBE07FACD0CBE7002C26
:10DF800000F0EF80214640460EF028F9A3E7002C70
:10DF900000F0E78007EE908AB8EEE70A07EE904AB5
:10DFA000F8EEE77A80EE270A07B0BDE8F04303F009
:10DFB0006DBA002C00F0D580214640460EF000F9E5
:10DFC00089E7002C1DDA07EE908AB8EEE70A494689
:10DFD00007B0BDE8F04303F0C3BA43460120E207AF
:10DFE00007D580FB0302B2EBE07F94D1012C3FF414
:10DFF00072AF83FB0332B2EBE37F4FEA6404EED0EF
:10E0000089E7EAD1012066E7002C00F0AA80002110
:10E01000022008F037FE2146064640460EF0DEF8A4
:10E02000400040F00100B060214640460EF0C8F8C4
:10E03000400040F00100F060DDE6A045B4BF1E26C0
:10E040000E26D8E6A045CCBF1E260E26D3E6A04558
:10E05000D4BF1E260E26CEE6A045ACBF1E260E2639
:10E06000C9E6C11707B0BDE8F04304F06DBA19F076
:10E07000030F2DD1D9F800301B4A93421BD107EE74
:10E08000908A4946B8EEE70A03F06AFA0646002885
:10E090007FF4B1AE4C46154B2846DE5D00F09EFE87
:10E0A0000546204600F09AFE114900902B46114883
:10E0B0003246FFF792F8104A934209D107EE908A50
:10E0C000DFED0E0AB8EEE70A494602F089F8DDE70F
:10E0D000062F2B4602BF24274D46994620E700BF56
:10E0E00094FA0508D8940508ECEC05084CFB0508E3
:10E0F000E694050850E9050858E605080000000008
:10E1000000EB8300224603692946384698470646B5
:10E1100000283FF40DAF6EE6A7F11603DBB20C2B1F
:10E1200002D80F37FFB20EE7A7F10F03252FDBB29E
:10E130002A4622BF1F4625461446242FABD1284627
:10E1400002A9FFF7F1FA05462846FFF761FB002810
:10E150003FF478AE214601F001F90028F4D01E26E4
:10E1600049E602490248FFF72FF800BFF994050875
:10E170006CEB0508014608B50148FFF725F800BF1C
:10E1800050E905082DE9F04104460D4617461E46A4
:10E1900041B1186800F016FE6368834202D005485A
:10E1A000FFF7E8FFA06833463A462946BDE8F0414C
:10E1B000FFF7ECB805950508014608B50148FFF7DB
:10E1C00003F800BFBCE9050807B50022019101ABC7
:10E1D000012102F0A5FEF2F71FF80000014608B584
:10E1E000024809B9FEF7F0FFFFF7EEFFD8EB05088C
:10E1F00008B500F0F3FD024902460248FEF7EDFFC4
:10E200000B95050850E90508410008B5024841F0A2
:10E210000101FFF7D9FF00BF04EA050808B502486D
:10E2200042F2A201FFF7D0FFE0E9050830B593B054
:10E23000044668460D46F1F7D7FF48B920462946FF
:10E24000FFF7F8F80446F1F7A5FF204613B030BDFC
:10E250000199024800F0F0FD0024F6E754D80508C3
:10E26000044BD861B3F90C22012A04BF0022A3F8A1
:10E270000C22704778040020EFF3108172B6084B2F
:10E28000B3F90C22002AB6BFB3F90C224FF6FF7285
:10E2900002F1FF32A3F80C2281F31088704700BF0F
:10E2A00078040020EFF3108172B60C4BB3F90C2206
:10E2B000013212B2A3F80C2252B9DA692AB9D3F8A2
:10E2C000102212B993F818222AB10022A3F80C22C6
:10E2D00081F3108870470122F8E700BF780400201E
:10E2E00070B5EFF3108472B60F4B93F81822082A1A
:10E2F00017D0B3F90C52012D04BF0025A3F80C521E
:10E3000093F81952561C2A4402F00702283283F867
:10E31000186203EBC203C3E90201012084F31088F1
:10E3200070BD0020FAE700BF7804002030B5EFF39D
:10E33000108472B60268B2B90C4BB3F90C52012DBD
:10E3400008BFA3F80C2200224260D3F81422016017
:10E350003AB9C3F81002C3F81402012084F31088FC
:10E3600030BD5060F7E70020F8E700BF78040020D8
:10E370000228F8B52B4C11D0E3697BB1EFF3108381
:10E3800072B6E26942B100210128E16104D183F350
:10E3900010881046F1F740FF83F31088B4F90C326F
:10E3A0003BB9EFF3108272B6B4F90C7217B182F375
:10E3B0001088F8BDD4F814624FF6FF73A4F80C323D
:10E3C00096B1D4F810526B68C4F810320BB9C4F887
:10E3D00014322B682F6082F3108828469847EFF399
:10E3E000108272B6AE42ECD194F81852BDB194F8D6
:10E3F000193203F12801013304EBC10103F00703D3
:10E40000013DD1E9020184F8193284F8185282F3EF
:10E410001088FFF70BFFBDE8F840FFF743BF82F31A
:10E420001088F8E7780400200120FFF7A1BF08B5A5
:10E43000FFF7FAFF30BF08BD08B5FFF7F5FF30BFA3
:10E4400008BD000038B1044A1369984202D0106137
:10E4500018467047002070477804002001F00F0133
:10E4600008290DD8DFE801F011050A0C0C0C0C0C82
:10E470000E0000280CBF0E201E20704704F074B858
:10E4800004F08DB8C00040F00200704708B500F0FD
:10E49000D1FD10EE100A27F033FF41EC100B08BD40
:10E4A00000F0C8BD08B551EC100B27F081FFBDE8A6
:10E4B000084000EE100A02F0E9BF02F0E7BF0000DA
:10E4C000F0B593B00446684616680F461546F1F756
:10E4D0008BFE80B986420CBF394601462B46324638
:10E4E0002046FFF731F80446F1F754FE012C0DD118
:10E4F000204613B0F0BD019B2B601049286802F044
:10E50000C3FE0346286893B9F1F786FE002CF4D1C8
:10E510002B680BB906232B606EB10949304602F017
:10E52000B3FE0028E5D03046FEF79EFFECE702F090
:10E53000A5FD2860F0E73046DBE700BFD8EB050813
:10E5400044EC0508036803B94068FFF761B9134656
:10E55000C1F30722C9B2FEF719BF1FB501F00F03BF
:10E56000012B04460CD011F00E0F0BD0023B012BF7
:10E570000AD9012201A900F039FF50B1019801E048
:10E5800000F046FE04B010BD04B0BDE8104000F03D
:10E5900007BD204600F004FDF4E708B528B10628C1
:10E5A00003D0FEF761FFF1F737FE08BD10B50C464A
:10E5B00019B9BDE81040FFF7B7B8FFF7B5F88442C6
:10E5C0001CBF0023C4E90030002010BD40F26343AB
:10E5D000984217D8B0F58C6F09D25E281ED07528E6
:10E5E0001ED03E2814BF4FF0FF30012070476FF45B
:10E5F0008C631844022815D8DFE800F00C0E0200E6
:10E600000520704740F2EE43984214BF4FF0FF30B0
:10E61000032070470620704707207047022070478C
:10E62000002070470420704738B503460D46144655
:10E6300061B152B111462846984760B16B683BB949
:10E640006C6045F00103AC60E3602C46204638BDA9
:10E65000AB68DC60F5E76368EB606560002BF5D1C3
:10E6600044F00103A560EB60F0E7F8B5064631B170
:10E67000002511F0010304D00023EB602946084671
:10E68000F8BDCC68CB6014F0010307D1E768E36004
:10E6900022463046FFF7C8FF3C4601460A46304650
:10E6A0002946FFF7C1FF21460546E2E78A422DE9E8
:10E6B000F0410F4606D1002351685360BDE8F04198
:10E6C000FFF7D3BFD66896B11446E468E307FCD5DC
:10E6D00024F0010406F001086368934216D15168E2
:10E6E000002339B9884518BF0E466660D1603846A8
:10E6F000BDE8F0815360D360FFF7B7FF0546606067
:10E70000EE60B8F1000FF2D0A560F0E71D46DB68BF
:10E710009342FBD100225968DA605A60FFF7A5FFE7
:10E720000028EDD0E8600546EAE70000034B82B020
:10E73000186801ABC01A02B0704700BF780400200F
:10E7400007B5054A1368526801A95B1A9A4201D8B5
:10E75000FFF764FD03B000BD7804002008B5034650
:10E7600021B1D10702D40F48FFF704FDC2F34F00D7
:10E77000B0EB524F4FEA524106D1994210D00A46AF
:10E7800009490A48FEF729FD994204D9CA1A0748DF
:10E790000749FEF722FD984202D206490246F0E7F9
:10E7A00008BD00BF129505081C95050850E905082D
:10E7B0002E950508369505082DE9F74FDDE90CA5DE
:10E7C000002481468B469046019326462746019BAE
:10E7D0009C4204D14F453AD22248FFF7CBFC4C452E
:10E7E0000FD2BAF802209205F6D45BF82400013764
:10E7F0009AF80220012A23D100F00AFD05F824002E
:10E8000017E0BAF80010C900002241F002014046AA
:10E8100000F094F888B9BAF80220D30505D5BAF803
:10E82000002011491148FEF7D8FCDAF8042045F819
:10E83000242001340AF1080AC9E740680136D7E705
:10E84000022A01D100F0A0FB45F82400F1E7D8F836
:10E850000030B6EBD30F01D20548BEE703B0BDE8E8
:10E86000F08F00BF489505084395050850E9050855
:10E870005295050870B586B00446154602EB800235
:10E8800003A81E4600F031F80B9B01930A9B0093EE
:10E8900003AA334629462046FFF78EFF06B070BD17
:10E8A00008B50148FFF788FC5C9505080749002278
:10E8B0000B88834208D20132222A01F10201F7D1EA
:10E8C00000EB500040F001031846704750E4050883
:10E8D00010B50446416019B90123A160236010BD41
:10E8E000C800F1F7DAFC0146F6E74160C90041F0E3
:10E8F000070101608260704703789B0710B50446EA
:10E9000002D48068F1F7D8FC2368002262F3DF03A9
:10E910006260236010BD03789B0710B5044602D4E3
:10E920008068F1F7C9FC236803F0040343F0010396
:10E9300023600023C4E9013310BD00002DE9F04F2E
:10E94000022A85B004460E46924612D0426882B131
:10E95000994BC1F386010B4493F81A32B3FBF2F1E1
:10E9600002FB1133826802EBC30552F83330B34225
:10E970007FD0237813F001030093237810D006F0A2
:10E980000702022A0CD016F0030203D130688B492B
:10E99000884204D0BAF1010F02D0002569E000924C
:10E9A0005B076CD52768A56827F007072F44BD4291
:10E9B00032D3BAF1010FF0D1D4E90032B2EBD30F68
:10E9C000C3F3DC0111D104316160A068C900F1F723
:10E9D00066FCD4E90032A2EBD30223F00703A06067
:10E9E000D200002118441BF0A1FA2368A168C3F3E8
:10E9F000DC02501C60F3DF03236001EBC20541F829
:10EA0000326006F007060022022E6A6031D02378B9
:10EA100062F3000323702CE02868B04205D0009B0D
:10EA20005BBB314600F09AFC38B3BAF1020F17D144
:10EA30002368D5F80480083B7A1B05F108012360A0
:10EA4000083A28461BF05CFA2568A368C5F3DC0287
:10EA500025F007051D44002143F83210C5F8048055
:10EA6000554BC6F386061E44A368EB1ADB1086F8E6
:10EA70001A32284605B0BDE8F08F083597E763687D
:10EA80002BB9BAF1010F88D1204600F099F806F0B1
:10EA9000070BBBF1020F2BD1F008F2F701FB804608
:10EAA0006368B8FBF3F703FB178701974FF0000982
:10EAB000A26852F83750FB00029302EBC703F5B986
:10EAC000BAF1010FD5D12268C2F3DC010131A945A9
:10EAD00018BF4B4661F3DF02BBF1020F2260C3E9AE
:10EAE000006503D0227865F3000222701D46C0E75E
:10EAF00031460620FEF7C2FB4FEA6008D0E7042D3E
:10EB000020D1B9F1000F08BF994663680137B7FB00
:10EB1000F3F203FB1277019BBB42C9D1BAF1010F9B
:10EB20007FF43BAFB9F1000F3BD0236800220833DC
:10EB3000BBF1020F2360C9F80060C9F804202BD193
:10EB40004D4696E7B5420CD000990029DDD13146FB
:10EB50002846CDE9023200F001FCDDE9023200284E
:10EB6000D3D0BAF1020F0ED1216860680839216054
:10EB7000791CB1FBF0F500FB1511A06850F83110BD
:10EB800041B942F837100C4AC6F38606164486F897
:10EB90001A72ABE70421F4E7237862F300032370D1
:10EBA000CEE7204600F00CF86368B8FBF3F703FBF0
:10EBB000178701977CE700BF780400204CF905080F
:10EBC0002DE9F041D0F80480044608F10100FFF778
:10EBD0006DFE0546C000A768F1F75FFB236865601E
:10EBE00003F0060343F001032360A0603D1D0026EF
:10EBF000464504D13846BDE8F041F1F75DBB55F814
:10EC0000041C39B1042905D001222046FFF796FEE5
:10EC10002B68436001360835EAE710B50023044647
:10EC2000016043608800F1F738FBA06010BD036805
:10EC30002DE9F74F05468946924623B912F0010F98
:10EC400066D000F067F849460620FEF717FB2B68F0
:10EC50004FEA6008B8FBF3F403FB14840AF00103E5
:10EC6000A34600260093A86850F82470A20000EB89
:10EC7000840167B91AF0010F38D06B68BE4218BF23
:10EC8000314601336B60C1F800904F462EE0042FEF
:10EC900013D1002E08BF0E462A680134B4FBF2F1EE
:10ECA00002FB1144A345DED1009B8BB336B36B68E6
:10ECB00001336B60C6F80090E7E749463846019299
:10ECC00000F04CFB019A0028E6D01AF0020F0DD09C
:10ECD0006B682868A968013B6B60631CB3FBF0F5A7
:10ECE00000FB153351F8233023B98B50384603B05D
:10ECF000BDE8F08F042341F82430F7E7284600F000
:10ED000009F82B68B8FBF3F403FB1484A346AAE7C5
:10ED10000027EBE7F8B5076886680546781CFFF71B
:10ED2000C5FD002428606C608000F1F7B6FAA86089
:10ED3000BC4204D13046BDE8F840F1F7BDBA56F800
:10ED4000241029B1042903D001222846FFF76FFFC0
:10ED50000134EDE770B5046800239C4201D1002125
:10ED600014E0856855F823105A1C89B104290FD086
:10ED70004668013E4660B2FBF4F004FB102255F8F1
:10ED80002220002A18BF042245F82320084670BD1F
:10ED90001346E2E710B504468068F1F78DFA0023C8
:10EDA000C4E90033A36010BD704710B50C46F1F7FD
:10EDB0005BFA046010BD10B50C46F1F763FA04600D
:10EDC00010BD000083070FBF0068034B00F00F0069
:10EDD00053F82000704700BF94E4050808B5FFF71A
:10EDE000F1FFBDE80840C088F2F76FB970B50D4675
:10EDF00004461646FFF7A4FC2846FFF7E3FF437AD4
:10EE000043B100EB83003246036929462046BDE842
:10EE100070401847C28803492046BDE87040F2F7A9
:10EE2000E9BE00BF819505080A4601460148FFF783
:10EE3000DDBF00BFB408060873B5054608460E4698
:10EE400002F00EFA70B101AA6946304602F068FA83
:10EE5000009B3BB116492846F2F717FB009C033C88
:10EE6000002C0BDA314628460222FFF7BFFF11497A
:10EE7000284602B0BDE87040F2F707BB019A0E4980
:10EE800002EB840328465B6852F82420F2F7B2FEB6
:10EE9000019B03EB84039A6822B906492846F2F7DE
:10EEA000F4FADCE705492846F2F7A4FED7E700BFED
:10EEB00086950508B1AB0508AA950508BF95050814
:10EEC00008B50246FFF77EFF837A53B100EB83005B
:10EED000064903698B4204D1BDE80840104608F09A
:10EEE0006DBE181E18BF012008BD00BFE5790308DC
:10EEF0001FB58307044603D102680E4B9A4208D01F
:10EF000021460820FEF7BAF910B92046FFF770F93C
:10EF1000044614F0010303D06010E11704B010BDE3
:10EF200008212046CDE9003302AA03F0B9FCDDE94F
:10EF30000201F3E74CEF05080E2838B503460C46EE
:10EF400004D1002323600125284638BD1E2801D1A5
:10EF50000123F7E710F0010502D043100B60F3E73F
:10EF6000820707D10168074A914203D103F040FBB1
:10EF70002060E8E719460820FEF780F90028F5D15F
:10EF8000E2E700BF4CEF050813B501A90446FFF7FF
:10EF9000D3FF10B92046FFF72BF9019802B010BD3E
:10EFA000C20705D4830705D10268034B9A4201D1F9
:10EFB00003F017BBFFF7E8BF4CEF05080E2838B584
:10EFC00003460D4629D01E282AD010F0010408D08F
:10EFD000431000EE103AB8EEC00A85ED000A012495
:10EFE00019E082070CD102680F498A4202D103F06E
:10EFF00053FCF2E70D498A4202D102F0AEFAECE787
:10F0000019460920FEF73AF928B1830703D10268AF
:10F01000064B9A42F1D0204638BD9FED050ADCE749
:10F02000B7EE000AD9E700BF4CEF0508ECEC050885
:10F030000000000013B501A90446FFF7BFFF38B96F
:10F040002046FFF7CBFE044902460448FEF7C5F808
:10F050009DED010A02B010BDC895050850E90508EC
:10F06000F8B505460F461646FFF7A8FF044618B147
:10F07000002333602046F8BDAA070AD12A680C4B4A
:10F080009A4206D132463946284601F0A3F80124B7
:10F09000F0E729460A20FEF7F1F80028EAD08307B6
:10F0A000E8D10268024B9A42E4D132463946ECE795
:10F0B00058E6050810B50446FFF7D2FF38B92046D8
:10F0C000FFF78CFE024902460248FEF786F810BDA3
:10F0D000D395050850E90508830710B50FD10368DB
:10F0E0000A4CA34204D143680B600830106010BD85
:10F0F000074CA34203D183680B60C068F6E7FFF7B3
:10F100006DFE044902460448FEF767F894FA0508C4
:10F1100074F00508DA95050850E9050813B50C46A2
:10F1200001A9FFF7D9FF019BA34204D0034904487A
:10F130002246FEF752F802B010BD00BFE395050865
:10F1400008E90508F7B51F46D30706460D461446DD
:10F150000DD5541001940198002823DA2844B7B142
:10F1600000281DDBA84228BF284603B0F0BD01A936
:10F170001046FFF7E1FE0028EDD12046F588FFF7A5
:10F180002DFE0A4903462A460948FEF726F8B842EA
:10F1900001DBA842E9D3F28806490748FEF71DF8CB
:10F1A0000020E2E7002FDDD1F3E700BFF595050869
:10F1B00050E905080C96050894EA0508830701D074
:10F1C00003F0D2B9002801DA03F0E9B9400040F0B9
:10F1D00001007047830710B5014608D102680B4B48
:10F1E0009A4204D18068400040F0010010BD0846FA
:10F1F000FFF7E8FDC37A33B100EB8300BDE81040B0
:10F200000369052018471846F0E700BF1CF90508F8
:10F210000E2810B5044601D1002010BD1E281CD0B8
:10F220000628F9D0C20703D5013818BF0120F4E73A
:10F23000FFF7C8FDC37A5BB100EB83002146036989
:10F240000420984720B1A0F11E0358425841E4E73A
:10F250002046FFF7BFFF0138E7E70120DDE70000A8
:10F2600005282DE9F04707BF0E264FF01E091E2680
:10F270004FF00E09914282460C46154607D1E10730
:10F2800051D42046FFF79EFD83885A074BD504F0E2
:10F290000703022B06D014F0030847D122682E4B37
:10F2A0009A420ED105F00703022B35D0AB0703D1EC
:10F2B0002A68294B9A422FD023464FF001082C464A
:10F2C0001D462046FFF77EFD027B0746002A3AD006
:10F2D0008188080704D42846FFF774FDB84232D16C
:10F2E000BAF1050F09D1CB0607D507EB82022146FB
:10F2F000136950462A46984760BB3B7B07EB830760
:10F300002A463B69214602209847E0B1BAF1020F34
:10F3100020D0FFF77DFF03E02946204605F01FFFC0
:10F32000002808BF4E463046BDE8F08714F00108BB
:10F33000C7D0EF07C0D54E46F5E723464FF001088A
:10F340002C461D46BDE7B8F1000FF6D0A54218BF08
:10F350004E46E8E70646E6E74CF9050808B50A46D2
:10F3600001460220FFF77CFFBDE80840FFF750BFD1
:10F3700010B50446FFF72EFF38B92046FFF72EFDE3
:10F38000024902460248FDF728FF10BD1396050802
:10F3900050E9050838B50446FFF714FD837B154690
:10F3A0002BB100EB8300036920469847A0B92046A3
:10F3B00035B9FFF713FD094902460948FDF70DFF6E
:10F3C000042D04D1FFF70AFD06490246F5E7FFF7D1
:10F3D00005FD05490246F0E738BD00BF2096050847
:10F3E00050E905083A9605084C96050838B50546D3
:10F3F000FFF7E8FC037C14461BB914F004000BD1A2
:10F4000038BD00EB830002F00302036928469847E9
:10F410000028F2D10120F3E70148FEF7ABFE00BF60
:10F420005E960508042803D0052807D00020704701
:10F430008B68002B0CBF0E201E2070478868400090
:10F4400040F0010070470000074B0268C1E900303E
:10F450000023C1E90233054B9A4202BF4368C3F35C
:10F4600017238B6008467047DCE4050828E505088B
:10F47000F8B50D460179044601F07F01164640209B
:10F48000002209F0CBF8A268E36827682B604243AA
:10F490006A60227902F07F01A96008498F4209D190
:10F4A000110601D4B20707D46268C2F3172200FB29
:10F4B00002332B600020F8BD0120FCE728E5050899
:10F4C000F8B5002205460E460146402009F0A6F890
:10F4D00007461020F0F7C8FE094A0A4B0571012DB6
:10F4E00008BF13460360436803F0FF030446C0E906
:10F4F000013606FB07F0F0F7B7FEE0602046F8BDE6
:10F500006CE50508F4E405084268C36891688B421D
:10F5100030B40AD21479D16882685D1CC5601A447F
:10F5200004F07F0030BC09F0E9B8002030BC70471F
:10F53000F8B54368FF2B04460F461AD8017900221C
:10F54000402009F06BF8A168083105464143E068A6
:10F55000F0F7A5FE6268E060082363F31F22626093
:10F56000A26802FB05560021C5EBC50230441AF023
:10F57000DDFC20793B46D4E9022109F099FAA36821
:10F580000133A3606368A3F5807363600620F8BD50
:10F5900070B50E79012E05460C460ED11949F1F7CA
:10F5A00074FFD4E902213346284605F07BF928464A
:10F5B0001549BDE87040F1F768BF14493246F2F7CB
:10F5C00019FBA368002BF2D011492846F1F75DFF23
:10F5D0000026A368B34204D80E492846F1F755FF28
:10F5E000E5E71EB10C492846F1F74FFF3246E168C6
:10F5F000207909F083F8012201462846FFF7F6FB3F
:10F600000136E6E76C96050895B205087896050878
:10F6100083960508BDAA05088796050810B5144607
:10F6200012686AB940F2F23399420AD10179402056
:10F6300001F07F0108F0F2FF400040F0010020607F
:10F6400010BD04236360FBE72DE9F04F054689B048
:10F650000E461446002A00F0DF8011F00307806890
:10F66000DFF848A240F0ED800B68884A934240F0F2
:10F67000E88002AA08F00FFC10B98548FEF79CFD4F
:10F680002979042C01F07F013A464FF0400000F048
:10F69000A48008F0C3FF14F00302064663D121687A
:10F6A0008B7B002B50D001EB83031869794B984278
:10F6B0004AD12179402001F07F0108F0AFFFB0422C
:10F6C00002D07548FEF77CFB23685345D4E9029BC2
:10F6D00046D16368C3F3172806FB08F8DDE9020387
:10F6E0002A68EF681B1A5245A9EB03043DD195F92E
:10F6F0000420002A80F2B780002CE2D16A68C2F3AD
:10F70000172206FB027706FB09F20BEB080106FB4A
:10F71000007001931AF0F4FB0399AA680298521A38
:10F720004844724306FB017106FB00701AF0E8FBC7
:10F73000019BA868A3EB090220447243002106FB49
:10F7400000701AF0F3FB3BE0544B99420BD1012EB1
:10F75000B7D1052205A92046FFF748FEDDE905B926
:10F760004FF00008BAE74E4888E7002CCBDD6B6805
:10F77000B4EB132F2FD9A968214471433846F0F711
:10F780008EFD6B68E86064F31F2382466B60BB45A7
:10F7900008BF83460298AA68039948442244121A73
:10F7A000724301FB06A106FB00A01AF0A9FB029818
:10F7B00006FB09F20BEB080100FB06A01AF0A0FB08
:10F7C0006B68C4EB132262F31F236B60AB682344A6
:10F7D000AB60062420E0BA46DCE708F01FFF2A6889
:10F7E000029B524506461BD1B3F1807F03DB2D49B6
:10F7F0002D48FDF7E9FC1020F0F736FD044695E8AA
:10F800000F0084E80F00029A02EB112363F31F211B
:10F810006160039B9B1AA360204609B0BDE8F08F8E
:10F8200003992879C91AFFF74BFEDDE90232E9682E
:10F83000D21A0446724306FB0311C0681AF02CFB6F
:10F84000EAE70023324601462868FFF77BFC2B6875
:10F8500053450246287908D16B68042C02EB132229
:10F8600005D003060BD40024D6E7042C07D1E968A1
:10F8700000F07F0009B0BDE8F04F08F03FBFE96835
:10F88000234600F07F0009F013F9A2E744F60508CB
:10F890008A96050849F60208AE9605081CF905087F
:10F8A000C9960508E496050890EB050828E50508C3
:10F8B00001282DE9FF4106460F4608D08B0724D1C9
:10F8C0000B68244A934202D0234A93421DD101225D
:10F8D00001A93846FFF78AFDB8B100223146402021
:10F8E00008F09CFE029DB5FBF0F507462946304620
:10F8F000FFF7E6FD0199044605FB07F2C0681AF020
:10F90000CBFA204604B0BDE8F0813846FFF762FC30
:10F91000B8B1451029463046FFF7D2FD0021044614
:10F920003846FDF701FF002780464046FDF770FF8F
:10F9300003460028E5D035B919462046FFF7F8FD03
:10F94000F3E70546E6E73A46E168304609F0B0F8E5
:10F950000137EAE71CF905086CE5050838B50C46DF
:10F960002046114606221D46FEF7F8FE2CB9214618
:10F97000BDE838400120FFF7A3BD2968CA0705D4B8
:10F980008B0708D10B680C4A93420DD10846FFF74C
:10F99000FBFA0146ECE701F00703022B07D1012C2B
:10F9A00005D10648FEF7E6FB054A9342F6E7BDE8B7
:10F9B00038400120FFF77CBF4CEF0508F996050899
:10F9C0004CF9050838B50D461C4611462846094A2B
:10F9D000FEF7C4FE206805F0C9FD012D007804D1B2
:10F9E000BDE838400021FFF76BBD6168BDE83840D5
:10F9F000FFF75EBF04000200F0B50F4685B001A915
:10FA0000044601223846FFF7F1FC014678B9384632
:10FA1000FDF78AFE05462846FDF7FAFE014610B9B5
:10FA2000062005B0F0BD2046FFF782FDF3E7002277
:10FA30002179402008F0F2FD6368029DB5FBF0F5E6
:10FA4000B5EB132F0646C3F317221ED9A16829442C
:10FA50004143E068F0F723FC6368E06003F0FF03D4
:10FA6000BC42636004D1052201A92046FFF7BEFC19
:10FA7000D4E90203019900FB063005FB06F21AF0F7
:10FA80000BFAA3682B44A360CAE7521B62F31F233F
:10FA90006360EDE7F0B51B288DB006460C461546B1
:10FAA00013D005D804286DD90E283DD0002438E0A5
:10FAB0002428FBD1012203A92846FFF797FC002840
:10FAC00051D0A10739D00E242BE00A68474B9A4247
:10FAD000ECD0012206A92046FFF7CAFC052209A99D
:10FAE0002846FFF783FC9DF820700022394640200D
:10FAF00008F094FDA1680A9EB6FBF0F60546314475
:10FB00003846FFF7DDFC079F069904463A46C06871
:10FB10001AF0C2F9E068099906FB05F238441AF0B8
:10FB2000BBF920460DB0F0BD0A68304B9A42BDD0FB
:10FB300029462046FFF760FFF3E722682C4B9A42E4
:10FB4000C1D1012209A92046FFF792FC01230093AD
:10FB5000DDE90901DDE9032304F068FF002814BF93
:10FB60001E240E24DDE7EA0702D50020FEF724FB61
:10FB7000AB07A8D12B681F4A9342F6D01E4A934286
:10FB8000A1D1F2E7012206A92046FFF771FC01226C
:10FB900009A92846FFF72AFC002894D0089A012AD0
:10FBA0001ED05A2A1EDC203201460B9B012B1BD093
:10FBB0005A2B01DC203301469342D6D123F00203B5
:10FBC000642BD2D0022E01D00029CED00A9B009304
:10FBD000DDE90612099B304608F09CF90028BEE7D3
:10FBE0004222E0E70021E0E74223E3E728E50508B9
:10FBF0006CE505084CEF0508ECEC050870B5064609
:10FC000010200D461446F0F72FFB054B06710360DC
:10FC10004368C46003F0FF03C0E9013570BD00BF55
:10FC200028E505087FB51D46084611464FF002122B
:10FC3000FEF794FD052201A92868FFF7D7FB9DF880
:10FC40000C40029E21460022402008F0E7FC019A69
:10FC5000B6FBF0F12046FFF7D1FF04462868FFF716
:10FC6000B1F80D4B984209D12A6861685368C3F313
:10FC7000172363F31F216160D368E36028680322C0
:10FC800001A9FFF7B3FB18B1237963F07F03237158
:10FC9000204604B070BD00BF28E5050870B50546D4
:10FCA0000E4601460120FFF70BFC2A46044631466A
:10FCB000C0681AF0F1F8204670BD000038B505465E
:10FCC0000C4610200349FFF770F80123C0E9013505
:10FCD000C46038BD6CE50508136870B56BB944683D
:10FCE000A51C50F825509C4207D055F82360B1421E
:10FCF00004D1023350F82330136070BD0133F2E7B2
:10FD00002DE9F0418846114916460546F1F7BDFB3D
:10FD1000371D00247368A34205D828460C49BDE866
:10FD2000F041F1F7B2BB1CB10A492846F1F7ADFB2F
:10FD300058F8242008492846F1F75CFF57F8041FBB
:10FD400001222846FFF752F80134E3E72B99050812
:10FD500095B20508879605080D9705084B6802338C
:10FD60000A4651F82310FFF7CBBF0E3918BF012107
:10FD7000490041F00101FEF72BB8052807D00E39E4
:10FD800018BF0121490041F00101FDF777BA0020B9
:10FD900070470000032A05D10E2914BF0449054904
:10FDA000F1F773BB0E2914BF03490449F8E700BFFC
:10FDB000618E0508668E0508D18E0508CB8E050874
:10FDC00038B50C462046114602221D46FEF7C6FCF9
:10FDD0003CB12868FFF71CFA002814BF1E200E2033
:10FDE00038BD0E20FCE7062801BFD1E9013058409C
:10FDF000400040F0010018BF0020704702280AD1DF
:10FE000088689368984208D14868536898420CBF44
:10FE10001E200E207047002070470E207047136888
:10FE200013B94068FDF76CB970472DE9F84F02EB44
:10FE3000430B0BF10104BBF1040F00AF8046894670
:10FE400015461E464FEA840404D92046F0F717FAF7
:10FE50008246E8B9073424F00704ADEB040DEA4606
:10FE600000245046B96A40F8049B4FEA8B021AF00E
:10FE700013F8691C534632464046FDF787FA05469B
:10FE800014B12046F0F718FA2846BD46BDE8F88FB1
:10FE90000446E6E707B5009313460A46D0E9010198
:10FEA000FFF7C3FF03B000BD38B505460C460C2074
:10FEB0000249FEF77AFFC0E9015438BDF0E50508B4
:10FEC00010B5034904460820FEF76FFF446010BDDB
:10FED00014E605082DE9F04F856805EB010A044694
:10FEE0000AEB420001EB4207052887B08846164618
:10FEF00099464FEA870718D80DF1040804F10C0160
:10FF0000AA00404619F0C8FF3A46494608EB85006A
:10FF100019F0C2FF6068434632465146FDF736FA93
:10FF20000446204607B0BDE8F08F8000F0F79CF94A
:10FF3000A26804F10C019200054619F0ADFFA0681B
:10FF40003A46494605EB800019F0A6FFA1686068B3
:10FF50002B4632464144FDF719FA04462846F0F78D
:10FF6000ABF9DEE74068FDF7CBB80000F8B507460F
:10FF7000C81C0D46800007491646FEF716FFAA006A
:10FF8000C0E90175044631460C3019F085FF204662
:10FF9000F8BD00BF28E60508D1ED017AF5EE407AFC
:10FFA000F1EE10FA73B504460D4624D01349144EF1
:10FFB000F1F76BFA4FF0FF336320CDE900300023F7
:10FFC0001A4695ED010A67212046F1F7F9FB022256
:10FFD0004FF0FF336321CDE90031204695ED020A51
:10FFE00000236721F1F7ECFB3146204602B0BDE863
:10FFF0007040F1F74ABA034E0022E9E72B99050851
:020000040803EF
:100000001197050814970508136810B5144643B9ED
:1000100040F28943994205D190ED010A01F036FA88
:10002000206010BD40F2DA339942FAD190ED020A15
:10003000F4E7000008B508492DED028B0C20F0EE26
:10004000408AB0EE608AFEF7B0FEC0ED018A80ED16
:10005000028ABDEC028B08BD58E6050808B50728E2
:1000600042D8DFE800F01427414104411633D1EDB6
:10007000017AF5EE407AF1EE10FA37D1D1ED027A3D
:10008000F5EE407AF1EE10FA14BF1E210E2108465B
:1000900008BDD1ED027AFDEEE77A17EE903AD1ED88
:1000A000017AFDEEE77A17EE902A53405B0043F0A9
:1000B0000101ECE7D1ED020A91ED010ABDE808402B
:1000C000F1EE600AB1EE400AFFF7B4BF91ED020A0B
:1000D000D1ED017A20EE000AA7EEA70A19F0D8FEAA
:1000E000BDE8084001F0D2B90021D0E71E21CEE7DB
:1000F00030B52DED028B0C4685B01146204604220A
:100100001D46FEF72BFBF4B1012C286826D0820790
:100110004DD102682C4B9A4249D190ED018AD0ED25
:10012000028A6868830749D10268274B9A4245D101
:10013000D0ED027A38EE678AD0ED017A78EEA70A20
:10014000B0EE480A03E0DFED210AB0EE600A05B028
:10015000BDEC028BBDE83040FFF76CBF00F007023A
:10016000022A034605D0810716D1026818498A423F
:100170000FD103A905F06CFA002300930123039922
:100180001A46FCF7EDFA0346184605B0BDEC028BA3
:1001900030BD0D498A42F7D003AA02A9FEF78AFFB3
:1001A000DDED030A9DED020AFFF744FFEBE7FEF7E2
:1001B00041FFDFED068AB0EE408AB2E7FEF73AFF74
:1001C00070EE280ABCE700BF58E6050800000000F2
:1001D0004CF9050843680B608368136070470000A2
:1001E00010B52DED048B82B0044601AA084669467D
:1001F000B0EE409AB0EE608AFEF732FF20B90020E0
:1002000002B0BDEC048B10BDA01E2028F7D801A3BE
:1002100053F820F0E3030308FF010308FF0103087C
:10022000FF010308FF010308FF010308FF010308A2
:10023000FF010308FF010308FF010308FF01030892
:10024000FF01030899020308B70203082D030308FE
:10025000FF010308C9020308CF020308FF010308D6
:1002600047030308FF010308FF010308FF01030818
:10027000FF010308FF01030899020308B7020308FE
:100280002D030308FF010308C9020308CF02030876
:10029000FF01030847030308DDED008ADDED017A65
:1002A00079EE288A38EE278AF0EE480AB0EE680A1E
:1002B000FFF7C0FEA4E7DDED008ADDED017A79EEFF
:1002C000688A38EE678AEFE74F48FDF753FFDDEDA8
:1002D000017A9DED007AF5EE407AF1EE10FAB5EE76
:1002E000407A0BD1F1EE10FA03D148494848FCF7A7
:1002F0006BFFC9EE078A88EE078AD5E7F1EE10FAA0
:1003000006D1B1EE499AC8EE278A89EE278ACBE753
:1003100067EEA76AF1EE677AE7EE076A87EE266A6C
:1003200087EEA67A8DED006A8DED017A9DED007A5B
:10033000DDED017A68EE678A27EE088AE7EE098A22
:10034000A7EE898AB0E728EE080AA9EE090A19F093
:100350009FFDB5EE400AF1EE10FADDED018A19D1EC
:10036000F5EE408AF1EE10FA12D1DDED007AF5EEED
:10037000C07AF1EE10FA0BDBF5EE407ADFED257A6C
:10038000F1EE10FAF7EE008A18BFF0EE678A8BE7FD
:100390002149ABE718F0EAFEF0EE490AF0EE409A88
:1003A000B0EE480A16F0A2FFDDED007A28EEC07A22
:1003B00027EE808AA7EEA97AA9EEA88AB0EE470AAE
:1003C00018F004FDB0EE409AB0EE480A19F08AF831
:1003D00060EE098AB0EE480A19F0D0FC20EE098AD6
:1003E00062E7DDED007AF4EE497AF1EE10FA09D118
:1003F000DDED017AF4EE487AF1EE10FA0CBF1E2022
:100400000E20FDE60E20FBE6169705082B97050843
:100410006CEB050800000000389705080B46D3ED8B
:10042000020A93ED010A1146FFF7DABED0E9021382
:100430000246C868834209D00869496850F8230019
:1004400001338B4208BF0023D36070470020704700
:10045000044A83680A60044ACB60C1E90120084667
:10046000704700BFACF205082D04030870B5C568DD
:100470004268466984686B1C9A4208BF0023F607ED
:1004800005D5A34203D108490848FCF79DFE06693B
:10049000A34246F82510C36004D101339A4208BF35
:1004A00000238360062070BD189E050894EA0508A5
:1004B000836810B55BB14469C268E40703F1FF3398
:1004C00007D5934205D109490948FCF77DFE4368E9
:1004D000F1E704698360934244F8231003D103B920
:1004E0004368013BC360062010BD00BF189E05088D
:1004F00094EA050830B585B0054608466946FDF71B
:1005000013F904462046FDF783F9014610B9062089
:1005100005B030BD2846FFF7A9FFF3E770B50546E3
:100520000E461446CAB1D5E90223991A48BF6B6832
:10053000006848BFC91832460023FEF703FEAB68C7
:1005400018446B68834298BFC01A2B69042C0EBFF5
:1005500053F8204043F820400624204670BD000098
:10056000F8B51E460F46044611463846124AFEF7B5
:10057000F5F87068FEF708FD051E02DA0020FDF7A9
:100580001FFC21461820FEF710FC04460023681CBF
:100590006060C4E902338000EFF77FFE022F206124
:1005A00003D9B068FEF7F0FC606131682046FFF7C0
:1005B000A1FF2046F8BD00BF0600040008B5D0E941
:1005C00002239A4203D107490748FCF7FDFD03B90E
:1005D00043680269013B0021C36052F8230042F8DE
:1005E000231008BD4597050894EA0508042803D0A0
:1005F000052808D000207047D1E9020398420CBFBB
:100600000E201E207047D1E90230C01A44BF4B684B
:10061000C018400040F0010070470000D0E90231EE
:100620008B4210B5024603D108490948FCF7CCFDBE
:100630000169002451F8230041F823405168013337
:100640008B4208BF2346936010BD00BF4597050845
:1006500094EA0508042803D0052807D00020704735
:100660004B68082B34BF0E201E2070474868C0F32B
:10067000DC00400040F0010070470000044B0B60BC
:10068000037A0B7143688B600023CB600846704788
:10069000ACE70508062802D10B7A022B02D0496884
:1006A000FFF7D8BF490041F001007047044B0B60D1
:1006B00001230B7100238860CB600846704700BFA0
:1006C000ACE7050810B5044904460C20FEF76DFBA5
:1006D00002230372446010BDC4E7050808B503791E
:1006E0009B0702D50020FDF745FD08BDF8B50E6853
:1006F00007460D46144612B13046FFF7EFFF696812
:100700002246301DFEF71AF908B143687BB9022F63
:1007100005D1022C09D169680748FDF755FDAB6882
:10072000012C00D143601846F8BD0623F8E7022CDF
:1007300004BF00224260F6E770EA05080122FFF7D5
:10074000D5BF0222FFF7D2BF0022FFF7CFBF10B5FF
:100750000446FFF7C3FF201DFEF7DDF8062010BD9D
:1007600030B50B688568AB4201D300220AE0C4684B
:1007700004EBC30254F833400133002CF3D0042CB3
:10078000F1D00B60104630BD13B5044600F10C01EA
:100790008068FFF7E5FF60B12379012B0BD0022BB6
:1007A00043680AD0026869460220CDE9002306F0BA
:1007B00069FA02B010BD0068FBE71846F9E70000CF
:1007C0007FB5174B0A7A0D46044653F82210F0F70E
:1007D0005CFE14492046F0F758FE134B00932B7A29
:1007E0008DF804306B68029300230393012668465A
:1007F000FFF7CAFF054630B90C49204604B0BDE8F2
:100800007040F0F742BE1EB909492046F0F73DFEA0
:10081000012229462046FEF7E9FA0026E7E700BF55
:10082000A0E7050848970508ACE705084B970508B9
:10083000879605081FB50446FFF750FF6268072A30
:1008400003D811491148FCF7BFFC237913F00403C6
:100850001CBFC2F3DC0202F1FF3301A92046019361
:10086000FFF77EFF6368083B636003680293436899
:10087000039304220023C0E9002302A9022006F00A
:1008800001FA04B010BD00BF4E97050870EA0508D4
:100890002DE9F74F0B68DFF8FC80032A0EBFD0E983
:1008A000029ADFF8F4A0DFF8F490154618BF01258E
:1008B000434504460F4605D0032D03D0DA882F495F
:1008C000F1F798F92E492046F0F7DFFD0023019358
:1008D0004FF0010B01A93846FFF742FF064678B9F1
:1008E00028492046F0F7D1FD3B68434542D0032D0F
:1008F00040D02549204603B0BDE8F04FF0F7C5BD14
:10090000BBF1000F03D149462046F0F7BEFD032D91
:1009100004D1336803F00702022A19D14FF0000B0B
:1009200031682A462046FEF761FABBF1000F03D07A
:1009300016492046F0F7A9FD51462046F0F7A5FDDF
:1009400071682A462046FEF751FA4FF0000BC1E7C6
:100950009A0708D11B681A7B2AB103EB82031A6934
:100960000B4B9A42DAD009492046F0F78EFD4FF042
:10097000010BD5E703B0BDE8F08F00BF679705080E
:100980006B9705080F93050895B205086D97050844
:100990009556030844E8050859AA050887960508EE
:1009A00010B5044904460C20FEF7FFF9002303723A
:1009B000446010BDC4E7050810B5044904460C2086
:1009C000FEF7F3F901230372446010BDC4E7050884
:1009D00010F003030CD10268117A31B102EB8102ED
:1009E0001369044A9A1A5342534103F001007047B5
:1009F0000023FAE7250B03082DE9F3470C68164698
:100A0000074620460D46FFF769FE3168314AC9089E
:100A10003846FDF7A3FE022F12D16F683846FFF764
:100A2000D7FF0146E8B12B689F4209D0002301930C
:100A300004F10408686801A9FFF792FE074640B96F
:100A4000002504347368AB4233D8062002B0BDE8F9
:100A5000F087396801224046FDF770FF7B684360EC
:100A6000E8E73846FCF760FE04F1040A8146484690
:100A7000FCF7CEFE0028E3D00021FCF755FE8046AF
:100A8000FCF7C6FE07464046FCF7C2FE0546404658
:100A9000FCF7BEFE17B91048FDF792F9002DFAD009
:100AA0000028F8D1012239465046FDF747FF45603E
:100AB000DDE7B36853F8351003EBC50739B10429F6
:100AC00005D001222046FDF739FF7B6843600135E0
:100AD000B8E700BF050002006F97050810B50022B7
:100AE00004300C46FDF72AFF18B903482146FDF7EC
:100AF0006BFB406810BD00BF70EA0508024B40F870
:100B0000043BFDF7E5BE00BF44E8050838B50546DF
:100B10001020EFF7A9FB29460446FFF7EFFF204618
:100B200038BD00002DE9F041804686B000200D461A
:100B300016461F46FFF7EAFF0F4BC0F800809845A6
:100B4000044602BF007940F00400207155EA060314
:100B50000DD03B68019407EB8502314603A8029350
:100B6000FDF7C3FE03AA01A9681CFFF745FF204655
:100B700006B0BDE8F08100BF74E80508F8B50C4682
:100B8000054600216068FCF7CFFD022D064660682F
:100B90008CBFA5680625FEF71DFB50B9FFF7B6FF11
:100BA0000446071D3046FCF733FE014618B92046BF
:100BB000F8BD4010F2E701223846FDF7BFFE456060
:100BC000F0E738B504468068FFF7A0FF2368626845
:100BD0000360237922F0070203F005031343436007
:100BE000A268E1680546D200C06819F055F92846A8
:100BF00038BD0000F0B5162885B00C46154667D004
:100C000007D8022811D0092866D00024204605B054
:100C1000F0BD2428F9D1201D00222946FDF78EFEC3
:100C2000002814BF1E240E24F0E702F003038A07F5
:100C30002AD10A682C498A4226D10BB10E24E5E755
:100C40002968914222D1CDE9013301A92046FFF75D
:100C500087FD02A907462846FFF782FD064677B1C1
:100C60000028EBD031683868FEF778FB0028E5D023
:100C700071687868FEF772FB0028E6D1DEE7B842BB
:100C80000CBF1E240E24C1E7002BD7D12A68174BB6
:100C90009A42D3D163686A685340072BCED80023A9
:100CA0000293043502A92046FFF75AFD064608B90B
:100CB0001E24ABE7316800222846FDF73FFE0028DE
:100CC000BCD041687068FEF749FB0028EAD1B5E75F
:100CD0000846FFF776FF0446054A02A90220CDE93F
:100CE0000245FFF789FE91E774E8050844E8050826
:100CF000ACE8050810B40C7A012C05D1242803D1E6
:100D000010BC4968FFF776BF002010BC70474068F0
:100D1000C008704770B504460E461546FFF7DEFC66
:100D200001223146201DFDF709FE4560204670BDB9
:100D300013B50222CDE90001044669461046FFF7CB
:100D4000D5FC204602B010BD38B50C461AB9FFF7E5
:100D5000EFFF062038BD042A0AD100220430FDF737
:100D6000EDFD18B904482146FDF72EFA4068F1E779
:100D7000FFF7D0FFEDE700BF70EA050813B50446A2
:100D80004068FCF745FD58B1A3685A1C5B0043F06E
:100D90000103CDE90030A2606946022005F072FF30
:100DA00002B010BD1FB50446084611461A4602ABF4
:100DB00001930A4B00930223FDF75CFD21460C20B2
:100DC000FDF7F3FF002104460298FCF7ADFC039BFE
:100DD00060602046A36004B010BD00BFB8E80508FD
:100DE000C3685A68012A70B506462AD19D68AB07C8
:100DF00027D12A68154B9A4223D1EC682378FF2B20
:100E000020D14A20EFF73BFA044638B9104AD2F80D
:100E10000832343B492B12D9946B3434E9682046AC
:100E2000F0F7C8F9EC60204619F0BEF80023A8607E
:100E30006B60A9682046F0F721F8686001E0054B77
:100E4000F36070BD6B68002BFBD1F2E74CF905082D
:100E50007804002058FA0508F8B5164602F07F0716
:100E6000320605460C4609D47B1E012B0CD80846D9
:100E7000FDF7B4FF01462846F0F707FB022F03D128
:100E800023492846F0F701FB2046FFF7A9FF16F09B
:100E90007D0734D1E3680BB15A682AB928461D4949
:100EA000BDE8F840F0F7F1BA20681B4988421FD12D
:100EB000022A1DD89868C3071AD509F077FC0346A3
:100EC000B0B1E2681549926828465210F0F792FED8
:100ED000E3685B68012B19D90D492846F0F7D5FA6C
:100EE000E368D9683A462846BDE8F840FDF77EBF7A
:100EF000E3685A68012A02D199680022F3E7E168A1
:100F000032462846BDE8F84005F02CBEF8BD00BFCB
:100F100059AA050868AB050804EA0508A197050861
:100F20002DE9F8430E46044611463046184ADFF8CC
:100F30006C901F46FDF712FC1020EFF7A0F9002877
:100F400014BF8046C8460023C8F80040C8F80830DF
:100F50002EB9104CC8F80C404046BDE8F883B51CCB
:100F6000AD002846EFF78BF9044638B9D9F8E031DF
:100F70001835AB42EDDBD9F810401834064BB200FF
:100F8000C4E90036394604F1080018F085FFE1E7AE
:100F9000FEFF010058FA050894FA0508A004002095
:100FA000F8B51546D0E901320F4651199942044669
:100FB0000FD30178D9B105F110061E44C068012293
:100FC0003146EFF777F978B96568A3682070013D7D
:100FD000ED1AD4E902302A461844394618F05CFF6D
:100FE000A3682B44A360F8BD6660E060F1E7013BB5
:100FF0009D1AEEE7024B0022C3F808229A6370475D
:101000007804002010B5FDF7BFFF041E11DDEFF7D7
:101010002BF90346084A906BEFF3108172B6C2F8C1
:101020000842936381F3108808B1EFF745F9062071
:1010300010BD0023EEE700BF7804002038B5054658
:10104000FDF7C0FE007A70B12846FDF7BBFE0446EE
:101050002846FDF7B7FE037A04EB8304024B2069B0
:10106000C31A5842584138BD210F030810B5044631
:10107000FFF7E4FF00B92469204610BD10B5FFF763
:10108000F5FFC3685B68044623B1FFF7A9FEE36878
:10109000986810BD0620FCE738B51368054614466D
:1010A00053B140F21A33994205D15368062B02D14D
:1010B0000023C380236038BD3D2903D1FFF790FE94
:1010C000EB68F7E7A22903D040F29F339942F2D1AF
:1010D0002846FFF7D3FF2060EDE700231A461946A4
:1010E000FFF71EBF73B5054610200E46EFF7C7F891
:1010F000044630B9104BD3F80822332A12DD9C6B1A
:1011000024340E4B2360304618F04EFF0022C4E911
:101110000206626001AB012128460194FFF700FF3F
:1011200002B070BD034602460146284602B0BDE843
:101130007040FFF7F5BE00BF780400204CF90508A9
:101140002DE9F04306469BB010200D461746EFF7F9
:1011500096F80446284618F027FF00F1010881465A
:101160004046EFF78CF80CB1002848D1254AD2F858
:101170000832432B29DD906BA3F1340800F12404DD
:101180000123343083F001038DF80C300023CDE9C6
:10119000053003AB01931C4B02932B78CDF81080E4
:1011A000FF2B04D1294607A8F0F704F807AD3A460B
:1011B000294601A8F0F770FBDDE905320021D15482
:1011C000059BA360069BE3600CE044B923462246DE
:1011D000214630461BB0BDE8F043FFF7A1BE70B911
:1011E000C4E902950022094B2360626007AB01212C
:1011F00030460794FFF794FE1BB0BDE8F083002350
:10120000C0E700BF78040020A10F03084CF90508CF
:101210000EB403B503AA52F8041B0192FFF790FF26
:1012200002B05DF804EB03B07047000083070BD1F8
:101230000268084B9A4207D1037A2BB100EB830373
:101240001A69054B9A4202D0044906F0DFBC01201E
:10125000704700BF28FB0508210F0308B0EC050804
:1012600010B50446FFF7EAFE50B92046FDF7AAFD87
:10127000FFF7DCFF20B12069024BC01A18BF012024
:1012800010BD00BF8CFB050838B504460D46FFF7BE
:10129000E7FF18B12046FDF795FD04462946204694
:1012A000BDE8384006F0B2BCF8B50F4616461D46FC
:1012B000FFF7DCFE04468068D8B90C20EEF7DFFFAC
:1012C000A060A0B9154BD3F80822172A0EDD986B41
:1012D000A0600623A3800023E380E38800EB830261
:1012E000D91CE18040F82370C2E90165F8BD0323F1
:1012F000F0E7E388A18802338B42EEDB074B9B6B60
:101300009842F3D0033101228900EEF7D3FF002881
:10131000ECD0A388A0600333A380DEE7780400202C
:1013200038B50D461446FFF7A1FE83681BB1C0888F
:101330002860236038BD1846FAE737B50446A06830
:10134000FCF766FA019068B16568062D05D001AB1F
:10135000002201212846FCF719F8FDF759FF002863
:10136000EDD0019803B030BD38B5044608461146AB
:101370004FF004121D46FDF7F1F921460C20FDF750
:1013800014FD2B684360044600216868FCF7CCF923
:10139000A060204638BD13B54FF0FF336322CDE97E
:1013A00000320C4694ED010A00234FF4807267214D
:1013B000F0F706FA02B010BD38B52DED048BD0ED74
:1013C000009A91ED009AB0EE690AF0EE490A0546DE
:1013D0000C4616F029FD79EEC07AB5EE400AF1EE22
:1013E00010FAC7EE898AB0EE408A21D119EE103A80
:1013F0009FED248ADFED247A002BB8BFB0EE678A18
:10140000F5EE408AF1EE10FA29D1C9EE897A9FED06
:101410001D0A17EE903ADFED1C7A002BB8BFB0EE34
:10142000670A85ED000A84ED008ABDEC048B38BDA7
:10143000B5EEC00AF1EE10FAB5EEC09A4CBF01222B
:101440000022F1EE10FA4CBF012300239A421EBF86
:10145000F7EE007A30EE098A78EEE78AD0E7B0EE50
:10146000680A17F0C3FF78EEC08AF6EE007AF4EE51
:10147000E78AF1EE10FAD4DDF7EE007A30EE270AB3
:10148000CFE700BF000000000000008008B5082082
:101490002DED028BB0EE408AEEF7E6FE80ED018A7C
:1014A000BDEC028B014B036008BD00BFECEC0508EE
:1014B00030B50D4687B01146284602221C46FDF77E
:1014C0004DF935B99FED100A07B0BDE83040FFF780
:1014D000DDBF2068012203A9FDF788FF40B100238A
:1014E000DDE9030100931A46FBF73AF907B030BD76
:1014F0002068830703D10268044B9A42F6D0FDF7B7
:1015000099FDFFF7C3FFF1E700000000ECEC0508D0
:1015100091ED010A07281ED8DFE800F00B191D1D08
:10152000041D0D15B5EE400AF1EE10FA0CBF0E21A8
:101530001E2108467047BDEEC00A10EE103A590051
:1015400041F00101F5E710EE103A002BF1DAB1EEAF
:10155000400AFFF79BBF0021EBE790ED010A7047BF
:1015600030B52DED028B0C4687B0054603A9204609
:101570008DED010AFDF722FD20B9002007B0BDEC7A
:10158000028B30BD232DF8D801A353F825F000BFFE
:10159000A5170308BD170308C7170308DF170308BB
:1015A000F71703087B1503087B1503087B15030851
:1015B0007B1503087B1503087B1503087B150308BF
:1015C0007B1503087B15030821160308331603084F
:1015D000411603087B1503084F1603087716030806
:1015E00093160308F71603087B1503087B150308F9
:1015F0007B1503087B1503087B15030821160308D8
:1016000033160308411603087B1503084F16030819
:101610007716030893160308F71603086F170308D5
:10162000DDED017A9DED037A77EE877ACDED017AD3
:101630001CE0DDED017A9DED037A77EEC77AF5E7E0
:10164000DDED017A9DED037A67EE877AEEE7DDED59
:10165000037AF5EE407AF1EE10FA03D16849694851
:10166000FBF7B2FD03A901A8FFF7A6FE9DED010A55
:10167000FFF70CFF82E7DDED037AF5EE407AF1EE3D
:1016800010FAEBD0DDED016A86EEA77A8DED017AD6
:10169000ECE79DED038AB5EE408AF1EE10FADDD05D
:1016A0009DED010AF0EE480A16F0BEFBB5EE400AC9
:1016B000F1EE10FA0AD118EE103ADFED537A9FEDF1
:1016C000537A002BB8BFF0EE477AAFE7B5EEC00A09
:1016D000F1EE10FAB5EEC08A4CBF01220022F1EE05
:1016E00010FA4CBF012300239A4221D038EE008A21
:1016F0008DED018ABAE7DDED018A9DED038AF5EEF5
:10170000408AF1EE10FA16D1B5EEC08AF1EE10FA69
:1017100008D59FED3F7AF0EEC87AF4EE477AF1EE05
:1017200010FA9BDDF0EE480AB0EE680A17F0A4F854
:101730008DED010A9AE7F5EEC08AF1EE10FAF1D5C7
:10174000B0EE480A17F052FEB4EE480AF1EE10FA75
:10175000E8D0B4EE488AF1EE10FAE3D6DFED2A0ABB
:101760002146B0EE680A2220FEF73AFD06E7DDEDDD
:10177000037AF5EE407AF1EE10FA3FF46FAF03A969
:1017800001A8FFF719FE9DED010AFFF77FFE9DED11
:10179000030A0490FFF77AFE04A90590022005F0E1
:1017A00071FAEBE6DDED017A9DED037AB4EEE77AAE
:1017B000F1EE10FACCBF1E200E20DFE69DED017A7F
:1017C000DDED037AF2E79DED017ADDED037AB4EE0B
:1017D000677AF1EE10FA0CBF1E200E20CEE6DDED8A
:1017E000017A9DED037AB4EEE77AF1EE10FAACBF20
:1017F0001E200E20C2E69DED017ADDED037AF2E7B0
:10180000F99405086CEB050800000000000000805A
:10181000FFFF7F7F91ED010A910710B4034609D1C4
:10182000146807498C4205D110BCDFED060A114649
:10183000FEF7D6BC10BC11461846FFF791BE00BF9C
:1018400058E605080000000010B504460846114699
:101850000022FCF783FF6368BDE81040184770B5AD
:1018600005461C46084611464FF00212FCF776FF6B
:101870006A682068BDE87040104770B505461C4690
:10188000084611464FF00412FCF768FFD4E9000146
:101890006B68BDE87040184770B51C4605460846A1
:1018A00011464FF00612FCF759FFD4E901126B689C
:1018B0002068BDE8704018472DE9F04105460E4606
:1018C00017469846FCF73CFFEC68043443463A461A
:1018D0003146284644F0010CBDE8F04160472DE94F
:1018E000F04105460E4617469846FCF729FFEC687E
:1018F00043463A463146284644F0010CBDE8F041E3
:10190000604700002DE9F04F83B0064600AF9146D6
:1019100079609A46FCF714FFF26812F8013B002147
:10192000C3F3C30BC3F380041B063FD40BF1010BBD
:1019300004EB44045C44A4002C2C04F1140804D9E6
:101940004046EEF79CFC054638B908F1070323F042
:101950000703ADEB030D6D460024DFF8788079684E
:101960002E604A4653462846A5F80CB00AF0D6F930
:10197000D8F810302B61736800215B68C8F810300C
:10198000284608F041FF2B69C8F810308146D8B9C5
:10199000AB681E682CB12846EEF78EFCB9F1000F3B
:1019A00015D130460C37BD46BDE8F08F12F8013B2B
:1019B0004D0003F03000A8404BEA000B03F002009A
:1019C000884004430131AFE76E69002CE3D1304613
:1019D000EEF722FC780400201FB5C207044602D5AA
:1019E000401004B010BD062801D10020F9E70E28F0
:1019F000FBD01E283AD0830708D103681C4A9342C3
:101A00000DD104B0BDE8104000F0EBBD00F00703BD
:101A1000022B07D101A9204603F01AFEE1E7154A7F
:101A20009342F6E72046FDF7CDF9134B984207D1D4
:101A30002046FFF792FDFDEEC07A17EE900AD0E740
:101A40000E4B984202D00E4B984206D1204601AA76
:101A50006946FDF741FB0198C3E7012201A9204631
:101A6000FDF7C4FC00B1019C2046BAE70120B8E7AD
:101A70004CEF05084CF90508ECEC050894FA05084C
:101A800074F00508F0B505460C46174685B0426867
:101A9000394620461E46FCF761FE6B68DB0706D41C
:101AA000AB683146204605B0BDE8F040184706EB6C
:101AB0008402394601A8FCF718FFAB6801AA314639
:101AC0002046984705B0F0BD2DE9F8431C46436811
:101AD00005460F4611465A0042EA43423846FCF793
:101AE0003DFEAE6846F00106032F29D8DFE807F077
:101AF00002080D18B047E968BDE8F843FCF7AEBC32
:101B00002068FFF769FFB047F5E72068FFF764FF3B
:101B100007466068FFF760FF01463846B047EAE7CE
:101B20002068FFF759FF07466068FFF755FF8046BA
:101B3000A068FFF751FF414602463846B047DAE752
:101B40002068FFF749FF07466068FFF745FF8046BA
:101B5000A068FFF741FF8146E068FFF73DFF4A4676
:101B6000034641463846B047C5E7000002681049C1
:101B7000C3688A4210B5044602D00E498A4204D195
:101B80001A68A3680AB153F8223013F8012B51B236
:101B90000029184613F8012BF9DB10F9013B002B43
:101BA000FBDB09F008FF63689B6833F8100010BD89
:101BB00068ED050894EE050810B5144612683AB9A8
:101BC000172906D1FFF7D2FFC00040F002002060C5
:101BD00010BD40F21332914202BF43685B6823603C
:101BE000F6E7000070B5054608460C46FFF7BEFF55
:101BF0002346024602492846BDE87040EFF7FABF87
:101C0000AF9705082DE9F047894692469846044665
:101C1000F8B10768DFB17D686468ECB1681C043016
:101C20000E498000FDF7C1F8C0E901A80646C0F8DA
:101C30000C902FB1AA0007F10801103018F02CF910
:101C400014B1043546F825403046BDE8F0873D46DE
:101C5000E2E707460546E2E72846E0E788ED0508A3
:101C60002DE9F8431746C268984612F8013B05462D
:101C70000E46C3F3C304C3F3800000211B0617D430
:101C800004F1080300EB4000184412498000FDF7FE
:101C90008CF801340623C0E901358482814643462D
:101CA0003A46314608300AF039F84846BDE8F8832C
:101CB00012F8013B4FEA410E03F0300C0CFA0EFC17
:101CC00044EA0C0403F0020C0CFA01FC40EA0C009C
:101CD0000131D3E720EE05082DE9F8439946C368A2
:101CE0001B680F460646816890460BB151F82310D9
:101CF00011F8013B0022C3F3C3051B061DD405F1F7
:101D0000080012498000FDF750F80135062304460B
:101D1000C0E9013685824B464246394608300AF012
:101D200007F84FF6FF73E382F3685A68134443F0F1
:101D30000103E3602046BDE8F88311F8013B03F09E
:101D40003000904005430232D7E700BF20EE05087F
:101D500008B5436813B90348FCF732F841601846E8
:101D600008BD00BFC597050870B5054688680C46D4
:101D7000FFF7FCFE2346024602492846BDE87040B4
:101D8000EFF738BFD29705082DE9F04104460F461A
:101D900090461E46FCF7D4FCE56825B9062333605F
:101DA0002846BDE8F081616811B92748FCF708F8BA
:101DB0002369E58A04F11802062908BF41469342C7
:101DC00004D1062F03D02148FCF7D4F91F60204F1F
:101DD0000023204663603B69A36150F8083F5A68BE
:101DE00052683A614FF6FF72954213D1DB680833AF
:101DF00043F001039847C5B2A3693B61012D4FF041
:101E0000060363600AD00023022DE3600CD023692F
:101E10001B68C4E708F0F8FC0546EDE72269126884
:101E2000326022691360BBE7E0693060FCF7CAFFEB
:101E3000084905F0EBFE0028B2D007490748FFF734
:101E400051F93060ACE700BFC5970508F097050869
:101E500078040020D8EB050819940508E0E9050886
:101E600013B51C4601ABFFF78FFF0346012B01980A
:101E70000AD0022B0AD0062808BF00200CB1FCF7BC
:101E8000ADF9034B1862204602B010BDEEF7C4F95D
:101E900078040020022810B40C4606D86268206836
:101EA000012310BC0621FFF7DBBF8A68062AF6D1A2
:101EB000F4E701230022FFF7D3BF00231A460621CF
:101EC000FFF7CEBF13B50E4A01AB0621FFF75CFF4B
:101ED000012804D0022806D0062002B010BD09490E
:101EE0000948FBF771F9019C2046FCF76BFF074995
:101EF00005F08CFE0028EFD12046EEF78DF900BFEB
:101F0000CCEE050810980508E0E9050844EC050842
:101F100030B593B005466846EEF766F9014680B9DC
:101F20002A1D0120FBF78FFAEB6823F0010302332F
:101F300043F00103EB600446EEF72CF9204613B0A2
:101F400030BD0198054A0368934204D0044A934285
:101F500001D0EEF761F90024F0E700BFD8EB0508E7
:101F600094EA0508044B0B6003684B6043688B6080
:101F70000123CB6008467047DCEE050830B58BB016
:101F800003AB0193134B00930D4603230431013837
:101F9000FCF712FC039C002C02DA0020FBF710FF78
:101FA000214606A82D68EFF779F90123049A0193D9
:101FB0009DF81430009340F26A33D31A18BF0123FE
:101FC000089A2146284600F06BFC06A802F0D6FECF
:101FD0000BB030BDF4EE0508F0B50C4685B00546F3
:101FE000052201A96068FDF701FA022DDDE9012152
:101FF00008D8012513462E460C4600206CB900F087
:10200000CEFA10E0A06840F26A339842F1D14B1E3C
:10201000134400254FF0FF36EEE7B0F5800F04D3F0
:10202000284600F0C4F905B0F0BD1F78013C47EA2E
:1020300000203344E2E7000010B510EE103AC3F37D
:102040000F4202F4FF42B2F5FF4F2DED028BB0EECE
:10205000408A09D1C3F316031BB914491448FBF78E
:10206000B3F81448FBF7ACFE002B13DA33F0004250
:1020700013D003F1FF43B3F19C4F0ED900F05EF98A
:10208000B0EE480A04460430F0F717F8BDEC028BB6
:10209000204610BD6FF31603EDE7FDEEC87A17EE8C
:1020A000900A400040F00104F0E700BF28980508BE
:1020B00090EB0508319805087FB50E46304611466D
:1020C00004221D46FCF74AFB9EB3012E23D129684A
:1020D0000820FBF7D3F80446C0B92868324601A9A6
:1020E000FDF784F930B1DDE9010123460A22FAF750
:1020F000F7F90AE0286883070BD102680E4B9A4271
:1021000007D1FFF72AFAFFF797FF0446204604B0ED
:1021100070BDFCF76DF801A9286803F099FA044630
:102120006868019EFCF730FF0023024631462046D6
:10213000DDE70124EAE700BFECEC050838B50D4CFB
:102140000C4414F8014CB0FBF4F583B10A2905F1F5
:10215000010412BFA4080323B4FBF3F41AB1104620
:1021600017F022FF0246E81C2044104438BD1C46EC
:10217000F4E700BF74EF05082DE9F04F85B0DD07E7
:10218000DDE90E769DF840409DF84480039281463B
:102190008B463CD55D1043D400230A2F019314BF16
:1021A0000423032302933246434639462020FFF797
:1021B000C5FFDBF800308342824605D2EEF754F8C3
:1021C000C9F80000CBF800A0D9F800B00BEB0A0367
:1021D000002103F8011C35BB30219C1E03F8021CB2
:1021E000002E4BD0304617F0DFFE201A834545D233
:1021F000013E014616F8013F002B3CD1019B002B0C
:1022000041D004462D23601E04F8013C3BE0CDE99B
:102210001048CDE90E7605B0BDE8F04F00F09CB84F
:102220006D422D23B9E7013B1846A4F10A0CB5FB1A
:10223000F7F207FB12510929CCBF61443031154632
:10224000441E00F8011CB8F1000F0ED0002AC7D0C0
:10225000A345C5D2029A191B91420AD1841EA345F7
:1022600000F8028CBCD2234603E0A345B8D2002A72
:10227000B6D02046DBE701F8013BBBE7019B0BB181
:102280005C45BFD82046D9F80030039A53441B1A46
:10229000013B136005B0BDE8F08F30B58DB0102262
:1022A00006920022CDE9022201920A220B4605463F
:1022B00008AC009206A907AA05A80594FFF75CFFE1
:1022C00001462846EFF7E1F80598A04201D0EDF766
:1022D000F3FF0DB030BD00000E2A30B413460C469B
:1022E00003D1012230BCFBF773BD1E2A01D10322AA
:1022F000F8E71D2818D102F00702022A10D09A0729
:1023000012D11A68117B29B102EB810108690849D1
:10231000884205D007498A4202D007498A4203D140
:10232000224619461D20DDE7002030BC704700BF63
:102330009556030894FA050874F0050810B5054988
:102340001020FCF732FD04460430EFF753FE204620
:1023500010BD00BF4CEF05082DE9F74FDDE90C6714
:102360009DF83C8004469868894692461D463A4648
:10237000434631460001FFF7E1FED9F800308342C1
:10238000834604D2EDF770FF2060C9F800B02468DE
:102390009DF83830CDE900843A463146281DF0F7E3
:1023A000A5FDCAF80000204603B0BDE8F08FF8B5DF
:1023B0000E4617460546FFF7C1FF3B460446324628
:1023C00029460430EFF720FF2046F8BDC30705D5A6
:1023D00040100DD414BF012000207047836853B112
:1023E000037913F0010F0CBF01204FF0FF3070474D
:1023F0004FF0FF3070471846704738B50D46082833
:1024000031D8DFE800F005151D3008300E25050035
:102410002C46204638BD8B68002B0CBF0E241E2492
:10242000F7E7081DF0F7B7FC400040F00104F0E7C3
:10243000FFF784FF291D04460430EFF73BFFE8E770
:10244000FFF77CFF291D04460430EFF744FFE0E767
:102450000B79DB07DCD5FFF771FF291D044604303B
:10246000EFF71DFFD5E70024D3E700002DE9F04F7B
:1024700010F001088BB006460D46144605D18107C1
:1024800015D102682D4B9A4211D115F0010705D1E3
:10249000AA070CD12A68294B9A4208D114F0010BE3
:1024A00008D1A30703D12268244B9A4202D02448C2
:1024B000FBF760FE012C02D12248FBF781FCFFF7FD
:1024C0003DFF0DF104098246B8F1000F2FD07110C5
:1024D0004846EFF7B9FD4E460DF110084FB36910AD
:1024E0004046EFF7B1FD454607AFBBF1000F22D0E4
:1024F00061103846EFF7A8FD3C4623462A46314690
:102500000AF10400F0F7DDFB4E4502D13046EFF74B
:1025100076FD454502D12846EFF771FDBC4202D158
:102520002046EFF76CFD50460BB0BDE8F08F043647
:10253000D2E70435D8E70434DFE700BF4CEF0508E5
:102540003A980508F9940508D3B50F460646FFF7F3
:10255000F5FE01230446009332463B460430EFF774
:1025600084FD204602B0D0BD90EA40024FEA40030D
:1025700002D5C117FFF7E8BF43F001007047D3B59C
:102580000F460646FFF7DAFE002304460093324664
:102590003B460430EFF769FD204602B0D0BDB0F1F4
:1025A000804F02D30021FFF7EABF400040F0010056
:1025B00070472DE9F34104460E4617469846FFF74B
:1025C000BDFECDF8008005463B462168324604300A
:1025D000EFF7D4FD236803442846236002B0BDE82A
:1025E000F081C30702D40430F0F7D5BB4010704728
:1025F000C30707B502D5401003B000BD01A90430E0
:10260000F0F7DCFB08B10198F6E702490248FAF757
:10261000DBFD00BF4D98050890EB05082DE9F04360
:102620002DED028B8046C80789B00C46174625D58C
:102630004B10022201A902A8EFF70DFD02ADF90728
:102640001ED57B10022201A902A8EFF704FD02AEFD
:10265000B8F1200F02D0B8F1130F3DD17368002BF1
:102660007CD02846F0F722FC3046B0EE408AF0F7E6
:102670001DFC88EE000AFEF709FF20E00D1DDEE7D5
:10268000BA0723D13B687D4A934201D13E1DDFE763
:102690007B4A934207D12846F0F708FC394640466A
:1026A000FEF75EFF0BE0774A93420FD12846F0F722
:1026B000FDFBDFED750A39464046FDF791FD044606
:1026C000204609B0BDEC028BBDE8F0833A462146B6
:1026D0004046FFF701FEF2E7A8F109095FFA89F326
:1026E0001A2B00F2A380FFF729FE0446B9F11A0F56
:1026F00000F2C180DFE809F0575E5065650E2229BF
:10270000BF30BF447C575E5065650E2229BF30BF85
:10271000447C8700071D324629463846EFF7CFFE36
:1027200005A93846F0F74AFB0028C9D0059B5A0096
:1027300093EA4303C4D442F00104C1E7071D3246C3
:1027400029463846EFF7FAFEEAE7071D32462946E2
:102750003846F0F7A6F8E3E773681BB94B494C48D5
:10276000FAF732FD05A8271DEFF744FC33462A4649
:1027700005A93846F0F755F905A8EFF740FCCFE773
:102780007368002BEAD005A8271DEFF733FC33460A
:102790002A46394605A8EDE7071D32462946384640
:1027A000EFF710FFBCE7071D324629463846EFF722
:1027B00097FFB5E7071D324629463846F0F712F86D
:1027C000AEE73846FFF714FF021E02DA3148FBF786
:1027D000F7FA271DB8F1190F2946384602D0B8F18B
:1027E0000C0F02D1EFF7B0FD9AE7EFF70DFE97E778
:1027F0003378DB073FF54FAF071D32462946384691
:10280000F0F7CCF88CE77368002BA7D0FFF796FDA4
:10281000211D074633462A460430F0F702F905A980
:102820000220CDE9057404F02DFA48E73146284628
:10283000EFF721FDB8F1040F1DD8DFE808F0030819
:10284000170D12000028B4BF1E240E2438E70028FC
:10285000CCBF1E240E2433E70028D4BF1E240E2430
:102860002EE70028ACBF1E240E2429E700280CBF49
:102870001E240E2424E7002422E700BF4CEF0508A5
:10288000ECEC050858E6050800000000F99405087E
:102890006CEB0508D89405080430F0F707BB00007E
:1028A0002DE9F341164682079DF820809DF82450BB
:1028B0000C461F461CD10268214B9A4218D14DB1DB
:1028C000B8F1000F06D10379DB0703D51D491E4877
:1028D000FAF783FC00962346424639460430F0F767
:1028E00086FA50BB4DB3194917482246FAF775FCD2
:1028F000FCF74AFB0346ADB1A0B1B8F1000F01D11E
:102900004045E3DB032C0DD8002CECD0E000012582
:10291000B8F1000F0FD0013885406A429342E2DBE4
:10292000AB42E0DA042231462046089702B0BDE807
:10293000F04106F003B88540F2E702B0BDE8F0814F
:102940004CEF05086D98050890EB05087C98050884
:10295000042803D0052807D0002070478B68002B7F
:102960000CBF0E201E2070478868400040F0010018
:1029700070470000044B0B60044BC1E90130002399
:10298000CB600846704700BFACF20508BD290308BC
:1029900070B5836803EBD37149109B00002291420C
:1029A00001DC062070BDC468043B54F82250E65890
:1029B00044F82260C4680132E550F0E7D0E9021320
:1029C0000246886883423FBFC96851F8230001333B
:1029D000D36028BF0020704738B50C680B46A1684B
:1029E00019B919491948FAF7EFFB012818BF5A68B5
:1029F000206808BF4FF0FF320023FCF7A3FBA2685A
:102A0000E368013A53F82050A26003EB8001121AE8
:102A10009200043103EB800017F072FAD4E902321D
:102A2000002142F82310616804290BD9B1EB430F50
:102A300008D94908E0688900EDF731FC6368E06077
:102A40005B086360284638BD8C98050894EA050841
:102A500010B40C6802460B46D4E9021010BC05F015
:102A6000D1BA07B5CDE9000169460220FFF7F0FFB2
:102A7000694601900220FFF7AFFF062003B000BDBA
:102A800038B50025044685601021C068EDF707FCC5
:102A90000423E06063601022294617F047FA0620FD
:102AA00038BD38B50D46D0E901138B42044611D329
:102AB000C900C068EDF7F3FB6268A368E0605200EC
:102AC0006260D21A013A01339200002100EB8300C8
:102AD00017F02CFAD4E90232591CA160062042F802
:102AE000235038BD38B5044608460021FAF71CFECD
:102AF00005462846FAF78CFE0146204601B938BD46
:102B0000FFF7CFFFF5E7F8B54C1083680546174689
:102B100001D5E41813D49C4294BF26461E469C421D
:102B200088BF1C4606212846FFF7BBFFAB68E96853
:102B3000013B9C4206DB41F826700620F8BD0026CA
:102B40003446EFE701EB830252F8042C41F82320CE
:102B5000EDE70A46D0E9021005F088BA2DE9F04108
:102B6000032A0F4611490CBFD0F80880DFF84480D3
:102B70001646044618BF0126EEF787FC0025BB6801
:102B8000AB4205D820460A49BDE8F041EEF77DBCCE
:102B90001DB141462046EEF778FCFB68324653F8FB
:102BA00025102046FCF722F90135E8E7859605084F
:102BB000BDAA0508879605082DE9F84F07460D467A
:102BC00090469A46FBF7BCFDEB1B042B01DCBDE8ED
:102BD000F88FD5F80090B8F1000F04D04946404670
:102BE000FAF728FC81462E463C460434A6420DD90D
:102BF0002168B8F1000F03D04046FAF71BFC0146EC
:102C00004A460020FBF7E4F85045EED0A6F1040B4D
:102C10005C455E4614D25BF80429B8F1000F04D07D
:102C200011464046FAF706FC024649460020FBF7EB
:102C3000CFF85045ECD02368326822603360D4E787
:102C400023682A6822602A1B2B60F31B9342534699
:102C5000424607DA59463846FFF7AEFF2E4635465C
:102C60002746B1E720462946FFF7A6FF3C46F6E790
:102C70001FB502AB0C460193104B009304310223A5
:102C80000138FBF799FD23689968012913D9029A45
:102C9000D8689DF80C30062A01F1804101F1FF311E
:102CA00008BF0022002B00EB81010CBF1E230E2366
:102CB0000438FFF781FF062004B010BD98EF050827
:102CC00070B511F0030604460D4629D10A68174B6A
:102CD0009A4225D1AB68816819444368994210D95A
:102CE00004318900C068EDF7DAFAAA68A368E060E9
:102CF00013441A1D62603146102200EB830017F066
:102D000015F9D4E90203AA68E968920003EB800090
:102D100017F0C2F8A368AA681344A360062070BD28
:102D200029462046FFF7DEFEF8E700BF74F00508ED
:102D300038B504290B4B03600446084638BF04200D
:102D4000C4E9010180000D46EDF78EFA6268E0608B
:102D5000521B00EB85009200BDE83840002117F0BF
:102D6000E5B800BF74F0050838B505461020EDF74A
:102D70007BFA29460446FFF7DBFF204638BD0000FA
:102D8000F0B511F0030787B004460E4615467ED114
:102D90000A684C4B9A427AD1806803AA05F07BF806
:102DA000042D18D138B9E06803A905F091F805465B
:102DB000284607B0F0BDDDE90330C01AFFF7D4FFA5
:102DC000E368826803990546920003EB8101C068BD
:102DD00017F062F8ECE73C4B08B9FBF7EDF9002D72
:102DE00014BF2846184602AA01A9FCF775F9DDE9C7
:102DF0000335019AE068ED1A551B002D27DDA66802
:102E00006368A919994206D98900EDF748FAA668BE
:102E1000E060AB196360019A039BE0680499134476
:102E2000EA1A324400EB8101920000EB830017F0B4
:102E300067F8DDE90210E368019A03EB8000920075
:102E400017F05EF8A3682B44A3600625B0E702994B
:102E5000920000EB830017F053F80499A268039BDB
:102E6000019EE0683344521A920000EB810100EBAE
:102E7000830017F045F8A068E36828446FF0030268
:102E80006A43394603EB800017F050F8DAE735B9AA
:102E900003A90220CDE90346FFF79EFDD5E7042DE7
:102EA0002068A1684FF00003324605D1FCF74AF9CB
:102EB000E36853F820507BE7FCF744F9E36843F8F4
:102EC0002050C2E744F6050858FA05081B287FB5CC
:102ED00003460D46164623D007D8042842D90E28AB
:102EE0003AD00024204604B070BD1D28F9D103A9B2
:102EF0001046FCF721F80028F3D00398AB680028AF
:102F0000BCBF002003905843FFF72EFFC368009317
:102F10000446039BAA68E868042104F0A8FFE1E7DF
:102F20009107DED112681B4B9A42DAD1B368A868C8
:102F30001844FFF719FFAA68E96804469200C068C0
:102F400016F0AAFFA868E368B268F168920003EB84
:102F5000800016F0A1FFC5E711462846FFF7B0FE36
:102F60002C46BFE7B20703D131680A4A914204D028
:102F7000022B0CBF0E240024B4E7B3680093D5E9FC
:102F80000221F36804F0F9FF002814BF1E240E2468
:102F9000A8E700BF74F0050838B50C462046114676
:102FA00002221D46FBF7DAFB24B92046BDE8384073
:102FB000FFF7DABE0020FFF7D7FE2968BDE83840EA
:102FC000FFF790BD38B50C460546FFF7CDFE4CB96E
:102FD00038BDC26854F8231042F823100133AB42C5
:102FE000F7D1F5E70023FAE7D0E90201FFF7EABFDE
:102FF0002DE9F041044640688000EDF735F904F111
:103000000808074600256168A94206D8A0683B4623
:103010000022BDE8F041FAF7B9B958F8040FFAF701
:10302000F7FB064618B147F825000135EBE73846AF
:10303000EDF742F93046BDE8F08100002DE9F0419E
:103040000C460546114620460F4A9846FBF786FB7C
:10305000A01C29468000FBF7A8FE0646D8F80030E1
:10306000013C446046F8083F07460025AC4202D8C0
:103070003846BDE8F0810135002158F82500FAF7FF
:1030800053FB46F8040FF1E7FEFF0500024B9842A0
:1030900001D107F081BB70476C070608F8B51446EC
:1030A000126805460E46406832BBCF0047F0020763
:1030B00039460430FBF742FC024610B143682360F6
:1030C00012E040F211339E4201D16B68F7E70E2EF9
:1030D0000BD0686872210430FBF730FC28B14068DF
:1030E0003946FAF7A7F92060F8BD2246314628464E
:1030F000BDE8F840FFF7CABF03799B0709D50B4B22
:103100009842F2D10A4DE86E18B90120FDF7FEFC95
:10311000E8666268F10041F002011AB9FDF708FEA5
:103120000023CCE7FDF7F6FDFAE700BFF0FC050849
:103130007804002070B5054648680E460022BA2182
:103140000430FBF7FBFBB0B1406802F00FFA044615
:103150007068002241F692010430FBF7EFFB60B18A
:10316000406802F003FA2246034607492846BDE8B4
:103170007040EEF73FBD054CEAE722462846044979
:10318000BDE87040EEF736BD9498050868AB0508B9
:10319000AC98050870B5C50001220D4845F0020144
:1031A000FBF7CCFB446806467CB91020EDF75CF8D1
:1031B000084B036004460120FDF7A8FC45F002021D
:1031C0006060BA21FDF7A6FD7460204670BD00BFA7
:1031D000C8040020E0F10508F7B51E4F0D1E4FEAA8
:1031E000C00106464FF000021B4841F0020118BF23
:1031F0003846FBF7A3FB0446F0B940F2F9439E4280
:1032000018D0A5B969463046EDF76AFF0378752BEB
:103210000DD1009901300139EDF74CFEC100224675
:1032200041F002013846FBF789FB044620B92046ED
:1032300003B0F0BD094CFAE760686A461121F9F75E
:103240005FFF009B23B100216A460846FAF7FBF8AE
:103250006468ECE7C0F0050854F105086C0706083F
:1032600030B5002432F8145035B185420AD10A68CD
:103270001AB953F824300B6030BD4A6843F8242053
:103280000023F8E70134EDE70620704770B51546D6
:1032900006460C46FBF796FD83889A0502D40B4838
:1032A000FAF768FF04F00703022B07D0A30703D146
:1032B0002268074B9A4201D00020F1E70122214603
:1032C000301DFBF73BFB4560062070BDBA98050832
:1032D0004CF9050838B505460C46FBF773FD8388A5
:1032E0009A0502D40D48FAF745FF04F00703022BB4
:1032F00007D0A30703D12268094B9A4201D00020CE
:10330000F1E702222146281DFBF718FB18B90549F1
:103310000548F9F759FF062038BD00BFBA980508DF
:103320004CF90508C898050824EB050807B582077D
:1033300006D10168064A914202D183889B0502D4D6
:103340000448FAF717FF01A904F082FB03B000BD9F
:1033500028FB0508BA98050810B50446084611462A
:103360000022FBF7FBF921460420BDE81040FBF7E3
:103370001CBD436818478368184770B50546102080
:103380000E46ECF771FF044695E80F0084E80F0045
:10339000E660204670BD70B5054610200E46ECF77D
:1033A00063FF044695E80F0084E80F00A6602046FE
:1033B00070BD70B5054610200E46ECF755FF04466B
:1033C00095E80F0084E80F006660204670BD00009D
:1033D00010B586B00446084611461A4602AB019362
:1033E000084B00930423FBF745FA21461020FBF716
:1033F000DCFC029B4360039B8360049BC36006B0BC
:1034000010BD00BFC4F2050804307047032A0CBF8A
:1034100001490249EEF739B8D09805080873050844
:1034200038B50B680C46DA8805490546EEF7E2FB2D
:103430002168224628463831BDE83840FCF760BC98
:10344000AC97050810B50346002053F8342F82428C
:1034500002D14FF0FF3010BD53F8044F8C42FAD028
:103460000130F4E738B51368054614464BB90068D7
:10347000FFF7E8FF431C03D0023055F820302360EB
:1034800038BD02490248F9F79FFE00BFD5980508EC
:1034900024EB05082DE9F0479246426B01EB0A0543
:1034A000954207460C46984604D01F491F482B46B4
:1034B000F9F793FEA81C39468000FBF776FC4FEA2B
:1034C000840945604A4606464146083016F0E4FC49
:1034D00009F108004FEA8A020021304416F026FD67
:1034E000554408F10409A54202D83046BDE8F087EA
:1034F00058F8240001F07AFE01463846FFF7A2FF93
:10350000431C04D10A460A490848F9F766FE06EB4F
:103510008000836813B10A460649F5E759F824305C
:1035200083600234DFE700BF1C95050850E90508F9
:10353000DA980508E99805082DE9F04106460E30AD
:1035400080008846ECF7A9FE0546074645F8346F2B
:103550000024B44202D13846BDE8F08158F8240076
:1035600001F044FE013445F8040FF2E71FB5019164
:1035700001F03CFE0446019800F00703022B05D041
:10358000830708D10268174B9A4204D101A9012090
:1035900002F044FB019003AA02A9FBF79DFDDDE9BF
:1035A0000201FFF7C9FF104A426140F20122028185
:1035B0000E4A82610E4AC2610E4A02620E4A42629D
:1035C0000E4A0F4B826203220360C27208230D4A27
:1035D0008380C26083740C4A0C4BC480C262036354
:1035E00004B010BD4CF905089534030821340308D4
:1035F000356C0308396D030865340308016E030850
:1036000028FB050804050607496B030894FA05081A
:1036100010B5D0E90142C3680348C1E90223C1E9FA
:103620000004084610BD00BF8CF30508C268002ADC
:10363000034607DDD0E90101884208DA02445A60F6
:10364000FEF792BF03D0D0E901018842F6DC0020EA
:103650007047D1E9023249685B1A1344002ACCBF93
:1036600003F1FF330133042893FBF2F303D0052861
:1036700006D000207047002BD4BF0E201E207047BC
:1036800023EAE370FEF770BF70B50E46044611469C
:103690003046134A1D46FBF761F821461020FBF720
:1036A00084FB0023436001239E420446C3602868D4
:1036B00004D1FBF769FCA060204670BDFBF764FCF9
:1036C00060606868FBF760FC032EA060F4D1A86816
:1036D000FBF75AFCE0600028EED10248FAF770FBD5
:1036E00006000200F2980508136810B514462BB9BD
:1036F000922904D14068FEF737FF206010BD96295B
:1037000001D18068F7E79529F8D1C068F3E7000098
:1037100038B50C46D1E9012309490546EEF76AFAA6
:10372000E268012A05D128460649BDE83840EDF790
:10373000ACBE28460449BDE83840EEF75BBA00BF8E
:10374000F998050895B2050806990508042A1FB5D9
:103750000446084638D1D4E902136268891A19442C
:10376000002BCCBF01F1FF31013191FBF3F1830755
:1037700021EAE1711AD10268144B9A4216D101AACA
:1037800000F0CAFC12491020FBF70FFBE2686368E7
:10379000019901FB023343606368029901FB023324
:1037A0008360039B5343C36004B010BD02460023F3
:1037B0002068FBF7C7FCE268636802FB003004B0D6
:1037C000BDE81040FEF7D0BE0020EDE744F6050846
:1037D00060F30508816841B10139816049004068A2
:1037E000042241F00101FBF7D5BD0846704737B50B
:1037F0001D460446084611464FF00212FAF7AEFF86
:1038000028686A4640F21731F9F77AFC009B43B109
:1038100000216A460846F9F716FE0446204603B022
:1038200030BD21460C20FBF7C0FA044628686060D2
:10383000FBF79EFDFBF7A8FBA060EFE730B51C4649
:1038400085B00546084611464FF00212FAF786FF8A
:10385000002320680393032201A9CDE90133FBF77C
:10386000C5FD38B92068FBF78FFB01300290ECF7FB
:10387000FBFC0190029B4FF6FD72023B934202D982
:103880000020FAF79DFA29461020FBF78EFA019BDB
:103890004360029B038100238381438105B030BDD7
:1038A000032910B506D0042924D016221A604FF03F
:1038B000FF331DE012F001030BD001898389448995
:1038C0000B441B1B93FBF1F401FB1433003B18BFAB
:1038D000012352070CD50189428980890A44121AB2
:1038E000013A92FBF1F001FB10220AB143F004030C
:1038F000184610BD0023FBE72DE9F843448985896C
:10390000984603891C44641B013C064694FBF3F073
:1039100003FB1044944228BF144604EB0509B9FB8D
:10392000F3F203FB12994D450F4608D970685A1BF4
:10393000284416F0B1FA33895B1B1F4400257068D8
:10394000A9EB05023946284416F0A6FA0023A6F88A
:103950000C902046C8F80030BDE8F8832DE9F84304
:1039600084894589984603891C44641B0F4694FB4F
:10397000F3F103FB1144944228BF144604EB0509FC
:10398000B9FBF3F203FB12994D45064609D941688C
:103990005A1B2944384616F07FFA33895B1B1F44B3
:1039A00000257168A9EB05022944384616F074FA1F
:1039B0000023A6F80A902046C8F80030BDE8F88336
:1039C0000289838941891344581A90FBF2F302FB60
:1039D0001300400040F0010070470000820708D14A
:1039E0000068064B984206D0054BC31A584258410E
:1039F0007047002070470120704700BFF0F50508B0
:103A0000C4F50508044B0B60044BC1E901300023E9
:103A1000CB600846704700BFACF20508F53C0308D0
:103A200008B501220430FBF702F9062008BD08B5ED
:103A300002220430FBF7FBF8062008BD38B5041D50
:103A400008460021F9F770FE05462846F9F7E0FE22
:103A5000014600B938BD01222046FBF7E8F8F4E73B
:103A600070B506460D460124B44201D3062070BD50
:103A700055F824102868FFF7E1FF0134F4E738B562
:103A8000041D08460021F9F74FFE05462846F9F7C0
:103A9000BFFE014608B9062038BD03222046FBF7C9
:103AA000C6F8F3E730B585B0041D08466946F9F756
:103AB0003BFE05462846F9F7ABFE014610B91E202D
:103AC00005B030BD00222046FBF7B1F80028F1D048
:103AD0000E20F5E738B5016804461020FBF765F9BC
:103AE000616805460430FBF798F86268A368E168EE
:103AF000E868AB60920016F0CFF9284638BD38B5BB
:103B00000D46FFF7E7FF29460446FFF797FF2046DB
:103B100038BD38B50D46FFF7DDFF29460446FFF7EF
:103B2000AEFF204638BD000010B5022204300C461E
:103B3000FBF77DF818B903482146FAF745FB062044
:103B400010BD00BF70EA050808B50430FBF722F984
:103B5000062008BD2DE9F8430C6880460F461AB9C7
:103B60002046FFF7B7FF04460125261D454502D331
:103B70002046BDE8F88357F82500844204D130463A
:103B8000FBF708F90135F1E70021F9F7CDFD814692
:103B90004846F9F73DFE01460028F3D002223046A0
:103BA000FBF745F8F4E708B50122FFF7D3FF06203D
:103BB00008BD0022FFF7CEBF08B50430FBF7CAF8F6
:103BC00018B902490248F9F7FFFA08BD0C9905082F
:103BD00070EA050850F82100042818BF002814BF17
:103BE00001200020704700008A07F8B504460E4601
:103BF00011D10D681E4BEB1A5D425D41B36863B98C
:103C00001DB11C492046EDF740FC1B492046BDE88C
:103C1000F840EDF73ABC0025F0E71DB11749204602
:103C2000EDF733FC16492046EDF72FFC0027012362
:103C30007268BA4206D813492046EDF726FCADB1AA
:103C40001149E3E7F0683946FFF7C4FF60B11BB9DB
:103C50000E492046EDF719FCF368012253F82710AE
:103C60002046FBF7C3F800230137E1E7F8BD00BFAA
:103C7000C4F50508686B0508159905081B99050822
:103C80006B9705080F93050895B2050887960508F8
:103C90000528F8B50E460BD006280ED0042801D012
:103CA0000020F8BD8B68002B0CBF0E201E20F8E70B
:103CB0008868400040F00100F3E711F00305EFD100
:103CC0000C680B4B9C42EBD14F68AF4201D16000B6
:103CD000F0E7F36829461846FFF77CFF30B153F848
:103CE00025100620F9F7CAFA04EB60040135ECE769
:103CF000C4F505088268C16870B556680346B142CC
:103D000001D3002008E0D5682846FFF763FF4C1C6C
:103D100018B155F82100DC6070BD2146EFE70000C6
:103D20002DE9F0410646884610200B49FBF73DF887
:103D3000071D054631463846FAF76FFF0024B442A6
:103D400002D12846BDE8F08158F8241001223846F7
:103D5000FAF76DFF0134F2E7F0F5050888422DE926
:103D6000F84305460E46174608D11AB106242046E8
:103D7000BDE8F883BDE8F843FFF7ACBE0021084674
:103D8000FFF7CEFF002104463046F9F7CDFC804610
:103D90004046F9F73DFD064658B9002FE7D0E868E0
:103DA000ECF78AFA63686B60A368AB60E368EB606A
:103DB000DCE700223146281DFAF739FF0028E7D05A
:103DC00031462046FFF72CFEE2E70122FFF7C6BF8F
:103DD0000022FFF7C3BF01220430FAF728BF70B5F5
:103DE0000C4605461146204602221E46FAF7B6FC4E
:103DF0003CB921462046FFF793FF04462560204644
:103E000070BD00210846FFF78BFF00210446306893
:103E1000F9F78AFC06463046F9F7FAFC0146002815
:103E2000ECD02046FFF7D7FFF5E700002DE9F04181
:103E300086B01646CDE900100446FFF7CFFD0246D6
:103E4000002835D1214801AB0121FFF7C8FF4FF011
:103E500001080446009D2846FFF7C0FD024650BBFE
:103E60001A486B460121FFF7BAFF012705461EB12C
:103E7000A268AB689A4226D0154B0293154BCDE948
:103E80000334002305932E1D02A8FFF733FF0146DC
:103E900098B91E26B8F1000F02D0201DFAF77AFF5C
:103EA00017B1281DFAF776FF304606B0BDE8F0815D
:103EB0004FF00008CEE70027D9E700223046FAF796
:103EC000B6FE0028E0D10E26E4E700BFF0F50508B5
:103ED000ACF20508F53C03080B46002201461846E3
:103EE000FFF7A4BF0022FFF7A1BF0000F7B51546FA
:103EF000CDE900128A0707460C4610D10968594BD4
:103F0000CB1A59425941242F0E4600F09E80284674
:103F1000FFF764FD28B90024204603B0F0BD00215E
:103F2000F1E71C2FF7D801A353F827F00F4003083F
:103F30001F400308274003082F4003083D400308A3
:103F4000173F0308173F0308173F0308173F0308ED
:103F5000C93F0308E33F0308F13F0308173F030885
:103F6000173F0308173F030803400308173F0308E0
:103F7000173F0308173F0308173F0308173F0308BD
:103F8000173F0308D53F0308A13F0308AF3F0308CD
:103F9000173F0308173F0308173F0308BD3F0308F7
:103FA0002946204603B0BDE8F040FFF7B2BD2946E0
:103FB000204603B0BDE8F040FFF70ABF6946022083
:103FC000FFF7F7FD0446A7E721B169460220FFF796
:103FD00047FDA1E72946204603B0BDE8F040FFF7C2
:103FE0008EBD29462046002EDCD0FFF748FD93E722
:103FF0000A4620462946FFF7B1FE002E08BF0446B8
:104000008AE70A4602206946FFF7A4FDDAE70122A3
:104010002946204603B0BDE8F040FFF707BF012264
:1040200021462846F6E7A268AB689A4217D129468E
:10403000204603B0BDE8F040FFF754BF29462046B4
:1040400003B0BDE8F040FFF747BF201D002229461E
:10405000FAF7EDFD002814BF1E240E245CE70E24A1
:104060005AE700BFF0F505084A680149EDF7C2BDFF
:10407000AC9705080020704738B50D460446104936
:10408000EDF703FA696801222046FAF7AFFE0D4901
:104090002046EDF7FAF9A96801222046FAF7A6FEB4
:1040A00008492046EDF7F1F9E96820460122FAF7C0
:1040B0009DFE20460449BDE83840EDF7E6B900BF53
:1040C000269905088796050895B20508136893B9DF
:1040D000922902D1436813607047962901D1836801
:1040E000F9E7952901D1C368F5E7B1F5777F04BFFA
:1040F000014BC2E90030704764F6050870B506460A
:104100000D46102003491446FAF74FFEC0E9016539
:10411000C46070BD44F605082DE9F0418046C068D2
:1041200006280F4615461BD0FAF72EFF041E02D1B3
:104130002548F9F745FE14DCD8F80400062833D1E9
:104140007E1ED8F8080006283AD0FAF71DFF00288E
:10415000B8BFC01940EAE070B8421EDB781E1CE010
:104160000124D8F8040006281CD0FAF70DFF002817
:10417000B8BFC01920EAE076BE42A8BF3E46D8F8D4
:10418000080006281AD0FAF7FFFE0028B8BFC019A9
:1041900020EAE070B842A8BF3846C5E90060AC60CC
:1041A000BDE8F0810026EAE7FAF7EEFE061EB8BF8A
:1041B000F61946EAE676BE42C2DAC2E73846ECE7CE
:1041C0004FF0FF30E9E700BF2D99050810B5044610
:1041D00086B00846FAF7D8FE6A4601462046FFF741
:1041E0009BFF009B5B0043F001030393019B5B007B
:1041F00043F001030493029B5B0043F0010303A916
:104200000320059302F03EFD06B010BD0E2801D13B
:10421000012070471E28FBD010F00103F8D182075F
:1042200005D10068034BC31A5842584170471846DD
:10423000704700BF4CEF050808B50146FFF7E6FFE1
:1042400038B98A0704D10868034BC31A5842584149
:1042500008BD0120FCE700BFECEC0508044B0B6037
:10426000044BC1E901300023CB600846704700BF12
:10427000ACF205087942030813B50446806800F0E3
:104280000703022B11D101A9C008ECF729FFE3684D
:10429000019A93423FBFC05C400040F001000133EF
:1042A0002CBF0020E36002B010BD83680193C0689A
:1042B000EDE7000008B5FAF785FDC2880349044818
:1042C000972A14BF97234223F8F787FF3C990508E4
:1042D00050E9050838B5044608460D46FAF772FD60
:1042E000084B984208D0084A9C4208BF14468442B2
:1042F00006D02846FFF7DEFF844201D00248F6E7E9
:1043000038BD00BF6CE505081CF90508F8B51C4B65
:10431000984207460D460ED1D1E90110ECF7CAFDCF
:1043200048B1C4002846ECF7D5FF00232B6044F0C9
:1043300002042046F8BD69682B68AE6801319942D5
:1043400003D03046EBF7ABFF06466A680023B35450
:10435000AB602B600B4B9F4205D168683146BDE8CE
:10436000F840FBF7ABBC39461020FAF71EFD696830
:10437000816004463046ECF781FDE6606060D8E776
:104380004CF905086CE505082DE9F04101F007033B
:10439000022B86B080460C4616D101A9E008ECF746
:1043A0009FFE0646019902A8ECF778FF049F0025BE
:1043B000019BAB420CD82046FAF704FD02A9FFF797
:1043C000A5FF06B0BDE8F0818B68CE680193E9E7F0
:1043D000705DC04778550135EAE7000001460148A5
:1043E000FFF7D2BF2D1D020801460148FFF7CCBFE1
:1043F0003B1D02082DE9F0478AB004460191FAF707
:10440000E1FC04F00703022B074635D102A9E008BE
:10441000ECF766FE06460198830706D103683A4A20
:10442000934209D0394A934206D0374801AB002263
:104430000121FEF7B1FD019004AA03A9FAF74CFE91
:10444000DFF8D480324B00249F4214BFB946C146E6
:104450002546039BA34213D8294606A8ECF71EFF66
:10446000089C0025039BAB422DD806A93846FFF7D0
:104470004DFF0AB0BDE8F087A368E6680293CAE77B
:10448000049B53F82400FAF79DFC214B984214BF7B
:104490000346434699454FEA840A02D01D48F9F77E
:1044A00069FE0CB1029B1D44049B53F80A0000F006
:1044B0000703022B05D1C008ECF7FDFD05440134CC
:1044C000C7E78068FAE735B12046029A314615F011
:1044D000E3FC029B1C44049B53F8250000F00703F7
:1044E000022B0CD105A9C008ECF7FAFD01462046C5
:1044F000059A15F0D1FC059B01351C44B2E7836891
:10450000C1680593F3E700BF74F0050894FA050845
:104510006CE50508459905081CF90508F0B500F09B
:104520000703022B87B004460D462BD101A9C00812
:10453000ECF7D6FD06462846FAF726FD0199054612
:104540003046EDF795FB854219D9019F2D1A2F446E
:10455000394602A8ECF7A2FE3A462021049815F04D
:10456000E5FC0498019A314600EB550015F094FCE7
:104570002046FAF727FC02A9FFF7C8FE04462046AA
:1045800007B0F0BD8368C6680193D4E72DE9FF4703
:10459000824608680E46FAF715FC71688146FFF7F7
:1045A00099FE306800F00703022B39D102A9C00838
:1045B000ECF796FD0446706800F00703022B33D138
:1045C00003A9C008ECF78CFD8046029ABAF1020FED
:1045D00004EB02072FD9B368062B2AD001210091E2
:1045E0004846214602F0B0F80546BAF1030F0AD05A
:1045F000F368062B07D0012200922146029A484612
:1046000002F0A2F80746039B6BBB791B2846EDF727
:104610002FFB0130400040F0010004B0BDE8F087FE
:104620008368C4680293C6E78368D0F80C8003935C
:10463000CBE72546D9E72546E5E74146284615F06C
:104640009DFC38B901343546039AAE18BE42F4D900
:104650006000E0E7D14504D12846EDF7F3FA0646BD
:10466000F1E76E1CEFE7DFF808A00024ECE700BFDD
:104670004CF9050801F00703022BF7B507460FD1E7
:10468000C80801A9ECF72CFD0446019B7BB1174B30
:104690009F4202D0164B9F4212D1264600251CE0B5
:1046A0008B68CC680193F0E7605DB84710B90E20C5
:1046B00003B0F0BD0135019BAB42F5D81E20F7E7F2
:1046C0000025F8E716F8010BEDF7ECFA28B116F81B
:1046D000010CB84705460028E9D0019A331B9A42DD
:1046E000F0D8002D0CBF0E201E20E1E7051D0208AA
:1046F000191D020801460148FFF7BCBF911C0208C2
:1047000001460148FFF7B6BFA51C02080146014853
:10471000FFF7B0BFB91C020801460148FFF7AABF66
:10472000051D020801460148FFF7A4BF191D020834
:104730002DE9F04788B005228046084601A9FAF71E
:1047400055FE029904A84908ECF7A8FD019D029FB7
:10475000069C2F44BD4209D3069B04A9E41A404697
:104760000594FFF7D3FD08B0BDE8F0872E4616F894
:10477000019B4846EDF78CFAE0B9B74202D10E48EA
:10478000F9F71EFB4846EDF7A1FA0028F7D095F897
:1047900001A05046EDF79AFA0028F0D04846EDF710
:1047A000D5FAAE1C05465046EDF7D0FA40EA0510A2
:1047B00004F8010B3546CDE771990508884230B5FC
:1047C00014D20378303BDBB2092B0FD800231360DF
:1047D0000A2510F8014B303C05FB0343814213606E
:1047E00004D00478303CE4B2092CF2D930BD012A5F
:1047F00013B50C4613D100F00703022B0BD101A90E
:10480000C008ECF76DFC019B636042232060A3604D
:10481000002002B010BD83680193C068F3E7012057
:10482000F7E70000A12808B502460BD040F2FA4392
:10483000984207D040F23633984205D003490448E5
:10484000F8F7CBFC002008BD0120FCE77F990508A4
:10485000B8EA0508F0B5054689B0084616461F4671
:10486000FAF792FBB0F5881F044603D30B490C48B6
:10487000F8F7AAFC03AA04A80421ECF717FD2146C7
:1048800004A8ECF782FD0E9BDDE90521CDE900735C
:1048900028463346ECF708FE09B0F0BD8C990508B0
:1048A00090EB05082DE9F04198468F1804460D4617
:1048B0000B4600229F4204D8002A14BF2226272636
:1048C00005E01978272905D0222904D12726324668
:1048D0001A4908E001220133ECE715F8012BB24236
:1048E00005D1174932462046EDF784F905E05C2AE8
:1048F0000CD114492046ECF7C8FDAF42EDD8324642
:1049000020460E49BDE8F041EDF774B91F2A08D9D9
:104910007F2A04D0B8F1000FDAD01306D8D50A499F
:10492000E1E70A2A01D10949E4E70D2A01D1084942
:10493000E0E7092AF3D10749DCE700BFA49905089D
:10494000A3990508A7990508B3990508AA99050828
:10495000AD990508B099050870B50D46154904468E
:10496000AE18ECF792FDAE4205D820461149BDE8DD
:104970007040ECF78ABD15F8012B222A01D05C2A81
:1049800004D10D492046EDF735F9ECE71F2A01D98E
:104990000A49F7E70A2A02D109492046E1E70D2A28
:1049A00001D10849F9E7092A01D10749F5E7074983
:1049B000E8E700BF6D970508A3990508A4990508C5
:1049C000AA990508AD990508B0990508BA9905088E
:1049D00001F00703022B73B5054616460DD1C80832
:1049E00001A9ECF77DFB0446032E0AD1019A21466A
:1049F0002846FFF7B1FF02B070BD8B68CC68019309
:104A0000F2E7042ED5E9000303D1019A2146984725
:104A1000F1E7054901229847019A012321462846DA
:104A2000FFF740FFE7E700BF769605082DE9F0475E
:104A30009942DDF82080814692461F4613D3B8F193
:104A4000000FA1EB0304D6BF25460025002409EB87
:104A500005063A465146304615F090FA20B1A54277
:104A600001D04544F3E700263046BDE8F08700005A
:104A70002DE9F04F83468BB00868CDE904230E463C
:104A8000FAF7A0F90746306800F00703022B14D1AB
:104A900007A9C008ECF724FB0446DFF8ECA0574553
:104AA00043D0706808A9FAF747FA00283DD0089B60
:104AB000FF2B06D93248F9F783F98368C468079356
:104AC000EBE78DF82430012303930DF12409079AB5
:104AD000BBF1020F04EB02083FD9B368062B3AD0B2
:104AE000012100913846214601F02EFE0546BBF11A
:104AF000030F0AD0F368062B07D00122009221464B
:104B0000079A384601F020FE8046454509D8049BA7
:104B100000934A46039BA8EB05012846FFF786FF52
:104B2000E8B9059B4BB31748C5E738467168FFF7EE
:104B3000D1FB706800F00703022B07D109A9C00858
:104B4000ECF7CEFA8146099B0393C0E78368D0F85F
:104B50000C900993F7E72546C9E72546D5E7574561
:104B600009D101462046EDF776F8400040F00100FB
:104B70000BB0BDE8F08F001BF7E74FF0FF30F7E711
:104B8000C1990508CC9905084CF9050800230122B4
:104B9000FFF76EBF00234FF0FF32FFF769BF01231D
:104BA0001A46FFF765BF01234FF0FF32FFF760BFE2
:104BB0002DE9F04F042891B00D4635D1C868FAF7B9
:104BC000E3F978B340EAE07328680493FAF7FAF857
:104BD00069680690FFF77EFB0698A968FFF77AFBE5
:104BE000286800F00703022B21D109A9C008ECF7BF
:104BF00077FA8346686800F00703022B1CD10AA9E4
:104C0000C008ECF76DFA0590A86800F00703022BC6
:104C100017D10BA9C008ECF763FA0390DDE909325C
:104C20009A4213D9286868E04FF0FF33CCE78368D5
:104C3000D0F80CB00993DDE783680A93C368059345
:104C4000E2E783680B93C3680393E7E70024DDE999
:104C50000963002B42D124B10B9A0399204615F029
:104C60001BF90B9F4FF0010AD8461CE00BB909F164
:104C70000109A9EB080624B132464146E01915F0B6
:104C80000BF93E4424B10B9A0399A01915F004F9CD
:104C90000B9F0A9B3744099E09EB03085E44A6EB71
:104CA00008060AF1010A049B53451BD066B1012294
:104CB0000A9B00923146059A07934046FFF7B6FEDD
:104CC000079B81460028D1D174B9BAF1000FA9D051
:104CD000B9190CA8ECF7E2FA0E9CB8E74FF0000AFD
:104CE0005746C1E7002CF3D041463246E01915F093
:104CF000D3F806980CA9FFF709FB11B0BDE8F08FB7
:104D000070B50E46014610201446FAF74EF80546D7
:104D1000846076B121463046ECF7B0F86860601CDC
:104D2000EBF7A2FA2246E860314615F0B5F800220A
:104D30000255284670BD08B5ECF708F9C00040F0F0
:104D4000020008BDD0E9012110B504460020EDF7AE
:104D500005F8014610B90448F8F736FA2146034829
:104D6000BDE81040FFF7D2BAE4E805084CF90508A1
:104D700001460148FFF7CABA4CF905080146014847
:104D8000FFF7C4BA1CF9050838B50A4604460D46B3
:104D900001460020ECF7E2FF014610B90948F8F798
:104DA00013FA29462046ECF785F830B92A46214601
:104DB0000548BDE83840FFF7A3BFC00040F002003F
:104DC00038BD00BFE4E805084CF9050810B50446F5
:104DD00015F0EAF801462046BDE81040FFF7D4BFC1
:104DE0000A4601460148FFF78BBF00BF1CF90508C2
:104DF00010B40A4C0346A342084603D110BC114626
:104E0000FFF7C2BF064CA34203D110BC1046FAF70D
:104E100045BF10BC1146FFF7E3BF00BF4CF90508C2
:104E20006CE50508F0B585B004460D461746F9F760
:104E3000C9FF04F00703022B064615D1E0086946B6
:104E4000ECF74EF90446042F26D1AB07009818D191
:104E50002A68124B9A4214D101AA294603F01BF882
:104E600030B90F48F9F7A8F9A3680093E468EAE7B6
:104E7000DDE901123046521A2144FFF7B9FF05B0AF
:104E8000F0BD014600232A463046FAF75BF9205C64
:104E9000400040F00100F2E70020F0E744F605088A
:104EA0008A9605082DE9FF4102AB0C460193244B7D
:104EB0000093043101230138F9F77EFC2068F9F7EB
:104EC00081FF002180460846FEF77CF807462068EF
:104ED00000F00703022B0ED103A9C008ECF700F97C
:104EE0000146039D0D44A94225D20B46AB421C4608
:104EF00005D100260FE08368C1680393F1E71A78B3
:104F00000A2A16D00D2A04F10103EFD163780A2B87
:104F10000CBF022601269DF80820631A06FB023208
:104F20004046FFF765FF01463846FDF7BAFDA11977
:104F3000D9E70126EFE7384604B0BDE8F08100BFAD
:104F400074F605082DE9F04F8BB00C4604901068FC
:104F50009046F9F737FF012C079042D0D8F804109B
:104F6000FFF7B8F9D8F8040000F00703022B33D19B
:104F700009A9C008ECF7B4F80390099B0593D8F889
:104F8000000000F00703022B30D109A9C008ECF79C
:104F9000A7F80746049BDDF82490012B4FF000048E
:104FA00009BF4FF0FF33012309F1FF3506931CBF02
:104FB00006930025CB46A2462646BBF1000F19D129
:104FC000BAF1000F26D1214B2148079A9A4208BF17
:104FD0000A200BB0BDE8F08F83680993C368039380
:104FE000CBE7062305931B4B0393C8E78368C76889
:104FF0000993CFE701230599039800937A19FFF7E6
:1050000015FDA8B9BAF1000F17D1049B4BB909F1EE
:10501000FF342E46621C921B4A4512D1D8F800007C
:10502000D7E7049B012B2C4609D02E464FF0010AEE
:10503000069B0BF1FF3B1D44BFE72C46F8E75646A5
:10504000E8E70798B919FFF7D3FEC2E74CF905085E
:105050007CF605086CF605080A4601460220FFF7B3
:1050600071BF0A4601460020FFF76CBF0A460146A1
:105070000120FFF767BF00002DE9F04389B0064625
:105080000C469146F9F79EFE21460746FFF722F9A6
:1050900006F00703022B12D103A9F008ECF720F861
:1050A000054604F00703022B0DD104A9E008ECF734
:1050B00017F88046049B5BB92248F8F781FEB36875
:1050C000F5680393EDE7A368D4F80C800493F1E747
:1050D0001D4A1E4B2046974208BF0A23B9F1010F13
:1050E000CDE9053307930CBF05960796F9F76AFEDD
:1050F000B84205D0049A41463846FFF779FE044687
:10510000049B0399CDF8009042462846FFF78EFC99
:1051100088B1461B324629463846FFF769FEDDE96D
:105120000321521A3144CDE90504921B2944384623
:10513000FFF75EFE079005A9032001F0A3FD09B06B
:10514000BDE8F083D99905084CF905087CF60508F7
:105150000122FFF791BF4FF0FF32FFF78DBF2DE91E
:10516000F34100F00708B8F1020F04460D4601F0C4
:1051700007070DD1022F05D1431A5842584102B0FA
:10518000BDE8F081C008EBF78BFF0646686805E0D4
:10519000022F4668FAD1C808EBF782FF26B118B192
:1051A000B04201D00020EAE7B8F1020F16D1E008C2
:1051B0006946EBF795FF0446022F13D101A9E808D1
:1051C000EBF78EFF0146DDE900239A42EAD1204643
:1051D00014F0D4FEB0FA80F04009D0E7A368009341
:1051E000E468E9E7AB68E9680193ECE708B500F02B
:1051F0000703022B0DD0830709D10268064B9A42A0
:1052000005D1BDE80840D0E90210EBF79FBEFFF7DB
:1052100051F8C00808BD00BF4CF9050870B5034639
:10522000086882078CB00E460ED1026843498A4254
:105230004BD043498A427DD100F00702023B012B4B
:105240000FD94048F8F796FF00F00702022AF5D080
:10525000012B71D1C30741D5411038D50020F8F793
:10526000AFFD022A23D108A9C008EBF739FF054694
:10527000306800F00703022B1DD1C008EBF710FFC8
:10528000044624B908992846EBF7F8FD04467068EF
:10529000FFF7ACFFFFF7C6FA01280ED12946089A9E
:1052A000ECF75CFD014640B92748F7F78DFF8368AE
:1052B000C5680893DCE74468E3E72049089E1020AE
:1052C000F9F773FDC0E9026544600CB070BD08A831
:1052D000EBF7E4FF08A8FFF751FDF6E7012201A96B
:1052E000FAF784F820B1DDE90101FFF779FDECE779
:1052F0003068F9F76FFF78B910210DEB0100EBF77B
:10530000BFFF306808A9F8F70FFA04462046F8F7FF
:105310007FFA20B904A8DEE7411004A8EFE7F9F707
:1053200033FEFF2801D9094899E7C1B204A8ECF778
:1053300025F8EBE7012BD1D0054883E71CF90508D8
:105340004CF90508F9960508E4E80508C19905082F
:10535000E599050808B508460AB1F9F7A1FA21B19F
:105360001946BDE80840FFF759BF014808BD00BF16
:105370007CF60508012807B50AD10B68009340F2B6
:105380000A53019369460220FFF748FF03B000BDAE
:105390000028F9D10048F9E77CF605082DE9F0432B
:1053A000074687B0884614461E460AB1F9F778FAD0
:1053B000062221464046F9F7D1F9B8F1000F00F076
:1053C000BB80B8F1010F10D16A46102102A8EBF79B
:1053D00075FF316822466846F9F708FD02A938468C
:1053E000FEF794FF07B0BDE8F0833068840730D142
:1053F0000268524B9A422CD1D0E902547068FFF7F0
:10540000F5FEFFF70FFA2A4621468146ECF7A6FC87
:1054100000286AD1B8F1020F63D0B068062860D0C6
:10542000FFF7E4FEB0F5767F804601D0812858D1A1
:10543000294602A8EBF724FF2544A542CED92646EB
:1054400016F8011B08060BD402A8EBF797FF3446A9
:10545000F3E7052202A9F9F7C9FFDDE90245CDE727
:10546000B9F1000F34D101F14003DBB2372B2FD853
:10547000CA0802F00602E523134103F003032046A5
:105480004A46B542344604D0367806F0C006802E2F
:1054900007D093420CD0B8F1810FCED14FF6FD71F9
:1054A00012E00132D2B2934204F10106E9D134464E
:1054B0007F221A411140034410F8012F02F03F02ED
:1054C000984242EA8111F7D102A8EBF75EFFB4E7F8
:1054D000B8F1810FBBD14FF6FD7102A8EBF755FF74
:1054E000B5E717480021F7F76FFE29462046EBF78E
:1054F000E1FC18B1C00040F0020073E733689A077E
:1055000003D119680D4A914207D02A4621463846F0
:1055100007B0BDE8F043FFF7F3BB5E6826B9294644
:105520002046EBF7ABFC064639461020F9F73DFC68
:10553000C0E90254466055E70A2053E71CF9050804
:10554000E4E80508012807B50B4606D10B6800936F
:1055500040F20A53019302206B46014600220248A2
:10556000FFF71CFF03B000BD4CF9050800F007036E
:10557000022B07B50CD0830708D103681A7B2AB128
:1055800003EB82031A69064B9A4207D0FEF792FE9C
:1055900001A9C008EBF7A4FD03B000BDC068FBE79C
:1055A00095560308F0B50D4689B00746144628689D
:1055B000052201A9F9F71AFF029B33B91F4B2048B6
:1055C0009C4208BF0A2009B0F0BD012F4FEA4306F4
:1055D0000ED96868013B1E44FFF7C8FF05463146F7
:1055E00004A8EBF75BFE0198069A029939B91FE00F
:1055F0000025F4E70232F9E72B7893700332037841
:105600001B0903F12706092B88BF3346303313707B
:1056100010F8013B03F00F0303F12706092B88BFA5
:105620003346303301395370002DE3D00029E3D1E4
:1056300004A92046FEF76AFEC5E700BF4CF905083D
:105640007CF60508014AFFF7ADBF00BF4CF905081D
:1056500000F00703022B13B50C460CD0830708D1CA
:1056600003681A7B2AB103EB82031A69084B9A423A
:1056700009D0FEF71FFE01A9C008EBF731FD019B21
:10568000236002B010BD83680193C068F7E700BFD4
:10569000955603082DE9F04F9BB0212806460D468C
:1056A0000992144601F0070740F014821046F9F7FA
:1056B00089FBC37B9BB12046F9F784FB0646204655
:1056C000F9F780FBC37B06EB8306AB4B32699A424A
:1056D00005D1D4F804A004F1080B00240AE0A207C5
:1056E00011D12268A54B4FF0010A0DF1240B9A420B
:1056F00018BF0024022F0BD10BA9E808EBF7F0FC30
:105700000590002312E04FF0010A0DF1240BE4E7AD
:10571000AB680B93EB680593AB07F2D1984B2A6803
:10572000A2EB030CDCF1000343EB0C030EAA1021E7
:1057300012A80693EBF7C2FD059A0B9B164602EBE7
:1057400003094FF00008B14507D8002C40F0B7819D
:10575000C24500F0B4818B4816E03178252905D088
:1057600012A8EBF70BFE35466E1CECE7751CA9453D
:1057700024D97178252903D112A8EBF7FFFDF3E7AF
:10578000282924D114B98048F8F7F4FCB01C01464C
:105790000D4615F8013B292B12D1091AFFF7CBFA58
:1057A00001462046FBF79AF94FF001080646002310
:1057B0000793202304930027A9450AD8734802E0E1
:1057C000894502D17248F8F7FBFA2946E0E700263E
:1057D000EDE72B782B2B44D037D8202B44D0232B2C
:1057E00045D000230C932B782A2B43D1C2452AD9CC
:1057F00008F101035BF828000893F9F7C5FBDDF811
:1058000020800C9001354FF0FF33A9450D93D5D979
:105810002B782E2B14D1681C8145CFD96B782A2B7D
:105820002FD1C2450FD908F101035BF82800089376
:10583000F9F7AAFBDDF820800D900235A945BDD906
:105840005EBBD04525D353489EE72D2B05D0302B8A
:10585000C7D147F01007049301E047F00107013575
:10586000AAE747F00207FAE747F00407F7E708233B
:105870000793F4E728460CAA4946FEF79FFF054622
:10588000C1E700230DAA49460D93FEF797FF054691
:10589000D4E75BF8286008F101082B78472B0AD879
:1058A000442B00F2B380059A3B493C48AD1A009561
:1058B0001A46F7F792FCA3F15802D1B22029F2D888
:1058C000202AF0D801A151F822F000BFA75A0308FE
:1058D000A7580308A7580308A7580308A7580308A0
:1058E000A7580308A7580308A7580308A758030890
:1058F000A7580308A758030851590308D9590308A2
:105900000D5A03080D5A03080D5A0308A758030837
:10591000D9590308A7580308A7580308A75803082C
:10592000A7580308A7580308295A0308A7580308CB
:10593000A7580308455A0308455A0308A7580308FF
:10594000D9590308A7580308A7580308A75A0308FA
:1059500006F00703022B05D0B0072ED13368104A9A
:1059600093422AD116A93046FFF772FE169A012AF1
:10597000014619D00B4807E7496B030844E80508BE
:105980001CF905084B9A0508EB990508049A0508C7
:10599000F4990508119A05082F9A050808E90508E1
:1059A0004CF905081B9A05080C9B019320230093D2
:1059B0000EA83B46EBF778FDD6E63046FEF726FC10
:1059C00040B10C9B00933A46202331460EA8FEF7C7
:1059D00041FFC9E68C48D7E6B10709D133688B4A45
:1059E000934205D13046FBF7B8FDFCF725FB064690
:1059F0000D9B03930C9B0293049B0A22CDE9007339
:105A0000612331460EA8EBF7CFFDADE63046F9F73E
:105A100011FB0D9B297801930C9B00933A46049B44
:105A20000EA8EBF7CDFE9FE6079B0BB147F088076A
:105A30000D9B03930C9B0293049B0822CDE90073FA
:105A40006123DEE710AA102116A8EBF737FC2B78AC
:105A5000722B26D0069B0BB1B2071BD00022314619
:105A600010A8F9F7C3F917990D9A0C9B019332EA24
:105A7000220228BF0A468A424FF02003009328BF23
:105A80000A463B4618990EA8EBF70EFD16A8EBF751
:105A900021FC69E632685E4BD31A5A425A419200A1
:105AA000DDE70122DBE70D9A03920C9A0292049A39
:105AB0000192079A17430097173B1022A1E7544819
:105AC000544B069A12A9002A08BF1846FEF71EFC7E
:105AD00004461AE00846F9F775F9022F824618D1F4
:105AE00010A9E808EBF7FCFA07461D2E25D1204641
:105AF00012A9F9F721FA044638B1129B002B0CDCED
:105B0000444B454C9A4508BF0A2420461BB0BDE8CB
:105B1000F08FAB68EF681093E7E7109916A8594328
:105B2000EBF7BCFB189B0093109A129B012138469F
:105B300002F09DF916A95046C8E72046F9F742F948
:105B4000504532D104F00703022B29D116A9E008F1
:105B5000EBF7C6FA8046DDF858901B2E04D037D8F4
:105B6000042E46D90E2E2ED1109B23B92046F9F7CC
:105B700029F95045C9D0B9F1000F38D0109916A8AD
:105B80004944EBF78BFB109A1898394614F084F9C6
:105B90001898109B4A464146184414F07DF9C9E70D
:105BA000A368D4F80C801693D5E7194B9A4508D111
:105BB000012216A92046F9F719FC20B1DDE9168962
:105BC000CBE7242E01D000249FE72046FEF772FB8E
:105BD000242EF8D10123009310994B4642463846B3
:105BE000FEF724FF002814BF1E240E248DE72C4648
:105BF0008BE7109ACDF8009043463946304602F0C4
:105C000089F90028EFE700BF269A0508ECEC0508A3
:105C10001CF905084CF905087CF605082DE9F74F35
:105C2000054608680C46F9F7CDF8012D814628D9BC
:105C3000022D676826D0A068F9F7A6F9054600216D
:105C40000846FDF7BFF98046206800F00703022BE5
:105C50001BD16946C008EBF743FA0446009E062FA5
:105C600026443AD1B442274627D238780134ECF79B
:105C70000FF80028F6D1B7421FD2002D5ED03C4667
:105C80000EE006274FF0FF35D9E78368C46800931C
:105C9000E4E7A2461AF8010BEBF7FAFF10B95446F5
:105CA000B442F6D1E21B39464846FFF7A1F8014657
:105CB0004046FCF7F6FEB44208D3404603B0BDE8C8
:105CC000F08F38780134EBF7E3FF10B1B442274688
:105CD000F7D1002DCFDD013DCDE739464846FEF72F
:105CE000F9FA384601A9FFF7B3FC019F8346A7B92B
:105CF0001748F8F765F8B246AAEB04022146484671
:105D0000FFF776F801464046FCF7CBFEB245D4D209
:105D1000002D0AEB070400DD013D002DEBD0A2466B
:105D20000AEB07039E42E6D33A465946504614F022
:105D300025F90028E0D00AF1010AF1E73946F21B03
:105D40004846FFF755F801464046FCF7AAFEB4E77F
:105D5000D99905082DE9F04F022885B007460D4670
:105D600004D805B0BDE8F04FFFF758BF0868F9F751
:105D700029F88246D5E9000600F00703022B12D16C
:105D800002A9C008EBF7ACF98046A868F9F7FCF85F
:105D9000041E0DDA29463846FFF740FF054628461F
:105DA00005B0BDE8F08F8368D0F80C800293ECE773
:105DB00004F1010900214846FDF704F9062E0546C5
:105DC00002D12748F8F7F8F903A93046FFF740FC5D
:105DD000DDF80CB00090BBF1000F02D12148F7F7BD
:105DE000EFFF029E46445CB1A6EB0B07474507D385
:105DF00000995A46384614F0C1F800B3013FF5E760
:105E0000A6EB080241465046D5F80CB0FEF7F0FF6D
:105E1000A7004BF82400002CC1D0E868A9EB0404CB
:105E2000A200C11914F06CF86A68E868121B9200AD
:105E3000002100EB840014F079F8AC60AFE7F21BAE
:105E4000EB680193A2EB0B0207EB0B015046FEF748
:105E5000CFFF019B3E4643F82400013CC3E700BF4F
:105E60005A9A0508D99905082DE9F0430D6805F0FF
:105E70000703022B85B00E461746A0F1020838D161
:105E800003A9E808EBF72CF90446B8F1000F21D07C
:105E90002846F8F797FF039AB8F1010F814604EB03
:105EA000020508D0F368062B05D001210091214698
:105EB00000F04AFC0546B368062B07D00122009289
:105EC0002146039A484600F03FFC04462D1B25EA74
:105ED000E57503957368DDF80C909A0706F10408E0
:105EE0000BD001260025B5420FD10E2005B0BDE82C
:105EF000F083AB68EC680393C7E719680E4A9142D8
:105F0000EFD15E6803F10808ECE703A958F8250013
:105F1000FFF79EFB039A01464FB1A9EB02009145A2
:105F200003D3204414F02AF818B10135DBE73846D2
:105F3000F5E71E20DAE700BF94FA05080022FFF714
:105F400093BF0122FFF790BF2DE9F04F2DED028B9B
:105F500095B00D4605909146102108AA0CA89A46C6
:105F6000EBF7ACF99FED748A4D450AD30CAB0FCB20
:105F7000059C84E80F00204615B0BDEC028BBDE8FF
:105F8000F08F2F4617F8011B7D290CD1B94507D991
:105F900069787D2904D10CA8EBF7F0F93D4607E0BC
:105FA0006648F7F70DFF7B2904D00CA8EBF7E6F95C
:105FB0000135D9E7B94539D969787B29EBD07D29F5
:105FC0003AD0212924D03A2936D03B4699452DD0C4
:105FD0001A787D2A1D4614D1A84600262B783A2B24
:105FE0003BD16B787D2B05F1010433D02346012290
:105FF0004B451D461AD219787B2922D10132013333
:10600000F6E7212A14D03A2A03F10103DED1E3E7AF
:106010003D460027B8466B1C99450BD96E78A6F112
:106020007203012B06D80235A945D7D84448B8E7F2
:106030009846F0E74348B4E73D460027B8463E4659
:10604000CCE77D29DBD1013AD9D12B787D2B06D045
:106050003D48A6E7A145E9D925460024F5E7002FEC
:1060600044D0002338781093EBF726FED0B93B4696
:1060700043459B4606D21A782E2A03D05B2A03F1A9
:106080000103F5D1ABEB07013846FEF754FE0022C1
:10609000074601462298F8F751FC28BB2B483946A1
:1060A000F8F792F8DAF80030002B01DD284878E79D
:1060B00010AA41463846FEF781FB209A109B013A10
:1060C0009A42834603D823492348F7F77DF80133E2
:1060D000219A52F823704FF0FF33CAF80030C345BD
:1060E00014D21E48F8F768F84768F8E7DAF8003085
:1060F000BB4201DA1A4854E7209A013A9342E2D2AD
:106100000133219A52F82370CAF8003064BB16B1EB
:10611000733E18BF01260AAA102110A8EBF7CEF88B
:10612000394632460AA8F8F761FE0E4810A9FEF774
:10613000EDF807461AE000BF0000C842699A05085A
:106140008B9A0508849A05089C9A050870EA050848
:10615000A59A0508CB9A050894EA0508D29A05087D
:10616000E09A05084CF90508002ED1D14FF0FF3315
:1061700007930A93002C00F0AE80F8F7E1FA229B17
:106180000293219B0193209B00932A46534621466C
:1061900010A8FFF7D9FE10A8EBF7E1F8119A90F8D4
:1061A0000080831883460493B8F1000F63D0B3488E
:1061B000414613F03DFF00284CD00BF1010B0026A7
:1061C0009BF80040A4F12002D2B20D2A55D9002438
:1061D0005A4644F0080112F8010B232804BF9346E5
:1061E0000C469BF80020302A0CD1B8F1000F06D1E4
:1061F0003846FEF721F8002818BF4FF03D08002E62
:1062000008BF302607AA04995846FEF7D7FA027845
:106210002C2A034601D05F2A02D144EA42240133EA
:106220001A782E2A05D1581C04990AAAFEF7C6FA34
:10623000034693F800B0BBF1000F07D090480493D9
:10624000594613F0F5FE049B48B301331B7843B362
:106250008C48A6E69BF8016056B18848314613F099
:10626000E7FE38B132460BF1020B46469046A7E7EF
:10627000B046A5E780464646A2E742F6010121FA6C
:1062800002F2D107A3D52B2C07D0A4F1200254424F
:106290005441A4000BF1010B9AE70224FAE783466C
:1062A000D4E710A8EBF716F8B8F1000F08D138467C
:1062B000FDF7C2FF00280CBF4FF03C084FF03E082E
:1062C000002E08BF202614F0060F0CD0BBF1730F70
:1062D00004D16D4865E6A3462646E8E7BBF1630FA7
:1062E00001D16A485DE6B8F13D0F29D0B8F15E0FE3
:1062F00029D0B8F13C0F01D144F001043846FDF734
:1063000085FF002800F09280BBF1780F0FD8BBF119
:10631000610F1BD8BBF1470F4ED8BBF1440F00F201
:106320008580BBF1000F6AD0BBF1250F7ED03846C7
:10633000F8F754FD564903465A465648F6F74DFFBE
:1063400044F01004DAE744F02004D7E7ABF162032D
:10635000162BECD801A252F823F000BFD363030838
:10636000ED630308FF6303082D6403082D6403082D
:106370002D6403082F6303082F6303082F630308AA
:106380002F6303082F6303082F630308FF630308C9
:10639000116403082F6303082F6303082F630308A6
:1063A0002F6303082F6303082F6303082F63030879
:1063B0002F630308BF630308BBF1580FB7D1002355
:1063C0000393079B0094CDE901631022ABF11703FF
:1063D00007E000230393079B0094CDE901630222A9
:1063E0006123394608A8EBF7DFF8E1E5079B009346
:1063F00022463346394608A8FEF72CFAD8E5002392
:106400000393079B0094CDE901630A226123E8E727
:1064100023074FF000030393079B48BF44F0800419
:10642000CDE90163009461230822DAE73846FDF7DD
:1064300003FF002846D0BBF1000F32D0BBF16E0F36
:106440002FD0BBF1250F2FD0BBF1240F7FF66FAFFC
:10645000BBF1470F20D8BBF1440F7FF668AF384639
:10646000F8F7E8FD0A9B0193079B00932246334609
:10647000594608A8EBF7A4F99AE500BF069B050862
:106480000B9B05081B9B0508209B05082C9B0508FA
:106490003B9B050808E90508ABF16503022BDED933
:1064A00045E74FF0670BDAE73846F8F7C3FD0A9B7C
:1064B0000193079B009320EE080A334644F0400204
:1064C0006621D6E7B8F13D0F01D10F4869E5BBF170
:1064D000000F03D0BBF1730F7FF429AF10A938462A
:1064E000FFF7B6F8109F0A9A079B32EA220228BFEC
:1064F0003A46BA42CDE900630146234628BF3A46F0
:1065000008A8EAF7D1FF53E5499B050870B5054691
:10651000086800F00703022B8AB00C46164617D114
:1065200004A9C008EAF7DCFD0146049A009500239F
:106530000A44059306A805ABCDE90146FFF704FD23
:106540002068F8F73FFC06A9FDF7E0FE0AB070BD31
:106550008368C1680493E8E707B501A9FFF778F8F5
:10656000019903B05DF804EBFEF7E5BB044B0B604B
:10657000044BC1E901300023CB600846704700BFDF
:10658000ACF205088965030873B50546806800F01C
:106590000703022B15D101A9C008EAF7A1FDEC6899
:1065A000019A944211D204442046EBF74BFB061BA0
:1065B00031462046FEF7BFFBEB683344EB6002B088
:1065C00070BD83680193C068E9E70020F7E701F038
:1065D0000703022B13B504460AD1C80801A9EAF73C
:1065E0007FFD042C08D0052C0CD0002002B010BD7B
:1065F0008B68C8680193F4E7019B002B0CBF0E2049
:106600001E20F3E70199EBF733FB400040F0010057
:10661000ECE7000001F00703022B2DE9F7430446E5
:1066200016460ED1C80801A9EAF75AFD0546032E01
:10663000019A0AD129462046FEF78EF903B0BDE83B
:10664000F0838B68CD680193F1E726B96368206811
:1066500029469847F2E705EB02082B4600224345FE
:1066600004D3002A14BF2227272705E019782729F9
:106670000FD022290ED127272A493A462046EBF788
:10668000B9FAA84508D827493A462046EBF7B2FAA6
:10669000D4E701220133E2E72846EBF7B8FA0646D1
:1066A0002846EBF7CFFAB742814605D11E493A4654
:1066B0002046EBF79FFA05E05C2E05D11B492046EA
:1066C000EAF7E3FE4D46DCE7A6F120035E2B02D895
:1066D00014493246ECE70A2E01D11549EFE70D2E99
:1066E00001D11449EBE7092E01D11349E7E77F2EC9
:1066F00002D812493246DBE7B6F5584FA0EB050247
:1067000004D26368206829469847DBE7A6F5604312
:10671000B3F5811FF5D3B6F5803F34BF0849094969
:106720003246C5E7A4990508A3990508A799050865
:10673000AA990508AD990508B0990508B399050807
:10674000BA9905085E9B0508F7B51E462C4B9DF8C7
:10675000207098420C46154602D02A4B984208D128
:106760003B4632462946F8F7EDFC0444204603B088
:10677000F0BDF3070CD5761001960199002904EBC2
:10678000050228DA013A00201346B9B9541CEDE796
:1067900001A93046F8F7D0FB0028EED13046F8F7D3
:1067A0001DFB194902461948F6F717FD1B7803F03F
:1067B000C003802B02F1FF320AD113469442F5D96F
:1067C00000B10191002FD1D111491248F6F7FCFC1C
:1067D00001310120D8E70025944205D305B101918C
:1067E000002FF1D01446C1E70139BFD3601C012549
:1067F00004460130237803F0C003802BF8D0EBE788
:106800001CF905086CE50508659B050850E90508B5
:106810007C9B050894EA0508F0B585B004460D4652
:106820001746F8F7CFFA04F00703022B064614D1F7
:10683000E00803A9EAF754FC0446042F4DD1AB0746
:1068400032D12A68274B9A422ED1EB68062B08D00A
:10685000032B06D02448F7F7AFFCA3680393E46842
:10686000EBE7D5E90137062B1AD001220092214629
:10687000039A3046FFF768FF0546062F039A11D0AA
:106880000123009321463B463046FFF75DFF8542DA
:1068900025D8421B29463046FEF7AAFA05B0F0BDBE
:1068A0002546EAE7A018F2E70023039A0093214661
:1068B0002B463046FFF748FF90F900300278002B56
:1068C00008DB0121FEF737FAE8E701315B081A42DD
:1068D000FBD1F7E740230121F9E70020DEE70A209A
:1068E000DCE700BF44F605088A96050830B4064B7D
:1068F000064C074D0A460968A94214BF21461946AD
:1069000030BCEBF777B900BF839B0508969B050861
:10691000B4F905080229F8B5044608D0042923D0A3
:10692000012917D016221A604FF0FF30F8BD5668C3
:10693000012E11D0022E11D00020156829182CBF6D
:10694000012700276EB1002D0BDA884238BF0021E5
:10695000A16011600020E9E78068EEE741684868BF
:10696000EBE7002FF4D0DDE74068EAF7C8FC00232E
:106970006360EFE708B510B90148F7F721FA08BDE1
:10698000A89B05082DE9F8434568044628461F469C
:1069900088461646FFF7EEFF2B7B6BB1D5E9010960
:1069A000E9F762FC6368A86000221A739868E260E5
:1069B00049465A6813F070FAA568AD1921D260688B
:1069C000D0E90017A94203D24160691AEAF7BCFC7A
:1069D000A268BA4206D963689868D21B002138447D
:1069E00013F0A4FA63689868A368324618444146D5
:1069F00013F052FA6368A5605A68AA4238BF5D6016
:106A000003E01B233B604FF0FF363046BDE8F883C0
:106A10007FB50D46014610201E46F8F7C6F9002343
:106A2000C0E902330446002D3FD03068C50705D4C5
:106A3000810713D102681E4B9A420FD1F8F7A4FACE
:106A40000025EAF751FC60604DB30023DDE9011237
:106A50002046FFF797FF0023A36020E0052201A94D
:106A6000F8F7C4FC336803F00702022A0AD09A0739
:106A700018D11B681A7BAAB103EB82031A690D4B6C
:106A80009A420FD11020E9F7EFFBDDE901216060A8
:106A9000EAF70CFC6368029A5A603368E3602046A8
:106AA00004B070BD02980125CBE71020C9E700BFF4
:106AB0004CEF0508955603082DE9F0414668054658
:106AC00030460F469046FFF755FF7468AB689C420E
:106AD0000FD9E41AB168444528BF444619442246F8
:106AE000384613F0D9F9AB682344AB602046BDE8C3
:106AF000F0810024FAE7000038B5446805462046D6
:106B0000FFF738FF2868064B064DD4E90121064CF3
:106B1000A84214BF20461846BDE83840FEF768B9C1
:106B20004CF90508B4F905081CF90508D0E9021369
:106B30000246486883423FBF981C013351F8200049
:106B4000D36028BF00207047044B0B60044BC1E9A1
:106B500001300023CB600846704700BFACF2050847
:106B60002D6B0308032A2DE9F84304460F4615460A
:106B700012D11749EAF789FCD4F8088007F1040913
:106B800000267B68B3420ED8032D19D11149204647
:106B9000BDE8F843EAF779BC0F49DFF84880EAF727
:106BA00074FC0125EAE71EB141462046EAF76DFC78
:106BB00059F8041F2A462046F8F718F90136E0E78D
:106BC000012B03D105492046EAF75FFC0449DEE7C3
:106BD00085960508BDAA05082B990508BC9B0508E4
:106BE00095B2050887960508024608680B460830E6
:106BF00050F8041C01F006BA0A46083050F8041C8C
:106C000001F034BA10B50446F8F7DCF8C37B2BB1B9
:106C100000EB8300054B02699A4205D020460449E7
:106C2000BDE8104001F091B8204610BD496B030843
:106C300094FA0508052870B50D461CD0062807D023
:106C400004281BD14B68002B0CBF0E201E2070BDEA
:106C50000B4C01266A68731E9A4203D8600040F00C
:106C60000100F4E70136062055F82610F6F706FB7A
:106C700004EB6004EEE748684000F0E70020E6E738
:106C800058FA050838B505460C4688B1023009495E
:106C90008000F8F78AF845604CB12146031D04EBEB
:106CA000850551F8042B43F8042FA942F9D138BDCA
:106CB0000148FCE794FA050858FA05082DE9F04167
:106CC0000C462046114602221E46F7F747FD6CB3DC
:106CD0003568AB0703D12A68154B9A4217D01020AC
:106CE000E9F7C2FA002104463068F6F71DFD0025D9
:106CF000804604264046F6F78BFD074650B92846E5
:106D00002146FFF7BFFF05462046E9F7D5FA28469A
:106D1000BDE8F081B54205D3F1002046E9F7BFFA9E
:106D20007600044644F825700135E3E7014DEEE7AF
:106D300094FA050858FA05087FB50546102D0E4649
:106D400010460CD007D8042D44D90E2D21D0002494
:106D5000204604B070BD1B2D1BD01D2DF7D103A9FB
:106D6000F8F7EAF804460028F2D0039B002B2FDD49
:106D7000706800215843FFF785FF00F10803009376
:106D80000446039B7268042106F1080001F06FF8C5
:106D9000DEE7FFF737FF04460028D9D06368706844
:106DA00000211844FFF76EFF72680546920006F155
:106DB0000801083013F070F862680346706804F147
:106DC0000801920003EB800013F066F82C46BFE741
:106DD0000A4CBDE7FFF716FF04460028B8D0436809
:106DE0000093726800F1080306F10801284601F0DB
:106DF000C4F800280CBF0E241E24A9E758FA050881
:106E0000042A7FB505460C462BD111F003064068D5
:106E10001DD10A68144B9A4219D101AA01F03BF81E
:106E200010B91248F7F7C8F9DDE901303146C01A48
:106E3000FFF728FF0199426808350446920005EBE8
:106E40008101083013F028F8204604B070BD2246B6
:106E5000014600232868F8F775F9023055F82040FC
:106E6000F2E70024F0E700BF44F605088A9605081B
:106E7000F8B5134A0F461349884202D10024204630
:106E8000F8BD83889B0502D438600124F7E7837C32
:106E9000002BF3D000EB8300006903689342EBD131
:106EA000466800F1080505EB86060024B542E6D2E7
:106EB00055F8040B3946FFF7DBFF0444F6E700BF43
:106EC00094FA0508FCF10508F7B50C46074654F896
:106ED000045B002301A9286801931646FFF7C8FF49
:106EE00001983268037A00EB8303D2081E69791E89
:106EF0002346B0472861062003B0F0BD2DE9F047D6
:106F0000DFF8EC80DFF8F89005460C46AB6873B10B
:106F1000A28890050BD4E15C21B90F2B07D112F4A4
:106F2000C07F04D0EB6804221A60BDE8F087E37CE0
:106F300053B304EB830369681869C900002241F068
:106F400002010430F7F7FAFC0246E8B12B7C28680E
:106F50003BB1EB68526801460020BDE8F047F6F708
:106F60008FB868B1A38899050AD4214B9C4207D0F9
:106F70000069204B984203D11F492048F6F724F9B5
:106F8000EB6852682146E8E72B687BB12A7C6AB936
:106F9000A28892050AD4444508D01869EA6869684D
:106FA000F6F7AEF8EB681B68002BBED1A37C002B74
:106FB000BBD004EB83031C6923684B4509D12646EB
:106FC00056F8047F04EB8707043756F8044FB7429E
:106FD00002D844459AD1A8E74445F6D02146284630
:106FE000FFF78CFFEB681B68002BEED09DE700BF1E
:106FF000FCF105088CFB0508BE9B050824EB050881
:1070000094FA05082DE9F043156887B0074616463F
:1070100025BBD0E90132CDE90121A1F11102514294
:1070200051419A7C0496C9008DF8145003916AB1BD
:1070300003EB82031969174B0A689A421DD10C466B
:10704000DFF8589054F8048F45450AD13368DBB116
:10705000042B03D1104B3360BB68736007B0BDE8ED
:10706000F08354F8041F494505D001A8FFF746FFF7
:107070003368002BEAD10135E6E7084B9942E5D0A9
:1070800001A8FFF73BFFE1E70449039301A8FFF7DD
:1070900035FFE3E794FA05088CFB0508FCF10508C9
:1070A000F0B589B001AF0026039013220F230546E7
:1070B0000C460168019603A8CDE904237E6006977B
:1070C0008DF81C60FFF71AFF019848B1042816D10B
:1070D0002869F7F777FE83881B06064602D52869DC
:1070E00009B0F0BD1CB91020E9F7BEF80446F37BE7
:1070F000286906EB8306214633699847F0E73A464C
:1071000031463046F6F79FF9EAE70000CA880149A0
:10711000EAF770BDDC9B050838B504460846114601
:107120004FF002121D46F7F719FB0820E9F79CF80B
:107130002B68C0E9004338BDF0B505468BB00F465B
:107140001446EAB1042A0CBF0F221C220023CDE909
:107150000133099305A80E232968059501AECDE9F1
:107160000374079308960692FFF7C8FE0198042857
:1071700008D1286922463946F8F70CF90BB0F0BD62
:107180000B22E3E70028F9D05CB1042C0CBF0120EE
:10719000022032460021F6F756F9042C18BF0620CB
:1071A000ECE70120F5E700002DE9F04116461268F2
:1071B0008CB005460C46002A78D1CF0047F0020774
:1071C00000F10408019039464046F7F7B7FB10B1CB
:1071D0004368336012E040F211339C4211D198E8C9
:1071E0000700704B079308AB83E8070007A8F9F77F
:1071F000E8FC3060037943F0020303710CB0BDE892
:10720000F081CDE909068DF82C00296807A8CDE9A1
:107210000754FFF773FE306860B32B689B889A07AA
:10722000ECD510F0030413D102685F4B9A420FD1E2
:10723000FCF7EAF80068062803D15C495C48F5F7DA
:10724000C3FF01AB22460121F6F7A0F83060D5E775
:1072500003AAB721F5F754FF039B002BCED001986A
:107260000590F7F7AFFD03AA069000210220F6F77C
:10727000EAF8EBE70E2CC1D0B72CBFD0D52CBDD08F
:10728000B12CBBD0A4F54673012BB7D9B4F5447F1C
:10729000B4D0019803AA0E21F5F732FF039B002B0F
:1072A000ACD0059703AA00210120E0E701687768C8
:1072B0008B889B0761D50023CDE9070401AA07A8A5
:1072C000CDE90133CDE909328DF82C30FFF716FEF8
:1072D0000198002836D010F003081AD10268324B0A
:1072E0009A4216D1FCF790F8CDE903574FB9806860
:1072F000062883D003AB3A460121F6F747F800236E
:1073000067E7406806283FF479AF03AB42460221A5
:10731000F3E703AA5FB9B121F5F7F2FE039B93B13E
:10732000059503AA00210120F6F78DF8E7E7D5219E
:10733000F5F7E6FE039B9BB10595069703AA00218E
:107340000220F1E767B903AA4FF444712846F5F724
:10735000D7FE039B93B1E40044F002040594E0E7F8
:1073600003AA40F219312846F5F7CAFE039B7BB108
:10737000E40044F002040594DFE74FB9022242EA38
:10738000C401281DF7F7DAFA00283FF437AFB6E753
:10739000E100012241F00201281DF7F7CFFA476012
:1073A000ADE700BF44E80508E4F20508E99B0508DD
:1073B00024EB05082DE9F0411D4B88B01B5C0493BC
:1073C00000240C23CDE9024106460F460DEB0300D5
:1073D00009680593CDE900449046CDF818D08DF8A2
:1073E0001C40FFF78BFD009B042B0DD139694246F1
:1073F0003046F6F7EDFC03460E4A934208BF0023E1
:10740000184608B0BDE8F081002BF9D06A46214645
:107410000120CDF80880F6F716F8242E0346EBD1AC
:10742000F7F7F6FE00280CBF0E231E23E4E700BF8B
:107430004CFB05081CF6050870B5254B0D46195C7C
:1074400088B0CDE9035101AA0B210023CDE9051233
:10745000064629688DF81C3003A8CDE90133FFF7F3
:107460004DFD019C042C07D129693046F5F706FF34
:107470000446204608B070BDCCB120462946F5F739
:10748000D9FF062E04460CD0082EF2D1C207F0D444
:10749000830703D102680F4B9A42EAD00020F6F727
:1074A00069FEF7F77DFD400040F00104E1E7062E9C
:1074B000DFD1B3232968049303A8FFF71FFD6D00F4
:1074C000019B45F00105A34208BF2C46D1E700BF50
:1074D0007EFB05084CEF050870B5151E88B00C46FC
:1074E00014BF1B211D21CDE9034101AA092100235D
:1074F000CDE90512064621688DF81C3003A8CDE9B8
:107500000133FFF7FBFC019B3BB935B91B23216815
:1075100003A8CDE90435FFF7F1FC0198042816D142
:107520002069F9F78BFD80B13DB12368D888E9F770
:10753000CCFD01463046E9F7A8FF45F080022169FD
:107540003046F7F753FC08B070BD2A46F7E728B17C
:107550002146F5F76FFF00220146F1E72046F7F7D5
:107560003DFC0349024623463046EAF743FBEAE77F
:10757000F69B050838B50D4604460B49E9F785FF2B
:10758000696800222046F7F731FC08492046E9F7F0
:107590007CFFA96820460022F7F728FC2046044912
:1075A000BDE83840E9F771BF089C050887960508D3
:1075B000E79B050870B5057A25B9C28805490648D4
:1075C000F5F70BFE00EB85042469A446BDE8704086
:1075D000604700BF119C050850E90508F0B589B067
:1075E0000E46012410210023CDE9044103900168D7
:1075F0008DF81C300546174603A801AACDE90133D2
:107600000692FFF77BFC019B042B0CD12869F7F74E
:10761000D9FB037C00EB83003A46036928693146B5
:10762000984709B0F0BD2046FBE7000041F6CA03C9
:10763000984273B50C4603D041F68203984202D1BA
:10764000012002B070BD8B0710D00B4E00252046E4
:10765000317801236A46F5F795FD00980028EFD1AF
:107660000135032D06F10106F1D1EAE70A68034B63
:107670009A42EAD1E4E700BFC4FA0508E4F205083B
:107680002DE9F041136886B004461646002B4BD115
:10769000172905D1C388DB0043F0020333601AE0E9
:1076A00040F21132914219D1C37C5BB100EB8303EC
:1076B0001869394B002808BF184603799D0703D580
:1076C000306008E03448F8E7F9F77BFA3060037976
:1076D00043F00203037106B0BDE8F08140F20D32C1
:1076E000914215D12D48844210D0A37C13B104EBF4
:1076F000830318690190840703D10268284B9A42DA
:10770000DED001A90120FFF7BDFAD9E72548D7E768
:10771000CDE90101CDE903360146012301A88DF829
:107720001430FFF7EBFBD6E7C37C002BD3D000EB84
:1077300083031F693B799807CDD4D2F80480C90030
:10774000043741F00205B8F1000F09D102222946A1
:107750003846F7F7F3F80028BDD0C6F80080BAE73E
:10776000A38899070ED441462846FFF75FFF48B12A
:10777000A388DA0703D50C490C48F5F725FD43F03B
:107780000203A380012229463846F7F7D7F8736829
:107790004360002382E700BFA8E80508FCF1050864
:1077A00094FA050858FA0508249C050824EB0508F6
:1077B0002DE9F04F0D4687B011462846774A1C4602
:1077C000F6F7CCFF012D03D0032D07D0744812E04B
:1077D000206807B0BDE8F04FF7F7F4BA2068FDF76E
:1077E00005FD676817F00306814603D13A686D4BC3
:1077F0009A4202D00020F6F7BDFCD4F8088040463B
:10780000F9F7E6F80028F5D03946DFF8D4B151F899
:10781000040F4FF4077AB04208D10EB3BB685D7C09
:1078200015B103EB85031D690B201BE051F8043FE4
:107830009D07DFD11A685A45DCD11A7A22B9DA8855
:1078400059495A48F5F7C9FC9A88940541BF42F056
:10785000010402F002029C804AEA020A0136DAE7D9
:1078600035460A20002D18BF013005308000E8F7AA
:1078700014FD4F4B43614F4B83614F4BC3614F4BE3
:1078800003624F4B43624F4B83624F4BC3624F4B7C
:1078900003634F4B836003F10433C3600923037414
:1078A0004C4B43630A230446C0F800B0A0F804A080
:1078B000A0F80690C374C0F838804EB10B23012E97
:1078C000837408BFBF68C76315B10C234374056494
:1078D0001022002102A812F029FB002502AEA946C1
:1078E000D8F808309D4207D301A92046FFF7C0FA17
:1078F00001282DD938487EE7D8F80C7057F83500A4
:107900004FEAC50B07EBC50A00B304281ED0A388B5
:107910009B0708D4DAF80410FFF788FE18B1A38893
:1079200043F00203A380DAF8040057F80B703246E4
:107930004FF44671F5F7E4FB73683BB11020E8F7AC
:1079400093FCB060C0F80890F760B6680135C7E7EF
:107950000022C22108F10400F6F7F0FF054678B1D5
:10796000436813F003020BD11B68D98840F2BA3385
:10797000994205D1031D01211848FFF7CDFB68602E
:1079800002AA95681DB9204607B0BDE8F08F946043
:1079900000210220F5F757FD2A46F2E70600020013
:1079A000859C050894FA05084D9C050850E90508D2
:1079B0007D7A0308D9740308E5790308397403084C
:1079C000B5730308A971030839710308A17003088E
:1079D00001020304DD750308639C0508E0FA05084D
:1079E00028FB0508F0B58BB00D461646002109228C
:1079F0001F460A23CDE90311CDE90623059003AB09
:107A00008DF8241004460168089305A8FFF776FA5C
:107A1000039838B92046F7F7E1F90B4902460B48BD
:107A2000F5F7DBFB042807D120693B46324629469F
:107A3000F5F7ACFC0BB0F0BD0499009733462A462D
:107A4000F8F7F3F9F6E700BFE193050850E90508F8
:107A500038B50446FFF70CFA05460430214680008D
:107A6000F7F7A3F9002104460430F6F731FF0DB112
:107A7000014B2361204638BD8CFB05082DE9F047FA
:107A80008AB00DF10C09002407460D461646014642
:107A9000182205A898460823CDE906230394C9F8BF
:107AA00004400594CDF820908DF82440FFF726FA85
:107AB0000398019408B1042824D101A93846FFF79E
:107AC000C7FF044600231122394605A8CDE9033338
:107AD000CDE906230594FFF711FA039B002B55D03F
:107AE00055EA060138D14A460846F5F7ACFC074688
:107AF000062F4BD03846F7F771F92D4902462D482D
:107B0000F5F76BFB55EA06020ED102AB0121029795
:107B1000F5F73CFC04462046F7F754F9B842D1D0BB
:107B200020460AB0BDE8F08705EB4604601C8000E3
:107B3000E8F79AFBA2008246414640F8047B12F027
:107B4000ABF9039853463246691CF5F71FFC04460F
:107B50005046E8F7B1FBDEE705EB4607B81C8000AE
:107B6000E8F782FB039B0360049B43608146BA00F5
:107B70004146083012F090F94A4631462846F5F75A
:107B800062FC07464846E8F797FBB1E701980028F2
:107B9000C6D02269084B9A42C2D1037A00EB830314
:107BA00032461F6929464346B8472061B8E700BFFF
:107BB000929C050850E905088CFB050800B589B0C2
:107BC00009210A22CDE9041200230168039001AAC9
:107BD00003A8CDE9013306928DF81C30FFF78EF92A
:107BE0000198003818BF012009B000BD1FB5064B31
:107BF00001934B6802930A468B680393014601A8E0
:107C0000F5F772FC05B000BD08FB05082DE9F04151
:107C1000134E144F0D46A84220D083071CD1036891
:107C2000B34219D1837CBBB100EB830000690368C8
:107C3000BB42F0D1044654F8043F00EB830000F14E
:107C4000040854F8040F4445E5D22946FFF7DEFF47
:107C50000028F6D0BDE8F0810020FBE70120F9E71D
:107C600028FB050894FA0508F7B58B07074601912C
:107C70000FD10B68114A93420ED0114A934208D19A
:107C80004D6801F108020F4E0024AC4207D10E20CE
:107C90000AE00D48F6F76EFA01AA0125F3E752F85B
:107CA0002410B14202D11E2003B0F0BD3846FFF7C8
:107CB000ADFF0028F7D10134E7E700BF28FB050836
:107CC00094FA0508FCF10508AD9C050838B51C467A
:107CD0000546084611464FF00412F6F73FFD60686E
:107CE000F7F770F80A4B2168984208BF6068FFF701
:107CF000BBFF0E2802D10020F6F73CFA0C20E8F773
:107D0000B3FAD4E90023C0E90052836038BD00BF54
:107D100028FB050808B5830703D10268044B9A4283
:107D200002D00448F6F726FABDE80840FFF79CBFEA
:107D300028FB0508C19C050810B50C46F7F742F86A
:107D40002146BDE81040FFF78FBF38B50D46044609
:107D5000F7F738F8A84204D02946FFF757FF10B1CB
:107D60002469204638BD0446FBE72DE9F041002593
:107D7000074600F104082C467B68AB4202D8204637
:107D8000BDE8F08158F8040FF5F742FD064650B102
:107D900024B921467868FEF775FF0446AB1C01350F
:107DA00044F82360E8E70446E9E700002DE9F041E4
:107DB0000C460546114620460D4A9846F6F7CEFC7D
:107DC000A01C29468000F6F7F0FF0646074646F855
:107DD000044F0025A54202D13846BDE8F08158F88D
:107DE00025000021F5F7A0FC013546F8040FF1E766
:107DF000FEFF010070B504460D46F6F7E3FF837BF6
:107E000000EB83002946036904222046BDE8704048
:107E1000184770B504460D461646F6F7D3FF837B28
:107E200000EB83003246036929462046BDE87040D6
:107E3000184770B504460D46F6F7C4FF837B00EB88
:107E400083002946036900222046BDE87040184798
:107E500070B50D460446F6F7B5FF037B00EB8300D3
:107E60002A46036921462420BDE8704018472DE9C1
:107E7000F041069E80461F4602FB01F40025BD42EC
:107E800001D1BDE8F08130462246414612F004F8A7
:107E900026440135F3E70B4610B514460146184653
:107EA000FCF73AF9A068002809DA62682368013211
:107EB0009A420BDC6260431E5842584110BDFAD012
:107EC000D4E900329342F6DD6360F4E70133FBE767
:107ED0002DE9F0418E68D1E900470021804608462F
:107EE000FBF770F8002E054611DABC4202DA28468C
:107EF000BDE8F08158F824102846FAF7D2FD344442
:107F0000F3E758F824102846FAF7CBFD3444BC4276
:107F1000F7DBECE770B50446022C049E15461846C4
:107F200003D1B24207D0002070BD9CB1032C13D006
:107F300033461D461646034608461946AE423246AB
:107F400028BF2A4612F01AF8022C07D1B0FA80F0A6
:107F50004009E9E70124F1E70424EFE70028E2DB28
:107F600009D1AE4203D02CBF01200020DCE7601E07
:107F700018BF0120D8E70120D6E72DE9F0470228F5
:107F8000DDF820800646174614D1424538D11A46FE
:107F90000B461146B845C1461D4628BFB9460C469A
:107FA0004FF0000ACA4510D1B84525D02CBF01209A
:107FB00000201FE028B1032805D04246B8461746E6
:107FC000E5E70126E6E70426E4E721682868F7F7F5
:107FD000C5F920B1043504340AF1010AE2E7022EA2
:107FE00008D022682968F0B2F5F7F2FEA0F11E036E
:107FF00058425841BDE8F087701E18BF0120F9E7CC
:108000000020F7E72DE9F0478146186817461E461D
:108010000D46F6F7D7FE022FD6F80480824613D914
:10802000B26801232946F7F78DF8032F044606D0DE
:108030002946F26801235046F7F784F80546A54221
:1080400004D80948F5F7BCFE0024F8E759F82400E5
:108050004146F7F783F908B90134F0E7600040F0D2
:108060000100BDE8F08700BFCA9C05082DE9F0417A
:10807000002507460E4690462C46B54204D16000C6
:1080800040F00100BDE8F08157F825004146F7F7C0
:1080900065F901350444F0E703685A7C03EB820379
:1080A0001869704707B50646FFF7F6FF85680C4666
:1080B00025B10A4601AB0C213046A8472046F6F709
:1080C000A3F82DE9F041044686B00868FFF7E4FF05
:1080D000012C0D46064629D94C686410601C25D039
:1080E000214602A8E9F7CCF8621C01D0BCB1013CE2
:1080F000012102A8E9F728F937680146804601AB5B
:1081000028680122B847411C21D101990B291BD1B4
:10811000039B012B11D0012102A8E9F796F9337BCB
:10812000DB0702A81AD5FCF70DFE0AE0102102A811
:10813000E9F7A6F84FF0FF34D6E702A8E9F7CAF846
:10814000062006B0BDE8F0812868FFF7ABFF0028E5
:10815000E1D098F800300A2BC6D1E0E7FCF70EFE1C
:10816000EFE737B50446FFF797FF0421856801ABB9
:1081700000222046A847013003D101992046FFF78D
:1081800091FF062003B030BD0868FFF7EABF37B59E
:108190000446FFF781FF0121856801AB00222046DC
:1081A000A847013003D101992046FFF77BFF062045
:1081B00003B030BD37B5002101900846FAF702FF41
:1081C000044601A90120FFF77CFF0546F7F720F8D8
:1081D00020B129462046FAF764FCF2E7204603B0B6
:1081E00030BD2DE9F0479A4681461546FFF754FF0A
:1081F0009DF82070D0E9008317F0020F4FF00004C3
:108200000E4618BF9846CAF8004007F001077DB136
:1082100053462A4631464846C04748B1431C0AD116
:10822000DAF800300B2B03D114B10023CAF8003068
:108230002046BDE8F087002FFBD106442D1A0444E8
:10824000E5E72DE9F043012889B00F46904605D0B7
:108250004868F6F799FE0546681C39D13F683846EC
:10826000FFF71AFF4FF48071814604A8E9F708F878
:10827000DDF818804FF4807500264146D9F800409B
:1082800003AB2A463846A047411C08D103990B2965
:1082900002D1A6B906202CE03846FFF703FF70B1E3
:1082A0008542064402D92D1A8044E6E74FF48071D6
:1082B00004A8E9F733F84FF480758046DDE799F8B4
:1082C0000C300596DB0704A811D4FCF757FD10E02D
:1082D0003868FFF7E1FE037BDA0706462C4629469D
:1082E00004A857D5E8F7CCFF00262CB904A8FCF762
:1082F00029FD09B0BDE8F083214604A8E9F724F878
:1083000000230093014603AB38682246FFF769FF5C
:10831000039B80466BB1214604A8E9F796F80399C0
:108320000B294AD1059B002BE0D104A8E8F7D2FF26
:10833000B0E7844206D9211A04A8E9F786F8B8F113
:10834000000FD3D0DDE9054188578B5D0028324608
:1083500015DA03F0E000C02813D003F0F000E028A5
:1083600011D003F0F803F02B14BF052304231E449F
:10837000A6420AD805F1FF35E6D12C46B5E7012320
:10838000F5E70223F3E70323F1E72C1B013C344418
:108390001646AAE7E8F782FFCDF8008003AB0699FE
:1083A00038682A46FFF71DFF039B43B104A8E8F78E
:1083B00091FF03990B293FF46DAF38686DE7337B6C
:1083C00005907FE70022FFF73CBF0122FFF739BF8E
:1083D00073B50546CDE900121E46FFF75DFE02218A
:1083E000846833466A462846A047431C18BF009855
:1083F00002B070BD73B5064648680C46F6F7C4FD7A
:10840000032E05460DD0002D12DB002201AB2068A3
:108410002946FFF7DDFF431C0DD101992068FFF7C6
:1084200041FEA068F6F7B0FD02460028EBD0EDE76C
:108430001620F5F7E9FEFAF7B2F802B070BD1FB5E5
:108440000123019001A90320CDE90230FFF7D2FFFB
:1084500005B000BD10B50C46F6F7B4FC437C73B113
:1084600000EB8300E107006901D503683BB1A20777
:1084700001D543681BB1630705D583681BB9024961
:108480000248F4F7A1FE10BDD09C050804EA0508D7
:108490001FB5009303AB0446FFF7A3FE039921B178
:1084A0000B2907D02046FFF7FDFD400040F00100FA
:1084B00004B010BD0620FBE77FB512F0020F0D4699
:1084C00016460CBF02220122044642F004026868EC
:1084D00001A9F6F78BFF032C12D1A868F6F760FD0F
:1084E00000240299091B81420A460291019928BF82
:1084F0000246334628682144FFF7CAFF04B070BD26
:10850000042C0BD1A868F6F74BFD0446E868F6F793
:1085100047FD029B9C4228BF1C46E2E700244FF027
:10852000FF30DEE70222FFF7C7BF0322FFF7C4BF19
:108530000022FFF7C1BF0122FFF7BEBF0223FFF7F2
:10854000A7BF13B5019001A90120FFF7BAFD0446AA
:10855000F6F75EFE002814BF2046002002B010BDD2
:10856000512810B52AD8412802D8012846D010BD7C
:1085700042380F28FBD801A454F820F0FD850308E9
:108580006F8503086F8503086F8503086F850308EF
:108590006F85030801860308158603086F850308A5
:1085A0006F850308158603086F8503086F85030828
:1085B0006F850308158603080786030862281DD007
:1085C0006838C4B2092CD2D80928D0D801A454F8EC
:1085D00020F000BF01860308158603086F85030895
:1085E0006F850308158603086F8503086F850308E8
:1085F0006F8503086F850308078603088B54B6E769
:1086000021F81230B3E701EBC200DC1741F8323039
:108610004460ACE741F82230A9E700BF402810B51C
:1086200032D00BD800F0FD003C2807D1642917D8C0
:10863000482906D8422931D0482952D02D48F5F78B
:10864000BFFBA1F14900C0B2012303FA00F040F2E0
:10865000C944204249D1284B034083B962291CE018
:108660006539C9B20C29E9D8012303FA01F010F0E9
:10867000920F3AD110F0090F34D10C29DED1012329
:10868000082002B1136010BD64291CD848290CD8F9
:10869000422903D0482922D00129CFD101231846ED
:1086A000EFE70C29CAD10823F9E7A1F14900C0B2CC
:1086B0000123834040F2C940034218D10E481840BC
:1086C0000028CBD0EFE76539C9B20C29B6D8012311
:1086D0008B4013F0920F07D113F0090FE1D0022362
:1086E000DDE701230220CCE704230420C9E70423AB
:1086F000D5E700BFDB9C050800010008512808B53C
:108700002CD8412803D8012857D0002051E0423806
:108710000F28FAD801A353F820F000BFBB87030845
:108720000B8703080B8703080B8703080B870308D5
:108730000B870308C5870308CB8703080B8703084B
:108740000B870308CB8703080B8703080B870308F5
:10875000198803081F880308E78703086238C3B233
:108760000F2BD2D80F28D0D801A353F820F000BF88
:10877000B18703080B870308078803080B870308E2
:10878000F78703080B870308BF8703081F880308C0
:108790000B8703080B8703081F8803080B87030850
:1087A0000B8703080B8703080B870308D787030889
:1087B0008856400040F0010030E0885CF9E731F96C
:1087C0001200F6E731F81200F3E7BDE8084051F86F
:1087D0002200F9F7E4BE01EBC201BDE80840D1E98F
:1087E0000001F9F7B1BE01EBC201BDE80840D1E9D3
:1087F0000001F9F7C4BE01EB820191ED000ABDE86A
:108800000840F8F743BE01EBC201D1E900011DF0B9
:10881000CFFD00EE100AF2E751F8220008BDBDE8D6
:10882000084051F82200F9F79FBE00BF70B504461A
:1088300062B9421E13444FF0FF3549B193F900204D
:10884000D01701460022A24204D170BD0125F4E7F1
:108850000846F7E71E78090241EA10612B4446EA10
:1088600000200132EFE72DE9F3410646174601AA41
:108870001C680D469846FFF7D1FE402E07D1019A9D
:10888000E41B531E1C44524214403C443C26231813
:10889000C8F800302346A6F13E04624262415A2DD8
:1088A00094BF00210121FFF7C1FF4F2D0B4642D09D
:1088B000532D04D102B0BDE8F041FCF787BA652D15
:1088C00008D100EE100AB2EE400A02B0BDE8F04155
:1088D000F8F7DCBD662D02D100EE100AF5E7642D35
:1088E00004D11DF065FD00EE100AEEE75A2D12D9F5
:1088F00010F1804441F10005B4F1004F75F100051D
:1089000004D202B0BDE8F041F9F72EBE02B0BDE8D6
:10891000F041F9F719BEB0F1804F73F1000104D2B4
:1089200002B0BDE8F041F9F73ABE194602B0BDE821
:10893000F041F9F724BE02B0BDE8F0812DE9F34122
:1089400090429DF82080019304460D46174601AEE3
:1089500014D9D9170246C9B2284611F0E7FAB8F17E
:10896000000F16D0E41B25443C4626442C44A54267
:108970000CD016F8013D05F8013BF8E7B8F1000FFF
:10898000F3D122463146284611F086FA02B0BDE8FE
:10899000F0813C46F5E700002DE9F04788B0144629
:1089A000109F05AA06463D6889469A46FFF736FE9F
:1089B000402E804608D1059BA5EB0A055A1E15449A
:1089C0005B421D4055443C2605EB08033B60A6F185
:1089D0003E035F425F41B9F1650F29D014D8B9F168
:1089E0004F0F1BD0B9F1640F2BD014F0030358D1F3
:1089F00021682E4A914254D1B8F1040F41D8204643
:108A0000F9F7EFFD03460AE0B9F1660FEDD1204614
:108A1000F6F710FB8DED030A039B00E023460422CA
:108A200029464046109708B0BDE8F047FFF786BFDB
:108A30002046F6F7FFFAB3EE400A10EE103A9BB26A
:108A4000EDE72046F6F7F6FA10EE100A1DF058FC96
:108A500008ABCDE9060103EB87030097042253F826
:108A6000083C29461046FFF769FF3E3E08AB18BF99
:108A7000012603EB8606043556F8083C4FF004083F
:108A8000CDE7B9F15A0F019394BF0023012300935E
:108A90002A463B4608212046F9F702FF08B0BDE808
:108AA000F0872046F6F770FAACE700BF4CEF0508F8
:108AB00064282DE9F34105460C4690461E4627D012
:108AC00066281BD04F282FD013F003073DD11A681A
:108AD000204B9A4239D101463A464020FFF79EFD8D
:108AE000042824D83046F9F77CFD03464246214647
:108AF000284602B0BDE8F041FFF732BD184601EB51
:108B00008204F6F797FA84ED000A02B0BDE8F0811E
:108B1000184601EBC204F6F78DFA10EE100A1DF0AC
:108B2000EFFBC4E90001F0E741F82230EDE75A2DF0
:108B300094BF00250125019700953B4604EBC80230
:108B400008213046F9F7ACFEDFE73046F6F71CFAAD
:108B5000CBE700BF4CEF050881680348022242EAD8
:108B6000C101F5F7EBBE00BFC80400202DE9F04FAE
:108B700083B0044600AF18460E46BA219846154603
:108B8000F7F7ACFF0022814641F6AA0108F1040084
:108B9000F5F7D4FE391D80464846FCF759FD7A6842
:108BA00001460244B8F1000F00D0013C4CB991429B
:108BB0000AD11C491C48F4F707FB12F8013D2E2B83
:108BC000F3D09142F9D3F2E7D5F800A0541A04EBA0
:108BD0000A0808F1080323F00703ADEB030D6B4609
:108BE000224668464FEAD30BE94611F055F9BAF12F
:108BF000000F0AD02E23601C04F83B303168524627
:108C0000684411F049F908F1010841464846E8F77F
:108C10009DF9E8F75AFA0C373060C5F80080BD4678
:108C2000BDE8F08FE89C0508DCEA050810B5E8F718
:108C300096FB09490822044611F0DCF9014630B9D7
:108C4000024604F10800BDE8104003F0DBBA2046FC
:108C5000BDE810400BF0BCB8FC9C050830B5D20054
:108C600085B00D4642F0020240F212310446F4F79C
:108C700037FD0C4B626819690291D9680391684607
:108C80000949C3E90322E7F78DFA00222146284665
:108C9000F3F760FEF4F79CFB0120E7F78BFA05B0D1
:108CA00030BD00BF7804002001CF02080A6870B50B
:108CB000D20005460C4642F0020240F21231F4F7AF
:108CC0000FFD6B6820461A46BDE870400121F4F79D
:108CD00085BB0000F0B5044685B008460E46E8F7AF
:108CE0003EFB1E490822054611F084F9F8B905F14A
:108CF00008076A4601A9384603F084FA019B012B54
:108D000004D100992046FFF7D1FF0EE0022B0ED1CF
:108D1000009D95E80300C4E902013846E8F7B6F97A
:108D2000A96802462046FFF799FF05B0F0BD284626
:108D3000E8F7ACF973681D44074615F8033C6D2B42
:108D400007D102A90294F4F7CFF8DDE902013A460F
:108D5000E9E7EAF712FE0146D4E700BFFC9C0508EC
:108D600010B50446FFF762FF02280ED061680122A9
:108D700002392046E8F751FB6D2303702046FFF7C8
:108D800055FF831E58425841400010BD10B504469F
:108D9000FFF74CFF012808D020460449E8F730FBD4
:108DA0002046BDE81040FFF7DBBF10BD4AA0050814
:108DB0002DE9F04F0328B1B006460D4609D9042825
:108DC000D1F80CA01ED00C69641005D50020F4F772
:108DD000F7FF00244FF0060A286803A9FCF738FCC7
:108DE0000490BCB1794B012E1A690DD96B68062B22
:108DF0000AD09A0703D11968754A914205D000201C
:108E0000F5F7B8F90024E7E7134603AA04A92046BA
:108E1000FFF7ACFE039B002BD8D00023DFF8ACB1EA
:108E200001251C461F46039AAA4207D2BAF1060F33
:108E30000CBF3846204631B0BDE8F08F049E02D00A
:108E4000725D2E2A23D1294630460193E8F77EF839
:108E5000019B8046E91AF018E8F778F806AA06465A
:108E600005A9DBF83C01F6F737F9059B8BB14FEA12
:108E7000C8015848002241F00201F5F75FFD40B1FA
:108E8000D0F80490002F08BF4F466B1C4C460135AC
:108E9000C9E710AA80210CA8E8F708FA002C3CD1F9
:108EA00021463046FAF798F981460028EAD1DBF8E6
:108EB0003C0108AA07A9F6F70FF9079B99450BD3C0
:108EC00001213046FAF788F981460028DAD1424973
:108ED00042484246F4F781F900230D93089B09A903
:108EE00053F82900FCF7B4FB099A014632B10CA8EB
:108EF000E8F7B4F92F210CA8E8F747FA3046E8F76D
:108F0000E4F801460CA8E8F77BFA0CA8FFF73EFF4F
:108F1000034610BB09F10109CFE7204609AA40F238
:108F20001531F4F7EDF809980028D0D0FCF71EFBB6
:108F300001460CA8E8F764FA2F210CA8E8F725FAF7
:108F40003046E8F7C2F801460CA8E8F759FA0CA831
:108F5000FFF71CFF03460028B9D040460193FAF7FB
:108F600019F91F49CDF82C80814609A8E7F71AF9AD
:108F7000019B012B24D1DDE90D10FBF705FF40F229
:108F8000153102464846F4F7ABFB1649DDF834804C
:108F90000CA8E8F735FA0CA8FFF7E2FE022803D187
:108FA0000CA94846FFF796FECDF8348024B14A4616
:108FB00031462046F4F794FB0020E7F7FBF861E721
:108FC0000CA94846FFF786FEF0E700BF78040020B2
:108FD00044E80508C8040020059D0508DCEA0508EA
:108FE000598B030841A0050837B50C4601A9206834
:108FF000FCF72EFB05466068FCF7F8F82946019A55
:109000000023EAF7AEFC0546A068FCF7EFF851280C
:1090100008D040F2B443984212D0502812D00A48E7
:10902000F4F7CEFE012100231A462846F4F7D6F9BC
:10903000064904460820F5F7B8FE446003B030BD89
:109040000021F0E70221EEE7159D050844E605083A
:10905000F0B5DFF8E0E001280F46164685B0DEE9FE
:1090600003213FD97C68062C14D0A5070FD12C4DC5
:109070002368AB420BD1A44602280ED0BD68062D52
:109080000BD0AB0703D126482B68834206D00020C3
:10909000F5F770F894460C46EEE765463F68B8076A
:1090A00023D120483B6883421FD1CDE90212684694
:1090B0001D49CEE90354E7F775F87868830708D1AE
:1090C00003681A4A934202D0194A934201D1436875
:1090D0005C60F4F77DF904460120E7F76BF8204661
:1090E00005B0F0BD15460C46D8E76EB93846FCF71A
:1090F0007DF8EAF742FC01262B462246314605B0B0
:10910000BDE8F040F4F76AB9694605223846F6F73B
:109110006DF9DDE900120023E220EAF722FCEBE71B
:1091200044E8050844E6050801CF020888ED050873
:1091300068ED0508780400200222FFF789BF0122AC
:10914000FFF786BF0022FFF783BF70B506460D46C6
:1091500000246B68A34200D870BDAB6853F834108C
:1091600021B1042902D03046F9F79BFC0134F0E725
:109170002DE9F74338B94F494F48E8F786F90620FB
:1091800003B0BDE8F0830C6842F272139C424CD1EC
:1091900000210846F9F716FF48490190FFF7D5FF6F
:1091A00047490198474CFFF7D0FF019E257875B9D4
:1091B000454A01A90120F9F75BFD019BD3E902892A
:1091C00008F10306B608AE420FD14049D4E7204665
:1091D00010F0EAFEC11E451C2046FBF7D5FD0146F6
:1091E0003046F9F75EFC2C44E0E72F4659F827009B
:1091F000FCF7BCF9374401462F48E8F746F9B84573
:109200000DD9C0F11204002C07DD013C30492A4879
:10921000E8F73BF9002CF8D1E8E71234F3E72D49E1
:109220002548E8F732F90135CDE72046F5F7CAFDC4
:10923000294905462048E8F728F900212046F5F796
:10924000F3FDEA8825491C48E8F7D4FC244B9D42ED
:1092500024D164680434002563689D428FD2A368DA
:1092600053F8356003EBC502B6B1042E14D01D4986
:1092700011485768E8F709F900213046F5F7D4FDA1
:1092800019490D48E8F701F900213846F5F7CCFDFA
:1092900010490948E8F7F9F80135DDE7134B9D421D
:1092A00018BF2C46E37C002B3FF469AF04EB83042A
:1092B0002469CFE724650608B408060854F10508B8
:1092C000C0F00508800E0608ACE80508269D0508D4
:1092D000F1AA0508B1AB05084A9D0508529D05088D
:1092E000E0F10508F0AA0508629D050828FB0508BD
:1092F000014B1869704700BF78040020014BD86803
:10930000704700BF780400202DE9F043174C85B06A
:10931000804600200D46D4F80C90F7F7F7FBE0608C
:1093200007462868F4F754F8B8F1020F0646C4F867
:109330000C9019D0A868F5F745FD04466B680193B9
:1093400005F10801A8F10200FDF79CFC01ABCDE995
:109350000207002203212046F4F718F8062E18BF52
:10936000706005B0BDE8F083014CE7E778040020A9
:1093700028FB050801460720F3F780BF01460620B9
:10938000F3F77CBF0021F4F7CFB91FB56946F4F7B6
:10939000CBF904462046F4F73BFA10B91E2004B07E
:1093A00010BDF5F735FF0028F4D10E20F7E71FB503
:1093B0006946F4F7B9F904462046F4F729FA10B9DA
:1093C0000E2004B010BDF5F723FF0028F4D01E20B6
:1093D000F7E707B542F69A03CDE900300022694667
:1093E0000220FDF793F803B000BD08B5F5F768FD5E
:1093F00000280CBF0E201E2008BD000010B586B04E
:10940000F5F7C2FDB0F5881F044602D30848F4F70B
:10941000D7FC01AA02A80421E7F748FF214602A8C9
:10942000E7F7B3FFDDE90310FBF785FC06B010BDDD
:109430008C9905080A4601462320F4F7C9BC024668
:1094400040F2D2612120F4F7C3BC024640F2CA6167
:109450002120F4F7BDBC30B50B46012885B014BF00
:109460004C68044669461868F4F75EF905462846D4
:10947000F4F7CEF9024610B9204605B030BD2146BA
:109480001B20F4F7A5FC0446F1E7000001281FB5F6
:109490000B4603D118680021F5F7C6FC1021684679
:1094A000E7F7EEFE0A49684611F0CAF8032803D12F
:1094B00008480021F3F788FE019919B9042801D161
:1094C0000548F7E76846FBF73DFC05B000BD00BF67
:1094D00068AB050868EC050800EB05082DE9F04FBE
:1094E000924685B083468946002240F24A31504672
:1094F0009846F5F723FA054600B14568BBF1010F20
:109500004AD1D9F800006946F4F70EF900248346E1
:10951000A1465FFA88F85846F4F77AF9064660B92A
:109520003CB9224641F6DA315046F5F707FAC8B1A0
:109530004468204605B0BDE8F08F8DB1314628461D
:10954000F3F778FF074644B139464A464046F4F7F8
:109550003FFC1E281CBF26464F463446B946DAE774
:109560003746F0E70F48F4F72BFC59F8267025B181
:1095700039462846F3F75EFF074634B1524639466E
:109580004046F4F725FC1E2802D159F82640BA4679
:1095900001365E45E9D1CCE700263446B2465FFA93
:1095A00088F8F6E7679D05080123FFF797BF0023BA
:1095B000FFF794BF37B501A90546FCF749F805F058
:1095C0000703022B044605D0AB0712D12A680F4BC4
:1095D0009A420ED101992046E8F74AFB012802463B
:1095E00001900ED12046E8F712FBF8F7BDFF03B05B
:1095F00030BD019A012A04D12078400040F00100DA
:10960000F5E703490348F3F7E8FD00BF4CF9050807
:109610006E9D050850E905082DE9F04188B005ACBC
:109620001B4B01940F460021009306460323084676
:10963000F5F7C2F802210798FEF70CFF079B03938A
:109640002146144B0598069D0493FCF701F806A9E2
:1096500080462846FBF7FCFF00240546B44208D1AB
:109660000398069A2946FEF769FF062008B0BDE870
:10967000F08124B1059A03984146FEF75FFF57F841
:109680002410002203A8F5F7B1FB0134E6E700BF80
:10969000D0FC05083D85030810B586B004466A462F
:1096A00002A81021E7F70AFE012221466846F5F7D5
:1096B0009DFB02A8FBF75CFB06B010BD2DE9F04155
:1096C0000C68E2072DED028B06460D4605D4A30774
:1096D00052D122683C4B9A424ED1012E45D968683E
:1096E000F5F752FC021E40DA5242520042F00102EB
:1096F00015212220F4F76CFB0522014605461F20A8
:10970000F4F766FB2A46804621462120F4F760FBE9
:109710002146024607461C20F4F75AFB3A46064605
:1097200041460120F4F754FBF5F772FDE0B94246DB
:1097300039460120F4F74CFBF5F76AFD2A4638B1AB
:10974000BDEC028B31461B20BDE8F041F4F740BB75
:1097500021461F20F4F73CFB032201461820F4F7B2
:1097600037FBF5F755FD28B93446BDEC028B204692
:10977000BDE8F0812A46E3E72046F5F75BFC012EC1
:10978000F0EE408A18D96868F5F7FEFB00EE900A03
:10979000B2EE040AF8EEE00A0FF06EF8B0EE408A7E
:1097A00028EE800A0FF078FE80EE080ABDEC028BEE
:1097B000BDE8F041F7F76ABE0FF06EFEBDEC028B1C
:1097C000BDE8F041F8F738BC4CEF0508012813B5A7
:1097D0000B46144602D90848F4F7CCFC00220121BC
:1097E0000648F9F7D9FB2246019001A90120F9F7B3
:1097F0003FFA019802B010BD879D050874F0050876
:1098000013B504460846FBF7F1FC002301466A46FF
:109810002046F3F7B7FC009B002B0CBF0E201E2048
:1098200002B010BD37B50228D1E900508CBF8C685A
:109830000024FBF7DBFC01466CB96A462846F3F7C7
:1098400053FE009820B1019909B1F6F72DFB0446AB
:10985000204603B030BD00236A462846F3F792FC49
:10986000EFE738B5044608461546FBF7BFFC2A4625
:1098700001462046F3F734FF062038BD0022FFF7EB
:10988000F0BF0000012810B508680C4606D1F3F7B8
:109890008FFF38B9044B186AF4F7A0FCF3F7B8FF50
:1098A00000B9606810BD00BF7804002002280B4694
:1098B000D1E9000102D09A68062A04D10A4601467D
:1098C0002220F4F785BAF8F7D1BD0000062813B5B9
:1098D000044614D0012201460A48F5F787FA0A49DE
:1098E0000848E7F7D2FD0423CDE90034074B0848C8
:1098F0005A7B03EB820308211B696A4698470620BE
:1099000002B010BDB4080608B1AB0508E0F10508C7
:10991000E8FC0508F7B50F46002105460846F9F7AB
:1099200051FB1C4B04468DB9DE68B368AB4202D8CC
:10993000204603B0F0BDF36853F8351021B1042977
:1099400002D02046F9F7ADF80135EEE75B6A5E68B4
:10995000DB68C6F31E061E440225B542E8D200238A
:1099600038686A462946F3F70DFC009B83B1022D47
:1099700008D1019B33B100216A460846F3F763FD25
:109980000446D5E7E90041F002012046F9F789F8DD
:109990000135E2E778040020024B0022A3F83C23C3
:1099A0000620704778040020024B0122A3F83C23D4
:1099B0000620704778040020034BB3F83C33002B9B
:1099C0000CBF0E201E2070477804002008B51AF046
:1099D00089F9062008BD00B589B001A8E6F7A0FE08
:1099E0000398400040F0010009B000BD00B589B007
:1099F00001A8E6F795FE0298400040F0010009B08A
:109A000000BD000010B50D4C40B9D4F84403431C10
:109A10000ED0BDE810400001F8F7A6BD0868F5F7C4
:109A2000B3FA002805DA4FF0FF33C4F844330620B8
:109A300010BD0009C4F84403F9E700BF7804002012
:109A4000004870476C0206087FB50E46154640F286
:109A5000E6316A461C46F3F747FD3046F8F79FFDAE
:109A600002902846F8F79BFD6A46039000210220E9
:109A7000F3F7E9FCF5F788FA0028BEBF4042206002
:109A80004FF0FF3004B070BD70B588B00E4615467B
:109A90000C9901AA1C46F3F727FD104B04930120F3
:109AA00004AB01AA0021CDE9050507960393F3F75E
:109AB000CAFC062805D10B2323604FF0FF3008B005
:109AC00070BDF5F761FA021E04DBAA421046F6D912
:109AD0000523F1E752422260EFE700BF6CE505087D
:109AE00013B5A4240094FFF7CFFF02B010BD13B547
:109AF0007E240094FFF7C8FF02B010BDB0EEC00A8C
:109B00007047000008B50FF031FBDFED027A20EE60
:109B1000270A08BD3BAAB83F08B5F5F78BFAB4EEA3
:109B2000400AF1EE10FA74BF0E201E2008BD00009E
:109B300008B5F5F77FFADFED067AB0EEC00AF4EE6D
:109B4000407AF1EE10FAB4BF0E201E2008BD00BF0F
:109B5000FFFF7F7F08B5F5F76DFADFED067AB0EE0F
:109B6000C00AB4EE670AF1EE10FAD4BF0E201E2030
:109B700008BD00BFFFFF7F7F08B50148F4F720F95B
:109B8000929D050810B52DED048B84B002AB0C46F8
:109B900001932D4B0093083102230238F4F70CFE99
:109BA0002068F5F747FA6068F0EE408AF5F742FA68
:109BB0000298B0EE409A90B1F5F73CFAB0EE408AC8
:109BC0000398F5F737FAB5EEC08AF1EE10FA04D42F
:109BD000B5EEC00AF1EE10FA04D5FFF7CDFF9FED08
:109BE0001B8AEDE7F4EE498AF1EE10FA18D078EE10
:109BF000C97A9FED177AF0EEE77AF4EE477AF1EE44
:109C000010FA1EDCB4EEE70AF1EE10FA08DA68EE9C
:109C1000288AF0EEE88AF4EEE78AF1EE10FA04DB27
:109C20001E2004B0BDEC048B10BD28EE098AB0EEF6
:109C3000C88AB4EEE78AF1EE10FAACBF1E200E20FF
:109C4000EFE70E20EDE700BF8C0206085F70893059
:109C5000FFFF7F7F10B52DED028B0C46F5F7EAF97B
:109C6000B0EE408AA047B4EE400AF1EE10FA06D7F3
:109C7000B4EE488AF1EE10FA11D6FFF77DFF9FEDA2
:109C80000B7AF0EEC07AF4EE477AF1EE10FA06DDC8
:109C9000B0EEC88AB4EE478AF1EE10FAEDDDBDEC05
:109CA000028BBDE81040F7F7F1BB00BFFFFF7F7FDD
:109CB0000149FFF7CFBF00BF459E04080149FFF7E8
:109CC000C9BF00BF519E04080149FFF7C3BF00BFD1
:109CD000F59804080149FFF7BDBF00BF559504087A
:109CE0000149FFF7B7BF00BFFD9A03080149FFF71D
:109CF000B1BF00BF1D7404080149FFF7ABBF00BF2F
:109D0000797004080149FFF7A5BF00BF3571040849
:109D10000149FFF79FBF00BFF19D04080149FFF70C
:109D200099BF00BF7D9D04080149FFF793BF00BFA5
:109D3000E59404080149FFF78DBF00BF6D75040865
:109D40000149FFF787BF00BF3D7204080149FFF7D3
:109D500081BF00BFB96F04080149FFF77BBF00BF97
:109D60000D9104080149FFF775BF00BF0593040872
:109D70000149FFF76FBF00BF819204080149FFF757
:109D800069BF00BF6D9204080149FFF763BF00BFC0
:109D9000059B03080149FFF75DBF00BF098F040859
:109DA0000149FFF757BF00BFCD8D04080149FFF7F8
:109DB00051BF00BF919E040808B5F5F73BF9DFEDF0
:109DC000047ABDE8084020EE270AF7F75FBB00BF22
:109DD000E02E654208B5F5F72DF9DFED047ABDE810
:109DE000084020EE270AF7F751BB00BF35FA8E3C3A
:109DF00038B52DED028B0D461446F5F71BF92846B4
:109E0000F0EE408AF5F716F9F0EE400AB0EE408A1F
:109E1000B0EE680AA047B4EE400AF1EE10FA0BD794
:109E2000F4EE688AF1EE10FA1DD6B4EE488AF1EE2F
:109E300010FA18D6FFF7A0FEDFED0E7AB0EEC07A6A
:109E4000B4EE677AF1EE10FA0DDDF0EEE88AF4EE8A
:109E5000678AF1EE10FA06DCB0EEC88AB4EE678AC3
:109E6000F1EE10FAE6DDBDEC028BBDE83840F7F705
:109E70000DBB00BFFFFF7F7F014AFFF7B9BF00BFE7
:109E8000297E0408014AFFF7B3BF00BFD99F03082A
:109E9000014AFFF7ADBF00BFED720408014AFFF7AA
:109EA000A7BF00BF79880408884270B50D4603D16A
:109EB000BDE87040F8F758BB0A1A012A0AD14A00D7
:109EC000410042F0010241F00101BDE870401D2057
:109ED000F3F77EBF022A0ED1421C4100520042F02D
:109EE000010241F001011D20F3F772FF6A000146F3
:109EF00042F00102E9E700EB52042146FFF7D4FFEC
:109F000029460646601CFFF7CFFF31460246DCE7D4
:109F100008B5F5F739F8011E02DA0548F3F750FFE6
:109F200004D0BDE808400120FFF7BEBF032008BDF4
:109F3000A09D050808B5F5F77DF80FF08DFABDE88E
:109F40000840F8F779B81FB500230193F5F772F8C8
:109F500001A80FF0EFFEF7F799FA9DED010A0290C4
:109F6000F7F794FA02A903900220FCF78BFE05B0E4
:109F700000BD10B52DED028B0C46F5F75BF82046C1
:109F8000B0EE408AF5F700F8B0EE480A0FF0BAFEDE
:109F9000BDEC028BBDE81040F7F778BA1FB500237F
:109FA0000193F5F747F801A80FF082FEF7F76EFA74
:109FB00002900198F8F7D8FA02A903900220FCF762
:109FC00061FE05B000BD08B5F5F734F80FF00EFAE4
:109FD000BDE80840F8F730B810EE903AB0EEC00A8D
:109FE000002BB8BFB1EE400A704708B5F5F722F86C
:109FF0000FF0C8F9BDE80840F8F71EB838B50546B7
:10A000002DED028B08680C46F5F714F8B5EEC00A82
:10A01000F1EE10FA01D8FFF7AFFD0FF0A7F8012D10
:10A02000B0EE408A05D1BDEC028BBDE83840F7F7B1
:10A030002DBA6068F4F7FEFFB5EEC00AF1EE10FA33
:10A04000E9D9B7EE007AB4EE470AF1EE10FA03D17F
:10A0500004490548F3F7B8F80FF088F888EE000ACD
:10A06000E1E700BFF99405086CEB050800B52DED9C
:10A07000048B83B001AA6946F5F71CF8DDED008A70
:10A08000B0EE680A0FF07AFE9DED018AF0EE409A7C
:10A09000B0EE480A0FF0F4F8B0EE409AB0EE680A5D
:10A0A0000FF020FAF0EE408AB0EE480A0FF02AF9DD
:10A0B00068EE800A29EE890AF5F7BCFF03B0BDEC13
:10A0C000048B00BD00B52DED048B83B001AA694659
:10A0D000F4F7F0FFDDED008AB0EE680A0FF002FA47
:10A0E0009DED018AF0EE409AB0EE480A0FF0C8F8F4
:10A0F000B0EE409AB0EE680A0FF040FEF0EE408AF3
:10A10000B0EE480A0FF0FEF868EEC00A29EE890AA0
:10A11000F5F790FF03B0BDEC048B00BD00B52DED4D
:10A12000048B83B001AA6946F4F7C4FF9DED018A50
:10A13000DDED008A28EE080AF5EE000AA8EEA80A6E
:10A140000EF09AFBF0EE680AB0EE409AB0EE480AC4
:10A150000DF0CCF8F6EE007A20EE278AB0EE480A31
:10A160000FF0C0F9F0EE408AB0EE480A0FF006FE9C
:10A1700060EE090A28EE890AF5F75CFF03B0BDEC32
:10A18000048B00BD00B52DED048B83B001AA694698
:10A19000F4F790FF9DED018ADDED008A28EE080AB4
:10A1A000A8EEA80A0FF062F8F0EE680AB0EE409A46
:10A1B000B0EE480A0DF09AF8DFED060A60EE200ACC
:10A1C000B6EE000A29EE000AF5F734FF03B0BDEC45
:10A1D000048B00BDD95BDE3E00B52DED048B83B052
:10A1E00001AA6946F4F766FF9DED018ADDED008A5C
:10A1F00028EE080AA8EEA80A0EF0B8FFF0EE680AEA
:10A20000B0EE409AB0EE480A0DF070F8F0EE400A59
:10A21000B6EE000A29EE000AF5F70CFF03B0BDEC1C
:10A22000048B00BD00B52DED048B83B001AA6946F7
:10A23000F4F740FF9DED000A0EF0C8FDB0EE408A35
:10A240009DED010A0FF04EF9B0EE409A9DED010A26
:10A250000FF094FD60EE080A29EE080AF5F7EAFE11
:10A2600003B0BDEC048B00BD10B52DED048B0C4686
:10A27000F4F7E0FE2046B0EE408AF4F7DBFEB0EEE5
:10A28000409A0FF02FF9F0EE408AB0EE490A0FF035
:10A2900075FD60EE080A28EE880ABDEC048BBDE867
:10A2A0001040F5F7C7BE07B501AA6946F4F702FFEB
:10A2B000DDED000A9DED010A0DF018F8F7F7E6F85C
:10A2C00003B000BD1FB501AA6946F4F7F3FE9DED8A
:10A2D000010ADDED007A20EE000AA7EEA70A0FF0D2
:10A2E000D7FDF7F7D3F8DDED000A9DED010A0290E6
:10A2F0000CF0FCFFF7F7CAF802A903900220FCF764
:10A30000C1FC05B000BD08B5F4F710FA400040F0FC
:10A31000010008BD10B50446F4F708FA084B0949D6
:10A320005B6802460848E7F765FC0748E6F7C4FCA7
:10A33000012C02D10448E6F7DDFC062010BD00BF69
:10A3400078040020AC9D050854D805081CF054BAC8
:10A3500008B5F4F719FE10F08DF9062008BD0000CD
:10A3600008B5E6F77DF8034B18894008400040F037
:10A37000010008BD7804002008B5E6F769F806205A
:10A3800008BD000010B586B0044605AB04AA03A9B9
:10A3900002A8E6F7B5FE059B0193049B00930649CE
:10A3A0000648DDE90223E7F725FC012C01D1E6F799
:10A3B000E1FE062006B010BDC19D050854D8050871
:10A3C00008B5084B984205D107490848F3F7AEFF96
:10A3D000062008BDF3F784FF0028F9D10449054899
:10A3E000F2F7F2FEAC0606084DA30308C0070020F2
:10A3F000099E0508E0E9050810B5074C28B9D4F80E
:10A400000002400040F0010010BD0868F4F7BCFDF8
:10A41000C4F800020620F7E77804002002681378E9
:10A420003E2B06D83B2B06D8212B07D040231846BD
:10A430007047402BFAD101320260F8E73E23FAE779
:10A44000F8B5056806462C46274614F8010FE7F7CD
:10A4500033FC03460028F7D1C5F1010530680A2214
:10A460007919F2F73DF834604010F8BD2DE9F0435A
:10A4700085B00024019001A8FFF7D0FF0E460746E3
:10A480002546019B187820B92846346005B0BDE800
:10A49000F083E7F711FC70B101A8FFF7D1FF804608
:10A4A000DDF8049099F80010782907D1444409F1A7
:10A4B00001030193E5E74FF00108F1E7732901D1AA
:10A4C0000135F3E703AA3846FEF7A8F8039A454496
:10A4D000531E5242B8F1000FE9D01C44144008F159
:10A4E000FF380444F6E707B5FBF740F801A9FFF78A
:10A4F000BDFF0198400040F0010003B000BD000026
:10A500002DE9F04F064689B008680D46FBF72EF896
:10A5100003A90290FFF7AAFF834602A8FFF77EFF78
:10A52000002101905846FCF7ADFB0522814605A9A4
:10A530006868F4F75BFF059C069F0494022E19D906
:10A54000A868F4F721FD002805DA069BC01802D59B
:10A550002548F3F735FC049E06440496039B3C44CF
:10A560003344A342F4D800255D4505D3484609B0DD
:10A57000BDE8F08F2646F1E7029B1878E7F79CFBD1
:10A5800068B102A8FFF75CFF0446029F3B78782B76
:10A5900007D1049B2344049301370297E4E7012485
:10A5A000F3E7732B09D009F1040808EB8508A246EC
:10A5B000BAF1000F0DD12544EEE704982146FAF7D1
:10A5C0000FFC049B23440493AB1C013549F8230082
:10A5D000E2E73978019804AB3246FEF744F90AF114
:10A5E000FF3A48F8040FE3E71D9E05082DE9F04FF8
:10A5F00089B0994690460391FAF7B8FF049004A8F1
:10A60000FFF70CFF039B0293834600240DF10C0A15
:10A61000444502D309B0BDE8F08F049B18780028A8
:10A62000F8D0E7F749FBA0B104A8FFF709FF0546FA
:10A63000049F3B78782B0ED103982A4600210FF017
:10A6400075FC039B2B44039326460137049734463D
:10A65000DEE70125ECE7732B06D06619B442F4D08F
:10A66000A0451CD14646F0E759F82400052205A96B
:10A67000F4F7BCFE069B05990398AB4228BF2B4616
:10A680001A46661C1C460FF007FC03982A1B002183
:10A6900020440FF04BFC039B2B440393D5E7397800
:10A6A000CDF800A059F82420029B5846FEF774F913
:10A6B0000134D3E72DE9FF410D46804655F8040BE0
:10A6C0000E46FFF710FF441021466846E6F7E6FD08
:10A6D000029F2246002138460FF028FC30682B46A6
:10A6E00008F1FF323946FFF781FF6846FAF746FB6B
:10A6F00004B0BDE8F0810000F0B50C4685B006223C
:10A7000001A907466068F4F771FEA068F4F73CFC05
:10A710000028029E04DA801902D50B48F3F750FB9B
:10A72000019D2E4405442068FFF7DDFE05EB600027
:10A730008642F2D3206804F10C03FA1E2946FFF783
:10A7400055FF062005B0F0BD1D9E050808B518B9D7
:10A7500001460348F2F738FD09680148F3F734FD74
:10A760008CEC0508012813B50C460ED9606802214F
:10A77000FDF770FE636800936846054B21680193FE
:10A78000F4F75AFB062002B010BD024BF3E700BFFE
:10A790003D850308285606080846024B1146024A22
:10A7A000F8F75EBDB4050020F407060808B50146B9
:10A7B00000220348F4F7C2F808B14068C00808BD99
:10A7C0009809060810B584B00C460392D1E901231C
:10A7D0000C4902935528CDE90012236809D054F89A
:10A7E000042C69461846F4F7D5FDA4F1080004B01E
:10A7F00010BD042269461846F4F7CCFD20602046BF
:10A8000004B010BD44F605082DE9F04FC3898289D4
:10A81000DFF8188300F11407013B9BB007EB8207B8
:10A8200003EB4303043207EB8303059106460693CB
:10A8300000EB820A08A8E5F7D7FC00284ED1336860
:10A84000059A5968D6E901B5D1F80890002A58D080
:10A850009BF80020682A54D0059B05901846F2F713
:10A8600003FE0446E5F796FC0994AA492068FDF723
:10A87000CDF928B173681A784B2A6FD0682A7AD03C
:10A880000998A54B984205D071680B785D2B01D0D3
:10A89000642B79D1069B9F420BD8726805E0069B1A
:10A8A0000C3B0693069BBB4203D3069B1B6893425B
:10A8B000F5D9069BBB42C0F0DB87069A069B06993A
:10A8C0005B681268726023F00303886043F8040F2A
:10A8D00008A8B360E5F788FC0028B0D0099CC4E75D
:10A8E00094F900302278002BC0F23087403A631C84
:10A8F00003EB020B894BB3F90C2212B90120F3F7D9
:10A9000037FD5C46C6F804B014F8013B58F8233014
:10A9100043F00103184794F900202378002AC0F27D
:10A92000D2800134069A0C320692069A23441360B0
:10A930007368069A1B78A3F14903B3FA83F35B09A2
:10A9400045EA43035360069B00229A60746014F842
:10A95000013B58F8233043F00103184793F90110E5
:10A960005A780029C0F2A880023313447360B36898
:10A97000103BB3605EE70998B468F6F77FFB206090
:10A9800073680133736055E73368DD682B781C0604
:10A9900003F0030940F172876A1C0024531B94469C
:10A9A00012F8010B013B00F0040E0EFA03FE49EA17
:10A9B0000E09C0F3C00E0EFA03F3000644EA0304C6
:10A9C000ECD41378A144C3F3450203F001041B0641
:10A9D0000CF1020515D54FF0060E4FF0000C15F8DE
:10A9E000013B0CF1010C03F0010000FA0CF00443F0
:10A9F000C3F3450000FA0EF0024318060EF1060EEE
:10AA0000EDD4AB182846CDE90132039100F0D3FF15
:10AA1000B9F1FF3FDDE901320399844600F02B874D
:10AA2000CDE9011409F10109284603920024E34607
:10AA30000493013400F0C6FF4C45FAD1039A049BFD
:10AA4000DDE90114DC4601903068D0F804E001989B
:10AA5000DEF80890984239F81CE0B9F800C080F0A0
:10AA6000498714442C44091B01220CE005F01F09FE
:10AA7000894500F101004FEA551416D89842A1EB20
:10AA80000901224411D290F900400578002CEDDA3A
:10AA900090F801902C0104F4E06444EA090405F004
:10AAA0000F09894500F10200E8D90998734661460B
:10AAB000F6F7FAFB0998EDE6997802F07F0242EA90
:10AAC000C112033351E7627803F07F0343EAC213F4
:10AAD000023427E7079B2B60013CE5F75BFB069BF5
:10AAE0000F4A74600C33DB1B9B1002FB03F3B56051
:10AAF000F38101201BB0BDE8F08F0A490A48F6F740
:10AB0000F1FA0446E5F746FB746102201BB0BDE88C
:10AB1000F08F00BFD8EB0508CCEE050878040020C4
:10AB2000ABAAAAAA8CB40508BCE90508540A060811
:10AB3000AB46059A5BF80419C6F808B055F8040C42
:10AB4000002A00F08186059A0192002107AB059149
:10AB5000F2F7FAFC0128019ABCD0002840F0E58603
:10AB6000079B45F8043C3AB1BD4901921046F6F7FF
:10AB70008BFB002840F0B5867460237858F82330AA
:10AB800043F001035D460134184755F8040CF2F711
:10AB90006BFC0446E5F7FEFA099466E62868F2F7CE
:10ABA00063FC0446E5F7F6FA09945EE6069B9F42CD
:10ABB00005D900F07EBE0C3B9F4200F27A869C686D
:10ABC000002CF8D0E5F7E6FA09944EE60021237848
:10ABD00003F07F0202EBC1111A06A34604F101043F
:10ABE000F5D4A04BCAB29B1ACA0902F4FF729B1A91
:10ABF00005EB83052A460120F2F756FE28607460B3
:10AC0000237858F8233043F001030BF1020418476E
:10AC10000021237803F07F021806A34602EBC1113E
:10AC200004F10104F5D4C8B2CA096FF0404302F43C
:10AC3000FF721B1A9B1A05EB8305C1F307212A46F5
:10AC4000F2F701FCDAE714F8010CAB4629305BE9B6
:10AC50000112C0B2043DF3F7BBF84BF8040C74606A
:10AC6000237858F8233043F001030134184714F8CF
:10AC7000010C29683030C0B2F2F700FB2860746024
:10AC8000237858F8233043F001030134184714F8AF
:10AC9000013C2A68C3F1C003043D4AF823207460D4
:10ACA000237858F8233043F001030134184714F88F
:10ACB000013CC3F1B00322465AF82330002B00F0C8
:10ACC0001C8645F8043F7460137858F8233043F02D
:10ACD00001030134184714F8013C803B5B0043F04A
:10ACE000010345F8043F7460237858F8233043F09B
:10ACF0000103013418472868F2F7AAFC746023782E
:10AD000058F8233043F00103043D01341847002272
:10AD1000237803F07F011B06A34601EBC21204F166
:10AD20000104F5D439F812102868F2F7D5FF45F878
:10AD3000040F7460237858F8233043F001030BF1BB
:10AD4000020418470022237803F07F0101EBC212AE
:10AD50001906A34604F10104F5D42B4639F8120074
:10AD6000019353E90121F2F79BFB019B43F8040C8B
:10AD70007460237858F8233043F00103043D0BF14D
:10AD8000020418470021237803F07F021B06A34624
:10AD900002EBC11104F10104F5D4CAB26FF04043D3
:10ADA0009B1ACA0902F4FF729B1A05EB83052A4617
:10ADB000002021E70022237803F07F0101EBC2127B
:10ADC0001906A34604F10104F5D4D309D1B203F462
:10ADD000FF730B44A5EB83052B46C2F3072253F800
:10ADE000040BF2F7D3FA09E70021237803F07F027E
:10ADF0001806A34602EBC11104F10104F5D433682F
:10AE00002278986850F821005968D34305EB8305F0
:10AE100042F480722B46F1F7F5FD0BF10203286036
:10AE20007360637858F8233043F001030BF1030497
:10AE300018470021237803F07F021B06A34602EB8C
:10AE4000C11104F10104F5D433682278986850F8F0
:10AE500021005968C2F1010305EB8305DAE700BF61
:10AE600044EC0508FEFFFF3F0021237803F07F023A
:10AE700002EBC1111A06A34604F10104F5D43368AC
:10AE80009868043D50F8210059682A46F1F762FDA0
:10AE9000B4E60021237803F07F021806A34602EBF4
:10AEA000C11104F10104F5D433689868002250F808
:10AEB00021005968F1F74EFD39E70021237803F0AE
:10AEC0007F021B06A34602EBC11104F10104F5D475
:10AED0002A4628680191F2F781FE7460237801996F
:10AEE00058F82330C1F3072252FA81F143F00103ED
:10AEF0000BF1020405EB810518470021237803F0CC
:10AF00007F0202EBC1111A06A34604F10104F5D435
:10AF1000286801912A46F2F715FE7460237801999A
:10AF200058F8233001F18041013943F0010305EB6A
:10AF300081050BF1020418470022237803F07F01FA
:10AF400001EBC2121906A34604F10104F5D49308DB
:10AF5000C3EB837312F0030255F8230000F06484FE
:10AF6000012A00F02C8455F80419F8F734FFE0E6C4
:10AF70002378032B637808BF55F804B9A3F1550370
:10AF800018BF4FF0060B012B40F2A2835A46AB4686
:10AF900055F8040C5BF80419F9F7B0F8013445F8DA
:10AFA000040C5D46746014F8013B58F8233043F0FC
:10AFB000010318470020237803F07F021B06A346F5
:10AFC00002EBC01004F10104F5D4C0F1010305EB5C
:10AFD00083052946F8F7A4FE10E6083DD5E90121CE
:10AFE0002868F5F797FE7460237858F8233043F00B
:10AFF0000103013418470020237803F07F0202EB9D
:10B00000C0101A06A34604F10104F5D4F5F77EFD3D
:10B010008DE60020237803F07F021906A34602EB99
:10B02000C01004F10104F5D4C0F1010305EB830560
:10B030002946F7F7C7FFE1E50020237803F07F02F8
:10B040001B06A34602EBC01004F10104F5D4C0F1C5
:10B05000010305EB83052946FBF714FECEE5069BAD
:10B0600022780C3B069394F90030002BC0F2418308
:10B07000631C3DE494F9003094F800B0002BC0F25A
:10B0800097830134B56055F80C3CA5F10C00002BFA
:10B0900000F0EB83F2F78CFB002800F0E28345F828
:10B0A000040F7FE728682946F2F73EFBAB4683454D
:10B0B00005F10C053FF4E3AD002345F8080C45F815
:10B0C0000C3CDCE528680021F2F72EFBD6E5069B58
:10B0D0000C3B06932B68062B40F01F84746023788A
:10B0E00058F8233043F00103043D0134184794F924
:10B0F00000202378002AC0F25283403B01342344CD
:10B100006B60291D22784A6015E0069B5B689B07EF
:10B1100002F1FF320CD5069B1B68A34280F08A83A4
:10B1200051E90130DD074CBF41F8080D41F8040D2D
:10B13000069B0C3B06935006E7D1D1F800B0002ADD
:10B1400040F06E830D1FFFF7D5BBD5F800B0BBF103
:10B15000060F00F0B5831BF0010140F0E282C5F854
:10B1600004B058460191F3F72DFE4FF0060B28600E
:10B17000C5F808B0083D01992A460320F2F763F9A3
:10B18000F4F746F8002800F09083C5F800B076E5A3
:10B19000D5F800B02A4658460D21F2F7A5F95846D1
:10B1A00005F1080B5A460C21F2F79EF900215A4688
:10B1B0000846F2F748F994F900102378002905F1C0
:10B1C0000402C0F2A782013406990C310691069957
:10B1D00023440B600699069B42F0020CC1F804C0A0
:10B1E000002199605060746014F8013B58F82330D6
:10B1F00043F001035D46184794F9003094F800B01D
:10B20000002BC0F27E82CDF804B004F1010B286857
:10B21000F3F7FEFF002839D00EE094F9003094F8DF
:10B2200000B0002BC0F2B282CDF804B004F1010BE3
:10B230002868F3F7EDFF48BB043DFFF75BBB94F9CB
:10B24000003094F800B0002BC0F29582ABF14003BF
:10B25000019304F1010B2868043DF3F7D9FF00289E
:10B260007FF448AB12E094F9003094F800B0002B62
:10B27000C0F27682ABF14003019304F1010B286820
:10B28000043DF3F7C5FF00283FF434AB019B9B441A
:10B29000FFF730BB55E901232A6055F8082C45E932
:10B2A00002327460237858F8233043F001030134EC
:10B2B000184755E9012345E901327460237858F8AD
:10B2C000233043F001030134184707E755F8042CF5
:10B2D0006A602A68AA607460237858F8233043F0C3
:10B2E00001030835013418472B68FAE4002223785B
:10B2F00003F07F0101EBC2121906A34604F1010419
:10B30000F5D439F81200F1F7B1FE7460237858F8DB
:10B31000233043F001030BF1020418470022237885
:10B3200003F07F011806A34601EBC21204F10104E9
:10B33000F5D439F81200F1F785FE7460237858F8D7
:10B34000233043F001030BF1020418470022237855
:10B3500003F07F011B06204601EBC21204F1010439
:10B36000F5D4C2EB82725AF822305A68002A00F0F3
:10B37000C48200225A607460237858F8233043F066
:10B380000103841C18470022237803F07F0101EB9E
:10B39000C2121906204604F10104F5D4C2EB8272F0
:10B3A0005AF82230002B00F0A88200234AF82230FD
:10B3B0007460237858F8233043F00103841C184745
:10B3C00055E9010155F8082CF3F7E4FF7460237880
:10B3D00058F8233043F001030C3D01341847002294
:10B3E000237803F07F011806A34601EBC21204F193
:10B3F0000104F5D439F8121055F8042C55F8080951
:10B40000F2F76EF97460237858F8233043F00103A3
:10B410000BF1020418470022237803F07F011B067A
:10B42000A34601EBC21204F10104F5D4296839F8EE
:10B430001200F1F711FE7460237858F8233043F0BE
:10B440000103043D0BF1020418470022237803F0A6
:10B450007F0101EBC2121906A34604F10104F5D4E1
:10B46000296839F81200F1F7E3FD7460237858F881
:10B47000233043F00103043D0BF10204184700227E
:10B48000237803F07F011B06204601EBC21204F172
:10B490000104F5D4C2EB82722B685AF82220536063
:10B4A0007460237858F8233043F00103043D841C72
:10B4B00018470022237803F07F0101EBC21219061E
:10B4C000204604F10104F5D42B68C2EB8272043DDE
:10B4D0006CE7AB465BE901010422043DF3F75AFF38
:10B4E000FFF7BBBBF1F790FD45F8040F74602378BC
:10B4F00058F8233043F00103013418470022237821
:10B5000003F07F011806A34601EBC21204F1010407
:10B51000F5D4043D39F81200291FFCF767FB74606D
:10B52000237858F8233043F001030BF10204184745
:10B530000022237803F07F011B06A34601EBC21211
:10B5400004F10104F5D439F8121028682A46F1F7FD
:10B55000CBFF7460237858F8233043F0010304359F
:10B560000BF1020418470022237803F07F0101EB5E
:10B57000C2121906A34604F10104F5D439F81230B9
:10B5800002932B6801931846F3F71CFC83889A05F5
:10B590000CD5029A019BD10041F002010022181D36
:10B5A000F3F7CCF910B14068FFF728BBDDE90101E2
:10B5B000F1F7BEFFFFF722BB0022237803F07F01E3
:10B5C0001806A34601EBC21204F10104F5D439F8C0
:10B5D0001200F1F70DFEFFF7AABB0022237803F05B
:10B5E0007F011B06A34601EBC21204F10104F5D44E
:10B5F00039F81200F1F72AFEFFF799BB002214F880
:10B60000013B03F07F0101EBC2121906F7D4C2EB34
:10B6100082725AF8223022465B68FFF74FBB002245
:10B6200014F8013B03F07F01180601EBC212F7D4B6
:10B63000C2EB82725AF822302246FFF73FBB00234A
:10B64000FFF74FBB0022237803F07F011B06204643
:10B6500001EBC21204F10104F5D433685B68DB68C6
:10B6600053F8223045F8043F7460237858F82330AB
:10B6700043F00103841C18470022237803F07F0164
:10B6800001EBC2121906204604F10104F5D439F881
:10B690001230DB0043F00203E4E7227842F3801229
:10B6A000237803F07F011B06204641EAC21204F111
:10B6B0000104F5D4530043F00103D3E71E23FFF741
:10B6C00010BB0623FFF70DBB0E2345F8043F69E4CA
:10B6D00055F8080CF3F776FB838858057FF556ACD0
:10B6E0006078A5F108015A46FFF76CF80234054668
:10B6F00058E4637802F07F0242EAC312A31CFFF70A
:10B70000F7B863780BF07F0B4BEAC313019304F196
:10B71000020B7CE5617803F07F0343EAC113023436
:10B7200052E5062255F8043C45F8042CC5E90022F0
:10B730000021A5F10C0203200193F1F784FE019B87
:10B7400045F80C3C45F808BDFFF799BA637802F05C
:10B750007F0242EAC312A2F58042A31CFFF7C8B8D9
:10B7600063780BF07F0B4BEAC31BABF5804301936F
:10B7700004F1020B83E563780BF07F0B4BEAC31BEC
:10B78000ABF58043019304F1020B64E563780BF0A1
:10B790007F0B4BEAC313019304F1020B48E5627877
:10B7A00003F07F0343EAC213A3F580430234A6E407
:10B7B00063780BF07F0B4BEAC31B023462E455F84D
:10B7C000042C55F80819F5F7A5FAFFF7B2BA0CE002
:10B7D00055F8043CD8077FD52B4653F8082945F87F
:10B7E000082C1D46069B0C3B0693069BBB42C0F0F3
:10B7F0008E80069B5B689B07F4D5069B1B689C426A
:10B80000E6D8069A2B68556825F003054FF0FF32FD
:10B810006B60069BAA60D3F800B00835FFF771B8DB
:10B82000A1F11405FFF766B855F80419F7F739F9CF
:10B83000FFF77FBA530043F001034B60069B0D1DD9
:10B84000D3F800B0FFF75DB807ABF1F77DFE012834
:10B850003FF440A9002868D1079B45F8043CFFF756
:10B860008BB95C44103DFFF79DBB55F8080C11E403
:10B870007061FFF74AB90195FFF7E6B86B7803F0FE
:10B880000104C3F345021B0605F102053FF5A3A819
:10B89000AB182846CDE90132039100F08CF8DDE9C0
:10B8A000013203998446FFF7BBB8EB682B60FFF7C2
:10B8B000E6B925492548F5F715FC0446FFF782B996
:10B8C000C5E901BB083D2A4600210320F1F7BBFD75
:10B8D000C5F800B0FFF7D3B92B6845F8043C043D28
:10B8E00080E70198F1F7C0FD0446E4F753FC0994A2
:10B8F000FEF7BBBF0122FFF7D8B815491548F5F789
:10B90000F1FB0446E4F746FC0994FEF7AEBFE4F70A
:10B9100041FC0020B560FFF7EDB8DA070DD55B10EC
:10B92000A5F1040105D50D465FE7E4F733FC079C5C
:10B93000DDE72B601A46FFF7FEBBE4F72BFC2C6813
:10B940000994FEF792BF00BF70B40508E0E905084E
:10B9500050B4050828EA050837B50DF105040B4673
:10B96000214602F07F05D20904F8015DF9D1091BD7
:10B97000984770B903B030BD13F8012B62F07F0215
:10B9800001F8012BAB42F7D11B1B9DF80420C254D8
:10B99000F0E70146234601ADF4E710B50268002345
:10B9A00012F8011B01F07F04090644EAC313F7D41F
:10B9B0000260184610BD07B5019001A8FFF7EDFF22
:10B9C00003B000BD10F9013B002BFBDB704700000A
:10B9D0002DE9F04F91B0994603680393044683899B
:10B9E00040680693431C636000250792CDE901552A
:10B9F00002788A4602F0030617061BD40022CDE91E
:10BA000009224FF0060C0133636013F8011C0A9FF2
:10BA100001F00100904007430A97C1F34500099FD8
:10BA20000CFB02FE00FA0EF007430906099723D526
:10BA30000132E8E7191A0133636013F8012C029F01
:10BA40000139C2F3801C0CFA01FC47EA0C0702F032
:10BA5000040C0CFA01FC029746EA0C06019FC2F3A3
:10BA6000C00C0CFA01FC47EA0C0702F0010C0CFABE
:10BA700001F101970D43BFE7A368049303F10408A4
:10BA8000069B00219B001A46E181404605930EF07B
:10BA90004DFA069B019A9B1B08939B1A029A013B45
:10BAA000564508EB830B02F0040269D22AB95346CB
:10BAB000324692499248F1F790FB09EB8601AAEBD6
:10BAC00006000B93FBF7DEF80B9BABF1040B48F879
:10BAD00023003346DDE904104A46014409EB8303A1
:10BAE0009A4275D1029B079A03F008030B93134304
:10BAF000029B03F0020700F0E88009EB8A09002F9F
:10BB00006BD01046F5F702F80290CBF80000019BCD
:10BB1000F3184FF0000B0C93079B9B455FD1089BDC
:10BB2000039908EB83031A1F01F10C002F46002F25
:10BB300040F09780059A03EB850342449A4200F255
:10BB400098806068FFF73EFF002296420F9040F019
:10BB50009980049B089A043503EB8206019BBB4243
:10BB600040F09480099B65680A9F1D44069B2F4402
:10BB70005E1EBD4240F0B780656011B0BDE8F08F39
:10BB800022B1604A48F82320ABF1040B029B079ACC
:10BB900003F00803134312D1721B524516D8039ABF
:10BBA00005EB0A039B1B02EB8303049AA2EB8A01B9
:10BBB000059A1144039A02EB8500834201D1534652
:10BBC00088E71A6941F804290433F6E7534670E719
:10BBD00052F8040B41F8040982E7029797E760687E
:10BBE000D9F800A0FFF7EEFE00210F900C9B8B42CE
:10BBF00004D14FBB44494FEADA0217E00FA80D9178
:10BC0000FFF7CBFE039B0D995A68926832F810201B
:10BC1000D20042F00202924514D1069B5A1E521ADB
:10BC200058F8221029B139494FEADA023448F1F7BD
:10BC3000D4FAD9F8041048F822100BF1010B09F1DD
:10BC4000080969E70131D1E7029B01225146181D1D
:10BC5000F2F774FE4268002AE5D1D9F80420426068
:10BC6000EBE752F8041F11B950F827101160013F9B
:10BC70005DE753F8041B00297FF460AFD21A244912
:10BC80009210D3E7FFF79EFE01325EE70FA8FFF7A1
:10BC900084FE56F804299AB9039B5B689B6833F8C5
:10BCA00010900B9B73B1039B53F825004FEAC90119
:10BCB00041F002010430F2F741FE18B143687360AD
:10BCC00001374BE713494A46B0E7019B13B11248CD
:10BCD000F2F750FA002F3FF445AF0198F4F716FF42
:10BCE000CBF800003EE715F8019BA6EB090958F8D0
:10BCF0002900F4F7E5F848F829003AE71C9505080B
:10BD000050E9050858FA0508DA980508E998050881
:10BD1000659E05086F9E0508779E050810B40468A7
:10BD2000E468446000F11004846010BCFFF750BE6A
:10BD300030B40468E568A4682D680DB154F8254056
:10BD4000446000F11004846030BCFFF741BE08B5C8
:10BD5000421E013912F8010F11F8013F48B123B911
:10BD6000E5F7BEFF80F0010006E09842F2D0002027
:10BD700004E0B3FA83F0400900F0010008BD0000C0
:10BD800013B5024648B101236A46F1F7FBF9009862
:10BD9000003818BF012002B010BDC90041F00204F4
:10BDA00006482146F2F7CAFD024620B9214604485A
:10BDB000F2F7C4FDECE70120EDE700BF54F1050800
:10BDC000C0F00508094B03EB8003D3F83C0100F0F9
:10BDD0000703022B05D0830705D10268044B9A4262
:10BDE00001D1F9F7C3BB0348704700BF78040020B6
:10BDF0004CF9050868AB0508F8B503780446002B34
:10BE000000F0A480402B03D05149FFF7A0FFB0B150
:10BE10000120002319461D461E464FF0090C2278CA
:10BE2000002A35D1DA1E012A07D9002E03DC002DA5
:10BE300001DC00297FDD002B7DD10120F8BD4549C3
:10BE40002046FFF784FF0028E2D143492046FFF750
:10BE50007EFF0028DCD141492046FFF778FF00280B
:10BE6000D6D13F492046FFF772FF0028D0D13D4987
:10BE70002046FFF76CFF0028CAD13B492046FFF758
:10BE800066FF0028C4D139492046FFF760FFC0E7AC
:10BE9000272A677812D12CFA03F2D20709D5272F67
:10BEA00007D1A278272A04D10234C3F10303013455
:10BEB000B5E7012BFBDC83F00103F8E7222A13D15D
:10BEC00033F004020BD1222F06D1A278222A03D10B
:10BED0000234C3F10403EAE71BB10423E7E7022BB2
:10BEE000E5D1C3F10203E2E75C2A09D1272F03D091
:10BEF000222F01D05C2F03D1002BD8D00134D6E7FC
:10BF0000002BD4D15D2A12D007D8292A0BD05B2A66
:10BF10000BD0282ACBD10136C9E77B2A09D07D2A4C
:10BF2000C5D10139C3E7013EC1E70135BFE7013D96
:10BF3000BDE70131BBE714F8013C5C2B3FF47DAF5A
:10BF40000A2B0CBF002000F0010077E7184675E7C8
:10BF5000098F0508478F05084DA30508C47D05080E
:10BF6000F98A05089CAC0508758B0508EE8E050856
:10BF70002DE9F04F8BB0CDE9022300EB0109834698
:10BF80008A464E46741EA34523D95E46864F3346E5
:10BF90004B45984605D298F800202E2A03F101035C
:10BFA000F6D1C845A8EB060525D029463046E4F76A
:10BFB00081FF044600284FD001460123384608AAD5
:10BFC000F1F7E0F8089F002F00F0EB8008F1010680
:10BFD000DDE716F8010CE5F765FE50B916F8010C1F
:10BFE000E5F76AFE28B916F8013C5F2B01D02E2B2D
:10BFF000CCD12646C6E7BAF1060F07D96B4907220E
:10C0000058460DF0BBFF002808BF0027684B5A6A4E
:10C010005368D268C3F31E034FF00009134404931E
:10C020004C46CA464FF00208CDF80490049B4345A5
:10C0300016D8002C4FD15E450ED16B1E052B0BD8A8
:10C040005A4F2A46394630460DF098FF20B9039BD7
:10C050002F441F60C5F1070420460BB0BDE8F08FE8
:10C0600007A94046E5F73CF803463DB902785F2A48
:10C0700010D1524608F101089246D7E7079A954237
:10C08000F7D8014605902A4630460DF0B3FF059BD0
:10C090000028EED1414638460593FFF771FE00288F
:10C0A000E7D0019A0799059B32B12A46524501D83B
:10C0B000914208D2524601E00A460193C146002C43
:10C0C000D8D14446D6E7019810F802C0985C844560
:10C0D000F4D10132EAE74C4501D055455ED2019BCF
:10C0E000039A2B441360AAEB0504B5E707A9204681
:10C0F000E4F7F6FF824665B903785F2B13D101346C
:10C100004C45F3D92B490298E5F7BFF94FF0FF34BE
:10C11000A2E7079B9D42F2D801462A4630460DF021
:10C1200069FF0028EBD121463846FFF729FE002899
:10C13000E5D008F10F0BDBF1000202F00F020BF06B
:10C140000F0358BF5342ABEB030BABEB080BBBF138
:10C15000010FD8BF0BF1100B079A08EB0B03134428
:10C16000402B13D8002306E0134902980193E5F70A
:10C170008CF9019B01339B45F6DC02985146E5F7AB
:10C1800084F9079B434403EB0B08B8E70B4902987B
:10C190005246E5F72FFDDDF81C80B0E74FF0400870
:10C1A000AEE73C4658E700BFECE20508540E06082F
:10C1B00078040020B1AB0508F1AA0508889E05089F
:10C1C00090FBF1F303FB1100002802DA002903DCE5
:10C1D000704702D0002900DA08447047002808DBC5
:10C1E000CB43034430EA210028BF184690FBF1F00E
:10C1F0007047C1F10103034410EA210038BF18461B
:10C20000F4E700002DE9F74F0E46009001920DF083
:10C21000CBFE82460EB100233360DFF8A4904FF0CE
:10C22000000849460D686DBBDFF8A0B02C469BF8AE
:10C23000000020B358460DF0B7FE8245074639D8B6
:10C240000098524659460DF099FE98BBBA452DD13B
:10C25000A6B1A04520D901213160844216D1184BE6
:10C26000009853F824405146E4F770FE1549002326
:10C2700022462944E7F775FB019B1860022003B0B2
:10C28000BDE8F08F043108F10108CBE759F8041B31
:10C2900001350D440130E0E702233360A4EB0804CC
:10C2A000094B019A53F824301360E7E71BF80A00A2
:10C2B0002F2803D00137BB440134B8E70120DEE763
:10C2C000742D0608702D06085C0E0608800E060800
:10C2D0008B6802490122E5F78DBC00BF90A30508D9
:10C2E000154B984282B00BD100230193134B5A6C2B
:10C2F00042F480725A645B6C03F480730193019B77
:10C300000F4A00230C29536005D00A2912D00829AE
:10C3100014BF03230223426822F0407242EA0363FF
:10C3200043608268074B134083604FF48013C362FD
:10C3300002B070470123EEE70020014000380240C0
:10C3400000230140FDF6FFCF70B51C46084611469C
:10C350004FF00212F2F702FA2068C10705D48207F3
:10C3600019D10268164B9A4215D1F2F70DFEA0F5CD
:10C370008073032B044634BF07250125114E0C2181
:10C380003046FFF7ADFF10491020F2F70EFDC0E96F
:10C390000164C56070BD15F0A3FC827A530709D50E
:10C3A000846800231A46032113F08AFEC4F3443440
:10C3B0000125E3E7828805490548F0F70EFF00BF35
:10C3C0004CEF050800200140782D0608A3A30508BE
:10C3D00008E905084FF6FF73994270B505460C460B
:10C3E00016467AD040F20113994226D0B1F5817FEA
:10C3F00020D2142928BF1124AB68DA0706D4AB6811
:10C4000043F00103AB60042013F03AFFA4F11003E2
:10C41000012B1BD8344A536823F4400343F4000330
:10C42000102C53600DD011236B6305F10C01A4F1A6
:10C430000A0319E003D11224DEE71024DCE71124FB
:10C44000DAE70B2013F01CFF6C63EEE7122C05D12A
:10C45000254A536843F480035360F5E7092C6C6365
:10C46000E3D805F1100123460A6803EB43030720D4
:10C4700098409E4022EA000232430A60AB6843F0D3
:10C480008043AB6013F0DAFE06462B689B0704D4AA
:10C4900013F0D4FE801B0A28F7D9122C08BF124AC9
:10C4A000E96C02BF536823F4800353606B680F4A42
:10C4B000C3F30163D35CC3F11004072B01FA04F446
:10C4C0000DD803EB4302103AC3F1080321FA02F23C
:10C4D0005B00144301FA03F31C43204670BD083B84
:10C4E0005B00D9400C43F8E700230140D82D060833
:10C4F000D0E9021208B54068FFF76CFF400040F039
:10C50000010008BD70B5086888B00D4615F0E8FB5D
:10C5100006466868F2F738FD0522044601A9E86876
:10C52000F2F764FFBCB9A8686A460421F2F7F6FD89
:10C5300004AD009B1859F2F727FD0434102C45F880
:10C54000040BF6D13046DDE9012304A917F0D6FB30
:10C55000062008B070BD0148F1F732FC04970508C9
:10C5600030B5046885B0657CCDE902329DF8203095
:10C5700004EB8504002B0CBF0123032324690093E3
:10C58000A46902AB0122A04705B030BD30B50468F4
:10C5900085B0657CCDE9023204EB85049DF820303E
:10C5A00024695B000093A46902AB0122A04705B097
:10C5B00030BD08B503685A7C03EB82031B695B68D6
:10C5C00003B19847062008BDF7B500210746084685
:10C5D000F6F7F8FC082405460126002300961A46C3
:10C5E000A1B23846FFF7D2FF28B9610041F001013E
:10C5F0002846F6F756FA0134F1F716FF782CECD1FD
:10C60000284603B0F0BD0000F0B50D682B685A7CD9
:10C6100003EB820385B01E69336907460C461BB9DC
:10C620000E490F48F0F7D0FD6068062201A9F2F725
:10C63000DDFE022F0CD0A068F2F7EAFD0346DDE92B
:10C64000011234692846A04720B14042F1F7DCFDD1
:10C650000123F4E7062005B0F0BD00BFAEA3050836
:10C6600004EA050830B5044685B023685A7C03EB1C
:10C67000820308461D696B691BB90B490B48F0F72B
:10C68000A3FD052201A9F2F7B1FEDDE901126B69F4
:10C6900020469847002802DA4042F1F7B5FD4000F5
:10C6A00040F0010005B030BDAEA3050804EA05085E
:10C6B000F0B5074687B0D1E900500C46F2F764FCAC
:10C6C0000622064603A9A068F2F790FE032F0ED0BB
:10C6D000E068F2F79DFD0090DDE90323B1B2284642
:10C6E000FFF73EFF002804DA4042F1F78DFD0120FC
:10C6F000F1E7062007B0F0BDF0B5074687B0D1E9F5
:10C7000000500C46F2F740FC0522064603A9A0683B
:10C71000F2F76CFE032F0ED0E068F2F779FD00907F
:10C72000DDE90323B1B22846FFF730FF002804DA21
:10C730004042F1F769FD0120F1E7400040F00100BF
:10C7400007B0F0BDF0B5074687B0D1E900500C4600
:10C75000F2F71AFC0646A068F2F716FC014602A89A
:10C76000E4F79CFD032F0ED0E068F2F751FD009036
:10C77000DDE90332B1B22846FFF7F2FE002804DA01
:10C780004042F1F741FD0120F1E702A8F8F7F6FA7F
:10C7900007B0F0BD530710B501D1202A02D90948CE
:10C7A000F1F70EFBA2F108031BB20138002B01DAEE
:10C7B000D00810BD21FA03F4083B00F8014F1BB26A
:10C7C000F4E700BFB6A305082DE9FF4105460E4674
:10C7D00003A811461A46FFF7DDFF002703468046EF
:10C7E000009703AA31462846FFF7D0FE01234045B3
:10C7F0000446009309D03B463A4631462846FFF7A7
:10C80000C5FE204604B0BDE8F081DDE90A233146CB
:10C810002846FFF7A5FE0446F3E7000010B58AB0EE
:10C8200002AB0193124B009304230C4601381944C8
:10C83000F1F7C2FF0498F2F7A7FB014606A8E4F758
:10C840002DFD079B0193089B0093039A9DF81430DC
:10C85000BDF808102068FFF7B7FF002802DA404251
:10C86000F1F7D2FC06A8F8F789FA0AB010BD00BFAC
:10C87000F02E060810B58AB006AB0193104B00935A
:10C8800004230C4601381944F1F796FF062203A948
:10C890000898F2F7ABFD049B0193039B0093079A62
:10C8A0009DF82430BDF818102068FFF78DFF002890
:10C8B00002DA4042F1F7A8FC06200AB010BD00BF22
:10C8C000F02E06082DE9F0418EB006AB0193194B0E
:10C8D000009304230C4601381944F1F76DFF05223B
:10C8E00003A90898F2F782FD02AD24689DF8242080
:10C8F0000799BDF818602846DDE90378FFF74AFF7D
:10C9000023685A7C03EB820302221B690092CDE963
:10C910000A05CDE90C879D6931460AAB2046A84738
:10C92000002802DA4042F1F76FFC06200EB0BDE8A5
:10C93000F08100BFF02E06082DE9F04389B00546CE
:10C9400002AFD1E900800C46F2F71EFB07F10802A6
:10C950008146391DA068F2F7BFFB032D29D0E0689E
:10C96000F2F756FC05467B68012B6A4638BF012367
:10C97000A2EBC3039D4602AE00247B685A1E7A6078
:10C98000CBB914B9C6E900440124D8F800305A7C68
:10C9900003EB82036D001B6900959D6922463346B7
:10C9A0001FFA89F14046A847002818DA4042F1F7FB
:10C9B0002BFC0125D7E7BB680522186807F10C019D
:10C9C000F2F714FD3A6932B106EBC40346F834209D
:10C9D000FA685A600134BB680433BB60CDE740009D
:10C9E00040F001001C37BD46BDE8F08313B50B696C
:10C9F000CA684C689B8892880449B1FBF4F10091A5
:10CA00000349E5F7F7F802B010BD00BF20A1070009
:10CA1000C1A3050808B502490248F0F7D5FB00BFDD
:10CA2000AEA3050804EA050838B505460868046899
:10CA30001346627C04EB8204226914680CB9FFF788
:10CA4000E9FF0A1D691EA047062038BD08B5036826
:10CA50005A7C03EB82031B699B680BB9FFF7DAFF73
:10CA6000984710B14042F1F7CFFB062008BD08B54A
:10CA700003685A7C03EB82031B69DB680BB9FFF781
:10CA8000C9FF984710B14042F1F7BEFB062008BD30
:10CA9000C368C2889A617047C388C2681B049361E7
:10CAA0007047C388C2681B049361704713F0E8BBEA
:10CAB00038B5D0E90243DA68DB88936105464068FF
:10CAC000FFF7F4FFEA68D36812891B69C2F34312C7
:10CAD000D340DB0708D414B96FF06D0038BD0120D6
:10CAE00013F0CEFB013CEDE7002C0CBF6FF06D00A6
:10CAF0000020F3E738B504460069FFF7C9FF606816
:10CB0000FFF7D4FF2046FFF7D3FF054628B9206979
:10CB1000FFF7C2FF6068FFF7C9FF284638BD70B550
:10CB2000044640680E46FFF7C1FFE068FFF7B9FF13
:10CB3000072546FA05F3DB0720690FD5FFF7A8FFA5
:10CB40006068FFF7B3FF2046FFF7B2FF48B12069E6
:10CB5000FFF79EFF6FF06D05284670BDFFF79CFF45
:10CB6000EEE7E068FFF79DFF013DE2D22069FFF7A5
:10CB70008FFF6068FFF79AFF2046FFF799FF0028B4
:10CB8000E8D123696068DA681B891569C3F3431328
:10CB9000DD40FFF78BFFE06805F00105FFF781FF3F
:10CBA000DAE7F8B506460F4615460024AC4201D137
:10CBB0002046F8BD395D3046FFF7B1FF002802DBA3
:10CBC000F6D10134F2E76FF06D04F1E738B50446B1
:10CBD0004068FFF76BFF2069FFF75EFF6068FFF7B3
:10CBE00065FF2046FFF764FF05462069FFF750FF09
:10CBF0006068FFF75BFF284638BD000010B586B0BF
:10CC00000446084611461A4602AB0193134B0093A3
:10CC10000423F1F7D1FD029815F062F8E060039863
:10CC200015F05EF8059B049AA3600D4B20619A42B3
:10CC30008CBF0123B3FBF2F363600023E0681A4664
:10CC4000052113F03DFA002320691A46052113F04F
:10CC500037FA2046FFF7BAFF06B010BDE82D0608E8
:10CC600020A10700F0B5142085B00D460A491E46E4
:10CC70001746F2F79AF806EB85020446394601A8F2
:10CC8000F1F733FE204601AB32462946FFF7B6FFE7
:10CC9000204605B0F0BD00BF082E06082DE9F04182
:10CCA0000446406817468846FFF700FFE068FFF734
:10CCB000F8FE6068FFF7FAFE082600252046FFF719
:10CCC000F7FE18BB2269E068D36812891B69C2F3BA
:10CCD0004312D34003F0010343EA4505FFF7E1FEA9
:10CCE0006068FFF7E3FE013EE8D188F8005017B90D
:10CCF0002069FFF7D1FE6068FFF7D8FE2046FFF7F6
:10CD0000D7FE014638B12069FFF7C2FE6FF06D0112
:10CD10000846BDE8F081E068FFF7C3FE2069FFF731
:10CD2000B7FEF5E7F8B506461F4614468D180CB950
:10CD30002046F8BD291B013C07F00102304618BF10
:10CD40000022FFF7ABFF0028F1D06FF06D00F0E795
:10CD50002DE9F84F07460C4616469A46FFF7CAFEDD
:10CD600020B16FF06D042046BDE8F88F0A9B03F0F8
:10CD7000010949EA4401C9B23846FFF7D0FE041E52
:10CD8000EFDB0DD10AF1080A86B90A9B9B07EAD5A9
:10CD90003846FFF71BFFB04218BF6FF06D04E2E7A3
:10CDA0003846FFF713FF6FF01204DCE75AE902B5CB
:10CDB000013EB9F1000F23D1AB44A4EB05085D455A
:10CDC00008EB0504DED029783846FFF7A8FE0028D6
:10CDD000C7DB05F10105F2D00026D3E7A5EB0B0177
:10CDE0000BF1FF3B56EA0B030CBF01220022384631
:10CDF000FFF754FF0028B4D1BBF1000FEED1C1E71B
:10CE00005D44F9E7064BC01A064B80105843064BA9
:10CE100003EB80030020D3F8E431C3E90501704738
:10CE200068300608CDCCCCCC78040020084BC01A62
:10CE3000084B80105843084B03EB8003D3F8E431D0
:10CE400009B95869704701290CBF986900207047DB
:10CE500068300608CDCCCCCC7804002008B50C4B4B
:10CE60000C4AC31A9B1053434A0644BF826842606F
:10CE7000094A02EB8303D3F8E40108B9002008BD96
:10CE800083691940FAD041610DF062FC0120F6E798
:10CE9000C8070020CDCCCCCC7804002010B5037896
:10CEA000052B044605D11021FFF7D8FF012323707D
:10CEB00010BD032B01D0062BF8D120212046F3E72B
:10CEC000F0B587B003AB51F8045B01931A4B0093A4
:10CED0000446032301381646F1F76EFC174B184A37
:10CEE000184FEB1A9B105343783307EB830778688E
:10CEF00060B91C20E3F7B8F9134B0360134BC0E98A
:10CF000001350623C360002303747860012C02D826
:10CF10003368072B0ED9049B9DF81420190703D002
:10CF200012B90B48F0F74CFF02740022C0E9052348
:10CF30000399C16007B0F0BDA82F06086830060845
:10CF4000CDCCCCCC780400207C550608B83006083F
:10CF5000E2A305081FB504460522084601A9F2F719
:10CF600045FA029820B1019A636812781A6101208B
:10CF7000400040F0010004B010BD1FB5044605227A
:10CF8000084601A9F2F732FA029820B163681A69DB
:10CF9000019B01201A70400040F0010004B010BD58
:10CFA000136810B514466BB940F2214399420AD177
:10CFB000064BC01A064B20F0030003445868F5F7EF
:10CFC000D3FA206010BD04235360FBE768300608E5
:10CFD000C8070020064A4B688A1A06499B689210C7
:10CFE0004A43C3F3460304490132E4F703BE00BFDA
:10CFF00068300608CDCCCCCCEDA305081F4B204AE9
:10D0000010B5C31A9B10534314221E4C5A43A15C03
:10D0100091B30021A1540289446852B28A4221602E
:10D020000DDB5109012402F01F02944001F120029E
:10D03000154941F82240BFF34F8FBFF36F8F90F92E
:10D040000A20002A0DDB5109012002F01F02904046
:10D0500001F120020C4941F82200BFF34F8FBFF3CA
:10D060006F8F0A4A03F12E01783302EB810102EB44
:10D070008302002048605060062010BD683006081A
:10D08000CDCCCCCCC807002000E100E07804002023
:10D09000F0B58BB0084611461A4605AB01934A4BD2
:10D0A00000930523F1F7E6FB059815F0A1FA474B2D
:10D0B000474A099E074603EB8703451E0898C3F8B5
:10D0C000B80014236B439C180121D15206284FF05D
:10D0D0000003C4E90133C4E90333A37010D007226D
:10D0E00002A9F2F783F9202E01D8730702D039483C
:10D0F000F0F766FE039BE360F610029BA6702361C7
:10D10000354E142404FB0564FFB20097012300226E
:10D110000621E06813F017F800970123002206218A
:10D12000206913F010F860682C4A0699D2F840C0C4
:10D1300000F14043A3F5A8439B0A1533012707FAE2
:10D1400003F343EA0C031364136C0293029B15F080
:10D15000CBFA94F90830002B27DB214AD118C020E4
:10D1600081F80003590903F01F039F4042F8217022
:10D17000142303FB056696F90A30002B1CDB1849C3
:10D18000CA18C02082F800030122580903F01F03C7
:10D1900002FA03F341F82030124A01231178AB4020
:10D1A0000B43204613700BB0F0BD0F4A03F00F0382
:10D1B0009A18C0231376DBE70B4A03F00F039A1883
:10D1C000C0231376E8E700BF802F0608780400200C
:10D1D000C807002004A4050868300608003802408B
:10D1E00000E100E0440B0020FCEC00E000F14040D6
:10D1F000F8B5A0F5A8400D4E840A142505FB04657A
:10D200000F462846FFF74AFE57B101212846FFF78F
:10D2100025FE0223142202FB04F033540020F8BD43
:10D2200002212846FFF71AFE0323F3E7C807002070
:10D23000F8B500F14044A4F5A844294FA40A1425E8
:10D240006543EE1908213046FFF708FED6F810C0F6
:10D25000BCF1000F08D106237B5518B9214B2B4494
:10D260005B681B690020F8BD1E4B7A5D2B44032AC6
:10D270005B681B691FD104227A550022B260B27824
:10D2800072701420604339184A782AB38868DBB278
:10D29000013A43EA0023D2B28B604A70002AE1D1FE
:10D2A000CA68B3FBF2F002FB10338B6030464021BA
:10D2B000FFF7D4FDD6E7042AE3D0142202FB047260
:10D2C0009168481C90600CF80130D2E90213994231
:10D2D000C8D300239360C5E706223A54EDE700BFA8
:10D2E000C80700206830060800F14040044BA0F554
:10D2F000A840800A142202FB0030FFF7CFBD00BF18
:10D30000C8070020F8B500F14044A4F5A8441D4D1D
:10D31000A40A142767437E1904213046FFF79EFDB7
:10D3200033693BB90523EB5518B9174B3B445B6890
:10D330001861F8BDEB5D042B0AD1D6E90232304604
:10D34000B3FBF2F102FB11334021B360FFF786FD1E
:10D35000142303FB04F25C43A95C05291CBF0521CF
:10D36000A9542544AA682969531CAB608A5CE96802
:10D370008B4228BF0023AB60034B23445B681A61D8
:10D38000D7E700BFC807002068300608FFF7ACBF2A
:10D3900070B5064D064E00242B5D13B13019FFF712
:10D3A0002DFE1434502CF7D170BD00BFC8070020EB
:10D3B0006830060810B50C46F1F7F2FD631E034213
:10D3C000024604D0024903482346EFF706FF10BD8A
:10D3D0002CA4050808E9050870B506461446084659
:10D3E0000AB3042A71680FD1FFF7E4FF7368012BB9
:10D3F00003D0022B06D0006800E00078BDE8704042
:10D40000F5F7B2B80088F9E7FFF7D4FF05462046E4
:10D41000F1F7C6FD7368012B03D0022B05D02860FD
:10D4200000E028700624204670BD2880FAE700003E
:10D430004A680249D200E4F7DDBB00BF4AA40508F0
:10D4400010B503460B4C90B10868F1F79DFD431CE5
:10D4500007D100210220F9F715FC84601034C46064
:10D4600010BD0128034602D90348F0F7A9FC04EBDC
:10D470000310F5E7CC3006085AA4050810F0CEB822
:10D480002DE9F04107460E46904612F0DDFE0224DB
:10D49000054612F0D9FEFB683A891B69C2F34312B4
:10D4A000D34003F001039E4208D1013C02D1401B4E
:10D4B000BDE8F08186F001060546EAE7431B4345D7
:10D4C000E7D36042F4E70000F8B5074608680C4669
:10D4D00014F006FC05466068F1F79AFE022F064636
:10D4E0000BD9A068F1F750FD024631462846FFF7F8
:10D4F000C7FFBDE8F840F5F737B8014AF5E700BFC8
:10D5000040420F0010B50446007813F0BFFA61786E
:10D51000036A890001228A4023EA02030362026A45
:10D5200041F255531A420AD1054B984202BF436C4F
:10D5300023F400434364036823F00103036010BD38
:10D540000000014008B50430FFF7DCFF062008BDED
:10D5500010B50446007813F099FA0368DB0705D488
:10D5600001234361036843F0010303606278016AA9
:10D570009200012393400B43036210BD4B790A795B
:10D5800001490133E4F736BB63A4050808B513F07D
:10D590007DFAC06A003818BF012008BD00000000F5
:10D5A000F8B51D4B1D4AC31A0E46D91023F00703C8
:10D5B000134404465E600079022302F83130FFF71D
:10D5C000E5FF20B3207913F061FA0546207913F0C6
:10D5D000DFFAAB6ADFF848C0EF6A00210133B0FB25
:10D5E000F3F0E6FB00C10AA3D3E90023604618F07C
:10D5F0007FFF343563790137874294BF45F8237044
:10D6000045F82300201DBDE8F840FFF7A1BFF8BD95
:10D6100000CA9A3B00000000DC3106081808002010
:10D620000065CD1D012838B50C6828D1184B194A62
:10D63000E31ADB1012F833300BB9012038BD207922
:10D64000FFF7A4FF0028F8D0207913F01FFA054651
:10D65000207913F09DFAAB6A34350133B0FBF3F255
:10D6600063790D4C55F82350002319465008E5FB0B
:10D67000040118F03DFFBDE83840F4F790BF48685A
:10D68000F1F782FC01462046FFF78AFF0620D5E726
:10D69000DC3106081808002000CA9A3BF8B5174B81
:10D6A000174AC31A0E46D91023F007031344044641
:10D6B0005E600079012302F83130FFF767FFE0B1C7
:10D6C000207913F0E3F9C56A0746013547F6FF7084
:10D6D00000210023E6FB05014FF6FF7218F008FF5A
:10D6E00034376379854294BF47F8235047F82300C5
:10D6F000201DBDE8F840FFF72BBFF8BDDC31060860
:10D7000018080020F8B50D1E044602DC2B48F0F77F
:10D7100057FB007913F0BAF90646207913F038FA6E
:10D72000B6F1804F00EB5500B0FBF5F002D0244B72
:10D730009E421DD10123012820D82248E7E702FBA1
:10D7400000FCBCF1333F07D8B0FBF7F003EB8303D9
:10D75000B0F5803FF3D2EEE701FB00FCBCF1553F92
:10D7600093BF03EB43035B004008B0FBF5F0EFE72A
:10D77000154A1649012303250527E9E7013BB36252
:10D78000134B144DE41A24F01F040138F0622544B1
:10D7900000261C442B78012B06EB040008D1696895
:10D7A000FFF77CFF0836202E05F10805F2D1F8BD01
:10D7B000022BF7D16968FFF7F3FEF3E774A40508BD
:10D7C000000C00407DA40508CDCCCCCCABAAAAAA05
:10D7D000DC31060818080020012870B50D680446E1
:10D7E00014D12879FFF7D2FEC8B1287913F04EF989
:10D7F000866AC46A287913F0CBF9631C06FB0333ED
:10D80000B0FBF3F0400040F0010070BD4868F1F754
:10D81000BBFB01462846FFF775FF0620F5E72046CB
:10D82000F3E7000030B587B00446084611461A46B3
:10D8300002AB0193184B00930423F0F7BDFF059D45
:10D840006B1C0BD0207913F021F96279022392002E
:10D850009340026AEDB922EA030303620299481C6D
:10D8600002D02046FFF74EFF03994A1C02D0204603
:10D87000FFF714FF04994B1C02D02046FFF790FEDF
:10D880002079FFF783FE10B1201DFFF761FE07B07E
:10D8900030BD1343E1E700BF2C31060810B50C463C
:10D8A00013460A1D411E2068FFF7BCFF062010BD6D
:10D8B000012838B50C6824D1164B174AE31ADB103F
:10D8C00012F833300BB9012038BD2079FFF75EFE26
:10D8D0000028F8D0207913F0D9F86379C26A34307F
:10D8E000013250F823500023500819464FF6FF74B8
:10D8F000E5FB040118F0FCFD80B2400040F001009F
:10D90000E2E74868F1F740FB01462046FFF7C6FE14
:10D910000620D9E7DC310608180800202DE9F04F71
:10D9200099460F46924651465F4A89B03846F0F70D
:10D9300015FFD9F8000014F0D3F90646407A00220A
:10D94000C0F343001146824201D30B460DE0336918
:10D9500003EB02135C7A1CB10B4601321946F2E765
:10D96000DC7A032CF8D80029F7D0002B00F0828055
:10D970004E4893F80AC093F80BE00021054690F852
:10D9800004B0E34571D1447974456ED1484A1B7A9D
:10D9900010680193012303FA0CF34FEAC10805EB69
:10D9A000C10513EA00016AD0584613F06FF8016808
:10D9B00011F0010103460DD1CDE90210584613F0D4
:10D9C0006FF8039B0299802018603A48D96283421D
:10D9D00008BF196304F00101C900012C4FF0FF0CCE
:10D9E0004FF068000CFA01FC00FA01F095BF99694C
:10D9F000D96921EA0C0121EA0C0195BF01430143D9
:10DA00009961D9612B498B4202BF596C41F40041A5
:10DA10005964012F02D8BAF1000F0FD0264B4FEAFC
:10DA2000E8080021584603F8381013F02FF8A40036
:10DA3000036A0222A24023EA0203036209EB87027F
:10DA4000514605A8F0F751FF05AB09F10402791E14
:10DA50002846FFF7E7FE3046019B0022022112F024
:10DA60002FFB284609B0BDE8F08F0131202900F1D5
:10DA7000080084D1B28811491148EFF7AEFB034387
:10DA800013604FEAE80323F003030B4803F1010C92
:10DA900000F8331000F83C1003F1020C033300F8D7
:10DAA0003C1000F833107FE7FFFF0300DC3106086D
:10DAB00018090020000001401808002082A4050871
:10DAC00008E90508F8B50024094D0A4E274616F85E
:10DAD000343023B1284606F83470FFF713FD0134C3
:10DAE000202C05F10805F2D1034B00221A60F8BD85
:10DAF000E0310608180800201809002008B50021A8
:10DB000006F0AFFE062008BD08B5012106F0A9FE0B
:10DB1000062008BD2DE9F04F83B000AF884678603D
:10DB200015461E4651B11C68A30707D123685A7CCD
:10DB300022B103EB82031B69002B57D108EB45028E
:10DB40009200073222F00702ADEB020D314606EBE0
:10DB500088044FEA880268464FF000090CF09CF9EF
:10DB6000EB460DEB880A08342B464E4640F2125124
:10DB7000F3B966B1B9F1000F09D0D9F80000F1F797
:10DB800047FB00280CBF03230123C9F800305B4684
:10DB90002A464146002014F03BF9044679680C20DF
:10DBA000F1F703F90C3744600672BD46BDE8F08F0B
:10DBB00054E9022041F6227C624510D13B60F1F726
:10DBC00027FB3B680646013D40F2125154F8080C11
:10DBD000884208BFAAF10409013B0834C8E7D446CB
:10DBE0004CF8082BCAF80400E246EFE701290CD1F3
:10DBF00075B1012D09D1726841F622739A4204D1A0
:10DC0000B068F1F705FB0646C8E70020F0F7B2FA66
:10DC10002E46C3E7012910B5044604D0022908D0D6
:10DC20004FF0FF3010BD406806F00EFE237A5840DA
:10DC3000F8E7017A4068514006F013FE0020F1E752
:10DC400070B50D4604461146284602221E46F0F7DE
:10DC500085FD35B9204606F0F7FD400040F0010093
:10DC600070BD3068F1F7D4FA0146204606F0F9FDA0
:10DC70000620F5E710B40C460B1D0022411E20685B
:10DC800010BCFFF7DDBF38B5054651F8040B04683A
:10DC90001346627C04EB8204226914680A46691EFA
:10DCA000A047062038BD08B503685A7C03EB820301
:10DCB0001B695B6803B19847062008BD30B404684F
:10DCC000657C04EB85042469A468A44630BC6047E5
:10DCD0007FB5064648680C46F1F756F90146684696
:10DCE000E3F7DCFA032E029D12D1A068F1F74CF99C
:10DCF0000146019A28460CF019F9029B0199206807
:10DD00001A46FFF7DBFF6846F7F738F804B070BD36
:10DD10000021EEE77FB50C4606460622606801A9A1
:10DD2000F1F764FB032E019D10D1A068F1F72CF9E7
:10DD30000146029A28460CF0F9F8019B20680299E6
:10DD40001A46FFF7BBFF062004B070BD0021F0E7C4
:10DD50001FB504460522084601A9F1F747FB2046F6
:10DD6000DDE901210023FFF7A9FF062004B010BD63
:10DD700030B587B015460446052208466946F1F7D6
:10DD800035FB03A906222846F1F730FB0199049BD5
:10DD9000994202D00548F0F713F82046039B009AF9
:10DDA000FFF78CFF062007B030BD00BF8BA405082D
:10DDB00004300DF035BA000030B54B6887B0054629
:10DDC0000C46C3B90FF0F4FD3023B0FBF3F26369E6
:10DDD0000B499B88049323699B880393E3689B8882
:10DDE0000293A37A0193637A0093237A2846E3F798
:10DDF00001FF07B030BD034AB2FBF3F2E7E700BF13
:10DE00009FA4050820A1070010B504460FF0D0FD1F
:10DE10003023B0FBF3F0A04207D9054BB3FBF4F07D
:10DE200004FB103303B1013010BD0020FCE700BF3C
:10DE300020A1070010B58AB00446084611461A46CC
:10DE400003AB0193154B00930723F0F7B5FC039840
:10DE5000431C02D0FFF7D8FF6060049B581C18BF1A
:10DE60002372059B0798591C18BF6372069B5A1CA6
:10DE700018BFA37210B113F033FFE060089810B11F
:10DE800013F02EFF2061099810B113F029FF606193
:10DE90000021201D0DF095FA0AB010BD8833060848
:10DEA00010B58AB0084611461A4602AB01931A4BC8
:10DEB00000930823F0F7DEFC18491820F0F775FFEF
:10DEC00004460298FFF7A0FF039B2372049B637232
:10DED000059B6060082B02D01148EFF771FF069B8D
:10DEE000A372079818B1089B0BB1099B0BB90D4899
:10DEF000F3E713F0F5FEE060089813F0F1FE2061FF
:10DF0000099813F0EDFE00216061201D0DF059FA13
:10DF100020460AB010BD00BF48330608C0330608CB
:10DF2000F2A40508FBA4050808B50CF077FF06204D
:10DF300008BD000010B44C8A8B6940F20B2240F2FD
:10DF40003F21012C18BF0A4610BC0149E3F752BE1D
:10DF50000BA5050810B588B00446084611461A46B8
:10DF600002AB0193224B00930623F0F725FC0698A1
:10DF7000029B6382062815D0F1F75CF89FED1D7AAD
:10DF8000C7EE007AFCEEE77A17EE900A002150EA1D
:10DF9000010315D0B0F1804F71F1000111D3164883
:10DFA000EFF70EFF04994B1C01D1A069EEE7059A2B
:10DFB0004FF47A70D31781FB000118F099FAE6E765
:10DFC0000120039BA06103B1E3619DF81C20238A1B
:10DFD0005AB143F004032382E369062B03D00146C0
:10DFE00020460CF0F7FE08B010BD23F00403F2E762
:10DFF0007C34060800007A4425A50508F0B52020E9
:10E0000085B017461D460C46E2F72EF9134B036008
:10E01000032303824FF47A720623C0E906230646DF
:10E020005CB12868F0F7B0FF013002D00C48EFF780
:10E03000C7FE013C05F1040501D167B1002405EBE1
:10E040008402394601A8F0F750FC01AB2A4621466C
:10E050003046FFF77FFF304605B0F0BDF0340608CC
:10E060002FA50508F8B50C46174654F8045B06467C
:10E0700028460CF0D3FE28463B462246711EFFF789
:10E0800069FF0620F8BD1E2070474268D36843F040
:10E090000103D3600620704770B58EB00446084671
:10E0A00011461A4605AB01933C4B00930923F0F748
:10E0B00083FB07980628DDE9055610D0F0F764FFCA
:10E0C00010F0010F0CBF4FF480634FF4C0630136B2
:10E0D000082E06D0092E1AD03148EFF771FE002322
:10E0E000F6E700220021A67A029109990191089988
:10E0F000013918BF0121490300912046294615F036
:10E1000001FC38B9227A27492748EFF766F84FF41F
:10E110008052E7E73146204615F024FD0B9A0A9B12
:10E12000E38191B243F2C823B3FBF5F30233994282
:10E1300028BF13462382637ADB0717D50C9B002B7D
:10E1400001DB1A48C9E7A269618A204615F0B5FCCF
:10E15000204615F012FD854234BF451B2D1A1423AD
:10E160005D438542024617D91149CDE7A069E2F720
:10E17000A3F80C9B002BA8BF0D930D9E002E02DC74
:10E1800000221146E1E7E07A013606FA00F0E2F7F4
:10E190006BF831460246D8E70EB070BD1035060860
:10E1A00038A5050852A5050808E905085EA5050873
:10E1B0007AA5050810B50C4613460A1D411E2068B5
:10E1C000FFF76AFF062010BD70B586B003AB019360
:10E1D000204B009305460C460323043101381646B4
:10E1E000F0F7EAFA012D246817D83568072D94BF97
:10E1F00000250125236A2BB91748A38321460CF07B
:10E2000063FA206215B3039E062E08D03046F0F75D
:10E2100057FE20B91148EFF7D3FD0125EAE7049D29
:10E2200035B135F0300203D00D490E48EEF7D5FF79
:10E230000021204615F01AFC236A9DF81420DE60A8
:10E240001A740121A583204615F010FC206A06B03F
:10E2500070BD00BFCC550608F86406089BA50508EC
:10E26000ACA5050808E9050813B504460846F0F70B
:10E270008BFEE189ADF80200204615F0E0FC50B1BC
:10E2800001AB01220DF10201204615F0F0FC0198CE
:10E2900020B1EFF7B9FF6E230193F8E7062002B033
:10E2A00010BD10B5C189044615F080FC30B1204680
:10E2B00015F098FC400040F0010010BD4FF0FF3019
:10E2C000F8E7F8B50F46C17A114206461D4605D05B
:10E2D00005232B604FF0FF342046F8BD32FA01F4DD
:10E2E000FAD0C18915F062FC08B90B23F1E73D466D
:10E2F000304615F077FCF37A012B0CBF25F8020BA2
:10E3000005F8010B013C05D0318A304615F04EFC72
:10E310000028EDD1EC1BDFE708B515F039FC400013
:10E3200040F0010008BD08B515F0D6FB062008BD79
:10E330002DE9F0431F460D4690462846224A85B0F7
:10E340004146F0F70BFA386800F00703022B05D0BE
:10E3500083070AD102681D4B9A4206D1F7F706F9E6
:10E360001B4902461B48EEF738FFF0F70DFE8146C9
:10E3700015F0BDFA10B918494A46F3E7174E09F1EE
:10E380005F0306EB8306B46844B92420E1F785FFF8
:10E39000134B036080F808900446B060012D02D84A
:10E3A000B8F1000F0BD007EB8502414601A8F0F74A
:10E3B0009CFA01AB3A1D691E2046FFF76DFE204610
:10E3C00005B0BDE8F08300BFFFFF03004CF905086E
:10E3D000BDA5050808E9050852A505087804002030
:10E3E00058350608F8B51D46C37A134204460F4651
:10E3F000164604D005232B604FF0FF30F8BDC189CD
:10E4000015F01DFC08B90B23F5E7E27A2B4626FA36
:10E4100002F23946204615F02AFC2B680BB16E2B10
:10E42000EAD100232B60E37A9840E7E7032938B567
:10E430000546144611D112F0010304D015F0A8FBD3
:10E44000031E18BF0123610705D56A68126812060A
:10E4500001D543F00403184638BD01291BBF16221D
:10E460001A6000234FF0FF33F5E700004B7A2DE9E7
:10E47000F74391F808800D469907044606D43349BE
:10E48000424603B0BDE8F043E3F7B4BB6B68DE6817
:10E4900016F4805F14BF09270827284616F4806900
:10E4A00018BF07F1FF3715F068FB294900970346AD
:10E4B00042462046E3F79EFBB9F1000F18D12549EB
:10E4C0002046E2F7E2FF6B6823491B6913F4405FC3
:10E4D00014BF022201222046E3F78CFB6B685B69C4
:10E4E00013F4407F09D11D492046E2F7CEFF15E025
:10E4F000B20554BF19491A49E2E703F40076DB0577
:10E500000AD518492046E2F7C0FF3EB11649204619
:10E51000E2F7BBFF1549E7E7002EFBD1698AEA89DC
:10E520002B8A01B10139009120461149E3F762FBC2
:10E53000AA8B1AB10F492046E3F75CFB0E4920462F
:10E5400003B0BDE8F043E2F7A0BF00BFC9A50508CE
:10E55000D2A5050808730508F9A50508B09E0508A9
:10E560009D730508907705080AA60508086E05083A
:10E570000CA6050834A6050895B20508D0E90132B5
:10E5800006201A607047000008B50022B0F5007F31
:10E5900004DB0132062A4FEA6000F7D1C0000028F0
:10E5A00002DC0E48EFF70CFCB0F5805F01DB0C4895
:10E5B000F8E70C4B0138D9688907FCD445F255516E
:10E5C00019609860D968C907FCD445F255511960A3
:10E5D0005A604CF6CC4204481A6008BD3FA60508B4
:10E5E0004BA6050800300040B836060830B587B0A5
:10E5F000084611461A4604AB0193484B0093022388
:10E60000F0F738F9DDE9040400F00703022B05D028
:10E6100083077BD10268424B9A4277D1F6F7E6FD39
:10E6200040F2ED139842024603D12046FFF7ACFFBB
:10E6300051E040F20333984266D10FF0B3FA4FF441
:10E640007A75E217B0FBF5F0A0FB043100FB021174
:10E650001B0B43EA0153412B4FEA113171F10002C8
:10E660003BD3013341F100015B0843EAC173412B05
:10E670004FEA510171F1000240D3013341F1000131
:10E680005B0843EAC173412B4FEA510171F100026B
:10E6900036D3013341F100015B0843EAC173412BDA
:10E6A0004FEA510171F100011CD203221D481E499D
:10E6B0003F3343F0800383600C6C44F400640C64CB
:10E6C000096C01F40061039103991849D20142F0E9
:10E6D0007F024A600B6007B030BD194312D1144865
:10E6E000EFF76EFB0FF05EFA1249B0FBF5F04FF456
:10E6F0000012B2FBF0F21048EEF76FFD0122D5E7F1
:10E700000222D3E70022D1E70C49F4E7F0F73CFC02
:10E710000246002889D00A49EDE700BF6C3606089A
:10E720004CF905083404002000380240002C004059
:10E730003FA6050856A6050808E905086BA60508C2
:10E7400076A605084068002808BF06207047836940
:10E75000062B04D00E2B0CBF1E200E2070471E204F
:10E76000704710B50446084611460022EFF7F6FF41
:10E7700021460820F0F719FB0023436010BD00007C
:10E7800010B50A46044641680248EFF78FFF606003
:10E79000062010BDD5E8030870B50D4606461146A3
:10E7A00028460D4A1C46EFF7D9FF2020E1F75CFD13
:10E7B000002306604360C3602368036106221E23B2
:10E7C000C0E90523022D4FF00103C36102BF034BD3
:10E7D00062681A6070BD00BF040002001C090020BE
:10E7E000136810B533BB40F26933994202D1036913
:10E7F000136012E040F27533994201D14369F7E7A3
:10E8000040F2C443994201D18369F1E740F28E336B
:10E81000994203D10F4BC2E9003010BD40F256338C
:10E82000994201D10C4BF6E740F24F439942F4D1A3
:10E83000C369DDE75368002BEFD040F27534A14285
:10E8400002D143610023D3E740F2C444A142E4D1A2
:10E850008361F7E704370608FC36060810B504465E
:10E860008069062801D00E2803D10E23A36120461B
:10E8700010BD1E2807D1002307481A461946FFF786
:10E8800070FFA061F3E7F0F79DFA034B9842EED0DA
:10E8900002490348EEF798FC8037060881A6050870
:10E8A000E0E9050838B5446805461CB9064907483B
:10E8B000EEF78AFC0023616805486360EFF7D5FE38
:10E8C0006860204638BD00BF88A6050894EA0508A0
:10E8D000D5E80308C369C8694010C0EB630000F1C4
:10E8E000005020F0404000F16040C00F7047000031
:10E8F00038B5D1E900540623022863610FD111F025
:10E900009DFC084B03EA400040F00100E0616A68AA
:10E9100005482146EFF788FE6860062038BD886804
:10E92000F4E700BFFEFFFF7FD5E803088369062BED
:10E9300037B5044601D00E2B02D16069E1F76CFCBB
:10E94000084B41F6A2311868F2F7C8F8A3690546EA
:10E95000CDE9003069460220FFF7CAFF06206C614E
:10E9600003B030BD1C090020F0B5044680690628BC
:10E9700085B04BD00E2835D0254D41F6A231286800
:10E98000F2F7ACF8844204D122492348EEF71CFC8C
:10E9900064696069F0F716FA2049F9F737F9074614
:10E9A0000028F5D141F602112868F2F797F801AA7C
:10E9B000064680216069EEF7A3FB019BA3B101AA83
:10E9C000394601200394EEF73EFD01A90220CDE96E
:10E9D0000164FFF78DFF286840F6EA21F2F77EF820
:10E9E00060611E2005B0F0BDE76911F027FCC0EBA7
:10E9F000670303F1005323F0404303F16043002B0E
:10EA0000E9DD21463046FFF7BBFEDEE70E20E9E7F1
:10EA10001C0900208FA60508E0E9050860370608F4
:10EA200030B50C4685B005460522206801A9F0F7EF
:10EA3000DDFC012D0CD96068F0F7B2FAC243DDE9C4
:10EA4000010100F0C5FCC043F3F7A9FD05B030BDDE
:10EA50000020F3E730B58BB002AB0D460193424B7B
:10EA60000093043101230138EFF7A6FE03A92868BB
:10EA70009DF808400522F0F7B9FC049929B1013945
:10EA80000323B1FBF3F10131890006A82144E2F729
:10EA900005FCDDE90330089A022824D8A0B11978D2
:10EAA00089081170197802284FEA01113ED158786F
:10EAB00001F0300141EA101151705B789B0003F0C6
:10EAC0003C0393704023D370DDE90720121B8518A7
:10EAD0000146A9422FD10CB10A23835406A8F6F7A8
:10EAE0004DF90BB030BD13F8031B890802F8041B65
:10EAF00013F8031C13F8025C090101F0300141EA2C
:10EB0000151102F8031C13F8021C13F8015C8900AC
:10EB100001F03C0141EA951102F8021C13F8011CB6
:10EB200001F03F0102F8011C0338B5E701F03001A4
:10EB300051704023C5E70B78192B04D84133DBB261
:10EB400001F8013BC5E7332B01D84733F7E73D2BED
:10EB500001D8043BF3E73E2B04D03F2B0CBF2F23FF
:10EB60003D23EDE72B23EBE79C370608F0B589B092
:10EB7000052201A9F0F73AFCDDE9014101EB410171
:10EB8000890804A80131E2F77BFB0020069F0546B7
:10EB900002460646029B834203D852B11F48EFF754
:10EBA0000FF9235C3D2B09D1022A02D0042A24D17B
:10EBB0001DB304A8F6F7E2F809B0F0BDA3F14101D6
:10EBC0005FFA81FCBCF1190F11D80B4643EA861697
:10EBD000931D072BC1BF059B023A591C0591C6BF67
:10EBE00026FA02F1F9541A4600250130D2E7A3F1C2
:10EBF0006101192902D8473BE8E70125A3F130015B
:10EC0000092902D80433DBB2E0E72B2B03D02F2BEA
:10EC1000EBD13F23DAE73E23D8E700BF9DA60508E6
:10EC200001460148F5F784BD1CF90508014AF6F7CD
:10EC3000B9BC00BF1CF90508F0B50D46164689B0F1
:10EC40002022002104460BF071F92B46A8198342BB
:10EC500012D12246002322F80239694604F11E002F
:10EC600032F8027F21F8023B82423B44F8D1002374
:10EC7000B34209D109B0F0BD13F8011B34F81120DB
:10EC8000013224F81120E2E7EA5C52B108A901EB55
:10EC9000420232F8201C481C103122F8200C24F8C3
:10ECA00011300133E4E700002DE9F04188460546C4
:10ECB000114640461E4A1F46EFF750FDB8F1010FBE
:10ECC00017D97868F0F760F9B8F1020F064608D056
:10ECD000B868F0F759F90446032E04D91548EFF740
:10ECE0006FF80024F8E734B1631F0A2B03D91248E8
:10ECF000F5E70024264629461020F0F756F83B6831
:10ED00004360037A46EA8406054666F30503037208
:10ED1000B8F1030F4FF00000E86002D9F868F0F78F
:10ED200077FA2B7A60F386132B722846BDE8F081C0
:10ED300008000200AFA60508B2A60508042910B510
:10ED400004460BD1406808B9002010BD237A5B0649
:10ED500001D5F9F706FA00236360F5E716221A6079
:10ED60004FF0FF30F1E7000013B5406803685A7CAC
:10ED700003EB82030DF103011B6901221C6801AB47
:10ED8000A047431C014602D10198EFF73DFA10B9A4
:10ED90000348EEF719FA9DF8030002B010BD00BF5A
:10EDA00000EB0508D0E90032934210B5044603D2C7
:10EDB0005A1C0260187810BDC36843B190F829202E
:10EDC0002AB980689847002801DBC0B2F3E7012325
:10EDD00084F829300020EEE743695A1E10B5044636
:10EDE000426123B9FFF7DEFF0723206163612069D9
:10EDF0004308236100F0010010BD2DE9F041804679
:10EE0000164671B1012505FA01F700244046FFF7C7
:10EE1000E3FF05FB00446D00AF42F7D83019BDE8B1
:10EE2000F0810C46FAE72DE9F843002580460E46AE
:10EE30000F4601F11E092C464046FFF7CDFF4F4516
:10EE40000ED000EB450037F8025F2B19451B05D5A6
:10EE50000444103436F81400BDE8F8831C46EBE790
:10EE60006FF00200F8E700002DE9F04FD3B08846BC
:10EE70000192052140F201120646FFF7BEFF012272
:10EE8000052107463046FFF7B8FF042211468146A8
:10EE90003046FFF7B2FF02AD82461322002128461A
:10EEA0000BF044F8DFF8A8B00024544515D1132224
:10EEB00029464046FFF7C0FE07EB090A00245445E7
:10EEC00015D33A4629464046FFF7B6FE01984A4612
:10EED000E919FFF7B1FE002011E0002203213046BE
:10EEE000FFF78BFF1BF8012B0134A854DDE74146E7
:10EEF0003046FFF798FF002804DA6FF0020053B0A5
:10EF0000BDE8F08F11281AD012281DD0102812D178
:10EF1000002CF2D02B19032213F801BC0221304639
:10EF2000FFF76BFF22185245E7D82C4428B104F8AC
:10EF300001BB0138FAE72855621C1446BFE70322DB
:10EF400011464FF0000BEAE70B220721F9E700BF5B
:10EF50006038060870B5064604250020040A3046CD
:10EF6000FFF720FF013D44EA0060F7D170BD70B5A6
:10EF70000646042500243046FFF714FF013D40EA11
:10EF80000424F8D1204670BDF8B50446E36A013385
:10EF900075D12046FFF720FF002220630221204682
:10EFA000FFF72BFF0128E06240F0D5800023A4F892
:10EFB0004830A4F84A30A4F84C30A4F84E30A4F8F5
:10EFC0005030A4F85230A4F854301823A4F8563026
:10EFD0009823A4F858307023A4F85A3004F166023C
:10EFE0004FF4807322F8023F01339BB2B3F58C7F5C
:10EFF000F8D104F19602002322F8023F0133902B4E
:10F00000FAD14FF48C72A4F8B82140F21912A4F886
:10F01000BA214FF48D72A4F8BC2140F21B12A4F85F
:10F02000BE214FF48E72A4F8C02140F21D12A4F844
:10F03000C2214FF48F72A4F8C42140F21F12A4F829
:10F04000C62104F5E37222F8023F01339BB2B3F507
:10F05000807FF8D100232022A4F8B222A4F8A8329D
:10F06000A4F8AA32A4F8AC32A4F8AE32A4F8B032B4
:10F0700004F2C62222F8023F0133202BFAD1E76ABC
:10F08000002F76D0013F012F70D8636B002B40D149
:10F0900004F148012046FFF7C6FE94F82930002B02
:10F0A00064D1FF2840F38980B0F5807F00F0AA800A
:10F0B0006FF4807318441C2858DC574D35F8202015
:10F0C00015F82010C2F3C80201F007012046FFF72F
:10F0D00094FE04F52A7160632046FFF7A4FE1D2804
:10F0E00044DC05EB800520466A886978C2F30E028D
:10F0F000C1F30311FFF781FEE36B002B74D0226C88
:10F10000904200F28580636C1B1A4ABFD218A36339
:10F11000A263E16BE369A26B00296DD0581CE0612A
:10F120008A5C1A70E36B5BB1626CA16B501C60640B
:10F13000595C9954D4E910329A4204BF00236364A5
:10F14000A36B226C0133934208BF0023A363636B5C
:10F15000013B636341E0022891D104F52A7204F176
:10F1600048012046FFF780FE002888D06FF002009B
:10F17000F8BD606BD8B92046FFF714FE054620465F
:10F18000FFF710FE00B205EB00252046FFF70AFE50
:10F1900006462046FFF706FE00B206EB002080F48C
:10F1A0007F4080F0FF008542E0D1681C6761013834
:10F1B000606338B32046FFF7F5FDE3695A1CE2614E
:10F1C0001870E26B4AB1636C591C6164D054D4E985
:10F1D00010329A4201D100236364D4E907239A4292
:10F1E000FFF4D4AE0020C3E7D4E906239B1A98426B
:10F1F000BCD84042A0638CE79A5C1A70E369013383
:10F20000E361A4E7236B002B3FF4C3AE0120AFE71B
:10F210006FF00400ACE700BF7438060838B5054647
:10F220000C4604B938BD2846013CFFF7BBFDF8E7A2
:10F2300038B50546FFF7B6FD04462846FFF7B2FD90
:10F2400044EA002080B238BD70B50E460446FFF790
:10F25000A9FD05462046FFF7A5FD1F2D014639D122
:10F260008B2837D12046FFF79DFD082805D1204681
:10F27000FFF798FD1F28054602D96FF0020070BD08
:10F2800006212046FFF7CAFF6B0706D52046FFF789
:10F29000CFFF01462046FFF7C1FF280704D52046CF
:10F2A000FFF780FD0028FAD1E90604D52046FFF7D4
:10F2B00079FD0028FAD1AA0702D52046FFF7B8FF4A
:10F2C000022384F828304FF0FF3363620F2333604A
:10F2D0000120D4E72BB201EB03231F22B3FBF2F290
:10F2E000C2EB4212981AC8D105F08F03082BC4D183
:10F2F0008B06C2D42D0908350123EDB284F82830DD
:10F3000063623560BBE7F0B51FFA82FC41F2B0568C
:10F31000120C4FF6F17411B94CEA0240F0BDB14243
:10F320000D4628BF354625F00F0707440346BB426C
:10F330000ED105F00F001844834243D1BCFBF4F317
:10F34000491B04FB13CCB2FBF4F304FB1322E2E7EA
:10F350001878604493F801C0024484449878624469
:10F36000604493F803C002448444187962446044C2
:10F3700093F805C00244844498796244604493F849
:10F3800007C002448444187A6244604493F809C078
:10F3900002448444987A6244604493F80BC0024467
:10F3A0008444187B6244604493F80DC00244844452
:10F3B000987B6244604493F80FC0024484446244E2
:10F3C0001033B4E713F8017BBC446244B4E7000097
:10F3D00010B50B4C0346014410468B4200D110BDC2
:10F3E00013F8012B424002F00F0054F8200080EA8D
:10F3F000121000F00F0254F8222082EA1010ECE7FD
:10F400002038060870B5C6690446FFF7BDFD051E25
:10F4100013DB94F82830012B05D0022B0FD06B1E84
:10F420005D425D4109E0E169626A891B3046FFF790
:10F430006AFF012D606216D00025284670BDE16983
:10F44000626A891B3046FFF7C3FF012D6062F3D16A
:10F450002046FFF77FFD636ADB4383420CD12046E1
:10F46000FFF778FDE9E72046FFF781FD636A8342F5
:10F4700018BF6FF00305E0E76FF00305DDE700005C
:10F480002DE9F743054640680E4617469846002882
:10F4900056D0EC68002C35D10121F8F7DBFF4FF492
:10F4A000A260E0F7E1FE2146E8604FF4A16204307B
:10F4B0000AF03CFDEB68DD60E8682D4B03612B7AB8
:10F4C00080F80C45C3F3830403F00303012B2BD115
:10F4D000002C08BF08244FF0010909FA04F9484636
:10F4E000EC68E0F7C1FE2060EC682268C4E91029EE
:10F4F00000234FF0FF3184F82D30A3616363216353
:10F50000A364A36394F80C3583BB37442662676217
:10F51000201DFFF777FF012825D1EB6883F80C0544
:10F52000EB68186A801B10E001A90430FFF78CFE1D
:10F53000002805DB2B7A03F00303022B08D158B116
:10F540001623C8F800304FF0FF3003B0BDE8F08359
:10F55000032B01D10128F3D1019B14B1A342A8BF11
:10F5600023461C46B7E70028DAD0E9E70020ECE79D
:10F5700069ED030830B5048A856802FB0412847CB7
:10F58000D208042C18BFC943A85C01F00701003B56
:10F590004FF0010404FA01F418BF012320EA04002B
:10F5A0008B401843A85430BD038A02FB0313827CAE
:10F5B000DB08042A826818BFC943D05C01F0070148
:10F5C000084100F0010070472DE9F04F0A9C078ABE
:10F5D00090F81290FF08B4F1000E07FB02F218BF7A
:10F5E0004FF0010E0B444FF0010A994201D1BDE8E2
:10F5F000F08F8468DDF82480B9F1040F02EBD105A7
:10F60000254416BFCC4301F0070404F007040AFAAE
:10F6100004FB4FF0000C0EFA04F4B8F1000F01D116
:10F620000131E2E715F80C6026EA0B06264305F8DF
:10F630000C6008F1FF38BC44EFE730B5058AD40808
:10F6400005FB0411856802F00702685C003B4FF07F
:10F65000010404FA02F418BF012320EA04009340D5
:10F660001843685430BD30B58368058AD40805FB5B
:10F67000043302F00702585C104100F0010030BD75
:10F680002DE9F043089C079FB4F1000C18BF4FF020
:10F69000010C17444FF0010EBA4201D1BDE8F083CE
:10F6A000048AD50804FB051584682C4402F007057C
:10F6B0000EFA05F904EB03080CFA05F5444501D1EF
:10F6C0000132E9E7267826EA09062E4304F8016BA1
:10F6D000F4E710B5048A02FB0411826822F81130A5
:10F6E00010BD038A02FB0311836833F811007047D1
:10F6F00070B5068ADDE9044502FB0611826802EB5B
:10F7000041026CB1013C1946164602E026F8025B44
:10F7100001390029FAD1018A02EB4302C91AEEE746
:10F7200070BD30B5048A856802FB04129208490056
:10F73000A85C01F0060103248C4003F0030320EAD7
:10F7400004008B401843A85430BD038A02FB031306
:10F750009B0882684900D05C01F00601084100F076
:10F76000030070472DE9F843089F81460C469046F8
:10F77000CE181744A6420CD9454606E02A46099BF6
:10F7800021464846FFF7CDFF0135AF42F6D8013498
:10F79000F0E7BDE8F88310B5048A02FB04125208B2
:10F7A0008468A05CC90749BF20F00F0000F00F007B
:10F7B00003F00F03184358BF40EA0310A05410BDD4
:10F7C000038A02FB03135B088268D05CCB074CBF43
:10F7D00000F00F000009704710B5048A806802FB32
:10F7E0000400435410BD10B58368048A02FB04333F
:10F7F000585C10BD30B4847C0C256C43024D2C59F0
:10F80000A44630BC604700BF183B060830B4044B28
:10F81000847C0C2505FB043330BC5B68184700BFB3
:10F82000183B0608F0B5059E002E2BDD002B29DDC8
:10F830000B44002B26DD1644002E23DDC58995429E
:10F8400020DD87898F421DDD90F812C00E4C4FF0ED
:10F850000C0E0EFB0C4422EAE272A468AE42D4BF46
:10F86000C2EB060CC2EB050C21EAE171CDF814C025
:10F87000BB42D4BFC1EB0303C1EB0703A446BDE801
:10F88000F0406047F0BD00BF183B06082DE9F04F7F
:10F89000814685B008461446EFF776FB06462046BB
:10F8A000EFF772FB002EB9F80C30074619DA7242F6
:10F8B0009A4212DAF3180193012302934FF0000BDE
:10F8C000002FB9F80E4016DA7B42A34205DA3C4419
:10F8D0004FF0010A0025A54227D1062005B0BDE85A
:10F8E000F08F9E42F9DA03F1FF3B731E01934FF054
:10F8F000FF330293E4E7A742EFDA651E4FF0FF3AC9
:10F900007C1EE8E7A8EB0601039A4846FFF77EFF56
:10F91000414603462A464846FFF76CFF029B98443F
:10F92000019B4345EED15544D5E7EB1BD8460393E5
:10F93000F6E770B504460D1F00EB820654F8040F7D
:10F94000EFF722FBB44245F8040FF7D170BD10B5B4
:10F9500086B00C680846042202A9FFF7EAFF059B5F
:10F960000193049B00932046DDE902120123FFF777
:10F9700059FF062006B010BD10B586B00C680846C9
:10F98000042202A9FFF7D5FF059B019301230093F1
:10F990002046DDE903230299FFF744FF062006B065
:10F9A00010BD10B588B00C680846052203A9FFF702
:10F9B000C0FF079B0193069B00932046DDE90423CB
:10F9C0000399FFF72FFF062008B010BD2DE9F04185
:10F9D0008046D1E900400F46EFF7D6FA0546B868F1
:10F9E000EFF7D2FA002D1DDBA389AB421ADD061E0C
:10F9F00018DBE389B34215DDB8F1030F09D13246B4
:10FA000029462046FFF702FF400040F00100BDE814
:10FA1000F081F868EFF7B8FA3246034629462046E7
:10FA2000FFF7E8FE0620F2E737B504460846EFF791
:10FA3000ABFAA27C074B01900C2101FB0233E28957
:10FA4000009200229D68A38920461146A8470620FF
:10FA500003B030BD183B06082DE9F04F89B00446CD
:10FA6000486802928A461D46EFF78EFA8046DAF819
:10FA70000800EFF789FA8346DAF80C00EFF784FA0A
:10FA8000042C019018D9DAF81000EFF77DFA04463B
:10FA900008F1FF324FF6FE739A42474609D80BF140
:10FAA000FF369E42D94604D8B4F5803F01DA44457A
:10FAB00004DA0020EEF784F94446E9E7019A062AC1
:10FAC00050D8DFE802F004534635353D51000BF1C4
:10FAD000070929F00709A9F1080601230393029BEE
:10FAE000DAF8000043F0040205A9EFF77FFCA9EB68
:10FAF0000609039B664307FB09665E43069BB3EB5F
:10FB0000D60FD6D325B91A491420EFF74EF905467A
:10FB1000DAF800306B60059BAB60019BA5F80C80A8
:10FB20002846A5F80EB0AB742C8209B0BDE8F08F62
:10FB3000073408F1070724F0070427F00707CCE78C
:10FB4000033408F1030724F0030427F0030702231A
:10FB5000C4E7013408F1010724F0010427F001078C
:10FB60000423BBE70348A5E70823B7E71023B5E75D
:10FB70006C3B0608B8A6050870B50C461D46114634
:10FB80002046054AEEF7EAFD294620460023BDE857
:10FB900070400222FFF760BF0A0008007FB50B68C3
:10FBA0008A68019303284B680293039288BFCB684D
:10FBB00005930122049201AB002205210248FFF7C0
:10FBC000DBFF07B000BD00BF6C3B060808B540680E
:10FBD000EFF70CFC80F00100C0B208BD2DE9F74F33
:10FBE0000546D1E900A00C46F5F7C0FC8046A068A8
:10FBF000EFF7CAF90646E068EFF7C6F9042D834629
:10FC000040D92069EFF7C0F9034608F1FF3813E047
:10FC1000A4F12002602A28BF7F24203C1A4A24B283
:10FC2000C6EBC40435461444002D0DDA013506F147
:10FC300008029542F8D12E4618F8014F002CE7D162
:10FC4000062003B0BDE8F08FBAF80C20AA42EDDD23
:10FC500014F805905F46B9F1000FE7D019F0010FD5
:10FC60000CD0002F0ADBBAF80E20BA4206DD3A4665
:10FC7000294650460193FFF7BDFD019B4FEA590904
:10FC80000137E8E70123C0E78C3B0608F8B51F46BB
:10FC9000038A8468069D02FB031106460C4405B9DD
:10FCA000F8BD204607993A460AF040F9338A013DEB
:10FCB0001C44F4E72DE9F84F0B9D078A846805F092
:10FCC0000F0502FB071205EB051A984604EB5204D8
:10FCD0005FFA8AFAFF1A01F001060A9B0BB9BDE828
:10FCE000F88F0A9B013B0A93CEB9C1464FEA590BE4
:10FCF0005A46514620460AF019F919F0010F04EB53
:10FD00000B0209D014F80B0000F00F0040EA0510B8
:10FD100004F80B0006B9013202EB5704DDE7B8F135
:10FD2000000FE2D0237823F00F032B4304F8013BAC
:10FD300008F1FF39DAE72DE9F04F884689B0002352
:10FD40000D6807938346052203A94046CDE9033396
:10FD5000CDE90533FFF7EDFDBBF1060FDDE9034605
:10FD6000DDE905A9079F10D9D8F81800EFF750FA78
:10FD700058B1CDE900975346324621462846FFF751
:10FD800051FD062009B0BDE8F08F4FF00108534641
:10FD90003246214628460197CDF80080FFF742FD04
:10FDA00006EB09025346013A21462846CDE9008771
:10FDB000FFF738FD434632462146CDE900972846F5
:10FDC000FFF730FD04EB0A01CDE9009743463246C8
:10FDD0000139D3E708B50A460168007AF8F78EFCC6
:10FDE000BDE80840EFF7D0B870B4039D65B10D1EB3
:10FDF0000ADB8689AE4207DD151E05DBC489A542F4
:10FE000002DA70BCFFF7F6BC70BC70472DE9F04F0A
:10FE100087B015460093009ADDE910A3561A002E0C
:10FE2000AAEB0507DABF8E1A4FF0FF384FF0010832
:10FE3000002FDABFA5EB0A074FF0FF394FF0010999
:10FE4000BE420C461DDB4A46C14690463A463746FE
:10FE500016462A4614460D4600220192720002926E
:10FE60007A00C7EB460603924FF0000B5F450ADCB1
:10FE7000012200991092524607B0BDE8F04FFFF7FB
:10FE8000B3BF0122E9E7019ACAB1002C0FDB8289D6
:10FE9000A2420CDD002D0ADBC289AA4207DD0593D0
:10FEA0002A4621460490FFF7A5FCDDE90403002E55
:10FEB00013DA029A4D4416440BF1010BD6E7954232
:10FEC000F5DB8289AA42F2DD002CF0DBC289A24276
:10FED000EDDD059322462946E4E7039A4444B61A29
:10FEE000E5E710B588B00C680846052203A9FFF7BE
:10FEF00020FD079B0193069B00932046DDE9042328
:10FF00000399FFF783FF062008B010BD2DE9F04FDD
:10FF100087B01F46129B144603F0040203F0010C45
:10FF200003F0020B039203F00802DB06DDE91095F3
:10FF300080460E46049232D5BCF1000F07D0012353
:10FF400000930195FB18A4EB0902FFF76BFCBBF1D2
:10FF5000000F09D0012300930195FB18A4EB0902BF
:10FF6000F11B4046FFF75EFC039B4BB1012300935E
:10FF70000195FB1804EB0902F11B4046FFF752FC08
:10FF8000049BA3B30123109304EB0902FB18314631
:10FF90004046119507B0BDE8F04FFFF743BC01EBB9
:10FFA000070AA4EB0902CDF800C02B465146059282
:10FFB000FFF71AFF059ACDF800B02B46F11B40461B
:10FFC000FFF712FF039B009304EB09022B46F11B82
:10FFD0004046FFF709FF049B109304EB09022B46F0
:10FFE0005146404607B0BDE8F04FFFF7FDBE07B0F1
:10FFF000BDE8F08F2DE9F04F95B00B6807930F46E1
:020000040804EE
:100000000023064605220FA93846CDE90F33CDE976
:100010001233FFF78EFC0F9B0893109B0993DDE9C9
:100020001243062E0A9320D9B869EFF7F1F8072E8C
:100030004FEA00151AD0F869EEF7A6FF00F00F009E
:1000400040EA05030593119B53EA040211D1059B75
:1000500003F00F030093DDE90701DDE90923FFF752
:10006000C3FE062015B0BDE8F08F002545F00F0354
:10007000E8E703FB03FA4FEA4A0206925D0004FB3D
:1000800004F200264FEA4208C5F101050B925543E0
:1000900008FB03F93746B346B14531DA069B6500E4
:1000A0000026C5F101050AFB05F504FB03F93746F7
:1000B000B3464E45D5DC0B9B079806EB030A059B20
:1000C00002930A9B5744CDE90043DDE908125B46E1
:1000D000FFF71CFF05EB4703002B04F1FF32A3EBF6
:1000E0000703C4BF14461F46069A069BA9EB0202EB
:1000F0002B440BF1010B4644C4BF91461D46D8E783
:1001000006EB0A020C92059A02920A9A07980D933E
:10011000CDE900B2DDE90812FFF7F8FE069B1E44A8
:100120000C9B1F440D9B05EB4702002A03F1FF3196
:10013000A2EB0702C4BF0B461746A9EB080105EB6B
:1001400008020BF1010BC4BF89461546A4E72DE94F
:10015000F04F91B002AF0B683B62814648680C4695
:10016000EEF712FF7862A068EEF70EFF052207F1A6
:100170002C010646E068EFF739F997F834103D6B2B
:1001800000224020F8F74AFAB5EB400F4FEA40034F
:1001900029D3B5FBF3F82069EEF7F6FE4FEA4803E2
:1001A000B9F1050FF8613B6140F2E0806069EFF75B
:1001B0002FF8002800F0DA804FEA480303F1010A23
:1001C0004FF000434FF00109BB616FF00044CA4596
:1001D0000ED14FEA880808F1070828F00703FB60F2
:1001E000BB69A34214DA06203C37BD46BDE8F08F58
:1001F000494607F12C00FFF7EDFDBB698442A8BF1B
:10020000044609F102098342ACBFBB61B861DEE775
:10021000FB68C7F814D00021ADEB030D07F12C00EB
:10022000FFF7D8FD0121824607F12C00FFF7D2FD30
:100230003B6902AD814603F1FF3B4FF00008594690
:1002400007F12C00C7F80490FFF7C4FD0BF1FF3154
:10025000814607F12C00C7F808A0FFF7BBFD7A68BC
:10026000BB684A45ABF1020B824603D0944214DAD4
:100270004C4514DA4A451146B8BF4946A14226D139
:100280004A4550DA01230093796AFB6906EB0902BB
:100290005144386AFFF7A8FD19E04C45EADAAAEBA9
:1002A0000301A4EB020C0CFB01F14901A9EB0202D2
:1002B00091FBF2F202EB431212F1100348BF02F17C
:1002C0002F0308F101005B1145F828308046BBF18F
:1002D000FF3FB4D1B8F1000F21D008F1FF3C00235B
:1002E00005EB83029C4531DCA2194FF0000905F1B2
:1002F000040B4FF0010AF86955F829105BF8293012
:10030000CDE900A0786ABA605B1A0133014409F1B3
:100310000209386AFFF786FAC845BA68EBDC01348F
:10032000D7F814D05CE7796A3244194403DD01231D
:100330000093FB69ADE7FB69019306EB09030093AA
:100340007B6A386A5344FFF761FDC0E7116852F8D1
:10035000040F814208DD05EB830245F8230051605C
:10036000002B18BF013BBBE70133BBE7002107F1BE
:100370002C00FFF72FFD0121804607F12C00FFF72D
:1003800029FD3B6981465C1E214607F12C00FFF7E1
:1003900021FDCB46611E814607F12C00FFF71AFDB7
:1003A000FB69019306EB090300937B6A796AC246F5
:1003B0000344023C80460BEB0602386A5144FFF7C7
:1003C00025FD631CE0D10EE773B50D460E490646C8
:1003D000F7F7BBFC044628B10FCC0FC523682B6090
:1003E00002B070BD304601AA6946EEF775FE00986E
:1003F000031F012B02D92046EDF7E2FC01992B46A1
:100400000122FFF729FBEBE76C3B06082DE9F04FD3
:100410000E468DB0D1F80080054602A97068FFF73E
:10042000D3FFB068EEF7B0FD8246F068EEF7ACFDA2
:10043000042D04464FF0000936D8CDF824904FF033
:10044000FF37B8F80C6056452ADDB8F80E00A04218
:1004500026DDBDF81450CAF10002AA4220DABDF828
:100460001630614299421BDA5544B5422AEAEA79CC
:10047000234424EAE474A8BF35468342D4BF0093E2
:1004800000900029ACBFC4EB010AC4F1000A002AA5
:10049000ACBFC9EB020BC9F1000B009B9C422DDBEA
:1004A00006200DB0BDE8F08F3069EEF76DFD052D2B
:1004B0000746CDF82490C4D070690628C1D007A99A
:1004C000FFF782FFBDE7019A0BEB060102A8FFF7D9
:1004D0009DF9099A03462AB10146002207A8FFF7B1
:1004E00095F903469F4204D0224631464046FFF725
:1004F00081F90136AE42E6DB0134CEE70AEB0403B4
:100500004E460193F6E700002DE9F04FCBB00AAA62
:1005100001F1400514464B780E781B0443EA06634C
:10052000CE7833438E78043143EA06238D4244F873
:10053000043BF0D11024916B16464FEAF14383EA55
:10054000714383EA9123716A366852F8045F31443B
:100550000B444FEAB54181EAF51181EAD501013436
:100560000B44402CD363E6D1036D0093436D01939C
:10057000836D0293C36D0393036E0493436E0593DF
:10058000836E0693C36E0793DDE9067ADDE9041CEA
:10059000DDE90258DDE900462C4B08934FF0000ED0
:1005A0000DF12809089A52F8043B08924FEAF1220B
:1005B00082EAB11282EA7162099259F82E2003EBA5
:1005C000020B099A27EA01035A4401EA0C0B83EA59
:1005D0000B031A44524486EA05034FEA743A06EACA
:1005E000050B8AEAB40A23408AEAB45A83EA0B0369
:1005F0000EF1010E5344BEF1400F02EB080B134401
:10060000A846BA461AD1009AD3180365019B1C1953
:10061000029B44659E19039B86655D19049BC56515
:100620005B440366059B5918069B416663448366D9
:10063000079BDF19C7664BB0BDE8F08F67463546AC
:100640008C46264659461C46ACE700BF003F0608CC
:100650000023002203640023C0E912230B4B0C4A41
:100660000C49DFF840C0C0E914230B4BC0E9161356
:100670000A4BC0E918C30A4B836603F17453A3F510
:100680002303A3F69243C366704700BF85AE67BBE2
:1006900067E6096A72F36E3C3AF54FA58C68059BD4
:1006A000ABD9831F7F520E5170B50C468D180026B2
:1006B000AC4200D170BD036C14F8012BC25401335D
:1006C000402B0364F4D10146FFF71EFFD0E912323C
:1006D00013F5007342F10002C0E912320664E7E745
:1006E0001FB504460846237913B10848EDF768FBA7
:1006F00001A90522EEF77AFE04F10800DDE90112F6
:10070000FFF7D2FF062004B010BD00BFBCA605084D
:1007100070B50D4604461146284602221E46EEF7E5
:100720001DF821467820EEF740FB002303710446B4
:100730000830FFF78DFF012D03D131682046FFF708
:10074000CFFF204670BD70B5056C8022372D425515
:1007500004460E4600EB050337D800F137020021AE
:100760009A422FD1D4E91223ED00AD1843F10003D2
:10077000C4E912531BBA2DBAC4E90E3521462046EE
:10078000FFF7C2FE013E1823226DDA4006F8012F62
:10079000626DDA403271A26DDA403272E26DDA4097
:1007A0003273226EDA403274626EDA403275A26EB3
:1007B000DA403276E26EDA40083B13F1080F327706
:1007C000E2D170BD03F8011FCAE7C0F101010020AA
:1007D000CA183F2A08D921462046FFF795FE38223D
:1007E000002109F0A3FBBDE703F8010FF0E70000CB
:1007F0001FB50379044613B10948EDF7E1FA012367
:10080000037120216846E0F749FD029904F10800D0
:10081000FFF799FF6846F4F7B1FA04B010BD00BFC6
:10082000BCA6050808B5830703D10268034B9A42AA
:1008300002D00348EDF79EFC08BD00BF74F0050828
:10084000C8A605082DE9F843C36853F82270054689
:10085000894614464C454FEA840603D8EB689F51FD
:10086000BDE8F883013CEB686408394653F82480FE
:1008700000204246EDF7ACFA1E28EFD1EB6843F8B2
:100880000680E7E72DE9F047D0E902834C0053F8F2
:1008900021A005460E4601340F464445EB6808D3B7
:1008A00043F827A03A4631462846BDE8F047FFF70F
:1008B000C9BF04F10109C1450AD203EB840253F810
:1008C000241052680020EDF783FA0E2808BF4C462A
:1008D000EB6853F8242043F82720630027465C1C6C
:1008E000DBE738B5FFF79EFF8468054664080CB95E
:1008F000062038BD013C21462846FFF7C3FFF6E736
:1009000038B5FFF78FFF83681BB90A490A48ECF72F
:100910005BFCC168013B0C6851F8235083600D609B
:10092000C268002142F823100BB1FFF7ABFF20464D
:1009300038BD00BF88A6050894EA050870B50546CD
:100940000E46FFF76FFF044631462846F2F7A9F836
:10095000A2682046013A0021FFF774FF062070BD0F
:1009600038B500F10C0100F1080345680446012286
:100970000068A8470346A06808B1EDF745FC03B935
:100980002373207B38BD000030B58DB01D4603AB0E
:1009900001931F4B0093401B0C46012301EB850183
:1009A000EDF70AFF0398062814D11A4B06931A4B49
:1009B0000793012D1DD104AA082108A8E0F77EFCA9
:1009C00004A821680322EEF711FA08A8F4F7D0F979
:1009D0000DB030BD08AA0221EEF7A0FB089B1868F5
:1009E000F4F7C4FD089B06905868F4F7BFFD079024
:1009F000DFE70A4B6068059302210490F7F72AFDB0
:100A000004A821680322EEF7F1F90620E0E700BF11
:100A1000504006088796050859AA05083D85030831
:100A20000123FFF7B1BF0223FFF7AEBF2DE9F04F5F
:100A3000012191B00446F7F70DFD002503680593E9
:100A4000082108A8049406958DF81C50E0F718FCBE
:100A500004A8CDE90E55FFF783FFDFF8F092DFF829
:100A6000F0A2DFF8F0822F462E469DF81C406CB1B4
:100A700004A8FFF775FF5D2C7BD038D83A2C2CD812
:100A80001F2C06D80A2C25D8082CEED8AE48EDF736
:100A900097F9A4F12002D2B20123934013EA0A0F7E
:100AA00040F0FD8013EA0803DFD1222CEED1099338
:100AB0009DF81C100029E9D0222940F0A08004A84C
:100AC000FFF74EFFDDE90910F4F75EF904464FF039
:100AD000000B27E00D2CC8D0D8E75B2CD6D1002125
:100AE0000846F2F76FFA04464FF0010B1AE0742C37
:100AF0006DD039D8662C4CD06E2CC7D19DF81C30E7
:100B0000752BC3D104A8FFF72BFF6C28BED104A816
:100B1000FFF726FF6C28B9D104A8FFF721FF4FF09B
:100B2000000B0624002E40F0EF802046EEF74AF935
:100B30000746BBF1000F40F0FD809DF81C00E1F777
:100B4000A7F8002840F014819DF81C30002B9DD19F
:100B5000002C9BD00E9B002B98D108A8E0F7BAFB85
:100B6000204611B0BDE8F08F7B2C00F0C9807D2CB1
:100B70008CD1002E8AD00E9B002B00F0FD80013B13
:100B80000F9A0E9352F823603046EEF71BF9074692
:100B90006BE79DF81C30612B7FF478AF04A8FFF75A
:100BA000DFFE6C287FF472AF04A8FFF7D9FE73282C
:100BB0007FF46CAF04A8FFF7D3FE65287FF466AF1F
:100BC00004A8FFF7CDFE4FF0000B0E24AAE79DF816
:100BD0001C30722B7FF45AAF04A8FFF7C1FE7528B2
:100BE0007FF454AF04A8FFF7BBFE65287FF44EAF37
:100BF00004A8FFF7B5FE4FF0000B1E2492E75C2916
:100C00000CD104A8FFF7ACFE7528014606D86D2864
:100C100008D862283FD0662808BF0C2108A8E0F752
:100C2000ADFB34E0A0F16E03072BF7D801A252F818
:100C300023F000BF550C04081D0C04081D0C04080B
:100C40001D0C04089B0C04081D0C0408590C040816
:100C50005D0C04080A21E1E70921DFE700244FF0D9
:100C6000040B04A8FFF77CFE40F02000A0F1300345
:100C70005738DBB2C0B2092B88BF0346BBF1010B6A
:100C800043EA0414EDD1214608A8E0F77EFB04A84E
:100C9000FFF766FE0CE70821C0E70D21BEE7002341
:100CA00009939B46214608A8E0F768FB9DF81C4085
:100CB0002D2C18D011D82B2C15D02046E0F7FCFF96
:100CC000034680B9DDE90910BBF1000F12D0009393
:100CD0001A460393EBF744FDF8E604F0DF03452BD7
:100CE00005D14FF0010B04A8FFF73AFEDAE72E2CEE
:100CF000E3D1F6E75B460A22EBF7F2FB044611E785
:100D00000020EFF703FFEEE64F4515D121463046B0
:100D1000F1F7C7FEBBF1000F3FF4A7AE0F9B13BB6B
:100D200001210CA8F2F704F80F9B1E602046EEF795
:100D300049F80746264698E675B9BBF1000F7FF4DF
:100D4000A5AE254691E600BFD2A6050874F00508B9
:100D50000020FF0301100004294622463046EFF729
:100D6000D9FF0025D6E731460CA8F1F79AFEDDE75A
:100D700004A8FFF7F5FDE0E63446DEE600B58DB0E9
:100D8000052201A9EEF732FB029BCDE90433019B5A
:100D9000069301238DF81C30054B089304AB09938F
:100DA00008A80023CDE90A33FFF740FE0DB000BDCF
:100DB000B4F9050830BF062070470000024B1868E0
:100DC000400040F00100704720090020F0B5624962
:100DD00095B00546C87E4B7C0A7C0990887E0890B9
:100DE000487E0790087E0690C87D0590887D049017
:100DF000487D0390087D0290C87C0190897C009119
:100E000056485749E0F7F6FE0AF07AFB04460AF026
:100E100071FB2246034653495048E0F7EBFE0CF0C5
:100E2000C7FD04460CF0B8FE06460CF0BBFE0746B4
:100E30000CF0D0FE33462246CDE900704A494748BF
:100E4000E0F7D8FE494A4A494448E0F7D3FE494A08
:100E500049494248E0F7CEFE484A49493F48E0F751
:100E6000C9FE484A48493D48E0F7C4FE474A484958
:100E70003A48E0F7BFFE474A47493848E0F7BAFE2C
:100E8000464A47493548E0F7B5FE464A46493348A1
:100E9000E0F7B0FE454A46493048E0F7ABFE454A28
:100EA00045492E48E0F7A6FE444A45492B48E0F75D
:100EB000A1FE444A44492948E0F79CFE0DAB0CAA28
:100EC0000BA90AA8E0F71CF90D9B01930C9B3F4965
:100ED00000932248DDE90A23E0F78CFE0DA8DFF736
:100EE0001FFC3B491D48E0F785FE0D9A39491B4818
:100EF000E0F780FEDDE90E2337491848E0F77AFE77
:100F0000139B009335491548DDE91123E0F772FE84
:100F1000334BD3F8A841A4B1D4E90012314809F009
:100F200069F8B0B9A4680DA904F1440005F07DFA90
:100F3000B4F852200D9B2C4908485A435202E0F75E
:100F400059FE012D02D10548DFF7D4FE062015B069
:100F5000F0BDE468DFE700BF007AFF1F54D8050842
:100F6000DBA6050812A705082DA70508088B0608AB
:100F700044A70508108B06084FA705083004002079
:100F80005BA705087804002066A705087804002000
:100F900071A705087C0E00207BA70508F8FF00203C
:100FA00085A70508F83F012091A70508000000204B
:100FB0009DA705087C0E0020ACA70508F8FF0020BF
:100FC000BCA7050800400120CAA70508D7A7050847
:100FD0001FA8050824A8050830A805083BA805088F
:100FE000780400206F6B05084DA8050808B50FF0C0
:100FF00071F9000001480C21F3F7F2BE107AFF1FCF
:101000002DE9F043814685B08846D0B90CF0D0FC7C
:10101000F1F7AAFA00900CF0BFFDF1F7A5FA0190E4
:101020000CF0C0FDF1F7A0FA02900CF0D3FDF1F73F
:101030009BFA694603900420F5F724FE05B0BDE84D
:10104000F0830868EDF7A0FF051E2C4605EBD5766A
:10105000B8BFEC1CB9F1010F4FEAA4044FEA6606D1
:1010600020D0D8F80400EDF78FFFB9F1020F074642
:101070000CD0D8F80800EDF787FFB9F1030F04464C
:1010800004D0D8F80C00EDF77FFF06463346224621
:10109000394628460FF068F910F1160F04D10648BA
:1010A000ECF78EFE2F46F1E7002802DA03480EF037
:1010B000F1FB0620C2E700BF61A8050865A8050886
:1010C00007B538B10023009302200B6801936946ED
:1010D00013F07AFD0FF026FA062003B000BD07B525
:1010E00038B10023009302200B680193694613F086
:1010F0006BFD0FF049FA0000114B5A6812F0020F15
:10110000104A0BD0042111601A6842F008021A60DC
:101110000D4A536F43F08073536770470A4B5B6F00
:1011200013F0C04F02D003231360F1E713F0206FD8
:1011300001D00123F8E713F0806318BF0223F3E71F
:10114000007000402009002000380240014B0022BE
:101150001A6070472009002008B514F02DF872B607
:10116000002108460FF0C0F808B5FFF7F5FF0000B2
:10117000004870470805002007B50B4630B90C48F9
:10118000022103B05DF804EBF3F7FEBD186801A976
:10119000F4F75EFA019B022B02D00020ECF710FE60
:1011A000034B02781A7042785A70062003B000BDD3
:1011B0006104002013B50B4628B90D4802B0BDE804
:1011C0001040F3F703BE01A91868F4F741FA019C37
:1011D000202C014602D90020ECF7F2FD22460448FB
:1011E00008F05AFE024A00230620135502B010BD33
:1011F0004004002001480021F1F79ABD08050020B5
:10120000F8B50D4E0024D6F89830A34200D8F8BDAA
:10121000D6F89C3053F824703846EDF7D3FD0546D8
:101220003846EDF7CFFD437C05EB83052B695B6802
:1012300003B198470134E6E77804002008B5064B6F
:10124000D3F898201AB905490548EBF7BDFFD3F844
:101250009C30186808BD00BF7804002077A80508F6
:1012600004EA050830B585B0052201A9EEF7BEF8FD
:10127000DDE901230020D118914204D1400040F063
:10128000010005B030BD12F8015B082480EA0503B7
:1012900043F3000323F0730383EA5000013CC0B220
:1012A0004FEA5505F2D1E7E770B504460E46EFF375
:1012B0001185102383F31288C388C2681B049361CD
:1012C00006200EF0DDFF16B1E368E2889A61362051
:1012D0000EF0D6FFE368E2889A610A200EF0D0FF94
:1012E00085F3118870BD70B50C4610F0F9FC064608
:1012F0002046EDF749FE0825044604F0010130467A
:10130000FFF7D2FF013D4FEA6404F6D1062070BD1D
:1013100038B50D4610F0E4FC04462846EDF734FEDF
:1013200001462046FFF7C0FF062038BD38B5C36828
:10133000C2889A610446EFF31185102383F3128863
:10134000C388C2681B04936106200EF099FFE3680E
:10135000E2889A6109200EF093FFE36822891B69F5
:10136000C2F3431223FA02F485F3118837200EF0FA
:1013700087FF04F0010038BD70B510F0B1FC002506
:1013800006462C463046FFF7D1FFA84001350443FE
:10139000082DE4B2F6D1600040F0010070BD08B540
:1013A00010F09EFCFFF7C2FF400040F0010008BDB6
:1013B00070B510F095FCC388C2681B0405469361A4
:1013C0004FF4F0700EF05CFFEFF31186102383F3FF
:1013D0001288EB68EA889A6146200EF051FFEB68AC
:1013E0001C692B89C3F34313DC40E44304F001047C
:1013F00086F311884FF4CD700EF042FF002C0CBF25
:101400000E201E2070BD0000004870470C440608E6
:1014100038B5094B094DD3F8A8410CB9062038BDA1
:10142000A06810F0030205D10368AB4202D1114657
:1014300003F064F8E468F0E7780400203C4D060807
:1014400008B5EDF7BFFC024BC31A5842584108BD1E
:101450005835060870B506460C46EDF7B3FC094D45
:10146000A84203D10021304612F07CFB2046EDF764
:10147000A9FCA84205D120460121BDE8704012F028
:1014800071BB70BD583506080048704730450608E6
:10149000004870472045060800487047F044060899
:1014A000F0B5114C114D124E124F23782A68316855
:1014B000386801FB0231014482EAB1724FEA71706F
:1014C00083EA1223434083F001033860DBB240F02B
:1014D000020780EA904080EA4210237037602A6059
:1014E00080EA4300F0BD00BF24090020640400200E
:1014F000680400206C04002038B50546012404EA85
:101500000503AB4205D3FFF7CBFF20408542FAD954
:1015100038BD640044F00104F1E710B52DED028BF5
:101520000C46EDF787FD2046B0EE408AEDF782FDD0
:10153000FFF7B6FFC0F3160040F07E5007EE100A2A
:10154000F7EE007A30EE480A77EE677AA0EE278A47
:10155000B0EE480ABDEC028BBDE81040EFF796BF35
:1015600038B50D46EDF710FD04462846EDF70CFDA5
:10157000844208DC001B0130FFF7BEFF2044BDE8B9
:101580003840F0F7F1BF0020ECF71AFCF8B5074639
:1015900008680E46EDF7F8FC012F054607D1002834
:1015A00028DDFFF7A9FFBDE8F840F0F7DDBF706860
:1015B000EDF7EAFC022F044606D185421ADA401BF9
:1015C000FFF79AFF2844EEE7B068EDF7DDFC061E52
:1015D0000BDD601B3044013890FBF6F0002809DD7C
:1015E000FFF78AFF00FB0650DDE703D0601B3044A5
:1015F0000130F1E70020ECF7E3FB000008B510B183
:101600000868062802D10948ECF7DAFBEDF7C8FCB8
:10161000074B1860074B45221A60074BE9221A60F6
:10162000064B00221A70062008BD00BFD2A805088C
:101630006C040020680400206404002024090020B9
:1016400010B5EDF7A1FC2028044602D90848ECF7B4
:10165000B7FB58B1FFF724FFC4F120044FF0FF336C
:10166000E3401840BDE81040F0F799BF012010BDDD
:10167000DAA8050810B50446EDF77AFEEDF784FC0C
:10168000031E0ADDFFF738FFF0F76EFF0422014664
:101690002046BDE81040EDF77DBE02480021EBF783
:1016A00093FD00BF94EA050808B5FFF7F9FEC0F303
:1016B000160040F07E5007EE900AB7EE000ABDE833
:1016C000084037EEC00AEFF7E1BE000070B50646ED
:1016D00008460D46EDF758FC041E02DB7368A34272
:1016E00003DC0A482946ECF76FFD06EBC404E56805
:1016F0004DB1B068EDF766FB22692946521BBDE883
:101700007040F3F775BB062070BD00BF94EA050872
:101710004A680149E0F76EBAE9A805080A46014996
:10172000E0F768BAF8A805082DE9F74F07460C4618
:1017300000921ABB01F10C05D4F800B0EDF700F8E7
:101740004FF000085E46C2463B780BB1292B17D1FB
:10175000BAF1000F0DD02368A3EB0A03013B5AB284
:101760009A4218BF48F001085FFA88F80DB105F8F1
:101770000A30B8F1000F18BF002750E00025DBE762
:101780003F2B00F01C8113D8243BDAB20A2A17D869
:1017900022680A2B14D8DFE813F0C60113001300E7
:1017A0001300BF0013003C01790113001300640013
:1017B0005E2B00F0AF8110D85B2B5CD05C2B2BD064
:1017C0003A462668002D49D0731C23600123AB558F
:1017D0002368591C2160117839E07C2BF0D1BAF1D3
:1017E000000F00F073812368A3EB0A03013B5AB298
:1017F0009A4218BF48F00108002D00F06A8105F8F0
:101800000A3022680BF10200A2EB0B0205EB0B0180
:10181000284408F075FB5CE17B7823B90027384643
:1018200003B0BDE8F08F43F02001642907F1010205
:1018300003D043F02403772BC3D1266875B1731C02
:1018400023600523AB552368591C21607978E9543E
:101850006368013363601746013775E7B31C236083
:10186000F6E7531C164623600DB10223AB546368A0
:1018700001336360F0E726687978721C5E2907F10E
:101880000103226018D10DB10423AB550237236840
:101890000133236063680133636000213B785D2B73
:1018A0000FD14BB28B4218BF48F001085FFA88F89D
:1018B000002DD1D0A954CFE70DB10321A9551F4662
:1018C000E5E75C2B1BD17B78781C43F02007642F65
:1018D00010D1074600232068DDB100F1010CC4F8E7
:1018E00000C02B542368581C20603878E854013716
:1018F0000131D3E743F02407772FEAD00746002BC6
:101900008CD078782D28E6D1B8785D2818BF0237BA
:10191000E1E702302060EAE77B783F2B164631D1C1
:10192000BB783A2B2ED1002302379946781C009AB7
:1019300001932146FFF7F8FE074600283FF46EAFFB
:101940000278292A7FF46AAF019B002B84D0226899
:10195000531C23600DB17E23AB5423684FEA490921
:101960005A1C09F1010922604FFA89F24A4518BF51
:1019700048F001085FFA88F8002D3FF478AF05F8C9
:10198000039074E7A36803F10109531CC4F808909D
:1019900023600DB17E23AB542268531C23604FEAB1
:1019A000490359B2994218BF48F001085FFA88F814
:1019B00005B1AB546368013363600123B6E7226865
:1019C000B2423FF42BAF2DB1B01C921BA919284491
:1019D00008F096FA2368023323607B783F2B13D1FB
:1019E0000DB16223AB55013723689B1B023B5AB2F2
:1019F0009A4218BF48F001085FFA88F80DB12E44EA
:101A000073706368013339E0002DEDD06123AB556D
:101A1000EAE7B2423FF402AF2DB1B01C921BA91904
:101A2000284408F06DFA2368023323600DB1602268
:101A3000EA542168731A023B5AB2D21A18BF012223
:101A40000DB129444B702368023323607B783F2B10
:101A500017D10DB16223AB55013723689B1B023BA5
:101A600059B2994218BF42F0010248EA02025FFAF5
:101A700082F80DB12E447370636802332668636088
:101A8000EAE6002DE9D06123AB55E6E7B2423FF428
:101A9000C5AE7B783F2B14D10DB16123AB54013718
:101AA0002368F61A023E72B2B24218BF48F001082B
:101AB0005FFA88F80DB12B445E7026680236266006
:101AC000D5E6002DECD06223AB54E9E7002D7FF47E
:101AD00098AE2368DA1C226015B12B4460229A70FC
:101AE000D4F800A00AF10103236015B1612305F8C1
:101AF0000B302368A3EB0B03023B5AB29A4218BF88
:101B000048F001085FFA88F8002DB5D005EB0B020C
:101B10005370B1E72268531C2360002D3FF471AF6E
:101B20005023AB546DE7531C2360002D3FF469AF85
:101B30005123F6E71FB50023CDE9023301220A2322
:101B400001A90193FFF7F0FD10B1019805B000BDA8
:101B50004FF0FF30FAE7000010B5072204460423D7
:101B6000C4E900230F4B0022C4E9022347F6FB63BC
:101B700008462382A2742146FFF7D6FD08B901204A
:101B800010BD00780028FAD12368E1187E220A737C
:101B900001224A7362680333236002327F238B730E
:101BA0006260EDE76203026038B50868F3F7DEFCB7
:101BB0000546FFF7BFFF431C02D10848ECF700F9C8
:101BC00007491030EDF7F1F8294604460430FFF7D5
:101BD000C3FF08B10348F1E7204638BD00A9050856
:101BE000C046060809A9050810B503780A7843F02D
:101BF0002004642CC3F3401008D16FEA5313303A29
:101C000003F00103092A88BF184610BD732C0AD1BE
:101C1000202AFAD06FEA5313093A03F00103042A89
:101C200088BF1846F1E722F0200141391929ECD983
:101C3000A2F130010929E8D96FEA531303F0010337
:101C40005F2A18BF1846E0E72DE9F04110F8017C43
:101C50000446FB1E5E4214F8025B88465E411DB9D5
:101C6000FE1E18BF012611E014F8012C3AB94146B6
:101C70002046FFF7B9FF48B9013D0234EFE798F875
:101C800000309A42F8D822789A42F5D33046BDE81F
:101C9000F0812DE9F3470A9F81460D4690461E4686
:101CA000ECF74EFD99F800304F2B11D8D8F80820EA
:101CB000AA4239D909F10104512B14D8052B0ED8A9
:101CC0007BB1023B032B2AD8DFE803F03D32323FE1
:101CD000512B09F10104EFD1D8F8083069E0502BFD
:101CE00065D0A146DEE7622B3DD012D8602B35D0FF
:101CF000612BF6D109F1020A99F8014000973346A9
:101D0000424629465046FFF7C4FF70B94AFA84F4A8
:101D1000E7E77E2B35D07F2BE3D1012005E02A7841
:101D200099F801309A4216D0002002B0BDE8F08741
:101D300029462046FFF788FF0028F6D099F80130A1
:101D400004EB43035C1C0135CBE729462046FFF733
:101D50004BFF0028E9D009F10204F4E799F90140AA
:101D600002344C44BDE799F90100009709F10204DF
:101D70003346424629462044FFF78BFF0028D4D142
:101D8000AFE709F1020499F80190B945A9DA56F8CC
:101D900029A046F829503346009742462946204656
:101DA000FFF777FF0028C0D146F829A0BDE7D8F893
:101DB0000030AB42B8D194E710B4019C3CB1113073
:101DC0000193134610BC0A464968FFF762BF0C3006
:101DD000F6E700002DE9F0471568AB0786B08046AE
:101DE0000F46164603D12A682B4B9A424CD03146F7
:101DF0000120FFF7D9FE00240546706802A9F3F719
:101E000027FC029BCDE9030018440590DCB1022FAA
:101E100019D9B068EDF7B8F8029C049B8442A8BFBA
:101E200020EAE0742344032F04930CD0F068EDF70C
:101E3000ABF8029A824203DB84422246B8BF0246D4
:101E4000039B13440593EF6801374FEA470A0AF1F1
:101E500003008000DEF708FAFA00044600210C3087
:101E600008F064F8CDF80080534604F10C0203A991
:101E7000281DFFF7A1FF48B92046DEF71DFA06240A
:101E8000204606B0BDE8F0870124B6E7034BC4E95D
:101E900000377368A360F3E7C04606088446060867
:101EA0000A4601460120FFF795BF0A460146002079
:101EB000FFF790BF2DE9F04F89B0064602AFD1E998
:101EC00000800C46ECF77EFF07F108018146606850
:101ED000F3F7BEFBBB68D8F80C50C7E90300013527
:101EE0001844022E78614FEA450533D9A068EDF712
:101EF0004BF8044600210846F1F764F8AB007B601C
:101F00006B46A3EB85039D4606460DF1080A7A68E9
:101F10000021504608F00AF800953969534607F148
:101F20000C0208F11000FFF7B4FEE0B1DAE900217D
:101F30008A4218D039694846521AF2F759FF0146C9
:101F40003046F0F7AEFDD8F80C20002A04DD0D482D
:101F5000ECF732F90024CDE7DAF804203A61002CDE
:101F6000D5DD013CD3D1D7E904124846521AF2F725
:101F70003FFF01463046F0F794FD30461C37BD4622
:101F8000BDE8F08F12A905082DE9F04F8DB0D1F80A
:101F9000008018F0030F02AF06460C4604D1D8F8B3
:101FA0000020664B9A4204D021460120FFF7FCFD39
:101FB0008046032ED4E9019572D9E068ECF7E4FF7E
:101FC000064607F108012846F3F742FBBB680344C5
:101FD0007B61D8F80C3001335A003A6000223A6233
:101FE000DA001032ADEB020D554A049502ACC7E998
:101FF0000300C4E90023DB00834604F10C0A7B6084
:102000007A680021504607F091FF3B68009307F182
:102010000C025346594608F11000FFF73AFE30B360
:10202000D4E90332934222D03A6A2AB9396907F1D6
:102030001800591ADFF724F93969E26807F1180026
:10204000521ADFF70BF94846ECF73AFF50B3214636
:102050004846EBF7EFF9F3F789FA017821BBD4F89A
:1020600010B0C7F810B08E42CADD013EC8D13B6A3D
:102070008BB1D7E9041207F11800521ADFF7EEF816
:102080002846ECF79FFE2F4B984207F1180052D1DB
:10209000F2F76EFE054628462C37BD46BDE8F08FA8
:1020A00000268EE74846D6E75C2900F1010B3DD1BA
:1020B0004378672B02D183783C2B23D000229BF8F6
:1020C0000010A1F13003092B2CD800234FF00A0E89
:1020D0000EFB031358461BF8011FA1F1300CBCF195
:1020E000090FA3F13003F3D91AB13E2908BF00F15B
:1020F000020B62689A4209D85B00134843F0010161
:10210000ECF762F800F1030B0122D8E704EBC303FC
:10211000D96829B11A6907F11800521ADFF79EF839
:1021200058469AE75C29FBD10BF1010B07F1180027
:10213000DFF724F9F4E7F2F721FEABE7C046060823
:10214000844606084CF9050894EA050810B50446CB
:102150000846EDF733F802220146201DECF7EEFBAE
:10216000062010BD2DE9F74F9DF830A0019088465C
:1021700091461C4600254D4502D103B0BDE8F08FC5
:1021800058F82500EDF71AF8012201460198ECF7FE
:10219000D5FB476883468FB91020DEF765F8064601
:1021A00058F8250030600421F6F754F98268F7608A
:1021B000C6E90124CBF804600135DCE7BAF1000F71
:1021C00001D0BB681C43BC60F6E7032837B50D6837
:1021D0000C460DD18868ECF7D7FE0346002200922A
:1021E000281D0122211DFFF7BDFF062003B030BDD1
:1021F0000523F3E738B5044608461546ECF7DEFF3D
:1022000000220146201DECF799FB10B90220EBF7E4
:10221000FBFF44682846ECF7B7FEA060062038BDF7
:1022200010B507491C20ECF7C0FD0021044604301E
:10223000ECF74EFB00232382A361204610BD00BFB4
:102240003447060850F83100042818BF002814BF8E
:102250000120002070472DE9F74F82460C46914639
:102260000DF0ECFF83460120ECF782F80025A8462C
:10227000DAF804309D4211D30DF0E0FFB8F1000F01
:102280003BD1B9F1FF3F35D0A0EB0B03994534D9D1
:102290000BEB0903181AECF7CFF8E7E7DAF8083088
:1022A00029461846FFF7CEFF10B303EBC503032101
:1022B0005F6801ABD7E90006BA68B047411CF86017
:1022C00002D10198EBF7A0FF90B108F101087CB1B1
:1022D000C20742BF236801332360430742BF6368DC
:1022E0000133636030F005031EBFA3680133A360B0
:1022F0000135BDE7ECF79BF8B8E7404603B0BDE811
:10230000F08F000070B50C468EB0054602AA20681A
:1023100005A9ECF7E1FE606803AA06A9ECF7DCFE6C
:10232000A06804AA07A9ECF7D7FE042D47D04FF008
:10233000FF35DDE905131944079B0124194408A85A
:10234000ECF7C6FA2346059A0299009408A8FFF70D
:1023500009FF069A03990094042308A8FFF702FFD7
:102360001823079A0499009408A8FFF7FBFE00249D
:102370002A4605A908A8CDE906440594FFF76BFF96
:1023800021460598F0F71EFE21460B900698F0F7BF
:1023900019FE21460C900798F0F714FECDE906448B
:1023A000099D0D90059421468D421BD108A8ECF79C
:1023B000A3FA0BA90320F4F765FC0EB070BDE0682A
:1023C0000628B4D0ECF736FEB5EEC00AF1EE10FAEE
:1023D000ADDBDFED197A20EE270AFCEEC07A17EEAE
:1023E000905AA6E70A9B1846FFF72CFF10B303EBA1
:1023F000C1035B68DA68D40707D50B98C4680598F1
:10240000461C05961E6844F82060500707D50C98B6
:10241000C4680698461C06961E6844F8206032F090
:10242000050207D00D9A1B68D068079A541C0794C0
:1024300040F822300131B7E700007A440128F8B5AE
:102440000E6807460D4616D9486806280ED14FF08B
:10245000FF34022F13D0A868ECF796FD7061224676
:10246000301D0021BDE8F840FFF7F5BEECF78CFD0C
:10247000041EEEDAEBE700204FF0FF34EEE7002019
:10248000ECE72DE9F3410E68FFF7D8FF0021F0F7E4
:1024900099FD002405462746B368A34203D8284681
:1024A00002B0BDE8F081F36821461846FFF7CAFE86
:1024B00098B103EBC4035A68D36873B15B00126828
:1024C000D5F80C80009243F0010369460220019385
:1024D000F4F7D8FB48F8270001370134DCE770B582
:1024E0000C680D46A169064619B90220F4F7CAFB2B
:1024F000A06129463046FFF7A1FF002320826382B6
:10250000286870BDB0F9102038B5034642B1013AD1
:10251000B0F91210856802828D4203D800221A8217
:10252000002018E05A8A01325A82DA681046FFF712
:1025300089FE88B102EBC1025468E26862B1986911
:102540005B6921688160520042F00102DB07C260D2
:1025500001D50023A36038BD0131DDE7086870476D
:1025600038B545682DB18468646AA04740EAE070D8
:1025700038BD4FF0FF30FBE738B545682DB18468B2
:10258000246AA04740EAE07038BD4FF0FF30FBE717
:1025900004292DE9F041466804461F460AD126B1B8
:1025A0008368DB6898470023636003232376002059
:1025B000BDE8F0815EB9032904D190F9183063B108
:1025C000032B0CD016233B604FF0FF30F0E78468FC
:1025D000A46BA446BDE8F04160471420E8E7202042
:1025E000E6E713B50C68636813B96B20EBF70CFED4
:1025F00001280CD94868ECF7C7FC20EAE071A36811
:1026000001AA5B692046984718B10198EEE70221BC
:10261000F5E701230620237602B010BD2DE9F04333
:102620000C4695B0054669462068F3F711F88046D8
:102630006068ECF7A9FC022D074611D9A068ECF7F9
:10264000A3FC032D0CD0E068ECF79EFC042D07D012
:102650002069ECF799FC052D02D06069ECF794FC39
:10266000009B2BB302A8DDF7BFFD08BB2068012249
:1026700001A907F01DFDDDF78DFD00210520F4F710
:1026800001FB0522032302900125C0E902230A234E
:10269000C0E9045304462A46394601A807F0F8FC6D
:1026A00002A9A0612846F0F78DFC15B0BDE8F083C3
:1026B000DFF854900024D9F89830A34203D8104989
:1026C0001048EAF781FDD9F89C3053F82450284689
:1026D000ECF778FB06462846ECF774FB437C06EBE8
:1026E000830633691E6846B1009A01AB414628460D
:1026F000B0470028C1D0EBF787FD0134DBE700BF0E
:1027000077A8050804EA0508780400201FB54B7B6C
:10271000DA09C3F38403039202938B89C3F344134E
:1027200001930B7B03F01F0300930B69B1F90E209B
:102730000249DFF75FFA05B000BD00BF2AA905080E
:10274000062913B504460FD00846ECF773FCDFEDFD
:102750000D7A20EE270AFCEEC07A17EE901A636815
:102760002BB96B20EBF750FD4FF0FF31F7E7A36873
:1027700001AA5B6B2046984708B10198F2E7062052
:1027800002B010BD00007A4410B504460846ECF7CC
:102790003FFD28B106212046BDE81040FFF7D0BF1D
:1027A0000121F8E730B543688DB0044613B96B20BA
:1027B000EBF72AFD0846ECF7E7FB014608A8DEF731
:1027C0006DFD05AAA368019204AA0092DD6ADDE905
:1027D000092103AB2046A847431C01D10598E7E730
:1027E00080B1099008A8F2F7C9FA0499069001226D
:1027F00003A807F04DFC06A907900220F4F742FA5F
:102800000DB030BD0048F0E77CF6050870B54368B0
:1028100086B0044613B96B20EBF7F6FC0846ECF7DC
:10282000B3FB0146054602A8DEF738FDA36804990C
:102830005E6A2A4601AB2046B047431C01D101988D
:10284000EAE728B1039002A8F2F798FA06B070BD43
:102850000048FBE77CF6050830B5044685B06368A0
:10286000084613B92020EBF7CFFC052201A9ECF7AD
:10287000BDFD236923BBA368DDE901121D6A204663
:102880006B46A847421C01D10098ECE7029B8342AB
:1028900012D90B20E7E7A36801991D6A20466B4611
:1028A000A847431CF0D0029B1B1A0293019B0344D0
:1028B0000193029A002AEED1EFF771FE05B030BD08
:1028C0000020F6E730B5044685B06368084613B9C2
:1028D0002020EBF799FC052201A9ECF787FDA368FE
:1028E000DDE901121D6A20466B46A847431C01D151
:1028F0000098EEE7EFF753FE05B030BD70B54368C2
:1029000086B0054613B91620EBF77EFC21491C2042
:10291000ECF751FA297B037B61F304030373AB8962
:102920008189C3F3441363F349118181697B1A4B95
:10293000C1F3840143EA8123C1680022C0E9012276
:10294000C1F309010B43C3604FF0FF33C0E9043208
:102950000276AB6805AA009201469E69044604AB64
:1029600003AA2846B047014608B10598CCE76B6832
:102970006360AB68A3600220F4F784F90499846073
:102980000546012203A807F083FBE860284606B04D
:1029900070BD00BF884906080000FFFF70B50D46F6
:1029A0002846114606221E46EBF7D8FE15491C2084
:1029B000ECF701FA0023C0E90133134BC36004466E
:1029C000C5B13068ECF7E0FA237B012D60F3040316
:1029D00023730FD07068ECF7D7FAA389022D60F348
:1029E0004913A38106D0B068ECF7CEFA637B60F39D
:1029F0008603637300234FF0FF32C4E90423237678
:102A0000204670BD884906082200FFFF436837B59D
:102A10000446B3B90846FEF711FC6060ECF7D2F942
:102A200005466068ECF7CEF9437C05EB830501A908
:102A30002B69A36020469B68984710B10198EBF77B
:102A4000E3FB03B030BD00002DE9F0410D686B6879
:102A500086B00C4603AE23B9314628460393FFF7F0
:102A6000D5FF6068ECF790FA8046A068ECF78CFA26
:102A70000746E068C20705D4830714D10268184BE3
:102A80009A4210D1ECF78CFA0422029002ABA968AA
:102A9000CDE9002628460C6B3A464146A047D8B1FE
:102AA0000398EBF7B1FB0E28ECD01E28EAD0142FC8
:102AB00007D106280DD0ECF703FA10B1E368042221
:102AC000E5E70522E0683146ECF790FCDDE90332EA
:102AD000DDE700221346DAE7062006B0BDE8F08104
:102AE0004CEF050873B5012204460846694607F015
:102AF0001BFB694606462046FFF788FFA36832465F
:102B0000DD69694601AB2046A84710B10198EBF793
:102B10007BFB02230620237602B070BD73B5012231
:102B200004460846694607F0FFFA6946064620460D
:102B3000FFF76CFFA36832461D69694601AB20466A
:102B4000A84710B10198EBF75FFB062002B070BDFB
:102B500030B589B0044615460846052205A9ECF7AC
:102B600045FC012203A9284607F0DEFA03A9054621
:102B70002046FFF74BFF04AAA368CDE90052204688
:102B80009D6ADDE9051203ABA847431C02D10498F6
:102B9000EBF73AFBEFF7E8FC09B030BD401000F16D
:102BA0000050A0EB610020F0404000F16040400088
:102BB00040F001007047000010B58CB010B10868FB
:102BC000062858D111F096FE002204A92F480BF0D8
:102BD000DBF9002269462D480BF0FBF99DF8123015
:102BE0009DF803008DF80A309DF800309DF8011023
:102BF0009DF80220BDF810408DF8061000F5FA602F
:102C0000013BADF804008DF80720ADF808408DF8C1
:102C10000B3008F0BFF9ADF80C00BDF80400EFF779
:102C2000A3FC04909DF80600EFF79EFC05909DF82C
:102C30000700EFF799FC06909DF80800EFF794FC69
:102C400007909DF80900EFF78FFC08909DF80A00A7
:102C5000EFF78AFC09909DF80B00EFF785FC0A90CE
:102C6000BDF80C00EFF780FC04A90B900820F4F7E6
:102C700009F80CB010BDECF73BF9054BC01801AAE0
:102C800041F1000108F096F9C7E700BFEC0D002004
:102C900080436D382DE9FF4103AA02A9ECF71CFA25
:102CA000029B083B012B02D91848EBF763FA039B00
:102CB0001868ECF769F9039B04465868ECF764F967
:102CC000039B05469868ECF75FF9039B0646D868B6
:102CD000ECF75AF9039B07461869ECF755F9039B83
:102CE00080465869ECF750F93B46CDE90080324602
:102CF0002946204608F020FA054BC01861F1000172
:102D0000EFF722FC04B0BDE8F08100BF68A9050818
:102D100080BC92C708B512F039F8BDE80840EFF75B
:102D20002EBC000008B5ECF785F9DFED067A20EE41
:102D3000270AFCEEC07A17EE900A0DF04DFA062035
:102D400008BD00BF00007A4408B5ECF71DF9031E6A
:102D500001DB0DF041FA062008BD08B5ECF714F9C7
:102D6000031E01DD0DF08CFA062008BD08B50DF03C
:102D700065FA034B03EA400040F0010008BD00BFC4
:102D8000FEFFFF7F08B50DF05FFA034B03EA40003A
:102D900040F0010008BD00BFFEFFFF7F10B5064CEC
:102DA0002368DB0701D40DF061F96368034800EA8A
:102DB000430040F0010010BD001000E0FEFFFF7F67
:102DC00000B589B011F096FD03A9002210480BF060
:102DD000DBF802A900220E480BF0FBF89DF80E303C
:102DE0009DF80B0001939DF80D309DF80A2000938B
:102DF0009DF809109DF80C3000F5FA6008F062F9B2
:102E0000044BC01861F10001EFF79EFB09B000BD53
:102E1000EC0D002080BC92C710B504460846ECF7C4
:102E2000B3F800F10053013B6FF04042934203D3EB
:102E300005490648EAF7C8F9054B00EB640003EAC8
:102E4000400040F0010010BD78A9050890EB05088E
:102E5000FEFFFF7F1FB5052201A9ECF7C7FA019815
:102E6000EFF79DFB05B000BD38B505460846EFF706
:102E7000B8FB04462846EFF7B4FB01462046BDE800
:102E80003840ECF71BBF38B50D46EFF7AAFB0446F8
:102E90002846EFF7A6FB01462046BDE83840F1F78B
:102EA0009FBF000008B50148EBF764F989A9050840
:102EB00008B50F2843D8DFE800F0080D0F12151BE6
:102EC00021294242424242423139885C400040F06E
:102ED000010008BD8856F9E731F81200F6E731F92C
:102EE0001200F3E7BDE8084051F82200EFF757BBA6
:102EF000BDE8084051F82200EFF736BB01EBC201F4
:102F0000BDE80840D1E90001EFF739BB01EBC20190
:102F1000BDE80840D1E90001EFF716BB01EB8201E3
:102F200091ED000ABDE80840EEF7B0BA01EBC2012E
:102F3000D1E9000113F03CFA00EE100AF2E700209C
:102F4000C7E7000070B5054648680C46EDF740FD40
:102F5000C0B963689A0707D00C4AA3680C49284691
:102F6000BDE87040DEF746BE19680A4A9142F3D1C7
:102F70009B689B0F012B07D0074A0849022B18BFFB
:102F80000A46EAE7064AE8E7064AE6E7A7A9050887
:102F9000B1A9050894FA0508566D0508ADA90508FC
:102FA000A0A905088474050870B50E4604461146AC
:102FB00030460D4A1D46EBF7D1FB21461020EBF7BA
:102FC000F4FE04462868EBF7EBFFA0606B686360D3
:102FD000032E4FF00203E36003D1A868EBF7D4FFA0
:102FE000E060204670BD00BF0600040008280ED136
:102FF0004B689A070BD11868064A904207D19B6824
:103000009B0F012B03D18B681868EFF7C8BA00201B
:10301000704700BF94FA0508F0B51F46A0F10E03F3
:10302000012B85B006460C46154616D80E2808D149
:10303000384601EB8204EBF7FDFF84ED000A05B092
:10304000F0BD384601EBC204EBF7F4FF10EE100AB6
:1030500013F056F9C4E90001F1E73846EBF7A0FF99
:10306000072EECD8DFE806F00404060609090C0C6C
:103070006055E4E724F81500E1E744F82500DEE7B1
:10308000054903AA04EBC5030092895D03933A4600
:103090003C20F5F781FCD2E7F84B060838B54368C9
:1030A000012B01D8FFF7FEFE8468A40F012C0AD083
:1030B000022C11D0002CF5D1022BF3D1BDE8384001
:1030C000C06800F023B8022BECD11368032B01D8A1
:1030D00004231360042012E0022BC46810D1230FD4
:1030E0000E2B1EBFC3F3410301209840136808BF95
:1030F0000420834200D21060C4F35A04604338BDF8
:10310000032BCFD1006900F001F8F5E72DE9F84F66
:1031100006460F469246EDF75BFC00285AD1B007F1
:103120000AD132682F4B9A420BD15246394630466B
:10313000BDE8F84FFFF7B2BFF10702D52A48EBF719
:1031400019F8FFF7AFFEF36803EBC50253F835300B
:10315000D3B1042B18D05068C2072BD54310000FF1
:10316000A0F10802052A1FD8C3F31002C0F34100E2
:1031700009FA00F0DAF80030834238BFCAF80000DC
:1031800013189C4238BF1C460135B368AB42DAD8ED
:10319000022F06D1DAF800305A1E22445B4203EABD
:1031A00002042046BDE8F88F0E2823F07842DDD1D6
:1031B0000420DFE78307C4D103684345C1D1836896
:1031C000524639464FEA630BFFF768FF2BF0604326
:1031D0000344D6E70025DFF80C802C464FF00109A8
:1031E000D3E700BF94FA0508C0A9050837B50C68F5
:1031F0000346002214F00300019219D12268114DF8
:10320000AA4204D12046ECF7B3F803B030BD0E4D0E
:10321000AA420DD1012B01D0EAF7ACFFE168646846
:1032200001AA2046FFF772FF400040F00100ECE7E2
:10323000022B04D14868EBF7A7FE0146F0E7022114
:10324000EEE700BF6CE50508144C060873B50C46A4
:103250000546C1684068002601AA0196FFF756FF9F
:10326000AB68C4E9003001233046A36002B070BDF2
:103270002DE9F043064685B0144672B3456815F053
:10328000030203D12868444B984202D04348EAF72E
:1032900071FFAB689B0F022B4FEA61075DD1E868B5
:1032A000C0F35A039F4203DB3D493E48E9F78CFFD8
:1032B0006B68022B38D1D6E90215022D4FEA107047
:1032C0000FD1042C05D13A4605B0BDE8F043FFF715
:1032D000EFBD23463A46FFF79FFE204605B0BDE806
:1032E000F0830E281DBF0123C0F341029340042345
:1032F00003FB0712042C2C49039203AB08D1002DC9
:10330000095C0CBF3C203E20F5F7ADFA0446E4E72B
:10331000002D095C009308BF3C20134618BF3E20D7
:103320002246F5F739FBD8E7042C01D00024D4E776
:10333000F1680392286903AAFFF7E8FE1B4980465B
:103340001020EBF732FD2B694360B36808FB0733AD
:1033500004468360F368E360BFE7012BE6D1B368FE
:10336000E868D3F8008010F0010303D03A464146E4
:10337000000FA9E7F168039303AAFFF7C7FE0B4903
:1033800081461020EBF711FD09FB0787EB684360CE
:1033900004468760DEE700BF94FA0508E2A9050845
:1033A000E7A9050894EA0508F84B0608144C060836
:1033B0002DE9F04F074685B040680D461446EDF7FD
:1033C00007FB10B97248EAF7D5FEE900786841F0CA
:1033D0000201EDF783FBC207064640F1A2804FEAE7
:1033E00010784CF2FF0323FA08F3DB074FEA600A78
:1033F000C0F35A01D7E9020218D4CAF3100A022A0C
:10340000C1F3444B4FEAA15500EB0A033DD0003A0B
:103410004FF0010CC6F3417018BF012208F0010102
:103420000CFA00F0F5F702FA814636E0022A014470
:1034300010D134B92246404605B0BDE8F04FFFF741
:1034400037BD234600224046FFF7E6FD204605B083
:10345000BDE8F08F4F48039103AB54B9A2420A462E
:1034600010F808100CBF3C203E20F5F7FCF904468C
:10347000ECE7002A009322460B4610F808100CBF18
:103480003C203E20F5F788FAE0E708F00603022B1F
:1034900010D0042B11D010F80A90012202FA05F581
:1034A000013D6CB929FA0BF0284005B0BDE8F04F9A
:1034B000EFF75AB830F80A90EFE750F80A90ECE7C7
:1034C0002046EBF761FD00EA050305FA0BF529EA52
:1034D0000509D7E9025003FA0BF3022843EA09036E
:1034E00005EB0A014FF0010210D108F00608B8F10F
:1034F000020F05D0B8F1040F05D005F80A30A5E792
:1035000025F80A30A2E745F80A309FE7451EC6F3C2
:10351000417668426841B24000901046F5F70EFAD5
:1035200094E7830703D102681B4B9A4201D0FFF74F
:10353000B9FC002CFBD18568AB0F012BC5F35C05F2
:103540001FD0022B0ED0002B80D114491020EBF796
:103550002CFCF36843600446BB682B44A360FB6803
:10356000E36073E74368022B0BD1C3681B0F08D1DC
:10357000F96803AAFFF792FDB9682944ECF79EFBAE
:1035800075E706491020EBF710FC04464660E3E7B8
:10359000EEA90508F84B060894FA0508144C06082D
:1035A00010B5144612681AB9FFF702FF206010BD6B
:1035B0006268FFF7FDFE0028F9D000232360F6E7DC
:1035C0000228F8B50E4607D14868EBF7DDFC022863
:1035D00003D90F48EAF7F4FB00200E4F00F12A044C
:1035E00007EB840330689D68002D08BF0625062878
:1035F0000CD00721F4F72EFF336807EB8407284629
:10360000BB603168FDF726FF2846F8BD0023F4E7CC
:10361000F8A905087804002030B50E4B2A3003EBDA
:10362000800393B015460C489C6800229A60DEF730
:10363000E1FA1DB108482946EBF7FEFB44B16846A4
:10364000DCF7D2FD20B92046F4F78BFDDCF7A2FDB4
:1036500013B030BD7804002054D805082DE9F04F90
:103660000025DFF8788095B007462E46A94658F821
:1036700004AFBAF1000F1AD0DAF80030CDF8049098
:103680005A7C03EB82035046D3F810B0FDF7D8FE06
:10369000044698B1DBF8084001AB3A460321504696
:1036A000A0470446631C02D02643B74202D001352E
:1036B000032DDCD1304615B0BDE8F08F02A8DCF751
:1036C00093FD0028F0D1DBF8084001AB3A46032116
:1036D0005046A0470446DCF75DFDE3E724050020E3
:1036E00070B52B4D94B0002455F8040F002836D047
:1036F000FDF7A6FE98B128680023029303685A7C60
:1037000003EB820301A91B6901221E6802ABB047CB
:10371000029B23BB18B39DF8040014B070BD02A82F
:10372000DCF762FD80BB286803685A7C03EB8203E8
:1037300069461B6901221E6801ABB047064638B9CD
:10374000DCF728FD134932462046FFF765FF06E007
:1037500001360CD101980B2807D1DCF71BFD013491
:10376000032CC1D14FF0FF30D7E7EAF74DFDDCF76E
:1037700011FD094B9DF800001B688342CDD113F069
:103780003BF86FF00100C8E7039A0449DCE700BF8B
:103790002405002003AA05087004002028AA0508B3
:1037A0002DE9F04F0026274F93B0814688460C46FE
:1037B0003546B24657F8040FA0B1FDF741FE054665
:1037C000D8B13868CDF800A003685A7C03EB8203B7
:1037D00049461B694246D3F804B06B46D847844239
:1037E000A8BF04460136032EE4D1002D14BF2046A5
:1037F0004FF0FF3013B0BDE8F08F6846DCF7F4FC03
:10380000B8B93868022342464946F4F741FE062813
:103810000DD0431023EAE373A342A8BF234610F060
:10382000010F18BF1C46DCF7B5FC0125DAE72C4672
:10383000F9E7019A04493046FFF7EEFE012500241E
:10384000D0E700BF240500205CAA050830B5012898
:1038500085B014461D4602D11320EAF7D5FC08B9FD
:103860000120FAE780686A46E9F73EFE25B1A2002A
:10387000294602A806F010FB6A4600212046E9F717
:10388000E2FD05B030BD000000F00703022B2DE97A
:10389000F743064611D083070BD000251D4FDDF8F6
:1038A0000480D7F8A84107F5D47964B91620EAF75F
:1038B000ABFC0268184B9A42EFD101A93046F1F7F0
:1038C000C7FE0546EAE7EDB1636843451AD12168B2
:1038D0004246284606F052FBA0B9E368C9F800301A
:1038E000D7F8A4319C4202D10023C7F8A4310023A9
:1038F0001A4640F2EF412046FFF7A8FF062003B02A
:10390000BDE8F083A368B342E7D004F10C09E46892
:10391000CBE700BF780400204CF9050830B51B4CFC
:10392000D4F8A40185B078B300231A464FF470711F
:10393000FFF78CFFD4F8A4215268012A034620D057
:10394000F1F714FE054606F02FFBD4F8A4315B68AE
:10395000013319186846DDF793FCD4F8A4316846A2
:10396000D3E90012DDF77AFC2B782F2B01D16B788D
:103970001BB129466846DDF743FD6846F1F7E2F9D9
:103980000346184605B030BD3223FAE7780400201C
:1039900073B5417B8468054629B1204602B0BDE875
:1039A0007040E9F735BF8CB16268E3688360012A33
:1039B0000FD132234273019340F2D93101AB20463B
:1039C000FFF744FFA860E9F723FF0446204602B052
:1039D00070BD0320F3F756F9D4E900120646094BEF
:1039E000287B094C013A00280CBF204618460131BB
:1039F000F1F7FEF948F201020123C6E90323B060A2
:103A00003446E3E74CF905081CF905082DE9F041B7
:103A100003782F2B06460F4605D0174BD3F8A44149
:103A20008CB9A04602E001364FF001083478CCB1E1
:103A3000114BD3F8A8410CB9012413E06568013D8E
:103A400003D1A6EB08063E600CE021682A4601314E
:103A5000304606F0CFFA60B9735D2F2B06EB0502F6
:103A600003D13A602046BDE8F08113B9034B3B60B7
:103A7000F8E7E468DFE700BF78040020039D05084D
:103A800070B58AB0D8B90146EFF79CFA324BD3F83B
:103A9000A841054614B928460AB070BDA36806932C
:103AA000D4E90001F1F770F906A907900220F3F7B5
:103AB000E9F801462846EEF7F4FFE468EAE706ABCA
:103AC0000193264B00930423EAF776FE02A9079898
:103AD000F1F7BEFD069D04AA06464FF4866128460E
:103AE000E9F70EFB049A4AB91D480395037A00EBE7
:103AF000830301211C6903ABA04705461020DCF7B6
:103B0000B3FB029B0660C0E90135002302224FF49B
:103B10008661C36008AB0446FFF798FE0798F1F78B
:103B200025FD03A9FFF772FF012813D96368012B54
:103B300002D04368012B0DD00120EAF765FB02F1AA
:103B40000C031A681AB151680129F8D1E2601C60AF
:103B50000625A0E7034BF4E778040020A44C0608F0
:103B60003C4D060820060020F7B50E460546F1F745
:103B7000FDFC01A9FFF74AFF012804460FD928469A
:103B8000EBF720F90746019806F00EFA0199024674
:103B90003846F1F72DF93060204603B0F0BD002023
:103BA000F9E7000010B586B002AC084B0093019411
:103BB0000423EAF701FE21460298FFF7D5FF2346CA
:103BC00002227621FFF742FE06B010BD844C0608A3
:103BD00037B56946FFF7C8FF0D4C0546A0B9D4F8C4
:103BE000A80120B90620C4F8A45103B030BD426832
:103BF000012A07D13223019301AB40F25B31FFF779
:103C000025FEEFE7C068ECE76B460122F5E700BF51
:103C10007804002073B501280CBF0D680A2501A99E
:103C20002846FFF7A1FF0646B0B90F491020EBF771
:103C3000BCF80E4B43600E4BD3F8A83183600446AA
:103C40002846EBF7BFF80B4B6673C31A584258412E
:103C50002073204602B070BD01AB012240F2D93181
:103C6000FFF7F4FD0446F4E7ACF2050891390408C7
:103C7000780400204CF9050838B5FFF7CBFF002188
:103C800005460846EFF79EF904462846E9F7C0FDC9
:103C900008B9204638BD04220121EBF77BFB014621
:103CA0002046EEF7FEFEF0E713B501A9FFF75CFF33
:103CB000044610B91120EAF7A7FA012807D00198A5
:103CC000F1F754FC064906F07DF90028F2D001AB6B
:103CD000012240F227412046FFF7B8FD02B010BD97
:103CE000039D050807B501A9FFF73EFF01AB0122BF
:103CF0008021FFF7ABFD03B000BD37B50D46694627
:103D0000FFF732FF01A904462846FFF72DFF844242
:103D100002D00120EAF778FA6B46022240F2924183
:103D2000FFF794FD03B030BD07B501A9FFF71CFFF5
:103D300001AB01224FF49361FFF788FD03B000BD92
:103D400007B501A9FFF710FF014680B90A20F2F775
:103D500099FF034648F2010243F8082F012100F1C0
:103D60002C0243F8041F9342FBD103B000BD01AB0A
:103D7000012240F2C341FFF769FDF6E707B501A94B
:103D8000FFF7F2FED8B9114BD3F8A80180B901466C
:103D90000A20F2F777FF0121031D00F1280243F802
:103DA000041F9342FBD140F20113C36203B000BD74
:103DB0004368012B01D0C068E8E73223019301ABCF
:103DC000012240F2C541FFF741FDEFE778040020F2
:103DD00030B597B001A9FFF719FE0128054631D982
:103DE0008068EAF7EFFF447C019944B100EB84035B
:103DF000A8681B691B6817B0BDE830401847084623
:103E0000F0F7E4FF029004A8DCF7EEF9B8B902ABD2
:103E1000012240F2C3412846FFF718FD0446DCF7B3
:103E2000B9F9204603AA0A21EBF778F9039B186831
:103E3000EBF7AAF810F4804F0CBF022401242046AF
:103E400017B030BD0024FAE770B596B06FF00403E8
:103E5000064604A80D460193DCF7C6F9044678B976
:103E6000104A02A90220CDE90265FFF709FE2846A3
:103E7000FFF7AEFE0194DCF78DF9019816B070BD26
:103E8000059C09492068F3F7C1FE0028F5D02046BB
:103E9000EDF7F4F801A9EBF74FF8019B5B420193B2
:103EA000EBE700BFACE8050804EA05081FB5114CB4
:103EB00000944900520041F0010142F00102C22485
:103EC00081600261CDE90143C0F80CD0069B0393E9
:103ED000024600210798E9F7B6FA062807D0EBF763
:103EE00053F80028C8BF6FF0150004B010BD0020C3
:103EF000FBE700BF28E5050870B50D46044600F154
:103F000008024FF490612846E9F7EEFA04F11C022A
:103F100040F20D512846E9F7F3F804F1300240F27F
:103F2000E6312846E9F7ECF8236B23B1238843F008
:103F30000403238070BD04F13002284640F2D241D0
:103F4000E9F7DEF804F1380228464A21BDE870405E
:103F5000E9F7CABA73B5048814F0010406D00469FD
:103F60001846234602B0BDE870401847456802264F
:103F7000CDE90036083005FB02F32246FFF796FF35
:103F800002B070BD73B5C4691546B4B1048814F0AD
:103F9000010406D0446A1846234602B0BDE87040CA
:103FA000184742680226CDE900361C3002FB05F3B3
:103FB0002246FFF77BFF02B070BD6FF01D00FAE7ED
:103FC00008B50B46018811F004010FD05B005200C8
:103FD00042F0010243F00103C263836300F1300247
:103FE00000210220BDE80840E9F72DBA032B03D0D9
:103FF000042B0AD0062008BD036B002BFAD000F179
:1040000030020846E9F71FFAF4E700F138020846E3
:10401000E8E706207047000030B50446ADF5037DA3
:1040200008461546EBF7F4F808B100232362A3888D
:104030001B0714D52846EBF7EBF870B14FF400736B
:104040000093002202AB092104F1440002F04EFC6F
:1040500028B1074B185CEAF7D7F80D20F9E7A388D9
:10406000062023F00803A3800DF5037D30BD00BFBB
:10407000244F060813B5044601A9443002F0D5F9CF
:10408000014618B1114B185CEAF7BEF80A20F2F7A6
:10409000F9FDB4F852309B0243F00103C0E902334A
:1040A000636E023B5B0043F001030361019B5B0015
:1040B00043F00103C0E905330123C0E90733C0E938
:1040C000093340F2FF13C36202B010BD244F06084B
:1040D00010B5C6B06A46443002F082F940B99DF886
:1040E000083013F0100F0CBF0220012046B010BDA5
:1040F0000020FBE72DE9F0410446C8B00846F1F77F
:1041000035FA0378014623B12F2B54D14378002B85
:1041100051D1029342F62103039310238DF81030FE
:1041200000210A20F2F7AEFD9DF81030BDF80C100A
:10413000264E13F0100FBDF80E3003F01F024FEAA9
:104140004202044601924FEA5120C3F345120CBFCC
:104150004FF400484FF480480092DB0A01F01F0240
:1041600000F2BC70C1F3431106F0ACFF4FEA480304
:1041700043F00103A36001238619C4E90333C4E9B2
:104180000533E361029861F10007EEF708FA39465A
:1041900020623046EEF7D8F9394660623046EEF7D5
:1041A000D3F93946A0623046EEF7CEF9E0622046F8
:1041B00048B0BDE8F08102AA04F1440002F010F911
:1041C0000028ADD0024B185CEAF71EF880BC92C7FD
:1041D000244F060800B5A3B0812201A9443001F0A4
:1041E0006EFF18B1044B185CEAF70EF801A8F0F75F
:1041F000EDFD23B000BD00BF244F060810B50446F6
:104200000846F1F7B3F9014604F1440001F02AFF32
:1042100018B1034B185CE9F7F7FF062010BD00BF8B
:10422000244F060810B504460846F1F79FF90146E9
:1042300004F1440002F0AFF918B1034B185CE9F740
:10424000E3FF062010BD00BF244F06080228F8B582
:104250000F680C4620D14868124EEAF7B3FD861B62
:10426000606818BF0126F1F781F905460E49402024
:10427000EAF7A1FD0D4B43600D4B836004460673C6
:1042800000F110012A4607F1440002F041F830B174
:10429000084B185CE9F7B8FF074D0126E6E7204612
:1042A000F8BD00BF1CF9050870F20508C9420408F2
:1042B000BD420408244F060868AB050808B5103055
:1042C00002F059F8062008BD70B5C6B0694606462A
:1042D000103002F059F8014640BB9DF816302BB360
:1042E0000420F2F7CFFC337B04460DF11600ABB18E
:1042F000F0F76CFDA0609DF80830009813F0100FE7
:1043000048F2010308BF4FF00113E360012323616A
:10431000EEF745F96061204646B070BD05F044FEF9
:1043200001460DF11600F0F75BFDE3E706F1100022
:1043300002F021F80024EEE738B50446084611469D
:104340004FF002121D46EAF709FA21464FF4207099
:10435000EAF72BFD0223838040644FF400738360EF
:10436000296804460430FFF7C7FD04F1440001F05A
:1043700005FC0D2805D1A38843F00803A38020463F
:1043800038BD0028FBD0024B185CE9F73DFF00BFA9
:10439000244F060830B5ADF5057D03AB002218604B
:1043A00001211248FFF7C8FF4FF4007500F14404E3
:1043B000009504AB00220921204602F097FA0E284E
:1043C00006D1009504AB00220221204602F08EFAAD
:1043D00018B1074B185CE9F717FF0649204602F0B1
:1043E00001FA06200DF5057D30BD00BF3C4D0608E5
:1043F000244F060891AA0508F0B500F14404C7B09F
:1044000008461546F1F7B2F86A46064601462046C8
:1044100001F0E6FF18B10B4B185CE9F7F5FE9DF8CB
:10442000083003F01003AB4207D13146204602F0BA
:1044300057F80028EFD147B0F0BD002D0CBF152074
:104440001420EAE7244F060808B51022FFF7D4FF2E
:10445000062008BD08B50022FFF7CEFF062008BDE4
:104460002DE9F041074608469046F1F77FF80546EA
:104470004046F1F77BF829460246064607F144001C
:1044800002F015F908280AD1002241463846FFF704
:10449000B3FF3246294607F1440002F008F918B18B
:1044A000034B185CE9F7B0FE0620BDE8F08100BFC1
:1044B000244F060810B50C4611461A4638B123465B
:1044C0000430FFF747FD003818BF012010BD04205D
:1044D000FCE710B50C4611461A4650B1234604308D
:1044E000FFF750FD10F11E0F05D0003818BF012056
:1044F00010BD0420FCE70220FAE7000070B5064674
:104500000C46154610B90424204670BD294A01F016
:104510000703D15C002935D000220430FFF750FD9D
:10452000062CF0D801A353F824F000BF0945040875
:104530004B4504085545040865450408074504082B
:104540006B4504086B4504080620EAF71DFD28604A
:104550000024D9E7062829D0EAF716FD80B2288082
:10456000B060F5E701232B60F2E7062801D0400890
:1045700006D1336AB3FA83F35B099B002B70E7E73C
:104580000123FBE7062CBED801A353F824F000BF9B
:104590000945040849450408AD4504086545040873
:1045A0000745040873450408734504084FF4007078
:1045B000D5E700BF444E0608022970B504461546EB
:1045C0001E4613D15368012B0AD0022B0CD01BB905
:1045D0001168201D01F011FEA3692B60002070BD41
:1045E00081692B681944F4E70169FAE701290AD1C6
:1045F000043001F0EDFC0028F0D0084B1B5C336068
:104600004FF0FF30EBE7042906D14368002BE5D0DB
:10461000043001F018FDEEE71623F0E7244F0608FA
:1046200037B51D46043001AB144601F016FC38B115
:10463000064B1B5C2B604FF0FF34204603B030BDAF
:10464000019BA342F9D01C23F4E700BF244F0608C6
:1046500013B51C46043001AB01F066FB30B1044BCE
:104660001B5C23604FF0FF3002B010BD0198FBE7E8
:10467000244F060870B5054608460C46EAF7AEFB1F
:104680002346024602492846BDE87040DDF7B2BA2B
:104690009AAA0508F8B5064610460F46F0F766FFD9
:1046A000002401382A4909E0782B07D8712B21D83A
:1046B000612B3CD0622B40D02B2B3BD010F8013F1C
:1046C000002BF1D12C20EAF776FB05463846F0F7AF
:1046D0004DFF2F1D0246E3B206F14400394601F0BA
:1046E00051FA064658B32846DBF7E6FD194B985DAC
:1046F000E9F78AFD723B062BE0D801A252F823F0BD
:104700001D470408BD460408A5460408BD46040824
:10471000BD460408234704082947040844F001045F
:10472000CCE744F00A04C9E744F00604C6E744F0C5
:104730001204C3E744F00304C0E70749BEE7E306F9
:1047400003D52969384601F058FD2846F8BD00BF59
:10475000544E0608244F0608844E060810B5044639
:104760000068F3F7FEFC2046BDE81040DBF7A4BD6F
:104770001FB5037942799342044617D38379934254
:1047800003D94FF0FF3004B010BDE9F74DFE01230F
:104790000093A279206803ABE11DF3F722FD039B90
:1047A000C0B26071002BECD10028EAD05A1C2271F3
:1047B0001C44E079E7E70000F0B5C90087B041F09C
:1047C000020142F29A331D4A0491064604A90220CE
:1047D0000593FFF7E7F901210746F3F73BFE0022B7
:1047E0008468039203AB0B213846A047431E033372
:1047F00019D8092838BF0920FF2828BFFF20044600
:10480000E01DDBF731FD012307608471054600934D
:10481000C11D03AB22463846F3F7E3FC68710398E9
:1048200018B1E9F7F1FC1924EAE7054B2871736028
:10483000044B3560B36007B0F0BD00BFACE80508BD
:10484000714704085D47040810B403685A7C03EB01
:10485000820301211B691C680023A4461A4610BC70
:10486000604710B403680A46597C03EB81030221B8
:104870001B691C680023A44610BC604738B5436818
:1048800004469A4228BF1A460068154605F004FB04
:1048900023682B44236063685B1B636038BD0000A2
:1048A0000FB407B504AA054852F8041B0192DCF7BF
:1048B000F3FF03B05DF804EB04B0704754D805086B
:1048C0001FB50C4611460A4A0392CDE900041A4668
:1048D00002A8CDF808D0DCF7DFFF24B1DDE9003213
:1048E0001AB903F8012C04B010BD00221A70FAE7BF
:1048F0007D4804080CB407B504AB53F8042B0193AE
:10490000FFF7DEFF03B05DF804EB02B0704700680C
:1049100070470B0A017043700B0C090E8370C17055
:104920007047036A0239023B8B4283BFC389406BE5
:1049300001FB030000207047034600F10B0100203B
:10494000C20102EB500213F8010B02448B42D0B2B9
:10495000F6D1704737B50D460446E8B10368D3B1C8
:104960005A7922B9092000242C6003B030BD818817
:104970005A899142F6D118680DF107020621FFF716
:10498000BDFD9DF8073003F00103184310F0FF0050
:10499000E8D12468E8E71C460920E5E72DE9F8435B
:1049A0000026D0F800908E75836907460C46002BD0
:1049B00078D0C36A01335ED1F96900234D1E1846D1
:1049C00015F8012F202A00F101000DD0052A08BF9B
:1049D000E522092805D10B2B9FBFE6182E277772F9
:1049E0000133E618013372720B28E9D1E218002076
:1049F0005072A27D002A4AD1002B3FD004F1080357
:104A000008255A78581C002A4ED11B1B083B38E059
:104A10006319020A9A75D87502231D4400200236D4
:104A20008046D9F81030985BA8B1B8F1000F05D1D5
:104A300000F520539BB2B3F5006FF0D340F2B511EF
:104A400040EA084002F040FAFF280CD9A5F1FE0325
:104A5000012BDDD80025B8F1000F18BF0025254433
:104A60000023AB75A8E70028F4D0FF2DF2D063191E
:104A700098750123D1E7B0463546D2E73F23A375A9
:104A80000123234400229A750B7B03B96372CB7A0E
:104A9000237201F11C00FFF73AFF2060CB8AE3800C
:104AA0000B8BA380BDE8F8832E2A13460BD0413A26
:104AB000192A05D80E7B03F12002354218BF134690
:104AC000437303469DE71025FAE7130A8A76CB76EF
:104AD0004379032B01BF120C0A75120A4A757047FD
:104AE00070B5C5790446CDB1826B00F13C0101235C
:104AF0000068FFF7EEFC054690B9A16BE36A626AB5
:104B0000E071CB1A934209D2A379022B06D10A4451
:104B10002068012304F13C01FFF7DBFC284670BD4F
:104B20000125FBE7F8B50446FFF7DAFF0546002844
:104B300042D16379032B37D1277A012F34D1014633
:104B40004FF4007204F13C0005F0F0F9552384F8AD
:104B50003A32AA2384F83B3252234122722184F84C
:104B60003C3084F83D30612384F83E3084F82332B1
:104B700084F83F2084F8201284F8211284F822223D
:104B8000A16904F50970FFF7C4FE616904F50A70B4
:104B9000FFF7BFFEA26A20680132A2633B4604F120
:104BA0003C01FFF796FC2572002220681146FFF7B2
:104BB000A5FC003818BF0120F8BD38B5836B8B42C7
:104BC00005460C4610D0FFF78BFF60B922462868D7
:104BD000012305F13C01FFF76DFC00281CBF4FF0DD
:104BE000FF340120AC6338BD0020FCE738B500235A
:104BF000C3714FF0FF3383630546FFF7DEFF0446C2
:104C000008BBB5F83A224AF655239A421DD195F8C9
:104C10003C2002F11803DBB2012B01D9EB2A16D19B
:104C20000C49032205F1720005F0A8F948B10A49C0
:104C3000052205F18E0005F0A1F9041E18BF01241C
:104C40006400204638BD0424FBE70324F9E702246E
:104C5000F7E700BFA5AA0508A9AA05082DE9F041B4
:104C6000437986B0044601F0FE0593B10621006841
:104C70000DF10702FFF742FC9DF80730D90708D471
:104C80001DB113F0040518BF0A25284606B0BDE87B
:104C9000F081002363710DF1070220680521FFF701
:104CA0002DFC9DF80730DA0700F1EF8015B15B07A6
:104CB00000F1ED8000212046FFF798FF022803D085
:104CC000012832D825793DB302AA04F2022304F266
:104CD0004221174613F8040C10B11846FFF717FECF
:104CE0001033994242F8040BF4D12679002E18BFF4
:104CF000013E57F82650B5B129462046FFF776FF0A
:104D0000237923B9012807D90136032EF1D90428C4
:104D100000F0BF80012804D8B4F84730B3F5007F15
:104D200005D00D25B1E70320EAE70025EFE7B4F849
:104D3000527027B904F16000FFF7E9FD074694F8C7
:104D40004C3067625A1E012AA371EAD894F84920B0
:104D5000E281002AE5D0511E1142E2D1B4F84D8023
:104D6000A4F80C8018F00F0FDBD1B4F84F0018B97D
:104D700004F15C00FFF7CBFDB4F84A100029D0D055
:104D800007FB03FE01EB181CF4446045C9D3A0EBFC
:104D90000C039342C5D3B3FBF2F33F4A9342C0D80E
:104DA0004FF6F57293425DD840F6F576B3428CBF6C
:104DB000022601269A1C29440CEB0500032E2262D0
:104DC000A562E16260634FD1B4F8663058EA03032C
:104DD000A7D104F16800FFF79AFD930003F2FF13D7
:104DE000B7EB532F20639CD34FF0FF33C4E9053357
:104DF000032E4FF0800323722BD1B4F86C30012BBB
:104E000027D1691C2046FFF7D8FE10BBB4F83A2220
:104E100020724AF655239A421BD104F13C00FFF759
:104E200076FD1E4B984214D104F50870FFF76FFD14
:104E300003F1FF5303F500532033984209D104F5E1
:104E40000970FFF764FDA06104F50A70FFF75FFDCC
:104E50006061134A667113880025013313806381F2
:104E6000E56112E70326A5E7B8F1000F3FF459AF5B
:104E7000022E1CBF02EB420203F0010301EB0E0005
:104E80000CBF530003EB5203A8E70325FDE60A25F8
:104E9000FBE60125F9E600BFF5FFFF0F5252614125
:104EA0002609002001292DE9F04706460C46174641
:104EB00009D9036A8B4206D94379022B40D0032BD0
:104EC00050D0012B03D002252846BDE8F08701EB26
:104ED0005108C16A01EB5821FFF76FFE0546002813
:104EE000F2D106F13C0908F1010AC8F3080814F0F0
:104EF00001041CBF19F8082002F00F023B4618BF3E
:104F000042EA071309F80830F16A0123F37101EB53
:104F10005A213046FFF751FE05460028D4D1CAF386
:104F2000080A2CB13F0909F80A700123F371CBE795
:104F300019F80A30C7F3032723F00F031F43F2E7E2
:104F4000C16A01EB1421FFF738FE05460028BBD1EA
:104F5000640006F13C0304F4FF741A191F553F0A5C
:104F60005770E2E7C16A01EBD411FFF726FE054650
:104F70000028A9D1A40006F13C0304F4FE7418191A
:104F8000FFF7C5FC014667F31B011819FFF7C1FCC9
:104F9000CBE7F8B505460E46FFF7A2FD044698B9E3
:104FA00031462846FFF7BDFC4FF400720746A86360
:104FB000214605F13C0004F0B9FFEB899C4205D382
:104FC000EB891C1B18BF01242046F8BD286801236B
:104FD0003A1905F13C01FFF77CFA0028F0D10134C1
:104FE000EBE703284B8B04BF8A8A43EA0243184647
:104FF00070470129F8B506460C4609D9036A99425B
:1050000006D24379022B2BD0032B36D0012B01D0B3
:105010000120F8BD01EB5105C16A01EB5521FFF7F5
:10502000CCFD10B14FF0FF30F3E76F1CF16AC5F310
:105030000805354401EB5721304695F83C50FFF701
:10504000BCFD0028EED1C7F30807374497F83C3081
:1050500045EA0320E3074CBF0009C0F30B00D8E783
:10506000C16A01EB1421FFF7A8FD0028DAD1640022
:1050700004F4FF743444A08FCBE7C16A01EBD41170
:10508000FFF79BFD0028CDD1A40006F13C0004F4FD
:10509000FE742044FFF73BFC20F07040B9E7F8B500
:1050A0000C46012C0646114629D905682B6AA342F5
:1050B00025D92AB14FF0FF322846FFF7F3FEE8B9B1
:1050C00021463068FFF795FF27460446B0B1012816
:1050D00015D0431C15D0002239462846FFF7E2FEC2
:1050E00060B92A6AAB69911E8B4205D20133AB616C
:1050F0002B7A43F001032B72A242E1D8F8BD0220C3
:10510000FCE70120FAE72DE9F843046807460E465C
:1051100071BBD4F81490B9F1000F39D0236A4B4514
:1051200098BF4FF00109A06958B3B14534D1236A43
:105130003868751C9D4228BF02252946FFF759FF94
:1051400001281ED0431C1AD028B3D4F81480B8F11B
:10515000010F21D9236A984528BFB0464546236AE6
:105160000135AB421BD8B8F1010F17D1002008E080
:105170002046FFF73EFF012840D9421C03D14FF0E3
:10518000FF30BDE8F883236A8342FAD8B146CAE704
:105190004FF00109C7E775B9C846DFE7022538684F
:1051A0002946FFF726FF30B10128EAD00130E6D0CA
:1051B0004545D4D1DAE74FF0FF3229462046FFF7C4
:1051C00071FEA8B92EB12A4631462046FFF76AFE85
:1051D00070B9226AA3696561023A93429CBF03F1E8
:1051E000FF33A361237A43F0010323722846C8E703
:1051F00001280CBF4FF0FF300120C2E70120C0E7BB
:105200002DE9F8430369066803F12008B8F5001F8B
:1052100024BF0023836183690546894613B90420AE
:10522000BDE8F883C8F30807002F37D1416901337F
:10523000836131B9B389B3EB581F2FD80023AB6119
:10524000EDE7F389013B13EA582327D13046FFF7F6
:10525000D0FE0128044601D80220E1E7421C01D11A
:105260000120DDE7336A834212D8B9F1000FE5D09F
:1052700069692846FFF747FF0446B0B10128EBD023
:10528000431CEDD001463046FFF783FE0028C7D10E
:105290006C6121463046FFF744FBA8613C363E4432
:1052A000C5F81080EE610020BAE70720B8E70000DB
:1052B0002DE9F047FF24056807460E46A1464FF04A
:1052C0000408B96919B9B8F1000F78D007E0284689
:1052D000FFF773FC804620B9F869017821B94FF0D7
:1052E00004080023BB616AE0C37AE52903F03F03A9
:1052F000BB7154D02E2952D023F02002A2F1080C09
:10530000DCF1000242EB0C02B24248D10F2B4CD12F
:105310004B0642D53B69447BFB6201F0BF01437BF6
:10532000A3423CD1428B002A39D10378D5F810E052
:10533000DFF8908023F040034FF00D0C013B0CFB95
:1053400003F34FF6FF7A4FF0010C98F8009030F815
:105350000990BCF1000F25D0FF2B20D82EF8139018
:10536000CC46013301320D2A08F10108EDD1027853
:10537000520607D5BCF1000F04D0FF2B0FD8002236
:105380002EF813204B1E5FFA83F900213846FFF7F1
:1053900037FF8046002894D0A3E78945BFD04FF05F
:1053A000FF09F2E7D145DDD0F9E7B9F1000F03D1EC
:1053B000FFF7C2FAA04202D04FF0FF33FB62404633
:1053C000BDE8F087E64F0608F8B521F4FF1323F493
:1053D000FF5306460D466BBB826804680161B2B993
:1053E0006379022B01D9236B93B9A389B3EB551FC2
:1053F00020D9206BC6E90520E0B100EB55203C34F4
:10540000C5F308052C44B061F461002013E0134695
:10541000E7891A46B5EB472F114603D22046FFF71E
:1054200080FAE7E73068FFF7E4FD431C024609D045
:10543000012801D80220F8BD236A8342FAD9A5EBDE
:105440004725E7E70120F6E7F8B50F460021066893
:105450000446FFF7B9FF68B90546A1693046FFF772
:10546000ACFB38B9E3691B78E52B00D01BB90135DB
:10547000BD4201D1F8BD054601212046FFF7C0FE1F
:105480000028EAD0042808BF0720F3E7C16A4B1CB4
:105490002DE9F04105680669044618D1E5274FF06B
:1054A0000108A1692846FFF788FBA0B9E3691F70CE
:1054B00085F807802369B3420DD201462046FFF7E5
:1054C0009FFE0028EDD0042808BF022003E0FFF76C
:1054D0007BFF0028E2D0BDE8F08100002DE9F04F0D
:1054E000002187B0D0F800900446FFF76DFF054615
:1054F000002840F088804FF0FF38FF2704F1200398
:10550000C4F82C80BA460193A1694846FFF755FBC1
:105510000546002877D1E6693378002B77D0F17AF9
:10552000E52B01F03F02A27103D0090757D50F2ADE
:1055300002D0C4F82C804AE094F82B2050063CD4CA
:10554000590642D52269777BE26203F0BF03727B82
:10555000BA423CD1728B002A39D13578D9F810A0E3
:1055600005F03F050D22013D55432A4A012002F175
:105570000D0B1178715A68B3FF2D28D80846CDE974
:105580000313059201F0D0FC02903AF8150001F0E7
:10559000CBFC029B8342DDE9043218D1039801352C
:1055A00001329345E5D13278520603D510B13AF86D
:1055B000152062B9013B5FFA83FA00212046FFF70C
:1055C0001FFE054600289FD01DE09A45BFD04FF032
:1055D000FF0AF2E74FF6FF7C6145E1D0F7E7BAF149
:1055E000000F04D13046FFF7A7F9B8420BD094F86A
:1055F0002B5015F001059CD101990B22304604F087
:10560000BDFC002895D1284607B0BDE8F08F0425E1
:10561000F9E700BFE64F06082DE9F04F90F82BA000
:105620001AF0A00489B0054640F0838007683A6903
:1056300032F81430002B64D105F1200696E80700FB
:1056400005AB1AF0010F83E8070079D0402385F8F5
:105650002B304FF001084FF07E0B05AA07CA3346E6
:10566000D7F810C003C323F8022BB8F1050F4FEA97
:1056700012421A7059D9ACF10201434631F8022F97
:10568000002A40D10DF1140C072203F00F0000F1A5
:1056900030013730392988BF01461B090CF8011D3C
:1056A00002F1FF32F1D102F12001694401F814BC8A
:1056B00005F11F0108469A4204D011F801CFBCF150
:1056C000200F34D1072A9CBF02F12001694403F165
:1056D000010396BF11F8141C20210132072BC1547D
:1056E000F0D92846FFF7FAFE814628BB08F10108E9
:1056F000B8F1640FB1D14FF00709484609B0BDE8D1
:10570000F08F013494E7102002F0010C0CEB4303FE
:1057100083F4883C13F4803F8CF0210C18BF63465F
:1057200001384FEA5202EFD1A8E74346AAE7013316
:10573000C1E74FF00609E0E70428DED185F82BA089
:105740001AF0020F1BBF0C340D230124B4FBF3F439
:1057500018BF013421462846FFF776FE814600280F
:10576000CBD1013C55D029692846A1EB4411FFF764
:105770002BFE81460028C0D13046FFF7DDF84FF6FA
:10578000FF780190A9693846FFF717FA814600288B
:10579000B3D1EB69019AD7F810E05A73E1B24FF038
:1057A0000F024FF00D0CDA72DFF8A4A018734A1E36
:1057B0000CFB02F29876D87684461AF8019B404595
:1057C00018BF3EF8120003F8090003EB090B0CF1B7
:1057D000010C18BF01324FEA1029002808BF4046CB
:1057E000BCF10D0F8BF80190E7D1404502D03EF897
:1057F00012200AB941F0400119700123FB71002108
:105800002846FFF7FDFC814600287FF476AF013C77
:10581000B8D1A9693846FFF7D0F9814600287FF44E
:105820006CAF01462022E86904F080FB03CEEB69EF
:1058300018605960B278318819819A7295F82B30C6
:10584000EA6903F0180313730123FB7155E700BFE6
:10585000E64F06082DE9F04F85B0036801930B78F9
:105860002F2B0646884601D05C2B0AD1424613787E
:105870002F2B904602F10102F9D05C2BF7D00023C8
:1058800001E0019BDB69B36098F800301F2B00F248
:10589000228180230021304686F82B3005B0BDE8F8
:1058A000F04FFFF791BD1F2830D80424012D4ED1B1
:1058B000BAF800302E2B50D100232AF8153006F10B
:1058C0001F02AB422CBF20212E2101330B2B02F8EB
:1058D000011FF6D144F0200486F82B403046FFF734
:1058E000FDFD96F82B30002800F0E480042840F0FD
:1058F0000381990603F0040240F1D880002A00F0E9
:10590000EA80802386F82B300020F5E02F2813D082
:105910005C2811D07F2808D8954A0923013B04D080
:1059200012F8011B8842F9D1E5E0FF2D00F0E38079
:105930002AF815000135D2E0424613782F2B904605
:1059400002F10102F9D05C2BF7D00024AEE7022D62
:1059500003D1BAF802302E2BAAD00AEB450306E099
:1059600033F8022D202A01D02E2A02D1013D002D2C
:10597000F6D14FF000032AF815306A00002D00F030
:10598000BA8000213AF8110020280B4601F10101EC
:10599000F8D00BB92E2801D144F00304524432F858
:1059A000021D2E2901D0013DF9D14FF020324FF0D8
:1059B000000972623262C6F827204FF0080B4F468A
:1059C0003AF81300002800F0BB80202803F10103FF
:1059D00004D02E2805D1AB4200F0A78044F0030488
:1059E000EEE7D94580F0A480AB4211D1BBF10B0F9B
:1059F00006D1A1E0AB4203D044F0030400F2A08042
:105A0000BF00FFB22B464FF00B0B4FF00809D7E752
:105A10007F2836D944F0020240F2B5110393029276
:105A200001F052FA10F0800FDDE9022310D0514945
:105A300000F07F00085C38B14F4C0721013960D07D
:105A400014F801CB6045F9D142F003025F2010E069
:105A5000FF28F0D90BF1FF31894503D344F003044B
:105A6000D946ADE706EB0901040A81F8204009F1A7
:105A7000010906EB0901144681F8200009F101092A
:105A80009EE72246D8E747F00207FFB2F1E7A007FA
:105A90003FF522AF07F0010344EA0313DCB244F000
:105AA000080317F0040F18BF1C4615E7002A08BFAB
:105AB000052021E05A071FD4B379DB061FD5019BCF
:105AC00003F13C013369C3F308031944019B58797E
:105AD000FFF787FAB0603368D3F810A0002518F8F4
:105AE000010B00283FF4E1AE40F2B51101F008FAD5
:105AF00000287FF4D8AE062005B0BDE8F08F052061
:105B0000FAE7A0F1410189B21929BCD9A0F16104D9
:105B100047F00101A4B2C9B2192C98BF0F46A0F1F9
:105B2000200189B298BF0846A3E7D945FFF45EAFCC
:105B3000BBF10B0F7FF45EAF44F003044FF00B0B8F
:105B400096F82030E52B04BF052386F82030BB00F3
:105B5000DBB2BBF1080F08BF1F4607F00C030C2B8C
:105B600003D007F00303032B91D144F00204B3E602
:105B7000AFAA0508664F0608B8AA050800214171BA
:105B8000FFF76CB82DE9F0430546ADF50D7D0C46E9
:105B900091469846002900F0C38003F03F0739463C
:105BA000FFF75CF8002840F0B3800CAB2B6149464E
:105BB00068460095FFF74EFE6E46024620B99DF9F5
:105BC0002B308342B8BF062218F01C0F00F08480EF
:105BD000002A42D0042A40F089803046FFF71CFD9D
:105BE0000246002840F0828047F00807D6F81C9053
:105BF00068794946FFF7F5F980460FF0D1FC014678
:105C000009F10E00FEF785FEF3692022DA72F169D0
:105C100000222846FEF759FFF36900221A775A77C7
:105C20009A77DA770123EB71B8F1000F12D0414671
:105C30003046D5F83890FFF732FA0246002855D1A1
:105C400049462846FEF7B9FF08F1FF336B6102466B
:105C500000284BD147F040070AE0B37903F0110365
:105C6000002B42D118F0040F54D118F0080FBDD109
:105C7000AB6BF169236261626879FFF7B2F9A060EA
:105C8000034601F11C00FEF742FE6A89A280002251
:105C90006274E261626117F020020646E0602560EE
:105CA000277414D000283DD0EF8960617F02B7428D
:105CB0001FD30022A361CAB9C6F3080139B119463E
:105CC0002846FEF72EFE48B300EB5620E061104652
:105CD0000DF50D7DBDE8F08342B9B379D8061BD42C
:105CE00018F0020FC4D0D907C2D5072200232360C1
:105CF000EDE719462068FFF77CF901280346A6EB7B
:105D0000070603D9421CD2D10122D3E70222D1E7F0
:105D10000246EBE70822E9E70422E7E70222E5E78B
:105D20000922D4E70246D2E72DE9F04F9B4685B021
:105D300000238946CBF8003003A904461546FEF738
:105D400009FE002840F0838094F81180B8F1000F1C
:105D50001FD194F810A01AF0010300937AD0E768DD
:105D60006369FF1AAF4228BF2F4697B16269039E4D
:105D7000C2F30803002B52D1F389013B13EA522AE4
:105D800018D152B9A06801280CD84FF0020884F845
:105D90001180404605B0BDE8F08FA1692068FFF78B
:105DA00028F9F0E7431C04D10123DDF80080637477
:105DB000EFE7A061A1693046FEF7B3FD0028E4D00B
:105DC0007D0A0AEB000229D0F18901920AEB050055
:105DD000884288BFA1EB0A0530682B464946FEF78A
:105DE00069FB0028E0D1F37963B1B06B019A801AA6
:105DF000A84207D24FF4007206F13C0109EB4020A3
:105E000004F04AF86D02DBF800302B44CBF8003088
:105E100063692B447F1BA9446361A6E7E261E169E2
:105E200065693046FEF7C9FE0028BDD1C5F30805F7
:105E3000C5F500756169BD4228BF3D463C36C1F3DA
:105E400008012A463144484604F026F8DBE74FF0C3
:105E500009089EE74FF007089BE72DE9F04F9A46A7
:105E600085B000238946CAF8003003A9044690464D
:105E7000FEF770FD002840F0A780677C4FBB237CB5
:105E80009A0740F1A380636913EB080F01D36FEA0F
:105E90000308B8F1000F04D1237C43F040032374BE
:105EA00017E06369039EC3F30802002A70D1F589E5
:105EB000013D15EA53251AD17BB9A16829B92046BD
:105EC000FFF721F901460028E6D0012907D1022772
:105ED0006774384605B0BDE8F08FA169EFE74B1C49
:105EE00001D10127F4E7A368A16103B9A160B26BF6
:105EF000E3699A4204D13046FEF7F2FD0028F0D162
:105F0000A1693046FEF70DFD0028E0D05FEA582376
:105F100005EB000B2FD0F189E818884288BF4B1B96
:105F2000306801935A464946FEF7D3FA05460028E1
:105F3000D7D1B16B019BA1EB0B01994209D24FF470
:105F4000007209EB412106F13C0003F0A5FF019B23
:105F5000F5715D02DAF800302B44CAF8003063694D
:105F6000A8EB0508A9441D44E3686561AB422CBF5A
:105F7000E360E5608DE76169E368994206D33046E6
:105F8000FEF7AEFD0028ACD1C6F838B0C4F81CB09E
:105F9000E16965693046FEF710FE0028A1D1C5F31E
:105FA0000805C5F5007563694545C3F3080328BFB7
:105FB000454606F13C0018442A46494603F06CFF6A
:105FC0004FF00103F371C5E7092782E7072780E750
:105FD0002DE9F34101A90546FEF7BCFC88BB2C7CEA
:105FE00014F0400429D00FF0DBFA019F296A8046A3
:105FF0003846FEF7E2FD0446F8B96E6AF37A43F0DC
:106000002003F372AA6828683146FEF75EFDE9684E
:1060100006F11C00FEF77DFC414606F11600FEF776
:1060200078FC0123B474F4743846FB71FEF77AFDF2
:106030002B7C23F0400304462B74204602B0BDE8BD
:10604000F0810924F9E713B50446FFF7C1FF28B929
:1060500001A92046FEF77EFC10B9206002B010BDF9
:106060000920FBE7F0B50F46ADF50D7D0021064692
:10607000FEF7F4FD044670B90CAB3361394668464F
:106080000096FFF7E7FB044698B99DF92B30834251
:1060900005DA029BF36120460DF50D7DF0BD9DF8FC
:1060A0000630DB0609D507997079FEF79AFFF06193
:1060B000F1E7042808BF0524EDE70524EBE72DE907
:1060C000F04F0D460021ADF5557D297007469046ED
:1060D000FEF7C4FD064600285ED154AAD7F81C90EE
:1060E00002973A614446B9F1000F16D1444502D1F6
:1060F000013C2F232B552B46611B1A5D03F8012B06
:106100005A184245F9D308F1FF331B1B0134A0454F
:1061100038BF002301351D443EE0019BCDF81090AF
:10612000202102A80993FFF74FF9002861D1099BAC
:10613000089901933846FEF740FD8246002856D163
:1061400001997879FEF74DFF5146049002A8FFF7B8
:106150003BF900284DD1049809990490099102A8AF
:106160000021FFF7A5F8824688B9099B7879019349
:106170001946FEF736FF484515D0514602A8FFF7ED
:106180003FF8824609990498BAF1000FE5D0BAF1B8
:10619000040F14BF56460226002330462B700DF51F
:1061A000557DBDE8F08F02A80EA9DDF81090FEF72E
:1061B000F5FB0DF14D00524610F8013F114601323A
:1061C000002BF9D1944216D328190A4632B9621E1F
:1061D000541A2A44521A2F21117084E7013A0EAB47
:1061E00003EB020C9CF816C000F801CDEEE7064662
:1061F000D2E70646D0E71126CEE72DE9F7430D4654
:1062000001A90446FEF7A6FB00287FD1667C002E7C
:1062100051D1E368AB4204D2227C12F0020F08BFD6
:106220001D46002263696261ADB1DDF80490B9F8E2
:106230000E804FEA482803B3013B6A1EB3FBF8F116
:10624000B2FBF8F28A4218D3C8F100071F40676119
:10625000EF1BA569B5B9E2686369934282BF227CEE
:10626000E36042F04002C3F3080388BF227413B313
:10627000E369AB421FD0E5611DE0A168A1B12F46E3
:10628000A1610D462946474522D83A466369C2F3C3
:10629000080513446361002DDDD04846FEF741FB3D
:1062A00038B100EB5225D6E72046FEF72CFF012837
:1062B00005D102266674304603B0BDE8F083411C68
:1062C00001D10126F6E72F46A060A0610546C1E78F
:1062D000636943446361237C9A0706D52046FEF731
:1062E00012FF024628B90146D0E72068FEF781FE7A
:1062F0000246531CE5D0012ADBD9D9F8203093425D
:10630000D7D9A7EB0807A2611146BCE70926D2E757
:1063100070B50546ADF5007D0C46164649B3002123
:10632000FEF79CFCD0B925603146C5F810D0204658
:10633000FFF790FAB8B994F92B30834207DBA379C1
:10634000DB0614D56879E169FEF74BFEA0606B8926
:10635000A38000212046FFF737F808B1002323600F
:106360000DF5007D70BD042808BF0520F6E7052067
:10637000F4E70920F4E713B501A90446FEF7EAFAA9
:1063800000B9206002B010BD70B5ADF5027D0D46BC
:1063900001A90446FEF7DEFA00BB3DB929462046B6
:1063A0000DF5027DBDE87040FFF70EB8019B02AA13
:1063B00001461A612046FEF77BFF10F0FB060AD16A
:1063C00029462046FEF7EAFA31462046FEF718FF36
:1063D000042808BF00200DF5027D70BD0920FAE7F2
:1063E0002DE9F0418846ADF50C7D002107461646A3
:1063F000FEF734FC0097044680B90CAB3B61414684
:106400006846FFF727FA044640B99DF92B308342CE
:1064100009DB1EB131466846FEF7C0FA20460DF58D
:106420000C7DBDE8F0810624F8E72DE9F0478846A9
:1064300000210446FEF712FC054640B9D4F820902E
:10644000A369A9F10202934204D8C8F80030284693
:10645000BDE8F0876379012B17D10227064639463C
:106460002046FEF7C6FD431C34D0012834D000B9C5
:106470000136236A0137BB42F1D8C8F80060237A9D
:10648000A66143F001032372E1E7D4F82CA007468C
:10649000064637B951462046FEF78FFBF0B90AF1A0
:1064A000010A627907F13C03022A04EB030009D1D7
:1064B000E35A03B901360237B9F10109C7F30807F6
:1064C000E7D1DAE7FEF723FA30F0704308BF013670
:1064D0000437F1E70125D0E70225CEE70546CCE7F2
:1064E0002DE9F0410F46ADF5187D02210546FEF776
:1064F000B5FB0446A8B918AB8DF82B002B613946C3
:1065000068460095FFF7A6F9044650B99DF82B3070
:1065100013F0A00F3DD19DF8068018F0010F05D0B3
:10652000072420460DF5187DBDE8F08107996879AC
:10653000FEF757FD18F0100F07460BD16846FEF71F
:10654000A5FF04460028ECD1D7B92846FEF7EAFAA1
:106550000446E6E7EB698342E2D00E9021460CA8A0
:106560000C95FEF731FF04460028DAD101460CA84D
:10657000FEF79EFE04460028D2D00428D1D1DDE7E4
:10658000024639466846FEF78AFD04460028C8D10F
:10659000DBE70624C5E72DE9F0470F46ADF5107D92
:1065A00002210546FEF75AFB044600286CD110ABC9
:1065B0002B61394604A80495FFF74CF904460028DE
:1065C00071D0042860D19DF83B1011F020016CD1EE
:1065D00068460095FEF797FD0746002859D0012828
:1065E00059D0431C5C425C410EF0DAFF8146002C1E
:1065F00053D139462846FEF7CCFC044600284CD13E
:106600004FF02033C5F83D30C5F84130A5F845308E
:106610002E2385F83C30102385F84730494605F194
:106620005200FEF776F93A4605F13C012846FEF79E
:106630004CFA05F15C031A4651F8040B42F8040BBE
:106640009942F9D12E23069A85F85D3028464FF0FD
:10665000010AFEF73AFA85F807A004A8FEF7DCFF66
:106660000446D0B90B9849461630FEF752F93A461F
:106670000B992846FEF729FA0B9B1022DA7285F84F
:1066800007A0FEF74FFA044620460DF5107DBDE841
:10669000F0870724A8E70224A6E7002239466846C7
:1066A000FEF7FDFCF0E70824EEE70624ECE72DE911
:1066B000F0430E46ADF5217D022104469146FEF7DA
:1066C000CDFA002837D120AB0A902361314608A8C3
:1066D0000894FFF7BFF870BB9DF84B3013F0A00F84
:1066E0007CD10F9EDDF8288033466F4606F1200CE2
:1066F000186859683A4603C2083363451746F7D10C
:106700000DF1200EBEE80F00F77A14AEB446ACE8E7
:106710000F00BEE80F00ACE80F009EE80F008CE809
:106720000F0049463046FFF795F8002853D1B3686B
:10673000434504D008200DF5217DBDE8F083326982
:106740000C9B9A42F6D13046FEF766FF0028F2D144
:10675000F1690DF10D0301F10D020DF11D0053F86A
:1067600004CB42F804CB8342F9D1188810809B787F
:10677000937047F0200317F0100FDBB208BF1F46DD
:10678000CF720127E771CB7ADB061BD5B36843458F
:1067900018D06079FEF725FC01462046FEF7C1F8C7
:1067A0000146E8B12046FEF708FA0028C3D194F864
:1067B0005D302E2B06D1B26804F15C012046FEF755
:1067C00084F9E77108A8FEF761FE0028B3D12046DE
:1067D000FEF7A8F9AFE70428ADD1B4E70620AAE791
:1067E0000220A8E7F0B50F4693B002210546FEF758
:1067F00035FA60BB4FF02033CDE90033013FCDF8CF
:106800000730044617F8010F1F2813D89DF80030F1
:10681000E52B1BD024B1631E1DF80320202A25D0B0
:10682000002106A806950891FEF7CEFD0746F8B1AF
:1068300038460CE040F2B51100F062FB30B100F0D8
:1068400073FB40F2B51100F03FFB10B9062013B006
:10685000F0BD254B1A7822B1904203F10103F9D122
:10686000F4E7FF2830D80B2C37D1EFE71C46D1E7EF
:10687000012106A8FEF71CFD90B90D9A44B16B46A4
:1068800003CB1060516019889B789372118101E0ED
:10689000E52313700123EB712846FEF743F9D6E791
:1068A0000428D4D1002CC3D0012106A8FEF7CCFDCA
:1068B0000028CCD1202201460D9803F037FB0D9B18
:1068C0000822DA720D9ADAE7092CBFD804F14803DE
:1068D0006B44020A03F8482C013404F148036B446A
:1068E000013403F8480C8DE7544F06082DE9F04FAA
:1068F000D0F800908DB01C460023437103910379BA
:106900000293164605210DF127024846169DFDF714
:10691000F5FD9DF82730DA0700F189815F0700F166
:1069200088810AAA03214846FDF7E8FD30B90A9A92
:10693000531EB3F5004F01D21A4201D001230A932E
:106940005EB19B4BA6F500729A4202D8731E334289
:1069500003D013200DB0BDE8F08F14B16B0A05937E
:1069600001D11120F6E7029B002B00F08B80012360
:10697000002221464846FDF79DFD08B10120E9E7C8
:10698000B4F8FE214AF655239A4279D1029B04EBD2
:10699000031202F5D77392F8B221002A70D003F1E6
:1069A0000800FDF7B4FF804603F10C00FDF7AFFFD0
:1069B0008346BBF1150FCDF82CB061D9B6F5813FF8
:1069C0004FEA5622C5D2039B13F002030693039BA2
:1069D0006ED003F00703022B04D0039B03F00103E6
:1069E000002B68D1002A40F03381724B4FEA5B459F
:1069F0000122188808B1A8427FD900236E4EBBFB44
:106A0000F2F5A5F57F40F638B04239D8AD0005F271
:106A1000072516461A46002301936D0A20230327F3
:106A20000198DDF828E008EB030A05EB000CD444DC
:106A30000EF1FF306044CEF1000E00EA0E00A0EB34
:106A40000C00032F06BF1B1882442D18C8EB06103C
:106A50006044584514D80198ABEB0000C01A032FCE
:106A6000A0EB0500B0FBF6F004904ED104994FF670
:106A7000F570814200F2F58012B9720840F0E880AA
:106A80000E2067E70BAA01214846FDF737FD0028D5
:106A90007FF474AF039A0B9B100706D43E2BEFD9FB
:106AA0004FF03F08A3EB080B83E7DDF80880F9E718
:106AB000D9077FF54EAF32BB404B4FEA1B3501265D
:106AC000188808B1A8421BD940F6F573BBFBF6F550
:106AD0009D429BBF05EB4505013502356D088CBF16
:106AE0006D0003354FF0200305F2FF1501938CBFB5
:106AF000022701276D0A012392E70233520078E74B
:106B000002337600DCE71646DEE7022F40F0A28073
:106B100004994FF6F570814208D9002A40F094801C
:106B20007600402E00F287803246C4E7049940F692
:106B3000F570814200F29580002AA1D17200802A6E
:106B4000B9D99DE7594604F12000FDF7E2FEB0E017
:106B50000EF026FD014604F12700FDF7DAFE2B0AB0
:106B6000E375802384F82430292384F82630144BDD
:106B7000A57504F12B0203F1100153F8040B42F840
:106B8000040B8B42F9D1D3E0F8232370FF23637009
:106B9000A370E37023716371A371E3712372637255
:106BA000A3720F23E37229E10C2562E1062560E15F
:106BB00000FEFF00464F0608FFFFFE0F384F060895
:106BC000DFAA0508039B1B0700F16E8102994FF4B1
:106BD0000072204603F0AAF9552384F8C2510B9D98
:106BE00084F8FE31AA2384F8FF3105EB080243F64E
:106BF000C163B2FBF3F2FE2384F8C331930843F080
:106C00003F03012684F8C43184F8C521414604F5C8
:106C1000E37084F8BF6184F8C061FDF77AFE29460D
:106C200004F5E570FDF775FE029A334635E1032061
:106C300090E60A208EE6069B002B7FF4D6AE802ECF
:106C40003FF61EAF32463FE7069B002B3FF418AFDE
:106C50001346D3E6049940F6F57291423FF610AF21
:106C600001274FF4007200212046069303F05EF9DD
:106C7000069B924AA3731B0A1168E37301232160E8
:106C8000237451686160FB1E1189927AA27218BF49
:106C9000012302225B00BBF5803F218122736673D2
:106CA000A374BFF44FAF84F813B04FEA1B2B84F8E2
:106CB00014B0F82363753F232376FF23A376414660
:106CC00004F11C00FDF725FE032F7FF441AF0EF009
:106CD00067FC014604F14300FDF71BFE294604F161
:106CE0002400FDF716FE022384F82C30002384F8DC
:106CF0002D3084F82E3084F82F3084F8313084F829
:106D00003330802384F840302923012284F8423034
:106D10006B4B84F83020062284F8322003F11001F6
:106D200004F1470253F8040B42F8040B8B42F9D1EB
:106D300019889B7893704FF0AA0B4FF05503118080
:106D4000484684F8FE3184F8FFB1012342462146CB
:106D5000FDF7BFFB069000287FF410AE059B032FC4
:106D60004FEA4323079339D1012308F10602214654
:106D70004846FDF7AEFB06994FF40072204603F03B
:106D8000D5F85223237063706123A37084F8E73130
:106D9000049B41227221E27084F8E41184F8E51129
:106DA00084F8E621591E04F5F470FDF7B2FD0223C4
:106DB00084F8EC314FF0550384F8FE3108F10702F6
:106DC0000123214684F8FFB14846FDF782FB0123E9
:106DD00008EB030221464846FDF77BFB079A00219A
:106DE000204603F0A3F8032F3FF4CEAE012F354920
:106DF000204618BF6FF00701FDF78BFD059BAB42E6
:106E000028BF2B462146524648469B46FDF761FB6C
:106E1000014600287FF4B2AD4FF40072204603F023
:106E200085F8B5EB0B05DA44E8D1019B032F08BFC9
:106E300033460193019D059B9D4228BF1D462B466D
:106E4000524621464846FDF744FB00287FF496ADA4
:106E5000019B5B1BAA440193ECD1032F3FF4A4AE2A
:106E60000B9BB3F5803FBFF4A1AE022F14BF0125E9
:106E70000425029B002B3FF4A5AE002201232146EE
:106E80004846FDF717FB024600287FF477AD029BCA
:106E900004EB031383F8B251012321464846FDF762
:106EA00018FB00287FF46AAD002211464846FDF722
:106EB00025FB003818BF01204CE500BFBFAA05081C
:106EC000CBAA0508F8FFFF007F2801D880B27047E1
:106ED000B0F5803F01D30020704740F2B5139942CE
:106EE000F9D1064A00231188814204D00133802B56
:106EF00002F10202F7D18033D8B27047A2520608DD
:106F00007F280DD940F2B513994201D00020704777
:106F1000FF28FBD800F10040024B803833F8100006
:106F2000704700BFA2520608B0F5803FF0B522D2EC
:106F30001F4A204983B2B3F5805F38BF0A46141D4B
:106F400034F8042C2146AAB1934213D334F8025CDE
:106F50002E0AEFB252FA85F5A84223DA082E09D894
:106F6000DFE806F0050A10131517191B1D00801A1B
:106F700034F810301846F0BD9A1A02F001029A1A3D
:106F800093B2F7E7103B9BB2F4E7203BFBE7303BC3
:106F9000F9E71A3BF7E70833F5E7503BF3E7A3F5CA
:106FA000E353F0E70434002ECAD101EB4702C6E7F1
:106FB000F44F0608B050060808B510EE103A5A0013
:106FC0002DED028BB0EE408A11D4F7EE007A30EE50
:106FD000678A38EE080AA8EE080A02F059FF38EE70
:106FE000000ABDEC028BBDE8084001F06FBB23F046
:106FF0000043B3F18B4F15D2BFEE000AA8EE080A8A
:1070000002F046FF70EE087AB7EE007A87EE270AA4
:10701000F0EE007A98EE270ABDEC028BBDE808403E
:1070200002F0A4B802F0A2F8BDEC028BDFED027A08
:1070300030EE270A08BD00BF1872313FDFED0A7A33
:107040009FED0A7ADFED0A6AA0EE277ADFED097A72
:10705000E7EE007AB7EE007AA0EE267A67EE807A45
:1070600087EE870A704700BF6BD30DBCBA132FBDE4
:10707000AEE534BF75AA2A3E10B510EE104A24F0D2
:107080000043B3F17E5F2DED028BB0EE406A14D366
:1070900019BF76EE467A9FED237ADFED237A9FEDD6
:1070A000237A12BF87EE276AE0EE077AB0EE676AAE
:1070B000BDEC028BB0EE460A10BDB3F17C5F0BD283
:1070C000A3F50003B3F1645FF2D320EE000AFFF7EB
:1070D000B5FFA0EE066AEBE7B0EEC06AB7EE008A35
:1070E00038EE468AF6EE007A28EE278AB0EE480A95
:1070F00002F0CEFEB0EE406AB0EE480AFFF79EFF07
:10710000A0EE066A002CDFED0A7AB0EE007AE6EE19
:10711000077A9FED066A36EE676AB8BFB1EE466A37
:10712000C6E700BF0000000000008003DA0FC93F7F
:107130006821A2B308B510EE103A23F00042B2F174
:107140007E5F2DED028BF0EE405A12D30AD19FEDF7
:10715000360ADFED367A002BB8BFB0EE670ABDEC19
:10716000028B08BD70EE405ADFED2F7A87EEA50A3C
:10717000F5E7B2F17C5F11D2B2F14A5F9FED2C6A64
:107180004ED920EE000AFFF759FFDFED2A7AE0EE34
:10719000657A75EEE75A36EE650AE0E7002BB7EE42
:1071A000008AF6EE007A1ADA70EE085A25EEA78AFF
:1071B000B0EE480A02F06CFEB0EE406AB0EE480A4B
:1071C000FFF73CFFDFED1C7AE0EE067A9FED180A30
:1071D00077EE867A30EE670A30EE000ABFE738EEC7
:1071E000408A28EE278AB0EE480A02F051FE10EEDF
:1071F000103A6FF30B0305EE903AB0EE487AA5EE25
:10720000E57A70EE257AB0EE405A87EE276AB0EE46
:10721000480AFFF713FFA0EE056A36EE250ADBE702
:10722000B0EE460A9BE700BF00000000DA0F4940BD
:10723000DA0FC93F6821A2336821A2B310B52DED42
:10724000048B84B08DED010A019C24F00043B3F15E
:107250008B4F08EE103A11D3B0EE480A01F086FFCA
:10726000DFED207A30EE278A002CB8BFB1EE488AD5
:10727000B0EE480A04B0BDEC048B10BD620014D51A
:10728000F7EE008AB0EE680AA8EE080A02F000FEE7
:1072900070EE087A88EEA70AF0EE007AA8EE270AC8
:1072A00001F064FFB0EE408ADEE7B3F1665F10D311
:1072B00068EE088AB7EE009A38EE890A02F0E8FD17
:1072C00070EE097A88EEA70A30EE080A01F0FEF99E
:1072D000E8E7DFED057A78EE277ACDED037A039BB8
:1072E000C2E700BF1872313F0000807BF4EE400A15
:1072F000F1EE10FA10B5F0EE407A04D770EE207A75
:10730000B0EE670A10BD10EE902AB2F17E5F03D195
:10731000BDE8104000F082B810EE103A940F04F06F
:10732000020444EAD37433F0004308D1022C59D04C
:107330009FED317A032C08BFF0EE477AE0E732F098
:10734000004209D1DFED2D7A9FED2D7A14F0010F67
:1073500008BFF0EE477AD3E7B2F1FF4F10D1B3F197
:10736000FF4F04F1FF3407D1022C3ED8254B03EB2D
:107370008403D3ED007AC3E7022C39D8224BF6E719
:1073800002F150619942DDD3B3F1FF4FDAD0A1078A
:1073900003D503F1506393420CD387EEA00AB0EEFD
:1073A000C00A00F03BF8012CF0EE407A04D1F1EE77
:1073B000407AA5E7DFED157A022C0AD0002C9FD089
:1073C0009FED137A77EE877A9FED127A77EEC77A80
:1073D00096E79FED0F7A77EE877A9FED0E7A77EE3C
:1073E000677A8DE7DFED0B7A8AE7DFED0B7A87E7C7
:1073F000DFED067A84E700BFDB0F49C0DB0FC9BFB2
:10740000DB0FC93FB0530608A45306080000000074
:107410002EBDBB33DB0F4940DB0F493F10EE102A76
:1074200022F00043B3F1994F82B00ED3B4EE400A7C
:10743000F1EE10FA07D69FED410ADFED417A002AFE
:10744000B8BFB0EE670A02B070473E498B420BD816
:10745000B3F1665F5AD212F0FF4FF4D160EE007ABA
:10746000CDED017A019BEEE737498B42F0EEC07A11
:1074700037D8A1F5D0018B4229D8F0EE006ABFEED3
:10748000007AA7EEA67A002377EEA67A87EE270A7F
:10749000591C60EE006A9FED2D6ADFED2D7ADFED5D
:1074A0002D5A26EEA67AE7EE067A9FED2B6AA7EE16
:1074B000876ADFED2A7AE7EE257A67EE877AE6EECD
:1074C000267A67EE807A24D130EE670ABBE7B7EE02
:1074D000007A77EEC76A77EE877A012386EEA70AED
:1074E000D6E71F498B420BD8F7EE086AB7EE007A51
:1074F000A7EEA67A022337EEE66A86EE070AC7E70A
:10750000BFEE007A87EE270A0323C1E74FF0FF336F
:10751000BEE71449144801EB830100EB830393EDAC
:10752000007A77EEC77A002A37EEC00AD1ED007AEA
:1075300037EEC00AB8BFB1EE400A84E7DA0FC93FA0
:10754000DA0FC9BFFFFFDF3EFFFF973F25AC7C3D51
:107550000DF5113E4712DABDA9AAAA3E98CA4CBE43
:10756000FFFF1B40CC530608BC5306081FB58DED2A
:10757000010A019C24F00043B3F17C5F00EE103A55
:1075800023D2B3F13E5F0DD214F0FF4F04D160EE71
:10759000007ACDED037A039B002CB8BFB1EE400A10
:1075A00004B010BD30EE007AF7EE007A67EE006AA4
:1075B00077EEC07A86EEA70A30EE070A01F086F869
:1075C000F6EE007A20EE270AE6E7F7EE007A77EE8D
:1075D000C07A80EE277A37EE070AEFE770B510EE33
:1075E000105A844A25F00043934286B0044605D8D9
:1075F000002380ED000A4360002022E07E4A93428F
:107600003AD825F00043002DDFED7C7A7C4A23F048
:107610000F0318DD934230EE670A09BFDFED797A78
:107620009FED797A9FED797A30EE670A70EE477AAE
:1076300030EE670AC0ED007A30EE470A80ED010AAD
:10764000012006B070BD934230EE270A09BFDFED7E
:107650006D7A9FED6D7A9FED6D7A30EE270A70EEB0
:10766000077A30EE670AC0ED007A30EE070A80ED47
:10767000010A4FF0FF30E4E7654A93426CD89FED72
:10768000657AB0EEC00AF6EE007AE0EE077AFDEE1B
:10769000E77AB8EEE76A17EE900ADFED587AA6EEC1
:1076A000670A1F28DFED587A66EE277A70EE676A60
:1076B00009DC5949461E25F0004251F8261022F0F7
:1076C000FF028A4207D116EE902AC2F3C752C2EBDC
:1076D000D352082A15DCB0EE407A37EE667A002DD8
:1076E00037EE677AC4ED006A84ED017AA9DAF1EE2B
:1076F000666AB1EE477AC4ED006A84ED017A4042D1
:107700009FE7DFED406AB0EE407AA6EE667A70EE53
:10771000477AE6EE667ADFED3D6AD6EE267A77EEB8
:10772000676A16EE902AC2F3C752C2EBE353192BD5
:10773000D3DDDFED3A6AF0EE475AE6EE665A77EEB1
:10774000657A9FED377AE6EE667AD6EE077AB0EE86
:10775000657A75EEE76AC0E7B3F1FF4F06D330EE06
:10776000400A80ED010A80ED000A45E7DA15863A05
:10777000A3EBC25307EE903ABDEEE77ADFED296A3C
:10778000B8EEC77A77EEC77A8DED037A67EEA67A00
:10779000BDEEE77AB8EEC77A77EEC77A8DED047A58
:1077A00067EEA67AF5EE407AF1EE10FACDED057AA5
:1077B0001ED1B5EE407AF1EE10FA0CBF0123022380
:1077C000194901910221009103A8214600F0E8FB2C
:1077D000002DBFF636AFD4ED007AF1EE677AC4ED36
:1077E000007AD4ED017AF1EE677AC4ED017A86E78A
:1077F0000323E5E7D80F493FE3CB1640800FC93F8D
:10780000D00FC93F004435374344353708A3852E90
:10781000800F494384F9223FDC53060800A3852EDC
:1078200032318D24000080435C54060870B510EEA0
:10783000105A25F000440123B4F1FF4F2DED048BC5
:107840000646B0EE408A036006D320EE008AB0EE12
:10785000480ABDEC048B70BD34B9DFEDD07AB7EEC9
:10786000007A87EE278AF2E7B4F1E45F0BD2002DAD
:10787000BEBF4FF0FF330360B1EE400A01F076FC6B
:10788000B1EE408AE3E7002D80F2C482B4F1964F56
:10789000E3D2B4F17A5FDFEDC29A2AD2DFEDBF0AFC
:1078A00020EE290A002000F0E9FDB0EE409AB5EE86
:1078B000409AF1EE10FAD0D028EE090AB0EEC00AD4
:1078C00089EE800A01F052FCB5EEC09AF1EE10FA92
:1078D000F0EE408A02D54FF0FF333360B4F17E5FA3
:1078E00002D0B4F1804F62D19FEDAC8A38EEC88AE5
:1078F000ADE7F1EE408AB0EE680A01F077FDF4EEF4
:10790000408AF1EE10FA19D0F6EE007A68EEA78AF6
:10791000B0EE680A01F06AFD38EEC00A30EE000AE7
:10792000F0EE407AFEEECF7A17EE903A062B39D879
:10793000DFE803F02312121F1F2B2B00DFED997AD3
:1079400077EEC87A17EE903A03F0010307EE903A0B
:107950009B00B8EEE70AE9E7F6EE007A37EEC00AD8
:10796000DFED8E0A20EE290A00F0C0FAB1EE409A4F
:107970009DE7F7EE007A37EEC00ADFED880A20EEC9
:10798000290A002000F07AFDF0E7F7EE087A30EEE1
:10799000670ADFED820A20EE290A00F0A7FAB1EEAD
:1079A000400AE3E7F0EE007A30EE670AE5E7B1EE71
:1079B000488A6B0000F17E817B4B9C4200F29A80EA
:1079C000B0EE480A01F0D2FB784B9C42B1EE400A7F
:1079D00042D9B7EE007A37EE487A67EE077ADFEDE4
:1079E000746A9FED746A9FED748AA7EEA66ADFED54
:1079F000736AE6EE276A9FED726AA6EEA76ADFED6C
:107A0000716AE6EE276A9FED706AA6EEA78ADFED3F
:107A10006F6AE7EE866A9FED6E6AA6EEA76ADFEDF3
:107A20006D6AE6EE276A9FED6C6AA6EEA76ADFED47
:107A30006B6AE6EE276A28EE078AA6EEA78AF6EEBC
:107A4000007AA7EE678A38EE008A002DFFF64EAF67
:107A5000FDE6DFED528AACE7614B9C4264D99FEDB5
:107A6000617A38EE477A67EE074A9FED5F6ADFED8D
:107A70005F6ADFED5F5A9FED5F5A9FED5F8A64EEAC
:107A8000877AE7EE866A9FED5D6AA6EEA76ADFED6C
:107A90005C6AE6EE276A9FED5B6AA6EEA76ADFEDF9
:107AA0005A6AE7EEA65ADFED596AE5EEA76ADFEDFE
:107AB000585AE6EEA75ADFED576AE5EEA76ADFED02
:107AC000565AA7EEA55ADFED555AE5EE275A9FED17
:107AD000545AA5EEA75ADFED535AE5EE275AE5EEC4
:107AE000876AA6EEE78ADFED507A94EE868A38EE52
:107AF000678AA8E74D4B9C4206D9B0EE007A37EE74
:107B0000487A9FED260A68E7494B9C4206D99FEDCB
:107B1000497A9FED220A38EE477AA4E7F7EE007A19
:107B200038EE678A9FED1D0A9FED437ADFED437AB9
:107B3000DFED436AE8EE077A9FED427AA7EE887A96
:107B4000DFED417AE7EE087A9FED407AA7EE887A7A
:107B5000DFED4A7AE7EE087A9FED3D7AE8EE076AB4
:107B60009FED3C7AA6EE887ADFED3B6AE7EE086A85
:107B70009FED3A7AA6EE887AF7EE006AE7EE086A99
:107B800067EE887A87EEA67AFEEE006AF0EE477A14
:107B9000E8EE267A37EE808A57E700BF0000000043
:107BA000DB0F49400000004B6666663F1F4A3B3FC3
:107BB000A283D337679767393F239E3DA1549C3AF0
:107BC0007E02F23B01F0893D752C3C384584E23859
:107BD00034B6053AC66E3D3B1599A83C661AA53EDB
:107BE00007336D3E0C5BEC3E6B7BA53976F4B7BA80
:107BF00067F8663A85300DBA521CE63107E7C73B95
:107C0000474D06BD5EB9F73E27F9A3B9FE7771BBB4
:107C10003D37933C3C2117BEF7E9AF399916143B29
:107C2000FEFC28BC155A843DCDCDF83D17A6DD3F9E
:107C30001FA69D3FC316BB3F5E3C5B3C78756A3E0A
:107C4000AF72D53DB24B7A3FE73ABA3FF400223FDC
:107C5000DBD5523BDFEF443F2D390840BE2E1D409F
:107C600067FF0538B435F13ABDD7F536E440DA3C64
:107C7000E6DC153E7ACCA63E5A245C3E3F239EBDF0
:107C8000D6EE4B3A54BF983C6E0F303EC5D0383FCD
:107C90003B2DB23FE8C4D5BAD23D5B3A5C061CBA74
:107CA000FD0C503A610B36BBABAAAA3D1D7FD63EF8
:107CB00000000000B4F1824FB7EE009A75D2BDEE1D
:107CC000C87A5FED196A1FED196A5FED195AF8EE6F
:107CD000C77A17EE103A78EE677A033BA7EEA66AEA
:107CE0005FED1E6AE6EE276A1FED1F6AA6EEA76A21
:107CF0005FED206AE6EE276A1FED216AA6EEA76A0D
:107D00005FED226AE6EE276A1FED236AA7EEA56AF9
:107D10005FED245AE6EE275A1FED256AA5EEA76A05
:107D20005FED265AE6EE275A1FED276AA5EEA76AF1
:107D300066EEA76AA6EE279A86EE898AF6EE006AB4
:107D4000A7EEA68A042B3FF680AEDFE803F02B28CF
:107D500025220300B1EE087A37EE877AF1EE046A45
:107D600077EEA66A66EE876AB1EE007A37EE877A1A
:107D700027EE267AB0EE080A37EE800A20EE070AD0
:107D8000B0EE007A77EE877A27EE800A01F0EEF9FE
:107D900059E6B7EE007AE1E7F7EE006AE4E7B7EEFE
:107DA000007AE7E7B7EE000AEAE7B4F1B94FB0EEC0
:107DB000480A28D201F0DAF9C9EE086A5FED4B5A99
:107DC0001FED4B6A66EEA67AB6EE007AA7EEA56ABC
:107DD0005FED4E5AE6EE275A1FED4F6AA5EEA76AF1
:107DE0005FED505AE6EE275A1FED516AA5EEA76ADD
:107DF00038EE477A1FED538AA6EE268A30EE490AFE
:107E0000A7EE008A21E601F0B1F930EE490A20EE32
:107E1000088A1AE6B4F17E5F03D0B4F1804F7FF494
:107E200018AE1FED5D8A12E510EE901A4A0030B5CB
:107E30000AD0F4EE600AF1EE10FA05D610EE104A00
:107E4000C4F3C753FF2B04D160EE200A80EEA00AD2
:107E500030BDB2EB440F05D3FAD1DFED237A20EE2B
:107E6000270AF5E7C1F3C755C3B96202B2FA82F235
:107E70005342013204FA02F2ADB94802B0FA80F07E
:107E80004542013001FA00F0AB42A2EB00010FDCE9
:107E9000002926DBE1D004F0004412E0C4F316020E
:107EA00042F40002E8E7C1F3160141F40000EBE7F9
:107EB000002901DBD1D00A465200013BE4E749002A
:107EC000013BCA0DFBD0002BD3BFC3F10103A1F5C9
:107ED000000141EAC35321FA03F3234300EE103AB1
:107EE000B6E71146D7E700BF0000000010EE103AD9
:107EF00023F00043B3F1485FB7EE007A04D2FDEE01
:107F0000C07A17EE902ABAB360EE006ADFED1C5A11
:107F10009FED1C6A1C4AA6EEA56A9342DFED1B5A30
:107F2000E6EE265A9FED1A6AA5EEA66ADFED195A0B
:107F3000E6EE265A9FED186AA5EEA66A60EEC00A24
:107F400026EE266AF6EE007AE6EE860A66EEA77A56
:107F500004D877EEE07A37EE670A70470F4A93420B
:107F60009ABF03F17F4306EE903AF5EE026A37EED0
:107F7000667A77EEE67AECE7B0EE470A704700BF24
:107F80004ED747ADF6740F319999993E7CF293B470
:107F9000010DD037610BB6BAABAA2A3D0000483FAD
:107FA0002DE9F04F2DED048BD9B091469B46669A92
:107FB000BB4B039053F8228019F1040F0BF1FF33F0
:107FC0000E4602932BDBB9F1030348BF09F104030A
:107FD000DB100193019B679C5D1CEB000493019BEC
:107FE0000BF1FF329A1A0BF1FF3308EB0300A9EBF8
:107FF000C5051CA900231444834212DD0DF5887ABF
:108000001CAB03EB8B020BF1FF310BEB080C57465B
:10801000DDF80CE0DFEDA67A1446002315E000231E
:10802000D7E7D34257BFE75CDFEDA17A07EE907A3E
:10803000F8EE677A0133E1EC017ADDE7FEEC016AE4
:1080400034ED017AE6EE877A013302988342F5DD5A
:1080500001316145E7EC017A02F10402D8D108ABA5
:1080600003EB8803DFED918A9FED8F9A05934446D9
:10807000A300079358AB03EB840313ED140A069493
:108080000AEB840108AA2346002B4BDC284600F0AB
:10809000BFFBB0EE408AB4EE000A28EE000A01F001
:1080A000A5F9F2EE007AA0EE678A002DFDEEC87AFF
:1080B000CDED007AF8EEE77A38EE678A44DD08AA5B
:1080C000611E009F52F82100C5F1080C40FA0CF324
:1080D0001F4403FA0CF3C31A42F82130C5F107021A
:1080E000009743FA02F7002F3DDD009B4FF0000C94
:1080F0000133009308A8614664456CDC002D04DD63
:10810000012D79D0022D00F08180022F2BD1B7EE06
:10811000000A30EE488A31B3284600F079FB38EE89
:10812000408A20E060EE287A013BFDEEE77AF8EE27
:10813000E77AA7EEC90ABDEEC00AA2EC010A31ED4A
:10814000010A37EE800A9FE705D1631E08AA52F89C
:1081500023703F12C7E7F6EE007AB4EEE78AF1EE3D
:1081600010FA36DA0027B5EE408AF1EE10FA40F048
:10817000A180611E00200DF1200C41454EDA00283F
:108180007FD0013C083D08A951F82420002A00F0C6
:1081900083802846B7EE000A00F03AFB0AF104009B
:1081A0009FED427AA10000EB8400224608AD002A30
:1081B00080F2AE8030AA914620460028C0F2C580E9
:1081C000384BDFED3B7A0AEB800C0025A4EB000B6B
:1081D000B5E0022789E7026849B91AB1C2F5807291
:1081E000026001220CF1010C0430114684E7C2F157
:1081F000FF0202600A46F5E704F1FF3C08A850F8C8
:108200002C2002F07F0240F82C207EE704F1FF3C96
:1082100008A850F82C2002F03F02F4E75CF8212077
:1082200001391043A9E7013253F8041D0029FAD09F
:1082300007996798019F631C14440AF104020A44D9
:108240000699009259441CAA02EB810100EB070E2B
:108250009C42FFF60DAF1EF80320039F07EE902A05
:10826000F8EE677A0020E1EC017ADFED117A8C46B6
:10827000029A904208DD009AE2EC017A0092013302
:10828000E6E7059B0122CFE7F7EC016A3CED017AB6
:108290000130E6EE877AEBE7013C083D74E700BF6A
:1082A0005055060824550608000080430000803B16
:1082B00000000000049BB0EE480AA3EB090000F0A8
:1082C000A7FA1FED077AB4EEC70AF1EE10FA19DB30
:1082D0005FED0A7A60EE277A08AAFDEEE77A0835A4
:1082E000F8EEE77AA7EEC70AFDEEE77ABDEEC00A20
:1082F00010EE103A42F8243017EE903A013442F86A
:10830000243046E7BDEEC00A08AA10EE103AF6E7A0
:1083100055F8223007EE903AF8EEE77A013A67EE28
:10832000807A20EE070A60ED017A40E7F3EC016AFB
:10833000BCEC017A0135A845E6EE877A01DB5D45A4
:10834000F4DDE9EC017A013837E7669B022B0ADCA1
:10835000002B27DC3FD0009B03F0070059B0BDEC99
:10836000048BBDE8F08F669B032BF4D150180546B3
:10837000A446BCF1000F4FDC2546012D5DDC043224
:108380005FED357A0A44012C67DCDDED306A9DED46
:10839000317A002F67D1C6ED006A86ED017AC6ED0D
:1083A000027AD8E704321FED3E7A114420460028B5
:1083B00023DA47B3F1EE477AC6ED007ADDED307A85
:1083C00077EEC77A01218C4220DA0FB1F1EE677A9D
:1083D000C6ED017ABFE704325FED4B7A0A44002C08
:1083E00005DA0FB1F1EE677AC6ED007AB3E732ED48
:1083F000017A013C77EE877AF1E771ED017A013875
:1084000037EE277AD3E7F0EE477AD5E7B2EC017A78
:10841000013177EE877AD6E775ED017AD5ED016AFD
:1084200037EEA67A0CF1FF3C77EEC77A85ED007A3D
:1084300077EEA67AC5ED017A9BE770ED017AD0ED73
:10844000016A37EEA67A013D77EEC77A80ED007AB1
:1084500077EEA67AC0ED017A8FE732ED017A013C22
:1084600077EE877A8FE7F1EE666AB1EE477AC6ED6E
:10847000006A86ED017AF1EE677A90E710EE103A25
:1084800023F00043B3F1485F04D2FDEEC07A17EE4B
:10849000903A5BB320EE007ADFED157A9FED156A16
:1084A000A7EE276ADFED147AE6EE077A9FED136AEE
:1084B000A7EE876ADFED127A60EE076AE6EE077ACA
:1084C00030B99FED106AA7EE276AA6EE260A70471C
:1084D00067EEE67AB6EE006AE0EE867AD7EE870AB5
:1084E000DFED097AE6EEA70A30EE600A704700BFBA
:1084F000D3C92E2F342FD7B21BEF3836010D50B908
:108500008988083CABAA2ABEABAA2A3E10EE103AD4
:1085100023F00042B2F1465F7BD2FDEEC07A17EE47
:10852000901A002964D0F0EE407A67EEA76ADFED7A
:10853000565A9FED566A9FED565A564926EEA67A30
:1085400067EEA64AA7EE256A8A42DFED535AE6EEA9
:10855000075A9FED526AA5EE876ADFED515AE6EEA3
:10856000075A9FED506AA5EE876ADFED4F5AE7EE96
:10857000055A9FED4E5AA5EE875ADFED4D5AE5EEAE
:10858000075A9FED4C5AA5EE875ADFED4B5AE5EEA0
:10859000075AB0EE467AA5EEA67AB0EE606AA7EE6C
:1085A000246A9FED467AE6EE260AE4EE870A37EE65
:1085B000A00A49D307EE100AF8EEC76A60EE005A27
:1085C00030EE260A9B1785EE806A03F00203C3F1A2
:1085D000010307EE103A36EE606AB8EEC77A77EE1E
:1085E000C67AB0EE006AE7EEC66A26EE870A7047E2
:1085F000431C134306D1F0EEC07AB7EE007A87EE43
:10860000270A704701283DD0FFEE007A87EE800AE6
:10861000704720498A4286D3F1EE407A002BB8BFDA
:10862000B0EE670AF1EE607AB8BFF0EE670ADFEDF0
:10863000247A37EEC07ADFED237A77EEE07ADFED49
:10864000220A77EE877A70E701281BD010EE103AE5
:108650006FF30B0306EE903A76EEE77A70EEE70AD8
:10866000FFEE007A87EE807AF7EE007A17EE103A86
:108670006FF30B0300EE103AE6EE807AE0EE807ABC
:10868000A7EE870A704700BF5FAE9BB745F4A338DB
:108690008453D93740A12C3FC8261A3A16696B3B40
:1086A000A427B33C8988083E7AC09538B937813908
:1086B00048DEBE3A1F37113CD10D5D3DABAAAA3E44
:1086C000DA0F493F682122330000000010EE103A13
:1086D000444A45499A188A4282B077D913F1814FAA
:1086E0000ED3BFEE007AB4EE470AF1EE10FADFEDDA
:1086F0003F7A18BF30EE407A87EE270A02B0704703
:108700005A00B2F1CE4F08D213F0FF4FF6D160EE0F
:10871000007ACDED017A019BF0E7354A93425CD9AE
:10872000F7EE007A70EE276A16EE903A03F595039D
:1087300003F5F6430D33DA0D7F3A182A4ADC012A95
:10874000CBBF36EEC00A36EEE77A37EEC00A30EE1F
:10875000470A80EE267AC3F31601264BCB1806EEA5
:10876000903A36EEE70AF0EE007A70EE277ADFED07
:10877000226ADFED224ADFED223AC0EE275A07EEE9
:10878000902A25EEA54AB6EE006A24EE045A20EEA1
:10879000066AE5EE264ADFED1B6AE5EE236AF8EE8F
:1087A000E77A66EE846AE4EE856A9FED175AE0EE9A
:1087B000066AA7EE857AA6EEA57AA0EE467A37EE8F
:1087C000000A9FED127AA7EE870A97E7B3F1FF4FF1
:1087D000A6D393E79FED057ABDE79FED047A0022CB
:1087E000C1E700BF30EC2BC12FEC2B410000000093
:1087F00019F695BEF304353F269E783E13CECC3E47
:10880000EEE9913EAAAA2A3FD1F717378071313F8E
:108810007F2815DDDFED167AA0F17F037F2B20EE98
:10882000270A06DDA0F1FE037F2B20EE270AA8BF52
:108830007F237F33DB0507EE903A20EE270A70474F
:1088400010F17E0F12DADFED0B7A00F17E0313F1E7
:108850007E0F20EE270AECDA00F1FC036FF07D02B8
:10886000934220EE270AB8BF1346E2E70346E0E74B
:108870000000007F0000800010EE901A31F00040F0
:1088800070B502D1B7EE000A70BD10EE105AB5F106
:108890007E5FF7D025F00042B2F1FF4F02D8B0F171
:1088A000FF4F02D930EE200AEEE7002D1DDAB0F1BD
:1088B000974F80F05082B0F17E5F34D3C415C4F17D
:1088C000960440FA04F303FA04F4844229D103F035
:1088D0000103C3F10203B0F17E5F25D10029D3DA91
:1088E000F7EE007A87EE800ACEE7B0F1FF4F18D19D
:1088F000002303E0B2F17E5FC4D00223B2F17E5FB9
:1089000006D99FEDB50A0029A8BFB0EE600ABBE703
:10891000002A00F02582002980F21A82B1EE600A56
:10892000B2E70023D7E70023B1F1804F02D120EE58
:10893000000AA9E7B1F17C5F40F01282002DC0F27D
:108940000F82BDE8704001F0A3BA012B02D0B0EE57
:10895000670A99E7B1EE670A96E7002D1ADA13B9AC
:1089600070EE407A17E2012BBFEE006AB7EE007A94
:1089700018BFB0EE476AB0F19A4F64D9974B9A424C
:108980000BD800290EDADFED967A26EE270A20EEC4
:10899000270A79E7B7EE006AEDE7924B9A4204D9CD
:1089A0000029F0DCDFED907AEFE7B7EE007A77EEA2
:1089B000C76ADFED8E7AB5EE007AE6EEC77AB6EEDC
:1089C000007AA7EEE67A66EEA65ADFED897A27EE00
:1089D000257ADFED885A67EEC77A9FED877AE6EE53
:1089E000877AB0EE677AA6EEA57A17EE103A6FF3A3
:1089F0000B0307EE103AB0EE475AA6EEE55A77EEB3
:108A0000C57A6FF30B0106EE901A70EEE65A67EE28
:108A1000A00A67EE267AE5EE870A30EEA77A17EE0F
:108A2000102AB2F1864FAEDC40F00881DFED736AA8
:108A300037EE677A70EEA66AF4EEC76AF1EE10FAC6
:108A4000A1DC13460BE115F0FF4F08BF9FED6C7AD8
:108A50006C4802BF67EE877A6FF0170217EE904AF4
:108A60004FEAE45318BF00227F3B1344C4F31602BD
:108A7000824242F07E5406DD6348824240F3A98080
:108A80000133A4F500040020604A02EB800292ED5D
:108A9000005A07EE104A75EE077AF7EE006A86EE86
:108AA000A74A77EE455A65EE844A14EE902A6FF392
:108AB0000B0206EE902A564A02EA640242F0005285
:108AC00002F5800202EB405207EE902AE6EEE75AEA
:108AD00037EEC55A64EEA47A37EE457A9FED4D5ACB
:108AE000E6EEC75A9FED4C7AA7EE875A9FED4B7A78
:108AF000A5EE277A9FED3D5AA7EE275A9FED487ABB
:108B0000A5EE277A9FED475A65EE845AA7EE275ABD
:108B100034EEA67A27EEA74A27EE257AF0EE087AF9
:108B2000A4EE057AB0EE675AA6EEA65A35EE075ABD
:108B300015EE102A6FF30B0205EE102A75EE677A18
:108B4000E6EEE67A77EE677A67EEA47AE5EE857A66
:108B5000F0EE675AE6EE855A15EE902A6FF30B0297
:108B600005EE902AB0EE657AA6EEC57A2E4A02EBA3
:108B7000800277EEC77A9FED2D7A9FED2D5A67EE32
:108B8000877A9FED2C7AE5EE877A92ED007A77EE80
:108B9000877A07EE103A284BF8EEC76AB0EE677A8C
:108BA000A5EE857A03EB8003D3ED004A37EE247AF5
:108BB00037EE267A17EE103A6FF30B0307EE103AF2
:108BC00077EE666A76EEE46AE5EEC56A77EEE67AF7
:108BD00017E7012058E700BF00000000F7FF7F3FC4
:108BE000CAF249710700803F6042A20DABAAAA3EBB
:108BF0003BAAB83F00AAB83F70A5EC363CAA383370
:108C00000000804B71C41C00D6B35D00745506088B
:108C100000F0FFDF55326C3E42F1533E05A38B3E20
:108C2000B76DDB3E9A99193F645506084F38763F79
:108C30000040763FC623F6B86C550608574B22F025
:108C4000004199423FF6AEAE5548824277D137EEA9
:108C5000677AB4EEE07AF1EE10FABFF6A3AEDB1558
:108C60007E3B4FF4000018411044C0F3C7534D49F8
:108C70007F3B1941014007EE101AC0F3160040F483
:108C80000000C3F117031841002A77EEC77AB8BF76
:108C9000404277EEA06A9FED447ADFED445A16EE2B
:108CA000903A6FF30E0306EE903A76EEE77AB7EE5F
:108CB000000A70EEE70ADFED3E7A66EEA77AE0EE94
:108CC000877AB0EE677AA6EEA57AB0EE475AA6EE9E
:108CD000E55A67EE076A77EEC57ADFED365A9FED03
:108CE000365AE6EE855A9FED355AA5EEA65ADFEDC7
:108CF000345AE5EE265A9FED335AA5EEA65AF0EE09
:108D0000475AE5EE665AF0EE006A27EE255A75EEF0
:108D1000E65AE7EE277AC5EE256A76EEE77A77EE31
:108D2000C77A30EE670A10EE103A03EBC053B3F582
:108D3000000F0ADAFFF76CFD20EE060AA4E5B1F198
:108D40007C5F0B468BD80020A3E700EE103AF3E7D8
:108D50009FED1D0A98E5B0F1FF4F3FF4CBAD022324
:108D600025F04046B6F17E5F1446F0EEC07A02D0A0
:108D7000002A7FF4F2AD0029BCBFB7EE007AC7EE3F
:108D8000277A002DBFF6E3ADA2F17E521A437FF49D
:108D9000DCAD77EEE77A87EEA70A75E500001643AB
:108DA000000016C3000080FF1872313F0072313F8F
:108DB0008CBEBF350EEADDB54CBB313355B38A38B6
:108DC000610B36BBABAA2A3E0000000010EE102A51
:108DD000404822F00043834282B04FEAD2711CD94E
:108DE00000F5313000F5E470834207D9002A07DB33
:108DF000DFED397A20EE270A02B07047002A12DA36
:108E00009FED367AC7EE007ACDED007A009A344AAB
:108E1000934208D99FED330AEEE7334A934244D98F
:108E2000324A93423DD9324B9FED327A03EB8103B4
:108E3000D3ED007AE0EE077AFDEEE77A17EE900ABE
:108E400007EE900A9FED2C7AF8EEE77AF0EE406A92
:108E5000E7EEC76A9FED297A67EE877A36EEE70A72
:108E600020EE006ADFED265A9FED267AA6EE257ADF
:108E7000F0EE405AE7EE465AB0EE006A20EE250AC0
:108E800036EE656A80EE067AB7EE000A77EE677A0C
:108E900077EEA67A37EE800A0028ADD002B0FFF751
:108EA000B7BC81F00100401ACAE7B3F1645F0BD888
:108EB000DFED097A70EE277ACDED017AF7EE007AD0
:108EC000019B30EE270A97E7DFED067AF0EE406A65
:108ED0000020C5E74FACAE420000007F01000080DB
:108EE000B4F1CF42000000001872B13E9215853FE8
:108EF0005C5506083BAAB83F0072313F8EBEBF35B5
:108F0000155235BB8FAA2A3E10EE103A744923F051
:108F100000428A4282B012D9B2F1FF4F00F2828041
:108F2000002BC0F2DA80DFED6F7AB4EEE70AF1EEE3
:108F300010FA46DDDFED6C7A27EE800A72E06B49AD
:108F40008A4264D96A498A4254D89FED6A7A002BD2
:108F5000A7BF30EE477ADFED687ADFED687A30EE52
:108F6000077AACBF01234FF0FF3337EE670A37EEC5
:108F7000407A77EE677AF6EE005A20EE254ADFED6A
:108F8000606A9FED605A20EE047AF0EE084AA7EE80
:108F9000265AF7EE006AB0EE666AA5EE076AE4EEBE
:108FA000464AB1EE084AA0EE644A36EE645A85EEAF
:108FB000046A26EE076ACBBB90EE067A30EE470ACB
:108FC00030E09FED517A20EE077AF6EE007A77EEE8
:108FD000877ADFED486AFDEEE77AB0EE407A17EE69
:108FE000903AF8EEE77AA7EEE67ADFED436A67EEAD
:108FF000A67ABAE79FED447A002BF6EE007AFEEEF1
:10900000006A20EE077AB8BFF0EE667ADFE7B2F1C9
:109010004C5F09D213F0FF4F04D160EE007ACDED22
:10902000017A019B02B070470023A4E736EE676A1D
:109030005A1CD0EE067A77EEC77A06D170EE677AC0
:10904000BEEE000AA7EEA50AECE7012B16D1BDEE95
:10905000007AB4EEC70AF1EE10FA06D570EE255A82
:10906000B8EE000A77EEE57A66E770EE677AB0EE62
:10907000007AE7EE876AB0EE660AD3E703F17F0273
:10908000D205382B07EE102A0ED970EE677A802BA6
:1090900077EEA67A04BF9FED147A77EEA77A27EED3
:1090A000277A37EE660ABDE7C3F17F02D20506EEE6
:1090B000102A162BCBBF77EE867A30EE670A70EE59
:1090C000677A76EEC66ACBBF77EEA67A30EE260ACE
:1090D00027EE870A20EE070AA4E7BFEE000AA1E701
:1090E00043B895418071B1420000007F1872B13ED3
:1090F0009115853F8071313FD1F71737D1F717B7F9
:109100001030CF3A688808BD3BAAB83FB5EEC00A18
:10911000F1EE10FA08B514D5B1EE400A0120F8EED0
:10912000007A20EE270AFFF7EFFEB0EE007A30EE6D
:10913000077AC0EE077A08B9F1EE677AB0EE670AEF
:1091400008BD0020EBE70000DFED067A08B530EE41
:10915000670AFFF73BFEDFED047A20EE270A20EED8
:10916000270A08BDBCE322430000007A10EE103A43
:10917000A3F50002B2F1FF4F59D35A0006D160EEB9
:10918000007ABFEE007A87EE270A7047002B04DAD8
:1091900030EE407ADFED2B7AF5E7DFED2B7A60EEEB
:1091A000277A6FF0180117EE903A284ADFED284A27
:1091B000DFED283A9FED280A9A18D30D7F3B0B4428
:1091C00006EE903A254BC2F31602D31807EE103A7A
:1091D000F7EE007A77EE677AB0EE007A37EE877AAC
:1091E000B6EE006AC7EE875A9FED1D7A25EEA54AB6
:1091F00027EE866A24EE045AF8EEE66AE5EE074AA0
:109200009FED187AA5EE237A26EE800A27EE047ADF
:10921000A4EE857AA6EE277AA7EE250AA6EE670ABF
:1092200030EE270ADFED107AA6EEA70A7047B3F1F9
:10923000FF4F06D2B3F17E5F01D00021B5E79FED6D
:10924000010A7047000000000000004C0DFB4A00BE
:1092500013CECC3EEEE9913ED1F71737F304353FFC
:10926000269E783EAAAA2A3F8071313F08B5FFF7B3
:109270007DFFDFED027A80EE270A08BD8E5D134088
:1092800010EE103A07B51C4A23F00043934200EE5B
:10929000103A1CD8B3F1665FF7EE003A0AD2DFED60
:1092A000177A30EE270A8DED010A019BB0EE630AB2
:1092B00003B000BDFFF728FE20EE007A30EE230A4F
:1092C00030EE000AC7EE007A37EEA30AF0E70C4A48
:1092D00093420CD8FFF77AFDF7EE007AC7EE803A9A
:1092E000F6EE007A73EE803A23EEA70AE0E703B0C9
:1092F0005DF804EBFFF728BF1672313F0000807B5A
:109300001672B14208B510EE103A181E1C4B20F030
:109310000040BEEE003AF6EE007AA8BFB0EE673A23
:109320009842F0EE403A00EE100A21D8FFF7ECFD2B
:10933000B0F17E5F13D2B0F1665F0DD3F7EE007A25
:1093400070EE277A20EE007AC7EE273AF0EE007A28
:10935000D0EE273A63EE833AB0EE630A08BDF7EE2B
:10936000007A70EE277AC0EE273A73EE803AF1E782
:10937000FFF7EAFE33EE033A63EE003AECE700BF94
:109380001672B14210EE103AC3F3C7517F39162955
:1093900082B013DC002913DB124A0A4113420DD0BC
:1093A000DFED117A30EE270A002B8DED000AA8BF01
:1093B0009B18009923EA020300EE103A02B07047AE
:1093C000DFED097A30EE270A002B8DED010A019AB4
:1093D00004DB5B0018BF4FF07E53EDE74FF0004316
:1093E000EAE700BFFFFF7F000000807B10EE103A2D
:1093F000C3F3C7517F39162982B013DC002913DB70
:10940000124A0A4113420DD0DFED117A30EE270ADD
:10941000002B8DED000AB8BF9B18009923EA0203C8
:1094200000EE103A02B07047DFED097A30EE270AFD
:10943000002B8DED010A019A05DA5B00054B08BF90
:109440004FF00043ECE70023EAE700BFFFFF7F0097
:109450000000807B000080BF10EE101AC1F3C753DC
:10946000763B1F2B82B013DC082BD8BF01234FF0B3
:10947000FF3222FA03F319420AD0DFED067A30EE0A
:10948000270A21EA03038DED010A019A00EE103A42
:1094900002B070470000807B10EE103AC3F3C75251
:1094A000952A18D8DFED0C7A002BB5BF30EE670A8D
:1094B00030EE270A30EE270A30EE670AB5EE400A92
:1094C000F1EE10FA07D19FED050ADFED057A002BCA
:1094D000B8BFB0EE670A70470000004B0000000004
:1094E0000000008010EE103A07B5184A23F0004340
:1094F000934206D8DFED160A03B05DF804EBFEF7E1
:10950000F5BCB3F1FF4F03D330EE400A03B000BD0A
:109510006846FEF763F800F0030001289DED000A9D
:10952000DDED010A05D0022808D050B9FEF7DEFCB7
:10953000ECE7FEF7A3FFB1EE400AE7E7FEF7D6FC43
:10954000F9E70120FEF79AFFE0E700BFD80F493F97
:109550000000000010B510EE104A24F00043B3F1F3
:10956000FF4F2DED068B10D3F7EE006A86EE807A62
:10957000E40F6400C4F1010407EE904AF8EEE77AC4
:1095800037EE870ABDEC068B10BD9E4A934244D845
:10959000B3F1465F14D214F0F84F0CD1DFED9A7A94
:1095A00060EE277AB2EE007AE0EE077AB4EE000AB7
:1095B00027EE800AE6E7DFED957AA0EE270AE1E7DD
:1095C00060EE007ADFED926A9FED927A9FED926AEB
:1095D000A7EEA67ADFED916AE7EE276A9FED907A13
:1095E000A6EEA77ADFED896AE7EE276A9FED8D7A0E
:1095F000A7EE867A9FED8C6AA7EE276A9FED8B7A9D
:10960000A6EE277A9FED8A6AA7EE276AB7EE007A60
:10961000A6EE277AC6EE877ACFE7864A934244D8E9
:10962000F7EE007AB0EEC00A30EE670A9FED827A5C
:10963000DFED826A9FED826AE0EE076A002C9FED03
:10964000817AA6EE807ADFED806AE7EE006A9FED10
:109650007F7AA6EE807ADFED7E6AE7EE006A9FED04
:109660007D7AA6EE807ADFED7C6AE0EE066A9FEDF9
:109670007B6AA6EE806ADFED7A6AE6EE006A9FED0D
:10968000796AA6EE806ADFED786AE6EE006AE6EEB9
:10969000807A87EE270AABBFDFED747ADFED747A4C
:1096A00030EE270A37EEC00A6CE7724A934208D9B7
:1096B000002CBFEE000AF7EE007AA8BFB0EE670AF2
:1096C00060E76D4AF0EEC09A20EE000AB7EE009A0D
:1096D0009342C9EE007A62D89FED687ADFED686A3E
:1096E000DFED688AE7EE876A9FED677AA6EEA77AD4
:1096F000DFED666AE7EE276A9FED657AA6EEA77A48
:10970000DFED646AE7EE276A9FED637AA6EEA77A3B
:10971000DFED626AE7EE278A9FED617AA7EEA67A0F
:10972000DFED606AE7EE276A9FED5F7AA6EEA77A23
:10973000DFED5E6AE7EE276A9FED5D7AA6EEA77A17
:10974000DFED5C6AE7EE276A9FED5B7A19EE903AEF
:10975000A6EEA77A6FF30B0308EE103AF0EE49AAD3
:10976000BEEE020AE7EE27AAA8EE480AFFF72EFB94
:10977000B0EE40AA88EEAA0A78EE697A39EE888AB5
:10978000A7EE880AFFF722FB2AEE00AA002C8AEE39
:10979000290AACBF39EE400A30EE490AF2E6DFEDA5
:1097A000476A9FED477ADFED478AA7EEA67ADFED9D
:1097B000466AE7EE276A9FED457AA6EEA77ADFEDC7
:1097C000446AE7EE276A9FED437AA6EEA77ADFEDBB
:1097D000426AE7EE278A9FED417AE7EE876A9FEDBE
:1097E000407AA6EEA77ADFED3F6AE7EE276A9FEDA3
:1097F0003E7AA6EEA77ADFED3D6AE7EE276A9FED97
:109800003C7AA3E7FFFF573FD475833FD475033EEF
:10981000B156C7B78914BDBB1AE284B68F52E9BCF2
:10982000EB6BA6BE49EE0A391681A63B632A853D3D
:10983000CEBBCB3EFFFF9F3FC0F90DBBB351113DE7
:10984000A35A443CC21CE3BD54FEA23E0892BEBED5
:109850000568D43EC6CD1ABB136E5F3C0733013E8C
:10986000E71A933D85570A3F31F3D93D0B56583FD0
:109870000B5658BFFFFFBF406DDB36407E071DC152
:109880002B93A2C293A021BCE79A38C38C6522C354
:10989000578079C222F028C1B7A031BF977F77BD2A
:1098A0007C3FD2401F45D9420B81D643C958214441
:1098B0006F48D94363A80943CE359D4175C2F1C3B2
:1098C0000B2380C492A021BC41641FC4EAA220C320
:1098D0004B108EC1D49D4CBFA743ED431287B3C13B
:1098E000CE901F45BBFD47455917C04471E5A243C3
:1098F00059B4F24110B510EE104A24F00043B3F110
:10990000FF4F2DED068B0ED3E40F640007EE904A57
:10991000F7EE006AB8EEE77AC6EE807A37EE270AED
:10992000BDEC068B10BDA64A934244D8B3F10E5F3E
:10993000F7EE007A02D237EEC00AF1E720EE007AA5
:10994000DFEDA06A9FEDA06ADFEDA05AA7EE266AC0
:10995000B4F17A5FDFED9E6AE6EE076A9FED9D6ADD
:10996000A6EE876ADFED9C6AE6EE076A9FED9B6ACA
:10997000E7EE065A9FED9A6AA5EE876ADFED995ADF
:10998000E6EE075A9FED986AA5EE876AF0EE675AF1
:10999000E6EE075A86EEA57A27EE007A04DA30EE74
:1099A000077A37EEC70ABBE7F6EE007A30EE670AB1
:1099B00030EE070ABFE78D4A934247D8F7EE007AA8
:1099C000B0EEC00A30EE670A9FED897ADFED896A52
:1099D0009FED896AE0EE076A002C9FED887AA6EE7B
:1099E000807ADFED876AE7EE006A9FED867AA6EE61
:1099F000807ADFED856AE7EE006A9FED847AA6EE55
:109A0000807ADFED836AE0EE066A9FED826AA6EE59
:109A1000806ADFED816AE6EE006A9FED806AA6EE5D
:109A2000806ADFED7F6AE6EE006AB0EE676AA6EE56
:109A3000806A87EE060A02DBDFED7A7A7BE79FED2C
:109A40007A7A30EE070A30EE270A69E7774A9342BE
:109A500000F2A980A2F1D472A2F5923260EE006AFF
:109A6000933AB7EE007A9342C7EE267A63D8DFEDD9
:109A7000706A9FED706ADFED709AA7EEA66ADFED5F
:109A80006F6AE6EE276A9FED6E6AA6EEA76ADFEDC3
:109A90006D6AE6EE276A9FED6C6AA6EEA76ADFEDB7
:109AA0006B6AE6EE276A9FED6A6AE6EEA79ADFED3B
:109AB000696AE7EE866A9FED686AA6EEA76ADFED3F
:109AC000676AE6EE276A9FED666AA6EEA76ADFED93
:109AD000656AE6EE276A9FED646AA6EEA76ADFED87
:109AE000636AE6EE276AB0EEC08A18EE103AA6EE78
:109AF000A77A6FF30B0308EE903ABEEE020AA8EEC7
:109B0000E80AB0EE479AFFF761F9B0EE40AA89EE95
:109B1000890A78EEC87A78EE288AA7EEA80AFFF7B5
:109B200055F92AEE00AA002C8AEE080A3FF7F8AE93
:109B3000F0EE007AFFE6002C02DA4D4A93423BD861
:109B40009FED4C6ADFED4C6ADFED4C9AE7EE866ADA
:109B50009FED4B6AA6EEA76ADFED4A6AE6EE276A3A
:109B60009FED496AA6EEA76ADFED486AE6EE276A2E
:109B70009FED476AE6EEA79ADFED466AA7EEA66A72
:109B8000DFED456AE6EE276A9FED446AA6EEA76A16
:109B9000DFED436AE6EE276A9FED426AA6EEA76A0A
:109BA000DFED416A9DE79FED410A002CF0EE007A5F
:109BB000D8BFB0EE670AB3E6B0EE000AB0E600BF69
:109BC000FFFF573FB156C7B78914BDBB49EE0A39ED
:109BD0008F52E9BCEB6BA6BED475033E1AE284B685
:109BE0001681A63B632A853DCEBBCB3EFFFF9F3F40
:109BF000C0F90DBBB351113DA35A443CC21CE3BD97
:109C000054FEA23E0892BEBE0568D43EC6CD1ABB25
:109C1000136E5F3C0733013EE71A933D85570A3FB9
:109C200031F3D93DD4A71E3E0B56583FFFFFDF410D
:109C30007E071DC12B93A2C293A021BCE79A38C313
:109C40008C6522C3578079C222F028C1B7A031BFEA
:109C5000977F77BD7C3FD2401F45D9420B81D643C9
:109C6000C95821446F48D94363A80943CE359D4163
:109C7000FFFFBF4075C2F1C30B2380C492A021BC7B
:109C800041641FC4EAA220C34B108EC1D49D4CBFB7
:109C9000A743ED431287B3C1CE901F45BBFD474597
:109CA0005917C04471E5A24359B4F24100000000C5
:109CB00010EE103A002110B523F0004201600F4968
:109CC000541E8C4218D213F0FF4F0AD1DFED0C7AEC
:109CD00060EE277A6FF0180117EE903A016023F0DA
:109CE00000420168D21523F0FF437E3A43F07C53D3
:109CF000114400EE103A016010BD00BFFFFF7F7FEE
:109D00000000004C9FED0A7AF0EEC06AF4EE476A5C
:109D1000F1EE10FAF0EE407A06D8B5EE400AF1EE18
:109D200010FA01D0FEF774BDB0EE670A704700BFAD
:109D3000FFFF7F7F10EE103AC3F3C7527F3A162A17
:109D4000F0EE407A0ADC002A03DA03F000430360F5
:109D50007047094941FA02F21A4206D103F0004362
:109D600000EE103A17EE903AF1E723EA020307EE0D
:109D7000103A30EE470AEAE7FFFF7F0010EE103A94
:109D800007B5194A23F00043934207D8DFED170ABD
:109D9000002003B05DF804EBFEF770BBB3F1FF4F9A
:109DA00003D330EE400A03B000BD6846FDF716FC51
:109DB00000F0030001289DED000ADDED010A06D048
:109DC000022807D060B90120FEF758FBEBE7FEF749
:109DD0008DF8E8E70120FEF751FBB1EE400AE2E71B
:109DE000FEF784F8F9E700BFD80F493F00000000F4
:109DF00010EE103A07B5114A23F00043934207D8FA
:109E0000DFED0F0A012003B05DF804EBFEF77EBB27
:109E1000B3F1FF4F03D330EE400A03B000BD6846F4
:109E2000FDF7DCFB400000F00200DDED010A9DEDD6
:109E3000000AC0F10100FEF769FBEEE7DA0F493FC7
:109E40000000000007B501A8FDF7F0FC03B000BD5D
:109E5000DFED0D7AB0EEC07AB4EE677AF1EE10FA6B
:109E600007B505D9DFED097A30EE270A03B000BD4A
:109E700001A8FDF7DBFCFEF7A9FF019B002BB8BF93
:109E8000B1EE400AF2E700BFFFFF7F7F0000807F56
:109E9000B1EEC00A7047000040EA01039B0730B5ED
:109EA00096461FD1940828D00D46031F01EB840C61
:109EB00051F8042B43F8042F8C45F9D1013C2A1D9D
:109EC00000EB840302EB840104331EF0020F1CBF7D
:109ED00031F8022B23F8022B1EF0010F01D00A7873
:109EE0001A7030BD002AFCD0431E8E4411F8012B9D
:109EF00003F8012F7145F9D130BD0346E5E700BFF6
:109F000081420FD28B1898420CD26AB1013A831861
:109F100001330A44013912F801C903F801CD8A421C
:109F2000F9D17047FFF7B8BF704700BF00F0030CCE
:109F30005CEA010C17D100B55FEA920E1CD000EB71
:109F40008E01034643F804CB9942FBD100EB8E0E01
:109F5000910744BF00232EF8023BD30702D500230C
:109F60008EF8003000BD32B10244034603F8011BF5
:109F70009342FBD1704770478646E9E7013A4B1E92
:109F80000138114406E010F801CF13F8012F944571
:109F900006D303D88B42F6D10020704701207047CA
:109FA0004FF0FF30704700BF017849B103461946B2
:109FB00013F8012F002AFAD1C0F1010008447047BC
:109FC000084670470138013903E072B1934207D364
:109FD00009D810F8013F11F8012F002BF5D122B15B
:109FE0004FF0FF30704701207047181E18BF012046
:109FF000704700BF82B10378013A7BB191F800C08D
:10A00000BCF1000F0AD063450FD300F1010001F14C
:10A010000101EFD901207047104670470B7823B932
:10A020000278D01A18BF012070474FF0FF307047F8
:10A03000037853B1CAB202E010F8013F2BB19A4243
:10A04000FAD1914218BF002070471A46914218BFBA
:10A050000020704710B5037842788478C07888B0C3
:10A0600079B9CDE90123009403461021074A0DEB8D
:10A070000100FAF73FFC014604A8EAF785FE08B0A4
:10A0800010BDCDE901400092EFE700BFF3AA05083B
:10A0900013B50C461146FFF7DDFF00902046E8F7A8
:10A0A00063FA694601900220ECF7ECFD02B010BDA6
:10A0B000F7B50C4601A91546EBF7CAFA019BF3B1B7
:10A0C000034402469342164606D912F8011B2E2974
:10A0D000F8D030390929F5D9E21C21464FF00A0C95
:10A0E0000023B04202D207782E2F0BD17DB9137016
:10A0F000A2420ED1B04203D00A48E3F761FE2360CA
:10A1000003B0F0BD0CFB03730130303BE9E70B708B
:10A11000EEE7B042F0D203782E2BEDD1013A0131B7
:10A120000130DDE7FFAA050837B50C4615460221C8
:10A1300001AAE4F7F3FF019B2A4618682146FFF7BE
:10A14000B7FF019B5868E4F71FFF03B030BD000064
:10A15000042807B5034606D801460B4803B05DF84E
:10A1600004EB05F063BF094A06216846FAF7C2FB13
:10A1700000F108036B444422411C684603F8082C94
:10A1800005F054FF03B000BD03AB050808AB05089C
:10A19000F8B5244DAB7DDB0731D52E6870680128FA
:10A1A0002DD9B168431ECA5C0A2A28D14A1E002B49
:10A1B00001DC1A4608E0D45C0A2CFAD0013BF6E731
:10A1C0008C5C202C02D101329042F9D8002B0CDD9E
:10A1D000541CA04209D14C1E1C448C4205D014F8DA
:10A1E000017D0A2F0BD0202FF7D00144D21A11F88D
:10A1F000023C3A2B4FEA920400D1013404B9F8BD75
:10A20000094904223046D7F729F80748042105F008
:10A210000DFF2B6904332B61AB7D43F00203013C3E
:10A22000AB75EBE728090020EEAA050802482022BA
:10A230000021FFF77BBE00BFE804002038B50C4CBE
:10A240004368206000220546A260227508464FF050
:10A25000FF32C4E903236360A16100F013FE6B6861
:10A260000BB90123A375BDE83840FFF791BF00BFCC
:10A2700028090020F8B503780446CBB10D4E306FA5
:10A2800018B12146FFF79EFE90B12046FFF78CFEE5
:10A29000451C2846D5F7F3FF074648B12A46214614
:10A2A000FFF7FAFD04491C22081DFFF729FE376756
:10A2B000F8BD00BF78040020E80400202DE9F34138
:10A2C000A24C0646A56820684768042D00F2B481B8
:10A2D000DFE815F0050012011B018A01AE01731EB3
:10A2E000042B0AD86368BB4204D13546284602B025
:10A2F000BDE8F081012E00F08381B31E132B55D8E9
:10A3000001A252F823F000BFD7A50408EBA204086D
:10A310001FA6040815A60408B7A50408ADA30408E1
:10A32000ADA30408ADA30408ADA3040859A3040811
:10A33000ADA30408ADA3040891A50408ADA30408C7
:10A3400061A50408ADA30408ADA30408ADA30408E7
:10A35000ADA3040897A304082169791AD7F775F803
:10A3600023685B68BB4203D27948032105F05EFE97
:10A3700022682369D2E90110C91A184405F056FE73
:10A38000236858682369C01A401BFFF7E1FE236960
:10A390002B44236163E061682269521AD7F75CF8A5
:10A3A00026696368F61A002E2BDCD9E70D2E01D042
:10A3B0000A2E29D1637D0BB19E420BD1654866758B
:10A3C00000F060FD2068D6F7CAFF63681844FFF705
:10A3D00051FF8BE700236375082E01D07F2E23D118
:10A3E0002169626891423AD9A1EB020C2B46634580
:10A3F00011D1042BB4BF012604263246891BD7F79E
:10A400002BF84FF001081EE000231B2E6375E3D1EB
:10A410000123A36023E086681644F65C202E01D158
:10A420000133E4E70126E8E7A37D9A071ED5092E4C
:10A4300013D0202E55D14FF00008032184F8168048
:10A44000D7F703F803263046FFF782FE23699B1BEC
:10A450002361B8F1000F83D1B2E00023A375A37D7F
:10A4600023F00203A3754FF0FF353FE7092E38D1E3
:10A47000E7B183682269134413F8010CD7F708FC8D
:10A48000A0B1354B019304260025019B216920686A
:10A490005A1C01922944012293F80080D6F7BDFF8F
:10A4A0000135B54280F80080EFD159E72368606834
:10A4B0009E682169294A091A01AB3044F1F758FD19
:10A4C00006460028CBD0431CDED1A06900F0DAFCA0
:10A4D0002268636821699068C91A184405F0A6FDCE
:10A4E0003EE7A6F120035E2BB9D821690122D6F7F9
:10A4F00094FF0125067033E74F2E04D05B2E40F009
:10A500009B80022385E7042383E7A6F13003092B10
:10A5100003D80323A3602675A1E70023413EA3606F
:10A52000072E9CD801A353F826F000BF61A50408AC
:10A5300091A50408B7A50408D7A504085FA40408DA
:10A5400015A604085FA4040801A604082809002031
:10A550000DAB0508B0AB0508EEAA050854D80508F0
:10A56000E268062A3FF77BAF344B03EB8203551CAE
:10A57000596F00293FF473AF6368E5604360D6F715
:10A580003FFF2268636826695568F61AED1A0AE7E4
:10A59000E368002BFFF663AF6168013B791AE36063
:10A5A000D6F753FFE268002AEBDB244B206803EB6D
:10A5B0008203196FE3E72569BD422CBF0025012501
:10A5C000002D7FF74CAF236898682369294618440B
:10A5D00005F02CFDDBE6226963689A427FF63FAF07
:10A5E0000025A84601262EE77E2E25D1237D313B6E
:10A5F000072B21D8DFE803F00420130E2020040EDF
:10A60000266963680025F61AAE42A5607FF727AF7A
:10A61000A84618E7256900237D1BA360D0E72169C0
:10A62000B94209D201220025D6F716FFA56097E6A8
:10A63000462EEFD0482EE3D00023EAE6780400202F
:10A6400008B5FFF7FBFD05F0D9FCFFF737FE431C0B
:10A65000F9D008BD00B58BB06846D5F77DFD044B39
:10A660001968091A8908D5F74BFF0BB000BD00BF68
:10A6700078040020014B1860704700BF7004002070
:10A6800008B5436880685B6800219847BDE80840CA
:10A69000E7F76ABFF8B50C68636807465B68A068AF
:10A6A0000D4601219847E7F75FFF022F064608D1C4
:10A6B00063686868A4681F68E4F766FC0146204682
:10A6C000B8473046F8BD000038B5054614200C46A2
:10A6D000D5F7E3FD044B8460C0E900350623C36071
:10A6E0000023037438BD00BF7C55060870B50628EA
:10A6F00092B005460E4603D10024204612B070BD2C
:10A70000F2B1E3F7B9FDD5F7A3FE6846D5F76CFDC6
:10A71000044650B931462846E2F78CFED5F73AFD9B
:10A72000D5F79EFEE3F7BEFDE7E707490748D7F7F1
:10A7300061FA01990548E4F77FFB4FF0FF34EFE73A
:10A74000E3F7CEFDD8E700BF11AB050854D80508E4
:10A7500010B5027C0446D0E90210FFF7C7FF0130B4
:10A7600006D16368A0681B68002198470623E36050
:10A7700010BD10B50446084611460022E3F7EEFF6F
:10A780002046FFF7E5FF062010BD00002DE9F0434D
:10A790009BB00446002608A8154688460996D5F7BA
:10A7A00023FD05F001078146002862D115F008035A
:10A7B00030D01020D5F758FD534A12694260034645
:10A7C00094E803004A46C3E90201A0681946E2F78B
:10A7D000C1F82906064602D40320FFF74BFF05F017
:10A7E0002DFD04463046E2F7F3FD4FF0FF30FFF752
:10A7F00041FF0120E3F7BCFDD5F7CCFC002F7DD055
:10A800004248012105F012FC012601213F4805F0D4
:10A810000DFC6FE0EA061CD5D4E90121E120D9F74F
:10A82000A0F80446B8F1010F266806D1F10041F006
:10A83000020140F21230E2F70FFC4246214606A820
:10A84000D9F7FCFCC5F38002314606A8DCF7A6FD6B
:10A85000BFE76E0605D594E80E00E120D9F734F87D
:10A86000DFE7A806DED52046D6F710FCD9F785F835
:10A87000D7E74FF0FF30FFF7FDFE3046E3F778FDF6
:10A880006A0602D5A368206898471FB11F480121B6
:10A8900005F0CCFB099B1E491868EDF7B7F9044693
:10A8A00000282DD109991B48E4F7C6FA2646AB07C4
:10A8B0001ED5194B1B78DBB105F0C0FC1749021BF4
:10A8C0001448D7F797F906AB05AA04A903A8D6F749
:10A8D00017FC069B0193059B114900930D48DDE988
:10A8E0000323D7F787F909F0FDF90A48D6F7E4F909
:10A8F000002F8AD130461BB0BDE8F0830126D6E791
:10A9000000244FF48076D2E7780400203DAB0508A0
:10A910008CEC050854D80508440900203FAB050815
:10A92000D7A7050808B5E4F72FFB034B003818BF7D
:10A9300001201870062008BD4409002008B50378DE
:10A940004BB901210170044805F070FB05F056FB7E
:10A9500003380128FAD808BD3DAB050870B5067864
:10A9600005461EB14FF0FF34204670BD05F046FB92
:10A97000C31E012B04460BD801210C48297005F099
:10A9800055FB032CEED10A4846643C30D5F744FC15
:10A99000AB88013B9BB2AB80002BE5D10548012180
:10A9A00005F044FB6B88AB80DEE700BF3DAB0508DC
:10A9B0007804002067AB0508F0B58BB0202106A80D
:10A9C000D6F75EFC0027354800F05CFA079734485C
:10A9D00000F058FA05F012FB431E032B45D8DFE8C0
:10A9E00003F00236414907990229ECD1089B1A78F5
:10A9F000052AE8D15E78412E05D02A4805F016FBDD
:10AA000000230793E3E7284805F010FB8024012585
:10AA100003216846ADF800408DF8025005F006FBB2
:10AA200000238DF8043001AB0393204B049332468E
:10AA30001F4BADF80640294603A8ADF80840059322
:10AA4000FFF7A4FEC205DBD54FF4807008E019487B
:10AA500000F018FA06A8D6F73DFC174B0020187036
:10AA60000BB0F0BD00230793B4E7C1B206A8D6F738
:10AA700085FCAFE7114800F005FA079B33B90D4894
:10AA800000F000FA06A8D6F725FCDDE71122012127
:10AA900006A8FFF77BFEC30598D5D5E74BAB0508A5
:10AAA000E79B0508EC55060866AB05085DA9040898
:10AAB0003DA90408B0AB05084509002069AB0508AD
:10AAC00030B587B0202102A8D6F7DAFB3F48404CCA
:10AAD00000F0D8F93F4800F0D5F93F4800F0D2F92E
:10AAE0003E4800F0CFF90025012025810395F1F7BC
:10AAF00069F9014602A8FFF7A3FD013804284AD8E6
:10AB0000DFE800F0030F27131C00334800F0BAF908
:10AB100002A8D6F7DFFB324B01221A70002007B0E3
:10AB200030BD2D4800F0AEF9D0E72B4800F0AAF96F
:10AB300002A8D6F7CFFB4FF48070F0E7294800F069
:10AB4000A1F9039505F05AFAC1B203298DF807104F
:10AB500003D1214800F096F9C6E704290AD11E481E
:10AB600000F090F90121162202A8FFF70FFEC3059D
:10AB7000BAD5E0E702A8D6F701FC9DF807300D2B07
:10AB800003D1194800F07EF9DCE701210DF107003F
:10AB900005F04CFAD6E7039B002BA5D002A8D6F708
:10ABA000DEFBF1F729F970B10A2102A8D6F7E6FB1E
:10ABB0000220F1F707F9014602A8FFF741FD03283B
:10ABC000C7D00428EAD10021CDE700BF439E050885
:10ABD000780400206CAB0508B0AB05088DAB050808
:10ABE00045090020B3AB0508E3AB0508202201218D
:10ABF000FFF7CCBD37B50C466A4601A90546F1F70B
:10AC000001FB019984F0010201294FEAC2120BD025
:10AC1000022906D0074908482A46D6F7EBFF00204C
:10AC200005E042F0080201210098FFF7AFFD03B0F4
:10AC300030BD00BFEAAB050854D80508002210B5A6
:10AC400011460446F1F7DEFA022805D1204601211B
:10AC5000BDE81040FFF7CEBF2046F9F7B9F802284B
:10AC600004D12046BDE81040FFF7C0BF012010BD51
:10AC7000EFF3108172B6064B1B68C21A002A054A10
:10AC8000DABF01331360106081F31088704700BF92
:10AC9000500900204C09002040694B69C01AC00FC0
:10ACA000704700002DE9F843EFF31187F02383F399
:10ACB00012880E4E00243568A04625B9346087F30B
:10ACC0001188BDE8F88369680948C5F80480E3F78E
:10ACD000CCFC2B8A9B07814605D422460448294692
:10ACE000E3F7A2FC04464D46E7E700BF4809002011
:10ACF00099AC04082DE9F8431C4B1D4D1E682C68C7
:10AD000000274FF0010913E061681A486760E3F714
:10AD1000ACFC228AE369D107804613D5C2F38002D6
:10AD200021461846FFF7E2FC78B1A4F81290444699
:10AD3000CCB16069831B002BE6DD2C60BDE8F843D5
:10AD4000FFF796BF0BB120469847638A022BEED1DE
:10AD5000D4E9053213446361214606484246E3F7CD
:10AD600063FC0446CDE72C60BDE8F8835009002061
:10AD70004809002099AC04082DE9F341EFF311874D
:10AD8000F02383F31288114E00253468A8462CB9AD
:10AD9000356087F3118802B0BDE8F08161680C4826
:10ADA000C4F804800194E3F760FC019B1B8A9B07B5
:10ADB000044603D5012101A8D5F7A2FB2A46019933
:10ADC0000348E3F731FC0546E1E700BF48090020EE
:10ADD00099AC0408002370B54360C3600C4B1B683A
:10ADE000194404464161EFF31186F02383F312887E
:10ADF000084D01462A680848E3F716FC844228609B
:10AE000002D16069FFF734FF86F3118870BD00BF7F
:10AE1000500900204809002099AC040838B50246C2
:10AE2000EFF31185F02383F31288044C0448216862
:10AE3000E3F73CFC206085F3118838BD4809002009
:10AE400099AC040838B545180146A94206D1884294
:10AE500015D2BDE83840091A05F0E8B80C4614F8D8
:10AE6000013B0A2B09D1884202D2091A05F0DEF80B
:10AE70000348022105F0DAF820462146E5E738BD0F
:10AE8000B0AB050810B50446FFF78EF80146204622
:10AE9000BDE8104005F0CAB8032902D1104605F0FC
:10AEA00093B804291DBF16224FF0FF301A6000200E
:10AEB00070470846114605F0B9B870B515460C46FE
:10AEC0008E18B44201D1284670BD05F097F804F8F9
:10AED000010BF6E738B5054614466A68013A012ABF
:10AEE000084604D82146FFF7ADFF204638BD0122B1
:10AEF0001A604FF0FF34F8E770B5054608460C4677
:10AF0000E3F76CFF6368034902462846BDE87040DA
:10AF1000D6F770BE06AC050870B5154642686AB92A
:10AF20000C464E19A64201D1284670BD05F066F8C0
:10AF30000D2808BF0A2004F8010BF3E701221A606C
:10AF40004FF0FF35F0E7830705D16422B0FBF2F341
:10AF500002FB13034BB94FF4C873B0FBF3F203FBCE
:10AF60001200B0FA80F040097047012070470000DD
:10AF7000074B4A1E10B533F9114033F9123002293C
:10AF8000A4EB030402D1FFF7DEFF0444204610BD0A
:10AF9000D456060810B5064B4C1E022933F914404E
:10AFA000144402D9FFF7CFFF0444204610BD00BF70
:10AFB000D4560608F8B5154600233F4A0BF048FA68
:10AFC000002B044616461F4604DA3B4AB61843F1E6
:10AFD0000007013C4FF461620023304639460BF014
:10AFE00037FA3C2228710023304639460BF030FAFC
:10AFF000002316463C220BF02BFAE31C6A71072251
:10B0000093FBF2F2C2EBC2029B1A04F503342B4A03
:10B01000AE7148BF073304F56A7448F6AC61EB7152
:10B0200094FBF2F302FB134292FBF1F4042C08BFF1
:10B03000032440F2B55001FB142292FBF0F11929D0
:10B0400008BF182100FB112240F26D1092FBF0F0B6
:10B05000042808BF03206FF4B67606FB002264269E
:10B060007343192606FB04330B4400EB830000F501
:10B07000C86080B21249288000230C78944216DD03
:10B08000991CC9B20B2984BFA3F10A01013002F156
:10B09000010201F1010188BF80B2D2B2C9B288BFFA
:10B0A0002880EA70A970FFF775FF2881F8BD01318B
:10B0B000121B0133E1E700BF80510100B13A0200E9
:10B0C000C8560608F8B51D46A0F2B27740F26D13D7
:10B0D0005F436FF4C863C418A308DB194FEAE7762F
:10B0E00046F100066427B4FBF7F7DB1B66F10006A8
:10B0F0004FF4C877B4FBF7F4E41846F10006593C66
:10B1000046F1FF36FFF746FF0A4B01380019A0FB56
:10B11000032146F1000603FB0611DDE906303C245D
:10B1200004FB03004FF4616303FB0500801841F149
:10B130000001F8BD805101002DE9F041079C069EF9
:10B140004FF03C0C94FBFCF50CFB15442E44002CFA
:10B1500004EB0C07A8BF274606F1FF34B8BF26460C
:10B1600096FBFCF40CFB14662344002E06EB0C0447
:10B17000B8BF264603F1FF34B8BF23464FF0180C82
:10B1800093FBFCF40CFB1433A518002B03EB0C0809
:10B19000A8BF984605F1FF33B8BF1D464B1E0C21D2
:10B1A00093FBF1F201FB1233002B02EB0004194474
:10B1B000A8BF194604F1FF33B8BF1C460131002D6A
:10B1C0000DDD2046FFF7D4FEA84213D3CDE9066774
:10B1D00043462A462046BDE8F041FFF773BF0139D8
:10B1E00004F1FF3304BF1C460C212046FFF7C0FECC
:10B1F0000544E4E701310D2904F10103A5EB000545
:10B2000004BF1C460121DCE7044B00F00F020009DB
:10B210009A5C185C40EA0210C0B27047EE5606080D
:10B220002DE9F04FD0F8009087B01F460B4404463C
:10B230000393B9F1000F51D0BA4602F1FF38039BD6
:10B24000534551D0A37918F8016F1BB93046FFF769
:10B25000DBFF06464FF0080B0025E268D388D26872
:10B26000F10758BF1B0493616379002B40F08F8076
:10B27000484605F005F8A2682179D388D2680129EB
:10B2800008BF1B0493612269D36812891B69C2F34A
:10B290004312D34003F0010343EA4503DDB263796F
:10B2A000002B40F08280484604F0EAFFA268217932
:10B2B000D388D268002976D09361BBF1010BC6F325
:10B2C0004706CAD13FB1A3791BB12846FFF79CFFBF
:10B2D00005468AF800500AF1010AB0E7531E3D46C0
:10B2E0000293039BAB4202D107B0BDE8F08F029AF4
:10B2F000A379019312F8013F0292019A1AB91846F4
:10B30000FFF782FF0346226994F804E0D0681289AF
:10B310000490C2F34311E268B2F80690D2F80CA090
:10B32000A268B2F806C0D6684FEA09424FF0080892
:10B33000002005924FEA0C4BDA075ABF059ACAF86B
:10B340001820CAF81890049ABEF1010F14BFC6F86D
:10B3500018C0C6F818B01269CA4002F0010242EAE9
:10B360004002D0B2BEF1000F0ED0C6F818C0B8F13E
:10B370000108C3F34703DFD127B1019B0BB1FFF7EE
:10B3800043FF28700135ACE7C6F818B0EFE7A268B4
:10B390002179D388D268012908BF1B0493614846EC
:10B3A00004F06EFF6FE71B0486E7A2682179D3885B
:10B3B000D26821B19361484604F062FF7DE71B0427
:10B3C000F8E710B50446B1B980682179C388C2682E
:10B3D00099B1936100231A46012104F071FE002304
:10B3E0001A46E068012104F06BFE002320691A462A
:10B3F000194604F065FE002010BD1B04E9E70000BB
:10B40000F0B585B00C4606F06BFC00231A4605210A
:10B41000054604F055FE062201A92046E3F7E6FFA3
:10B42000029B042B02D82848E2F7CAFCEB68EA88A2
:10B430009A61FA2004F0D0FEEB88EA681B0493615D
:10B44000122004F0C9FEEFF31186102383F3128853
:10B45000EB68EA889A610A2004F012FF04F0F4FE17
:10B460000746EB681C692B89C3F34313DC4014F0D7
:10B4700001041FD1962201212846F2F701F8002885
:10B480001DDB019F642201212846F1F7F9FF002806
:10B4900015DBE3103028FA5C94BF00200120013452
:10B4A00040EA4200282CF854ECD186F3118806209B
:10B4B00005B0F0BD04F0C8FEC01B6428D1D986F3E6
:10B4C00011886E20E2F7A0FE1D9E050810B5084BFE
:10B4D000044618684FF47A73B0FBF3F000F01EFADC
:10B4E000002221464FF0FF3000F0CAF9002010BDC5
:10B4F00030040020014B1868000C7047002004E065
:10B50000024B1868C0F30B00704700BF002004E036
:10B510007047000010B50446002800F09F80036CBF
:10B5200023B9436480F83C30FFF7F2FF236CDB065D
:10B5300000F19280236C23F4885323F0020343F03C
:10B5400002032364464B5A6822F440325A605A6818
:10B5500061680A435A60236821695A6822F480723C
:10B560005A605A6842EA01225A605A68A16822F079
:10B5700040725A605A680A435A609A68E16822F435
:10B5800000629A609A680A439A603649A26A8A42BF
:10B5900056D0996821F07061996099680A439A6061
:10B5A0009A68E16A22F040529A609A680A439A6067
:10B5B0009A68A16922F002029A609A6842EA4102FE
:10B5C0009A60226A002A43D05A6842F400625A60A4
:10B5D0005A6822F460425A60626A5868013A4FF42D
:10B5E000604191FAA1F1B1FA81F18A4002435A60B7
:10B5F000DA6AE16922F47002DA62DA6A013942EA4F
:10B600000152DA629A68216B22F400729A609A6899
:10B6100042EA41229A609A68616922F480629A60E3
:10B620009A68002042EA81229A606064236C23F0C9
:10B63000030343F001032364002384F83C3010BD6E
:10B640009A6822F070629A609A6822F04052AEE7DF
:10B650005A6822F40062CAE70120EDE70120EEE714
:10B66000002301400100000F82B00023019390F8F5
:10B670003C30012B4ED0012380F83C3003689A689F
:10B68000D10705D59A68D20714D4002002B07047BC
:10B690009A68214942F001029A60204A1268B2FB7E
:10B6A000F1F202EB42020192019A002AEAD0019AD9
:10B6B000013AF8E7026C22F4E06222F0010242F45F
:10B6C000807202645A68510541BF026C22F44052F4
:10B6D00042F480520264026C12F480521CBF426C2D
:10B6E00022F006024264002280F83C206FF0220221
:10B6F0001A600B4A5268D20608D19A6812F0405F6D
:10B70000C3D19A6842F080429A60BEE7054A9342EC
:10B71000BBD1F2E70220B9E740420F00300400201D
:10B72000002301400020014090F83C30012B14D050
:10B7300003689A6822F001029A609B68DB0707D4CD
:10B74000036C23F4885323F0010343F001030364E3
:10B75000002380F83C3018467047022070470000F4
:10B76000F7B50023019390F83C30012B7ED00C6894
:10B7700002688E68092CA5B231D9A5F10A03D768F1
:10B7800003EB43034FF0070C0CFA03FC27EA0C070A
:10B79000D760D76806FA03F33B43D3604B68062BA8
:10B7A0002CD8013B516B03EB83031F269E4021EAFB
:10B7B00006015163516B05FA03F30B4353632C4BA2
:10B7C0009A4206D1122C38D12A4A536843F4800396
:10B7D0005360002380F83C30184603B0F0BD136975
:10B7E00004EB440C072707FA0CF723EA070313615D
:10B7F000136906FA0CF61E431661CFE70C2B0ED820
:10B80000073B116B03EB83031F269E4021EA0601D1
:10B810001163116B05FA03F30B431363CFE70D3B81
:10B82000D16A03EB83031F269E4021EA0601D16201
:10B83000D16A9D400D43D562C1E7A4F11003012BED
:10B84000C7D80C4A5368102C43F400035360C0D18E
:10B85000094B0A4A1B68B3FBF2F30A2253430193D4
:10B86000019B002BB5D0019B013BF8E70220B4E718
:10B8700000200140002301403004002040420F001E
:10B88000144BDB68C3F3022330B5DD1E042D94BFD7
:10B89000C3F1070304234FF0FF3488BF002504FAE7
:10B8A00003F321EA0301AC40002822EA040201FA72
:10B8B00005F141EA0201AEBF00F16040064A00F026
:10B8C0000F004FEA0113AABF00F56140135480F83E
:10B8D000003330BD00ED00E014ED00E0002807DB90
:10B8E000044A4109012300F01F00834042F821303F
:10B8F000704700BF00E100E000280CDB4309064967
:10B9000000F01F0020330122824041F82320BFF3C2
:10B910004F8FBFF36F8F704700E100E00138B0F147
:10B92000807F0BD24FF0E023054A5861F02182F866
:10B9300023100020072298611A6170470120704788
:10B9400000ED00E070B590F83440012C01D10220E8
:10B9500070BD012480F8344090F83540866D012C8C
:10B960004FF0000429D1022580F835504465046861
:10B97000256825F48025256063608368402B0EBF11
:10B98000A260A160E260C26D08BFE1603F23934006
:10B99000B360236843F016032360636943F08003B8
:10B9A0006361036C1BB1236843F0080323602368C1
:10B9B00043F0010323600020CAE780F83440C6E763
:10B9C000F7B5002301935C4B856D1F68C36D2E682E
:10B9D00008229A40324204460CD0016808684007A9
:10B9E00008D5086820F004000860AA60626D42F083
:10B9F00001026265514A9A40324208D02168496981
:10BA0000090641BFAA60626D42F0020262654C4ABB
:10BA10009A40324208D021680968880741BFAA606D
:10BA2000626D42F00402626510229A40324210D0E8
:10BA30002368196809070CD5AA601A68500337D51E
:10BA40001B68190301D4236C00E0A36C0BB12046E2
:10BA50009847E16D20228A4032423AD02368186824
:10BA6000C60636D5AA6094F83520052A1A6827D16B
:10BA700022F016021A605A6922F080025A61226C82
:10BA80000AB9A26C1AB11A6822F008021A603F23A0
:10BA90008B40AB60002384F83430012384F83530C8
:10BAA000236D002B45D0204603B0BDE8F040184779
:10BAB0001A68D2055EBF1A6822F008021A60C2E74F
:10BAC000500327D51B68190331D4636C0BB1204692
:10BAD0009847636D6BB3636DDA0719D522684FF42D
:10BAE0001653B7FBF3F7052384F83530136823F0BA
:10BAF00001031360019B0133BB42019302D8136819
:10BB0000DB07F7D4002384F83430012384F8353080
:10BB1000E36CC6E71A6812F4807208D1196821F044
:10BB200010011960012384F8342084F83530E36B68
:10BB3000CCE703B0F0BD00BF30040020010080005E
:10BB400004008000406D7047036810B5DAB2103A07
:10BB5000064C6FF309035F2A88BF04331821B2FB38
:10BB6000F1F1615CC1658365184610BD0857060890
:10BB700070B504460AF034FE0546002C60D0002360
:10BB800084F834302268022384F83530136823F0B7
:10BB90000103136022681368D8072ED41368324853
:10BBA000A1691840D4E901352B43E5682B43256989
:10BBB0002B4365692B43E5690B432B43256A2B43D4
:10BBC0000343606A042802BFD4E90B5635432B4374
:10BBD00013605369042823F0070343EA000335D1B7
:10BBE000A06AE56A03438DB391B9012820D030F0F3
:10BBF00002012BD1E90129D51DE00AF0F1FD401B1E
:10BC00000528C7D920230320636584F8350070BD5B
:10BC1000B1F5005F16D1032818D801A151F820F022
:10BC200037BC0408F5BB040837BC040831BC040861
:10BC3000B5F1C07F0AD140236365012384F8353014
:10BC40000120E4E70228F6D90328D3D05361204627
:10BC5000FFF77AFFE26D3F239340836000200123CA
:10BC6000606584F83530D2E73F8010F038B505467E
:10BC7000E8B190F83540022C17D003681A6822F01A
:10BC800001021A60002421221C605C609C60DC6060
:10BC90001C615A61FFF758FFEA6D3F2393408360B0
:10BCA0006C6585F8344085F83540204638BD012460
:10BCB000FBE700002DE9F74FDFF878815B4C0023AC
:10BCC0004FF001090D6809FA03FA0AEA05023AEA97
:10BCD000050540F09C804D6825F0100EBEF1020F66
:10BCE00014D14FEAD30C00EB8C0C03F0070BDCF8FB
:10BCF00020604FEA8B0B0F2707FA0BF726EA07079E
:10BD00000E6906FA0BF63E43CCF8206007684FEA4E
:10BD1000430C032606FA0CF627EA060B05F0030788
:10BD200007FA0CF70EF1FF3E47EA0B07BEF1010FD1
:10BD3000076010D8876827EA060ECF6807FA0CF765
:10BD400047EA0E078760476827EA0A0E2F099F40D7
:10BD500047EA0E074760C76827EA06078E6806FAB3
:10BD60000CF63E43C660EE0051D500260196D8F889
:10BD7000446046F48046C8F84460D8F8446023F034
:10BD8000030707F1804706F4804607F59C370196C4
:10BD900003F0030C019ED7F808E04FEA8C0C0F2645
:10BDA00006FA0CF62EEA060E214EB04236D006F503
:10BDB0008066B04234D006F58066B04232D006F5D7
:10BDC0008066B04230D006F58066B04214BF0726C8
:10BDD000042606FA0CF646EA0E06BE602668EF0355
:10BDE00054BF9643164326606668AF0354BF96431C
:10BDF00016436660A668EF0254BF96431643A660DA
:10BE0000E668AD0254BF26EA02023243E260013323
:10BE1000102B7FF457AF03B0BDE8F08F0026D8E7B2
:10BE20000126D6E70226D4E70326D2E7003C0140EC
:10BE300000000240003802400268536913F4806336
:10BE40000DD06FF480635361042303642022002328
:10BE5000036380F83C3080F83D200120704718468D
:10BE600070472DE9F04205460E4617461C464FEA3C
:10BE700011492B68B9F1010F1FD1586926EA00005A
:10BE800080B2B0FA80F04009874201D0002012E071
:10BE9000621CEFD02CB10AF0A3FC069BC01AA04292
:10BEA000E7D9002320222B6385F83C3085F83D201C
:10BEB000032085F83E30BDE8F0829869C043C0F3A6
:10BEC000400080F00100C0B2DEE72DE9F0410446F9
:10BED0000F46164698462568686927EA000080B232
:10BEE00098B16B695A0512D52B6843F400732B6027
:10BEF0006FF480636B610423236420220023236397
:10BF000084F83C3084F83D200120BDE8F081731CAA
:10BF1000E2D046B900232022236384F83C3084F821
:10BF20003D200320F1E70AF05BFCA0EB0800B042E3
:10BF3000D1D9EFE770B504460D461646206843692F
:10BF400013F0400301D000200DE04269D2060BD56A
:10BF50006FF0100242612022236484F83C30236396
:10BF6000012084F83D2070BD5DB9236C43F02003AF
:10BF70002364202384F83D30002384F83C300320E0
:10BF8000F1E70AF02DFC801BA842D7D9EDE770B588
:10BF900004460D46164623685B695B0701D5002001
:10BFA00012E02046FFF748FF70B96A1CF3D065B96C
:10BFB000236C43F02003236420220023236384F8AE
:10BFC0003C3084F83D20032070BD0AF009FC801B42
:10BFD000A842E0D9ECE770B505460E462B689C698F
:10BFE000E44314F0020401D000200DE00AF0F8FB55
:10BFF000801B1928F2D920232C6385F83C4085F852
:10C000003D30032085F83E4070BD70B504460D46B6
:10C01000164623685B691B0601D5002012E0204606
:10C02000FFF70AFF70B96A1CF3D065B9236C43F0BF
:10C030002003236420220023236384F83C3084F807
:10C040003D20032070BD0AF0CBFB801BA842E0D945
:10C05000ECE700002DE9F0431546026885B0DDE904
:10C060000C679946136843F4807313608846009701
:10C07000334600224FF001110446FFF7F2FE18B1DB
:10C08000032005B0BDE8F08322681C4908F0FE03D8
:10C09000136120463B463246FFF717FF28B1236C59
:10C0A000042B0CBF01200320EBE7236803905A699F
:10C0B00003929B6903933A4631462046039BFFF760
:10C0C000A4FF48B1236C042BDAD12268136843F42F
:10C0D000007313600120D4E7B9F1010F236802D186
:10C0E000EDB21D61CDE72A0A1A6131463A46204673
:10C0F000FFF78BFF0028E5D12368F1E7020001007C
:10C100002DE9F0439946036817461A6842F48062A5
:10C1100085B01A601A68DDE90C5642F480721A6024
:10C12000884600962B4600224FF001110446FFF787
:10C1300098FE18B1032005B0BDE8F08323682E49AE
:10C1400008F0FE021A61204633462A46FFF7BDFE7C
:10C1500028B1236C042B0CBF01200320EBE72368DC
:10C1600003905A6903929B690393324629462046FD
:10C17000039BFFF74AFF48B1236C042BDAD12268F6
:10C18000136843F4007313600120D4E7B9F1010F81
:10C19000236825D1FFB232461F6129462046FFF7AA
:10C1A00034FF02460028E7D121680B6843F480730E
:10C1B0000B60204600962B464FF00111FFF751FE11
:10C1C0000028B7D1236848F00101C9B219612A4695
:10C1D000094933462046FFF778FE0028ABD0B8E780
:10C1E0003A0A1A61294632462046FFF70EFF002818
:10C1F000C2D12368CEE700BF0200010070470000F3
:10C2000038B50446002866D090F83D301BB980F858
:10C210003C30FFF7F3FF2268242384F83D30136895
:10C2200023F00103136001F0BDFC62682B4B25680D
:10C230002B49B0FBF1F19A42696000F1FF3024D83C
:10C240005200B0FBF2F2531C40F6FC720131134273
:10C25000296230D10423EB61D4E9073213432B6008
:10C26000D4E903231343AB60D4E905321343EB60F5
:10C270002B6843F001032B6000202023206484F806
:10C280003D30206384F83E0038BD4FF49673594327
:10C290004FF47A73B1FBF3F1A368013129626BB1FA
:10C2A00019235A43B0FBF2F30133C3F30B036BB111
:10C2B00043F44043CFE7C3F30B03CCE702EB420266
:10C2C000B0FBF2F20132C2F30B030BB90123C2E758
:10C2D00043F40043BFE70120D6E700BFA08601007A
:10C2E00040420F00704710B5044698B102682423FD
:10C2F00080F83D30136823F001031360FFF7F2FF6D
:10C300000020206484F83C0084F83D00206384F819
:10C310003E0010BD0120FCE72DE9F043044685B046
:10C3200098460C9F0D4691460AF05AFA94F83D3013
:10C33000202B064604D101462046FFF74CFE20B1D3
:10C340000225284605B0BDE8F08394F83C30012B67
:10C35000F6D0012384F83C3023681A68D2075EBF08
:10C360001A6842F001021A601A6822F400621A6028
:10C37000212284F83D20102284F83E2000222264ED
:10C38000A2F58032A4F82A80E262628D2285E26AF8
:10C39000C4F82490042A04D0012A02D012F5803F68
:10C3A00004D11A6842F480721A6002E0226B122AE9
:10C3B000F7D000963B4600224FF001112046FFF7D0
:10C3C00050FD002833D123692268B3F5804F20D176
:10C3D00005F0FE051561374933463A462046FFF71A
:10C3E00074FD054610BB236803905A6903929B694C
:10C3F0000393039B238D3BBB21680A6842F40072C0
:10C400000A60202284F83D2084F83C3084F83E30D5
:10C4100097E7EB1103F0060343F0F003136126499D
:10C4200033463A462046FFF750FD48B1236C236C53
:10C43000042B4FF0000384F83C300ED1012580E737
:10C440002368EDB21D61C6E7324639462046FFF744
:10C45000DCFD50B1236C042B01D0032571E7226869
:10C46000136843F400731360E8E7626A2068531CA2
:10C47000636213780361638D013B6385238DD0F87C
:10C4800014C0591E89B21CF0040F218509D041B196
:10C49000911C616252780261628D023B013A6285B1
:10C4A0002385324639462046FFF771FD0028A1D08A
:10C4B000D0E700BF02000100080001002DE9F043B1
:10C4C000044689B09846109F0D4691460AF088F9B7
:10C4D00094F83D30202B064604D101462046FFF754
:10C4E0007AFD20B10225284609B0BDE8F08394F812
:10C4F0003C30012BF6D0012384F83C3023681A68C5
:10C50000D1075EBF1A6842F001021A601A6822F46D
:10C5100000621A60222284F83D20102284F83E2016
:10C5200000222264A2F58032A4F82A80E262628DA1
:10C530002285E26A1968C4F8249041F48061042AD3
:10C54000196004D0012A02D012F5803F04D11A6884
:10C5500042F480721A6002E0226B112AF7D0009632
:10C560003B4600224FF001112046FFF77AFC0028DD
:10C5700030D122692368B2F5804F1CD145F0010506
:10C58000EDB21D61794933463A462046FFF79DFCDE
:10C590000546F0B9228D2368002A4BD0012A5DD1CF
:10C5A0001A6822F480621A6004905A6904929A69A7
:10C5B0000492049A44E04FEAE51808F0060848F0AF
:10C5C000F0021A616A4933463A462046FFF77DFC7D
:10C5D00048B1236C236C042B4FF0000384F83C30EB
:10C5E00026D101257FE723686049EDB21D613A46F7
:10C5F00033462046FFF769FC02460028E9D123684C
:10C60000079059690791996907910799196841F449
:10C6100080711960204600963B464FF00111FFF7EC
:10C6200020FC0028D6D1226848F0F1031361A9E765
:10C63000032558E703905A6903929A690392039A73
:10C640001A6842F400721A60238D13BB202284F80A
:10C650003D2084F83C3084F83E3044E7022A1A68D2
:10C660000DD122F480621A601A6842F400621A60E6
:10C6700005905A6905929B690593059BE4E742F48E
:10C6800080621A6006905A6906929B690693069B1F
:10C69000DAE7032B50D8012B0BD13246394620461E
:10C6A000FFF748FC08B3236C202B0CBF03250125A2
:10C6B00019E7022B2F4900963B464FF00002204617
:10C6C00020D1FFF7CEFB0028B2D123681A6842F4CC
:10C6D00000721A601A69636A591C61621A70238DAC
:10C6E000013B2385638D013B638523681A69636A77
:10C6F000591C61621A70238D013B2385638D013BB8
:10C700006385A1E7FFF7ADFB0246002890D12368BF
:10C71000196821F4806119601969636A581C6062A4
:10C720001970238D1349013B2385638D013B63857C
:10C73000204600963B46C4E7324639462046FFF77E
:10C74000F9FB0028AFD123681A69636A591C61623A
:10C750001A70238D013B2385638D013B638523681C
:10C760005A6952077FF570AFC0E700BF02000100B1
:10C7700008000100040001002DE9FF4104461D46A8
:10C780000F4690460AF02CF894F83D30202B0646D0
:10C790000BD11FB9012004B0BDE8F081B8F1000F42
:10C7A000F8D094F83C30012B01D10220F3E70123AB
:10C7B00084F83C30236844491A68D2075EBF186881
:10C7C00040F0010018601868212220F40060186011
:10C7D00084F83D20202284F83E2000222264A4F820
:10C7E0002A80E162618D21851968676241F4806168
:10C7F00019602046354900962B46FFF732FB02466A
:10C8000008B10320C7E723680290596902919B6928
:10C810000293029B2369B3F5404F0ED12B4900963A
:10C820002B462046FFF71DFB0028EAD12368039022
:10C830005A6903929B690393039B228DC2B90096A8
:10C840002B464FF482312046FFF70BFB0028D8D14E
:10C8500023686FF480625A611A6822F480621A6059
:10C86000202384F83D3084F83C0084F83E0092E7B1
:10C87000324629462046FFF7C8FB236848B11A68AC
:10C8800022F480621A60236C042B0CBF0120032069
:10C8900081E7616A4A1C62620A781A61628D013A14
:10C8A0006285228D5F69501E80B27F072085C4D5C6
:10C8B0000028C2D0881C606249781961638D023AF1
:10C8C000013B63852285B8E70000FFFF02000100FD
:10C8D0002DE9FF4104461E460D46904609F080FFB3
:10C8E00094F83D30202B07460CD125B90125284668
:10C8F00004B0BDE8F081B8F1000FF7D094F83C30F7
:10C90000012B01D10225F2E7012384F83C30236892
:10C910004B491A68D0075EBF186840F001001860E4
:10C920001868222220F40060186084F83D2020223C
:10C9300084F83E2000222264A4F82A80E162618DFE
:10C9400021851968656241F48061196020463D497E
:10C9500000973346FFF785FA054600286DD1236816
:10C9600002905A6902929B690293029B238DC3B97C
:10C9700023685A69D20640D500220392596903916F
:10C98000196841F0010119600399196821F4806167
:10C990001960202384F83D3084F83C2084F83E2040
:10C9A000A5E73A4631462046FFF7C4FA236848B166
:10C9B0001A6822F480621A60236C202B0CBF0325B6
:10C9C000012594E71A69636A591C61621A70238D04
:10C9D000013B2385638D013B638523685A695107B9
:10C9E000C4D51A69636A591C61621A70238D013BB0
:10C9F0002385638D013B6385B8E72046FFF71CFA6A
:10CA000080B926B109F0ECFEC01B8642B0D2236C7F
:10CA100043F02003236420220023236384F83C3066
:10CA200084F83D202268136823F480631360236C2C
:10CA3000042B0CBF0125032559E7032557E700BF49
:10CA40000000FFFF0200010073B50E4611460022F0
:10CA5000019290F83D20202A044602D0022002B024
:10CA600070BD354A46F2A8101268B2FBF0F21920E8
:10CA700042430192019A501E01903AB92023226349
:10CA800084F83C2084F83D300320E8E72268906970
:10CA90008507EFD494F83C000128DFD0012084F80A
:10CAA0003C001068C0075EBF106840F001001060D5
:10CAB000106820F400601060212084F83D000025FB
:10CAC000102084F83E00256463851C4BE362638D6F
:10CAD00061622385666403B3606B194EC663194EA9
:10CAE000C6641032C0E9105585640565FEF72AFF5B
:10CAF00023681A6842F480621A601A6842F48072ED
:10CB00001A6084F83C505A6842F440725A605A687D
:10CB100042F400625A600020A1E7116841F480618C
:10CB20001160116841F48071116084F83C305368E1
:10CB300043F4E0635360EEE7300400200000FFFFA1
:10CB400027D50408F3D4040873B5044600200190E7
:10CB500094F83D00202802D0022002B070BD364873
:10CB600046F2A8150068B0FBF5F01925684301905E
:10CB70000198451E019538B92023206384F83C00B4
:10CB800084F83D300320E8E72568A8698607EFD4DC
:10CB900094F83C000128DFD0012084F83C0028688C
:10CBA000C0075EBF286840F001002860286820F4B4
:10CBB00000602860222084F83D000026102084F8C0
:10CBC0003E00266463851D4BE362638D62622385AC
:10CBD00061640BB3A06B1A49C1631A49C164C0E90F
:10CBE00010668664066505F11001FEF7ABFE23684A
:10CBF0001A6842F480621A601A6842F480721A60FD
:10CC000084F83C605A6842F440725A605A6842F4B0
:10CC100000625A600020A0E72A6842F480622A601D
:10CC20002A6842F480722A6084F83C306B6843F4CE
:10CC3000E0636B60EEE700BF300400200000FFFF00
:10CC400027D50408F3D4040873B50023019390F8A2
:10CC50003D30202B0446164602D0022002B070BDA3
:10CC600009B90120FAE7002AFBD02B4B46F2A812A3
:10CC70001B68B3FBF2F3192253430193019B5A1E25
:10CC800001923BB92022236384F83C3084F83D2094
:10CC90000320E3E723689A699007EFD494F83C20D7
:10CCA000012ADAD0012284F83C201A68D2075EBF3C
:10CCB000186840F00100186018681A4620F40060F7
:10CCC000212342F8100B84F83D30202384F83E30B5
:10CCD0000025124B2564606B6685E362638D104E00
:10CCE00023856162C6630F4EC664C0E91055856432
:10CCF0000565FEF727FE23681A6842F480621A6011
:10CD000084F83C505A6842F440725A605A6842F4BF
:10CD100000625A602846A1E7300400200000FFFFAF
:10CD200027D50408F3D4040873B50023019390F8C1
:10CD30003D30202B04460E4602D0022002B070BDCA
:10CD400009B90120FAE7002AFBD02C4B46F2A811C2
:10CD50001B68B3FBF1F319214B430193019B591E4F
:10CD600001913BB92022236384F83C3084F83D20B4
:10CD70000320E3E7236899698807EFD494F83C100F
:10CD80000129DAD0012184F83C101968C9075EBF77
:10CD9000196841F0010119601868194620F4006013
:10CDA000222341F8100B84F83D30202384F83E30D4
:10CDB0000025134B2564A06B6285E362638D114AE5
:10CDC00023856662C263104AC264C0E910553246C8
:10CDD00085640565FEF7B6FD23681A6842F4806233
:10CDE0001A6084F83C505A6842F440725A605A689B
:10CDF00042F400625A602846A0E700BF30040020D9
:10CE00000000FFFF27D50408F3D404082DE9F347F9
:10CE100004469A460C9E8846914609F0E1FC94F837
:10CE20003D30202B054603D0022002B0BDE8F0873C
:10CE300001462046FFF7CFF80028F5D194F83C30A2
:10CE4000012BF1D0012384F83C3023681A68D20703
:10CE50005EBF1A6842F001021A601A6822F400628A
:10CE60001A60212384F83D30402384F83E300A9B29
:10CE700063620027BDF82C3027646385294BE36289
:10CE8000638D23854A46CDE90065534641462046D9
:10CE9000FFF7E0F800282ED0236C84F83C70042BB8
:10CEA00007D10120C1E7FFF7B0F850B1236C042B84
:10CEB00001D00320B9E72268136843F400731360BC
:10CEC000EFE7626A2068531C636213780361678D21
:10CED000238D013F67854769591E89B27F072185E8
:10CEE00009D541B1911C616252780261023B2385F0
:10CEF000638D013B6385238D2A4631462046002BF6
:10CF0000D1D1FFF744F80028D0D12268136843F448
:10CF100000731360202384F83D3084F83C0084F8CB
:10CF20003E0082E70000FFFF2DE9F047044686B08F
:10CF30009A46109F0D46914609F052FC94F83D30F8
:10CF4000202B064604D101462046FFF744F820B1C5
:10CF50000225284606B0BDE8F08794F83C30012B46
:10CF6000F6D0012384F83C3023681A68D1075EBFED
:10CF70001A6842F001021A601A6822F400621A600C
:10CF8000222384F83D30402384F83E300E9B6362B8
:10CF90004FF00008BDF83C30C4F840806385604B1A
:10CFA000E362638D23852946CDE9007653464A46E0
:10CFB0002046FFF7A5F8054640B1236C84F83C8075
:10CFC000042B01D10125C4E70325C2E7228D236884
:10CFD000A2B902905A6902929A690292029A1A6858
:10CFE00042F400721A60238D002B2CD1202284F889
:10CFF0003D2084F83C3084F83E30AAE7012A0AD16B
:10D000001A6822F480621A6003905A6903929A693E
:10D010000392039AE3E7022A0ED11A6822F480628F
:10D020001A601A6842F400621A6004905A69049205
:10D030009B690493049BD6E705905A6905929B6906
:10D040000593059BCFE7032B50D8012B0BD132461C
:10D0500039462046FEF76EFF08B3236C202B0CBF29
:10D060000325012575E7022B2E4900963B464FF01C
:10D070000002204620D1FEF7F4FE0028A4D1236848
:10D080001A6842F400721A601A69636A591C616274
:10D090001A70238D013B2385638D013B63852368D3
:10D0A0001A69636A591C61621A70238D013B2385DA
:10D0B000638D013B638596E7FEF7D3FE02460028A9
:10D0C00082D12368196821F4806119601969636A43
:10D0D000581C60621970238D1249013B2385638DB2
:10D0E000013B6385204600963B46C4E732463946FD
:10D0F0002046FEF71FFF0028AFD123681A69636A34
:10D10000591C61621A70238D013B2385638D013B9D
:10D11000638523685A6952077FF565AFC0E700BF92
:10D120000000FFFF040001002DE9F04F044685B028
:10D130009A46002302930E9FBDF83C6088469146B4
:10D1400009F04EFB94F83D30202B04D002252846F0
:10D1500005B0BDE8F08F384B1D6846F2A813B5FB4B
:10D16000F3F519235D430295029B5A1E02923BB9C7
:10D170002022236384F83C3084F83D200325E6E731
:10D180002568AB699A07EFD494F83C30012BDDD0C9
:10D19000012384F83C302B68DB075EBF2B6843F02B
:10D1A00001032B602B6823F400632B60212384F898
:10D1B0003D30402384F83E304FF0000B1F4BC4F845
:10D1C00040B0676266852685E362002E32D0232355
:10D1D000019000934A46534641462046FEF73AFFE7
:10D1E000054630B1236C84F83CB0042BC6D1012530
:10D1F000ADE7606B124B2268C363124BC3641032FD
:10D200003346C0E91055856405653946FEF79AFB3B
:10D21000236803955A6903929A69039284F83C50F3
:10D22000039A5A6842F480725A605A6842F4006263
:10D230005A608CE735468AE7300400200000FFFF83
:10D2400027D50408F3D404082DE9F047044686B036
:10D250009A46002303930E9FBDF83C608846914692
:10D2600009F0BEFA94F83D30202B1CD14D4B1D68BF
:10D2700046F2A813B5FBF3F519235D430395039D0F
:10D280006B1E03933DB92023256384F83C5084F83A
:10D290003D30032508E02568AB699A07EFD494F880
:10D2A0003C30012B04D10225284606B0BDE8F087AA
:10D2B000012384F83C302B68DB075EBF2B6843F00A
:10D2C00001032B602B6823F400632B60222384F876
:10D2D0003D30402384F83E3000232364A3F580339F
:10D2E0006685E362628D676223232285CDE9003083
:10D2F0005346002A3CD04A4641462046FEF700FFEE
:10D30000054640B1236C042B4FF0000384F83C30F9
:10D31000BFD10125C8E7A06B234B2168C363234B12
:10D32000C3643A4633461031C0E91055856405653B
:10D33000FEF708FB2368012E0BBF1A685A6822F417
:10D34000806242F480520CBF1A605A60002204923C
:10D35000596904919969049184F83C2004995A68A8
:10D3600042F480725A605A6842F400625A609BE745
:10D370004A4641462046FEF7C3FE05460028C1D175
:10D38000236805905A6905929A690592059A1A6868
:10D3900042F400721A60202384F83D3084F83C0087
:10D3A00082E700BF3004002027D50408F3D4040826
:10D3B0002DE9FF47044698460F46914609F010FABA
:10D3C00094F83D30202B054604D101462046FEF757
:10D3D00002FE18B1022004B0BDE8F08794F83C309A
:10D3E000012BF7D0012384F83C3023681A68D20758
:10D3F0005EBF1A6842F001021A601A6822F40062E5
:10D400001A60242384F83D300026374B266407F049
:10D41000FE07E3622268136843F4807313604FF0E1
:10D4200001110095434600222046FEF71AFD002810
:10D430004ED123681F6109F0D3F9226853695269FC
:10D4400094F83D100546C3F34003C2F380224FF029
:10D45000A00A134301D1A0291DD123684FF0200A4F
:10D4600084F83DA05A6912F0020F1A6842F4007263
:10D470001A6025D0002203925A6903929B69039394
:10D4800029462046039BFEF7A6FD08BB84F83DA075
:10D4900084F83C009FE7B8F1000F0BD184F83DA061
:10D4A00022685369526994F83D10C3F34003C2F3F4
:10D4B0008022CEE709F094F9401B4045EED8EFE713
:10D4C0006FF480625A6129462046FEF784FD08B158
:10D4D000032080E70136B1459CD884F83C0084F8ED
:10D4E0003DA0012077E700BF0000FFFF70477047B5
:10D4F000704710B5846BFEF725FB022812D0226816
:10D50000136823F48063136000232022638584F86A
:10D510003D2084F83E30236C43F010032364204602
:10D52000FFF7E6FF10BD08B5806B90F83D2003685B
:10D5300090F83E10212A03D0222A0CD120290AD1AA
:10D540005A6822F400625A60002242855A6842F406
:10D5500040725A6008BD1A6822F480621A601A6824
:10D5600042F400721A605A6822F480525A605A6873
:10D5700022F400625A6000234385026C12B1FFF767
:10D58000B7FFE7E7202280F83D2090F83E2080F8A2
:10D590003E30402A02D1FFF7AAFFDBE7FFF7A6FFE4
:10D5A000D8E790F83D0070474FF4807393FAA3F3E7
:10D5B000B3FA83F303F1845303F560339B00012234
:10D5C0001A6070470B4A136823F003030343136088
:10D5D000094B1A69012942F004021A6105D130BFD2
:10D5E0001A6922F004021A61704740BF20BF20BFB1
:10D5F000F6E700BF0070004000ED00E0054A136848
:10D6000043F002031360044A136943F004031361F7
:10D6100030BF70470070004000ED00E038B50E4BA1
:10D620000E4C4FF4007292FAA2F2B2FA82F2D318C0
:10D630009B0001221A6009F0D3F8054663681B07B6
:10D6400001D5002038BD09F0CBF8401BB0F57A7F3A
:10D65000F4D90320F6E700BF20808310007000405B
:10D660004FF4007393FAA3F3B3FA83F303F18453F3
:10D6700003F560339B0001221A6070470368F7B519
:10D680000446D80728D5A54B9A6802F00C02042A54
:10D6900007D09A6802F00C02082A0BD15B68590285
:10D6A00008D59E4B1B689A0316D56368A3B9012061
:10D6B00003B0F0BD6368994DB3F5803F40F0BA8088
:10D6C0002B6843F480332B6009F08AF8934D0646AB
:10D6D0002B689B0340F1CE8023689E0721D58F4B9A
:10D6E0009A6812F00C0F09D09A6802F00C02082A0E
:10D6F00040F0C8805B685D0200F1C48087490B6818
:10D70000980702D5E368012BD1D10B682069F82274
:10D7100092FAA2F2B2FA82F223F0F80390400343A5
:10D720000B6023681B070FD562697D4B002A00F050
:10D73000DE800122C3F8802E09F052F8774D0646AC
:10D740006B6F9F0740F1CC80236859072AD50023CF
:10D750000193724B734D1A6C42F080521A641B6C29
:10D7600003F080530193019B2B6843F480732B607B
:10D7700009F036F806462B68DA0540F1C880A36840
:10D78000664D012B40F0D0802B6F43F001032B67D7
:10D7900009F026F8614D074641F288362B6F9B074A
:10D7A00040F1E380A269002A42D05C4DAB6803F0EF
:10D7B0000C03082B3FF47BAF594B022A4FF00002B9
:10D7C0001A6640F0E78009F00BF806462B689901CD
:10D7D00000F1D280D4E9073243EA0201636A47F6D6
:10D7E000C07292FAA2F2B2FA82F2934043EA0102C4
:10D7F000A36A5B08013B4FF4403191FAA1F1B1FA01
:10D8000081F18B401343E26A444C4FF0706191FA0E
:10D81000A1F1B1FA81F18A4013436B60404B0122C0
:10D820001A6608F0DDFF054623689A0140F1AB80D7
:10D8300000203DE7B3F5A02F04D12B6843F48023EB
:10D840002B603DE72A6822F480322A602A6822F49D
:10D8500080222A60002B7FF437AF08F0C1FF064614
:10D860002B689F037FF538AF08F0BAFF801B642850
:10D87000F6D905E008F0B4FF801B64287FF628AFD6
:10D88000032015E7E268264BDAB101221A6008F09E
:10D89000A7FF224D06462B6899070CD52B682169F6
:10D8A000F82292FAA2F2B2FA82F223F0F80391403F
:10D8B0000B432B6035E708F093FF801B0228EAD961
:10D8C000DEE71A6008F08CFF144D06462B689A07B5
:10D8D0007FF527AF08F084FF801B0228F6D9CFE739
:10D8E00008F07EFF801B02287FF62AAFC8E7C3F846
:10D8F000802E08F075FF094D06466B6F98077FF57F
:10D9000023AF08F06DFF801B0228F6D9B8E708F0B6
:10D9100067FF801B02287FF62EAFB1E70038024078
:10D920000000474200700040052B04D12B6F43F0EC
:10D9300004032B6728E72A6F22F001022A672A6F67
:10D9400022F004022A67002B7FF422AF08F048FF80
:10D9500041F2883607462B6F98077FF523AF08F012
:10D960003FFFC01BB042F6D98AE708F039FFC01B61
:10D97000B0427FF613AF83E708F032FF801B022826
:10D980007FF624AF7CE708F02BFF401B02287FF6D0
:10D990004BAF75E708F024FF04462B689B017FF529
:10D9A00047AF08F01DFF001B0228F6D968E700BF4B
:10D9B0001E4B9A6802F00C02042A32D0082A32D197
:10D9C00059685A6812F4800F01F03F0147F6C0729F
:10D9D0001BD0586892FAA2F31040B3FA83F3D840F0
:10D9E000134B5843B0FBF1F08000104B5B684FF4D1
:10D9F000403203F4403392FAA2F2B2FA82F2D340F8
:10DA000001335B00B0FBF3F070470A48B0FBF1F163
:10DA1000586892FAA2F31040B3FA83F3D84048430F
:10DA2000E3E7054870470348704700BF00380240ED
:10DA300080841E000024F40000127A00524B1A6801
:10DA400002F00F028A422DE9F04104460D4605D24C
:10DA500019701B6803F00F038B4213D122689607DD
:10DA600006D54A49A0688B6823F0F00303438B6016
:10DA7000D00727D56268454B012A06D11B6813F4ED
:10DA8000003F0CD10120BDE8F081911E01291B68E7
:10DA900002D813F0007FF4E713F0020FF1E73B4EDA
:10DAA000B36823F003031343B36008F099FE63687F
:10DAB000012B074641F2883841D1B36803F00C03CB
:10DAC000042B35D1304B1A6802F00F02AA4205D957
:10DAD0001D701B6803F00F03AB42D3D122685107BE
:10DAE00006D52A49E0688B6823F4E05303438B6032
:10DAF000130707D5254A2169936823F4604343EA55
:10DB0000C1039360FFF754FF204B9B68F02203F0A2
:10DB1000F00392FAA2F2B2FA82F2D3401C4AD35C2A
:10DB2000D8401C4B18600020FDF7D0FC0020AAE76D
:10DB300008F056FEC01B4045BFD90320A3E7022BC7
:10DB40000AD1B36803F00C03082BBBD008F048FEE1
:10DB5000C01B4045F5D9F0E7032B0FD1B36803F0A4
:10DB60000C030C2BAED008F03BFEC01B4045F5D992
:10DB7000E3E708F035FEC01B4045DED8B36813F07C
:10DB80000C0FF6D19EE700BF003C02400038024077
:10DB90000868050830040020014B1868704700BF72
:10DBA00030040020084B1868084B9B684FF4E05283
:10DBB00003F4E05392FAA2F2B2FA82F2D340044A9A
:10DBC000D35CD840704700BF3004002000380240CA
:10DBD00000680508084B1868084B9B684FF46042C2
:10DBE00003F4604392FAA2F2B2FA82F2D340044AFA
:10DBF000D35CD840704700BF30040020003802409A
:10DC000000680508036813F0050FF7B5044627D030
:10DC10004D4B4E4D00229A6608F0E2FD06462B68F9
:10DC20001B0173D4626847F6C07393FAA3F3B3FA87
:10DC300083F302FA03F1A3684FF0E04292FAA2F2F2
:10DC4000B2FA82F293400B43C5F884303E4B3F4D0D
:10DC500001229A6608F0C4FD06462B681F015CD5B8
:10DC600023689D074CD500230193384B384D1A6C1F
:10DC700042F080521A641B6C03F080530193019BA5
:10DC80002B6843F480732B6008F0AAFD06462B68CE
:10DC9000D80548D52D4D2B6F13F440731AD0E26888
:10DCA00002F44072934215D02B6F274A0121C2F82B
:10DCB000401E23F440730021C2F8401E2B672B6FD7
:10DCC000D90707D508F08CFD41F2883607462B6F3F
:10DCD0009A072ED5E36803F44072B2F5407F1B4AE1
:10DCE000916808BF23F0704021F4F81104BF20F4BC
:10DCF000407001439160116FC3F30B030B43136733
:10DD000023681B071BD4002003B0F0BD08F068FD9A
:10DD1000801B022883D90320F6E708F061FD801BF1
:10DD200002289AD9F7E708F05BFD801B0228AED9DC
:10DD3000F1E708F055FDC01BB042C8D9EBE7054B31
:10DD4000227CC3F8E021DEE70000474200380240B1
:10DD50000070004000104742026838B5D36823F0D5
:10DD6000A003D360044608F03BFD05462368DB684A
:10DD70009B0601D5002038BD08F032FD401BB0F5F0
:10DD80007A7FF3D90320F6E738B50368DA685206DC
:10DD9000044601D5002038BD4FF0FF32DA6008F0AC
:10DDA0001FFD05462368DB685B06F3D408F018FD09
:10DDB000401BB0F57A7FF5D90320ECE70023092852
:10DDC00003D840EA0310C0B270470A380133C0B22A
:10DDD000F5E72DE9F041037F012B06460F464FF092
:10DDE00002052ED0016845770123037738787D78C6
:10DDF000BC788B6842BB13F0400308BFFB70FFF791
:10DE0000DDFF80462846FFF7D9FF02462046FFF790
:10DE1000D5FFFB7840EA034343EA084343EA022480
:10DE2000CA234B6253234B623046FFF7ADFF326883
:10DE30000546B0B1FF235362042373770023337781
:10DE400001252846BDE8F08113F0400308BFFB70B0
:10DE50002D02FA7845EA004545EA040343EA024404
:10DE6000DEE704F07F3424F0FE441460936823F46A
:10DE700080239360D7E90330916803430B43936099
:10DE8000D36823F08003D360946814F020040AD18F
:10DE90003046FFF761FF30B13368FF225A62042336
:10DEA00073773477CCE73368FF225A6201237377A4
:10DEB00000233377C5E7F8B5037F012B04464FF005
:10DEC000020630D00123037746770D784E788F789D
:10DED000C8786D034ABBF30641BF26F010060A3628
:10DEE000F6B24E70FFF76AFF01463046FFF766FF55
:10DEF00002463846FFF762FF284340EA014040EA05
:10DF000002252368CA225A6253225A622046FFF72A
:10DF10003BFF2268064670B1FF23536204236377F8
:10DF20000023237701263046F8BD45EA00453D43EE
:10DF300045EA0625E5E725F07F4525F0C005556053
:10DF4000D36823F08003D360956815F020050AD1CB
:10DF50002046FFF701FF30B12368FF225A620423F5
:10DF600063772577DEE72368FF225A620123637710
:10DF700000232377D7E7030903EB830300F00F00A7
:10DF800000EB4300C0B270470368986A70B5486000
:10DF900018691C68C0F30E00C4F30645C4F30626D6
:10DFA000886005F04003C4F3054004F07F04087066
:10DFB0004E708C70CB7052B9FFF7DDFF08703046A1
:10DFC000FFF7D9FF48702046FFF7D5FF8870002083
:10DFD00070BD38B503685B68C3F30740C3F304251D
:10DFE00003F03F04C3F34233C8704D708C700B7064
:10DFF00052B9FFF7C0FFC8702846FFF7BCFF487052
:10E000002046FFF7B8FF8870002038BD2DE9F041A9
:10E010001F46037F012B04460E4615464FF00200B3
:10E0200029D06077012320682377CA2343625323D2
:10E030004362C368DA0306D508F0D2FB8046206845
:10E04000C368DB0309D43D43FF233543C563436203
:10E0500001230020637720770DE008F0C1FBA0EBDF
:10E060000800B0F57A7FEAD92368FF225A620320BC
:10E07000002360772377BDE8F0812DE9F041069E0B
:10E080000446884617461D462268936838EA03030B
:10E090000CBF01230023BB4201D100202BE06B1CED
:10E0A000F3D055BB23685A6822F0E0025A606268D8
:10E0B000B2F5827F0AD1A268B2F5004F02D0B2F564
:10E0C000806F03D11A6822F040021A60A26AB2F58A
:10E0D000005F09D11A6822F400521204120C1A606F
:10E0E0001A6842F400521A60012384F85130002368
:10E0F00084F850300320BDE8F08108F071FB801BEC
:10E10000A842C1D3CEE713B50B460092802100226E
:10E110000446FFF7B2FF20B1636D43F0200363654F
:10E12000032002B010BD704710B50446002834D05B
:10E130000023836290F851301BB980F85030FFF70C
:10E14000F2FF2168A269022384F851300B6823F0A2
:10E1500040030B60D4E901300343E06803432069C6
:10E16000034360690343E0690343206A0343A06AF1
:10E17000034302F4007003430B60120C636A02F065
:10E1800004021A434A60CB6923F40063CB61002088
:10E190000123606584F8513010BD0120FCE7704711
:10E1A00010B5044680B10268022380F8513013682C
:10E1B00023F040031360FFF7F2FF0020606584F84E
:10E1C000500084F8510010BD0120FCE72DE9F04318
:10E1D0001F4690F85030012B85B004460D469146FD
:10E1E00000F09880012380F8503008F0F9FA94F894
:10E1F0005160012E804640F08B80002D54D0B9F143
:10E20000000F51D0032384F85130A2682563002306
:10E210006365C4E91033A4F83690A363E387A3874A
:10E220002368A4F83490B2F5004F08BF1A68E1687B
:10E2300004BF42F480421A601A6852065EBF1A6830
:10E2400042F040021A60B1F5006F626836D112B137
:10E25000E28E012A05D135F8022BDA60E38E013B0C
:10E26000E386E38E93B9CDF800803B46012202217C
:10E270002046FFF702FFB0B9424639462046FFF775
:10E2800042FF002836D0202363650DE023689A689A
:10E290009007E0D43FB1791CE3D008F0A1FAA0EBDD
:10E2A0000800B842DDD30326012384F8513000234F
:10E2B00084F85030304605B0BDE8F08312B1E28EEC
:10E2C000012A05D115F8012B1A73E38E013BE38671
:10E2D000E38E002BC7D023689A689207F2D4002FF0
:10E2E000E1D07B1CF4D008F07BFAA0EB0800B84228
:10E2F000EED3D8E7A36833B903932368DA680392AF
:10E300009B680393039B666D003E18BF0126CBE715
:10E310000226C9E70226CDE72DE9F043984690F89A
:10E32000503085B0012B0C9F04460D46164600F078
:10E33000D580012380F8503008F052FA94F851103B
:10E3400062680129814610D0B2F5827F01D1A368AD
:10E350004BB10220012384F85130002384F850305F
:10E3600005B0BDE8F0830429F3D1002D48D0002E7C
:10E3700046D0B8F1000F43D094F85130A663012B7A
:10E3800004BF052384F8513000236365C4E91033CA
:10E390002368A4F83E80A4F836801968A4F83C806D
:10E3A000480658BF1968256358BF41F04001A4F8DA
:10E3B000348058BF1960E168B1F5006F4BD112B1DC
:10E3C000E28E012A05D135F8022BDA60E38E013B9B
:10E3D000E3860123E28EAAB9E28F9AB9CDF80090C4
:10E3E0003B46012202212046FFF747FE18BB4A4662
:10E3F00039462046FFF787FE002863D02023636557
:10E400000120A7E763B1E28E52B1226891688907C3
:10E4100006D535F8023BD360E38E013BE38600234B
:10E42000E28F52B99846781C13D008F0D9F9A0EBC6
:10E430000900B8420DD303208CE72268916811F0DF
:10E440000108EFD0D36826F8023BE38F013BE38756
:10E45000E9E74346BEE712B1E28E012A05D115F87D
:10E46000012B1A73E38E013BE3860123E28E12B97E
:10E47000E28F002AB2D063B1E28E52B12268916875
:10E48000890706D515F8013B1373E38E013BE3863C
:10E490000023E28F52B998467B1C05D008F0A0F902
:10E4A000A0EB0900B842C6D24346DFE72268916874
:10E4B00011F00108EFD0D36806F8013BE38F013B70
:10E4C000E387E9E7A368002B7FF444AF2368039058
:10E4D000DA6803929B680393039B3BE702203FE7C4
:10E4E0002DE9F3411E464368B3F5827F04460D468D
:10E4F00017460CD1836853B9042380F85130134672
:10E5000000960A46FFF708FF02B0BDE8F08194F8D4
:10E510005030012B79D0012384F8503008F060F995
:10E52000804694F8510001286DD1002D59D0002F5C
:10E5300057D0042384F85130A268A787002363656D
:10E54000C4E91033E7872363E386A3862368A563C2
:10E55000B2F5004F02BF1A6822F480421A601A68AE
:10E5600057065EBF1A6842F040021A60E368B3B112
:10E57000E38FBBB123689A68D20739D5DB6825F8E9
:10E58000023BE38F013BE387F2E723689A68D007F9
:10E590001DD51B7B05F8013BE38F013BE387E38F30
:10E5A000002BF2D16368B3F5827F0BD1A368B3F57A
:10E5B000004F02D0B3F5806F04D12268136823F0B6
:10E5C00040031360606D003818BF012009E03EB1C0
:10E5D000711CE4D008F004F9A0EB0800B042DED3CF
:10E5E0000320012384F85130002384F850308BE756
:10E5F000002EF5D0731CBBD008F0F2F8A0EB080099
:10E60000B042B5D3ECE70220EBE702207CE7000044
:10E6100010B590F85030012B044644D0012380F807
:10E62000503090F8510098423BD1002935D0002A53
:10E6300033D0032384F8513000236365C4E91033D9
:10E64000E286A363E387A387A368A2862268A06CFF
:10E650002163B3F5004F02BF136843F48043136096
:10E66000124B0364124BC363124BC3640023036554
:10E670000C32E38EFDF766F923681A6852065EBF16
:10E680001A6842F040021A605A6842F020025A604A
:10E690005A6842F002025A600020002384F8503089
:10E6A00010BD0220F9E70220FAE700BF71E8040874
:10E6B000B7E8040895E8040838B5044690F8500017
:10E6C000012861D0012084F8500094F851000128FD
:10E6D0000DD06568B5F5827F04D00220002384F850
:10E6E000503038BDA568002DF7D10428F5D109B9FF
:10E6F0000120F3E7002AFBD0002BF9D094F8510059
:10E70000A386012804BF052084F85100002060651D
:10E71000E386E387A38794F851302163042BC4E98F
:10E72000100019BF19491A4B1A491B4BE06CA26320
:10E73000C0E90F312168194BC3640025E38F0565DB
:10E740000C31FDF7FFF82268A06C5368216B43F091
:10E7500001035360E38E0C32C0E90F55C0E9135535
:10E76000FDF7F0F823681A6852065EBF1A6842F097
:10E7700040021A605A6842F020025A605A6842F019
:10E7800002025A600020A9E70220AAE789E80408EB
:10E7900069E904087DE8040819E9040895E8040813
:10E7A0001346826870B504460D465AB94668B6F5F8
:10E7B000827F07D1042280F85120BDE870400A46CC
:10E7C000FFF77ABF94F85010012944D094F8510013
:10E7D0000121884284F850103BD1002D35D0002B08
:10E7E00033D0042184F8511000216165C4E910116F
:10E7F000E387A186E1862168A387B2F5004F08BFB1
:10E800000B68E06CA56304BF23F480430B60134BDB
:10E810000364134BC363134BC364002303652A468D
:10E82000E38F0C31FDF78EF823681A6852065EBF3D
:10E830001A6842F040021A605A6842F020025A6098
:10E840005A6842F001025A600020002384F85030D8
:10E8500070BD0220F9E70220FAE700BF7DE8040856
:10E8600019E9040895E80408704770477047704735
:10E8700008B5806BFFF7FBFF08BD704708B5806BDC
:10E88000FFF7FBFF08BD704708B5806BFFF7FBFF84
:10E8900008BD7047806B026808B5536823F0030316
:10E8A0005360436D43F010034365012380F85130FA
:10E8B000FFF7EFFF08BD37B50546846B07F090FF03
:10E8C0002B681B68DB05024622D421684B6823F0C5
:10E8D00002034B6020466421FFF715FC18B1636DFD
:10E8E00043F020036365A36833B901932368DA68B2
:10E8F00001929B680193019B0023E386012384F826
:10E900005130636D23B12046FFF7C3FF03B030BD24
:10E910002046FFF7A9FFF9E708B50346806B1B689F
:10E920001B68DB051DD403685A6822F003025A6095
:10E930004268B2F5827F0AD18268B2F5004F02D0F8
:10E94000B2F5806F03D11A6822F040021A600023EA
:10E95000C387012380F85130436D13B1FFF799FF4E
:10E9600008BDFFF782FFFBE738B50546846B07F06B
:10E9700037FF2B681B68DB05024619D4642120464B
:10E98000FFF7C1FB18B1636D43F020036365226894
:10E99000536823F0030353600023E386E3870123D6
:10E9A00084F85130636D1BB12046FFF772FF38BD0C
:10E9B0002046FFF75BFFFAE7036A23F0010370B517
:10E9C0000362036A446882690D6822F073022A4375
:10E9D0008D6823F002032B430A4DA8420BD1CD686A
:10E9E00023F008032B43D1E9055624F44074354342
:10E9F00023F004032C43446082614A68426303624B
:10EA000070BD00BF00000140036A23F4807370B53D
:10EA10000362036A4468C2690D6822F073022A43E4
:10EA20008D6823F4007343EA05230B4DA8420DD1F2
:10EA3000CD6823F4006343EA0523D1E9055624F4A5
:10EA40004054354323F4806344EA05144460C261B2
:10EA50004A68C263036270BD00000140036A23F488
:10EA6000805330B50362036A4468C2690D6822F4BA
:10EA7000E64242EA05228D6823F4005343EA053357
:10EA8000064DA84202BF4D6924F4804444EA85142F
:10EA90004460C2614A680264036230BD0000014004
:10EAA00070470268022380F83930136843F001038D
:10EAB0001360012380F8393000207047022380F86A
:10EAC00039300368196A41F21112114208D1196AEA
:10EAD00040F24442114202BF1A6822F001021A6059
:10EAE000012380F83930002070470368DA6842F06B
:10EAF0000102DA601A6842F001021A6000207047D1
:10EB000070477047036889B1042907D01A6A22F058
:10EB100001021A621A6A42F001021A621A6A22F0AB
:10EB200010021A621A6A42F0100206E01A6A22F013
:10EB300001021A621A6A42F001021A621A6842F06D
:10EB400001021A6000207047704770477047704795
:10EB500003681A69910710B504460ED5DA68920762
:10EB60000BD56FF002021A61012202769B699B07A6
:10EB700077D0FFF7EAFF0023237623681A6950074E
:10EB800010D5DA6851070DD56FF004021A61022220
:10EB900022769B6913F4407F204668D0FFF7D5FFAB
:10EBA0000023237623681A6912070FD5DA68100745
:10EBB0000CD56FF008021A6104222276DB699907EE
:10EBC00020465AD0FFF7C1FF0023237623681A6935
:10EBD000D20610D5DA68D0060DD56FF010021A6192
:10EBE00008222276DB6913F4407F20464BD0FFF7E2
:10EBF000ACFF0023237623681A69D10708D5DA68A9
:10EC0000D20705D56FF001021A61204601F036FFE8
:10EC100023681A69100608D5DA68110605D56FF061
:10EC200080021A61204600F078FB23681A695206B8
:10EC300008D5DA68500605D56FF040021A61204603
:10EC4000FFF785FF23681A69910622D5DA689206D4
:10EC50001FD56FF0200220461A61BDE8104000F079
:10EC60005BBBFFF771FF2046FFF770FF83E7FFF7FD
:10EC70006BFF2046FFF76AFF92E7FFF765FF20462C
:10EC8000FFF764FFA0E7FFF75FFF2046FFF75EFF97
:10EC9000AFE710BD1D4A036890420ED0B0F1804F1F
:10ECA0000BD0A2F57C42904207D002F580629042E0
:10ECB00003D002F58062904226D14A6823F07003A7
:10ECC0001343124A90420ED0B0F1804F0BD0A2F500
:10ECD0007C42904207D002F58062904203D002F558
:10ECE0008062904203D1CA6823F4407313430360E7
:10ECF0008B68C3620B688362044B984204BF0B6944
:10ED00000363012343617047014AE2E700000140C9
:10ED10000040014010B5044690B190F839301BB95D
:10ED200080F83830FFF7BCFE0223206884F83930C1
:10ED3000211DFFF7AFFF012384F83930002010BDFB
:10ED40000120FCE710B5044690B190F839301BB9AA
:10ED500080F83830FFF7D4FE0223206884F8393079
:10ED6000211DFFF797FF012384F83930002010BDE3
:10ED70000120FCE7F8B505460C4600283ED090F887
:10ED800039301BB980F83830FFF7BBFE2946022323
:10ED900085F8393051F8040B836823F0070383604A
:10EDA000FFF778FF816822688369A669076A1143C3
:10EDB000A26823F4407323F0030342EA06221A43B5
:10EDC0002369E6691B0143EA0623E6683343266AA2
:10EDD00022F47C4222F0FC0243EA063313436669C4
:10EDE0006268816027F0AA0742EA0612836117432E
:10EDF0000123076285F839300020F8BD0120FCE7C7
:10EE000070B5046A154E24F0010404628469056A31
:10EE1000B04224F003041ED0B0F1804F1BD0A6F501
:10EE20007C46B04217D006F58066B04213D006F596
:10EE30008066B0420FD006F59A36B0420BD044F04F
:10EE4000010425F00A0501F00A0163F307142943C0
:10EE50008461016270BD1443F3E700BF000001400C
:10EE6000F8B590F83830012B04460D4617464FF0A0
:10EE7000020016D084F83900D1E900122068EB684E
:10EE800087B9FFF7BDFF8369AA6823F00C0383618C
:10EE90008369134383610123002084F8393084F8A7
:10EEA0003800F8BD042FAE68056A1AD125F01005A8
:10EEB00005628569076A25F44075090145EA02255E
:10EEC00027F0A00701F0A00163F30F3539438561F6
:10EED0000162836923F440638361836943EA062303
:10EEE000D8E7082F19D125F480750562C569076A2E
:10EEF00025F003050902154327F4206701F420617A
:10EF000063F307153943C5610162C36923F00C033C
:10EF1000C361C3693343C361BDE725F4805505620E
:10EF2000C569076A25F44075090345EA022527F4F7
:10EF3000204701F4204163F30F353943C561016275
:10EF4000C36923F44063C361C36943EA0623E2E76C
:10EF5000036A23F0100370B50362036A4468826990
:10EF60000D6822F4E64242EA05228D6823F0200370
:10EF700043EA05130B4DA8420DD1CD6823F0800361
:10EF800043EA0513D1E9055624F44064354323F0E0
:10EF9000400344EA8504446082614A6882630362F4
:10EFA00070BD00BF0000014010B590F83830012B53
:10EFB00004464FF002000DD0082A84F8390018D01A
:10EFC00009D872B1042A10D00123002084F8393006
:10EFD00084F8380010BD0C2AF6D12068FFF73EFDFA
:10EFE000F2E72068FFF7E8FCEEE72068FFF7B0FFE4
:10EFF000EAE72068FFF708FDE6E738B590F8383013
:10F00000012B04464FF002000DD0082A84F8390085
:10F010003CD009D8D2B1042A28D00123002084F89A
:10F02000393084F8380038BD0C2AF6D12068FFF753
:10F0300015FDC3690A6943F40063C361C36923F41E
:10F040008063C361C36943EA02232DE02068FFF7B0
:10F05000B3FC83690A6943F008038361836923F081
:10F0600004038361836913438361D6E72068FFF754
:10F070006FFF83690A6943F400638361836923F442
:10F0800080638361836943EA0223EDE72068FFF729
:10F09000BBFCC3690A6943F00803C361C36923F079
:10F0A0000403C361C3691343C361B6E7036A10B5C0
:10F0B00001248C4023EA04030362036A8A401A4352
:10F0C000026210BD006808B50122FFF7EFFF064B92
:10F0D000984202BF436C43F400434364036843F027
:10F0E00001030360002008BD00000140FFF7EABFF4
:10F0F000082908B5006822D012D8B9B104291AD05D
:10F100000122FFF7D3FF104B984202BF436C43F438
:10F1100000434364036843F001030360002008BD1B
:10F120000C29EDD1C36843F0100302E0C36843F03B
:10F130000203C360E4E7C36843F00403F9E7C3686C
:10F1400043F00803F5E700BF00000140FFF7D0BF20
:10F15000082908B5006836D026D859B304292ED01E
:10F160000022FFF7A3FF1A4B98420DD1026A41F229
:10F1700011131A4208D1026A40F244431A4202BFF4
:10F18000436C23F400434364026A41F211131A42B0
:10F1900008D1026A40F244431A4202BF036823F0D6
:10F1A00001030360002008BD0C29D9D1C36823F0F6
:10F1B000100302E0C36823F00203C360D0E7C36812
:10F1C00023F00403F9E7C36823F00803F5E700BF61
:10F1D00000000140FFF7BCBF006808B50122FFF73F
:10F1E00065FF036843F001030360002008BD0829A0
:10F1F00008B500681BD00BD881B1042913D00122B7
:10F20000FFF754FF036843F001030360002008BDCB
:10F210000C29F4D1C36843F0100302E0C36843F043
:10F220000203C360EBE7C36843F00403F9E7C36874
:10F2300043F00803F5E7082908B5006825D015D87C
:10F24000D1B104291DD00022FFF730FF026A41F23C
:10F2500011131A4208D1026A40F244431A4202BF13
:10F26000036823F001030360002008BD0C29EAD1E4
:10F27000C36823F0100302E0C36823F00203C360F5
:10F28000E1E7C36823F00403F9E7C36823F0080348
:10F29000F5E7036A10B504248C4023EA04030362F3
:10F2A000036A8A401A43026210BD006808B504224E
:10F2B000FFF7EFFF436C43F400434364036843F0FC
:10F2C00001030360002008BDFFF7EFBF90F838305E
:10F2D000012B1FD0CB688A6823F4407313434A681C
:10F2E00023F4806313430A6823F4006313430A6919
:10F2F00023F4805313434A6923F4005313438A6968
:10F3000023F44043134302685364002380F83830E9
:10F310001846704702207047704770472DE9F84340
:10F320000368C1681A69044622F440520A431A610C
:10F330002569A268D968C0692A43656921F4164124
:10F340002A4321F00C0102430A43DA605A69A16999
:10F3500022F440720A43B0F5004F5A61824A40F0ED
:10F360008480934203D002F58062934249D1FEF734
:10F3700031FC63684FF019095B0009FB00F7B7FB2C
:10F38000F3F7FEF727FC636809FB00F55B00B5FBAC
:10F39000F3F5FEF71FFC63684FF064085B0009FBA0
:10F3A00000F0B0FBF3F0B0FBF8F008FB1056FEF7EE
:10F3B00011FCB7FBF8F76368F6003236B6FBF8F6D7
:10F3C000760009FB00F55B0006F4F876B5FBF3F573
:10F3D000FEF700FC636822685B0009FB00F0B0FBED
:10F3E000F3F0B0FBF8F008FB1053DB003233B3FB53
:10F3F000F8F303F0070303EB071333449360BDE80E
:10F40000F883FEF7CFFB63684FF0190909FB00F79B
:10F410005B00B7FBF3F7FEF7C5FB636809FB00F57C
:10F420005B00B5FBF3F5FEF7BDFB63684FF06408C6
:10F430005B0009FB00F0B0FBF3F0B0FBF8F008FB59
:10F440001056FEF7AFFBB7FBF8F76368F6003236ED
:10F45000B6FBF8F6760009FB00F55B0006F4F876DB
:10F46000B5FBF3F5FEF79EFBB4E7934202D03F4AAB
:10F47000934246D1FEF7AEFB63684FF019099B003B
:10F4800009FB00F7B7FBF3F7FEF7A4FB636809FB82
:10F4900000F59B00B5FBF3F5FEF79CFB63684FF0AE
:10F4A00064089B0009FB00F0B0FBF3F0B0FBF8F040
:10F4B00008FB1056FEF78EFBB7FBF8F763683601C2
:10F4C000323609FB00F59B00B6FBF8F6B5FBF3F509
:10F4D00006F0F006FEF77EFB636822689B0009FBDE
:10F4E00000F0B0FBF3F0B0FBF8F008FB10531B0189
:10F4F0003233B3FBF8F303F00F03334303EB07138B
:10F500007CE7FEF74FFB63684FF0190909FB00F732
:10F510009B00B7FBF3F7FEF745FB636809FB00F5BB
:10F520009B00B5FBF3F5FEF73DFB63684FF0640805
:10F530009B0009FB00F0B0FBF3F0B0FBF8F008FB18
:10F540001056FEF72FFBB7FBF8F76368360109FB8F
:10F5500000F59B003236B5FBF3F5B6FBF8F606F086
:10F56000F006FEF71FFBB7E7001001400014014052
:10F57000704710B5044630B390F839301BB980F8A5
:10F580003830FFF7F5FF2268242384F83930D36838
:10F5900023F40053D3602046FFF7C0FE23681A69A6
:10F5A00022F490421A615A6922F02A025A61DA68FA
:10F5B00042F40052DA6000202023E06384F83930FE
:10F5C00084F83A3010BD0120FCE70000084910B56E
:10F5D0000C6924F440740C610C6944F440740C61AF
:10F5E0000C6944F001040C610260436010BD00BF6F
:10F5F000003C0240074B1A6922F440721A611A69F2
:10F6000042F400721A611A6942F001021A61016043
:10F61000704700BF003C0240074B1A6922F4407259
:10F620001A611A6942F480721A611A6942F0010281
:10F630001A610180704700BF003C0240204BDA682D
:10F64000D00606D51F49CA6942F01002CA611022CD
:10F65000DA60DA68910606D51A49CA6942F00802EA
:10F66000CA612022DA60164BDA68520606D51549BF
:10F67000CA6942F00402CA614022DA60DA68100600
:10F6800006D51049CA6942F00202CA618022DA60D6
:10F690000B4BDA68D10507D50A49CA6942F0010265
:10F6A000CA614FF48072DA60DA68920706D50549BC
:10F6B000CA6942F02002CA610222DA60704700BFC4
:10F6C000003C024054090020064B1A69002ABFBFC3
:10F6D000054A5A6002F188320020B4BF5A60012006
:10F6E000704700BF003C024023016745034A13698D
:10F6F00043F0004313610020704700BF003C02400C
:10F700002DE9F0411F4E9846337E012B07460C46EB
:10F71000154634D001234CF25030337607F064F8AC
:10F72000A8B9C7B9184B1A6922F440721A611A694C
:10F730001A611A6942F001021A6125704CF25030C8
:10F7400007F052F8104A136923F0010313610023F4
:10F750003376BDE8F081012F04D1A9B22046FFF72E
:10F760005BFFEBE7022F04D129462046FFF742FF5B
:10F77000E4E72A4643462046FFF728FFDEE702205B
:10F78000E7E700BF54090020003C0240074B1A691C
:10F7900022F440721A611A6942F004021A611A696D
:10F7A00042EA002242F480321A617047003C024073
:10F7B000104B1A6922F440721A611A69022994BF27
:10F7C00009024FF440710A431A611A6922F0F802E3
:10F7D0001A611969F82292FAA2F2B2FA82F2904002
:10F7E000084340F0020018611A6942F480321A613D
:10F7F000704700BF003C0240144B1A6891050FD5BA
:10F800001A6822F400721A601A6842F400621A60E0
:10F810001A6822F400621A601A6842F400721A60D0
:10F820000A4B1A6852050FD51A6822F480621A60D2
:10F830001A6842F480521A601A6822F480521A60E0
:10F840001A6842F480621A60704700BF003C0240B0
:10F8500038B5054600240121084601F0E9FF0021E2
:10F86000022001F0E5FFFA2000F0B6FC00210120A3
:10F8700001F0DEFF0121022001F0DAFF0134FA205D
:10F8800000F0AAFCA542E6D1BDE8384000210220E4
:10F8900001F0CEBF07B500231C4A00930446009B2D
:10F8A00093422BD30121084601F0C2FF012102201F
:10F8B00001F0BEFF0121032001F0BAFF0121042065
:10F8C00001F0B6FF0E211248104E00F0AFFB2046AB
:10F8D000FAF76AFB0146204600F0A8FB0024254603
:10F8E00004F00300013001F0B7FF0195019BB34222
:10F8F00008D301340F2CF3D930BFF1E7009B01335B
:10F900000093CCE7019B01330193EFE780969800C9
:10F9100011AC0508F8B5074604F0E6FE002842D011
:10F920000A2501240021012001F082FF002604F0B5
:10F93000DBFE80B10121084601F07AFF642000F06F
:10F9400061FC0021012001F073FF0136C82000F0A6
:10F9500059FCA642EBD14FF4C87000F053FC04F000
:10F96000C3FE28B10134042C08BF0124013DD9D1C4
:10F97000022600250121084601F05AFF642000F00C
:10F9800041FC0021012001F053FF0135C82000F0A7
:10F9900039FCA542EED14FF4C87000F033FC012EC3
:10F9A00002D00126E5E701243C70F8BD08B501212D
:10F9B000084601F03DFF0021022001F039FF00213F
:10F9C000032001F035FFBDE808400021042001F0CC
:10F9D0002FBF000010B50378022B04460AD00F4851
:10F9E000FBF72CF9C30517D420B902232370042098
:10F9F000FFF72EFF0021012001F01AFF0021022055
:10FA000001F016FF0021032001F012FF0420002165
:10FA100001F00EFF002010BD0120FCE720AC05081E
:10FA200010B50378022B02D00D4B1B7813B10024C4
:10FA3000204610BD0B4BD3F8D80060B1E5F796FD1A
:10FA4000FBF7FCF810F4807407D10028F0D10320F4
:10FA5000FFF7FEFEECE70448F2E70124E8E700BF09
:10FA6000450900207804002028AC050801234370D4
:10FA7000704701230370704730B50B6803F007042B
:10FA8000022C85B005D09C0712D11D680A4CA542F6
:10FA90000ED10A4CC4F8D83003AB0193084B009345
:10FAA000043101230138DEF787FE039BC4F80032DE
:10FAB000062005B030BD00BF4CF9050878040020D1
:10FAC00010570608032810B5044601D100F0A6FD22
:10FAD0000E4840F2EA61F4F7B7F910F1130F10D1B4
:10FAE000032C05D10A490B48D2F784F8002010BD39
:10FAF00000F094FD0028F5D1044840F2EA61F4F7E3
:10FB0000A3F90028EED10120F1E700BFE87B060849
:10FB100030AC050854D80508014608B50446054828
:10FB2000F4F7BEFE04482146DFF786F90348FFF7E5
:10FB3000B1FE00BF48AC050854D8050868AB0508FD
:10FB40002DE9F04186B00746D0F75CFA6F4B704A5A
:10FB50007049714C714DD21A1846FAF79DF9A060A0
:10FB6000636943F40073636100F0CAFB6C4B1A686D
:10FB700042F400721A601A6842F480621A601A68CD
:10FB800042F480721A60E268664B22F4E06212046A
:10FB9000120C1343E3600020634CFBF797FCD0F793
:10FBA00057FA00F0F7FA01F02FFE04F095FDF1F797
:10FBB000A3FA002004F00AFEEDF760FC03F096FEC5
:10FBC0005A4B236023896FF3080343F481730026A3
:10FBD00023810223E681238232463346CDE9016642
:10FBE00000964FF4E131204603F08CFE504A4FF46A
:10FBF0008271204603F061FF0121204603F0B2FF2D
:10FC0000C5F88C41C5F8A04103F050FA02F04AFE55
:10FC100005F0A8FA05A88DF814708DF81560454F09
:10FC2000454EFFF777FEBE1B05A8FFF7BFFE434812
:10FC30004349C5E90076D0F7DDFBDDF785F9FAF732
:10FC4000F5FA02F041F804F075FC00F001FFF1F75D
:10FC5000D1FA9DF81400FFF735FF58B140F2EA6180
:10FC6000D5F83C01E2F71DFFD5F83C0140F2F26106
:10FC7000E2F717FF002305A8C5F8D830FFF7AAFE62
:10FC800001282ED105A8FFF7F1FE9DF815301BB114
:10FC90002C492D48D1F7AEFF05F08EFA9DF81530AE
:10FCA0001BB12A492848D1F7A5FFF1F7A9FAFAF7BD
:10FCB000F9FF00F0D5FE03F043FF03F07FFB03F0F4
:10FCC00017F9EDF765FBEDF7FDFEF1F73FFA05A833
:10FCD000C5F8A041FFF7CDFED0F716FDDDF790F98E
:10FCE000A2E705F085FD05A8FFF79AFE0128C9D017
:10FCF000DFF85C8098F80030012B04D1FAF75CFE45
:10FD00000028F7D0BEE7FAF7DBFEF9E70000002095
:10FD1000300400200000000800ED00E0780400201E
:10FD2000003C02400003FA05780A00205835060816
:10FD300074090020F83F0120F80301207C0E002008
:10FD4000F8FF002066AC050854D805087DAC05080E
:10FD500045090020114B020F9A5C0A70C0F3036240
:10FD60009A5C4A70C0F303529A5C8A70C0F30342F3
:10FD70009A5CCA70C0F303329A5C0A71C0F3032222
:10FD80009A5C4A71C0F3031200F00F009A5C1B5C8E
:10FD9000CB7100238A710B72084670478FAC05083F
:10FDA0001FB50C46FBF76EF801A92046FFF7D2FFFE
:10FDB000FBF768F80248FBF765F804B010BD00BF18
:10FDC000B0AB05087FB5374B1B6804460BB900F094
:10FDD00081FA3548354DFBF755F821683448FFF76F
:10FDE000DFFF61683348FFF7DBFFA1683248FFF7A8
:10FDF000D7FFE1683148FFF7D3FF21693048FFF7AB
:10FE0000CFFF30482146FFF7CBFF61692E48FFF74F
:10FE1000C7FFA1692D48FFF7C3FFE1692C48FFF731
:10FE2000BFFFAE6A2B48E96AFFF7BAFF2A4831469E
:10FE3000FFF7B6FF320603D5696B2848FFF7B0FF1E
:10FE4000330403D5A96B2648FFF7AAFF254B9C4234
:10FE500002D22548FFF71EFD244B9C42F9D22448CC
:10FE6000FBF710F8234B9C422CBF234D04F1800577
:10FE7000A542EED921482668FBF704F801A92046DF
:10FE8000FFF768FFFAF7FEFF1C48FAF7FBFF01A92E
:10FE90003046FFF75FFFFAF7F5FF1948FAF7F2FF70
:10FEA0000434E5E79C0A0020A0AC050800ED00E062
:10FEB000ACAC0508B3AC0508BAAC0508C1AC050884
:10FEC000C8AC0508CFAC0508D6AC0508DDAC050804
:10FED000E4AC0508EBAC0508F2AC0508F9AC050884
:10FEE00000AD05080000002007AD05080040012016
:10FEF00011AD0508F8FF0020F83F0120F0AA050821
:10FF0000B0AB05081EF0040F0CBFEFF30880EFF351
:10FF10000980FFF757BF704708B50148FFF7BAFCE3
:10FF20001AAD050808B50148FFF7B4FC24AD050873
:10FF300008B50148FFF7AEFC2DAD050870477047C6
:10FF4000102004F00DBB112004F00ABB152004F0B2
:10FF500007BB0000034AD36823F48063D3601620F4
:10FF600004F0FEBA00280040092001F0E9BB08B502
:10FF7000012001F0E5FBBDE808400A2001F0E0BBEC
:10FF80000B2001F0DDBB012001F0DABB022001F003
:10FF9000D7BB032001F0D4BB042001F0D1BB00008B
:10FFA00008B5052001F0CCFBBDE808400148FEF78C
:10FFB000CFBD00BFB00A002008B5024B185CDEF7C9
:10FFC00023F900BF245706080B4B37B50546D3F875
:10FFD000A00148B103685A7C03EB820303211B692B
:10FFE0002A469C6801ABA04704462846F3F736FB37
:10FFF000204303B030BD00BF7804002010B50A4C88
:020000040805ED
:10000000D4F8A00140B103F0C3FD28B1D4F8A00199
:10001000BDE8104003F0E6BDF3F762FB031E02DA11
:10002000DEF705FAECE710BD780400200E4B70B542
:100030000646D3F8A0010C4678B10A46314603F0D3
:100040004BFE012521463046F3F7AAFB002806DBCC
:10005000844228BF0446204670BD0546F2E7002DC5
:1000600008BF0024F7E700BF78040020084B1A6897
:1000700012F001020BD10748D0F8FC1041F080715A
:10008000C0F8FC105A601A6842F001021A6070470A
:10009000001000E000ED00E0084A00F13F4000F5EC
:1000A0007E00116B800A012383400B4382B01363EF
:1000B000136B0193019B02B0704700BF00380240F0
:1000C0002DE9F041C46806890D462046984617463A
:1000D000FFF7E2FF25F00403022BC6F343160FD10E
:1000E000F10804EB810106F007030A6A9B000F2068
:1000F000984022EA000208FA03F842EA08020A627B
:10010000206872000321914005F0030320EA0100FA
:1001100093400343236063680120B040AD0823EAA5
:100120000003B5402B436360A368022023EA010368
:1001300090400343A360E368974023EA01033B43F5
:10014000E360BDE8F08170B50D46164619469DF88E
:100150001020044601F0B7FE30B1037A3246204643
:100160002946FFF7ADFF012070BDEFF3108372B693
:10017000002B14BF0E201E20704708B528B1086858
:10018000DFF746F880F00100C0B280F31088062047
:1001900008BD0000034B00221A60034BF02283F8D5
:1001A00022207047A40A002000ED00E0034A1368F3
:1001B00013B1002111601847704700BFA00A00204A
:1001C00004490868002804D04FF000020A60FFF7D5
:1001D000EDBF7047A40A002070B50546EFF3108309
:1001E0004BB9074C26680120DEF726F923689B1BD4
:1001F0009D42F8D870BDBDE87040FDF7D9BB00BF87
:1002000050090020EFF3108343B9054A11681368C1
:100210005B1A834200D3704730BFF8E7FFF7DCBFBB
:100220005009002038B505460C4606F0D9FA401BA7
:10023000844200D838BD30BFF7E70000014B186892
:10024000704700BF5009002070B5EFF3108672B6FA
:100250004FF0E025AC6906F0C3FA2B6986F31088ED
:10026000DB0302D5322C88BF01306B694FF47A7200
:100270001C1B54430133B4FBF3F402FB004070BD7C
:1002800038B50446EFF3108343B9FFF7DDFF0546A9
:10029000FFF7DAFF401BA042FAD338BDBDE8384073
:1002A000FDF786BBBFF34F8F0549064BCA6802F4C2
:1002B000E0621343CB60BFF34F8F00BFFDE700BF89
:1002C00000ED00E00400FA050A6882F308884A6835
:1002D0001047000008B5034B00200021C3E90001CE
:1002E000FFF7E0FFF83F012008B541F4B461034B8C
:1002F00041F00501C3E90001FFF7D4FFF83F0120F9
:1003000038B5114BD3E9000100240025C3E90045AD
:10031000C1F30B0240F2A5539A4214D10B4B5A6F12
:10032000D20010D54FF080725A67A3F580336FF377
:100330000B011A6822F003021A601A6842F00102E7
:100340001A60FFF7C1FF38BDF83F012000380240B6
:10035000022108B54160FDF771FB002814BF6FF062
:100360000400002008BD00002DE9F04F95B00446C0
:100370000D4690460193FDF71BFBA04232D0664A22
:10038000664BB4FBF3F3009302F12A0333F8026DDA
:100390000099F7B2B94239D3C6F3012909F101092D
:1003A000B60A4FEA49092CD0012E2AD009FB07F7DB
:1003B00007FB06F24FEA121B4FF0020A3023B7FB8D
:1003C000F3F70520FFF708FFB4FBF5F50F21BAF1AD
:1003D000020F039114BF51460021012D04911CD836
:1003E00000212BE0FDF7D8FBA842C8D1FDF7DAFBCE
:1003F0004045C4D1FDF7EEFB019B9842BFD10020E0
:1004000008E0B24607274FF4A87BDAE79A42BDD14D
:100410006FF0150015B0BDE8F08F022D3ED0042D11
:100420003ED9082D3ED9102D3ED9402D3ED9802DE4
:100430003ED9B5F5807F8CBFF021E0213848059189
:100440000909415CCC40B4FBF8F8B8F1010F31D98F
:10045000B8F1020F30D0B8F1040F30D9B8F1080F5D
:100460008CBF4FF4E0514FF4C051019BB4FBF3F447
:10047000012C069126D9022C26D0042C27D9082C31
:100480008CBF4FF4E0514FF4C051079103A80121F4
:10049000FDF7D4FAF0B16FF00400BBE78021CDE79F
:1004A0009021CBE7A021C9E7B021C7E7C021C5E76C
:1004B000D021C3E70021D8E74FF48051D5E74FF4AE
:1004C000A051D2E70021E0E74FF48051DDE74FF47F
:1004D000A051DAE70221CDE90810CDE90E10012480
:1004E000102508A8CDE90B45CDE9106BCDE9129791
:1004F000FDF7C4F802460028CDD1BAF1020F7FF40F
:100500007EAF0099039403A8FFF722FF002818BFCD
:100510006FF004007EE700BF3C57060840420F0022
:100520000868050810B5EFF3108472B6FDF798F867
:1005300001210846FDF746F8114B1A6822F4803273
:100540001A601A6822F480221A600E4A0121116092
:1005500019688907FCD501231366094A13689B01B2
:10056000FCD5936823F0030343F002039360936880
:1005700003F00C03082BFAD184F3108810BD00BFE0
:10058000003802400000474208B504F0B3F9104BB0
:1005900010489A68CA21596253215962996821F416
:1005A00070419960D96821F47061D960016841F0A7
:1005B00004010160996802F470420A439A60FF22C4
:1005C0005A62054B00225A60FDF718F8FFF782FEC9
:1005D0000028004000700040002004E070B50E4C80
:1005E0008CB00646022522680A2302A93046F5F798
:1005F000C9FA40B9D4E9012101AB02A8F5F72DFCF5
:1006000002A8F5F720FD012D04F10C0401D10CB076
:1006100070BD0125E7E700BF6857060830B5012126
:10062000ADF28C4D022001F003F906F0D9F8002458
:10063000054682A8ADF80C4204F08AFF4FF400731F
:100640000093224602AB012193A8F6F74FF9044626
:1006500040B10D490D48D1F7CDFA6FF012000DF2FF
:100660008C4D30BD0A4993A8F6F7BCF893A8FFF764
:10067000B5FFC8212846FFF7D5FD0220214601F02D
:10068000D7F82046EBE700BF38AD050854D8050879
:1006900091AA050803694279DB6A32B99BB2826983
:1006A00032F0100208BF013301E05A1CF7D118469E
:1006B0007047012870B50C680E460DD12369D86AC1
:1006C0006379002B4FF6FF7318BF4FF0FF33BDE87F
:1006D00070401840E1F748BF4868DEF755FC637981
:1006E0004FF6FF75002B08BF2A46236918BF4FF04D
:1006F000FF321040D8627068DEF746FC6379002B49
:1007000018BF4FF0FF352840E061062070BD01287A
:1007100010B50C6806D12369986ABDE8104080B214
:10072000E1F722BF4868DEF72FFC236980B29862A8
:10073000062010BD012810B50C6805D12369BDE85D
:100740001040586AE1F710BF4868DEF71DFC2369C6
:100750005862062010BD012810B50C6811D16268DE
:10076000217A136903EB8103BDE81040186B5379BC
:10077000002B4FF6FF7318BF4FF0FF331840E1F71F
:10078000F3BE4868DEF700FC6368217A5A791B697A
:10079000002A03EB81034FF6FF7218BF4FF0FF32C0
:1007A00010401863062010BD13B54B684C7A1A79B7
:1007B000044B53F8343000930B7A0349D1F71AFAFB
:1007C00002B010BDE85B06085CAD050838B505460B
:1007D000012303FA01F12B691C69104604EA0102A6
:1007E000A14312D1D96801EA02048A430DD1E4433E
:1007F0002A7B1C612946F9F779FF002805DA0623D0
:10080000AB602B69DA681440DC6038BD062938B566
:1008100004460D4607D10269D36823F00103D36073
:100820008160062038BD0846DEF74AFBA8B123697F
:10083000DA6822F00102DA606FF00102A56004F1CB
:1008400010001A61FEF73AF904F11000FEF74DF9B5
:1008500094F94C00FBF742F8E3E70148DDF7B0FA02
:1008600088AD0508062938B504460D460BD1436806
:10087000007A19690122CB68824023EA0203CB6027
:10088000E560062038BD0846DEF71AFB002841D097
:100890006268207A1169E56001238340DB430B61C4
:1008A0001379012B14BF92F94C001B20FBF716F8AB
:1008B000637A072B10D8012B6068217A1DD9013982
:1008C00089001030FEF744FC217A60680139890004
:1008D0001030FEF70DFCD4E7082BD2D1217A6068E6
:1008E000013989001030FEF7A6FC217A60680139D1
:1008F00089001030FEF77BFCC3E701398900103016
:10090000FEF768FC217A6068013989001030FEF733
:100910001DFCB6E70148DDF753FA00BF88AD0508B6
:1009200070B5054606210026FFF770FF2C6D2E6579
:1009300034B92B6985F8494006201C621C6070BDE3
:1009400020460621FFF78EFF236926611C46EFE74C
:100950008B0710B50446084621D10A68194B9A4204
:100960001DD1DEF767FBB5EEC00AF1EE10FA02D832
:100970000024204610BDDFED147AB4EEE70AF1EE54
:1009800010FAF6DA80EE277A07EE904AF8EE677AE8
:1009900027EE277AFCEEC77A17EE904AE9E7DEF7F2
:1009A000F3FA0028E4DD6328E3DC084B9C4298BF9F
:1009B00044434FF064038ABFB4FBF3F4B4FBF3F495
:1009C0004443D6E7ECEC05080000C842285C8F02DF
:1009D00070B50C68656806462846FFF75BFE012E79
:1009E00020D1227A2B699FED190A03EB82036A79E1
:1009F0001B6B002A4FF6FF7218BF4FF0FF321340F7
:100A000098420BD907EE903A07EE100AF8EE677A93
:100A1000B8EE477A67EE807A87EE870ABDE87040C5
:100A2000E0F734BD4968FFF793FF6268217A537994
:100A30001269002B02EB81024FF6FF7318BF4FF0D3
:100A4000FF3303401363062070BD00BF0000C8429F
:100A5000024838220021F9F769BA00BF24060020B5
:100A600038B5054D002455F8040F08B1FFF758FFBD
:100A700001340E2CF7D138BD20060020024B9842DD
:100A800001D104F0E7BE7047B00A0020034B0138E3
:100A900053F8200020F0FF00704700BFB05B06084D
:100AA000013888B00A2813D8DFE800F00614212E98
:100AB0003B1212124855620000230093334B5A6CCC
:100AC00042F001025A645B6C03F001030093009B47
:100AD00008B07047002301932C4B1A6C42F00102BE
:100AE0001A641B6C03F001030193019BF0E70023E0
:100AF0000293264B1A6C42F002021A641B6C03F03C
:100B000002030293029BE3E7002303931F4B1A6C3B
:100B100042F004021A641B6C03F004030393039B6A
:100B2000D6E700230493194B1A6C42F008021A64AA
:100B30001B6C03F008030493049BC9E7002305938F
:100B4000124B5A6C42F480325A645B6C03F480336B
:100B50000593059BBCE7002306930C4B5A6C42F4AB
:100B600000325A645B6C03F400330693069BAFE7D4
:100B700000230793054B5A6C42F480225A645B6C45
:100B800003F480230793079BA2E700BF00380240CD
:100B9000142808B50CD80A4BC340DB0708D5FDF76D
:100BA00019F8084B9B6803F4604303B1400008BD8B
:100BB000FCF7F8FF034B9B6803F4E053F5E700BF35
:100BC000020F10000038024037B5144B144D0024BA
:100BD00001941A6C42F008021A641B6C03F00803BB
:100BE0000193019B0F4B602283F832233220FAF7E6
:100BF00075FE0D4B2B60052040F2CF73EB60FFF7C5
:100C0000C7FF0A4BB0FBF3F00138686028462C613F
:100C1000AC6003B0BDE83040FEF794B80038024045
:100C2000B00A002000E100E0000C0040A0860100B6
:100C3000F8B5064600790F461546FFF7A9FFBB0732
:100C4000044638463AD13A683D4B9A4236D1DEF7EF
:100C5000F1F9B5EEC00AF1EE10FA33D905220123FD
:100C6000F7EE007A0A21B2EE047AB4EEE70AF1EE6A
:100C700010FA03D5013A1DD142F2107307EE904AE3
:100C8000F8EE677A87EE807AFCEEC77A17EE900A64
:100C90007279012838BF0120002A49D1294C2A4EF7
:100CA00003274FF0050CB0F5803F12D201384FF604
:100CB000FF7240E020EE070A4B43D6E7DEF764F907
:100CC000002802DC2148DDF77BF80123B4FBF0F0BB
:100CD000DEE704FB00F2B2F1333F08D803EB8302F6
:100CE000B2F5803F03D8B0FBFCF01346DBE706FB10
:100CF00000F2B2F1553F4FEA430106D8CA18B2F5E7
:100D0000803F02D8B0FBF7F0EFE7B1F5803F0A462D
:100D100001D84008E9E7B3F5803F07D0A0FB0330D6
:100D20001B0C43EA00404FF48032DEE70848CAE774
:100D300001384FF0FF320240581E2A6080B2F8BDE1
:100D4000ECEC0508CDCCCCCCABAAAAAA9CAD05088E
:100D500074A40508012873B50E683FD13369727910
:100D60009D6ADC6A3079002A4FF6FF7218BF4FF097
:100D7000FF321440FFF70CFFADB26A1C631CB0FBDE
:100D8000F2F102FB1104A4B107EE900AB8EE677A03
:100D900007EE902AF8EEE77AC7EE276A07EE903A58
:100DA000B8EE670A86EE800A02B0BDE87040E0F750
:100DB0006DBBB1FBF3F003FB101252B107EE901ABA
:100DC00007EE103AF8EE677AB8EE470A87EE800A27
:100DD000EAE702B0BDE87040E1F7C6BB01AA496886
:100DE0003046FFF725FF3269019B90620620D362EF
:100DF000F36102B070BD08B50079FFF7C9FEBDE828
:100E00000840E1F7B1BB000038B5044600790D4653
:100E1000FFF7BEFE23699B6A9BB20133B0FBF3F47C
:100E20002846DEF7B1F8C517A0FB0401034A0023EA
:100E300004FB051105F05CFB38BD00BF40420F000C
:100E400038B50C68012865681FD1227A2B6928798A
:100E500003EB82031C6B6B79002B4FF6FF7318BFFB
:100E60004FF0FF331C40FFF793FE2B6911499B6A3B
:100E70009BB20133B0FBF3F20023A4FB010105F0A8
:100E800037FBBDE83840E1F78ABB49682846FFF7E1
:100E9000BBFF6268217A53791269002B02EB810251
:100EA0004FF6FF7318BF4FF0FF3303401363062064
:100EB00038BD00BF40420F0038B5044600790D46EA
:100EC000FFF766FE23699B6A9BB20133B0FBF3F424
:100ED0002846DEF759F8C517A0FB040104A3D3E99F
:100EE000002304FB051105F003FB38BDAFF30080C0
:100EF00000CA9A3B000000002DE9F047804694B0FC
:100F0000D1E9005089469246DEF73EF8431E032B96
:100F1000064604D99B4902469B48DCF75EF92C6DD6
:100F200000276CB9B8F1020F1DD1DAF80030072B99
:100F30000DD8002C08BF0624204614B0BDE8F08769
:100F4000237AB34200F07F8127462469E9E754B150
:100F500006212046FFF786FC0FB123693B61236918
:100F60002B650023236102AB0193884B009352460B
:100F7000092309F10801A8F10200DDF71DFC142086
:100F8000CFF772F90023C0F80A30C0F80E30438260
:100F90007F4B0672C0E90035029B4372049E039B9F
:100FA000C360062E04462AD016F0030703D1326828
:100FB000784B9A4202D07848DCF702FF2A7939460A
:100FC000304600F080FF28B92B79B28873496E480B
:100FD000DCF703F9724B42F25218CDE90B360523C8
:100FE000CDE90D8341F67A130F93037A5B0043F04A
:100FF00001030BAA022138461093DCF724FA2B6D6B
:1010000023612C65627A05F110060B2A00F2198122
:10101000DFE802F0060651515151515192CECECE29
:10102000604B069903EBC20306295B680B932ED035
:101030002846FFF72FFBFFF78BFC0023CDE90E338B
:101040000D934FF4807E4FF40073CDE910E30C90C4
:10105000227A013A0BA992003046FDF7CEFFE168F3
:10106000062924D1217A013989003046FEF73EF85D
:101070002A694D4B9A427FF45FAF217A013989008A
:1010800008293FF659AF3046FEF71EF954E7079995
:10109000062903D02846FFF7B7FECEE708990629B0
:1010A00003D02846FFF708FFC7E70598C5E72046A5
:1010B000FFF7D8FBDCE73B4B03EBC2030A9A5B6804
:1010C0000B93571C099B0C9308BF002200230F931E
:1010D000D31A18BF0123DB000E934FF4807C4FF42A
:1010E0000073CDE910C332F002030D9201D02F49F5
:1010F00012E7227A013A0BA992003046FDF754FF1D
:10110000E168062914D1217A013989003046FDF7BA
:10111000D9FF2A69244B9A427FF40EAF217A013914
:10112000890008293FF608AF3046FEF7BEF803E70E
:101130002046FFF797FBECE70A9A511C4FF000039B
:1011400008BF00220120CDE90C030E9332F0020308
:101150000B9201D00A2ACAD1227A013A0BA9920035
:101160003046FDF77DFEE168062906D1217A013976
:1011700089003046FEF730F8DEE62046FFF772FBC6
:10118000DAE600BFA9AD050808E905083C590608DC
:10119000945B0608E05F0608B8AD0508C4AD050815
:1011A000985F0608E85B060800000140CFAD05081F
:1011B000274B03EBC2030A9A5B680B93531C4FF057
:1011C000010308BF00220D93119300230E93129385
:1011D0000F93139332F002030C92109201D00A2A5B
:1011E00085D12B691B4A934211D0B3F1804F0ED0A9
:1011F000A2F57C4293420AD002F58062934206D067
:1012000002F58062934202D02A79134984E6DA68B3
:1012100022F00102DA600BA93046FDF7ABFD2B6925
:1012200000225A62AA68062A06D06FF001021A61EB
:10123000DA6842F00102DA6018213046FDF762FCFC
:101240007AE6064968E6B8F1020F7FF481AE6CE6F3
:10125000E85B060800000140DFAD0508F3AD0508B6
:1012600038B50C68012865681FD1227A2B69287966
:1012700003EB82031C6B6B79002B4FF6FF7318BFD7
:101280004FF0FF331C40FFF783FC2B6911499B6A29
:101290009BB20133B0FBF3F20023A4FB010105F084
:1012A00027F9BDE83840E1F77AB949682846FFF7E1
:1012B00003FE6268217A53791269002B02EB8102E6
:1012C0004FF6FF7318BF4FF0FF3303401363062040
:1012D00038BD00BF00CA9A3B2DE9F04F97B00446D5
:1012E000084611461A460CAB0193824B00930A2321
:1012F000DDF762FA0C99062914D004F11C0220468D
:10130000FFF796FC6061109AA26132F010037DD065
:1013100022F04003202B79D0402A77D076497748B5
:10132000DBF75BFFDDE90D355E1C04D0681C6AD07D
:101330006361E561E7E7691C65D020790F9EFFF7DF
:1013400027FC002D01DD002E02DC6D48DCF738FDA6
:101350003246F317A5FB000105F0CAF894F8059092
:1013600006460F46B9F1000F1BD04FF0FF3800239F
:101370000393012543F2333A45F2555B039BB04595
:10138000BB4112D3B9F1000F4FF6FF7306F1FF36E0
:1013900018BF4FF0FF33013D1E40ADB2E6616561FD
:1013A000B1E74FF6FF784B46E2E755450CD80522EA
:1013B00000233046394605F09BF81A4306D105EB69
:1013C000850506460F46D9E75D450AD80322002366
:1013D0003046394605F08CF81A4302D105EB450535
:1013E000EFE770086D0040EAC770A8424FEA570166
:1013F00071F100033CBF06F001063543B5F5803FAF
:10140000DFD94048A2E74048DCF7B4FE119B022B2D
:1014100052D01A1F534253415B02217923620023A9
:1014200063620846FFF73CFB05290CD094F84C306A
:10143000364A03F07F031344D020012983F80003C8
:1014400008BF82F81B0304F110063046FDF762FC6A
:1014500022692F4B9A421ED1DDE913571C2200212D
:1014600005A8F8F763FD002D39DD7F2D05DDFF2D83
:1014700025DC6D10403D45F0800508959FB3013F88
:101480004FF4805318BF012709937F0305A9304605
:101490000A97FDF71BFF22691299136843F0800336
:1014A000136006299DF8543023731FD13046FDF791
:1014B000F8FA17B0BDE8F08F4FF48073ADE7B5F5DB
:1014C000007F04DAED10203D45F0C005D5E7B5F505
:1014D0007C7F06DA2D11203D45F0E005CDE70025A3
:1014E000CBE7FF25C9E74FF40057CFE72046FFF7CA
:1014F0008DF9DEE7EC580608F3AD050808E90508A4
:101500009CAD050825A50508FFAD050800E100E034
:10151000000001402DE9FF4798460D469146494697
:10152000284A2846DDF71AF9D8F80000DDF72CFD27
:10153000431E0D2B074605D8234A52F823A0BAF1C3
:10154000000F04D1214922483A46DBF746FE214EDE
:1015500000F1690306EB83067468E4B95420CEF702
:1015600083FE4E22044600210630F8F7DFFC1A4BBA
:1015700023601A4A27710623A3602AF0FF03B3F100
:10158000804F18BF934223610CBF0123002384F8CE
:101590004CA063717460012D02D8B9F1000F0CD01A
:1015A00008EB8502494601A8DDF79FF901AB08F178
:1015B0000402691E2046FFF78FFE204604B0BDE8F6
:1015C000F08700BFFFFF0300B05B06082FAE0508E1
:1015D00008E9050878040020045A0608000C0040B9
:1015E00010B50C4613460A1D411E2068FFF774FE15
:1015F000062010BDF0B591F849300A7985B005464E
:101600000C462BB9394905B0BDE8F040D0F7F2BA25
:101610000B699E6ADF6A4B79002B10464FF6FF7309
:1016200018BF4FF0FF331F40FFF7B2FAB6B27A1C73
:1016300006FB0222B0FBF2F3A0692279002839D020
:101640002B49DFF8D4C0102808BF6146206AB0F5E6
:10165000007F31D0B0F5807F14BF01200220CDE99A
:101660000210CDE9006723492846D0F7C3FA236961
:10167000214A934217D15B6C19061FD403F07F02F5
:101680001E492846D0F7B6FA23695A6CD20428D5E9
:101690005B6C1B4A1B4913F4005F1B4B284618BFA9
:1016A0001A46D0F7A7FA1949284605B0BDE8F04018
:1016B000CFF7EBBE1649C9E70420D0E703F0C0021C
:1016C000802A04D103F03F0340335A00D8E703F0E7
:1016D0001F0203F0E0032032C02B0CBFD200120126
:1016E000CEE70C492846D0F785FADCE734AE05088A
:1016F000C96D05083EAE0508000001407AAE050838
:10170000B96D050888AE0508B06D050895B20508E5
:101710007274050891AE05088D74050810B504466D
:10172000DDF750FB044B984202D00448DCF748FB3D
:1017300004F1100010BD00BF045A06089FAE050852
:10174000F8B5431E0D2B2CD8164B03EB8003D3F8B2
:10175000A84134B3A26800212046FFF737F80126DC
:10176000256D374695B92369DA6822EA060212F038
:10177000FF0216D0D968D04321EA0201D96018616E
:1017800009490A48BDE8F840D0F734BAEA68297A2E
:101790002046FFF71BF82B7A2D6907FA03F31E4347
:1017A000E0E7F8BD78040020A9AE050854D8050884
:1017B0004A680149D0F71EBAD7AE050810B51C46D5
:1017C000084611464FF00212DCF7C8FF2068DDF72B
:1017D000DBFB0128024603D002490348DBF7FDFC8E
:1017E000024810BDDFAE050808E90508BC5C060824
:1017F0000379012B04D1034BDA68DB881B04936166
:1018000006207047F084060870B5084CE568284645
:10181000FEF742FCE3881B04AB61002320461A4616
:10182000BDE870400121FEF74BBC00BFF084060804
:10183000012805D1034BDA68DB8801B91B049361E9
:10184000704700BFF084060808B500790121FFF752
:10185000EFFF062008BD0000012805D1034BDA6820
:10186000DB8851694B405361704700BFF084060824
:1018700008B50079FFF7F0FF062008BD012808D160
:10188000054BDA68DB885269134214BFFF20002041
:1018900070470020704700BFF08406080029D4BFBD
:1018A00000210121FFF7C4BF0B68012810B51C7986
:1018B00006D12046FFF7E2FFBDE81040E0F754BE36
:1018C0004868DDF761FB01462046FFF7E7FF062089
:1018D00010BD00000128044B83BF4A68C3F8D42020
:1018E0000620D3F8D4007047780400200128044B68
:1018F00083BF4A68C3F8D0200620D3F8D0007047D1
:1019000078040020C388C2681B04936106207047D6
:10191000C368C2889A61062070478088C00040F082
:1019200002007047007A00F01F00400040F0010004
:1019300070470089C0F34310400040F00100704739
:10194000C068400040F001007047007A400040F05D
:10195000010070474068C00040F002007047C06856
:10196000400040F00100704708B500F096FA4000D2
:1019700040F0010008BD08B500F084FA400040F0D6
:10198000010008BD08B500F069FA400040F0010010
:1019900008BD0021F8B506460846E1F713FB376994
:1019A00005460024737AC3F34303A34201D82846B3
:1019B000F8BD07EB04112846E1F773F80134F1E7AD
:1019C0002DE9F041002180460846E1F7FBFAB8F81E
:1019D0000410C90041F002010746E1F762F80C4B20
:1019E000DC685B6808340025C3F3DC06AE4202D82D
:1019F0003846BDE8F08154F8043C434504D154F81E
:101A0000081C3846E1F74DF801350834EEE700BF11
:101A1000B07D060870B586B003AB51F8045B019346
:101A20000B4B00930446032301381646DCF7C4FE33
:101A3000012C02D83368072B06D9039B9DF814208C
:101A40000499284602F0DAFC062006B070BD00BFFB
:101A5000F05C06084A680149D0F7CCB813AF050816
:101A600070B58A880D462A490446D0F7C3F828463F
:101A700000F0F4F903280AD80138022839D8DFE841
:101A800000F002352F0040F20D20002604E011285E
:101A900032D040F221100126CFF717FB0146204635
:101AA000CFF7F3FC284600F0EDF9012827D00228F3
:101AB00005D14FF4127217492046D0F79BF826B390
:101AC000284600F0EAF906460146284600F00FFADB
:101AD000C0B9114932462046BDE87040D0F78AB8F7
:101AE0000E492046BDE87040CFF7CFBC4FF4907050
:101AF000D1E740F2DB10C8E74FF40370C5E740F2CE
:101B00004A22D8E742680649E5E70649E9E700BF07
:101B1000EAAE05080CAF05081AAF050804AF0508C2
:101B200024AF050895B20508012905D002290CD07B
:101B30004FF0FF3210467047C3681A690389C3F338
:101B40004313DA4002F00102F4E7C388C16812B11E
:101B50008B610022EEE71B048B61EBE7012810B5D7
:101B6000064C05D94868DDF753FB2070062010BDF0
:101B70002378002B0CBF0E201E20F8E7EC0A002073
:101B800070B50D4604461146284602221E46DCF773
:101B9000E5FD5DB9E36818692389C3F34313D840B1
:101BA000400000F0020040F0010070BD3068DDF739
:101BB0002FFBE388E26810B193610620F5E71B0470
:101BC000FAE710B40C460B1D0022411E206810BC21
:101BD000FFF7D6BFF0B58DB00646084611461A4647
:101BE00002AB01932C4B00930523DCF7E5FD029C2F
:101BF000032C18D9A4F11103012B14D9274A24F47A
:101C0000001393420FD002F5801294420BD0A2F53C
:101C10007022934207D0224B9C4204D02149224695
:101C20002148DBF7DAFA0398062807D0DDF7ACF98C
:101C300002280246074602D91C49F1E70027069D03
:101C400024F010036A1C08BF049D022B09D10F2D3C
:101C500004D849F2F773EB40DB0702D414492A4653
:101C6000DEE7F068FEF718FA059828B1DDF7D0FA3C
:101C7000F388F26868B19361F388F0680997CDE959
:101C8000073407A90223CDE90A35FAF713F80DB096
:101C9000F0BD1B04EFE700BFC85C06080000111090
:101CA0000000221032AF050808E905083CAF05081E
:101CB00046AF050810B50C4613460A1D411E2068A4
:101CC000FFF788FF062010BD034B0622C3E934222C
:101CD000024B00221A70704778040020EC0A0020A2
:101CE000F8B510F003043A4F064615D10268394B97
:101CF0009A4211D13B7813B934462046F8BD364993
:101D00003648CFF777FF21463046DDF78DF8344966
:101D10003248CFF76FFFEFE7324DD5F8D4000628F1
:101D200027D03146DBF786FB0628044621D010F089
:101D3000030503D10268274B9A4202D02A48DCF7F8
:101D40003FF83B78002BD8D028492448CFF752FFE2
:101D500030460121DDF768F825492048CFF74AFFD2
:101D600020460021DDF760F81D491C48CFF742FFEF
:101D7000C3E7D5F8D00006280CD000223146043045
:101D8000DCF7DCFD30B1446824B13B78002BB4D0E3
:101D90001849DAE71848314600F08DF8044620B1BA
:101DA0003B78002BA9D01549CFE71548314600F004
:101DB00082F8044620B13B78002B9ED01149C4E73D
:101DC0003046E3F7D3FB104902461048DBF705FA2B
:101DD000EC0A0020E05F06084EAF050854D805085D
:101DE000B1AB05087804002062AF05087BAF050899
:101DF0008CAF050891AF0508B07D0608A4AF0508B3
:101E000018800608B4AF0508C2AF050808E9050840
:101E1000F0B50C461E46174685B00F4A3946204697
:101E2000DCF79CFC3068FFF75BFF012C054600D80F
:101E300077B106EB8402394601A8DCF756FD01AB09
:101E4000321D611E2846FFF7C5FE284605B0F0BDCD
:101E5000C068FEF721F9F8E7FFFF0300C1680289B7
:101E60000B68C2F343125200D34003F003035A1E1F
:101E7000012A05D84A68C188114218BF43F01003EF
:101E800018467047C368DA680389C3F343135B00DD
:101E900022FA03F000F0030070470389C168C3F31E
:101EA00000220832C3F3421351F822009B00D840AD
:101EB00000F00F00704708B500220430DCF73EFD4B
:101EC00000B1406808BD30B5447A0369C4F34304E7
:101ED0000020844202D80023184630BD5D7A8D422E
:101EE00002D19D7A9542F7D001301033F1E710B559
:101EF0000369407A0022C0F34300904202D80023D5
:101F0000184610BD1C7A8C42FAD001321033F4E727
:101F100038B5C3070C46154605D481070CD10268B5
:101F2000084B9A4208D1DDF72FF80122287042238E
:101F3000C4E90123256038BD21460522BDE83840AB
:101F4000DDF754BA4CEF050830B5C20785B004463A
:101F50000D4605D483070ED102680C4B9A420AD174
:101F60002046DDF711F801462846CFF797F90024FF
:101F7000204605B030BD062201A92046DDF736FA1D
:101F8000019BAB60029B6B60F2E700BF4CEF050862
:101F900037B5EFF3108472B61B4901230A680D6848
:101FA00083402B430B6084F31088072817DCD2B2E0
:101FB0009AB9164B1A6B12F400120ED100921A6BDA
:101FC00042F400121A631B6B03F400130093009B8E
:101FD0000F4B4FF0FF321A605A6003B030BD12F45D
:101FE0007F4FFAD1094B1A6B12F48002F5D101929E
:101FF0001A6B42F480021A631B6B03F48003019393
:10200000019B044BE5E700BFF00A002000380240C6
:10201000F40A0020FC0A002007280849D4BF002247
:10202000012201238B54064A0649116006490A68B9
:10203000834022EA03020A60704700BFEE0A0020D4
:10204000A80A00204D200508F00A0020124B1A882B
:1020500002B310F0060F1DD1C0F3C0001A5CCAB164
:102060001A5C0132D2B2082A1A5413D90B4A0C490D
:10207000126851F820100A400AD11A54094B1A6B01
:1020800018B922F400121A63704722F48002FAE7AA
:1020900001221A54704700BFEE0A0020F00A002007
:1020A0003860060800380240024B186808B1F9F79A
:1020B00087BC7047040B0020024B586808B1F9F741
:1020C0007FBC7047040B0020024B986808B1F9F7F9
:1020D00077BC7047040B0020024BD86808B1F9F7B1
:1020E0006FBC7047040B0020024B186908B1F9F768
:1020F00067BC7047040B0020024B586908B1F9F720
:102100005FBC7047040B0020024B986908B1F9F7D7
:1021100057BC7047040B0020024BD86908B1F9F78F
:102120004FBC7047040B0020024B186A08B1F9F746
:1021300047BC7047040B0020024B586A08B1F9F7FE
:102140003FBC7047040B0020024B986A08B1F9F7B6
:1021500037BC7047040B0020024BD86A08B1F9F76E
:102160002FBC7047040B0020024B186B08B1F9F725
:1021700027BC7047040B0020024B586B08B1F9F7DD
:102180001FBC7047040B0020024B986B08B1F9F795
:1021900017BC7047040B0020024BD86B08B1F9F74D
:1021A0000FBC7047040B0020F0B5CD6804469C4678
:1021B0000B6844F8043B06460F4696460FCD0FC405
:1021C0000FCD0FC495E80F0084E80F007B68C6F8B8
:1021D00008E07360C6F838C0F0BD00002DE9F0419A
:1021E0000F4616460021602205469846F7F79EFEE8
:1021F000BFB397F908403246394643462846FFF7B1
:10220000D3FF194B204643F82450FFF7C1FE7A68EC
:10221000B6FA86F35B09C2F3426242EAC312134B79
:10222000134E195D914215D028461A55F9F71EFD37
:102230002846F9F79DFC335D03F07F0303F160430B
:1022400003F56143502283F800233057BDE8F04185
:10225000F9F744BB012385F835302846F9F774FCBB
:10226000F3E7BDE8F08100BF040B0020F40A002072
:102270004060060810B5044678B190F90830074A66
:10228000D056F9F739FB94F90800054B0022BDE858
:10229000104043F82020FFF7BFBE10BD4060060885
:1022A000040B002010B560B190F90810054C43688C
:1022B000625CC3F3426302F07F029A4204BFFF23D1
:1022C000635410BDF40A002000F140432DE9F041B1
:1022D000A3F5A84305460E469C0A04F081FA0B4F6D
:1022E00080466B69334201D000200DE004F078FA9B
:1022F00037F81430A0EB08009842F2D32B6823F093
:1023000001032B606FF06D00BDE8F081460B0020EB
:10231000F8B500F14043A3F5A84304469D0A04F034
:102320005FFA0C4E0746206810F4007004D1236851
:1023300023F0010323600CE004F052FA36F8153064
:10234000C01B9842EFD3236823F0010323606FF092
:102350006D00F8BD460B00202DE9FF41044604F155
:102360004046A6F5A846B60A771C1D46FFB20123D3
:102370000846904600971A460621FDF7E4FE20B96C
:102380004FF0FF3004B0BDE8F081012300971A46FA
:1023900006214046FDF7D7FE0028F1D0214BBDF8BD
:1023A000282023F81620204B4FF40012196AB2405F
:1023B00011431962196A21EA02011962196C0A4370
:1023C0001A641B6C0393039BFBF7ECFB0022226057
:1023D000164BB0FBF3F36360A260E260144A154948
:1023E000AA4228BF2A468D4200F1FF300CD8520085
:1023F000B0FBF2F00130042838BF0420E061013363
:10240000002023626062BDE719214A43B0FBF2F06D
:10241000013040F4404003EB43030A22E061B3FB88
:10242000F2F3ECE7460B00200038024040420F0078
:10243000801A0600A0860100F8B51E4603689DF8C4
:1024400018C00D46D9070446174613D48369DA0726
:1024500010D52A4900F14043A3F5A8430A6A9B0A14
:102460004FF4001000FA03F31A430A620A6A22EAE0
:1024700003030B6215B1BCF1000F3BD0C4F808C0D8
:10248000236843F001032360236843F480732360CF
:1024900001212046FFF718FF10B16FF06D00F8BD65
:1024A00045EA4707276140F202412046FFF70CFF4B
:1024B0000028F2D163695B0509D5236843F40073F2
:1024C00023602046FFF724FF6FF01200E7E72DB1ED
:1024D000012E236804D823F480632360A369DEE718
:1024E000022E04D143F4006323602368F3E743F42E
:1024F0008063F2E76FF01500D1E700BF00380240BB
:102500002DE9F04104460D4698461AB96FF01500C2
:10251000BDE8F081012BF9D0D718012F14D1036841
:1025200043F4007303604021FFF7CEFE10B16FF05B
:102530006D00EDE723692B70B8F1000F24D1204620
:10254000BDE8F041FFF7E4BE8E1804212046FFF7F6
:10255000BBFE0028EBD1022F08D1236843F400739F
:10256000236023692B7023696B70E5E7032F02BF9B
:10257000236823F480632360236905F8013BB54297
:1025800007F1FF37E1D1D7E70020C1E72DE9F0419E
:1025900088464FF49061054617461E46FFF794FEA5
:1025A000044628B16FF06D042046BDE8F081013487
:1025B000BC420CD018F804302B6140F2044128468C
:1025C000FFF782FE0028EDD16B695B05EFD5002E89
:1025D000EAD1AB68002BE7D02B6843F400732B6083
:1025E0002846FFF795FE002818BF6FF06D04DBE763
:1025F00008B500F00703022B05D082070AD1026854
:102600000B4B9A4206D1E2F7B1FF0A4902460A484B
:10261000DAF7E3FDDCF7B8FC431E062B024603D8CD
:102620000E230341DB0701D40449F0E708BD00BFD6
:102630004CF90508CDAF050808E90508D8AF05082D
:10264000044B1B78DB0702D5034800F05AB8012081
:1026500000F05CBC440B002000540040044B1B788D
:10266000DB0702D5034800F04CB8012000F0BABCEB
:10267000440B002000540040044B1B789B0702D5FC
:10268000034800F03EB8022000F040BC440B00209C
:1026900000580040044B1B789B0702D5034800F00C
:1026A00030B8022000F09EBC440B002000580040CF
:1026B000044B1B785B0702D5034800F022B80320C7
:1026C00000F024BC440B0020005C0040044B1B784D
:1026D0005B0702D5034800F014B8032000F082BC69
:1026E000440B0020005C004040F20473490043604A
:1026F00041F4804100238160C36040F201430360E4
:10270000704738B54569436923F45F4343616B05FE
:10271000044601D5EAF73AFEA80706D56569A1691E
:102720002046C1F38001EAF761FD290602D5204663
:10273000EAF7E8FD6A0602D52046EAF779FDEB06DE
:102740000BD56369236823F4806323602046EAF78E
:10275000CBFD236843F48063236038BD70B5044625
:102760000D4604F03DF806462046FAF71AFF2028E9
:1027700001D1002070BD04F033F8801BA842F3D3D0
:102780000320F7E74368DB68FE2B70B5064602D0EE
:102790000C48DBF7EFFC00210846E0F713FC10249F
:1027A00005467068C8230122A1B2FAF701FE20B9DC
:1027B00044F001012846E0F774F90234F02CF0D11E
:1027C000284670BDE3AF05084368DB68FE2B70B593
:1027D000064602D00A48DBF7CDFC0846DCF7D4FBFE
:1027E0004400A4B20A257068C8230A222146FAF7D9
:1027F000DFFD18B1013DF6D10E2070BD1E20FCE7B3
:10280000E3AF050802685368D069D269120454BF67
:10281000054A49F6404203F03F035343C0F30B001F
:10282000B3FBF0F0704700BF20A1070010B50446CD
:102830004868174A0368934212D002F580629342B7
:1028400010D014498B420CBF0321002190F83D2089
:1028500052B90A4620461049BDE81040CFF7CAB920
:102860000121F3E70221F1E7C268FE2A09D1FFF74F
:10287000C9FF0A46094903462046BDE81040CFF784
:10288000B9B99B680A46C3F346030549F4E700BF9C
:1028900000540040005C0040F5AF0508FDAF05089E
:1028A00022B00508054B064A1A60064B02F5806205
:1028B0001A60054B02F580621A607047F80B002021
:1028C00000540040A40B0020500B0020F0B53D4BFD
:1028D000984287B0054639D1002303933A4B3B4ECB
:1028E0001A6C3B4842F400121A641B6C03F4001388
:1028F0000393039B0124E7B20123002206210097E2
:10290000FDF721FC00970123002206213046FDF748
:102910001AFC2846F9F774FC002850D12D4B1422DC
:10292000013C02FB0434A068FFF7BCFCE068FFF741
:10293000B9FC2B68284A93422ED11F20F8F7CEFF0E
:102940002020F8F7CBFF002007B0F0BD234B9842C2
:102950000FD1002304931C4B214E1A6C214842F4E2
:1029600080021A641B6C03F480030493049B02240A
:10297000C1E71D4B98421FD100230593124B1B4EFC
:102980001A6C1B4842F400021A641B6C03F4000327
:102990000593059B0324AEE7164A934204D12120F8
:1029A000F8F79CFF2220CCE7134A9342CBD1482072
:1029B000F8F794FF4920C4E76FF01500C4E76FF003
:1029C0000400C1E7F80B00200038024088830608A5
:1029D0009C830608B062060800540040A40B002047
:1029E0000084060874830608500B00205C820608E9
:1029F000B484060800580040005C004010B504464E
:102A0000F9F771FC2368214A934214D1204B1A6ACA
:102A100042F400121A621A6A22F400121A621A6C44
:102A200022F400121F201A64F8F766FF2020BDE888
:102A30001040F8F761BF174A934211D1144B1A6A3C
:102A400042F480021A621A6A22F480021A621A6C34
:102A500022F4800221201A64F8F74EFF2220E6E7D4
:102A60000D4A934211D10A4B1A6A42F400021A62CB
:102A70001A6A22F400021A621A6C22F40002482038
:102A80001A64F8F739FF4920D1E710BD005400401F
:102A90000038024000580040005C004038B5044651
:102AA000322523689B699B070CD50120FDF794FB19
:102AB000013DF6D12046FFF7A1FF2046BDE8384092
:102AC000FFF704BF38BD00002DE9F043A7B009AB04
:102AD00051F8045B01932F4B009301380523DBF77A
:102AE0006BFE6B68DB68FE2B02D02B48DBF742FBEA
:102AF000099805AA06A9FFF70BFA0D9B0A9C6868BE
:102B0000BDF82C60082B2B691B784FEA4404A4B253
:102B100014BF1027012723B3EFF31088B8F1000F7B
:102B20001FD10DF138090346A96840224846FFF736
:102B300055FB6868BDF81C30C0E90D980193069BF1
:102B4000009321463B463246FAF7EEFA044620B996
:102B50000C996868FFF702FE0446A868FFF78AFB35
:102B60000CE00C9B0293BDF81C300193069B009374
:102B700021463B463246FAF749F904462CB16868CB
:102B8000FFF78CFF2046FDF717FA062027B0BDE8B7
:102B9000F08300BF4C620608E3AF05082DE9F0475B
:102BA000A6B009AB51F8045B0193314B0093013897
:102BB0000523DBF701FE6B68DB68FE2B02D02D4896
:102BC000DBF7D8FA099805A9FFF7BEF90D9B0A9C17
:102BD000BDF82C80082B2B691B784FEA440406466D
:102BE000A4B2686814BF4FF010094FF0010913B385
:102BF000EFF31087FFB90DF1380A0346E9683A464A
:102C00005046FFF7EBFA6868BDF81830C0E90D7A56
:102C10000193079B009321464B464246FAF714FB6B
:102C2000044620B90C996868FFF798FD0446E868E7
:102C3000FFF720FB0CE00C9B0293BDF818300193CA
:102C4000079B009321464B464246FAF76DF904462E
:102C50002CB16868FFF722FF2046FDF7ADF91EB9D9
:102C600005A8E2F78BF80646304626B0BDE8F087A7
:102C70004C620608E3AF05082DE9F041A2B003ABB2
:102C800051F8045B01932D4B009301380323DBF7CC
:102C900093FD039806A9FFF757F92B691C780646A0
:102CA0006CB1EFF31087A7B90DF128086B68E968DC
:102CB0003A464046FFF792FA6B68C3E90D786868B8
:102CC000C368FE2B26D10499FE2904D11C48DBF7EA
:102CD00051FA0024F3E74900089ABDF81C3089B284
:102CE0005CB9059C0094F9F7E9FB0446ECB168680F
:102CF000FFF7D4FE2046FDF75FF9F9F725FF0446FC
:102D000020B905996868FFF729FD0446E868FFF7D0
:102D1000B1FAEBE70899BDF81C201CB9059BF9F73F
:102D2000D7FDE2E7FAF700F8E9E71EB906A8E2F7EF
:102D300025F80646304622B0BDE8F0818C610608D1
:102D400047B00508F0B5A3B004AB51F8045B01939C
:102D50002B4B009301380323DBF72EFD049803AAC5
:102D600007A9FFF7D5F82B691C7864B1EFF310863B
:102D7000BEB90AAF6B68A96840223846FFF72EFA41
:102D80006B68C3E90D766868C368FE2B2AD1059984
:102D9000FE2908D114B1A868FFF76CFA1948DBF7CF
:102DA000E9F90024EFE74900079ABDF8203089B21D
:102DB0005CB9069C0094F9F7AFFA0446ECB1686878
:102DC000FFF76CFE2046FDF7F7F8F9F73DFE0446E5
:102DD00020B906996868FFF7C1FC0446A868FFF7A8
:102DE00049FAEBE70799BDF820201CB9069BF9F7D3
:102DF000C3FCE2E7F9F728FFE9E7062023B0F0BDBE
:102E00007461060847B0050808B54068FFF7F6FD8D
:102E1000062008BD10B588B00446084611461A467B
:102E200003AB0193174B00930523DBF7C5FC039B12
:102E3000606813B3049B5B00DBB2059AC360124B5E
:102E40009A42D4BF426043609DF818204FF48043FB
:102E50008360036192010023C0E90632436103628B
:102E600023699DF81C201A70FFF7C8FD6068FFF702
:102E70002DFD20B14042DBF7C7F9FE23DDE708B0A6
:102E800010BD00BF4C610608801A0600F0B51E4652
:102E90000D46174685B00F4A0F4C39462846DBF7DA
:102EA0005DFC3068FFF7A4FB14230138012D03FB00
:102EB000004400D85FB106EB8502394601A8DBF774
:102EC00014FD01AB321D691E2046FFF7A3FF20460B
:102ED00005B0F0BDFFFF0300B062060810B50C4658
:102EE00013460A1D411E2068FFF794FF062010BDFF
:102EF00038B5054D0424686808B1FFF77FFD013C33
:102F000005F11405F7D138BDB06206080138022872
:102F100082B016D8304B53F820201368596911F04D
:102F2000011F10D092F83D10526C212916BF42F0BB
:102F3000010202F0FE02D2B21A615A6842F4006243
:102F40005A6002B07047586924490140F1B192F8C3
:102F50003D10222906D1518D012907D11A6822F48A
:102F600080621A609B690193019BEAE7528D022AF5
:102F700007D11A6822F480621A601A6842F400626B
:102F80001A605A6842F480525A60EBE75869144953
:102F900001400029D5D092F83D102129D1D1518D81
:102FA00041B1516A481C506209781961538D013B47
:102FB0005385C6E7596821F4E0615960D16A012957
:102FC0001EBF196841F400711960002382F83E3079
:102FD000202382F83D30B4E740610608020001007A
:102FE000040001000138022830D8194B53F8203072
:102FF00018481A685169014206D0186C40F0010067
:1030000018646FF48070506111F4813F06D0186C21
:1030100040F0020018646FF40070506111F4823FB8
:103020000AD0186C40F004001864106840F4007076
:1030300010606FF48060506111F4843F06D0196C09
:1030400041F0080119646FF400635361704700BFD9
:1030500040610608000101000368054A934201D15E
:10306000FAF7A0BD034A9342FAD0FAF7B3BD00BF06
:1030700000380040003C004070B506460D4614463E
:10308000EFF3108372B696F85120012A03D183F32F
:103090001088002070BD30BF83F3108803F0A0FBC0
:1030A000401BA042ECD30320F4E70000054B064A86
:1030B0001A60064BA2F578421A60054B02F5806251
:1030C0001A607047FC0C002000300140A40C002066
:1030D0004C0C002008B500F00703022B05D0830735
:1030E0000AD102680B4B9A4206D1E2F73FFA0A492D
:1030F00002460A48DAF771F8DBF746FF431E052B54
:10310000024604D80C214B430549CB580BB905495D
:10311000EFE708BD4CF905084FB0050808E90508B8
:10312000006306085AB005082DE9F8431F464B1CFA
:10313000DDE908850A9E046891460AD1B2F1FF3F95
:103140000BD02046FFF788FF09F1FF310144B1FBA6
:10315000F9F102291DD80023E361781C04D0003F57
:1031600018BF01277F002761B8F1FF3F04D0B8F1F5
:10317000000318BF01236361691C05D0A5F110028B
:1031800055425541ED02E560731C18BF2662BDE84B
:10319000F883042901D80823DEE7082901D8102381
:1031A000DAE7102901D81823D6E7202901D82023EF
:1031B000D2E7402901D82823CEE7802994BF3023C5
:1031C0003823C9E72DE9F0438BB007680DF11808E3
:1031D000102206460D4640460021F6F7A7FE3B6842
:1031E000404A93423CD1404B0693404B0793404B9F
:1031F0000893404B0993002303933F4B5A6C42F4CE
:1032000080525A645B6C03F480530393039B3B69C5
:103210003A4C002BA6EB0404394B4FEAA40403FB01
:1032200004F404F1010414BF4FF001094FF0020946
:1032300085F00105E4B258F82500002845D1013594
:10324000042DF8D13846FAF76FFF0446002845D11F
:103250007068FFF727F8B068FFF724F820461CE0F5
:10326000284A934214D1284B0693284B0793284BA6
:103270000893284B0993002304931F4B1A6C42F4C4
:1032800080421A641B6C03F480430493049BBEE7E2
:10329000214A934204D06FF015000BB0BDE8F083D3
:1032A0001E4B06931E4B07931E4B08931E4B099310
:1032B00000230593104B1A6C42F400421A641B6CF5
:1032C00003F400430593059BA1E7009404234A46B9
:1032D0000221FCF738FF0028B1D1DCE76FF00400D1
:1032E000DBE700BF0030014050840608F084060888
:1032F000DC840608C884060800380240006306081B
:10330000ABAAAAAA00380040608306084C830608CE
:103310003883060824830608003C0040048506081C
:1033200000840608EC830608D883060810B50468F4
:103330002046FAF735FF23681C4A934211D11C4BF3
:103340005A6A42F480525A625A6A22F480525A628D
:103350005A6C22F480525A642320BDE81040F8F7DA
:10336000CBBA144A93420ED1114B1A6A42F48042EE
:103370001A621A6A22F480421A621A6C22F480429B
:103380001A642420E9E70C4A93420ED1084B1A6ACA
:1033900042F400421A621A6A22F400421A621A6C5B
:1033A00022F400421A643320D7E710BD00300140F8
:1033B0000038024000380040003C004038B5064C60
:1033C0000625236813B12046FFF7B0FF013D04F145
:1033D0000C04F6D138BD00BF006306082DE9F04F9C
:1033E000B5B00446DDF8F88000680D4617461E4665
:1033F000002B3ED1012903D0EFF31083012B0CD118
:103400004346AAB23946FAF7E1FE8346BBF1000F04
:1034100000F0BE805846FCF7CFFD0DF17009034661
:10342000616848464022FEF7D9FE2368C3E9129638
:1034300003F0D6F94FF6FF7982464D452E4628BF58
:103440004E462068B2B23946FBF7E2F8834648B9E7
:10345000206842465146FFF70FFE834630B9AD1B48
:103460003744EAD16068FEF705FFCFE74FF0030B62
:10347000F8E7002A46D1012903D0EFF31083012B8E
:1034800005D14346AAB23146FBF72AF8BDE74368A7
:10349000B3F5827F07D104AF034661683846402206
:1034A000FEF79CFE206887641CAF0346A1680022DB
:1034B0003846FEF793FE2368DF6403F091F94FF678
:1034C000FF7982464D452F4628BF4F462068BAB245
:1034D0003146FBF765F9834648B9206842465146B4
:1034E000FFF7CAFD834650B9ED1B3E44EAD122687E
:1034F000926C12B16068FEF7BDFEA068B3E74FF0B2
:10350000030BF4E7012903D0EFF31083012B07D15C
:10351000CDF80080ABB232463946FAF7FDFE74E7CB
:103520000DF110090346616848464022FEF756FE39
:103530002368A168C3F848900DF17009002248463D
:10354000FEF74CFE2368C3F84C9003F049F94FF6A0
:10355000FF7A03905545A94628BFD14620681FFA37
:1035600089F332463946FBF7A7F883460028C1D1D4
:10357000039920684246FFF77FFD834628B9B5EBE3
:1035800009054F444E44E5D1B4E74FF0030BB1E7D2
:1035900035B0BDE8F08F00002DE9F3410C68304BE9
:1035A000174622689A42054650D003F580639A4236
:1035B0004ED003F578439A420CBF042201222949D8
:1035C0002846CEF717FB94F85130002B37D06368AC
:1035D000B3F5827F3ED1E6692046FFF73DFDF60850
:1035E000013620FA06F81FB11F492846CEF702FB24
:1035F0001E4942462846CEF7FDFA2FB101221C494A
:10360000B2402846CEF7F6FAE168D4E9042300294F
:1036100014BF10210821003B18BF0123003A00917C
:1036200018BF012213492846CEF7E4FAA36AB3F57E
:10363000005F04D1E26A10492846CEF7DBFA0F4951
:10364000284602B0BDE8F041CDF71FBF0222B6E721
:103650000322B4E70A492846CEF7CCFAD4E700BFE4
:103660000038004065B005086CB005087DB005085D
:103670008BB00508ABB00508CCB0050895B20508BD
:103680009AB0050810B588B003AB51F8044B01930C
:103690000A4B009301380223DBF78EF8039802AA45
:1036A00005A9FEF735FC049B00936068DDE9052160
:1036B0000023FFF793FE062008B010BDA0630608A4
:1036C00013B501F1640400944068FFF787FE02B06F
:1036D00010BD000030B591B003AB51F8045B01930D
:1036E000204B009301380323DBF766F8DDE9030381
:1036F000984206AC19D121460722DBF777FE94E801
:10370000070009AB83E80700039C059B0093DDE9F4
:103710000621099B6868FFF761FE1CB90CA8E1F758
:103720002DFB0446204611B030BD214602AAFEF70B
:10373000EFFB049C44B907990CA8CDF7AFFD0D9B96
:103740000A930E9B0993E0E7062209A92046DBF7BE
:103750004DFE0A9A079B9A4202D00348DAF730FBE3
:10376000049CD2E7C0630608D7B0050830B589B01D
:1037700002AB51F8045B01930D4B00930138022317
:10378000DBF71AF804A90298FEF7DEFB039B00930F
:103790000446069B059968680022FFF71FFE1CB9C6
:1037A00004A8E1F7EBFA0446204609B030BD00BF9B
:1037B000B063060808B54068FFF7B8FD062008BDED
:1037C00049680122FFF7E8BE30B591B005460846CA
:1037D00011461A4605AB01931B4B00930B23DAF7F6
:1037E000EBFF6868059B046863600D9B02930B9B6D
:1037F0000193099B0093DDE90621089BFFF794FCE8
:103800000A9BA3600C9B0F98A3619DF83830062893
:103810004FEA031363620ED10020A062A169E06247
:10382000B1F5007118BF01216868FFF7CBFC40B10A
:103830004042DAF7E9FC4FF40053A362DBF7A4FB44
:10384000ECE711B030BD00BF48630608F0B50D4687
:103850001E46174685B00F4A0F4C39462846DAF700
:103860007DFF3068FFF736FC012D00F1FF3004EBDF
:10387000C00400D85FB106EB8502394601A8DBF72A
:1038800034F801AB321D691E2046FFF79DFF20462C
:1038900005B0F0BDFFFF0300C864060810B50C4674
:1038A00013460A1D411E2068FFF78EFF062010BD3B
:1038B00009B9C08B704701290CBF808B002070476D
:1038C000F8B506460F46144602F08AFF05467368AF
:1038D0001B683B4208D10CB90020F8BD02F080FF04
:1038E000401BA042F3D3F7E70120F6E77047062814
:1038F00005D820F00400831E58425841704700202C
:10390000704700002DE9F04F9FB0044603919246A6
:103910000021102206A81F46F6F708FB4B4B0FCBE1
:103920000AAD85E80F00237A022B05D0062B6FD055
:1039300000201FB0BDE8F08F454A0692454A079225
:1039400000220492444ADFF81C91116C41F40031CA
:103950001164126C02F400320492049A4FF02608AB
:10396000DBB206AD00260DF1280B0293286848B1A2
:10397000029B009302235BF826201946FCF7E3FB29
:103980000028D6D00136042E05F10405EED12422FC
:103990000021C4F8049015A8F6F7C8FA039BCDF8E7
:1039A0003890CDE90F3A289BCDE911370C231393BA
:1039B0000EA8299B1493FBF7DCFD6368DA6822F4F8
:1039C000F872DA601A6922F040021A615A6922F428
:1039D000806222F001025A6108F1604303F56143FD
:1039E000102283F800234046F7F778FFBAF5805F8E
:1039F00023D13FB3FF210022637AA18143F0060364
:103A000063720023A372E272A3832362012090E712
:103A1000124A0692124A0792002205920E4ADFF8D5
:103A20004890516C41F020015164526C02F0200228
:103A30000592059A4FF0470892E7002F0CBFFF212F
:103A40007F21D8E740F2FF110122D5E7146506086F
:103A50002C8506081885060800380240988206085A
:103A6000848206080044004000140140F0B5878BB2
:103A70008FB10B4B00255A88940607D4174205D006
:103A800042681C88D66839B13443D4600135052DAD
:103A900003F10403EFD1F0BD26EA0404F5E700BF0B
:103AA0000065060810B50C460021FFF7DFFF848390
:103AB0000121FFF7DBFF002010BD00238382C382BA
:103AC000436882614182DA6819B922F02002DA6023
:103AD000704742F02002FAE708B5437A426823F0C3
:103AE00002034372D36823F40053D360037A012B9B
:103AF00010D12520F7F700FF104B5A6A42F0100250
:103B00005A625A6A22F010025A625A6C22F010026B
:103B10005A6408BD022BFCD12620F7F7EDFE074BB7
:103B20001A6A42F400321A621A6A22F400321A62E5
:103B30001A6C22F400321A64EBE700BF003802402E
:103B400070B5074E062556F8040F30B1437A13F0CE
:103B5000010402D1FFF7C0FF3460013DF3D170BD15
:103B6000FC05002081727047037A012B01D0062BDF
:103B700001D1FAF72FB8FAF715B810B54468FFF776
:103B8000F3FFA26893B20BB1B0FBF2F3184610BD7D
:103B9000838AC28A9B1A02D5428AD018704705BF11
:103BA000436818681846C0F340107047F8B50546DA
:103BB0000E4602F015FE0746AB8AEA8A9A420DD1FC
:103BC0006B681C6814F0200408D102F009FEC01BC9
:103BD000B04205D20120DAF72FFCEDE70120F8BD55
:103BE0002046FCE7C28A0346808A5968824230B583
:103BF00015D0DC7A9869012C5C8A0CBF30F8120071
:103C0000805C0132B2FBF4F504FB1522DA820B680A
:103C10009D0603D5CB6843F02003CB6030BD988967
:103C20004A6810409A8B940642BFCB6843F0200349
:103C3000CB60D306F2D5CB6843F01003EDE7F8B5BF
:103C400005460E4602F0CCFD07466B681C6814F072
:103C5000800408D102F0C4FDC01BB04205D201208F
:103C6000DAF7EAFBF1E70120F8BD2046FCE72DE991
:103C7000F04706460C469146984642B3078AD0F86C
:103C800004A07F0000253A4680213046FFF718FE49
:103C900000B3F37A012B0CBF34F8023B14F8013B5C
:103CA00005F1010508BFC3F30803A945CAF80430AC
:103CB000E9D13A4640213046FFF702FE00280CBF0A
:103CC0006E230023C8F800302846BDE8F08715466B
:103CD0001346F7E76E23F5E707B501ABFFF7C7FF1C
:103CE00003B000BD08B5CCF7CBFBF6F7B3FCF7F794
:103CF00043F8BDE80840CCF73FBC00002DE9F84F81
:103D0000B0F80690DFF8B0C0D0F80C800F460D1F59
:103D1000274914461E464FEA094A00204FF47A7E8E
:103D200041F6573B55F8043F0A68B2FBFCF2534397
:103D30005B45B3FBFEF288BF063AC3072A6001D495
:103D40000130EFE755F8043C03281A442A6001D0FB
:103D50000220E7E7FCF78AF9EFF3108572B6154900
:103D600026444FF0000CA64203D185F31088BDE82D
:103D7000F88F14F8013B08209A0902F00202C1F8FA
:103D800004C0C8F8189007EB820E57F82220D1F82B
:103D900004B09345FBD3C8F818A05B00DEF80420FC
:103DA000DBB2D1F804E09645FBD30138E4D1DAE781
:103DB00030040020001000E040420F002DE9F743DE
:103DC00016461C460A9A002380461D46B34215D16A
:103DD00002F00107C2F340020092D8F804000A463C
:103DE0002B463946FEF728FB002804DB08344FF049
:103DF000000946B9484603B0BDE8F08354F83300E3
:103E000001330544E2E754F8082CD8F8040054F8CC
:103E1000041CAD1A2B463FB1FEF772FB0028EADB0B
:103E20000834013E8144E4E7FEF7B0FBF6E700000A
:103E30004A685368D26913B5C2F30B04120454BF25
:103E40000B4A49F6404203F03F035343B3FBF4F4FB
:103E50008B68084A9B8801948A1AC968121189885C
:103E6000009101320449CDF7C5FE02B010BD00BF7C
:103E700020A10700746C0608EBB0050807B50B46D7
:103E800002F2E7324FF47A71B2FBF1F292B2009291
:103E9000D0E902124068FEF75FFA03B000BD0000EF
:103EA000F0B50C4689B016461D4611B11B680133AA
:103EB00016D11B491B48CDF7E8FA1B48027A00EBE4
:103EC0008202002C176904F1FF3105F10403324628
:103ED00004BF2B462146BC4609B0BDE8F040604710
:103EE00003AB0193114B00932A460523314620462C
:103EF000DAF7C0FC0398FEF77BFB049B0BB9059B2C
:103F000013B10B48D9F75CFF0A4C013804EB0014DD
:103F10002046DDE90612FFF7B1FF204609B0F0BDEB
:103F20000CB1050854D80508082E0608086C0608C8
:103F30004BB10508746C0608F0B50C468FB01646F8
:103F40001D4611B11B68013316D12A492A48CDF705
:103F50009CFA2A48027A00EB8202002C176904F1CD
:103F6000FF3105F10403324604BF2B462146BC460F
:103F70000FB0BDE8F040604705AB0193204B0093C4
:103F80002A46092331462046DAF774FC0598FFF7E4
:103F9000A1F80B9B1BB90C9B0BB90D9C14B11948D4
:103FA000D9F70EFF184D013805EBC0054FF48272AA
:103FB0006E683368C3E901244FF400729A61C3E963
:103FC0000944DC620A9B0293099B0193089B0093BE
:103FD0004FF0FF313046DDE90623FFF7A5F8214613
:103FE0003046FFF7EFF810B14042DAF70DF92846F6
:103FF0000FB0F0BD67B1050854D80508C0330608F6
:10400000CC6C0608A6B10508446D060813B501F18D
:10401000640400944068FFF7E1F902B010BD406805
:10402000FFF784B910B58AB00446084611461A460F
:1040300005AB01930D4B00930523DAF7BDFB099BFC
:104040000293089B0193079B009360684FF0FF3138
:10405000DDE90523FFF768F860680021FFF7B2F893
:1040600010B14042DAF7D0F80AB010BDA46C0608CF
:1040700049680022FFF790BA30BF06207047000061
:1040800010B5DAF781FF0446FCF7DEF8031B03489E
:1040900000EA430040F0010010BD00BFFEFFFF7FBB
:1040A00010B5DAF771FF0446FCF7C8F8031B0348A4
:1040B00000EA430040F0010010BD00BFFEFFFF7F9B
:1040C00008B5DBF7A5F8024B1860062008BD00BF55
:1040D0009C0A002038B5134C0D4628B9D4F8A0012D
:1040E000002808BF062038BD086806280AD1D4F881
:1040F000A00128B10021FFF735FD0023C4F8A0314D
:104100000620F0E7DAF75EFE074B984206D12868F2
:10411000C4F8A0010121FFF725FDF1E70348D9F715
:104120004FFE00BF7804002058350608BCB10508D2
:104130004068400040F001007047000010B5104C8E
:10414000104922681048CDF755FD62680F490E48A6
:10415000CDF750FDA2680E490B48CDF74BFDE26844
:104160000C490948CDF746FD22690B490648CDF7B1
:1041700041FD626909490448CDF73CFD062010BDA8
:10418000003C0140C5B1050854D80508D6B1050862
:10419000E7B10508F8B1050809B205081AB2050823
:1041A0004A680149CDF726BD2BB2050816280AD862
:1041B000054B1B5C03F1047303F59E3300EBC30056
:1041C0008000012303607047C70D002008B54068D8
:1041D000FFF7ECFF062008BD162808D800F1845030
:1041E00000F51E20800000230360C0F88030704777
:1041F00008B54068FFF7F0FF062008BD16280AD86A
:10420000054A0123116903FA00F021EA0001116156
:104210001369184310617047003C014008B54068BD
:10422000FFF7ECFF062008BD162810D8084B094AF6
:10423000C3188A434FEA83030CBF012200221A608D
:10424000054A8A430CBF01220022C3F88020704730
:1042500040E0891000001110000021102DE9F0430A
:1042600087B01746C2079DF838900E46984605D489
:10427000830715D10268434B9A4211D1DAF784FEC5
:104280000F28044604D8404902464048D8F7A5FF05
:1042900016281ED902463E493C481723D8F79DFFF1
:1042A000FDF71EFD04890546C4F34314394A26F47C
:1042B000001393420FD002F5801296420BD0A2F564
:1042C0007022934207D0344B9E4204D03349324689
:1042D000DBE70025EAE7022F02D931493A46D4E765
:1042E000304A04F13601B9F1000F0AD102EB810323
:1042F0005B68062B05D0B8F1060F02D02A4922468A
:10430000C3E702EB81022046FFF766FFC6F30043D6
:10431000C2F8048083F00103244A9B00B8F1060F21
:1043200013551DD0224B01221A5504FA02F31343F0
:10433000204A42F82430BDB920463146FFF774FFC9
:10434000FFF734FF1C4B185D00F07F0303F160435F
:1043500003F56143E02283F8002340B2F7F7BEFA89
:10436000204607B0BDE8F083E868FBF795FEEB88D0
:10437000E8680397CDE9013601A902230493F7F712
:1043800099FCDFE74CEF05083CB2050808E9050891
:104390004CB20508000011100000221059B20508A7
:1043A00063B20508780400206DB20508C70D00202F
:1043B000B00D0020540D0020487A060810B586B0D4
:1043C0000446084611461A4602AB01930A4B009375
:1043D0000423DAF74FFA21460820DAF7E6FC002337
:1043E00004460093DDE90201DDE90423FFF736FF0F
:1043F0006060204606B010BDF87906082DE9F3414B
:104400000489424EC4F3431404F136081F4606EBF8
:10441000880305465B68062B0ED03D4B53F82400FD
:10442000A84209D0C30756BF82883A493A493B4857
:1044300048BF2246D8F7D1FE2046FFF7CDFEC1F394
:104440000040374B06EB880680F001008000062F05
:104450001855776056D0334B1A552D4B324A43F8D6
:10446000245000230193506C40F480405064526CFF
:1044700002F480420192019A04F00C0202F180429F
:1044800002F59C3204F003069768B6000F20B04096
:1044900027EA0007E868254DA84213D003F18043BE
:1044A00003F50133984227D003F58063984225D065
:1044B00003F58063984223D003F58063984214BFCC
:1044C00007230423B3403B4393602046FFF7ACFE31
:1044D000174B185D00F07F0303F1604303F5614360
:1044E000E02283F8002340B2F7F7F8F9204602B043
:1044F000BDE8F041FFF75ABE0123E3E70223E1E7FD
:104500000323DFE702B0BDE8F08100BF780400209C
:10451000540D00206DB2050876B2050804EA0508BE
:10452000C70D0020B00D00200038024000000240FE
:10453000487A06080023084A084830B506211C4678
:1045400052F8045F042D18BFC45403F1010318BFCF
:104550001160172BF4D130BD50050020C70D00208D
:1045600030B5214A012351698340194293B0044672
:1045700029D01628536126D81C4D00F1360305EBCF
:104580008305686806281ED0194B1B5D3BB9194B83
:1045900053F8241013B0BDE83040D9F7A1BED9F7C5
:1045A0006BFECBF755FF6846CBF71EFE68B9114B83
:1045B000686853F82410D8F73DFFCBF7EBFDCBF735
:1045C0004FFFD9F76FFE13B030BD062320466B6056
:1045D0000949FFF701FE22460848CDF70BFB019978
:1045E0000648DAF729FCEAE7003C0140780400209D
:1045F000B00D0020540D002097B2050854D80508CE
:104600000020FFF7ADBF0120FFF7AABF0220FFF790
:10461000A7BF0320FFF7A4BF0420FFF7A1BF08B581
:104620000520FFF79DFF0620FFF79AFF0720FFF701
:1046300097FF0820FFF794FFBDE808400920FFF727
:104640008FBF08B50A20FFF78BFF0B20FFF788FF0D
:104650000C20FFF785FF0D20FFF782FF0E20FFF7EC
:104660007FFFBDE808400F20FFF77ABF0149CCF774
:104670000CBF00BFCFB2050808B50846114600229E
:10468000DAF76CF8004808BDBC7A060807B5084B95
:104690000848C3F8381101230093074B002206296C
:1046A00008BF0B460549FFF7D9FD062003B000BD42
:1046B000780400200C820608AC7A0608000021105D
:1046C00008B5044BD3F83801062801D0D8F780FE8E
:1046D000062008BD78040020002302481A46194627
:1046E000FBF7EEBC0C820608044BDA68DB88126923
:1046F00013420CBF01200020704700BF0C82060847
:1047000008B5084611460022DAF728F8FFF7ECFF53
:1047100000280CBF0E201E2008BD08B5FFF7E4FFDF
:1047200000280CBF0E201E2008BD0000014B186899
:10473000DDF71ABFE80D002008B508461146002233
:10474000DAF70CF8004808BD487B060873B51B4B28
:104750000124F0B10021C3F8801E00230193184BFF
:10476000184D1A6C42F080521A641B6C03F080538F
:104770000193019BF8F718FF02F032F806462B6808
:10478000DB050AD50E4B1A6F8CB142F001021A6795
:1047900008E0C3F8804E0446DFE702F021F8801BF2
:1047A0000228ECD9084B01221A7002B070BD22F029
:1047B00001021A671A6F22F00402E8E7000047427C
:1047C0000038024000700040DE0D0020424B43499B
:1047D000002270B5C3E900127F24FF21C3E9024122
:1047E000C3E904229A613E4B3E4D1A70002864D101
:1047F0003D4C236F48F20331194048F203129142B5
:1048000048D1F8F7D1FE636F2A6843F0807363677D
:1048100042F48022344B196F5B6F1B0203F4407328
:1048200001F007010B4313432B602C4B1A69C2F3B1
:104830000E02FF2A05D11A6902F4FE02B2F5FE0F3C
:1048400027D0CA225A6253225A624FF0FF32DA60EE
:1048500001F0C6FF214C064601F0C2FF801BB0F5F7
:104860007A7F0FD2E3685B06F6D523696FF30E03F8
:1048700043F0FF032361236943F4FE0323616FF0D8
:104880008003E360154BFF225A622B6843F48013C8
:104890002B6070BD03F40343B3F5024F0DD1F8F75D
:1048A00083FE636F2A6843F080736367636F43F02E
:1048B0000103636742F40022ACE701F091FF0B4B68
:1048C00018600B4B20F07F4040F07C502860BDE822
:1048D00070401878FFF73ABFEC0D00200028004028
:1048E000DE0D0020E80D002000380240E00D002021
:1048F000E40D00202DE9F043644E337887B0002B9F
:104900003DD0634D634C644F00232B60637FF3B94C
:104910002377624BDFF89091D3F800803B78002B2F
:1049200055D0D9F870309B072CD5022301933B78E2
:10493000002B0CBF4FF400734FF4807301A8049355
:10494000F9F760F928BB564B0122C3F83C2E02232D
:1049500063772368CA225A6253225A622046F9F7C3
:1049600013FA23688046002836D0FF225A620423B7
:1049700063770EE06FEA13436FEA03432B6007B0DF
:10498000BDE8F08301F02CFFA0EB0800B0F57A7FC2
:10499000C7D93A782B68002AECD043F080734FF0E7
:1049A00000082B6087F8008001F01AFF3B4B18606D
:1049B0003878FFF7CBFEF8F7F7FD84F81D80A5E700
:1049C00001F00EFFA0EB0800B0F5FA7FE1D8D9F8AE
:1049D00074309807F4D5A8E79A68616822F4E00279
:1049E00022F040029A60226998681143626911437B
:1049F0000143E26899601A611A69A16842EA0142BA
:104A00001A616FF08002DA601A6CA16922F48022C8
:104A10001A641A6C0A431A64FF225A6201236377EC
:104A20003B781B0743F000532B6001F0D9FE1B4B72
:104A30001B68C01A2B6880B218432860194B1548B0
:104A4000009342466946F9F736FA024630B9CDE995
:104A50000400019001A90F48F9F7BBF9124A536FFE
:104A6000190142BF2B6843F480332B60536F0E4A09
:104A70005B0142BF2B6843F400332B60536F43F05C
:104A8000807353670023337079E700BFDE0D002089
:104A9000E80D0020EC0D0020E40D0020E00D0020CA
:104AA000000047420401010F0038024008B5012010
:104AB000FFF78CFEFFF71EFF062008BD30B5054648
:104AC0008FB00C46FFF716FF012D38D1002201A947
:104AD0003C48F9F759FA694600223A48F9F779FA59
:104AE0009DF8030000F5FA60DDF73EFD06909DF8A5
:104AF0000100DDF739FD07909DF80200DDF734FD78
:104B000008909DF80000DDF72FFD09909DF8040046
:104B1000DDF72AFD0A909DF80500DDF725FD0B90D5
:104B20009DF80600DDF720FD0C900298DDF71CFDD6
:104B300006A90D900820E2F7A5F80FB030BD6A462F
:104B400008216068DAF7EAFA009B1868DAF71CFABD
:104B5000009B30308DF807005868DAF715FA009B93
:104B60008DF805009868DAF70FFA009B8DF80600BB
:104B7000D868DAF709FA002201A98DF80400114873
:104B8000F9F799F9009B1869DAF7FEF9009B8DF89F
:104B900018005869DAF7F8F9009B8DF81900986940
:104BA000DAF7F2F900228DF81A004FF48023054855
:104BB0008DF81B2006A909920A93F9F70AF9062035
:104BC000BBE700BFEC0D0020F8B507460E46FFF727
:104BD00091FE0320F6F790FE032F70687BD806281D
:104BE00077D0DAF7D1F9B0F57A6F12DDB0F5FA5F68
:104BF0005CDDB0F57A5F5CDDB0F5FA4F5CDD424B11
:104C000098424FF47A74B0FBF4F458DC0425013C6C
:104C10000DE0032502224FF40043B3FBF2F34343BC
:104C2000B3F57A7F4FF47A7493FBF4F4EFDA012250
:104C3000032F5AD1B3683549C1F83431344B2D2193
:104C40009965344BCA21596253215962996821F4FC
:104C500080619960D9684907FCD5002A47D05C611A
:104C60009A6822F4884222F0070205F007052A43D9
:104C700042F488429A60FF225A62274A116841F43E
:104C800080011160916841F480019160D96821F43C
:104C90008061D9604FF480035361204BF02283F888
:104CA00003230320F6F71AFE0620F8BD022504228E
:104CB000B1E701250822AEE700251022ABE7A4F5F5
:104CC0008034B4F5803F02DD1548D9F779F8062520
:104CD0009DE70022ACE7DAF757F90546B068DAF746
:104CE00053F9F36804460122A5E70623A3E79A686F
:104CF00022F480429A60FF225A62074A136823F422
:104D000080031360D0E700BFE703E80378040020C6
:104D1000540D002000280040003C014000E100E06C
:104D2000D8B2050838B505460C46FFF7E3FD022D5D
:104D300018D16068DAF728F900F2FF13B3F5806F35
:104D400002D31048D9F73CF80028CBBFC0F5007358
:104D500043424FF40042002200210B48F9F756F974
:104D6000062038BD084B1B68DA6BD86B1304C0F300
:104D70000800BDE838404CBFC0F500704042DDF788
:104D8000F3BB00BFE3B20508EC0D002010B588B0FE
:104D9000FFF7B0FD03A9002219481A4CF9F7F4F8FF
:104DA00002A900221648F9F714F99DF80E309DF873
:104DB0000B0001939DF80D309DF80A2000939DF89B
:104DC00009109DF80C3000F5FA60F6F77BF90E4BF0
:104DD000C01861F10003A0FB042104FB03110B4880
:104DE000049B584300F5731000F6F7304FF47A73C4
:104DF00080085843801841F1000108B010BD00BF81
:104E0000EC0D002000CA9A3B80BC92C7F7C2FFFF9E
:104E1000B0F1006F2DE9F047964626D3144E0327D4
:104E20004FF0000CD6F8089000254D4505EB0C041A
:104E300005D1013F06F10C0617D0A446F2E77268CF
:104E4000D6F80080013502FB05F308EB030A504554
:104E5000EBD211B19B1A43440B60BEF1000F01D09D
:104E6000CEF800202046BDE8F0874FF0FF30FAE78B
:104E70004C7B060810B586B00446FAF725FC0D4BAE
:104E8000F322DA60002102230122CDE90423204627
:104E90000A460191FFF7BCFF00910390694601A803
:104EA00001F0A6FC0446FAF721FC034B185D4042D2
:104EB00006B010BD003C0240245706082DE9F04121
:104EC000074688461646FAF7FFFB0025B54207D18C
:104ED0000024FAF70BFC094B185D4042BDE8F08155
:104EE00058F82520002307EB85010220FAF708FC7B
:104EF00004460028EDD10135E8E700BF2457060835
:104F000013B501AA69460446FFF782FF054B009AD4
:104F10001B68934203BF0448E41A0019204602B0FC
:104F200010BD00BF140E00200040012010B5164C2B
:104F30002378D9070AD523785A0708D4134B186861
:104F4000FFF798FF237843F00403237010BD237804
:104F50009B070ED50E4B0F491A680C4B9208186828
:104F6000FFF7ACFF00212170BDE810400120FCF7E5
:104F70005FBC01F035FC084B1B68C01A41F2873357
:104F80009842E7D8E2E700BF180E0020140E002078
:104F9000100E0020004001200C0E002038B5EFF369
:104FA0001185602383F31288084C2378DA0706D52D
:104FB000237843F0020323702378DB0703D485F3BF
:104FC0001188002038BDFFF7B1FFF5E7180E00206B
:104FD0002DE9F34101AA6946174D184F0446FFF722
:104FE00017FF174B019A5B1B9A4288BF01933A68DF
:104FF000009B9A420CD0FFF7D1FFDDE900860E48F6
:1050000032464146F4F748FF0E4BC7F800801E6059
:105010000D4A1378012143F0010308461370FCF791
:1050200007FC01F0DDFB094B1860009BE01A2844E7
:1050300002B0BDE8F08100BF00400120140E002046
:1050400000800120100E0020180E00200C0E002001
:10505000013808B506281FD8DFE800F0041E1A0F33
:105060001E1E17000E4A002313700E4A4FF0FF3128
:1050700011600D4A1360002006E00C480C4BC01A6A
:1050800048BF00F2FF10401208BDFFF74FFFF2E7E4
:10509000BDE80840FFF782BF6FF01500F4E700BFDE
:1050A000180E0020140E00200C0E002000400108F5
:1050B0000040000810B50D4B04460D481B1A48BFB0
:1050C00003F2FF13B1EB632F01D3002010BD00EBFF
:1050D0004120431CF9D0FFF713FF4FF40072014643
:1050E0002046F4F7D9FE0120F0E700BF0040010898
:1050F0000040000838B5104B054610481B1A48BF41
:1051000003F2FF13B1EB632F01D3002038BD00EB96
:105110004120431CF9D0EFF31184602383F31288FC
:10512000FFF756FF4FF400722946F4F7B5FE84F3FB
:1051300011880120EAE700BF004001080040000894
:10514000054B994202D10549CCF754BDD1E9012361
:105150000349CCF74FBD00BFE87B0608EAB205085B
:10516000F2B2050808B50A4B197879B90120187010
:10517000084B094A5A60FFF76BFF084B602283F81F
:105180000423BDE808400420F6F7A8BB08BD00BF13
:10519000190E0020A80A0020C901002000E100E04B
:1051A00008B500210420FFF753FF00F5807008BD0B
:1051B00000210720FFF74CBF00210320FFF748BF65
:1051C00038B5044608461546D9F7DEFE01380528ED
:1051D00028D8DFE800F0061A1A1E031C40F201402E
:1051E00038BDFFF7BFFF2846D9F7CEFE012804D00F
:1051F0000020400040F00100F2E70B4B9C4201D040
:105200002073F5E74FF0FF30F3E7FFF7D5FF0120FC
:10521000E6E7054B9C4202D1FFF7C2FFE9E7A06831
:10522000400AE6E70620DBE7E87B060838B50446D7
:105230000D46002940F098804FF4DF72F4F776FEB7
:1052400029460420FFF704FF431B18BF4FF0FF332C
:1052500084F8BF3184F8C03184F8C13184F8C33197
:1052600084F8C43184F8C531030A84F8CB31030CC7
:10527000012284F8CA0184F8CC31000E552384F849
:10528000BE5184F8C22184F8C65184F8C72184F83D
:10529000C85184F8C95184F8CD0184F8CE5184F8FE
:1052A000CF5184F8D05184F8D15184F8D25184F888
:1052B000D35184F8D45184F8D55184F8D65184F868
:1052C000D75184F8D85184F8D95184F8DA5184F848
:1052D000DB5184F8DC5184F8DD5184F8DE5184F828
:1052E000FE31AA2384F8DF5184F8E05184F8E151BB
:1052F00084F8E25184F8E35184F8E45184F8E551EC
:1053000084F8E65184F8E75184F8E85184F8E951CB
:1053100084F8EA5184F8EB5184F8EC5184F8ED51AB
:1053200084F8EE5184F8EF5184F8F05184F8F1518B
:1053300084F8F25184F8F35184F8F45184F8F5516B
:1053400084F8F65184F8F75184F8F85184F8F9514B
:1053500084F8FA5184F8FB5184F8FC5184F8FD512B
:1053600084F8FF31012038BDFF2905D84FF40072C1
:105370000021F4F7DBFDF5E700210420FFF768FECC
:1053800000F58070A84206D9A5F580712046BDE8D9
:105390003840FFF78FBE0020E5E770B50C460546A4
:1053A0005618B44201D1002070BD21462846FFF7AF
:1053B0003DFF05F5007501340028F2D16FF00400BF
:1053C000F2E7F0B5074685B0D1E900600D46D9F7A0
:1053D000DBFD0622044601A9A868DAF707F8032FC7
:1053E00012D17168029A01980029B8BF01F2FF1129
:1053F00004EB6121520A01F58071FFF7CEFF4000F6
:1054000040F0010005B0F0BD6FF00400F7E7FF29A0
:1054100038B505460C460ED900210420FFF718FECA
:1054200000F58070A04208D9A4F580712846BDE837
:105430003840FFF75FBE012038BD0020FCE770B5A3
:105440000C4605465618B44201D1002070BD2146D5
:105450002846FFF7DCFF05F5007501340028F2D17E
:105460006FF00400F2E7F0B5074685B0D1E90060BF
:105470000D46D9F789FD0522044601A9A868D9F788
:10548000B5FF032F12D17168029A01980029B8BFA5
:1054900001F2FF1104EB6121520A01F58071FFF75F
:1054A000CEFF400040F0010005B0F0BD6FF00400F9
:1054B000F7E7000038B504460D46FFF771FE621CA1
:1054C000A0F580704FEA402012D00F4B23400BB163
:1054D000062038BDA042FBD96B1C0BD1051B0B4924
:1054E0001020D9F762FC0023C0E901450373F0E7FF
:1054F0000024F1E7002DEBDD63198342E8D8C5F302
:105500000803002BEBD0E3E7FF010080807B060857
:105510001FB5084611461A4602AB01930A4B009389
:105520000223D9F7A7F9DDE9020100EA01030133FB
:1055300006D0FFF7BFFF062803D10020D8F740FCB4
:10554000024805B000BD00BF707B0608E87B060876
:105550000C4B036083880C4A426143F0050383804F
:10556000012380F84830094B094AC360094B406465
:10557000C0E90823084A8262084A0361C0E90D2392
:10558000704700BF3C4D06089B530508DC7B0608AE
:10559000D07B0608E87B06083F540508C87B060850
:1055A0007FB5FFF7A7F901A900221148F8F7ECFC35
:1055B000002269460E48F8F70CFD9DF802309DF870
:1055C00001209DF803001B0443EA42539DF8042088
:1055D00043EAC2239DF8052043EA42139DF80620C2
:1055E000143043EA520343EA406007B000BD00BFF5
:1055F000EC0D002038B50D46D9F7C6FC0446284608
:10560000D9F7C2FCFA28A8BFFA20322804F1FF33E8
:10561000B8BF3220032B05D8DFE803F00206090CDF
:10562000064B5863062038BD044B9863FAE7034BDA
:10563000D863F7E7014B1864F4E700BF000C0040A3
:1056400038B50D46D9F7A0FC04462846D9F79CFC8E
:10565000024BDC62D863062038BD00BF000C00405E
:10566000F0B501280C6887B006460D462CD1207A8B
:1056700000EB80004000DCF777FF0190607A00EBE0
:1056800080004000DCF770FF0290A07A00EB800001
:105690004000DCF769FF0390A37AE07A184400EB3E
:1056A00080004000DCF760FF0490207BA37A184460
:1056B00000EB80004000DCF757FF01A905900520B2
:1056C000E1F7E0FA07B0F0BD032828D94868D9F718
:1056D0005BFC0A2790FBF7F02072A868D9F754FC0E
:1056E00090FBF7F06072E868D9F74EFC042E90FB4F
:1056F000F7F0A07211D0062E11D12869D9F744FC19
:10570000A37A90FBF7F0C01AE0726869D9F73CFC05
:10571000A37A90FBF7F0C01A20730620D2E7024963
:1057200002483246D7F759FD0AB3050850E9050883
:10573000054ACB898A1A0549D2104A430A214B43AC
:1057400001320349CCF756BA1C0E0020ABAAAAAA14
:1057500017B30508F0B51C46084689B011464FF04E
:105760000212D8F7FBFF2068D9F70EFC461E032E65
:10577000024603D918491948D7F72FFD184D194982
:10578000182404FB065400226068E38923820389FD
:10579000A282C3F34313CF5C02231946FAF790FCAD
:1057A000114B1B6C1B0701D4FBF70EFA602301930E
:1057B000182303FB06553A46EB89029301A90023FF
:1057C0000A4803930593F9F718FC39460748F9F797
:1057D0008DFC204609B0F0BD2AB3050808E905088C
:1057E0001C0E0020F87B060800380240B00A00209A
:1057F000124BF0B5DFF858E004211A464FF0400C88
:10580000F22796246126462500200139C3F800E0DE
:1058100083F808C05F729C72DE721D73DC8118828F
:10582000988203F11803F0D1054B5360054BD36107
:10583000054B5363054BD364F0BD00BF1C0E002025
:1058400054850608408506082C8506081885060834
:10585000FC7B06081E4B30B504240025D8891A8A23
:10586000904218D0197A8A4202D219820A4602E07E
:10587000597A8A42F9D8998A012918D8DA810021FF
:105880005A6899821289D989C2F34312920002F1AF
:105890008042C2F8341C013C03F11803DED10D4BE9
:1058A0001B68DA688DB142F00102DA6030BD5D8AB2
:1058B0002D1A2A4412B292FBF1F501FB152228445D
:1058C000D8815A8201390125DAE722F00102ECE79A
:1058D0001C0E0020B00A0020F8B52DED028B0C68DC
:1058E0000746012FA57A207B0E460BD1BDEC028B1B
:1058F000E38964225B1B534393FBF0F0BDE8F8405F
:10590000DCF732BE07EE900A4868B8EE678AD9F72E
:1059100091FB9FED107A28EE008A022FC8EE077ADD
:10592000FDEEE77A17EE903A1D44258207D1002359
:10593000A382FFF78FFFBDEC028B0620F8BDB06895
:10594000D9F722FB142390FBF3F00023A08263829B
:10595000EFE700BF0000C842F8B52DED028B0C68E0
:105960000746012FA57AE07A0E460BD1BDEC028BDB
:10597000E3895A225B1B534393FBF0F0BDE8F840E8
:10598000DCF7F2BD07EE900A4868B8EE678AD9F7EF
:1059900051FB9FED107A28EE008A022FC8EE077A9D
:1059A000FDEEE77A17EE903A1D44258207D10023D9
:1059B000A382FFF74FFFBDEC028B0620F8BDB06855
:1059C000D9F7E2FA142390FBF3F00023A08263825C
:1059D000EFE700BF0000B442012838B50C684FF073
:1059E0000A0505D1E0896843BDE83840DCF7BCBD55
:1059F0004868D9F7C9FA002390FBF5F0A38220820A
:105A0000FFF728FF062038BD1FB50123CDE900139D
:105A10001039022998BF072369460293F5F7A0FEC3
:105A200005B000BD38B50D4604460749CBF72DFD3E
:105A3000696820460022D9F7D9F9AA6803492046A7
:105A4000BDE83840CCF7D6B837B3050896A30508AB
:105A500038B5044600F0C4FE054623681B689B0762
:105A600004D400F0BDFE401B0A28F6D938BD2DE94C
:105A7000FF47064614460846062201A9D9F7B6FC98
:105A80009DF80C1000224020E2F7C8FD8046204619
:105A9000FBF744FE0024B16882466FF0010906F16D
:105AA0000C00FFF7B1FF029FB7FBF8F7BC4209D12A
:105AB00006F10C00F5F738FE0298DCF755FD04B04E
:105AC000BDE8F087DAF800301A69D207FCD5C3F8D0
:105AD0001090C4B906F10C00F5F7C6FD06F10C00F4
:105AE000FFF7B6FFF3680199DB6C9DF80C00B8F185
:105AF000010F08BF1B095B00224643F00103E2F7D8
:105B0000D7FF0134D2E7F268936843F08043936093
:105B1000E4E700002DE9F04F8FB000AF0D461446CA
:105B200007F1100107F11802D9F7D6FA07F11C02A4
:105B300007F114012846D9F7CFFA3B6913B9544845
:105B4000D8F73EF97A69934201D05248F8E7FB69E9
:105B50000622186807F12001D9F748FC97F82810A9
:105B600000224020E2F75AFD7B69F8609B00073372
:105B700023F00703ADEB030DE94600257B69AB423B
:105B800039D82046FBF7CAFDBB691C688346A1686B
:105B900004F10C00FFF738FF04F10C00F5F764FD89
:105BA00004F10C00FFF754FFE368DB6CDBF8003016
:105BB0006FF001021A611A69D007FCD56FF0010A73
:105BC0007D6AC3F810A04FF00108FB68B5FBF3F342
:105BD0000025BB60BB689D4224D1BB6918680C30AE
:105BE000F5F7A2FDB8F1000F0CBF0E201E203C37C8
:105BF000BD46BDE8F08FFB69062253F8250007F18A
:105C00002C01D9F7F3FB7A6A3B6B9A4203D1BA6A4B
:105C10007B6B9A4201D0204892E7FB6A49F8253015
:105C20000135ABE7DBF800301969C9070AD41969F7
:105C3000CA07FCD5C3F810A000243B69A34204D8CE
:105C40000135C7E74FF00008F4E7BB6953F824605B
:105C500006F10C00B1687860FFF7D6FEF36878684B
:105C6000996841F080419960FFF7F2FEF368FA68A5
:105C7000DB6C59F8241097F82800012A08BF1B098B
:105C80005B0043F001032A46E2F712FF0134D4E738
:105C900040B305084CB305085FB3050817B40023EB
:105CA0000E4A0193546C44F480745464526C8160C5
:105CB00002F480720192019A83610122C261426101
:105CC00002F17062C0E90833C0E90A23C0E9033376
:105CD0004360036303B010BCF5F71CBC00380240FE
:105CE00070B51C46084611464FF00212D8F736FD33
:105CF0002668F10705D4B2070CD132681D4B9A42D1
:105D000008D13046D9F740F90446122C11D91A4966
:105D1000224607E03046FBF7E3FF837A5B0704D4B3
:105D2000828816491648D7F758FA8468C4F3443471
:105D3000EBE70F2C08D8134B53F8240020B10023B5
:105D40001A460321FAF7BCF95420CAF78DFA442207
:105D5000054600211030F4F7E9F80B4BAC602846FB
:105D6000C5E90036094B40F80C3F0021FFF796FFCC
:105D7000284670BD4CEF05087CB3050875B30508CF
:105D800008E90508707D0608087D06080020014026
:105D900070B504460E46FFF737FE2046F5F764FC63
:105DA0002046FFF755FE23682046DD6CF5F7BCFC66
:105DB000122E01BF034A536823F480035360284620
:105DC00070BD00BF0023014008B581680C30FFF7AB
:105DD000DFFFBDE80840DCF7C7BB000010B5044694
:105DE0000846D9F7D1F81228024603D905490648D2
:105DF000D7F7F3F90146201DFFF7CAFFBDE81040B1
:105E0000DCF7B2BB7CB3050808E905082DE9F843C7
:105E10008B1F04469046062B26D8DFE803F02A2580
:105E20002D25042523004FF08076DFF860900025B3
:105E3000012707FA05F313EA080F07D059F82500E0
:105E400020B100231A460321FAF73AF90135102D43
:105E5000EFD120460A4B40F8043F3146BDE8F843F5
:105E6000FFF71CBF0026E0E70A4606480649D7F7B9
:105E7000B4F94FF04076D8E74FF00076D5E700BF91
:105E80000020014008E905088FB30508707D060869
:105E9000F8B50E46304611460D4A1D46D8F75EFC51
:105EA0000C494C20D8F781FF04462868D9F76CF8D4
:105EB000012E074609D96868D9F766F802462046D8
:105EC0003946FFF7A3FF2046F8BD4FF0FF32F6E753
:105ED000040002008C7C060803685B6803F04073D2
:105EE000B3F1007F08D0B3F1407F07D0B3F1807FDA
:105EF0000CBF0A200C20704708207047062070470E
:105F000010B50446FFF744FF02462046FFF7E4FFC2
:105F1000C0F10C0002FA00F010BD000008B510211D
:105F2000FFF7EEFF0F4A9FED106A938DD28DD21AC4
:105F300007EE902AF8EEE77A07EE100AC7EE866AB7
:105F40000A4A07EE903A92ED006AB8EEC77AF8EE88
:105F5000E77AD7EE067A87EEA60AF3EE0E7A30EEEF
:105F6000270A08BD007AFF1F0000A0427404002029
:105F700008B50430FFF7D2FFBDE80840DBF786BA6A
:105F800008B51221FFF7BCFF074B9FED087A93ED90
:105F9000000A430007EE903AF8EE677A67EE877AD8
:105FA00027EE800A08BD00BF740400206740533A02
:105FB00008B50430FFF7E4FFBDE80840DBF766BA38
:105FC00008B51121FFF79CFF0A4B5B8D07EE900A85
:105FD00000EE103AF8EE677AF8EE406A064B86EE6D
:105FE000A77AB8EEC00ADFED057A83ED007A20EEDD
:105FF000270A08BD007AFF1F740400206740533A47
:1060000008B50430FFF7DCFF054BDFED067A93EDB2
:10601000000ABDE8084020EE270ADBF737BA00BFC8
:10602000740400203333534008B50430FFF7C8FF31
:10603000BDE80840DBF72ABA81F0004102E000BF6A
:1060400083F0004330B54FEA41044FEA430594EA38
:10605000050F08BF90EA020F1FBF54EA000C55EA73
:10606000020C7FEA645C7FEA655C00F0E2804FEA44
:106070005454D4EB5555B8BF6D420CDD2C4480EA26
:10608000020281EA030382EA000083EA010180EA56
:10609000020281EA0303362D88BF30BD11F0004FA4
:1060A0004FEA01314FF4801C4CEA113102D04042DA
:1060B00061EB410113F0004F4FEA03334CEA133315
:1060C00002D0524263EB430394EA050F00F0A7802D
:1060D000A4F10104D5F1200E0DDB02FA0EFC22FA28
:1060E00005F2801841F1000103FA0EF2801843FA1C
:1060F00005F359410EE0A5F120050EF1200E012A0D
:1061000003FA0EFC28BF4CF0020C43FA05F3C0184A
:1061100051EBE37101F0004507D54FF0000EDCF1C3
:10612000000C7EEB00006EEB0101B1F5801F1BD36C
:10613000B1F5001F0CD349085FEA30004FEA3C0C70
:1061400004F101044FEA445212F5800F80F09A8066
:10615000BCF1004F08BF5FEA500C50F1000041EB6A
:10616000045141EA050130BD5FEA4C0C404141EB6E
:106170000101013C28BFB1F5801FE9D291F0000F69
:1061800004BF01460020B1FA81F308BF2033A3F118
:106190000B03B3F120020CDA0C3208DD02F1140C0F
:1061A000C2F10C0201FA0CF021FA02F10CE002F14A
:1061B0001402D8BFC2F1200C01FA02F120FA0CFC43
:1061C000DCBF41EA0C019040E41AA2BF01EB04518C
:1061D000294330BD6FEA04041F3C1CDA0C340EDC8A
:1061E00004F11404C4F1200220FA04F001FA02F3CD
:1061F00040EA030021FA04F345EA030130BDC4F18B
:106200000C04C4F1200220FA02F001FA04F340EA7F
:106210000300294630BD21FA04F0294630BD94F030
:10622000000F83F4801306BF81F480110134013D17
:106230004EE77FEA645C18BF7FEA655C29D094EA88
:10624000050F08BF90EA020F05D054EA000C04BF06
:106250001946104630BD91EA030F1EBF00210020F1
:1062600030BD5FEA545C05D14000494128BF41F090
:10627000004130BD14F580043CBF01F5801130BDF4
:1062800001F0004545F0FE4141F470014FF000007F
:1062900030BD7FEA645C1ABF194610467FEA655C30
:1062A0001CBF0B46024650EA013406BF52EA0335D2
:1062B00091EA030F41F4002130BD00BF90F0000FC0
:1062C00004BF0021704730B54FF4806404F13204FC
:1062D0004FF000054FF0000150E700BF90F0000FB5
:1062E00004BF0021704730B54FF4806404F13204DC
:1062F00010F0004548BF40424FF000013EE700BFAC
:1063000042004FEAE2014FEA31014FEA02701FBF3B
:1063100012F07F4393F07F4F81F06051704732F06D
:106320007F4208BF704793F07F4F04BF41F40021C4
:10633000704730B54FF4607401F0004521F0004122
:106340001CE700BF50EA010208BF704730B54FF0AC
:1063500000050AE050EA010208BF704730B511F0AD
:10636000004502D5404261EB41014FF4806404F1E5
:1063700032045FEA915C3FF4D8AE4FF003025FEA6B
:10638000DC0C18BF03325FEADC0C18BF033202EBEF
:10639000DC02C2F1200300FA03FC20FA02F001FA49
:1063A00003FE40EA0E0021FA02F11444BDE600BFEC
:1063B0004FEA4102B2F1E04324BFB3F5001CDCF127
:1063C000FE5C0DD901F0004C4FEAC0024CEA50705F
:1063D000B2F1004F40EB830008BF20F0010070478E
:1063E00011F0804F21D113F13872BCBF01F0004091
:1063F000704741F480114FEA5252C2F11802C2F1C3
:10640000200C10FA0CF320FA02F018BF40F0010043
:106410004FEAC1234FEAD32303FA0CFC40EA0C00F5
:1064200023FA02F34FEA4303CCE77FEA625307D132
:1064300050EA01331EBF4FF0FE4040F44000704769
:1064400001F0004040F0FE4040F40000704700BF03
:106450007BB972B90029BEBF00204FF0004106E0B1
:1064600008BF00281CBF6FF000414FF0FF3000F064
:10647000B3B9ADF1080C6DE904CE002909DB002B9E
:106480001ADB00F04DF8DDF804E0DDE9022304B08A
:106490007047404261EB4101002B1BDB00F040F8EC
:1064A000DDF804E0DDE9022304B0404261EB410184
:1064B000524263EB43037047524263EB430300F0E5
:1064C0002FF8DDF804E0DDE9022304B0404261EB7F
:1064D00041017047524263EB430300F021F8DDF8BD
:1064E00004E0DDE9022304B0524263EB430370474A
:1064F00053B94AB9002908BF00281CBF4FF0FF312B
:106500004FF0FF3000F068B9ADF1080C6DE904CE32
:1065100000F006F8DDF804E0DDE9022304B070477E
:106520002DE9F047089F154604468E461E46002B6F
:1065300040F0D2808A424DD9B2FA82FCBCF1000F01
:1065400002FA0CF3CCF1200E18BF1D4620FA0EFE05
:1065500001FA0CF34EEA030E00FA0CF30CBF8E4660
:106560001C464FEA1548A8B2BEFBF8F1220C08FB06
:1065700011EE01FB00F342EA0E42934206D9AA183B
:1065800001F1FF3E01D293421ED87146D21AA4B245
:10659000B2FBF8F308FB1322584344EA0244A0423A
:1065A00006D92C1903F1FF3201D2A0420FD81346AD
:1065B000241A43EA014027B124FA0CF400233C607A
:1065C0007B603146BDE8F08702392A44DEE7023BB2
:1065D0002C44EDE7002A71D0B2FA82F3DBB31E46F9
:1065E000C6F1200302FA06F521FA03F2B14020FABF
:1065F00003F30B434FEA154E00FA06F41FFA85FC2D
:10660000B2FBFEF00EFB10211A0C00FB0CF842EA64
:106610000142904506D9AA1800F1FF3101D29045F8
:106620004ED80846A2EB08029BB2B2FBFEF10EFB6D
:10663000112201FB0CFC43EA02439C4506D9EB18EE
:1066400001F1FF3201D29C453DD81146A3EB0C036A
:1066500041EA004101E08B1A01214FEA154E1FFA71
:1066600085FCB3FBFEF0220C0EFB103300FB0CF894
:1066700042EA0342904506D9AA1800F1FF3301D23D
:10668000904523D81846A2EB0802A4B2B2FBFEF351
:106690000EFB132203FB0CFC44EA0244A44506D97A
:1066A0002C1903F1FF3201D2A44512D81346A4EBF2
:1066B0000C0443EA0040B4460E467CE71F268FE7F1
:1066C00002382A44AEE702392B44BFE702382A4495
:1066D000D9E7023B2C44EAE78B4205D90FB1C7E961
:1066E0000001002630466CE7B3FA83FCBCF1000FD2
:1066F0000FD18B4201D3824209D8841A61EB030384
:1067000001209E460FB1C7E9004E002659E76046BA
:10671000F8E7CCF1200E03FA0CF322FA0EF521FA79
:106720000EF41D4301FA0CF320FA0EF119434FEA5F
:10673000154900FA0CF61FFA85F8B4FBF9F009FBCD
:10674000104A0C0C00FB08F344EA0A44A34202FA84
:106750000CF206D92C1900F1FF3A01D2A34235D828
:106760005046E41A89B2B4FBF9F309FB134403FB66
:1067700008F841EA0441884506D9691803F1FF3455
:1067800001D2884525D8234643EA0040A1EB080101
:10679000A0FB029841454C46434602D306D14E45E4
:1067A00004D2B9EB020468EB05030138002FACD02A
:1067B000321B61EB030101FA0EFE22FA0CF34EEAE2
:1067C000030321FA0CF1C7E900319EE702382C449B
:1067D000C7E7023B2944D7E7704700BF000000002D
:1067E0005FF800F0F50300205FF800F009030020D7
:1067F0005FF800F0590300205FF800F095010020D9
:10680000000000000102030400000000000000007E
:10681000010203040607080948414C5F5243435FE5
:106820004F7363436F6E6669670048414C5F524324
:10683000435F436C6F636B436F6E66696700FFCBAA
:106840009C6C6F6E670051282573290A0063616E86
:1068500027F46F626A6563F4646F65736E27F46191
:106860007267756D656EF4696E76616C69E42725F3
:1068700071A76D7573F4617267756D656E74F366FB
:10688000756E6374696FEE6E6FF4272573A7666F7C
:10689000726D61F425E462E565786973F46FE674FE
:1068A000EF756E737570706F727465E4747970E56E
:1068B000636F6E766572F4657870656374F3726504
:1068C0007175697265E4696D706C656D656E74658E
:1068D000E46B6579776F72E4737472696EE7706F59
:1068E000736974696F6E61ECE1666FF2746FEF73D8
:1068F00070656369666965F2737570706F7274654F
:10690000E46C656E6774E8696E6465F869EE7769D2
:1069100074E861EE69F36172E761747472696275BB
:1069200074E5657870656374696EE7696E746567B0
:1069300065F2656D7074F969736E27F472616E6744
:10694000E572657175697265F376616C75E5617301
:106950007369676E6D656EF46964656E7469666906
:1069600065F2616EE4636F6D706C65F86F757473DA
:106970006964E567656E657261746FF2686176E5FA
:10698000457874496EF46E61746976E573796E7456
:1069900061F865787065637465E46EEF6FF26F7629
:1069A0006572666C6FF772657365727665E4736520
:1069B0007175656E63E56361706162696C697469C4
:1069C00065F366726FED50696E282571A961667472
:1069D00065F26861F3696EF46D697373696EE76EF1
:1069E000656564F3756E6B6E6F77EE6275666665EE
:1069F000F27265747572EE4144C354696D65722814
:106A00002564A96E616DE56F7065726174696FEEE2
:106A10006F75F47265646566696E65E463616C6CDC
:106A200061626CE56572726FF26669656CE46C6157
:106A30007267E56D756C7469706CE56E656761749D
:106A40006976E56E6F6E6C6F6361EC726567697392
:106A50007465F27475706CE5616C6C6F7765E461F8
:106A60006C72656164F96275F464656661756CF4F5
:106A7000737472756374BA74696D656F75F425F11A
:106A800061F4636F64E5667265F16C6973F46E6559
:106A900065E47A6572EF696D706F72F46E756D62A0
:106AA00065F273636B2F6D6F73692F6D6973EF738D
:106AB000706563696669636174696FEE76616C75B0
:106AC00065F3766563746FF2696E636F6D70617400
:106AD00069626CE56973737562636C61737328A98D
:106AE00025F363616C6962726174696FEE636C6156
:106AF00073F3666F756EE467697665EE676FF469C8
:106B00006E737472756374696FEE6C616265EC6CC0
:106B10006F6361EC7069EE7365F473746F72E575A1
:106B200073E577726F6EE7616E6E6F746174696F93
:106B3000EE617267756D656E7473AC636F6E7665CA
:106B40007273696FEE65787072657373696FEE6961
:106B50006D706C696369746CF90025236F002523DF
:106B600078002E2E2E20002E66726F7A656E002F12
:106B7000666C617368002F666C6173682F6C696264
:106B8000002F7364002F73642F6C6962003C737470
:106B900064696E3E003C737472696E673E003E3EEF
:106BA0003E200041444300414443310041444331CD
:106BB0005F434F4D4D4F4E00414443416C6C00418B
:106BC00044435F435231004144435F4352320041EA
:106BD00044435F4452004144435F4854520041449F
:106BE000435F4A445231004144435F4A44523200B9
:106BF0004144435F4A445233004144435F4A445254
:106C000034004144435F4A4F465231004144435FA0
:106C10004A4F465232004144435F4A4F4652330086
:106C20004144435F4A4F465234004144435F4A5314
:106C30005152004144435F4C5452004144435F531E
:106C40004D505231004144435F534D505232004148
:106C500044435F53515231004144435F53515232D8
:106C6000004144435F53515233004144435F535208
:106C7000004146315F54494D31004146315F54492E
:106C80004D32004146325F54494D33004146325F38
:106C900054494D34004146325F54494D3500414618
:106CA000335F54494D3130004146335F54494D31D3
:106CB00031004146335F54494D39004146345F4904
:106CC000324331004146345F493243320041463459
:106CD0005F49324333004146355F535049310041EB
:106CE00046355F53504932004146365F5350493371
:106CF000004146375F555341525432004146385F98
:106D0000555341525436004146395F4932433200AF
:106D10004146395F493243330041465F494E45544D
:106D20000041465F494E4554360041465F4F44009E
:106D300041465F505000414C5400414C545F4F500D
:106D4000454E5F445241494E00414E414C4F470031
:106D500041505F4946004152524159004155544FFC
:106D6000004246494E543136004246494E54333271
:106D7000004246494E543800424655494E54313639
:106D800000424655494E54333200424655494E540E
:106D9000380042465F4C454E0042465F504F53001C
:106DA0004249475F454E4449414E00424F544800D6
:106DB00042524B5F484947480042524B5F4C4F5745
:106DC000004279746573494F0043454E5445520063
:106DD000434F52455F54454D5000434F52455F5617
:106DE00042415400434F52455F565245460043527C
:106DF00043004352435F4352004352435F445200B7
:106E00004352435F494452004354530043616E630D
:106E1000656C6C65644572726F7200443000443179
:106E200000443130004431310044313200443133C8
:106E300000443134004431350044330044340044CC
:106E40003500443600443700443800443900444299
:106E5000474D4355004442474D43555F41504231F1
:106E6000465A004442474D43555F41504232465ACC
:106E7000004442474D43555F4352004442474D430F
:106E8000555F4944434F44450044454550534C45A4
:106E900045505F524553455400444D413100444DE7
:106EA000413200444D415F484946435200444D4100
:106EB0005F4849535200444D415F4C49464352009C
:106EC000444D415F4C495352004465666C617465A2
:106ED000494F0045414343455300454144445249CD
:106EE0004E5553450045414741494E0045414C529E
:106EF000454144590045424144460045434F4E4EAA
:106F000041424F525445440045434F4E4E52454630
:106F1000555345440045434F4E4E5245534554004A
:106F20004545584953540045484F5354554E5245D2
:106F30004143480045494E50524F47524553530034
:106F400045494E56414C0045494F00454953444937
:106F50005200454E435F4100454E435F414200456C
:106F60004E435F4200454E4F4255465300454E4FFB
:106F700044455600454E4F454E5400454E4F4D45F5
:106F80004D00454E4F54434F4E4E00454F504E4FCF
:106F9000545355505000455045524D004554494DAD
:106FA00045444F5554004556545F46414C4C494E5C
:106FB00047004556545F524953494E470045565481
:106FC0005F524953494E475F46414C4C494E47003A
:106FD0004558544900455854495F454D520045585D
:106FE00054495F4654535200455854495F494D52E5
:106FF00000455854495F505200455854495F525417
:10700000535200455854495F5357494552004578FB
:1070100074496E7400464C41534800464C415348F5
:107020005F41435200464C4153485F435200464C37
:107030004153485F4B45595200464C4153485F4FBE
:107040005054435200464C4153485F4F50544352B2
:107050003100464C4153485F4F50544B4559520004
:10706000464C4153485F535200464C4F41543332D3
:1070700000464C4F415436340046696C65494F0018
:10708000466C617368004672616D6542756666653F
:1070900072004672616D65427566666572310047C1
:1070A00050494F41004750494F42004750494F43D4
:1070B000004750494F44004750494F450047504909
:1070C0004F48004750494F5F4146523000475049B2
:1070D0004F5F41465231004750494F5F4253525231
:1070E000004750494F5F4253525248004750494F62
:1070F0005F425352524C004750494F5F494452003F
:107100004750494F5F4C434B52004750494F5F4DEA
:107110004F444552004750494F5F4F44520047503B
:10712000494F5F4F535045454452004750494F5FC8
:107130004F5459504552004750494F5F50555044A5
:1071400052004753325F484D5342004753345F4823
:107150004D53420047533800475A49500048415266
:10716000445F524553455400493243546172676548
:1071700074004932435F434352004932435F4352F4
:1071800031004932435F435232004932435F445237
:10719000004932435F464C5452004932435F4F41ED
:1071A0005231004932435F4F415232004932435F0E
:1071B000535231004932435F535232004932435FE8
:1071C00054524953450049325332455854004932CC
:1071D000533345585400494F426173650049525139
:1071E0005F414444525F4D415443485F52454144DE
:1071F000004952515F414444525F4D415443485FFE
:107200005752495445004952515F454E445F5245DB
:107210004144004952515F454E445F5752495445DD
:10722000004952515F46414C4C494E47004952512A
:107230005F524541445F524551004952515F5249A6
:1072400053494E47004952515F524953494E475F97
:1072500046414C4C494E47004952515F52580049F3
:1072600052515F525849444C45004952515F575260
:107270004954455F524551004957444700495744D6
:10728000475F4B5200495744475F505200495744AB
:10729000475F524C5200495744475F5352004C4598
:1072A00044004C45445F424C5545004C45445F47C3
:1072B0005245454E004C45445F4F52414E474500B4
:1072C0004C45445F524544004C4954544C455F453D
:1072D0004E4449414E004D4153544552004D4F4E8E
:1072E0004F5F484C5342004D4F4E4F5F484D534205
:1072F000004D4F4E4F5F564C5342004D564C53423B
:10730000004E4154495645004E6F6E65004E6F74F5
:10731000496D706C656D656E746564004F435F41C7
:107320004354495645004F435F464F524345445FDF
:10733000414354495645004F435F464F52434544ED
:107340005F494E414354495645004F435F494E41C2
:107350004354495645004F435F54494D494E4700F9
:107360004F435F544F47474C45004F4E455F53488E
:107370004F54004F55545F4F44004F55545F505089
:10738000004F7264657265644469637400504130F3
:1073900000504131005041313000504131310050F6
:1073A00041313200504131350050413200504133BB
:1073B00000504134005041350050413600504137B3
:1073C00000504138005041390050423000504231A5
:1073D00000504231300050423132005042313300CF
:1073E0005042313400504231350050423200504258
:1073F0003300504234005042350050423600504273
:10740000370050423800504239005043300050435A
:10741000310050433130005043313100504331325C
:107420000050433133005043313400504331350074
:107430005043320050433300504334005043350032
:107440005043360050433700504338005043390012
:1074500050443200504552494F444943005048304F
:107460000050483100504F4C4C45525200504F4C48
:107470004C48555000504F4C4C494E00504F4C4CCE
:107480004F5554005054520050554C4C5F444F5788
:107490004E0050554C4C5F4E4F4E450050554C4C95
:1074A0005F55500050574D0050574D5F494E56455F
:1074B0005254454400505752005057524F4E5F525D
:1074C00045534554005057525F4352005057525F46
:1074D0004353520050696E0050696E41460052435A
:1074E00043005243435F41484231454E52005243AC
:1074F000435F414842314C50454E52005243435F36
:107500004148423152535452005243435F41484232
:1075100032454E52005243435F414842324C50453F
:107520004E52005243435F4148423252535452003C
:107530005243435F41484233454E52005243435FFA
:10754000414842334C50454E52005243435F4148FC
:10755000423352535452005243435F4150423145EB
:107560004E52005243435F415042314C50454E52BF
:10757000005243435F4150423152535452005243F0
:10758000435F41504232454E52005243435F4150A7
:1075900042324C50454E52005243435F41504232BA
:1075A00052535452005243435F42444352005243A9
:1075B000435F43464752005243435F4349520052A0
:1075C00043435F4352005243435F4353520052438D
:1075D000435F44434B43464752005243435F504C42
:1075E0004C43464752005243435F504C4C49325340
:1075F00043464752005243435F535343475200525E
:10760000474235363500525443005254435F414C93
:10761000524D4152005254435F414C524D415353DD
:1076200052005254435F414C524D42520052544317
:107630005F414C524D42535352005254435F424BB0
:10764000503052005254435F424B5031305200523E
:1076500054435F424B50313152005254435F424BCE
:1076600050313252005254435F424B50313352003A
:107670005254435F424B50313452005254435F42A4
:107680004B50313552005254435F424B50313652C9
:10769000005254435F424B50313752005254435FC3
:1076A000424B50313852005254435F424B503139B3
:1076B00052005254435F424B503152005254435F88
:1076C000424B503252005254435F424B50335200AF
:1076D0005254435F424B503452005254435F424B2A
:1076E000503552005254435F424B50365200525470
:1076F000435F424B503752005254435F424B503825
:1077000052005254435F424B503952005254435F2F
:1077100043414C494252005254435F43414C520052
:107720005254435F4352005254435F4452005254F8
:10773000435F495352005254435F505245520052E6
:1077400054435F534849465452005254435F535385
:1077500052005254435F5441464352005254435FD7
:107760005452005254435F54534452005254435FA6
:107770005453535352005254435F54535452005283
:1077800054435F575052005254435F575554520070
:107790005254530052696E67494F005344494F0099
:1077A000534C41564500534F434B5F444752414D64
:1077B00000534F434B5F52415700534F434B5F536E
:1077C000545245414D00534F46545F524553455422
:1077D00000534F4C5F534F434B455400534F5F4250
:1077E000524F41444341535400534F5F4B45455022
:1077F000414C49564500534F5F52435654494D45FD
:107800004F00534F5F524555534541444452005336
:107810004F5F534E4454494D454F00535049340037
:107820005350495F435231005350495F4352320035
:107830005350495F4352435052005350495F4452A2
:10784000005350495F493253434647520053504911
:107850005F4932535052005350495F52584352438C
:1078600052005350495F5352005350495F5458439C
:10787000524352005354415F4946005357005359F5
:1078800053434647005359534346475F434D504384
:1078900052005359534346475F4558544943523069
:1078A000005359534346475F4558544943523100AA
:1078B0005359534346475F45585449435232005346
:1078C00059534346475F455854494352330053592F
:1078D000534346475F4D454D524D50005359534316
:1078E00046475F504D4300536572766F005369679A
:1078F0006E616C00536F667449324300536F667457
:107900005350490053746F704173796E63497465C5
:10791000726174696F6E00537472696E67494F00CB
:107920005377697463680054494D5F415252005463
:10793000494D5F424454520054494D5F43434552C0
:107940000054494D5F43434D52310054494D5F430C
:10795000434D52320054494D5F4343523100544924
:107960004D5F434352320054494D5F43435233000D
:1079700054494D5F434352340054494D5F434E5484
:107980000054494D5F4352310054494D5F435232D8
:107990000054494D5F4443520054494D5F444945AA
:1079A000520054494D5F444D41520054494D5F458A
:1079B00047520054494D5F4F520054494D5F505358
:1079C000430054494D5F5243520054494D5F534D5B
:1079D00043520054494D5F5352005461736B00543D
:1079E00061736B51756575650054657874494F57BF
:1079F0007261707065720054696D65720054696DD2
:107A000065724368616E6E656C0055415254005555
:107A1000494E540055494E54363400554C4F4E474C
:107A200000554C4F4E474C4F4E4700555341525412
:107A3000310055534152545F425252005553415206
:107A4000545F4352310055534152545F4352320008
:107A500055534152545F4352330055534152545F82
:107A600044520055534152545F47545052005553AD
:107A70004152545F5352005553425F4F54475F4643
:107A800053005553484F525400556E69636F6465F7
:107A90004572726F7200564F4944005666734661D4
:107AA00074005669706572547970654572726F72B0
:107AB00000574454005744545F52455345540057AF
:107AC00057444700575744475F434652005757446F
:107AD000475F435200575744475F5352005A4C493F
:107AE00042005F5F61656E7465725F5F005F5F613A
:107AF000657869745F5F005F5F61697465725F5F7D
:107B0000005F5F616C6C5F5F005F5F616E657874E2
:107B10005F5F005F5F62617365735F5F005F5F62FD
:107B200075696C645F636C6173735F5F005F5F6452
:107B3000656C5F5F005F5F64656C617474725F5F4A
:107B4000005F5F646963745F5F005F5F66696C65B7
:107B50005F5F005F5F676C6F62616C735F5F005FA8
:107B60005F696D706F72745F5F005F5F70617468F2
:107B70005F5F005F5F7265706C5F7072696E745FEB
:107B80005F005F5F72657665727365645F5F005F5B
:107B90005F7365745F6E616D655F5F005F5F7365E6
:107BA00074617474725F5F005F5F747261636562B9
:107BB00061636B5F5F005F6173796E63696F005F24
:107BC0006275696C64005F6D616368696E65005F12
:107BD0006D7079005F6F6E6577697265005F7461C3
:107BE000736B5F7175657565006132625F626173A9
:107BF000653634006162735F746F6C006163636546
:107C000070740061636F730061636F736800616417
:107C100064725F73697A6500616464726573736F1F
:107C2000660061660061665F6C69737400616C690F
:107C3000676E00616C6C6F635F656D657267656E22
:107C400063795F657863657074696F6E5F6275668E
:107C500000616C7400616E645F00616E676C65004A
:107C6000617070656E646C65667400617267760041
:107C70006173696E006173696E680061736D5F7432
:107C800068756D6200617372006174616E00617489
:107C9000616E32006174616E68006232615F6261C0
:107CA000736536340062617564726174650062697F
:107CB000670062696E0062696E6173636969006280
:107CC000696E640062697473747265616D00626CE0
:107CD00000626C697400626F6F746C6F61646572CE
:107CE00000626F756E645F6D6574686F64006272C8
:107CF0006B006275666665720062756666657269BC
:107D00006E67006278006279746561727261795F92
:107D1000617400627974656F72646572006279746F
:107D200065735F61740063616C6373697A65006396
:107D3000616C6962726174696F6E0063616C6C6220
:107D400061636B0063616E63656C00636170747581
:107D50007265006365696C0063656E7465720063CB
:107D6000686469720063686F69636500636C6F7350
:107D700075726500636C7A00636D61746800636F8F
:107D80006C6C65637400636F6C6C656374696F6EB3
:107D90007300636F6D7061726500636F6D70696C05
:107DA0006500636F6D706C657800636F70797369DF
:107DB000676E00636F726F00636F756E746572003B
:107DC000636F756E747279006370736964006370B9
:107DD00073696500637263006372633332006372B8
:107DE0006338006375725F7461736B006461746102
:107DF000006461746574696D6500646561647469CB
:107E00006D65006465636F64650064656570736CBF
:107E1000656570006465666C6174650064656772B1
:107E2000656573006465696E69740064656C61748E
:107E300074720064656C6574657200646571756563
:107E4000006468745F72656164696E746F00646970
:107E500063745F766965770064696765737400644D
:107E6000697361626C650064697361626C655F6906
:107E70007271006469736361726400646D610064AF
:107E80006F630064756D700064756D707300647568
:107E9000707465726D00647574795F6E73006475DB
:107EA00074795F75313600656C61707365645F6D00
:107EB0006963726F7300656C61707365645F6D698F
:107EC0006C6C697300656C6C6970736500656E61DC
:107ED000626C6500656E61626C655F6972710065F8
:107EE0006E636F646500656E756D657261746500C3
:107EF0006572660065726663006572726E6F00651A
:107F000072726F72636F6465006578656366696C31
:107F1000650065786974006578706D31006661622E
:107F200073006661756C745F646562756700666591
:107F300065640066696C6C0066696C6C5F72656391
:107F4000740066696C746572006669727374626944
:107F50007400666C61677300666C6F6F7200666CAC
:107F60006F7700666C75736800666D6F640066728B
:107F7000616D656275660066726578700066726F25
:107F80006D6865780066726F6D6B657973006672F7
:107F90006F7A656E7365740066756E6374696F6E73
:107FA0000067630067656E63616C6C0067656E6592
:107FB0007261746F720067657461646472696E6681
:107FC0006F006765746377640067657472616E64DF
:107FD00062697473006765747465720067657476AE
:107FE000616C756500676D74696D65006770696FB8
:107FF0000067726F75700068617264006861726416
:108000005F726573657400686173686C69620068AB
:108010006561705F6C6F636B00686561705F756E42
:108020006C6F636B00686561706966790068656193
:1080300070706F7000686561707075736800686556
:108040006170710068656C70006869676800686CD1
:10805000696E650069646C650069676E6F726500C2
:10806000696C69737464697200696D616700696D38
:10807000706C656D656E746174696F6E00696E64B5
:108080006963657300696E70757400696E74656EFE
:108090007369747900696E74657273656374696F6E
:1080A0006E00696E74657273656374696F6E5F7577
:1080B000706461746500696E7665727400696F63DF
:1080C000746C0069706F6C6C0069735F72656164D9
:1080D00079006973636C6F73650069736469736AAF
:1080E0006F696E74006973656E61626C65640069C6
:1080F0007366696E697465006973696E6600697399
:108100006E616E0069737375627365740069737371
:1081100075706572736574006974656D73697A65ED
:10812000006A736F6E006B62645F696E7472006BDD
:10813000656570656E6473006C6162656C006C648B
:10814000657870006C647262006C64726578006CB3
:10815000647268006C656E677468006C67616D6D51
:1081600061006C6962635F766572006C6967687450
:10817000736C656570006C697374656E006C6F611B
:1081800064006C6F616473006C6F63616C74696D23
:1081900065006C6F673130006C6F6732006C736C18
:1081A000006C7372006D616B6566696C65006D6172
:1081B00070706572006D6178006D6178696D756DC4
:1081C00020726563757273696F6E20646570746880
:1081D000206578636565646564006D617873697AAC
:1081E00065006D656D3136006D656D3332006D650E
:1081F0006D38006D656D5F6164647273697A6500E6
:108200006D656D5F616C6C6F63006D656D5F626164
:10821000636B7570006D656D5F66726565006D6599
:108220006D5F696E666F006D656D5F72656164009C
:108230006D656D5F7772697465006D656D6164640D
:1082400072006D656D6F727976696577006D696E24
:10825000006D69736F006D6B646972006D6B66739E
:10826000006D6B74696D65006D6F6466006D6F64A1
:10827000696679006D6F64756C65006D6F64756C0F
:108280006573006D6F7369006D6F7674006D6F7646
:1082900077006D6F767774006E616D6564747570CC
:1082A0006C65006E616D6573006E61746976650062
:1082B0006E6574776F726B006E65776C696E6500C2
:1082C0006E6F64656E616D65006E6F70006E7373C6
:1082D000006F6374006F6666006F70745F6C657624
:1082E000656C007061636B5F696E746F00706174C0
:1082F00068007065656B0070656E645F7468726FAE
:10830000770070685F6B65790070686173650070F5
:10831000690070696E00706978656C00706C6174DA
:10832000666F726D00706F6C617200706F6C61725D
:1083300069747900706F6C7900706F706C65667429
:10834000007072657363616C6572007072696E743F
:108350005F657863657074696F6E0070726F7065C9
:10836000727479007073310070733200707472002F
:1083700070747231360070747233320070747238F7
:108380000070756C6C0070756C73655F77696474F0
:10839000680070756C73655F77696474685F6E738D
:1083A0000070756C73655F77696474685F7065727F
:1083B00063656E740070756C73655F77696474686B
:1083C0005F75730070776D00707962007079746802
:1083D0006F6E5F636F6D70696C657200717374723C
:1083E0005F696E666F0072616469616E73007261CD
:1083F0006E64696E740072616E646F6D0072616E9E
:108400006472616E676500726269740072656164AE
:108410005F6275665F6C656E00726561645F63685C
:10842000616E6E656C00726561645F636F72655F3B
:1084300074656D7000726561645F636F72655F760D
:1084400062617400726561645F636F72655F76720A
:10845000656600726561645F74696D65640072656C
:1084600061645F74696D65645F6D756C74690072D9
:108470006561645F75313600726561645F7672654F
:108480006600726561646269740072656164626C41
:108490006F636B7300726561646279746500726505
:1084A000616463686172007265616466726F6D0019
:1084B0007265616466726F6D5F696E746F0072657C
:1084C000616466726F6D5F6D656D00726561646693
:1084D000726F6D5F6D656D5F696E746F007265615F
:1084E000646C696E657300726561646F6E6C7900AF
:1084F0007265616C007265637666726F6D0072659D
:108500006700726567730072656C5F746F6C0072F0
:10851000656C656173650072656E616D650072659D
:10852000706C5F696E666F007265706C5F7561720A
:10853000740072657365745F63617573650072655D
:1085400076657273656400726D64697200726F752E
:1085500074650072706172746974696F6E0072780C
:10856000627566007363616E007363686564756C41
:10857000650073636B0073636C007363726F6C6C84
:108580000073646100736469760073656172636887
:10859000007365656B0073656C6563740073656E6D
:1085A000645F726563760073656E64616C6C007302
:1085B000656E64627265616B0073656E64746F00F2
:1085C000736570617261746F727300736572766F38
:1085D00000736574626C6F636B696E6700736574BA
:1085E000736F636B6F70740073657474657200737E
:1085F000657474696D656F757400736861323536C2
:108600000073696E676C650073697A656F660073E5
:108610006C6565705F6D7300736C6565705F757315
:1086200000736C69636500736F66745F7265736570
:108630007400736F757263655F6672657100737045
:108640006565640073706C69746C696E6573007342
:108650007461636B5F757365007374616E646279D6
:108660000073746174007374617465007374617471
:108670007666730073746465727200737464696EF5
:10868000007374646F75740073746D007374726238
:108690000073747265780073747268007374727515
:1086A000637400737562007377696E740073796D1B
:1086B0006D65747269635F646966666572656E6331
:1086C000650073796D6D65747269635F6469666670
:1086D0006572656E63655F7570646174650073795A
:1086E000736E616D65007461750074656C6C007407
:1086F00068726573686F6C64007469636B5F687A35
:10870000007469636B735F616464007469636B73A5
:108710005F637075007469636B735F64696666009C
:108720007469636B735F6D73007469636B735F75FA
:10873000730074696D655F6E730074696D655F7059
:10874000756C73655F75730074696D656F75745FC3
:108750006368617200746F67676C65007472696743
:10876000676572007472756E63007478646F6E650D
:108770000075637479706573007564656C61790068
:108780007564697600756D6F756E7400756E616DD8
:108790006500756E6865786C69667900756E6966E6
:1087A0006F726D00756E696F6E00756E69717565BB
:1087B0005F696400756E6C696E6B00756E706163E5
:1087C0006B5F66726F6D00756E7265676973746555
:1087D00072007573797300757466380076636D7016
:1087E00000766376745F6633325F7333320076638C
:1087F00076745F7333325F66333200766572736905
:108800006F6E0076657273696F6E5F696E666F007A
:10881000766970657200766C647200766C696E655C
:1088200000766D6F7600766D727300766E65670008
:10883000767371727400767374720077616B65750C
:1088400070007766690077726974655F726561644C
:10885000696E746F0077726974656269740077720B
:10886000697465626C6F636B7300777269746562BB
:1088700079746500777269746563686172007772F4
:10888000697465746F007772697465746F5F6D6584
:108890006D00777269746576746F007B3A23627D30
:1088A000005F5F6469725F5F003C6D6F64756C654B
:1088B0003E005F5F63616C6C5F5F005F5F636C6174
:1088C00073735F5F005F5F64656C6974656D5F5FA4
:1088D000005F5F656E7465725F5F005F5F657869FA
:1088E000745F5F005F5F676574617474725F5F00DF
:1088F0005F5F6765746974656D5F5F005F5F686186
:1089000073685F5F005F5F696E69745F5F005F5FE0
:10891000696E745F5F005F5F697465725F5F005FBF
:108920005F6C656E5F5F005F5F6D61696E5F5F00CA
:108930005F5F6D6F64756C655F5F005F5F6E616D3B
:10894000655F5F005F5F6E65775F5F005F5F6E65AD
:1089500078745F5F005F5F7175616C6E616D655FFC
:108960005F005F5F726570725F5F005F5F73657469
:108970006974656D5F5F005F5F7374725F5F004174
:10898000726974686D657469634572726F720041D3
:108990007373657274696F6E4572726F72004174A1
:1089A000747269627574654572726F7200454F46E4
:1089B0004572726F7200456C6C697073697300491F
:1089C0006D706F72744572726F7200496E64656E7D
:1089D000746174696F6E4572726F7200496E64657E
:1089E000784572726F72004B65794572726F7200D2
:1089F0004B6579626F617264496E746572727570ED
:108A000074004C6F6F6B75704572726F72004D65BC
:108A10006D6F72794572726F72004E616D6545724D
:108A2000726F72004E6F6E6554797065004E6F7490
:108A3000496D706C656D656E7465644572726F72B8
:108A4000004F534572726F72004F766572666C6F9D
:108A5000774572726F720052756E74696D654572FA
:108A6000726F720053796E7461784572726F720022
:108A700053797374656D457869740056616C7565DA
:108A80004572726F72005A65726F446976697369D4
:108A90006F6E4572726F7200616E79006170706501
:108AA0006E6400626F6F6C006275696C74696E73DE
:108AB00000627974656172726179006279746563CC
:108AC0006F64650063616C6C61626C650063687201
:108AD00000636C6173736D6574686F6400636C65CB
:108AE000617200636F6E737400636F707900646904
:108AF000766D6F6400656E6473776974680065767F
:108B0000616C006578656300657874656E64006605
:108B10006F726D61740066726F6D5F6279746573F8
:108B2000006765746174747200676C6F62616C7366
:108B30000068617361747472006861736800696EC3
:108B400073657274006973616C7068610069736445
:108B500069676974006973696E7374616E63650037
:108B600069736C6F77657200697373706163650018
:108B70006973737562636C61737300697375707088
:108B80006572006A6F696E006C6974746C65006C64
:108B90006F63616C73006C7374726970006D6169EE
:108BA0006E006D6170006D6963726F707974686FCB
:108BB0006E006E657874006F626A656374006F7032
:108BC000656E00706F706974656D00706F7700700E
:108BD00072696E7400726561646C696E65007265BD
:108BE0006D6F7665007265706C61636500726570AB
:108BF000720072657665727365007266696E6400F4
:108C000072696E64657800726F756E64007273705D
:108C10006C697400727374726970007365700073AC
:108C20006574617474720073657464656661756CF3
:108C30007400736F727400736F7274656400737480
:108C4000617274007374617274737769746800730D
:108C500074617469636D6574686F640073746F70B8
:108C60000073756D00737570657200746F5F627963
:108C7000746573007574662D38007A6970003C6401
:108C8000696374636F6D703E003C67656E657870F4
:108C9000723E003C6C616D6264613E003C6C6973C5
:108CA00074636F6D703E003C736574636F6D703EEE
:108CB000005F5F6162735F5F005F5F6164645F5F5D
:108CC000005F5F616E645F5F005F5F626F6F6C5F2C
:108CD0005F005F5F636F6D706C65785F5F005F5F03
:108CE000636F6E7461696E735F5F005F5F64656C74
:108CF0006574655F5F005F5F6469766D6F645F5F79
:108D0000005F5F65715F5F005F5F666C6F61745FDE
:108D10005F005F5F666C6F6F726469765F5F005FB4
:108D20005F67655F5F005F5F6765745F5F005F5FE0
:108D300067745F5F005F5F696164645F5F005F5FCE
:108D4000696E766572745F5F005F5F697375625FFD
:108D50005F005F5F6C655F5F005F5F6C7368696693
:108D6000745F5F005F5F6C745F5F005F5F6D617475
:108D70006D756C5F5F005F5F6D6F645F5F005F5F6D
:108D80006D756C5F5F005F5F6E655F5F005F5F6E5C
:108D900065675F5F005F5F6F725F5F005F5F706F4F
:108DA000735F5F005F5F706F775F5F005F5F72612F
:108DB00064645F5F005F5F72616E645F5F005F5F4E
:108DC00072666C6F6F726469765F5F005F5F726C72
:108DD00073686966745F5F005F5F726D61746D7563
:108DE0006C5F5F005F5F726D6F645F5F005F5F72FB
:108DF0006D756C5F5F005F5F726F725F5F005F5FDA
:108E000072706F775F5F005F5F727273686966741C
:108E10005F5F005F5F7273686966745F5F005F5FCA
:108E2000727375625F5F005F5F727472756564690B
:108E3000765F5F005F5F72786F725F5F005F5F7386
:108E400065745F5F005F5F7375625F5F005F5F7493
:108E50007275656469765F5F005F5F786F725F5FF0
:108E600000747275650066616C73650028295B5D2E
:108E70007B7D2C3B7E3A653D3C653D633C653D3EDC
:108E8000653D633E653D2A653D632A653D2B653D35
:108E90002D653D653E26653D7C653D2F653D632F17
:108EA000653D25653D5E653D40653D3D653D212E49
:108EB000002E666F726D61742800FF756E69636FB6
:108EC0006465CB657363617065730046616C73653F
:108ED0000054727565005F5F64656275675F5F006F
:108EE000616E640061730061737365727400617315
:108EF000796E6300617761697400636F6E74696E87
:108F000075650064656C00656C696600656C736509
:108F1000006578636570740066696E616C6C7900D9
:108F2000696D706F7274006C616D626461006E6F68
:108F30006E6C6F63616C006E6F74007061737300B0
:108F400072657475726E007768696C6500FF899A46
:108F5000636F6E7374616E7400756E6578706563AF
:108F600074656420696E64656E7400FF756E696E69
:108F700064656E74826D6174636820616E79206FC0
:108F80007574657220696E64656E74206C657665B3
:108F90006C006D616C666F726D656420662D737414
:108FA00072696E6700FF84B700FF2A78868DAE7401
:108FB000617267657400FF27627265616B272F27F6
:108FC000636F6E74696E756527B26C6F6F7000FFAA
:108FD000AFCE617320676C6F62616C00FFB962692C
:108FE0006E64696E679BD5F000FFAFCE6173D500EC
:108FF000FFC6928500FFFB868DA3AF00FF806465EE
:10900000636C617265D5A16F75746572E000FF27AE
:109010007969656C6427B28800FFA76B65793A7639
:10902000616C75659B6469637400FFA76A757374EE
:109030009AAD9BF700FF6E6F6E2D64656661756C6F
:109040007483666F6C6C6F7773DB8300FF277265C8
:109050007475726E27B28800FF8064656C657465F4
:10906000FE00FF83CB72657573656400FF696E6CEB
:10907000696E6520617373656D626C6572868D9A29
:109080008800FFC69200FFC8FB868DA3AF00FFA734
:10909000A3617373656D626C6572F300FF276C6189
:1090A00062656C27AC318300FFF4CE00FF27616C52
:1090B00069676E27AC318300FF276461746127AC58
:1090C000DF6C6561737420328700FF27646174610F
:1090D00027ACA88700FF8061737369676E90FE00FC
:1090E000FFD32A78A1AE00FF6173796E6320666FAB
:1090F000722F77697468B26173796E638800FFDBE1
:109100002765786365707427868D6C61737400FFC2
:109110002AA5C12A2A00FF2AA5C16B7761726700C0
:10912000FF9C6D616E79206172677300FF4C48533C
:109130008F97A5868DA3696400FF99A5C12A2A008F
:10914000FF99A5C197A500FF7375706572282980E6
:1091500066696E642073656C6600FF2761776169DC
:109160007427B28800FF846D6963726F70797468C8
:109170006F6E206465636F7261746F7200FFE52A21
:1091800089DF6D6F64756C65206C6576656C00FFBA
:1091900062797465636F6465BB00FF9C6D616E7975
:1091A000206C6F63616C739BB66D6574686F64004F
:1091B000FFF58575736564206265666F7265926BF5
:1091C0006E6F776E00FFFD908100FFF585C292857E
:1091D000DA736F75726365A48500FF276E6F74275D
:1091E000899600FF80646F20756E617279206F70C0
:1091F0008F8500FFB6726169736500FF86726169D1
:109200007365A38100FF80FF93859027626F6F6C69
:109210002700FFC8B885DAF2850063617374696E50
:109220006700FF6469762F6D6F6489969B75696E20
:109230007400FF636F6D70617269736F6E8FC3B07E
:1092400075696E7400FF62696E617279206F70DEFD
:10925000899600FF80646F2062696E617279206F69
:1092600070206265747765656E85B08500FFB6799C
:1092700069656C6400FF806C6F6164BF8500FF806E
:109280006C6F6164A285A000FF80F88500FF80F804
:10929000908500FF80F8A285A000FF8A94A36164F6
:1092A00064726573738F74686520666F726D205B7E
:1092B000612C20625D00FF8A94A3A800FF8AA83079
:1092C00078257882666974A16D61736B203078258A
:1092D0007800FF8A949AF400FFF4858964656669D2
:1092E0006E656400FF8A94DF6D6F7374207225646D
:1092F00000FF8A94A3465055D600FF8A949AD60060
:10930000FF8A947B72302C2072312C202E2E2E7DE1
:1093100000FF63616E206F6E6C79B47570903420BD
:10932000706172616D6574657273905468756D6279
:1093300020617373656D626C7900FF706172616D9D
:109340006574657273868D7265676973746572730F
:10935000A1BD723090723300415053525F6E7A63F8
:109360007600465053435200FF8A949A73706563A7
:1093700069616CD600FF915468756D62F38AA28CA6
:109380008700FF6272616E636889A1AB00FF696E3E
:10939000742829A532868D3E3D2032B03C3D2033D5
:1093A0003600FF84B79BA8A2626173658C00FF84BE
:1093B000B79BE600FFEB2E6D70792066696C650047
:1093C000FFEB2E6D7079206172636800FFCB85AA78
:1093D000646566696E656400FF91929B25713A8AA7
:1093E00000FF8A81AACF00FF657863657074696F9A
:1093F0006E7386646572697665BF42617365457890
:1094000063657074696F6E00FF928185C2B9A6852D
:1094100000FF8A81C2B9A68500FFB37261697365D6
:10942000642053746F70497465726174696F6E0063
:10943000FF8A81AA6974657261626C6500FF8A8126
:10944000AAA36974657261746F7200FFE36D6F7235
:1094500065207468616E8CE990756E7061636B0055
:10946000FF9C6D616E79E990756E7061636B202869
:1094700065787065637465642025642900FF80E564
:10948000CBDE00FF6D656D6F727920616C6C6F6370
:109490006174696F6E206661696C65642C20686513
:1094A0006170A46C6F636B6564006D656D6F72793C
:1094B00020616C6C6F636174696F6E206661696CAA
:1094C00065642C20616C6C6F636174696E67202524
:1094D0007520627974657300FFD4736869667420BF
:1094E000636F756E7400FF9174797065739B25715D
:1094F0003A20272573272C8A00FF64697669646502
:10950000206279E400FF83C2FA9200FF8093ED901D
:10951000C300FF888274616B65978700FF88746160
:109520006B65738C9987DA8C77657265F100FF88BB
:10953000C48C95998700FF88B8DF6D6F73748CFCBD
:10954000F28C00FF85839500FF65787472619987BE
:10955000F100FF65787472619787F100FF9761727F
:1095600067756D656E7428732989962DF96E6F7213
:109570006D616C206172677320696E7374656164DC
:10958000003C25713E0054726163656261636B202B
:10959000286D6F737420726563656E742063616CEF
:1095A0006C206C617374293A0A00202046696C654E
:1095B00020222571222C206C696E65202564002CE8
:1095C00020696E2025710A00FF8093ED90666C6F14
:1095D000617400FF8093ED90B100FF818AAA9AD751
:1095E000BAE200FF7265717565737465649F8CDA09
:1095F00081C29F8C00FFDE696E6469636573868D2E
:10960000696E7465676572732C89ED00FFDEA0CD0D
:109610008FAB00FF818F928AC2B96C656E282900DA
:10962000FF8A8182737570706F7274206974656DC2
:109630002064656C6574696F6E00FF8A81AA73751A
:109640006273637269707461626C6500FF8A818203
:10965000737570706F7274206974656DAE00FF81F0
:10966000A2C770726F746F636F6C950062797465D6
:1096700061727261792862006172726179282725AE
:109680006327002C205B002C2000FF6F6E6C79207C
:10969000736C69636573A2737465703D31202861D2
:1096A0006B61204E6F6E6529206172659E00FF6CB4
:1096B0006873B07268732073686F756C648D636FC4
:1096C0006D70617469626C6500FF61727261792FFF
:1096D0006279746573956F6E207269676874207320
:1096E00069646500FF6D656D6F72797669657720D5
:1096F0006F66667365749CD200FF9883776974689F
:109700006F7574A3656E636F64696E670025713D44
:10971000006A29006A00FF807472756E6361746567
:109720002D6469766964659AB1E600FFB164697673
:10973000696465206279E400FF302E30909AB17040
:109740006F77657200FFA900285B005D2900FF703C
:109750006F706974656D28293A2064696374696F54
:109760006E617279A4A900257128007B002200FF98
:109770006469637420757064617465BDC2FA9F008A
:10978000646963745F6974656D7300646963745FB1
:109790006B65797300646963745F76616C7565737A
:1097A000005B4572726E6F2025645D202571003C60
:1097B00066756E6374696F6E202571206174203048
:1097C0007825703E00FFB3D9657865637574696E5E
:1097D00067003C67656E657261746F72206F626AC4
:1097E00065637420272571272061742025703E0051
:1097F000FF8073656E64206E6F6E2D4E6F6E65AD6B
:10980000909A6A7573742D73746172746564B30091
:10981000FFB369676E6F7265642047656E6572613C
:10982000746F724578697400FF8093696E6690C3A7
:1098300000FF80934E614E90C300FF706F77282920
:10984000A23387AC696E74656765727300FFBB6392
:109850006F6E76657274696E67206C6F6E67C39009
:109860006D616368696E6520776F726400FF809335
:10987000D4C390756E7369676E656400FFAD776FD2
:10988000756C64BB9A8C62797465C700FF706F70E9
:10989000BFA9E2003C6D6F64756C652027257327B6
:1098A0002066726F6D20272573273E003C6D6F6424
:1098B000756C6520272573273E00FFA5868D75737F
:1098C00065722D7479706500FFB973756368A600C1
:1098D0006E756C6C00FF80F7A600FF756E65787082
:1098E000656374656497838500FF88F2D3E99B8381
:1098F0008500FFE4737465700072616E67652825EA
:10990000642C202564002C2025642900FF706F70D2
:10991000BFA3A9F70073657428290066726F7A6582
:109920006E7365742800736C6963652800FF736C3F
:109930006963652073746570808DE400FF80938592
:109940008190DEFF00FF6A6F696E949AE28F7374F4
:10995000722F6279746573206F626A656374732015
:10996000636F6E73697374656E74A273656C6681E0
:10997000006E6F6E2D68657820646967697400FFFA
:10998000C6656E636F64696E673ADE00FF63686187
:109990007289A172616E676528307831313030305C
:1099A0003029005C2563005C5C005C6E005C72002A
:1099B0005C74005C7825303278005C752530347832
:1099C00000FF6279746573ADCD8FAB00FF73756274
:1099D000737472696E6789F000FFA97365706172B4
:1099E00061746F7200FFFAE68F8700FF8BC59A647F
:1099F00069637400FF696E636F6D706C6574658B6D
:109A00006B657900FF696E636F6D706C6574658B53
:109A100000FF8B98C56D6F72658700FF2563C5C316
:109A2000BA6368617200FFA86E656564656400FFD3
:109A3000918B636861726163746572202725632767
:109A400020283078257829DFA08C00FF8B98646966
:109A5000646E277493616C6C87007273706C6974A8
:109A6000284E6F6E652C6E2900FF73696E676C65FA
:109A700020277D2720656E636F756E74657265643F
:109A8000A18B9800FF626164FD9D00FF756E6D61A2
:109A9000746368656420277B27A18B00FFB8273A91
:109AA00027C18B9D00FF80737769746368BF617500
:109AB000746F6D61746963D16E756D626572696E84
:109AC00067906D616E75616CD1E800FFD7A0CD8F96
:109AD000AB00FF61747472696275746573899E006E
:109AE000FF80737769746368BF6D616E75616CD157
:109AF000E8906175746F6D61746963D16E756D62A4
:109B00006572696E67003C3E3D5E00626364654558
:109B1000664667476E6F7378582500FF848B9D00FB
:109B2000FF7369676E89D8A1988B9D00FF73696781
:109B30006E89D8A2A88B9D27632700FFC68BE027DC
:109B40002563279B818F928A00FF273D2720616C28
:109B500069676E6D656E7489D8A1988B9D005C55A0
:109B60002530387800FF98696E6469636573868D67
:109B7000696E7465676572732C89ED00FF98A0CDDE
:109B80008FAB003C696F2E537472696E67494F202A
:109B9000307825783E003C696F2E427974657349B0
:109BA0004F20307825783E00FF492F4FCC6F6E2034
:109BB000636C6F7365642066696C65002C0063617B
:109BC0006C6C20737570657228292E5F5F696E69F1
:109BD000745F5F2829206669727374003C636C614E
:109BE000737320272571273E00FF756E72656164CF
:109BF00061626C65A6003C2573206F626A656374C0
:109C00002061742025703E003C73757065723A20A7
:109C100000FF8063726561746585696E7374616E3F
:109C200063657300FF8061646420737065636961BC
:109C30006C206D6574686F6490616C7265616479A5
:109C40002D737562636C6173736564EF00FF9285B9
:109C5000AAA361636365707461626C65206261735D
:109C6000659200FFD36261736573B4696E7374614A
:109C70006E6365206C61792D6F757420636F6E66FD
:109C80006C69637400FF9274616B65732031BA3341
:109C90008700FF5F5F696E69745F5F2829207368C2
:109CA0006F756C64C84E6F6E652C898A00FFECA5D9
:109CB00032868D9AEFBA9AD78F636C61737365732E
:109CC00000FFECA531868D9AEF00FF8189A1BD00D0
:109CD000FF73747265616DCC899E0062616420744B
:109CE000797065636F646500FF80706572666F727E
:109CF0006D2072656C6174697665E5002E66726F21
:109D00007A656E2F00FFB96D6F64756C65206E61AA
:109D10006D6564850062616420636F6D70696C6558
:109D2000206D6F646500506C757320616E79206DD5
:109D30006F64756C6573206F6E207468652066694A
:109D40006C6573797374656D0A006F626A6563741C
:109D50002000206973206F6620747970652025715A
:109D60000A00202D2D2000FFA5A4A3A9BD00FF6F90
:109D700072642829B89A6368617261637465722C91
:109D8000DA988F9F8CF000FF86F997839B6B65793B
:109D90008800FF6D61746820646F6D61696ED0002A
:109DA000FFD4666163746F7269616C007374616380
:109DB0006B3A202575206F7574206F662025750A13
:109DC000007173747220706F6F6C3A206E5F706FE9
:109DD0006F6C3D25752C206E5F717374723D257517
:109DE0002C206E5F7374725F646174615F6279745A
:109DF00065733D25752C206E5F746F74616C5F62B6
:109E0000797465733D25750A007363686564756CC4
:109E1000652071756575652066756C6C00FFC79C63
:109E2000736D616C6C007079626F617264004E5585
:109E3000434C454F5F46343031524500332E342E6B
:109E4000303B204D6963726F507974686F6E207675
:109E5000312E32392E30206F6E20323032362D3096
:109E6000382D323400FF88C495998323256400FF80
:109E700088C49597838500FF88C46B6579776F7276
:109E8000642D6F6E6C7983000A2573005461736BC7
:109E900020657863657074696F6E207761736E27D3
:109EA000742072657472696576656400302E312E97
:109EB0003000444854313100444854323200444860
:109EC0005442617365004576656E7400494F517563
:109ED000657565004C6F636B004C6F636B206E6F34
:109EE00074206163717569726564004C6F6F7000F6
:109EF0004D415443485F524F4D004F6E6557697254
:109F000065004F6E65576972654572726F720050D9
:109F1000524F544F434F4C5F544C535F434C494551
:109F20004E54005345415243485F524F4D00534BEE
:109F300049505F524F4D0053534C436F6E746578D8
:109F400074005365727665720053696E676C657450
:109F50006F6E47656E657261746F720053747265DF
:109F6000616D0053747265616D5265616465720064
:109F700053747265616D57726974657200546872CA
:109F800065616453616665466C61670054696D651F
:109F90006F75744572726F72005F52656D6F766592
:109FA000005F5F76657273696F6E5F5F005F6174FB
:109FB000747273005F64657175657565005F656EC9
:109FC0007175657565005F6578635F636F6E746555
:109FD0007874005F6578635F68616E646C657200B9
:109FE0005F696F5F7175657565005F6F77005F70A2
:109FF000726F6D6F74655F746F5F7461736B005F18
:10A0000072756E005F7365617263685F726F6D0079
:10A010005F7365727665005F73746F705F746173F0
:10A020006B005F73746F707065720061636C6F7347
:10A03000650061637175697265006173796E63694A
:10A040006F2F5F5F696E69745F5F2E707900617357
:10A05000796E63696F2F636F72652E70790061731B
:10A06000796E63696F2F6576656E742E7079006105
:10A0700073796E63696F2F66756E63732E707900E6
:10A080006173796E63696F2F6C6F636B2E707900EB
:10A090006173796E63696F2F73747265616D2E7071
:10A0A0007900617700617772697465737472006218
:10A0B00061636B6C6F670063616C6C5F657863658F
:10A0C0007074696F6E5F68616E646C657200636165
:10A0D0006E2774206761746865720063620063684C
:10A0E00065636B73756D206572726F7200636F725A
:10A0F0006500636F726F3D00636F726F7574696E98
:10A100006520657870656374656400637265617469
:10A11000655F7461736B0063757272656E745F74F2
:10A1200061736B0064656661756C745F6578636507
:10A130007074696F6E5F68616E646C6572006468EC
:10A14000742E707900646F5F68616E647368616B10
:10A15000655F6F6E5F636F6E6E65637400647261DE
:10A16000696E0064740065737000657863006578DB
:10A17000635F747970650066756E637300667574ED
:10A18000757265006675747572653A006765745F0F
:10A190006576656E745F6C6F6F70006765745F6580
:10A1A0007863657074696F6E5F68616E646C657208
:10A1B000006765745F65787472615F696E666F00D1
:10A1C000686F73740068756D696469747900696497
:10A1D000780069735F736574006C5F726F6D006DFA
:10A1E00061696E5F7461736B006D65617375726533
:10A1F000006D657373616765006E65775F65766591
:10A200006E745F6C6F6F70006E6F2072756E6E692A
:10A210006E67206576656E74206C6F6F70006F6E70
:10A2200065776972652E7079006F70656E5F636F18
:10A230006E6E656374696F6E006F75745F627566CC
:10A2400000706565726E616D6500706F6C6C657233
:10A250000071756575655F7265616400717565751E
:10A26000655F7772697465007265616465786163C2
:10A27000746C7900726571756972656400726574D9
:10A2800075726E5F657863657074696F6E73007266
:10A29000756E5F666F72657665720072756E5F755A
:10A2A0006E74696C5F636F6D706C65746500727558
:10A2B0006E715F6C656E0073656C6563745F726F61
:10A2C0006D007365727665725F686F73746E616D31
:10A2D00065007365727665725F73696465007365A6
:10A2E000745F657863657074696F6E5F68616E64D2
:10A2F0006C6572007367656E0073736C00737461D4
:10A3000072745F7365727665720073747265616DE5
:10A310005F61777269746500737A007462007465B6
:10A320006D7065726174757265007469636B73003A
:10A33000756173796E63696F2E70790077616974E6
:10A340005F636C6F73656400776169745F666F72D9
:10A3500000776169745F666F725F6D730077616922
:10A36000745F696F5F6576656E74007761697465A7
:10A37000720077616974696E670077616974715FF3
:10A380006C656E00777261705F736F636B657400EC
:10A390003C4144432575206368616E6E656C3D25C4
:10A3A000753E00FFC0646F657389B4C9BE00FF4984
:10A3B0003243CC899E00FF846164647273697A655C
:10A3C00000536F66744932432873636C3D25712CCA
:10A3D000207364613D25712C20667265713D257581
:10A3E0002900FF6861726420495251950049324347
:10A3F0005461726765742825752C20616464723D10
:10A40000257529006D656D5F6164647273697A6595
:10A41000206D75737420626520302C20382C20311B
:10A42000362C203234206F7220333200FF61646496
:10A43000726573732025303878A489616C69676E02
:10A440006564908C6279746573003C25752D626932
:10A4500074206D656D6F72793E00FF847265676967
:10A460006F6E003C50574D2054494D25755F434851
:10A4700025753E00FFE19C736D616C6C00FFE19CF3
:10A48000D200FFC082B450574DBE00FF62756666B1
:10A49000657273868D7468652073616D659F005366
:10A4A0006F66745350492862617564726174653DCA
:10A4B00025752C20706F6C61726974793D25752C3F
:10A4C0002070686173653D25752C20666972737410
:10A4D0006269743D25752C2073636B3D25712C20BA
:10A4E0006D6F73693D25712C206D69736F3D25710A
:10A4F0002900FF62697473868D3800FF867370656A
:10A500006369667920616C6C8FE70054696D6572D0
:10A51000286D6F64653D25712C20706572696F64CC
:10A520003D25752900FF706572696F649CD200FF3C
:10A5300054696D6572828E00FF91636F6D62696E02
:10A540006174696F6E8F62697473B07061726974DF
:10A550007900FF5541525428256429828E00FF5509
:10A56000415254A4737461746963B0727862756601
:10A57000808D6368616E67656400FFF76261756472
:10A58000726174658CA48977697468696E20352559
:10A59000258F64657369726564AD00FF68616E64E0
:10A5A0006C6572868D4E6F6E65BACF00FF747269EE
:10A5B00067676572203078253038789100FF554103
:10A5C000525428257329828E0055415254282575EE
:10A5D0002900554152542825752C206261756472FA
:10A5E0006174653D25752C20626974733D25752C59
:10A5F000207061726974793D002C2073746F703D16
:10A6000025752C20666C6F773D007C002C207469CA
:10A610006D656F75743D25752C2074696D656F755A
:10A62000745F636861723D25752C2072786275666F
:10A630003D2575003B206972713D3078257800FF1B
:10A64000574454DD9C73686F727400FF574454DDA7
:10A650009C6C6F6E6700FF574454DD9C6C6F6E6797
:10A660002C206D61782025756D7300FF57445428A8
:10A67000257129828E00FF57445428256429828E33
:10A6800000FF807761697400FFA96865617000FF51
:10A690008063616E63656C2073656C6600696E63D0
:10A6A0006F72726563742070616464696E6700FF25
:10A6B0008B00776269747300FF848B00FF6861739D
:10A6C00068A466696E616C00FF68656170868D9A2A
:10A6D000E200FFB7D0A14A534F4E0049443D253018
:10A6E00032782530327825303278253032783A2564
:10A6F0003032782530327825303278253032783A49
:10A70000253032782530327825303278253032784D
:10A710000A0044455649443D3078253034780A5281
:10A72000455649443D3078253034780A00533D255C
:10A73000750A483D25750A50313D25750A50323D50
:10A7400025750A005F65746578743D25700A005FA1
:10A750007369646174613D25700A005F736461749C
:10A76000613D25700A005F65646174613D25700A72
:10A77000005F736273733D25700A005F65627373D7
:10A780003D25700A005F73737461636B3D25700A29
:10A79000005F65737461636B3D25700A005F7261D1
:10A7A0006D5F73746172743D25700A005F68656146
:10A7B000705F73746172743D25700A005F68656133
:10A7C000705F656E643D25700A005F72616D5F6544
:10A7D0006E643D25700A00717374723A0A20206E0F
:10A7E0005F706F6F6C3D25750A20206E5F7173740A
:10A7F000723D25750A20206E5F7374725F64617408
:10A80000615F62797465733D25750A20206E5F74FF
:10A810006F74616C5F62797465733D25750A0047DA
:10A82000433A0A002020257520746F74616C0A0079
:10A8300020202575203A2025750A002020313D254D
:10A840007520323D2575206D3D25750A004C465317
:10A8500020667265653A2025752062797465730AF1
:10A8600000FF84E10063616E2774206368616E6796
:10A8700065206672657100FFB9617661696C61621D
:10A880006C65204E494300312E32392E30006E6502
:10A89000776C6962004743432031362E312E3000F9
:10A8A0004D6963726F507974686F6E2D312E323935
:10A8B0002E302D61726D2D48414C312E31362E30A7
:10A8C0002D776974682D6E65776C6962342E362E2B
:10A8D0003000FFB9DB7365656400FF6269747386DD
:10A8E0008D3332BA6C657373003C6D61746368209C
:10A8F0006E756D3D25643E003C72652025703E00FE
:10A90000FF72656765789CB100FFD0A172656765CD
:10A910007800FF73706C697474696E67A2737562F6
:10A920002D6361707475726573003C736F636B6542
:10A93000742066643D25642074696D656F75743D8F
:10A94000256420646F6D61696E3D256420747970A3
:10A95000653D25642070726F746F3D256420626FC1
:10A96000756E643D25623E00FF6D6B74696D65C553
:10A970009AD78F9F38BA3900FF7469636B73206967
:10A980006E74657276616CBB00FFB7D0A17563749D
:10A99000797065732064657363726970746F720097
:10A9A000535452554354004552524F5200756E6BEA
:10A9B000003C7374727563742025732025703E000B
:10A9C000FF80756E616D626967756F75736C792054
:10A9D0006765742073697A656F66207363616C6163
:10A9E0007200FFDC80A000FFDCA0CD8FAB00FFDC9D
:10A9F000B96669656C647300FF8464757074657210
:10AA00006DA0006475707465726D3A20454F4620E4
:10AA100072656365697665642C2064656163746939
:10AA2000766174696E670A006475707465726D3A58
:10AA300020457863657074696F6E20696E20726559
:10AA400061642829206D6574686F642C20646561D9
:10AA5000637469766174696E673A20006475707416
:10AA600065726D3A20457863657074696F6E206910
:10AA70006E2077726974652829206D6574686F642B
:10AA80002C20646561637469766174696E673A202D
:10AA900000707962666C617368003C696F2E257383
:10AAA0002025703E00464154004641543332002276
:10AAB0002A3A3C3E3F7C7F002B2C3B3D5B5D00EB0C
:10AAC000FE904D53444F53352E30004E4F204E4193
:10AAD0004D45202020204641543332202020004E76
:10AAE0004F204E414D45202020204641542020201B
:10AAF00020200025752E25752E25752E257500FF25
:10AB000084870008080808001B5B2575001B5B4B49
:10AB100000556E636175676874206578636570744D
:10AB2000696F6E20696E204952512063616C6C62BE
:10AB300061636B2068616E646C65720A0004007466
:10AB40006F6F6B202575206D730A0072617720523C
:10AB500045504C3B204354524C2D4220746F20658D
:10AB60007869740D0A005201004F4B003B204E558E
:10AB7000434C454F2D463430315245207769746837
:10AB80002053544D33324634303178450054797077
:10AB900065202268656C7028292220666F72206DFE
:10ABA0006F726520696E666F726D6174696F6E2E6B
:10ABB0000D0A000D0A7061737465206D6F64653B4A
:10ABC000204374726C2D4320746F2063616E636543
:10ABD0006C2C204374726C2D4420746F2066696E57
:10ABE0006973680D0A3D3D3D2000636F756C6420FC
:10ABF0006E6F742066696E64206D6F64756C65207D
:10AC0000272573270A003C696F2E25732025643E93
:10AC1000000A464154414C204552524F523A0A00D4
:10AC2000626F6F742E7079006D61696E2E7079009D
:10AC30004D50593A2063616E2774206D6F756E74A4
:10AC400020666C6173680A00464154414C3A207595
:10AC50006E63617567687420657863657074696F89
:10AC60006E2025700A004D50593A2073796E63208A
:10AC700066696C6573797374656D730A004D50591C
:10AC80003A20736F6674207265626F6F740A0030C9
:10AC90003132333435363738396162636465660082
:10ACA000486172644661756C740D0A005230202050
:10ACB000202000523120202020005232202020204D
:10ACC0000052332020202000523132202020005317
:10ACD0005020202020004C522020202000504320D3
:10ACE0002020200058505352202000484653522024
:10ACF0002000434653522020004D4D464152200033
:10AD000042464152202000486172644661756C746D
:10AD100000537461636B3A0D0A004D656D4D616EB1
:10AD2000616765004275734661756C7400557361A7
:10AD300067654661756C74004D50593A2063616EC9
:10AD400027742063726561746520666C6173682086
:10AD500066696C6573797374656D0A0054696D6515
:10AD6000724368616E6E656C2874696D65723D250D
:10AD7000752C206368616E6E656C3D25752C206DA9
:10AD80006F64653D25712900FF63616C6C626163CE
:10AD90006B868D4E6F6E65BA9ACF8100FF86B47058
:10ADA0006F736974697665E100FF846368616E6E34
:10ADB000656C202825642900FFF683C5908D9A5084
:10ADC000696E9200FFC082B4A3616C749BCA00FFDD
:10ADD00084706F6C6172697479202825642900FF82
:10ADE000656E636F646572899E6F6E2074696D65B0
:10ADF000728C00FF846D6F6465202825642900FF34
:10AE00008673706563696679206569746865722008
:10AE1000667265712C20706572696F642CBA7072ED
:10AE2000657363616C6572B0706572696F6400FF11
:10AE3000CA828E0054696D6572282575290054698F
:10AE40006D65722825752C20667265713D25752CFF
:10AE5000207072657363616C65723D25752C20707E
:10AE60006572696F643D25752C206D6F64653D25A5
:10AE7000732C206469763D2575002C20646561641F
:10AE800074696D653D2575002C2062726B3D2573DC
:10AE9000002C2062726B3D42524B5F4F464600FFD2
:10AEA000E39A54696D65728100756E68616E646CB9
:10AEB000656420696E746572727570742053523DBA
:10AEC00030782530327820286E6F7720646973617E
:10AED000626C6564290A004C45442825752900FFE9
:10AEE0004C454428256429828E0050696E2850699B
:10AEF0006E2E6370752E25712C206D6F64653D502C
:10AF0000696E2E00414E414C4F4729002C20707530
:10AF10006C6C3D50696E2E2571002C20616C743D67
:10AF2000256429002C20616C743D50696E2E2571BA
:10AF30002900FF84F66D6F64653A8C00FF84F6701B
:10AF4000756C6C3A8C00FF84F661663A8C0050692F
:10AF50006E206D6170207061737365642070696E1E
:10AF60002000FF50696E2E6D6170706572206469FB
:10AF7000646E2774C89A50696E810050696E2E6D98
:10AF80006170706572206D617073200020746F2095
:10AF90000050696E2E6D61705F64696374206D612D
:10AFA0007073200050696E2E626F617264206D6153
:10AFB0007073200050696E2E637075206D61707320
:10AFC0002000FF50696E28257329828E00FF4932C8
:10AFD0004328257329828E00FF493243282564299E
:10AFE000828E00FF493243868D9A636F6E74726F52
:10AFF0006C6C65720049324328257529004932433B
:10B000002825752C204932432E434F4E54524F4C25
:10B010004C45522C2062617564726174653D2575E2
:10B0200029004932432825752C204932432E5045AA
:10B03000524950484552414C2C20616464723D3065
:10B0400078253032782900FF61646472839500FFAF
:10B0500053504928257329828E00FF5350492825D3
:10B060006429828E00535049282575002C205350A6
:10B07000492E434F4E54524F4C4C4552002C2062A7
:10B08000617564726174653D2575002C2070726570
:10B090007363616C65723D2575002C205350492EF9
:10B0A0005045524950484552414C002C20706F6C1D
:10B0B00061726974793D25752C2070686173653DF6
:10B0C00025752C20626974733D2575002C206372F0
:10B0D000633D3078257800FF72656376868D7361F5
:10B0E0006D659F61732073656E6400493243282546
:10B0F000752C2073636C3D25712C207364613D2594
:10B10000712C20667265713D257529005761726E3C
:10B11000696E673A20493243282D312C202E2E2E7D
:10B120002920697320646570726563617465642C9D
:10B130002075736520536F6674493243282E2E2E76
:10B140002920696E73746561640A00FF6578706C0C
:10B15000696369742063686F6963658F73636C2FBB
:10B16000736461A48996005761726E696E673A20B4
:10B17000535049282D312C202E2E2E292069732042
:10B18000646570726563617465642C2075736520F5
:10B19000536F6674535049282E2E2E2920696E73E2
:10B1A000746561640A00FF6578706C696369742076
:10B1B00063686F6963658FE7A4899600FFE39A551A
:10B1C0004152548100455854495F494D5220202036
:10B1D000253038780A00455854495F454D522020A3
:10B1E00020253038780A00455854495F525453524C
:10B1F0002020253038780A00455854495F4654537A
:10B20000522020253038780A00455854495F53575A
:10B2100049455220253038780A00455854495F5036
:10B220005220202020253038780A003C4578744987
:10B230006E74206C696E653D25753E00FFB5EA8C25
:10B240003C2031362CF99A50696E8100FFB5EA8CAA
:10B250003E3D206D61788F8C00FF84B54D6F646535
:10B260003A8C00FF84B550756C6C3A8C00FFB5EADF
:10B270008CA4D9A1F900FF495251207265736F75F2
:10B28000726365D974616B656E2062792050696E56
:10B2900028272571272900756E63617567687420FA
:10B2A000657863657074696F6E20696E2045787487
:10B2B000496E7420696E746572727570742068616D
:10B2C0006E646C6572206C696E652025750A00538A
:10B2D0007769746368282900FF77616B657570ADC5
:10B2E0009CD200FFEEADCD8FAB00466C6173682839
:10B2F0002900466C6173682873746172743D25750A
:10B300002C206C656E3D25752900FFEEA7312C20A1
:10B3100034BA36FCF28C003C536572766F2025758A
:10B3200020617420257575733E00FF536572766F3A
:10B3300028256429828E003C414443206F6E200002
:10B34000FFE3DF6C656173742031C900FF9F8FC913
:10B35000B0C76C697374732064696666657200FFB8
:10B3600073697A65B0928F62756666657273866D71
:10B370006174636800FFC082B4C9BE00FF899A7619
:10B38000616C6964C94368616E6E656C3A8C00FFDC
:10B390007265736F6C7574696F6E8C899E000000A6
:10B3A00047433A20746F74616C3A2025752C2075E0
:10B3B0007365643A2025752C20667265653A2025F0
:10B3C000750000000A204E6F2E206F6620312D621E
:10B3D0006C6F636B733A2025752C20322D626C6F75
:10B3E000636B733A2025752C206D617820626C6B3D
:10B3F00020737A3A2025752C206D6178206672655D
:10B400006520737A3A2025750A0000004743206DB5
:10B41000656D6F7279206C61796F75743B2066720F
:10B420006F6D2025703A00000A2020202020202067
:10B43000282575206C696E657320616C6C206672BE
:10B44000656529000A253038783A20002563000018
:10B45000FFF57661726961626C652072656665727E
:10B46000656E636564206265666F7265AE0000009C
:10B47000FFB9616374697665206578636570746986
:10B480006F6E907265726169736500006F70636FB3
:10B49000646500004CD20508D90000800A00000055
:10B4A0003B040000D4C9050898C505085A6B050877
:10B4B0005E6B0508626B0508676B05086F6B050816
:10B4C000766B0508816B0508856B05088D6B050893
:10B4D000956B05089E6B05088E7305089B6E050825
:10B4E000967305089B730508A0730508A5730508E6
:10B4F000A06E0508AE730508B2730508B67305089B
:10B50000BA730508BE730508C2730508C67305083B
:10B51000A36B0508A76B0508AC6B0508B86B05089D
:10B52000BF6B0508C76B0508CF6B0508D66B050810
:10B53000DE6B0508E76B0508F06B0508F96B05087D
:10B54000026C05080C6C0508166C0508206C0508D3
:10B550002A6C0508336C05083B6C0508456C05082A
:10B560004F6C0508586C0508616C05086A6C050885
:10B57000716C05087A6C0508836C05088C6C0508ED
:10B58000956C05089E6C0508A86C0508B26C05084A
:10B59000BB6C0508C46C0508CD6C0508D66C0508A5
:10B5A000DF6C0508E86C0508F16C0508FC6C050803
:10B5B000076D0508106D0508196D0508216D050852
:10B5C0002A6D0508306D0508366D05083A6D0508C9
:10B5D000496D0508506D0508566D05085C6D050838
:10B5E000CA730508CE730508D2730508D77305081A
:10B5F000DC730508E1730508E6730508EB730508BD
:10B60000EF730508F3730508F7730508FB73050866
:10B61000FF7305080374050807740508616D0508C4
:10B62000696D0508716D0508786D0508816D05085F
:10B630008A6D0508926D0508996D0508A06D0508CD
:10B64000AB6D0508B06D0508B96D050897AE050826
:10B65000C16D05080B740508C16C05081374050855
:10B66000187405081D740508227405082774050858
:10B670002C740508CA6C0508D36C050839740508D4
:10B680003D740508417405084574050849740508AA
:10B690004D740508C96D050872B00508D06D050820
:10B6A000DA6D0508E46D0508EE6D0508F26D050814
:10B6B000F96D0508006E0508086E05080C6E050892
:10B6C0001B6E05081E6E0508216E0508256E05080F
:10B6D000296E05082D6E0508316E0508356E0508C2
:10B6E00051740508396E05083C6E05083F6E050863
:10B6F000426E0508456E0508486E05084B6E050844
:10B700004E6E0508556E0508636E0508716E0508D6
:10B710007B6E0508896E0508996E05089E6E050802
:10B72000A36E0508AD6E0508B66E0508C06E050867
:10B730008D740508C96E0508D36E0508DA6E050814
:10B74000E56E0508EC6E0508F56E0508FB6E05084C
:10B75000086F0508156F0508206F0508276F050895
:10B76000346F0508406F0508476F05084B6F0508E3
:10B77000526F0508586F05085F6F0508656F05086B
:10B780006D6F0508746F05087B6F0508826F0508EB
:10B790008B6F0508966F05089C6F0508A66F050856
:10B7A000B26F0508BD6F0508D06F0508D56F050895
:10B7B000DE6F0508E86F0508F16F0508F96F0508E9
:10B7C000037005080E70050850720508157005080D
:10B7D0001B700508257005082E70050839700508CE
:10B7E0004570050852700508607005086970050805
:10B7F0007170050879700508807005088670050865
:10B80000927005089F700508A5700508AB700508C3
:10B81000B1700508B7700508BD700508C37005084C
:10B82000CD700508D7700508E1700508EC700508B3
:10B83000F7700508007105080A71050815710508FB
:10B840001E7105082B71050837710508427105083E
:10B850004B71050854710508587105085E74050898
:10B86000627405085D710508B46D0508F87805086F
:10B87000BF6C0508C86C0508D16C0508687105081F
:10B88000727105087A710508827105088A710508C8
:10B89000917105089A710508A3710508AC71050836
:10B8A000B4710508BC710508C6710508CE7105089C
:10B8B0005A740508E96E0508107A0508636D0508D5
:10B8C0006B6D0508157A0508736D0508D6710508B6
:10B8D000DD710508F1710508067205081372050887
:10B8E000217205082D7205083A720508457205088F
:10B8F000587205085F7205086A72050878720508B3
:10B900007D720508857205088D7205089672050816
:10B910009E720508A2720508AB720508B57205088B
:10B92000C0720508C8720508267A0508227A05083B
:10B93000BD6D0508E3720508D6720508DD720508BD
:10B94000E7720508F172050847710508FB720508E2
:10B9500001730508087305080D7305081C730508B5
:10B9600026730508377305084A73050856730508DA
:10B97000607305086A7305083E6D0508A26F050827
:10B98000737305087A730508817305088D730508BC
:10B9900091730508957305089A7305089F73050848
:10B9A000A4730508A9730508AD730508B1730508EC
:10B9B000B5730508B9730508BD730508C17305089B
:10B9C000C5730508C9730508CD730508D17305084B
:10B9D000D6730508DB730508E0730508E5730508F1
:10B9E000EA730508EE730508F2730508F673050897
:10B9F000FA730508FE730508027405080674050845
:10BA00000A7405080E7405081274050817740508F1
:10BA10001C74050821740508267405082B74050894
:10BA20003074050834740508387405083C7405083A
:10BA30004074050844740508487405084C740508EA
:10BA40005074050854740508A0B005085D74050815
:10BA500061740508657405086D740508757405083A
:10BA60007C740508847405088874050892740508B8
:10BA70009C740508A4740508A8740508B574050825
:10BA8000B9740508C5740508CC740508D474050894
:10BA9000D8740508B6770508DE740508E274050851
:10BAA000EE740508FC740508097505081575050888
:10BAB00023750508307505083C7505084A750508A5
:10BAC0005775050863750508717505087E750508C5
:10BAD0008A75050898750508A5750508AE750508E9
:10BAE000B7750508BF750508C6750508CE75050844
:10BAF000DA750508E6750508F5750508FF7505088A
:10BB00003E720508067605080A76050815760508CA
:10BB1000227605082D7605083A760508447605084C
:10BB20004F7605085A76050865760508707605088B
:10BB30007B76050886760508917605089C760508CB
:10BB4000A7760508B2760508BC760508C67605080E
:10BB5000D0760508DA760508E4760508EE7605085D
:10BB6000F8760508027705080C77050817770508A9
:10BB700020770508277705082E770508367705080A
:10BB80003F7705084A770508527705085C7705086E
:10BB9000637705086C770508767705087F770508D1
:10BBA0008777050890770508947705089B7705083F
:10BBB000837A0508A0770508A6770508B1770508F8
:10BBC000BA770508C6770508D1770508DC77050838
:10BBD000E9770508F6770508027805080F78050863
:10BBE00000790508DA6C0508E36C0508EC6C0508BB
:10BBF0001B7805082078050828780508307805089E
:10BC00003A780508417805084D7805085778050801
:10BC10006278050869780508747805087B78050856
:10BC20007E7805088578050892780508A1780508CA
:10BC3000B0780508BF780508CE780508DC780508D7
:10BC4000E7780508ED780508F4780508FC7805081C
:10BC5000047905081779050820790508756C050829
:10BC6000A26C0508AC6C05087E6C0508876C05089D
:10BC7000906C0508996C0508B66C050827790508CD
:10BC80002F79050838790508417905084B790508A9
:10BC9000557905085E790508677905087079050802
:10BCA0007979050881790508897905089179050868
:10BCB00099790508A2790508AB790508B3790508D3
:10BCC000BA790508C2790508CA790508D379050843
:10BCD000DA790508DF790508E9790508F7790508B3
:10BCE000FD7905080A7A05080F7A05087A6D0508B6
:10BCF000836D0508147A05088C6D05081B7A050804
:10BD0000217A0508727405082B7A0508F56C050878
:10BD1000006D0508327A05083C7A0508467A050860
:10BD2000507A05085A7A0508637A05086E7A05087C
:10BD3000777A0508827A0508897A0508967A0508CF
:10BD4000E96D05089B7A0508A27A0508B17A05080D
:10BD5000B57A0508BF7A0508C47A0508CD7A0508C2
:10BD6000D57A0508DD7A0508E27A0508ED7A050836
:10BD7000F77A0508017B0508097B0508137B050890
:10BD80001D7B05082D7B0508357B0508417B0508D3
:10BD90004A7B0508537B05085F7B05086A7B05081D
:10BDA000737B0508827B05088F7B05089C7B050853
:10BDB000A87B0508B67B0508BF7B0508C67B050880
:10BDC000CF7B0508D47B0508DD7B0508E97B0508EA
:10BDD000F47B0508FC7B0508037C0508087C050846
:10BDE000078705083D8205080E7C0508187C0508B4
:10BDF000F7810508227C0508257C05082D7C0508AF
:10BE0000337C0508517C0508557C05085A7C0508DB
:10BE1000607C05081C9105086B7C0508B58A05083F
:10BE2000B97C0508707C0508757C05087B7C0508D5
:10BE3000857C0508897C05088E7C0508947C0508AE
:10BE4000769605089A7C0508A57C0508AE7C050851
:10BE5000B27C0508B67C0508BF7C0508D07F0508C4
:10BE6000C47C0508CE7C0508D17C0508289E050801
:10BE7000D67C0508E17C0508EE7C0508F27C050807
:10BE8000F97C0508037D0508067D0508137D050876
:10BE90001D7D0508267D05082F7D05083B7D0508CD
:10BEA000447D05084B7D0508537D0508587D050830
:10BEB0001E8405085F7D0508657D05086C7D050805
:10BEC000747D0508787D0508DD870508057E050871
:10BED0007E7D0508867D0508927D05089A7D05080A
:10BEE000A27D050855A10508AA7D0508B37D0508B2
:10BEF000047C0508097C0508B87D0508C07D050897
:10BF0000C87D0508CE7D050811870508D47D050884
:10BF1000D87D0508DE7D0508E37D0508EC7D050874
:10BF2000F17D0508FA7D0508287F0508037E0508D0
:10BF30000A7E05082A8C0508147E05081C7E050863
:10BF4000247E05082B7E05087A870508337E0508C0
:10BF50003B7E0508417E05084E7E0508B78605082C
:10BF6000CC860508587E05085F7E0508677E0508B3
:10BF7000737E0508868505087B7E05087F7E05089B
:10BF80006C870508837E0508887E05088E7E050877
:10BF9000967E05089E7E0508EB8B0508A77E0508A2
:10BFA000B67E0508C57E0508CD7E0508D47E050849
:10BFB000DF7E050804970508E67E0508F07E050883
:10BFC000F47E0508F97E0508FF7E0508097F05084F
:10BFD000127F050840810508177F05081D7F0508A9
:10BFE000A29D0508227F05082E7F0508B79B05083E
:10BFF000337F0508387F0508427F0508497F05081B
:10C00000527F0508CD950508587F05085E7F050815
:10C01000637F0508697F05086E7F050872A805081B
:10C02000777F05087D7F0508857F05088E7F0508D9
:10C03000987F05085C810508A17F0508A47F050895
:10C04000AC7F0508B67F0508C27F0508C97F0508D3
:10C05000D57F0508DC7F0508E57F0508EC7F05082E
:10C06000F17F0508D89F0508F77F0508FC7F0508C4
:10C07000078005080F800508198005082580050838
:10C080002D800508358005083E8005084480050898
:10C09000817F050894870508498005084E800508BA
:10C0A000C9A2050854800508598005086080050864
:10C0B000698005086E8005087D800508FA800508FE
:10C0C000BBA10508267E0508858005088B8005082C
:10C0D00095800508A2800508B6800508BC7B050888
:10C0E000BD800508C3800508DB7E0508C9800508FA
:10C0F000D2800508DA800508E5800508EF8005088C
:10C10000F8800508FE800508048105080D810508F2
:10C110001881050834940508429405082181050812
:10C12000268105082F810508388105083E8105080C
:10C130001788050844810508498105084F810508CD
:10C14000548105085B810508628105086B8105083B
:10C15000D98B050861800508768105087D81050871
:10C160008281050888810508B3A005089281050829
:10C17000988105085F7F05089D810508A181050854
:10C18000C77B0508A5810508AE8105086FB30508C2
:10C19000797D0508B5810508B9810508DA810508AA
:10C1A000C7840508E2810508E8810508EE810508D5
:10C1B000F3810508008205080A8205081582050832
:10C1C0001E82050827820508308205083A82050884
:10C1D00042820508AF7E0508BE7E05084D8205082F
:10C1E00051820508568205085C82050861820508AF
:10C1F000219D0508688205086D820508748205087E
:10C200007B82050883820508868705082288050841
:10C21000888205088D82050892820508278805080E
:10C22000C482050898820508A382050800810508D4
:10C23000A9820508B0820508B8820508C0820508F1
:10C24000C9820508CD820508D1820508D582050876
:10C25000AF8B0508D57B0508E4850508D98205085C
:10C26000057C05085B940508E38205084BA50508D5
:10C2700054850508ED820508F2820508F782050855
:10C2800028AE050802830508098305080F83050801
:10C2900012830508168305081C83050825830508F5
:10C2A0002B830508C48005083483050839830508F5
:10C2B000228F0508418305084B8305085B83050829
:10C2C00064830508688305086C8305087083050886
:10C2D000768305087C830508818305088683050825
:10C2E00092830508A1830508B583050839800508F0
:10C2F000C4830508C8830508CC830508DC830508CA
:10C30000AE990508E6830508EE830508F68305085F
:10C31000FD8305084681050807840508977D050803
:10C320000C84050819840508268405083584050849
:10C3300044840508538405085E8405086F84050855
:10C3400078840508828405088A8405089584050890
:10C350009E840508A7840508B0840508BE840508E6
:10C36000CB840508DD840508E7840508F08405080A
:10C370003D7F0508A2850508F5840508FE840508AB
:10C38000C987050802850508078505080F85050882
:10C39000178505081E8505082885050801800508FC
:10C3A000328505083E850508478505084D85050841
:10C3B000538505085E8505086485050869850508B7
:10C3C00072850508768505087A8505088185050842
:10C3D000858505088A850508D5A80508918505087D
:10C3E000968505089D850508A7850508AF8505087C
:10C3F000B9850508C0850508CB850508D1850508E0
:10C40000DD850508E8850508EF850508FA85050836
:10C4100075980508717C050801860508767C050875
:10C42000088605080E7E05080F860508188605088B
:10C430002186050889A30508278605083286050890
:10C440003E86050844860508318805084F8605089C
:10C450005986050861860508668605086C86050804
:10C46000748605087B860508818605088886050888
:10C470008C86050891860508978605089C86050820
:10C48000A3860508A7860508AD860508C2860508A7
:10C49000EF8E0508D3870508DE8605088A7C050827
:10C4A000957C0508E6860508EA8605083D9F05088F
:10C4B000EF8605086C840508F986050801870508DC
:10C4C0000B870508158705082087050829870508B3
:10C4D000FE7D0508328705083A870508F2850508BC
:10C4E00048870508558705085C870508648705089F
:10C4F0006A87050871870508798705088087050818
:10C500002D920508858705088C8705089287050800
:10C510009C870508A4870508AA870508B48705082D
:10C5200059940508BB870508C7870508D287050801
:10C53000D7870508DC870508E1870508EE87050829
:10C54000FB8705080388050870860508108805081C
:10C55000168805081B88050821880508268805080F
:10C560002B88050830880508368805083B880508AB
:10C570004288050846880508558805085E8805082C
:10C580006A880508748805087E8805088688050875
:10C59000928805089B88050803030407060A030719
:10C5A000070804020203030303020202020202025A
:10C5B0000203040B0607070607080808080909090B
:10C5C00009080709090808080608080808080909E9
:10C5D000080808080808080A0A08080708050503E3
:10C5E0000E0605050402020303030303020202020E
:10C5F0000202020207070608080706060A040807DF
:10C6000007070202030303030303020202020202FA
:10C610000202060A09090903060607030E020203BD
:10C6200003030303030202020202020202060D0DCB
:10C63000090D0F0404090809080409060A0608057B
:10C640000C0C0A060C0B0603060506050706060673
:10C65000080A05090B0A120408090807090A06074F
:10C660000509080A0B0C0D08070706050B0C050544
:10C67000050505050909090A0A08090A080C0B0A33
:10C680000808030402020A04030404040907070754
:10C69000060808080707090707020203050505043D
:10C6A0000613140C0D0B0C0A12060A0D04070708DA
:10C6B000070308090A070D0408030306090909030B
:10C6C0000506040E0910120B0909080A0306060BD9
:10C6D0000303040404040303030303030303030326
:10C6E0000404040404030303030303030303030414
:10C6F0000404040404030303030303030303080AF9
:10C7000003030707060703090907030C030B0607C2
:10C71000030503030B0D0C0B0D0C0B0D0C0B0D0C7B
:10C720000B0D0C08080706070B0B0E090606030A7B
:10C730000C0A0C090A0A0A0A0A0A0A0A0A0A090958
:10C74000090909090909090A08060607080A070963
:10C7500006080908070803060405050A080B0A0A63
:10C760000C0C0B0C0B0304040404070709060B094B
:10C770000A060A0602060C0E0E0E0E0D0A05060724
:10C780000712080604050504040404040708080940
:10C790000908080808070707070808070607070821
:10C7A0000604090D050C0404060606050509020623
:10C7B000060609090909080A080A060C0404060EF7
:10C7C000030904080707040A09090709090F070BE9
:10C7D00008080B0A080E0C0C0B0D08060804080BC1
:10C7E0000A0706040503040909080207051D0304D6
:10C7F000050A0304050504050903040505010A08E3
:10C800000303080404090204050A0C030609020CC8
:10C810000908080B080607040607050607030503B1
:10C8200004070B07070707080403040707050503A8
:10C830000305040804080805060907070706070595
:10C8400007050C090A1106070B0703030304040577
:10C85000070708010E0E07060A0608090304050962
:10C860000804030504090B0404040906080505056A
:10C8700004050408040507080908050207090B0652
:10C880000B060806040507040A07090B0707080535
:10C89000040307040508040608040E07030404053E
:10C8A000090C13060205050308070A09080505080F
:10C8B0000A08080804080805050304050406060814
:10C8C0000A04070604050903050403030307080611
:10C8D0000504032007030505040C090A08080809D4
:10C8E000070A0606030405040604040606070405F1
:10C8F0000304040503040A050306070708030303EA
:10C900000302070309020409060904040A060605CE
:10C9100002030508050804040704090F08030303BC
:10C92000050504040B0E130E0403030F090107078A
:10C9300006090204020C0C0E0E0E0A100809070A62
:10C940000808080D0C11090804040408030804076A
:10C9500007060909050B0805050A0504080303066F
:10C96000030406040406090709060A050B0A060A59
:10C9700006060306040605080805060A0B050A0450
:10C980000907040507060506030405040603051444
:10C990001B040307030403040409020709090A0826
:10C9A0000804070D070C060705060706040406051C
:10C9B0000907050906060B0A0404040C0C070C03FE
:10C9C000050405040404050406030E080B09090701
:10C9D0000B0805006C1A7B1A8B2881F41A4E924DB5
:10C9E000BD3DB51EE36352539BAC54725572C5BC3A
:10C9F000C4BCC7BCC0BC56725772507251725272DE
:10CA000053725C725D7263B6F282408D02283CF014
:10CA10003FF00AA1D2B0F143F243F343F443DCDD2B
:10CA2000DFDDDEDDD9DD6600D6A051B752B7DDBD52
:10CA3000DEBDDFBD7DA06D8F6E8F8C5F8B5F8A5FEB
:10CA40003F253E25273F00B203B202B2931B901B45
:10CA5000F299D91972072E772F77EBB77DB5962FFC
:10CA60007D2F7CB7F8EBAFF204965C7AEAB8F772E8
:10CA7000F67286D184D185D182D183D1F572F472D8
:10CA8000F372F272F172F072FF72FE7295E253E28B
:10CA90004A9A40A606A6BFAF19B0529DFF51143F57
:10CAA0008F8B35BF8ED41AB79672977247C546C51D
:10CAB00045C544C543C542C594729572927293723E
:10CAC000907291729E729F728EDB990DCD58809CF0
:10CAD000065837D13922DE22574E61D1F69B31728A
:10CAE000307200B801B802B803B804B805B83372A0
:10CAF00032723572347237723672397238721F7D03
:10CB00007E4A3D4611D1E055140E1C2D1F2D648B1D
:10CB1000D2F960CB562B3747B82E37C2171120EC0D
:10CB2000461561A327AB3A2C19FB53AD86259AA075
:10CB30005CFF86A6A54F931EB1F0901EE387B667F3
:10CB40005E65A48579D7AC97EA7FFFF83A5D55FE1C
:10CB5000CD0825C620B729FD2C87988EBDAB80FF58
:10CB60007F5C026995505AAF5BEE6F49102C21AE85
:10CB700024A54BF0B4871787C5159591D8BEE999C0
:10CB8000D5E2D6E2D7E2D0E2D1E2DCE2CEEECFEEE1
:10CB90001AAE12711671F4E5FD237AD5F2DC31E29A
:10CBA000EE2E88F328C36E73A9C001E7BD73BC7372
:10CBB000B0512B6C5DDFCCCACFCACECA0CCF90422D
:10CBC000C244C14434F3EE67AF31AC31D284D18476
:10CBD000DBD3F610978C2F73227336D79176577666
:10CBE000F475CEBD36BE82A8ED3212047D7837C012
:10CBF000BBB178ED60D59A9A7E7294AEF8361E2459
:10CC0000E5250BCC062588DC69984C68A76E84FD69
:10CC1000BF5B0F6585D451DCD8DE398D4C98CD8350
:10CC200012FC59CA0314048E6FD13EC6FA02FC6F7F
:10CC30001B511D9CE62864085EFF5E480BE31F2A1B
:10CC40003427F07E640F650F35FC34FC37FC30FC74
:10CC5000660F670F600F610F620F630F6C0F6D0F30
:10CC6000870F860F76007400750072007300850FC1
:10CC7000840F830F820F810F800F8F0F8E0FA60FEF
:10CC8000A70FB704B604B504B404B304B204A40FE8
:10CC9000A50FA20FA30FA00FA10FAE0FAF0FC30ED2
:10CCA0000A3589914D104C10DFC0778A7D617485FB
:10CCB000B30CADFB55B5BA5E4F0DE3FF500DDBCBAA
:10CCC0007EAE0D7E12143558010757076B01772B86
:10CCD000F5DA886C54BA76EA29C8357977897342CF
:10CCE0006F12ED8490AD4CA16E941FDF388350BD60
:10CCF000D9248ABFD421684E00B37E0664CC2D0BA4
:10CD0000A0047ECDDE1EDDCDBDAA84CAF523D423CA
:10CD10003723162371235023B3229222FD24DC24CF
:10CD2000A5CAC6CAE7CA00CA21CA42CA63CA8CCB0E
:10CD3000ADCB481C834D4ECCA9CBF72BCA442D2537
:10CD40006D161D62B9C92E204AE13E1E8A041BAA37
:10CD5000B00491009482F71B6815B314CA9632BED2
:10CD600001C60FDFF9C62AA3DB28215325FFEF11E7
:10CD7000FE4FFD4FFC4FFB4FB008B308C04B067C85
:10CD8000282F7A8A1A5F717ADCB1B31BE174DE81D5
:10CD90002EDBE06DE16DE26DE36DAB465F9F98D9F0
:10CDA0009BE413F22158ECF07676970084E134127C
:10CDB000351287E186E181E180E18CE1EB9FAAD029
:10CDC0007D70245E275E69716A716B716C71F3A569
:10CDD0000AA809A85FBB10FA90E95AAE570C4AECB2
:10CDE000C9D5A50BCB0E0842995CAD8DA21F419908
:10CDF000B719233DC41782176118BBE17A8D70C63D
:10CE0000A073355B365B325BF96FDB5AD85AD95A5F
:10CE10008DA62ADABAA36826A2F422D131F2A28022
:10CE2000159BDD056203087226294E8B889798951D
:10CE3000B81E4C84C4CF4E2BC4C383B40330428885
:10CE400068375B777F5403549DAE383EC82300BBE0
:10CE500061FFBF5454194FCFDA492C23BF4B5E29D1
:10CE6000F779D9C53C0B7D6D85891BA013A344328E
:10CE7000B67A4C405AF99391226E5F80A8FB782ACB
:10CE80005C339194842CB01E9134C7C67C72545785
:10CE900050E5388F436D65351FBECD819781C7B58D
:10CEA0003C8FF5D8E948E048913C84644968A61570
:10CEB000CB6EF6507FD4E2EF97A21E49E5A025DBAA
:10CEC000DF6E9C5C6199B65D4D38AF334CF00387E3
:10CED00061B606B04EBF2691B1B22E3374CA504C23
:10CEE000B6F43B4C68DA9B65E0C822A7F4C9C59D3F
:10CEF000DB3D3314B4DB7A4CD2DB1142ED44E8C79E
:10CF0000E9C7C34D174D76E8CFEFF32D15DCE404E8
:10CF100054F8D455A9599ED2CE7D7E3A02419E8DB9
:10CF2000DBC8504C6EDB0599EC622DA972249CFA8B
:10CF3000CDC49176043A0F71FE1E6D1F2D1F45035F
:10CF4000E92F7A2DAA5A3B25F4F6C0B539FA8EC2DC
:10CF50000FDC04DE916043CA069C71BA9423779675
:10CF6000C11110DD582885BEC82474729312CC32CA
:10CF700061C1A723C334CA3435ED25BE2039FA8FE9
:10CF800035447D46374061C1E5446982E53A1C98E5
:10CF9000063937BDED9C27020290616E8B0696C361
:10CFA0006E1803D0667D90B278AC5A8E54D8BAB061
:10CFB000DD5DDA70D051106DAD8C562DAF2DD627BA
:10CFC000876B681D945C70502A7F2B4C833CC29504
:10CFD000A1DC3D1A716A47B7172D5A480453EBB3C9
:10CFE0001FB4735ACA3D282A06DDB700236F78C2E2
:10CFF000535D8F560B00494EF7689AE5A6AB3E117C
:10D000009E03B9C1FCEC7577259247BEFDD1F6139E
:10D01000628B43E7406F5F405D4CE2D7574C5987C6
:10D02000CE6CFFB954E7CB1C98E3CC0E6324B0B0B0
:10D030007D46213F40917323313FB641A84160AB0B
:10D04000C1D55E05962235BBB143731ED470204412
:10D0500007CA41CA18C8E9A3522BB1E1CB62D1F18A
:10D060008DEB628C93E86944AC885B21AF429D985C
:10D070009CB576B0962B26C025C0F566BF99ECD13D
:10D080001DC2A80DF14365C266C2520F8945A27543
:10D090001E169129E458840B5B28378962ABB4577C
:10D0A0002B5AFD5C8A5C646F28FCCE5E8767796FC3
:10D0B000BCD11FA9420587E588CE7EC1F374A0A02C
:10D0C000F51A6AD51C70F2734DF03A19050C41ED52
:10D0D0009AD98FD9719A5CD828151C22C229F77069
:10D0E000F4705370F4CAB2CA8B7A807D2314013A6B
:10D0F00027B73A39BB7E2F70EE718D95B081D7B5C9
:10D10000873FAFDCBE2CA33ED570E8EED270A109FC
:10D11000CBB6E0C2EDB76B74F9FE8F72DAAE6F007A
:10D12000084F2D1C7DF0EF9241B1823F3B65388E58
:10D130006A590389BFF9E5F9E7F99190758BACA1BC
:10D1400066FA5646EC8F3518BF37235810F4CE2FA9
:10D15000A16E45A73C2815D07E671A8EE0ACFE8FE5
:10D16000F98F285A538FCD7AABC192759D758D4139
:10D17000A430389FC6112203EB0C78DA6E1838E819
:10D180000459DC8A2E013701B1903F20B9A64973BA
:10D19000EA270B631360B5F460CCE1654726620FA4
:10D1A0006AD3214497F7D2D9D735D2F01419A358AE
:10D1B000210408834F8D3237AD1D38371290218DF1
:10D1C000B27ACE6760F8A262BC8E9B36FE61D6A1B1
:10D1D000E56114B198AFF22F986F7DDB9DAE1AA573
:10D1E000B1E042325A31F0C172B2890C3E54794AF0
:10D1F000B7439D8C5B99C9FFF87125AF8B31E33D37
:10D20000DD9EB79CB1B901F5F67C0489FE8F073C21
:10D210000E6D17D4C9F3BAECADC147C90733BFD3FC
:10D220006E0A867A5D23C9071DF6E70A9F09FFEE9D
:10D23000F742C67E78329D7E8984C7A502DFD21E62
:10D2400040E0033979ED75755837000000000000A3
:10D25000000000000A000000D9000000A2D6050866
:10D26000C8D5050868AB050868AB0508A18805089E
:10D27000B1AB0508F1AA050814910508039D05083E
:10D28000A98805084B8E0508B2880508BB880508E3
:10D29000C5880508D1880508DB880508E4880508E5
:10D2A000F0880508FC880508058905080E89050829
:10D2B000168905081F89050827890508308905088A
:10D2C0003B890508448905084C89050855890508E6
:10D2D000628905086B890508778905087F89050833
:10D2E0008F8905089E890508FA930508AD89050808
:10D2F000B6890508FE9305081A980508BF89050830
:10D30000CB890508DC890508E7890508F089050847
:10D31000028A05080E8A05081A8A0508248A050863
:10D320002D8A0508418A0508498A0508578A050893
:10D3300022940508648A0508708A0508A77A0508FA
:10D340007B8A0508868A05081E7F0508A87F0508D0
:10D35000988A05089C8A050827910508A38A05086C
:10D36000A88A0508B18A0508BB8A0508D294050871
:10D37000C48A0508CD8A0508D18A0508DD8A050812
:10D380002CA00508E38A0508E98A0508E094050849
:10D39000EF990508617D0508EE8A05089F8A050852
:10D3A000F58A0508FE8A0508038B0508088B050821
:10D3B000FB8B05080F8B0508168B05086E71050899
:10D3C000218B0508298B0508318B0508398B050849
:10D3D000B1870508018C05083E8B0508F283050816
:10D3E000458B05084D8B0508558B0508608B050896
:10D3F000688B0508708B05087B8B050885970508E9
:10D400006DA30508838B050805830508909705081B
:10D4100015840508287C0508888B05088F8B05086E
:10D42000628B0508968B05089D8B0508A28B050865
:10D43000A68B0508B28B0508B78B0508BE8B0508BF
:10D440006998050831800508C38B0508CB8B050852
:10D45000CF8B05080184050857A205084C880508EC
:10D46000D58B0508DE8B0508E58B0508ED8B0508D7
:10D47000F28B0508FA8B0508008C0508078C050857
:10D480000D8C0508148C050855910508E6B00508B3
:10D490001B8C0508D5A105081F8C0508278C0508DD
:10D4A000328C0508378C05080E8C05083E8C050863
:10D4B000448C05084F8C0508F49805085C8C050819
:10D4C000ABA00508978B0508618C0508658C0508DD
:10D4D000FC8205086B8C05089D820508C398050829
:10D4E000D78605087D8B0508748C0508DF7F050845
:10D4F0009A97050862A205087A8C05087E8C0508B3
:10D50000898C0508938C05089C8C0508A78C050858
:10D51000B18C0508B98C0508C18C0508C98C0508B3
:10D52000D28C0508DE8C0508EB8C0508F68C050806
:10D53000018D0508088D0508128D05081F8D050849
:10D54000268D05082E8D0508358D05083E8D0508AC
:10D55000498D0508528D0508598D0508648D05080B
:10D560006B8D0508768D05087E8D0508868D05086E
:10D570008D8D0508958D05089C8D0508A48D0508E1
:10D58000AC8D0508B58D0508BE8D0508CC8D050848
:10D59000D88D0508E48D0508ED8D0508F68D050884
:10D5A000FE8D0508078E0508138E05081E8E0508DA
:10D5B000278E0508348E05083D8E0508458E050822
:10D5C0004D8E0508598E050800000701010101086C
:10D5D0000108090B09080B0B0808070807080A08C7
:10D5E00007080C080B070F0E0E0D0808090D0B108D
:10D5F0000A08110B0B090813070D0C0D0B0A090A79
:10D60000110303030604040809080508030B0505B4
:10D61000050405040306030804040604060A0307B8
:10D620000707040205060307070A07070A07050498
:10D6300004030403040606050604030B040604039E
:10D640000307030505040808060704070506050681
:10D650000604040303070A040605050A0C04040370
:10D6600005030505080504060505050605030A0961
:10D67000080A09070707080B0C0A0A06090C06071F
:10D6800006080A08060A060A070706070607070823
:10D69000080D0B0B080807080B0A080C0807070BF6
:10D6A0000700000005157A8FAFB585B58FB58AB52F
:10D6B000BD94FAB5A7F92BC5FD356DBA45F840F80C
:10D6C0002639F7C85FA5161BCF32E2B08E13FF30A4
:10D6D000E238791502736B00100B323ED0CD2D8CE1
:10D6E000975A21DE079291BFF0E0F2291662209C42
:10D6F0005C2083ADEA00AFE2FF69DC83BA2D1768D6
:10D70000C698A16581E161F1EA1C948F20FF2596FE
:10D710009687B6279532443313336B97C2C6EB3CDA
:10D72000F73176A3227D5CB20D70DC4CB48C7CA00A
:10D730003367C0FFE0DBA64D3FFCFA1EB8040A23A6
:10D740001BA39BA61EC063E8003426333574333B0D
:10D75000C0179D498CB0B770286F7B2812541653A0
:10D76000EB37A89AB6BEFC805BF8B57FDDA7E35324
:10D770008F21A75C326D01136240271D896A3BA18E
:10D78000C6CBE5B9CEB7B9430B7C4288908DD13A70
:10D790001C5E2A73BF2C2D7354C61A5EB7F94BBF9B
:10D7A000F919638A4925D0F7252AD29CE92BE72568
:10D7B000A5003B957977B976238F278FD4A86CA3E2
:10D7C000BF9D5E15B73385EF74E862AF57369D365F
:10D7D000508D291E2E8DC4B2B344D83EFD419D7F8D
:10D7E000B4762794B7824E347DBE98A8E6ACCC8D33
:10D7F000346A808CD415545195D6C4820EDB2B65C7
:10D80000C5E2C65FDCED7811713E3570465FA74614
:10D81000B38FB6826D4AF7770878CC1309885D68B4
:10D8200049F3633731420E0B69D538BB29F02D001F
:10D8300016C5DC2E54981BD1DB03318A63012ADC28
:10D84000FF9AC59D579873775AD7F286A7B32109D7
:10D8500088EF20EC000000008314020830303030E4
:10D860003030303030303030303030305F30303089
:10D870002C3030202020202020202020202020207C
:10D88000202020000000000000000000030303032C
:10D890000300000000000000000000000000000085
:10D8A0000000000301010101010101010101010169
:10D8B00001010145454545454545454545010101B0
:10D8C00001010101595959595959191919191919A8
:10D8D00019191919191919191919191919190101E8
:10D8E00001010101696969696969292929292929C8
:10D8F00029292929292929292929292929290101E8
:10D9000001010000CB8E050808730508D18E0508BB
:10D91000D68E0508E08E0508E48E0508E78E05081A
:10D92000EE8E0508F48E0508B3850508758B05088D
:10D93000FA8E05089CAC0508038F0508078F0508BB
:10D940000C8F0508118F0508188F05084DA30508D1
:10D95000C2870508D58F0508098F0508208F05089F
:10D96000D5740508C27E0508278F05082E8F050887
:10D97000378F05084EA305083B8F0508F59105086C
:10D98000408F0508C47D0508478F0508F98A0508FA
:10D990006F9205085455565758595A5D335B3234C7
:10D9A000373D4A35383E4B414E46533F4C404D5F24
:10D9B0003C493A474451435045523B48424F5E36FA
:10D9C0000E000000060000001E00000037000000EE
:10D9D00006000000D8D90508FA1C0000BC0806089B
:10D9E0005A270000984A0608922000009C02060868
:10D9F00072200000C04006085A230000746D06081B
:10DA00004A260000F06E0608000102040C0E1012F7
:10DA100014151617191A1C1E222426292B31363DDF
:10DA2000414546484A4E525456585A5C5E606264BC
:10DA300066686A6C6F7174777A7D80828486888A62
:10DA40008C91009395979A9C9E9FA3A4A7A9ABAD98
:10DA5000B0B3B5B8BABCBFC1C3C5C6C8CAD2D5D7A2
:10DA6000D8DADCDEE1EEF3F5F7F9FBFD000304069E
:10DA7000080A0C0E101214161F222327292C3032EC
:10DA80003336393B3D3F414547494D4F515A5C5E26
:10DA90005F6163686A6D6F70727E80828486888A37
:10DAA0008D8F91939597999B9D9FA1A3A6A8ABADB0
:10DAB000AFB1B4B6B8BDC0C201303E204220432051
:10DAC0001A10081054104630551045305B107D2058
:10DAD00054205D10062055305A205A101B109D20EE
:10DAE0002B10171019102D10363039202C105E30E5
:10DAF00024106B20211061202410632022106D203F
:10DB000028106D20141080206E3015107020231006
:10DB10001A205B107D20713079302F101A205B1095
:10DB20007D20793020109D20251036205B107D202F
:10DB300079302E105B107D20732030107A205B101E
:10DB40007D20522080207F301E20813027104C30D5
:10DB50005B10802027104C305B1082201F202A1081
:10DB60008320121029108320232084204110232099
:10DB700024203A1025203B1026203C102720882006
:10DB8000282089208B208A208C208B208D208F308C
:10DB9000161090208E3090208E30541091305510F9
:10DBA00056109230571058109F3059105410A4300E
:10DBB00055105610332057105C10081098205A103A
:10DBC000802035305B10993080205A1080203B3007
:10DBD00018100810A3305B107D203110AE305B10A0
:10DBE00080205E108020051053206F2005105220E9
:10DBF00036204030051042106C2030300510412096
:10DC0000382003204420151003205F108020472077
:10DC10005A10482049204A2008103B303C3041101F
:10DC20004B30461008103B3008103B304D205A1046
:10DC30004E204F20502008103C30411051304610EB
:10DC4000081008106F20532004200510072008201A
:10DC50005D20602010201120122005205B2056201E
:10DC600057205C20592058205E105920392006206A
:10DC7000222080205B10802058304C104D104E1018
:10DC80004F10511052104910471048104A104B10B5
:10DC90005310501009200A200B200D200C2080204A
:10DCA0005F30211080200E200F206C206220652024
:10DCB0006C30411064206A2054106A205510662090
:10DCC0005C100D10081069306C20693013100810BA
:10DCD00067205A1068205A1008105C1008105A105B
:10DCE0005A108020142015201620172018200320F9
:10DCF00038200220132003201820162072201C1028
:10DD00001A205B107D2074207820772079307830BD
:10DD10001E1076305B107D208020693075201F102A
:10DD20005B107D201D105B107D207B205A10802011
:10DD30007C30131023207E2053200510061019205C
:10DD40000710321080201C201B2023101E201D10C5
:10DD500080201D201E202020212034103510361058
:10DD600037103810391025108520862029102510ED
:10DD70002610873029103D103E103F1040104110F2
:10DD8000421044104510431029202A203F10401013
:10DD900033102B202C20972046108B2008100910C0
:10DDA0000A100B100C100D100F1010100E102D205B
:10DDB0002E202F20392092209320943022201A20C8
:10DDC000AC2095205A10963093205A1030203120E4
:10DDD0003220352034209A209B205B108030802018
:10DDE0009C305B1080309E205A1022202320372048
:10DDF000A030AC20A1205A10A23037205A10541065
:10DE0000A4305510A5205A10A620A720A820411004
:10DE10008020461080208020A930AC203C20AA2001
:10DE200032108020AC20AD2020109D2025101E2017
:10DE3000AB3023108220AB30AF2036202110802061
:10DE4000613262A83322332221212122212222247D
:10DE5000222223222625272424326262A4A43131DF
:10DE60002231223131313131316262236223232365
:10DE70002323223362223362A522006262131262DC
:10DE800021243213226233136322232233136222AA
:10DE90002261126218136232621212231D1562622D
:10DEA000121262136332122262623331313162190B
:10DEB0001332241263246232236331626212646279
:10DEC0001224121219222221121215121312326276
:10DED0001C12621212623313121222622233126275
:10DEE000122233633313222262132212A523122239
:10DEF0000700A8A9A6AAA7001757020817570208E3
:10DF00000171020875680208175702088B6402083D
:10DF1000A5560208F14A020817570208454B0208A5
:10DF2000454B0208255602080D560208C155020845
:10DF3000014B020829720208194C0208194C020808
:10DF4000595502088D68020881540208F7530208E7
:10DF5000CB5F0208896C0208A95F02081757020804
:10DF6000E17002089D5302089D4A02089D4A02087A
:10DF700087520208875202086D5202088D5102082A
:10DF8000394B02084D5102084D5102084D5102080B
:10DF9000135102081351020813510208E7500208F6
:10DFA00053570208AD700208416F0208D9560208A3
:10DFB0006B570208E1500208356F02086B4F0208E8
:10DFC000B9480208A5560208E34E0208E34E0208CB
:10DFD000A5560208CB4E0208E9700208094E020855
:10DFE000C7480208C980020829800208117902087E
:10DFF000797C0208017E02088B7A0208297E0208D9
:10E00000AD7A0208E77A0208BB7A02082979020889
:10E01000A37D0208817F0208B97E0208817A020886
:10E020009F7E020897790208977A02089F79020872
:10E03000197D0208D17D0208A7790208AF7902088C
:10E04000B7790208C1790208C9790208D97B0208A8
:10E05000457D0208577D0208ED7B0208417C0208DD
:10E06000B57F0208DF7F0208D1790208DB79020858
:10E07000597C02083D790208637C0208E9790208AC
:10E08000697D0208F57A0208F57902080B7B02081F
:10E09000337B02083D7B02086B7F0208437F020846
:10E0A000757E0208897E0208FF790208137A020849
:10E0B000297A0208457902084B7902080E100C00F3
:10E0C00075003E005E00EE046004630461046204B7
:10E0D00034BF8CBF0CBF94BF2CBF14BFB4BFCCBF28
:10E0E0000CBFD4BFACBF14BF61A90208E1A20208F3
:10E0F000C9890208298902080BA00208C78D0208F5
:10E10000999F020805920208E5910208B58D020860
:10E11000D9930208EF900208258D0208C1890208F0
:10E12000BB8B0208BD8C0208B9890208779C0208E3
:10E13000358B020895AD020815A50208919E0208CC
:10E14000778F020833890208BD9C0208EF8F02080E
:10E15000C38E0208FB950208F59502087194020827
:10E16000C99E020885990208F39C020801960208DC
:10E170002F9C020849990208378902084194020835
:10E180006592020865A00208C3980208419002083F
:10E1900079900208059C0208D59B02085598020850
:10E1A000B1970208619D02086D970208B59A0208AE
:10E1B0001D930208C5A50208B99302083F89020809
:10E1C000040506009FB202089BB20208C9B4020807
:10E1D0006DB202082DB50208306164643473756253
:10E1E000206D756C806469760068FA030078FB0323
:10E1F0000088FD03006097000070CA040080CC0412
:10E2000004656F72086C736C0C6C737210617372BE
:10E2100014616463187362631C726F722074737488
:10E22000246E656728636D702C636D6E306F72723B
:10E23000346D756C386269633C6D766E7165656EC0
:10E2400073636363696D6C70737663766968736C0E
:10E250006567746C7467656C054950535200000023
:10E260000011424153455052490000723000017282
:10E2700031000272320003723300047234000572FE
:10E2800035000672360007723700087238000972CE
:10E2900039000A7231300B7231310C7231320D7229
:10E2A00031330E7231340F7231350A736C000B66E4
:10E2B00070000D7370000E6C72000F706300000030
:10E2C000F4E20508060000000E0000001E00000039
:10E2D00024F6050828FB05082000BA030000010009
:10E2E000000000000000000085E10208E0F10508E0
:10E2F000D4040020060000000E0000001E000000F4
:10E300005BE502085DE4020845E402084DD202081C
:10E31000F1D1020809D0020831D50208E9D4020877
:10E32000ED7B030831D0020859D00208E1D602087B
:10E3300095F3020811F202087DD20208D1DD02082D
:10E34000856C0308C52F03080D0B0308213D030846
:10E35000D73D0308A32A0308150D030855C9020871
:10E360004FE5020847D40208A9D80208ADE5020823
:10E3700045E50208E9010208950102089BE502084B
:10E38000A1D40208D9DC020851D60208FD400308D6
:10E3900045DB0208DDDB020845D002086DD002082B
:10E3A0006DFF02085DE7020831BD0308DDC1030807
:10E3B000C1C10308C1E40208000000002D9F040849
:10E3C000019F0408D10A0208F51B020899180208E7
:10E3D000C9D10208C5ED0208894D0308E14D0308C3
:10E3E000BDFC0208BBE40208A5E40208A1E402089F
:10E3F0008DE4020801D10208EDF3020855840308F8
:10E40000B9E7020875E802081D860308FD860308BF
:10E41000B18A030854D8050828FB05084CF90508FB
:10E4200074F0050844E8050808EE0508F0ED050855
:10E43000D8ED0508C0ED0508A8ED050820EC050895
:10E4400054FC050824FC05080CFC05083CFC0508E8
:10E45000000002000400060008000A000C00110081
:10E4600017001D0025002F003B00490061007F00C0
:10E47000A700DF00250185010902B3029703C70445
:10E480005B0671089D0CDF124B1C6D2A913F575F94
:10E49000FF8E7BD6000000004CEF05084CF9050804
:10E4A0004CEF0508000000004CEF050840F305089C
:10E4B0004CEF0508000000004CEF05084CF905087A
:10E4C0004CEF0508000000004CEF0508CCE50508FE
:10E4D0004CEF0508F0ED0508A9ED020828FB05083A
:10E4E0008000F403000000000000000100000000B4
:10E4F00009F5020828FB05080000350301020004A5
:10E500000500060307000008C5F9020891F5020896
:10E5100049F4020825F4020895FA020849F60208AF
:10E5200071F402089CF6050828FB0508080422047B
:10E5300001000003040607020800000525FC02088C
:10E5400049F4020825F4020895FA02088CF6050839
:10E550001DF6020849F6020871F40208D8ED050814
:10E56000F9F90208D8ED050831F5020828FB05087D
:10E57000080440000102000405000603070000082B
:10E580005DF9020891F5020849F4020825F4020831
:10E5900095FA020849F6020871F40208ACF605087B
:10E5A00028FB050800009D00000100020304050689
:10E5B000000000005DFD0208356C0308396D03089A
:10E5C000D9FC0208016E0308496B030828FB050803
:10E5D00008003E00010200030400000000000000EB
:10E5E000C1FD020895FD02087BFD02086BFD0208D3
:10E5F00028FB050800004B03000002030401000093
:10E60000000000001FFE020895FE0208E7FD020858
:10E61000FDFD020828FB05080000010000000000C5
:10E62000000000000000000028FB050820005D033A
:10E6300000000200000100000000000065FF020869
:10E64000D5FE020828FB0508000061030000000059
:10E65000000000000000000028FB05080C00660315
:10E66000010200030405000000000000F10003089F
:10E6700099FF02085D0003081D0403080900030850
:10E6800028FB0508000082030100000200000304CB
:10E690000000000561050308ED0503081D050308DA
:10E6A00051040308A8E6050844E805082F00000007
:10E6B00005000000B8E60508E201000000E70508D3
:10E6C00092190000F8E6050892020000F0E605083D
:10E6D000C2030000E0E60508CA220000E8E60508DB
:10E6E000F0ED0508BD050308F0ED05081D0603085B
:10E6F000D8ED0508F5040308D8ED0508B1040308B2
:10E70000D8ED05086D04030844E80508770000000B
:10E710000E00000018E70508320200003CE805087A
:10E720004A02000034E80508C21D000020E8050880
:10E73000B202000014E805083203000098E705085B
:10E740005203000090E70508C203000008E805082E
:10E75000CA030000F4E7050872040000FCE705089E
:10E76000FA040000E8E705081A05000088E7050834
:10E770007A000000CCFB0508E2000000C4FB05089D
:10E780005A000000BCFB0508F0ED0508C5060308AB
:10E79000F0ED0508B9090308F0ED0508A109030823
:10E7A000809705088B9705089597050828FB0508AD
:10E7B0008000F403000000000000000100000000E1
:10E7C0008907030828FB05080000840300010002F4
:10E7D0000300000400000000C107030895060308B9
:10E7E000F50C03087D060308A8ED0508FFFF0300EC
:10E7F000F9090308F0ED050835080308A8ED050838
:10E80000060004003D070308A8ED05080600040003
:10E8100043070308A8ED050806000400490703089C
:10E82000C8FA050828E80508A8ED05080600040050
:10E830007D0B0308F0ED0508C30B0308F0ED050898
:10E840004F07030828FB050800004B0001020003E6
:10E850000400050600000007250B030891080308C3
:10E8600055060308F50B0308490D0308AD06030818
:10E8700008E7050828FB0508000010020102000354
:10E880000400050600000708250B0308910803088B
:10E8900055060308F50B0308490D0308AD060308E8
:10E8A00044E8050808E7050844E8050806000000F4
:10E8B0000000000000000000F3030301000000005E
:10E8C000920002000000000028FB050880009C0365
:10E8D000010000000000000200000000A50D030878
:10E8E0007D0D030828FB05080000FC020102000062
:10E8F0000003000000000400210F0308590E030864
:10E900009910030808E9050828FB050800003700EE
:10E91000010200000003000000000400210F0308B2
:10E92000590E03089910030820EC050828FB050878
:10E9300000000003010200000003000000000400CA
:10E94000210F0308590E03089910030850E9050820
:10E9500028FB05080000360001020000000300004B
:10E9600000000400210F0308590E03089910030842
:10E9700020EC050828FB0508000027000102000024
:10E980000003000000000400210F0308590E0308D3
:10E990009910030898E9050828FB050800003400D1
:10E9A000010200000003000000000400210F030822
:10E9B000590E03089910030820EC050828FB0508E8
:10E9C00000002F000102000000030000000004000E
:10E9D000210F0308590E030899100308E0E9050800
:10E9E00028FB0508000032000102000000030000BF
:10E9F00000000400210F0308590E030899100308B2
:10EA000020EC050828FB050800003000010200008A
:10EA10000003000000000400210F0308590E030842
:10EA20009910030820EC050828FB050800002D00BC
:10EA3000010200000003000000000400210F030891
:10EA4000590E03089910030820EC050828FB050857
:10EA500000002C0001020000000300000000040080
:10EA6000210F0308590E03089910030820EC05082C
:10EA700028FB050800002900010200000003000037
:10EA800000000400210F0308590E03089910030821
:10EA9000B8EA050828FB050800002800010200006C
:10EAA0000003000000000400210F0308590E0308B2
:10EAB00099100308B8EA050828FB050800002B0098
:10EAC000010200000003000000000400210F030801
:10EAD000590E03089910030820EC050828FB0508C7
:10EAE00000002600010200000003000000000400F6
:10EAF000210F0308590E03089910030820EC05089C
:10EB000028FB0508000022000102000000030000AD
:10EB100000000400210F0308590E03089910030890
:10EB200020EC050828FB0508000020000102000079
:10EB30000003000000000400210F0308590E030821
:10EB40009910030820EC050828FB050800001F00A9
:10EB5000010200000003000000000400210F030870
:10EB6000590E03089910030820EC050828FB050836
:10EB70000000380001020000000300000000040053
:10EB8000210F0308590E030899100308B4EB050878
:10EB900028FB05080000310001020000000300000E
:10EBA00000000400210F0308590E03089910030800
:10EBB000B4EB050828FB050800001E000102000058
:10EBC0000003000000000400210F0308590E030891
:10EBD0009910030820EC050828FB05080000330005
:10EBE000010200000003000000000400210F0308E0
:10EBF000590E03089910030820EC050828FB0508A6
:10EC00000000C20201020000000300000000040036
:10EC1000210F0308590E03089910030820EC05087A
:10EC200028FB05080000240001020000000300008A
:10EC300000000400210F0308590E0308991003086F
:10EC4000B0EC050828FB05080000250001020000C3
:10EC50000003000000000400210F0308590E030800
:10EC600099100308B0EC050828FB050800002A00ED
:10EC7000010200000003000000000400210F03084F
:10EC8000590E030899100308B0EC050828FB050885
:10EC90000000350001020000000300000000040035
:10ECA000210F0308590E030899100308B0EC05085A
:10ECB00028FB0508000021000102000000030000FD
:10ECC00000000000210F0308590E030899100308E3
:10ECD00028FB05088000AC030100000000000002D2
:10ECE00000000000691303083B13030828FB050814
:10ECF0000C00AF030102000304000000000000004C
:10ED0000B114030897130308111503081518030815
:10ED1000ECEC05080000C07FECEC05080000807FEB
:10ED2000ECEC0508DB0FC940ECEC0508DB0F4940B3
:10ED3000ECEC050854F82D4028FB05082000BA0328
:10ED4000000001000000000000000000C91A0308D4
:10ED500028FB05082000BA030000010000000000A5
:10ED600000000000DF18030828FB05082000BA0394
:10ED7000000103000002000000000000E51B030882
:10ED8000B91B0308B918030828FB05082000BA03BB
:10ED9000000103000002000000000000E51B030862
:10EDA000B91B03080519030828FB05086000BA030E
:10EDB000000001000000000000000000851A0308A8
:10EDC00028FB05086000BA030000010000000000F5
:10EDD000000000009918030828FB05086000BA032A
:10EDE0000000010000000000000000007B18030884
:10EDF00028FB05086000BA030000010000000000C5
:10EE0000000000005F18030828FB05086000BA0333
:10EE10000000010000000000000000004918030885
:10EE200028FB05088000BE0300010000000000026E
:10EE300000000003691D0308BB1E030840EE05081F
:10EE400044E80508270000000400000050EE050813
:10EE50003A02000078EE0508520400008CEE050826
:10EE6000DA04000080EE05086A22000070EE050852
:10EE7000D8ED0508511D0308F0ED0508C51E03086F
:10EE8000A8ED050808000400951E0308D8ED050844
:10EE9000B31E030828FB05082000BE030000010084
:10EEA0000002000000000000D91C0308B91B030881
:10EEB00028FB05082000BE0300000200000100003E
:10EEC00000000000B91B0308611C030844EC05089E
:10EED000000000000000000058FA050828FB0508A3
:10EEE0008000F403000000000000000100000000AA
:10EEF000111F0308FE03020001000000510303007C
:10EF00000A1A0000B20401020000000044E80508EB
:10EF100017000000020000001CEF0508AA02000014
:10EF200038EF0508E20400002CEF0508A8ED0508FD
:10EF3000FFFF03007D1F0308C8FA050840EF05081E
:10EF4000A8ED050808000400D91F030828FB0508E0
:10EF500000005E0001020003040000000000000544
:10EF6000B92003089B220308FB2303081D2603087E
:10EF70000CEF050800010102020202030303030370
:10EF8000030303044CEF05080A0000000200000020
:10EF900094EF0508FFFFFF7F6900030206000000F1
:10EFA000830001020000000044E805085F00000043
:10EFB0000B000000B8EF0508E20100006CF0050846
:10EFC000320200005CF005084A02000054F0050817
:10EFD000520200004CF005089202000064F005089F
:10EFE000E202000040F00508EA02000038F00508DF
:10EFF000C20300002CF005080204000024F00508FC
:10F000001A0400001CF005087A04000010F005083E
:10F01000A8ED0508FFFF0300712C0308F0ED0508BB
:10F0200091290308D8ED0508632A0308A8ED05080F
:10F0300004000200D9290308C0ED0508072B0308C6
:10F04000A8ED050808000400512A0308D8ED0508BA
:10F05000532B0308F0ED0508E92F0308F0ED050830
:10F06000812A0308D8ED0508C12C0308D8ED05084E
:10F07000A32A030828FB050800006C000102000316
:10F080000400050600000007992F03085D2B030804
:10F0900051290308CD2E0308812D03087529030883
:10F0A000A8EF050828FB0508800072000100000099
:10F0B00000000002000000003D300308F12F0308AB
:10F0C0008F00000011000000CCF00508AA19000014
:10F0D000A8FC05081A1A0000A43706081A1B00002D
:10F0E00050010608FA1C0000BC080608521E000069
:10F0F0008C3E0608821E0000004006082A1F000001
:10F100001C020608AA1F00005840060872200000D2
:10F11000C04006083222000054430608A222000024
:10F12000984406088A23000040450608AA230000E8
:10F13000D845060832250000DC460608DA2500001E
:10F14000C84706086A260000F806060812270000CD
:10F15000AC490608870000001000000060F10508B7
:10F16000FA010000E8FC0508FA1A00006C05060820
:10F17000E21B0000EC380608A21D0000A4390608B6
:10F18000E21D000088010608922000009C0206088B
:10F190009A0300002C060608DA2100006C420608DB
:10F1A0005A230000746D06084A260000F06E060817
:10F1B0009A2600006C0706085A270000984A06089D
:10F1C00002280000404C0608DA180000C436060881
:10F1D000FA180000D4420608AA000000ECE2050874
:10F1E00028FB050800002D040001000000020000BB
:10F1F00000000000353103089D30030828FB050896
:10F200000000750001000000000000000000000286
:10F210005933030818F2050844E8050827000000E0
:10F220000400000028F205088A00000068F20508C2
:10F23000C200000058F20508CA18000050F2050884
:10F240008218000048F20508D8ED0508D5320308F9
:10F25000C0ED05088D320308E0FA050860F20508E4
:10F26000F0ED05082D330308F0ED05088932030899
:10F2700028FB05088000F4030000000000000001E6
:10F2800000000002733303088CF2050844E8050807
:10F290000F000000010000009CF205087A18000031
:10F2A000A4F20508F0ED05087733030828FB0508EC
:10F2B0008000F403000000000000000100000000D6
:10F2C000733303080100030006000000010003007F
:10F2D0000600000001000300060000008D0303008B
:10F2E0000600000028FB050800005D040100000086
:10F2F0000000000000000002D133030800F30508FD
:10F3000044E805081F0000000300000010F3050892
:10F31000121E000038F305087A25000030F30508B6
:10F320000A1C000028F30508D8ED05087B33030804
:10F33000D8ED050897330308D8ED0508B333030863
:10F3400028FB050800002E0000010000000000005E
:10F35000000000000D340308D8ED05086D350308E2
:10F3600028FB050800007C000103000400020506DC
:10F370000000000089360308E93603081137030846
:10F38000533603084D3703081136030828FB0508D8
:10F390008000F403000000000000000100000000F5
:10F3A0002D36030828FB05088000970401000000A3
:10F3B0000000000200000000EF370308D537030803
:10F3C00028FB050800009802010000000000000072
:10F3D000000200033D380308E0F30508F0F30508D8
:10F3E0005D390308F9380308A1380308000000005C
:10F3F00044E80508370000000600000000F4050896
:10F40000DA01000030F40508EA03000054FC0508A6
:10F41000FA0300000CFC0508F203000024FC0508B8
:10F42000220500003CFC05083A020000FCFB050830
:10F43000F0ED0508C139030844E805084F00000055
:10F440000900000048F405084A020000ACF5050870
:10F450002A1C000098F50508121F000084F5050815
:10F460005A1F000074F50508821F00006CF505089E
:10F470008A1F000064F505088226000044F505088F
:10F480009A27000030F5050882050000B4FB050846
:10F4900044E805089700000012000000A0F40508E9
:10F4A00032190000BCF5050832020000B4F5050869
:10F4B0004A020000ACF50508521C0000A4F505083E
:10F4C0002A1C000098F50508321C00008CF5050880
:10F4D000121F000084F505081A1F00007CF50508BE
:10F4E0005A1F000074F50508821F00006CF505081E
:10F4F0008A1F000064F50508C20300005CF50508DA
:10F500000204000054F505088226000044F50508B1
:10F510008A2600004CF505089A27000030F50508FA
:10F52000FA04000038F5050882050000B4FB050860
:10F53000D8ED0508FF3A0308A8ED0508FEFF030013
:10F54000613A0308D8ED0508133B0308D8ED050818
:10F550007F3A0308D8ED0508293B0308F0ED0508BC
:10F56000B93B0308D8ED0508D93E0308D8ED0508D6
:10F57000E53E0308D8ED0508A53A0308D8ED0508CF
:10F58000CB3D0308D8ED0508D13D0308A8ED0508DB
:10F59000FEFF0300A73B0308A8ED0508FEFF0300DC
:10F5A000B33B0308D8ED05082F3A0308F0ED050832
:10F5B000D53A0308F0ED0508493B0308D8ED0508E6
:10F5C000213A030828FB05080800B90301020003DB
:10F5D0000400000500000006DF3D0308E93B0308C6
:10F5E000913C0308ED3E0308053A030838F405088A
:10F5F00028FB050800008C00010200030400000540
:10F6000000000006DF3D0308E93B0308913C0308C6
:10F61000ED3E0308053A030890F405082CF60508AA
:10F62000040200002CF605082300000028FB050852
:10F6300000000100000100000000000000000000C8
:10F640006940030828FB05080000BA040003000114
:10F65000000200000000000075400308CD400308D0
:10F6600079400308D8ED0508CD41030820090A0DAB
:10F670000B0C0000F7030100000000001CF9050856
:10F68000000000000000000068AB050844E8050821
:10F690000F00000001000000ECF6050844E8050832
:10F6A0001700000002000000DCF6050844E8050829
:10F6B000FF0000001F000000DCF6050844E8050814
:10F6C000EF0000001D000000ECF6050844E8050806
:10F6D000DF0000001B00000004F70508E201000045
:10F6E00064E50508920200005CE50508921E000032
:10F6F000ECF70508BA1D0000DCF70508CA1B00007E
:10F7000004F805089A020000E4F805082204000045
:10F71000D8F80508E2020000CCF805082A04000029
:10F72000C0F805084203000014F905088A04000027
:10F7300008F90508FA250000FCF805083A0400005D
:10F74000F0F805089A040000B4F805087A020000F1
:10F75000A8F80508C20400009CF805088203000010
:10F7600090F805084204000084F80508A202000091
:10F7700070F805080A04000064F805085202000049
:10F7800058F805085222000050F80508D22400005D
:10F7900048F80508CA1A00007CF805087A0300003A
:10F7A00040F805080205000038F805081A030000B3
:10F7B00030F80508FA02000028F8050802030000E6
:10F7C00020F805082A03000018F8050812030000B5
:10F7D00010F80508D21C0000F8F70508C8FA05085B
:10F7E000E4F70508D8ED050831470308A8ED05083A
:10F7F0000400020045560308A8ED050806000200B3
:10F8000075530308A8ED05080600020045550308D6
:10F81000F0ED050825470308F0ED05081947030832
:10F82000F0ED05080D470308F0ED05080147030852
:10F83000F0ED0508F5460308F0ED0508E943030877
:10F84000F0ED0508DD430308D8ED0508575103081E
:10F85000D8ED050851510308A8ED0508080004007B
:10F860008D450308A8ED050808000600B14B030804
:10F87000A8ED0508FFFF03000D650308D8ED050896
:10F880001D450308A8ED0508040002006D5003089B
:10F89000A8ED05080400020063500308A8ED050860
:10F8A0000400020059500308A8ED050808000400F0
:10F8B000435F0308A8ED0508080004003D5F030846
:10F8C000A8ED050808000400A74B0308A8ED0508EB
:10F8D000080004009F4B0308A8ED05080800040079
:10F8E000954B0308A8ED0508080004008D4B03089C
:10F8F000A8ED050806000200555D0308A8ED0508FF
:10F90000FFFF0300A54E0308A8ED0508060002004E
:10F910001D5C0308D8ED0508F543030828FB05081E
:10F920000000420001020000030004050600000779
:10F9300055530308D149030895560308254E03087B
:10F940005D420308EF470308BCF6050828FB0508DD
:10F9500000009700010200030400050607000008EC
:10F960009D53030815660308CF65030895560308E1
:10F97000196803086D650308EF470308CCF605080E
:10F9800028FB050880014201010200000000000080
:10F9900000030004116A0308ED680308A4F90508D0
:10F9A000E8F90508B96A03088569030815690308B9
:10F9B0000000000028FB05088001C30201020000CE
:10F9C0000000000000030004116A0308ED6803084A
:10F9D000D8F90508E8F90508B96A03088569030834
:10F9E000156903080100000044E805085F000000F5
:10F9F0000B000000F8F90508EA03000054FC0508B4
:10FA0000F203000024FC0508FA0300000CFC0508C2
:10FA1000220500003CFC05082A250000E4FB05083F
:10FA2000C2260000DCFB0508921D0000D4FB05087F
:10FA30003A020000FCFB05081A1E000050FA0508F7
:10FA400062000000D4E405086A000000F0FB05082D
:10FA5000F0ED0508F96A030894FA050800000000B3
:10FA600044E80508170000000200000070FA0508CD
:10FA7000520200008CFA0508E202000080FA050834
:10FA8000A8ED050808000400E96B0308D8ED050897
:10FA9000F96B030828FB050800009D000102000324
:10FAA0000400050600000007BD6C0308656B030831
:10FAB000356C0308396D0308016E0308496B0308B0
:10FAC00060FA0508B7D5B10028FB0508000045001D
:10FAD0000100000000000000000000001971030890
:10FAE00028FB050800009400010000000000000051
:10FAF0000000000019710308D8ED0508397D0308DE
:10FB0000D8ED0508157D030828FB050800009A00BC
:10FB1000010200000003000000000000CD7C03088B
:10FB2000757503080570030828FB050800009E0092
:10FB3000010203000004000000000000B177030888
:10FB40000D710308B575030881760308BEB8B3BC10
:10FB5000B6C20000000000000000B9BB00000000B9
:10FB60000000C4D8ADBDD1ACD6C1BFB5D7C0C6B2F8
:10FB7000B0CED4C8CAD0C7D2CDCBC9D3CCCFC5C3E1
:10FB8000BA00AE1410AB12B4AF000000A8ED050827
:10FB9000FFFF0300C96E030828FB05088000A500CD
:10FBA000010000000000000200000000AD7D03081D
:10FBB0006B7D0308D8ED0508517E0308D8ED0508D4
:10FBC000337E0308C0ED0508137E0308D8ED050851
:10FBD000F57D0308F0ED05088F810308F0ED0508B9
:10FBE0003F840308A8ED050806000400F583030818
:10FBF000A8ED05080800080089810308F0ED050854
:10FC000063810308F0ED0508B5810308A8ED050838
:10FC100004000200C3800308A8ED050806000400E4
:10FC200037850308A8ED05080600040031850308A0
:10FC3000A8ED0508080004002B850308A8ED0508B9
:10FC40000800040025850308A8ED0508040002004B
:10FC5000CB830308A8ED050804000200C583030850
:10FC6000A8ED05080A000200B18D0308A8ED0508FB
:10FC70000600020045910308A8ED050806000200F1
:10FC80003F910308A8ED050806000200399103081A
:10FC9000A8ED05080C000600E98F0308A8ED05088B
:10FCA0000200000071910308E0F10508B0FC0508AE
:10FCB00044E805081700000002000000C0FC050829
:10FCC000BA000000AA190000AA190000F4E405080F
:10FCD0008B000302220000004E0003021A00000005
:10FCE000A903030228560608E0F10508F0FC050800
:10FCF00044E805081F0300006300000000FD05083C
:10FD0000BA000000FA010000721800004401060861
:10FD1000A218000060FC0508B21800008800060860
:10FD2000F2010000CCE50508120200001CF90508EC
:10FD3000020200006CE50508321B000058E60508C9
:10FD40005A02000044E80508E21C0000C8E8050863
:10FD5000621D0000D0EC05087A1D0000ECEC0508DF
:10FD6000CA1D0000C4F50508F20200004CEF0508AA
:10FD70006203000074F0050892030000A4F0050877
:10FD80001221000028E50508AA030000FCF105087F
:10FD9000EA220000E4F20508E203000060F305082F
:10FDA000BA240000A4F3050862040000F0F5050879
:10FDB000D225000044F60508BA0400004CF90508F5
:10FDC000D204000008FB0508EA04000094FA0508C4
:10FDD000F204000028FB05082A05000098FB05082E
:10FDE0002A020000C8FA0508A2040000E0FA05088B
:10FDF0001A01000024F60508221000001CF6050870
:10FE0000CA0100003C010608D201000034010608C6
:10FE1000DA0100002C010608121A0000240106086D
:10FE20001A0200001C0106082A1B000090FC0508AD
:10FE30002202000014010608FA1B00004000060818
:10FE400062020000080106086A02000000010608BC
:10FE50008202000084FC05088A02000078FC050884
:10FE60000A1D00006CFC0508BA02000050000608DC
:10FE70006A04000048000608C202000030000608BC
:10FE8000CA02000038000608D2020000F800060886
:10FE90008A1E00009CFC0508921E0000F000060867
:10FEA000DA02000020000608021F0000E400060835
:10FEB0000A030000F8FA05082203000000FB050809
:10FEC0003A030000DC0006085A0300001800060888
:10FED00072030000280006089A200000D0000608DF
:10FEE0002A210000C4000608A2030000B80006088A
:10FEF00002220000B0000608B20300001C4D0608F4
:10FF0000BA030000A8000608D20300009C000608FF
:10FF1000DA030000900006081204000080000608C2
:10FF20003204000074000608820400005C00060829
:10FF3000CA040000680006080A010000B0EC0508C9
:10FF4000F2000000B4EB0508FA00000048EB0508D9
:10FF50000201000024EB05081201000000EB050877
:10FF60002201000020EC05082A01000044EC0508ED
:10FF700032010000DCEA05083A01000074E90508D6
:10FF80004201000094EA05085201000068EC0508EF
:10FF90004A01000070EA05085A010000B8EA0508A5
:10FFA000620100004CEA05086A01000028EA050821
:10FFB0007A010000BCE905088201000004EA050896
:10FFC0008A01000090EB050892010000E0E90508B5
:10FFD00012160000FCEB05089A010000D8EB05089A
:10FFE000A201000098E90508AA0100008CEC0508B0
:10FFF000B201000050E90508E2170000E4E8050836
:020000040806EC
:10000000BA01000008E90508021800002CE90508FB
:10001000C20100006CEB0508F0ED050871F3020861
:10002000F0ED0508BDF1020808EE0508FD92030891
:1000300008EE0508F1920308D8ED050801980308B9
:10004000D8ED05087D980308C0ED050863980308FE
:10005000A8ED05080600040025980308A8ED05088A
:10006000FFFF0300CD970308A8ED05080400020078
:1000700057940308A8ED050804000200BD96030884
:10008000F0ED050899960308F0ED0508CD980308F2
:10009000A8ED0508FFFF010019960308A8ED050863
:1000A00006000400AD980308F0ED0508B5950308B7
:1000B000F0ED05084B940308A8ED050804000200C4
:1000C00085980308A8ED0508FFFF0300AF95030816
:1000D000A8ED0508FFFF0300A9950308F0ED05084A
:1000E00085930308A8ED0508020000008D9403081D
:1000F000F0ED05083F940308F0ED05087D93030833
:10010000D8ED050835940308A8ED050802000000A5
:1001100015990308F0ED0508FD930308F0ED0508B7
:10012000EB930308F0ED0508D3930308F0ED050801
:10013000AF930308F0ED05088B930308F0ED050875
:1001400075930308A8ED0508FEFF05000993030851
:10015000E0F105085801060844E8050827000000FA
:100160000400000068010608BA0000001A1B000025
:10017000121C000080E60508BA21000058F30508AB
:100180008210000074E80508E0F1050890010608F7
:1001900044E805084700000008000000A001060828
:1001A000BA000000E21D0000121B00001402060845
:1001B000421C00000C020608C21C000004020608D3
:1001C000621F0000FC010608EA200000F401060896
:1001D000DA200000EC010608D2260000E001060843
:1001E000A8ED050802000000059A030808EE0508BE
:1001F000ED99030808EE0508D799030808EE0508ED
:10020000B999030808EE0508A999030808EE05083E
:100210009999030808EE0508CD990308E0F105084F
:100220002402060844E805082F000000050000002D
:1002300034020608BA0000002A1F0000B2030000C2
:100240001C4D06080A0F0000700206081A1600006E
:10025000B4F90508120A000080F90508EF9A0308AE
:10026000E19A0308499A030800000000700206089A
:1002700028FB05080000E10101000000000000006B
:1002800000020000419A03085C0206089004030281
:10029000000000002203030201000000E0F1050855
:1002A000A402060844E80508770100002E000000BB
:1002B000B4020608BA00000092200000A21C000050
:1002C00030ED05088A22000028ED0508BA26000056
:1002D00020ED0508EA1E000018ED0508CA210000FF
:1002E00010ED05080226000064050608D203000090
:1002F0005C0506081A1D000054050608221D0000B2
:100300004C050608422000004C040608522000005C
:10031000440506084A2000003C0506085A1B000058
:1003200034050608AA2500002C050608B2260000A0
:10033000240506082A1900001C050608C219000039
:1003400014050608EA1900000C050608521B0000F7
:10035000040506089A250000FC040608AA260000E9
:10036000F404060822190000EC040608BA1900007B
:10037000E4040608DA190000DC040608E2190000AB
:10038000D4040608C21A0000CC040608421B000070
:10039000C40406082A1D0000BC040608821D0000D3
:1003A000B40406089A1D0000AC040608B21D000043
:1003B00044040608CA1F0000840406085A210000ED
:1003C0003C0406086A1F0000A4040608721F00000F
:1003D0009C0406087A1F000094040608521F0000BF
:1003E000580406084A2700008C0406087A230000F7
:1003F00034040608EA1B00002C040608321D000025
:1004000024040608EA1C00007C040608F21C000014
:1004100074040608DA1D00006C040608FA1F0000C8
:1004200064040608F0ED0508119F0308F0ED0508C7
:10043000B99D0308F0ED0508D59D0308F0ED05080A
:10044000479F0308F0ED05089D9F0308A8ED0508E8
:1004500004000200FD9F0308A8ED0508FFFF05004A
:10046000859B0308F0ED0508B19C0308F0ED050835
:10047000BD9C0308F0ED0508C99C0308F0ED0508D4
:10048000D59C0308D8ED0508739F0308F0ED050817
:10049000359F0308F0ED0508199B0308F0ED0508EA
:1004A000559B0308F0ED0508319B0308D8ED0508BE
:1004B000799E0308F0ED0508C79F0308F0ED0508D5
:1004C000E19C0308D8ED0508859E0308F0ED0508BA
:1004D000EB9F0308D8ED0508919E0308F0ED050891
:1004E000ED9C0308F0ED0508F99C0308F0ED050804
:1004F000059D0308F0ED0508119D0308F0ED0508C2
:100500001D9D0308F0ED0508299D0308F0ED050881
:10051000359D0308F0ED0508419D0308F0ED050841
:100520004D9D0308F0ED0508599D0308F0ED050801
:10053000659D0308F0ED0508719D0308F0ED0508C1
:100540007D9D0308F0ED0508899D0308F0ED050881
:10055000959D0308F0ED0508A19D0308D8ED050859
:100560009D9E0308F0ED0508AD9D0308E0F1050828
:100570007405060844E80508670000000C00000048
:1005800084050608BA000000FA1A0000A21C000048
:1005900030ED05088A22000028ED050882220000BF
:1005A00024060608AA2200001C06060852240000A1
:1005B000140606081A1D00000C060608422000005A
:1005C000040606084A200000FC0506080226000072
:1005D000F4050608521B0000EC0506089A250000E9
:1005E000E4050608F0ED05086DA00308F0ED050828
:1005F000C5A00308F0ED05081DA10308F0ED0508EE
:1006000085A10308F0ED0508D9A10308F0ED050860
:1006100025A20308D8ED050869A20308F0ED050836
:10062000C5A20308F0ED0508A7A20308E0F105083C
:100630003406060844E80508670000000C000000C6
:1006400044060608BA0000009A03000042020000B7
:10065000D4E405082A220000EC060608F220000077
:10066000E00606086A230000D40606080A260000F1
:10067000CC06060872190000B40606085A1E0000CF
:10068000C4060608621E0000BC060608B21F000071
:10069000AC060608C2140000C0F30508EA240000F6
:1006A000A4060608D8ED0508C1A30308F0ED050867
:1006B00051A30308F0ED05080510030808EE05082E
:1006C00061A3030808EE050879A3030808EE0508EE
:1006D00007A30308A8ED05080200000085A303088E
:1006E000A8ED05080200000015A30308A8ED050801
:1006F00002000000F9A30308E0F10508000706085E
:1007000044E805083700000006000000100706084E
:10071000BA0000006A2600009A1A00006407060862
:100720003A2200004C070608422200004007060853
:10073000B227000058070608BA2700005807060825
:10074000A8ED0508FEFF0700F9A60308A8ED0508B7
:10075000FEFF0300B5A60308A8ED05080600040087
:1007600001A50308F0ED0508E7A40308E0F105087A
:100770007407060844E80508770000000E00000032
:1007800084070608BA0000009A260000A21900009B
:1007900018050020F2270000A4080608FA27000028
:1007A00090080608DA1E000024080608A2220000AD
:1007B000140806088A1A00006A030000AA20000034
:1007C00084EF0508121D0000080806083A260000FC
:1007D0003056060842260000285606083226000039
:1007E0002056060872210000C4040020E222000006
:1007F000FC0706084B045E045F040000A8ED050832
:100800000400020065A70308A8ED05080200000027
:100810004DA703084CF90508000000000700000080
:10082000269E0508A0E50508050000009A030000C3
:1008300078080608680806080D3E000058080608F3
:100840004408060836040000FE0400001D030000F2
:100850001E0300001C0300004CF905080000000006
:100860000D0000002E9E05084CF905080000000050
:100870001E0000006EAB050894FA05080400000095
:10088000030000003B000000010000000A0000001F
:1008900094FA0508030000000700000009000000AA
:1008A000010000004CF905080000000028000000CD
:1008B0003C9E0508285606083D850308E0F105081A
:1008C000C408060844E80508C70000001800000036
:1008D000D4080608BA000000FA1C0000021D00003F
:1008E000940906089A0C0000030000007A0C00002E
:1008F00005000000420C00000B000000020C00008C
:1009000013000000F20B000017000000820C000032
:1009100019000000E20B00001B000000220C000088
:1009200023000000720C0000270000004A0C0000A9
:100930002B0000003A0C00002D000000920C00007B
:10094000BF000000EA0B0000C50000000A0C000018
:10095000CF0000001A0C0000D10000006A0C00005B
:10096000D30000008A0C0000D7000000A20C000099
:10097000DD000000120C0000DF0000002A0C000067
:10098000E3000000FA0B0000E5000000320C00005C
:10099000E700000044E80508B6000000160000006B
:1009A000A4090608030000009A0C000005000000DE
:1009B0007A0C00000B000000420C00001300000045
:1009C000020C000017000000F20B000019000000EC
:1009D000820C00001B000000E20B0000230000005E
:1009E000220C000027000000720C00002B00000009
:1009F0004A0C00002D0000003A0C0000BF0000006F
:100A0000920C0000C5000000EA0B0000CF000000BF
:100A10000A0C0000D10000001A0C0000D3000000F6
:100A20006A0C0000D70000008A0C0000DD00000006
:100A3000A20C0000DF000000120C0000E300000028
:100A40002A0C0000E5000000FA0B0000E70000009F
:100A5000320C0000FAAA0308FAAA0308FAAA03084B
:100A6000FAAA0308FAAA0308FAAA0308FAAA0308CA
:100A7000FAAA0308FAAA0308FAAA0308FAAA0308BA
:100A8000FAAA0308FAAA0308FAAA0308FAAA0308AA
:100A9000FAAA030878B60308DAB50308B8B503085C
:100AA00066B5030830B50308FCB403084AB403086C
:100AB00016B40308DEB303081CB30308ECB2030842
:100AC00044AD03080EAD0308FAAA0308FAAA030806
:100AD000FAAA030832AE0308E8AD03089AB6030881
:100AE00044B603081EB60308FCB50308B2B40308F5
:100AF0007EB4030886B303084CB3030838B0030878
:100B000012B00308F6AF0308B4AF030870AF0308D0
:100B100038AF0308FAAE0308BAAE030892AE030872
:100B200068AE0308B4AD030884AD030810AC030835
:100B3000CCAB0308FAAA0308FAAA0308FAAA030826
:100B4000FAAA0308FAAA0308FAAA0308FAAA0308E9
:100B5000FAAA0308EEB00308FAAA0308E0A80308FB
:100B600066B203083EB203081AB20308F8B10308DC
:100B700090B1030816A9030816A903085EB003087C
:100B800074B00308FAAA0308FAAA0308FAAA030829
:100B9000FAAA0308C8B60308C2B60308BCB603081D
:100BA0003EB60308E4B40308D2B40308C0B3030894
:100BB000E8B20308CCB20308CAB20308B2B2030811
:100BC00094B203084AB10308CEB00308C4B00308C6
:100BD000A4B00308FAAA0308FAAA0308DAAF0308C4
:100BE000CEB70308ACAB03089CAB03088AAB030881
:100BF000DAAA030830AB0308F6AC0308FAAA030824
:100C0000FAAA0308FAAA0308FAAA0308FAAA030828
:100C1000FAAA0308D6AC0308D6AC0308D6AC03087E
:100C2000D6AC0308D6AC0308D6AC0308D6AC030890
:100C3000D6AC0308D6AC0308D6AC0308D6AC030880
:100C4000D6AC0308D6AC0308D6AC0308D6AC030870
:100C5000D6AC0308D6AC0308D6AC0308D6AC030860
:100C6000D6AC0308D6AC0308D6AC0308D6AC030850
:100C7000D6AC0308D6AC0308D6AC0308D6AC030840
:100C8000D6AC0308D6AC0308D6AC0308D6AC030830
:100C9000D6AC0308D6AC0308D6AC0308D6AC030820
:100CA000D6AC0308D6AC0308D6AC0308D6AC030810
:100CB000D6AC0308D6AC0308D6AC0308D6AC030800
:100CC000D6AC0308D6AC0308D6AC0308D6AC0308F0
:100CD000D6AC0308D6AC0308D6AC0308D6AC0308E0
:100CE000D6AC0308D6AC0308D6AC0308D6AC0308D0
:100CF000D6AC0308D6AC0308D6AC0308D6AC0308C0
:100D0000D6AC0308D6AC0308D6AC0308D6AC0308AF
:100D1000D6AC0308AEAC0308AEAC0308AEAC030817
:100D2000AEAC0308AEAC0308AEAC0308AEAC03082F
:100D3000AEAC0308AEAC0308AEAC0308AEAC03081F
:100D4000AEAC0308AEAC0308AEAC0308AEAC03080F
:100D5000AEAC03088EAC03088EAC03088EAC03085F
:100D60008EAC03088EAC03088EAC03088EAC03086F
:100D70008EAC03088EAC03088EAC03088EAC03085F
:100D80008EAC03088EAC03088EAC03088EAC03084F
:100D90008EAC03086EAC03086EAC03086EAC03089F
:100DA0006EAC0308FAAA0308FAAA0308FAAA030811
:100DB00046AC030846AC030846AC030846AC03083F
:100DC00046AC030846AC030846AC030846AC03082F
:100DD00046AC030846AC030846AC030846AC03081F
:100DE00046AC030846AC030846AC030846AC03080F
:100DF00046AC030846AC030846AC030846AC0308FF
:100E000046AC030846AC030846AC030846AC0308EE
:100E100046AC030846AC030846AC030846AC0308DE
:100E200046AC030846AC030846AC030846AC0308CE
:100E300046AC030846AC030846AC0308FAAA03080C
:100E4000FAAA0308FAAA0308FAAA0308FAAA0308E6
:100E5000FAAA0308696D706F727420008C28060866
:100E6000D4200608F81E0608C01B0608341A060817
:100E70005414060810140608F8110608080F06088E
:100E80006173796E63696F2F5F5F696E69745F5F0D
:100E90002E7079006173796E63696F2F636F72656D
:100EA0002E7079006173796E63696F2F6576656E58
:100EB000742E7079006173796E63696F2F66756E39
:100EC00063732E7079006173796E63696F2F6C6F35
:100ED000636B2E7079006173796E63696F2F737421
:100EE0007265616D2E707900756173796E63696FDB
:100EF0002E7079006468742E7079006F6E65776962
:100F000072652E7079000000280F0608140F06087D
:100F10007C0F0608180F060894FA05080200000066
:100F20000600000001000000740507001F031F05F4
:100F30001E05140511005204DF030C024A02950439
:100F40007F0481047E000C050E05A40086051D05A6
:100F50009C04360521057303330524002C05170076
:100F600016001A00220589007E0548056B00A200C4
:100F700080056A0555054000750300000000020069
:100F8000D5110608880F0608C8110608900F060834
:100F900000000200781106089C0F06085F11060881
:100FA0004411060836110608281106080211060821
:100FB000F2100608E2100608C9100608AC10060870
:100FC00073100608D90F0608CC0F06082206171F53
:100FD0002812181417B13601637308151F2526B09F
:100FE000140B36004343230063B01410B0131636BD
:100FF0000159B143461227883401C11227883401B0
:10100000C380C4228040C58042DC8057C680C78030
:1010100042C78057C8B0140C3600C9B0140C360053
:101020004448B94443230063425AB94357B2B5D840
:10103000434EB1B65581B8F0EF4449B2B5DC4444F3
:1010400081C9B5C4B0140FB9360159B94446B78146
:10105000B8F0E0C7B581E6C581E55788D743B37FCF
:1010600059B7B3B65681E55788D7439E7F59B3B475
:101070002A02634904141F2B00C1228041C250C3BD
:1010800080425F57C4B01415B3B236023002C3C2F7
:10109000B34446B1B32B01E5C1B280D944424249C1
:1010A00081E55722817FD7431A59B1632206121F67
:1010B00024B0140B360059B01410B0131336015974
:1010C000B01411B136015951635206111F21B15F9D
:1010D0004B0EC212181410B01307B2360259423028
:1010E00051632A06101F2312181410B01307B136CB
:1010F00002632A060F1F231218140FB01307B1360C
:1011000002633A060E1F211222B134018042505769
:10111000C21218140DB013073601B1B25681E5584A
:101120005AD7432B5959516319040D1F1218140D26
:10113000B0130736016319040C1F1218140CB013F6
:1011400007360163AA01060B1F201218140BB013F7
:10115000073601C2B14446B24343120365B2632A63
:1011600006061F07B1B01807B013071408B113091A
:10117000B1130A3602595163080204111B161C10E0
:1011800004161D2281701616228055161322814CDA
:10119000161E32001606502A01533301160B320276
:1011A000160C3203160D3204160E3205160F3206D7
:1011B0001610320716113208161232091614320AA6
:1011C0001615320B16175163000203111B161C1063
:1011D00003161D516318020180511B021618543268
:1011E00000100311193403160354320110043402A1
:1011F00016041005161A5163181206080412060880
:10120000541206081A1C0000622A00001012060878
:10121000ECEC0508CDCCCC3D54050700D3040E04FE
:101220008303540493005A0579056B0417051505CB
:10123000160514051100520448056F05670593054E
:10124000590014032C05170016001A0089004000ED
:101250002400000000000200831306086012060844
:1012600014130608D41206086C12060800000200C7
:10127000BE12060878120608A9120608801206088F
:101280002104131AB01310825522807FEF88F0B02A
:1012900013108355ED2302F4C1B01310825522813F
:1012A00000EF4443B1D1C1B1631904121AB0131055
:1012B000805588F0B013108155ED2302F4630002CD
:1012C0000C11171618100C161932001612320116CE
:1012D0001351630000000200FC120608E012060829
:1012E000F2120608E81206081104131AB01310824D
:1012F00055631104121AB0131080556300020B11CC
:10130000171618100B161932001612320116135147
:1013100063000000000002006E1306082013060898
:101320005B130608281306082104111AB01310C114
:101330001204B0130FB1340259B18055B18155F286
:10134000B18255F2B18355F222817FEFB18455DC31
:101350004447121C230134016551631A060E1A0F0B
:10136000B1B0180F121B853401B018105163000280
:101370000A11171618100A16193200160E32011625
:1013800011516318020180511B02160280511B0388
:1013900016031114110323003402444E8010042A52
:1013A000011B031C04160459427D11021305140687
:1013B00010073601444E8010042A011B071C041636
:1013C00004594263110213051008D9444E801004D9
:1013D0002A011B091C04160459424C111511021351
:1013E000053401130416041903543200100A3402A0
:1013F000160A543201100B110A3403160B54320230
:10140000100C110A3403160C100D1616516300004F
:101410001C140608000000002814060895050700A3
:101420000E003C0543055700000002004814060862
:1014300034140608381406082104020480511B03E2
:10144000C11205B1B034026300020132001602512C
:1014500063000000641406086014060808150608F6
:101460007CF60508420507004E0501002605240507
:1014700098053A0545054605750586019F03BB0499
:10148000BF039E02AD0467038B05230520059F055E
:101490008705560532057B058C05AE04A002A40223
:1014A00044030404510537059105B8045D01560352
:1014B0008E05A40057051100850594037605650582
:1014C00047007D007A057E007C057F000803090344
:1014D000C40423038805D3045C0477052705280585
:1014E000170016001A0066055A0430004B05470520
:1014F0008900480541048F0522046B00960571059B
:1015000022005D055C05920500000200D71906085F
:1015100014150608D017060823170608F415060840
:101520006715060828150608B8C4010A2646474864
:1015300049B280DC4345B37FDC445A124AB13401DE
:10154000C1B37FD94446124BB13401C3B1B2B2B377
:10155000F22E0255C1B01427B1360159B014283605
:10156000005E516859516381D6010C1A44414245CD
:101570001280511B0DC5B5140EB1B236028055C68E
:10158000B5140DB680553601C7B714105036015941
:10159000B7141BB5131CB5131D81360359B7141EA0
:1015A000B67F55360159B7141FB3360159120534A9
:1015B00000C812021420B81421B7B0B436033601A3
:1015C000B81822480D120214238036015E51685962
:1015D0004A1D5712021324DF4454C9490AB8132282
:1015E0001425360059B96551C928095D4A015DB80D
:1015F000630000000000020002170608001606083B
:10160000FB160608E2160608D0160608C2160608DB
:1016100014160608F8460A21462A441250B0183615
:10162000480D120213181430B1360167594A235776
:1016300012021324DF445AC44910B1142E36005943
:10164000B0133644425163B4655151C428045D4A15
:10165000015D480BB1143736003002C5C64A065941
:1016600040DA80015DB344764810B31415B51038E4
:1016700052101750368401C54A24571243DF445D87
:10168000C7491312021339143AB7360159B5142E4B
:1016900036005940680251C728075D4A015DB514FC
:1016A00010503601591204B52C01B6103B623402B9
:1016B000C812021420B2B8B8340236015942E07E92
:1016C00051639140040646B013225E51685951633C
:1016D00011042E4652B01836B01322142536005984
:1016E0005163A8440A35464F5051B0142E36005964
:1016F000B0140636005E516859516389400434467F
:10170000B063000205113E163F1005164032001668
:1017100034320116353202162E3203160632041602
:1017200021516388D6010A0A4142121680100B2A01
:10173000011B0C1C0BC45980511B0DC5B5140EB0F8
:10174000B180B5130F36048055C6B5140DB680555B
:10175000B68155B682553603C7B7141050360159B5
:10176000480BB71411B67F553601594A1B5712431F
:10177000DF4454C8490AB8130CB4DC4442B865517C
:1017800051C828085D4A015DB2446DB252DE444E34
:1017900080511B12C9B91413B913143601C2B343D3
:1017A00042B0C3B21415B71016B3101750368401E7
:1017B000C7B71410503601591204B73401CA1202C7
:1017C00013181419B736016759BABA2A0263000010
:1017D0000000020099190608DC170608831906089C
:1017E00078190608721906086319060826190608EA
:1017F0000A190608C8180608901806085A18060894
:1018000004180608C140042846B0132C434B1202AA
:1018100014238036015E516863124AB0132C3401E0
:10182000C180C24265120213181419B0132A36017E
:101830006759B0132A1427B1B2512E02553601C38D
:10184000B351DED34444B2B3E5C2B2124BB134015A
:10185000D743122300B0182C51632A06274647B0FD
:10186000132C4361B0132A1427B13601C2B2124BB4
:10187000B13401D944425163B251DED34447B1B2CD
:10188000512E0255C1B057132CB1E55A182C516393
:10189000A9400433462300C1120213181430B013B8
:1018A0002A36016759B0132A14333600C2B251DE0A
:1018B00044424250B1B2E5C1B24447B17F558AD9E2
:1018C0004442B16342125163B2400632464D230096
:1018D000C24272120213181430B0132A360167592B
:1018E000B0132A142FB13601C3B351DED3445612BC
:1018F0004BB334014343124E65B2B3E5C2B1124B50
:10190000B33401E6C1B1430BB263A240063146478E
:10191000120213181430B0132A36016759B0132A73
:101920001431B1360163B241062F464D2300C21275
:101930000213181430B0132A36016759B0132A1451
:101940002FB13601C3B351DED34454B180DB4442DE
:10195000B363124BB334014342B263B2B3E5C24244
:101960000E51639140040646B0132A142E360059D6
:10197000516309042E4651631A062D464CB0132BB1
:10198000B15563A3010829462A2BB1B0182AB2B079
:10199000182B2300B0182C5163080204113E163F87
:1019A000100416402C002A01533300162932011668
:1019B0002D3202162E320316067F2A0153330416E7
:1019C0002F32051631320616323207163332081618
:1019D000273209162851631002018110022A011BC7
:1019E000031C02160259543200100434021604116A
:1019F00004163C1104163D51512A02533301160AB4
:101A000054320210053402160585512A025333035D
:101A1000161A807F2A025333041626110413061166
:101A20000418071126110418081126110418095169
:101A300063000000441A0608401A0608801A0608C7
:101A4000DA280000410507004E0501001A051100C3
:101A5000C404E3029D056C0591044C047800200346
:101A600069043B05740375035D010803090317004E
:101A700016001A00890032005D055C059205000021
:101A800000000200A31B06088C1A0608901A06081C
:101A9000000002007E1B06089C1A06086B1B060845
:101AA000611B0608281B0608D01A0608C21A060879
:101AB000B41A0608A8440A14181A1B1CB0140A36D3
:101AC00000639140041318B0140F36005E51686330
:101AD000B942040F18B0130680DC44C580B0130867
:101AE000140E12021310360159B01308120213100B
:101AF000181148055167594A295712021312DF4439
:101B000060C14916B0130612021310D9444A81B0BD
:101B10001806B0140A360059B16551C128015D4A52
:101B2000015D81B01806526319040A18B0130681CA
:101B3000DC444712192300340165B01308140B3636
:101B4000004458B01308140C3600B01806120213E3
:101B50000D140EB01306360159424480B0180651D8
:101B60006311040918B0130681D9631104051880A4
:101B7000B01806120214073600B0180851630002AC
:101B80000411151616100416173200160532011628
:101B9000093202160A3203160F32041613320516E2
:101BA0001451631002018110022A011B031C02164A
:101BB000025954320010043402160451630000002C
:101BC000D01B0608CC1B0608281C0608522A000059
:101BD000400507004E050100B7042B057F053505BC
:101BE000750356035D019905340551057403A20080
:101BF0003D002A059A05B8046205C40480008E03DE
:101C000020036904A9009C0544052100E504170090
:101C100016001A0094006B006100330032005E0071
:101C2000900505005905000000000200C01E0608CE
:101C3000341C06087E1E0608071E0608F71D060847
:101C4000CC1D0608481C060800000201B31C06084B
:101C5000541C0608731C06085C1C060849041A2953
:101C60002B00B05F4B0CC11202140CB136012F14C3
:101C7000423263B9040C17292929282A250213089E
:101C80001205DED3444251632500434E1224B412A0
:101C90002534024345B42701424C250181E6270142
:101CA000250144425163120213181419250236010A
:101CB000595163F0CA80C04085011406000708B07E
:101CC000B7B8200003C23201B13401C38027071224
:101CD00023B334018042C48057C4B3B455131552A2
:101CE000DE444EB2B3B4551815250781E5270742E7
:101CF00069B3B4551315435B1224B3B455130812DA
:101D0000253402434C250043481223B33401D12724
:101D10000742471226230034016581E5585AD7430C
:101D2000B67F59591202130E270850C5250780D8CF
:101D3000446612052508180848055167594A19577D
:101D40001202130ADF4450C6490652C5B62707518E
:101D500051C628065D4A015D1223B334018042DA80
:101D60008057C4B3B4551315B2DE445352B3B455BF
:101D70001815B54448B3B4551409360059427A12BF
:101D800024B3B455130812253402444CB3B455138C
:101D900008130FB3B45642612500444AB3B4551337
:101DA00008B3B4564253122425071227340244497B
:101DB000B3B45513082707424081E5585AD743A0CA
:101DC0007F595925074443250765B3630000020086
:101DD000E21D0608D81D0608DC1D060809041628A1
:101DE0005163080205111F16201005162111223219
:101DF000003401161651632A06121C1E120BB0B1D4
:101E000012021313340363DB43080B1C1E0412027B
:101E1000140CB03601C0B151DE4445B05E51686368
:101E20001202140D12071202130EB034023601C34F
:101E3000480AB2B134015E5168594A32571202134E
:101E40000ADF4469C4491FB4130FC5B551DE4448C5
:101E5000B31409360059B465B552DE4446B41310C4
:101E6000815563B5655151C428045D4A015DB314C1
:101E700009360059B35E5168591202131165D242F6
:101E800006071B1C4809B15E5168C252C34A165767
:101E9000121DDF444FC4490551C2B4C35151C42877
:101EA000045D4A015DB0130851DE4452B014093696
:101EB00000444B1202140AB3B23602B01808516340
:101EC0001802018110022A011B031C02160259325A
:101ED000001607110213042A01533301160B3202B4
:101EE0001612543203100534021605532C005010FC
:101EF0000662330416145163041F06080000000034
:101F0000441F06083F0507004E0501001805E503BC
:101F10002905E1011100C404E3029D0569058C0057
:101F20002003690478004C04460097057403750388
:101F3000E60332057A052600170016001A0089000C
:101F40007D05AE030000020097200608501F06081A
:101F5000E81F0608581F060800000200C41F0608F4
:101F6000641F0608BA1F0608A71F06089D1F06085B
:101F7000931F0608781F0608994004131DB0130923
:101F8000434B120213171418B03601675980B0186A
:101F90000951631104121D80B01809516311040D19
:101FA0001D81B0180951632308161D1E1FB183D966
:101FB0004446B01309B2F4637F631104081D80B076
:101FC00018095163000206111A161B1006161C325E
:101FD000001608320116163202160D32031612329E
:101FE000041613516300000000000200762006086A
:101FF000F41F0608632006085B2006083620060842
:102000002C20060808200608994004131DB0130967
:102010004358B0130B140F12021314360159B013A6
:102020000B12021314181551675952631104121D33
:1020300050B01809516321040D1D42501202130EB5
:10204000140FB0130B14103600360159B0130B14D3
:10205000113600432752B01809516309040C1DB012
:102060001309631104081D50B018091202140A362E
:1020700000B0180B5163000204111A161B1004164D
:102080001C320016083201160C3202160D320316ED
:10209000123204161351632C02018110022A011B13
:1020A000031C02160259543200100434021604486C
:1020B0001580511B05160554320110061105130732
:1020C000340316064A0A571119DF4443594A015D81
:1020D00051630000FC200608E0200608D421060811
:1020E000EC200608822A00009A2B00004CF9050813
:1020F000CDFD00001F0000008C9E05083E05070076
:10210000E004DF04DD04E204D304A604E302E202F7
:102110001B0391055D012A0570055E056005250517
:1021200019051C05B804C404B704340551058A0018
:10213000690483054C044F0472009B057800750305
:1021400069039B004905A200810539056305520515
:10215000720511005C05130019001A035704780575
:102160002F058E04450246022C042E05F8047A053C
:102170007B058000E703820596004700890531054D
:1021800064055305A903C60461054F055C04940565
:1021900021002400300574033805170016001A00CA
:1021A00090058A0513045E0044056100590036005D
:1021B000580020036E0533003205430084059E0558
:1021C00032008900850568055B005805C7036D0569
:1021D0004D057B0000000200B0270608E02106083C
:1021E000A327060896270608242706080A270608B4
:1021F000F826060814250608FE240608D624060834
:102200007C2306086E230608682306084C2206086D
:10221000412206082E2206081C22060800022A1265
:10222000083400175B12123400175E1213630802A1
:1022300029124D51DE444712622302340165124DCA
:10224000639280010628606112136300000002009F
:1022500034230608582206082A23060810230608F5
:1022600002230608EA220608E5220608DA22060802
:10227000D2220608922206087C2206081904246A43
:10228000121313414504121313431213B0340259AD
:102290005163420643696A126BB1100E5510441225
:1022A00006134534820159126B1046B110105510B7
:1022B00047B11010551322104412061345348204FE
:1022C0005912061448B1100F55120613453602591B
:1022D0005163000242121313416311044068B012AB
:1022E000131841516300023F516310023E124E51D8
:1022F000DED3444C125B141A124E36015951174E5C
:10230000516319041B56121B1217B03401340163B8
:1023100010023D120912273400125A3400340217F9
:102320004E121B124E340159516311041822121817
:10233000B0340163000213114F165010131651519F
:102340001641320016183201163D3202161B3203B6
:10235000163E3204163F3205164032061642320748
:102360001643320816245163804002275163190432
:102370002622121B1218B03401340163F103041B2E
:102380005C120C124B2A02C1120C125D2A02C2818D
:10239000C3427E7FC3125B141C3600C4B444531284
:1023A00054801203B4131D1249340034023402C3A2
:1023B0004257125E131E435151174DB04445B0139E
:1023C000154342516383C34240125E141FB336016A
:1023D00059B380D843BC7F125B14203600C4B417B5
:1023E0004D4822B41321C5B5434BB41322141951DF
:1023F000360159424D51B41821B413221423B53675
:1024000001594ACC0157B1DF44C581C649BA01B46C
:10241000B0DEC7B7445D51174D1257B6125D340296
:10242000434650B41815B665B4131551DE444450F4
:10243000B41815B4131544E480B4131552DE444C9B
:10244000B7444350424151B418154278125FB41357
:102450001534014450B41415B4B636025950B418AA
:102460001552C7425F4250125B141AB41315142060
:10247000360036015952C7B41315141C36004327D1
:1024800050B41815B743501257B6B234024348122D
:102490005B141AB4360159B6B418214262B413154C
:1024A00051DE445BB5B41821B5124C100F56B4126E
:1024B0004C10105612131424124C3601594240B4D9
:1024C000B0DE4444B61325635151C628065D4A0167
:1024D0005D42BB7D5163210418221258B01019349B
:1024E000024347125923013401651209B0125A34CC
:1024F000003402C1125B141AB1360159B1631904D8
:1025000017561257B0120934024442B0631218B081
:102510003401630000000200CF26060820250608CB
:10252000BB2606085226060837260608282606086F
:1025300019260608D82506083C25060862061F63EA
:1025400067B01331143CB136015F4B89013002C2D0
:10255000C3B0131E1266B2340155C4B3120713354B
:10256000D2EF4456B4805551DED3444E125B141A58
:10257000B4805536015951B48056B312071334D282
:10258000EF4456B4815551DED3444E125B141AB455
:10259000815536015951B48156B4805551DE4450AD
:1025A000B4815551DE4449B01437B2360159426303
:1025B000B4805551DE444FB013311436B2120713B4
:1025C00035360259424DB013311436B21207133466
:1025D00036025942F47E51636A063B630B51C2B026
:1025E000131E5F4B1FC3B0131EB3553003C4C5C6C3
:1025F000B4B1DE4345B5B1DE4448B6C25959595964
:102600004242421FB251DED34449B01437B63601BC
:102610005942424242420651632A063A6364B01468
:1026200032B18136025951632A06396364B01432DB
:10263000B18036025951632206376364B0131E120B
:1026400066B13401535B56B013311438B1360159B9
:1026500051634B08326364651266B13401B0131ED6
:10266000DDD3446F5151B12B03C3124DB3B256B3F6
:10267000B0131E1266B1340156B013311433B1B227
:1026800080D94446120713344244120713353602E8
:10269000594261B0131E1266B1340155C4124DB4D3
:1026A000B256B013311436B1120713341207133572
:1026B000ED360259B0124D1821516311042B6312EB
:1026C0000714303600B018312C00B0181E516300CA
:1026D0000212114F1650101216513200162B3201F1
:1026E000163232021637320316393204163A3205E0
:1026F000163B3206161F516321041652121412554E
:10270000B0228768F43401340163B20106145253D5
:10271000120412493400125480B034023402B11849
:1027200015B16300000002007D2706083027060867
:102730006C270608662706083C27060821042E6336
:10274000B0131551DED34452125B141A124DB0135C
:102750001536025951B01815516351B0132C182F6A
:10276000B0132C65516309042D63B06311042B630E
:1027700051B01815125D3400B0182C5163000211CD
:10278000114F1650101116513200162B3201162D12
:102790003202162E516300020D114F1650100D1605
:1027A00051516300020C114F1650100C1651516319
:1027B0002C0201801002100310042A031B051C02C6
:1027C00016491C0316031C0416045980511B0616D7
:1027D0000680511B071607481480100810092A02AA
:1027E0001B0A1C0816081C091609594A165981109B
:1027F0000810092A021B0B1C0816081C0916095987
:102800004A015D543200100C114A3403160C543244
:1028100001100D114B3403160D2C032300100E6212
:1028200051100F6251101062164C543202101134C4
:10283000021611111134002A015333031614320405
:1028400016165432051012340216123206161732BA
:10285000071618512A01533308161B32091626325F
:102860000A162751174D51174E54320B10133402CC
:10287000161380802A0253330C1628320D16293283
:102880000E162A112A34005951630000C828060880
:1028900098280608F4280608B4280608D22C000058
:1028A0004A290000AA2B0000622C00003A290000EF
:1028B0004229000094FA0508030000000700000008
:1028C00001000000010000003D05070005004E0565
:1028D0005F05990562055B0518056B051A058D05F1
:1028E0000E0056002C052D0543052000570014034B
:1028F00058000000000002003729060800290608D9
:102900000429060849040C10120F140DB0513602A8
:10291000C1B151DE44461211B034016512121213D6
:10292000B1121434005152813405B03402C2B212D3
:10293000143400B056B2631002018110022A011B48
:1029400003692300160E2C0A1004100562100423DC
:1029500001621004100662100710086210072302BB
:10296000621009100A62100B230362100B23046229
:10297000100B230562100B230662160F3200160C93
:102980005163000094B40508140500800A0000009B
:102990008C000000582C0608CC2B0608AC9E0508BD
:1029A000B29E0508B89E0508BE9E0508C69E05088D
:1029B000CC9E0508D49E0508D99E0508EB9E050807
:1029C000F09E0508FA9E0508029F05080F9F05085E
:1029D000239F05082E9F0508379F0508429F05087D
:1029E000499F05085C9F0508639F0508709F0508BF
:1029F0007D9F05088C9F0508999F0508A19F0508E4
:102A0000AD9F0508B49F0508BD9F0508C69F050832
:102A1000D39F0508E09F0508EA9F0508EE9F05087B
:102A2000FF9F050804A0050810A0050817A00508C9
:102A300022A005082BA0050832A00508B77B0508D1
:102A40003AA005084EA005085EA005086FA005087D
:102A500080A0050890A005082E7E0508A2A0050804
:102A600011A30508A5A00508AFA005084D7C050821
:102A7000B7A00508CEA00508DBA00508DEA0050864
:102A8000CB9F0508EDA00508F2A00508F8A00508F1
:102A90000BA1050817A1050824A105083EA10508FA
:102AA0001B87050845A105085DA1050863A1050868
:102AB0006D9F050866A1050865A305086AA10508BC
:102AC0006EA105085183050877A105087DA10508B9
:102AD00084A10508D4A005088CA105089BA10508C0
:102AE000B1A10508C0A10508C5A10508CEA105082A
:102AF000D2A10508D9A1050814800508A3940508EA
:102B000019A20508DFA10508E9A10508F1A105083A
:102B1000AB990508F9A1050808A205081EA2050839
:102B200029A2050839A2050841A205084AA20508FC
:102B3000269E050851A205085CA2050868A20508A2
:102B400073A8050874A205087DA205080CA0050855
:102B500000A005088FA205089BA20508AEA20508E3
:102B60008A9E0508B7A20508C2A20508D2A20508D8
:102B7000DEA20508F4A20508F9A20508FDA20508D1
:102B8000C77C05080AA3050818A30508B19905081C
:102B900012A105081BA305081EA305082AA3050802
:102BA00030A30508A5850508F58E05083CA3050892
:102BB00048A3050851A305085DA305086BA30508F4
:102BC00072A305087AA3050884A30508050505076F
:102BD000050704110409070C130A080A0612060C5B
:102BE0000C0E0C070B0608080C0C090310040B064E
:102BF0000A08060707130F10100F11040206090731
:102C000003160C020E070405120B0C190604170517
:102C100002020305030809050607060E150E04083F
:102C2000030605040604090707010E150A0F070825
:102C300006070A0B0B03081103030B1208010A0F06
:102C40000B1504030C060D020104020B050B010415
:102C50000B080B0D0607090B14695D80FD80286FBA
:102C6000E98A92658EE8A7AB19E9B95168D8505D39
:102C7000E128A46FCB11D6BDA00B393139D89C9A6D
:102C8000368B5625664B7C913F981A5F6AC2C068A6
:102C9000243383CCD2A9821F5261B3E5FB7EADD829
:102CA0001016253252601DD345ADB7F776F001639B
:102CB00020B666407189B6BC336EF9C1EC0A6AA9C8
:102CC0007449E84CB711E46E30CFFAD8BEDB095234
:102CD00029C593521E2241B35ADDC8FCF92175491A
:102CE000956DB26D6324C969DB24FCCBD2EB086B14
:102CF00000393A598808034EBCECC74025357CAFF3
:102D00005054C2E426A3AE230FBA3924FC7B1DAE77
:102D10006EBCCBB5890CD3BF0FD8D8638575802026
:102D2000EDA4569679CD1622C95C638B2C4CD4B990
:102D3000B58B6C89CC61EF9325CED6B5E24F58EFB9
:102D400064EFA8149A7DE98DBFF859D45AE8EC7065
:102D5000D1B5289E936FE9DE430817D9D3B58E55B8
:102D6000E3722A9FCB61241BF9ECEE798755CBF3F4
:102D7000000000000000000028FB05080000F20031
:102D800001020000000000000000000349C3030826
:102D9000D1C20308982D060844E805082F0000005A
:102DA00005000000A82D0608EA230000D02D060823
:102DB000F2170000FFFF0100BA0A00000102000044
:102DC000AA0A000003020000B20A00000502000087
:102DD000F0ED0508F1C403080C0A0806A8ED050883
:102DE0000800080005C503089F0403010000000057
:102DF000A104030100000000B5030202801A0600CE
:102E0000E504020250C3000028FB05080000C002D0
:102E100001020000000000000003000465CC03086C
:102E2000EDC903082C2E06084C2E0608FDCB03081E
:102E300000000000F5CA0308CDCB030825CD030828
:102E4000A3CB030851CD03080000000044E80508A7
:102E5000770000000E0000005C2E0608FA1E00003D
:102E6000742F0608F21B00006C2F0608E2240000F5
:102E7000642F0608920400005C2F0608B2040000CC
:102E8000542F0608F2030000482F06082205000010
:102E9000402F06081A240000342F060822240000C0
:102EA000282F0608822800001C2F06089228000000
:102EB000102F06082A240000E42E06083224000001
:102EC000D82E06088A280000CC2E0608A8ED050892
:102ED000FFFF0300C5C80308A8ED0508FFFF0300B6
:102EE00075C80308A8ED0508FFFF03001DC8030807
:102EF000270302010000000021040201000000007D
:102F000033030301000000002A030202080000004E
:102F1000A8ED05080800060039C90308A8ED050852
:102F200008000600F9C60308A8ED05080800060019
:102F3000B1C60308A8ED05080800060045C7030848
:102F4000D8ED050865C60308A8ED050806000400CD
:102F500009C60308F0ED05086FCA0308F0ED05087F
:102F60004DCA0308F0ED0508C9C50308F0ED0508D2
:102F7000B3C50308A8ED0508FFFF030029CA03082D
:102F80005B000301000000002703020100000000B5
:102F90002A030202070000001604030206000000D4
:102FA0001A04020208000000C70303000600000024
:102FB000E804020030000000C80301000000000027
:102FC00028FB05080000CD010102000000030000FD
:102FD0000000000491D00308D5CF0308A1CF030857
:102FE000E42F060844E80508570000000A00000026
:102FF000F42F0608F21B000060300608F203000000
:10300000583006082205000050300608421F000014
:1030100044300608120F0000030000001A0F0000E1
:10302000050000003A0F000009000000620F0000D8
:1030300011000000220F0000210000002A0F0000F4
:1030400041000000A8ED0508FFFF0300C1CE030802
:10305000D8ED050855CF0308D8ED05087BCF030848
:10306000F0ED0508FDCF0308C02F0608005400400E
:103070001F0020009C83060888830608C02F0608CE
:1030800000580040210022007483060800840608CE
:10309000C02F0608005C004048004900B4840608C0
:1030A0005C82060800000000000000000000000034
:1030B000000000000000000005CE03082DCE03082C
:1030C000A8ED05080200000041D4030828E5050822
:1030D000C2000000001000000040024028E5050882
:1030E000C900000014000000502800400431060808
:1030F0000400000004310608020000000431060844
:103100000100000028FB0508000016040001000073
:10311000000002000000000031D40308D9D30308E6
:10312000A8ED050806000400C9D40308B503020091
:10313000FFFFFFFF93030202FFFFFFFF9203020264
:10314000FFFFFFFFE4030202FFFFFFFF28FB05086C
:1031500000004B020102000000000000000000031C
:103160001DD903087DD503086C31060844E805081D
:103170002F000000050000007C310608FA1E000048
:10318000D0310608F21B0000C8310608AA1D000055
:10319000BC3106089A1C0000B0310608921C0000E1
:1031A000A4310608A8ED05080400020025D603088E
:1031B000A8ED050804000200B1D80308A8ED050831
:1031C00004000200D9D70308F0ED050845D503082F
:1031D000A8ED0508FFFF03009DD803084C31060841
:1031E000010000004C310608010100004C310608C6
:1031F000010200004C310608010300004C310608B2
:10320000020000004C310608020100004C310608A3
:10321000020200004C310608020300004C3106088F
:10322000030000004C310608030100004C31060881
:10323000030200004C310608030300004C3106086D
:10324000040000004C310608040100004C3106085F
:10325000040200004C310608040300004C3106084B
:10326000050000004C310608050100004C3106083D
:10327000050200004C310608050300004C31060829
:10328000090000004C310608090100004C31060815
:10329000090200004C310608090300004C31060801
:1032A0000A0000004C3106080A0100004C310608F3
:1032B0000A0200004C3106080A0300004C310608DF
:1032C0000B0000004C3106080B0100004C310608D1
:1032D0000B0200004C3106080B03000028FB050818
:1032E0000000BF0201000200000000000003000413
:1032F00015DB030841DC0308003306080433060825
:1033000015DC030844E805081F0000000300000066
:1033100014330608120500003C3306081222000090
:10332000343306080A2200002C330608F0ED0508A5
:10333000FDDA0308F0ED050809DB0308A8ED050830
:103340000400020075DC03084003020020A107000E
:1033500056040202000000005004020200000000B7
:103360004503020208000000AD0302020000000055
:103370009E040302000000002F040302000000006E
:10338000260403020000000040030200FFFFFFFFCD
:1033900056040200FFFFFFFF50040200FFFFFFFF83
:1033A000AD030202FFFFFFFF9E04030200000000C6
:1033B0002F040302000000002604030200000000A6
:1033C00028FB05080000C102010200000000000007
:1033D00000030004A1DE0308B9DD0308E433060896
:1033E000F033060835DE030800000000B1DD0308F5
:1033F00044E8050847000000080000000034060803
:10340000FA1E000070340608F21B0000683406083B
:10341000EA0300005C340608F2030000503406089A
:1034200022050000483406085A28000040340608E7
:103430000210000001000000DA0F0000010100008E
:10344000C0ED050871DD0308D8ED050851DD03085E
:10345000A8ED05080600040015DD0308A8ED050821
:1034600006000400D1DC0308F0ED0508A7DC030822
:10347000A8ED0508FFFF030087DC03082A04020209
:103480000200000055030302000000004E04020287
:10349000FFFFFFFFDC040202E8030000B5030302A4
:1034A00006000000C80301020000000044E805080F
:1034B0002700000004000000BC340608FA1E0000CB
:1034C000E4340608F21B0000DC3406085A10000041
:1034D00003000000FA11000005000000F0ED0508EF
:1034E00029DF0308A8ED0508FFFF030065E00308D6
:1034F00028FB05080000E5020102000000000000B2
:1035000000000003FDDF030835DF0308AC340608C4
:10351000400302018025000045030200080000006E
:1035200049040300060000009600020001000000AC
:10353000B103020200000000E504020200000000E6
:10354000E6040202000000009B040202FFFFFFFFEE
:10355000760402024000000028FB05088001E70213
:1035600001020000000000000003000431E3030832
:103570006DE403087C3506088C350608C3E20308B1
:10358000E5E303082DE403080000000044E8050813
:103590008F000000110000009C350608FA1E000094
:1035A00060360608F21B000058360608921D00001F
:1035B000D4FB0508EA03000048FC0508FA030000F4
:1035C0000CFC0508F203000018FC050822050000A9
:1035D00030FC0508DA0100005036060852270000CA
:1035E000483606084A250000403606081224000026
:1035F000383606087A28000030360608421F0000D8
:1036000024360608BA14000001020000E20A000095
:10361000010400005A0F000021000000520F0000BA
:1036200041000000A8ED0508FFFF0300C9E1030801
:10363000D8ED050869E20308F0ED0508A3E20308E8
:10364000F0ED05088BE00308F0ED050887E00308BE
:10365000F0ED050819E30308F0ED050827E303087A
:10366000A8ED0508FFFF0300B5E103085B000300B8
:1036700001000000E50402008813000028FB050893
:103680000000010301000000000000000000000233
:10369000EDE503089836060844E805080F00000029
:1036A00001000000A8360608421D0000B0360608DA
:1036B000F0ED05087DE503087C3606080030004083
:1036C000AAAA0000E0F10508CC36060844E805087F
:1036D0001F00000003000000DC360608BA000000EE
:1036E000DA1800001A1700008037060812170000C9
:1036F000603706085DE803082DE90308F0ED0508CA
:1037000069E90308F0ED05084FE7030844E80508F8
:1037100027000000040000001C3706086222000099
:10372000583706084A2300004C370608C203000039
:1037300044370608020400003C370608D8ED0508A7
:1037400081E70308F0ED0508A5E80308A8ED0508E2
:1037500006000400F1E80308F0ED050845E703085A
:1037600028FB05080001E20201000000000200033E
:103770000000000099E70308E1E70308F4360608B3
:1037800028FB05080000E302010000000000000023
:103790000000000263E703080C3706083C04010040
:1037A00001000000E0F10508AC37060844E8050810
:1037B0003700000006000000BC370608BA00000011
:1037C0001A1A00009A1E0000143806088A27000002
:1037D0000C3806080A19000004380608FA19000017
:1037E000F8370608921B0000EC370608A8ED05081C
:1037F0000400020021EA0308A8ED0508FFFF03000A
:1038000055EA0308F0ED05086DEB0308F0ED050837
:1038100021EC0308A8ED0508040002002DEC0308C4
:10382000000000006410B71DC8206E3BAC30D926E4
:103830009041DC76F4516B6B5861B24D3C71055090
:103840002083B8ED44930FF0E8A3D6D68CB361CBB8
:10385000B0C2649BD4D2D38678E20AA01CF2BDBD6C
:1038600010111200080709060A050B040C030D02CB
:103870000E010F00180001002000020028000300C4
:1038800030000400381005004010070048200900EF
:1038900050200D0059301100693019007940210085
:1038A000894031009A504100BA506100DA608100CD
:1038B000FA60C1001B7101015B7181019B810102F2
:1038C000DB8101031C9201049C9201061CA30108E8
:1038D0009CA3010C1DB401101DB501181DC60120CB
:1038E0001DC7013010D8014000D00160E0F105088B
:1038F000F438060844E80508370000000600000018
:1039000004390608BA000000E21B0000DA0B0000D0
:10391000343906082A090000010000009A1200004C
:10392000030000003A18000005000000220E00000D
:103930000700000028FB050800007B0101000000D3
:103940000000000000020003A9EC030894390608F7
:103950005439060844E80508370000000600000056
:1039600064390608EA03000054FC0508F20300006D
:1039700024FC0508FA0300000CFC05083A020000CC
:10398000FCFB050862000000D4E405086A000000A2
:10399000F0FB050881F40308000000003DED03087A
:1039A00000000000E0F10508AC39060844E805080D
:1039B0005F0000000B000000BC390608BA000000E0
:1039C000A21D00006A0D00006C3B0608720D00008D
:1039D000143A06080A10000001000000FA0F000067
:1039E000010000006A130000030000000A0E00003E
:1039F0000B000000120E0000050000001A0E00006F
:103A00000D000000EA0F000007000000F20F0000A8
:103A100009000000A8ED0508080006009DFB03084A
:103A200044E80508670000000C000000303A060872
:103A3000521D0000103B06085A1D0000043B0608FA
:103A40009A220000F83A0608AA1E0000EC3A06087E
:103A50001A280000E03A060852240000D43A06086A
:103A600012200000C83A0608BA1C0000BC3A06083A
:103A7000C2220000B03A0608421A0000A43A060822
:103A8000022500009C3A0608CA260000903A060863
:103A9000A8ED05080A000800DDFB0308C0ED0508D5
:103AA0008DF80308A8ED05080C0008000D040408B3
:103AB000A8ED05080C000A004F010408A8ED050850
:103AC00010000C00F5FF0308A8ED05080C000C0021
:103AD000E3FE0308A8ED05080E000C0037FD0308FF
:103AE000A8ED05080A000A004FF90308A8ED05082B
:103AF0000A000A0079F90308A8ED05080800060085
:103B0000CDF90308A8ED05080C000C00A3F9030883
:103B1000D8ED050829FA03083BF6030867F6030801
:103B200081F60308D3F60308E3F60308F1F6030869
:103B300097F70308C1F70308B5FC030875F50308F8
:103B4000A9F50308C9F5030875F50308A9F50308E5
:103B5000C9F5030823F703084BF7030865F70308C3
:103B6000D9F70308E7F703088DFC030828FB0508CD
:103B70000000AD0101000000000000000200000391
:103B800079FB0308CDFB0308203A0608000000007B
:103B9000000000000000004F4F0000000007070079
:103BA00000070700147F7F14147F7F1400242E6BFE
:103BB0006B3A1200006333180C66630000327F4DCD
:103BC0004D777250000000040603010000001C3E07
:103BD00063410000000041633E1C0000082A3E1CB7
:103BE0001C3E2A080008083E3E080800000080E04D
:103BF00060000000000808080808080000000060D5
:103C00006000000000406030180C0602003E7F4952
:103C1000457F3E000040447F7F404000006273517A
:103C2000494F460000226349497F360000181814A6
:103C3000167F7F1000276745457D3900003E7F498C
:103C4000497B3200000303797D07030000367F497A
:103C5000497F360000266F49497F3E00000000245E
:103C600024000000000080E46400000000081C360E
:103C70006341410000141414141414000041416302
:103C8000361C080000020351590F0600003E7F4118
:103C90004D4F2E00007C7E0B0B7E7C00007F7F4909
:103CA000497F3600003E7F4141632200007F7F4113
:103CB000633E1C00007F7F4949414100007F7F092E
:103CC00009010100003E7F41497B3A00007F7F08E7
:103CD000087F7F000000417F7F410000002060419D
:103CE0007F3F0100007F7F1C36634100007F7F40E3
:103CF00040404000007F7F060C067F7F007F7F0EE4
:103D00001C7F7F00003E7F41417F3E00007F7F0996
:103D1000090F0600001E3F21617F5E00007F7F19B2
:103D2000396F460000266F49497B32000001017F50
:103D30007F010100003F7F40407F3F00001F3F6048
:103D4000603F1F00007F7F3018307F7F0063771C4B
:103D50001C77630000070F78780F07000061715926
:103D60004D47430000007F7F414100000002060CE8
:103D700018306040000041417F7F000000080C06C1
:103D8000060C0800C0C0C0C0C0C0C0C00000010315
:103D90000604000000207454547C7800007F7F44A7
:103DA000447C380000387C44446C280000387C4453
:103DB000447F7F0000387C54545C580000087E7FAC
:103DC000090302000098BCA4A4FC7C00007F7F04CF
:103DD000047C78000000007D7D0000000040C08071
:103DE00080FD7D00007F7F30386C44000000417F03
:103DF0007F400000007C7C1830187C7C007C7C04B8
:103E0000047C780000387C44447C380000FCFC24AE
:103E1000243C180000183C2424FCFC00007C7C049A
:103E2000040C080000485C545474200004043F7FD4
:103E300044642000003C7C40407C3C00001C3C6012
:103E4000603C1C00001C7C3018307C1C00446C382A
:103E5000386C4400009CBCA0A0FC7C00004464744E
:103E60005C4C44000008083E77414100000000FF20
:103E7000FF000000004141773E08080000020301F6
:103E800003020301AA55AA55AA55AA55E0F105084F
:103E9000943E060844E805081700000002000000F0
:103EA000A43E0608BA000000521E00008A25000049
:103EB000B43E060828FB05080000B104010000001C
:103EC000000000000000000211070408D03E0608B0
:103ED00044E805081700000002000000E03E060864
:103EE000FA040000F83E06083A1C0000F03E0608FE
:103EF000F0ED0508F1070408D8ED0508E10604080F
:103F0000982F8A4291443771CFFBC0B5A5DBB5E944
:103F10005BC25639F111F159A4823F92D55E1CABB8
:103F200098AA07D8015B8312BE853124C37D0C5546
:103F3000745DBE72FEB1DE80A706DC9B74F19BC18E
:103F4000C1699BE48647BEEFC69DC10FCCA10C247E
:103F50006F2CE92DAA84744ADCA9B05CDA88F97662
:103F600052513E986DC631A8C82703B0C77F59BFCC
:103F7000F30BE0C64791A7D55163CA0667292914F8
:103F8000850AB72738211B2EFC6D2C4D130D385395
:103F900054730A65BB0A6A762EC9C281852C729257
:103FA000A1E8BFA24B661AA8708B4BC2A3516CC785
:103FB00019E892D1240699D685350EF470A06A10BE
:103FC00016C1A419086C371E4C774827B5BCB0340D
:103FD000B30C1C394AAAD84E4FCA9C5BF36F2E68AB
:103FE000EE828F746F63A5781478C8840802C78C3A
:103FF000FAFFBE90EB6C50A4F7A3F9BEF27871C63D
:10400000E0F105080840060844E80508270000001C
:104010000400000018400608BA000000821E0000DC
:104020007A1E000048400608721E00004040060844
:104030006A1E000038400608F0ED0508E308040891
:10404000F0ED050801090408D8ED05083D0904084C
:10405000AB04030206000000E0F10508604006081A
:1040600044E805082F000000050000007040060825
:10407000BA000000AA1F00007A1C0000B440060825
:10408000821C0000A84006082A200000A040060864
:104090003220000098400608F0ED05087D0D040868
:1040A000F0ED05082D0A0408A8ED0508FFFF030040
:1040B000210A0408A8ED0508FFFF0500270A0408E7
:1040C000E0F10508C840060844E805083F01000083
:1040D00027000000D8400608BA0000007220000047
:1040E000CA200000FC300608BA200000F4300608A0
:1040F000C2200000EC300608E2200000C0300608B4
:10410000A227000034420608E2250000080806083D
:10411000521A000054420608AA240000444206082D
:10412000B22400003C420608BA1E00004C420608B9
:10413000AA1D0000284206080A2000001C420608AA
:10414000D21B000010420608321A0000DC2D0608BF
:104150001A1C00000057060822270000203106081C
:10416000FA150000DC32060802160000082E0608C8
:104170000A160000C033060892070000782D0608D2
:104180004A0E0000306C06086A0E0000C02F0608B8
:104190005A1200004C31060832150000146D060852
:1041A0003A170000583506080A1800007C36060841
:1041B000F21E000060420608BA2500001C420608F4
:1041C0004A1C000034570608CA1C0000285706087D
:1041D0008A120000E05F06087A130000C07A060821
:1041E0002A170000F03406087212000003000000D5
:1041F0003A0E000005000000121800000700000041
:104200009A0B000009000000FA14000001000000F1
:10421000A8ED050802000000DF100408A8ED05085D
:1042200002000000C1100408A8ED05080800000005
:104230000110040808EE0508F50F040808EE05084B
:10424000BD0D040808EE0508ED0F040808EE05088A
:10425000B50D0408A8ED0508020000006911040866
:10426000A8ED050802000000CD0D0408E0F10508E6
:104270007442060844E80508370000000600000004
:1042800084420608BA000000DA2100006A1B000020
:10429000C0420608B21E0000B4420608CA2400004C
:1042A000CC420608A2150000010000001A09000017
:1042B00003000000A8ED050802000000B511040885
:1042C000A8ED0508020000007911040808EE0508B1
:1042D00071110408E0F10508DC42060844E805080D
:1042E0003F00000007000000EC420608BA00000092
:1042F0001A220000AA2400004C430608FA230000FA
:10430000444306080A2400003C43060862280000D3
:1043100034430608722800002C4306089A1B00004C
:1043200024430608F0ED050865120408D8ED0508D9
:10433000E7120408D8ED050811130408F0ED05088C
:1043400079130408F0ED05089F130408F0ED050843
:10435000B1130408E0F105085C43060844E80508C9
:104360009F000000130000006C430608BA00000024
:1043700032220000922600009044060882270000A6
:10438000044406085A04000032000000DA1A000053
:10439000144D0608021E00000C4D06081A200000ED
:1043A000F44C06083A210000EC4C06080204000018
:1043B000E44C060892240000DC4C0608C2240000ED
:1043C000D44C0608AA270000E44C06081A26000070
:1043D000CC4C06082A260000C44C06088A1C0000A3
:1043E000784C0608CA1E0000004D06088221000015
:1043F000304D06087A270000284D0608FA170000FD
:104400003C4D060808EE050809140408A0E5050857
:10441000050000006C4406085C4406084C4406088D
:104420003C4406082C4406087C4406084CF9050860
:10443000000000001E0000006EAB05084CF90508E6
:1044400000000000150000004F9E05084CF905080B
:10445000000000000600000087A805084CF90508C8
:104460000000000007000000269E05084CF9050822
:104470000000000007000000269E0508D40400008C
:104480003D04000091040000FE0400000E04000042
:1044900008EE050811140408E0F10508A044060818
:1044A00044E805082700000004000000B0440608A6
:1044B000BA000000A2220000A2220000E444060884
:1044C00062230000DC44060802200000D0440608F5
:1044D000A8ED0508FFFF01009914040808EE05087F
:1044E00091140408A8ED0508FFFF010089140408D1
:1044F00094FA050802000000104506080045060869
:104500004CF905080000000005000000CCA80508D3
:104510004CF9050800000000060000008EA8050800
:104520004CF90508000000000A00000095A80508E5
:104530004CF905080000000031000000A0A80508A3
:10454000E0F105084845060844E805084700000072
:104550000800000058450608BA0000008A23000041
:104560000A1E0000D045060822250000C4450608A2
:1045700092230000B845060882230000B0450608D3
:10458000E21A0000A84506088A230000A045060894
:104590009227000098450608D8ED05081B15040869
:1045A00008EE0508A9160408F0ED050875160408BC
:1045B000D8ED050861150408A8ED050806000200FD
:1045C0008D150408A8ED050802000000FD1504087B
:1045D000F0ED050841160408E0F10508E04506087D
:1045E00044E805082F00000005000000F04506081B
:1045F000BA000000AA2300002A1B00001846060883
:104600008A200000784606081A2500006C46060835
:104610007226000054460608A8ED050804000200B2
:10462000A91B040844E80508270000000400000056
:10463000344606088A200000784606081A2500003D
:104640006C4606088A0400006046060872260000D0
:1046500054460608A8ED05080A000600891F04084C
:10466000A8ED050806000400B51E0408A8ED05081D
:1046700008000400AB1E0408A8ED050808000400AB
:10468000A11E040828FB0508000011040001000019
:10469000000000000000000211170408A0460608F0
:1046A00044E805080F00000001000000B0460608BD
:1046B000321E0000B8460608D8ED0508CD160408DD
:1046C00028FB050800007504000100000000000040
:1046D000000000021D17040824460608E0F1050842
:1046E000E446060844E805083F0000000700000013
:1046F000F4460608BA00000032250000322500000A
:10470000BC470608BA2200002C4706082A120000FF
:104710000300000032120000090000001A1200001D
:1047200011000000221200002100000008EE050820
:104730002122040828FB050880005704000000001F
:10474000000000010000000205250408504706088B
:1047500044E805082F000000050000006047060837
:1047600072240000B0470608C2270000A8470608C8
:1047700062210000A0470608BA22000094470608FC
:104780003A1F000088470608A8ED05080600020049
:10479000DF240408A8ED05080400020083240408AF
:1047A000C0ED0508F5210408D8ED05084D210408E1
:1047B000A8ED050806000400CB210408A8ED0508B3
:1047C0000800060005230408E0F10508D0470608A4
:1047D00044E80508770000000E000000E0470608E6
:1047E000BA000000DA250000DA2500008849060832
:1047F000FA1D000050480608E2080000050000000D
:10480000EA08000015000000F21400000300000098
:10481000E214000005000000EA1400000700000098
:1048200002150000FF1F0000221500000900000013
:104830000A150000410000001215000011000000E0
:104840002A1500000B2000001A1500000D200000A2
:10485000A8ED05080C0004001D26040861250408C5
:1048600079250408912504080000000044E80508A3
:104870009F000000130000007C4806087A18000022
:10488000FCFB05083A020000FCFB0508221A0000A8
:104890008049060822200000744906081A19000001
:1048A0006C4906083A1B00006449060852040000DF
:1048B0005C49060842250000544906085A240000B5
:1048C0004C490608522500004449060862240000AD
:1048D0003C49060872250000304906087A2000008D
:1048E00024490608822500001C4906086A250000A4
:1048F00014490608EA03000054FC0508F20300000E
:1049000024FC0508FA0300000CFC05082205000041
:104910003CFC0508D8ED050889270408D8ED0508F2
:1049200041270408A8ED0508060002005D250408DB
:10493000A8ED050808000800492A0408D8ED050874
:10494000A5270408C0ED0508512B0408D8ED05087B
:104950000D280408D8ED050859280408D8ED0508E5
:10496000C5280408D8ED0508E52A0408F0ED050877
:10497000FD280408A8ED050804000200E32504084A
:10498000D8ED05081D2B040828FB05080000BB0412
:104990000104000000000000000200039D2904083B
:1049A0005C4806086C4806080D270408E0F1050875
:1049B000B449060844E80508770000000E0000002E
:1049C000C4490608BA00000012270000221E000099
:1049D0008C4A06083A2000008C4A06084A2100004A
:1049E000844A0608122700007C4A06081A2700009D
:1049F000744A0608BA2500006C4A0608C225000061
:104A0000644A0608CA2500005C4A0608022700001E
:104A1000544A06080A2700004C4A0608F2260000FD
:104A2000444A0608EA260000344A0608FA2600002E
:104A30003C4A0608D8ED0508192E0408D8ED0508EB
:104A40009D2B040808EE05089D2D040808EE0508B6
:104A5000852D040808EE05086D2D0408F0ED050805
:104A60005B2D0408F0ED0508492D0408F0ED05085C
:104A7000252D040808EE0508152D040808EE050884
:104A8000C12D0408F0ED0508952C0408A8ED0508D3
:104A900002000000B92B0408E0F10508A04A06084E
:104AA00044E805083701000026000000B04A060867
:104AB000BA0000005A2700006A260000144C0608BD
:104AC000B2250000084C06084A190000F04B060801
:104AD000921A0000E04B0608821A0000E84B060814
:104AE0001210000005000000BA0F000001000000D5
:104AF000EA09000003000000EA17000001000000BE
:104B00006217000001000000020F00000100001009
:104B10004A17000001000020EA0E000001000030EA
:104B20005217000001000040F20E0000010000508A
:104B30005A17000001000060FA0E0000010000702A
:104B4000D209000001000080BA09000001000090B5
:104B5000C2090000010000A0AA090000010000B085
:104B6000CA090000010000C0B2090000010000D025
:104B7000E209000023000000DA0900002D00000017
:104B80004A0D0000010000E0520D0000010000F09D
:104B9000D214000001000030DA17000001000020EC
:104BA000E20E00000100005042170000010000402A
:104BB000C20F0000010000506A1700000100004011
:104BC000CA0F0000010000707217000001000060B1
:104BD0003A1200000100004022090000010000809C
:104BE000D8ED0508872E0408D8ED0508692E0408BD
:104BF000F0ED0508552E0408426248684969517174
:104C00002D2D2D2D2D2D6664A8ED05080400020024
:104C1000ED31040828FB05080000CD040102000561
:104C20000003040006000000A92F0408452F040813
:104C3000A135040871320408ED2F04084D32040830
:104C4000E0F10508484C060844E805082700000084
:104C500004000000584C0608BA00000002280000BA
:104C600082210000304D06087A270000284D0608F2
:104C7000FA1700003C4D0608A8ED050804000200E4
:104C8000C1350408A9030301060000002A0403003B
:104C9000722300004E030200FFFFFFFF9B0303008F
:104CA00006000000010003010000000001000301F4
:104CB00000000000880403020E0000002804030224
:104CC0000E000000F0ED05087D3D0408F0ED05083C
:104CD000413D0408F0ED0508293D0408D8ED05081C
:104CE000FB3C0408F0ED0508E53C0408F0ED050880
:104CF000A93C0408A8ED050802000000793C04085E
:104D0000A8ED050802000000153C040808EE05089F
:104D10001D390408F0ED0508D13B0408A8ED05088D
:104D2000FFFF0100A53B0408F0ED050889380408E1
:104D3000A8ED0508FFFF0100813A040828FB0508DB
:104D40000000FF020100000000000000000200035C
:104D5000394304085C4D0608604D0608D14004083C
:104D600044E805086F0000000D000000704D0608C3
:104D700042210000344E0608B20300004C4E0608E3
:104D8000CA1E0000284E06083A210000084E0608F8
:104D9000C2240000184E0608DA1A0000004E060869
:104DA000021E0000F84D060802040000204E06080E
:104DB00092240000104E06081A260000F04D060846
:104DC0002A260000E84D060882210000E04D060872
:104DD0007A270000D84D0608F0ED050813400408B6
:104DE000C0ED050819400408D8ED05087540040811
:104DF000D8ED0508F5400408F0ED0508D541040894
:104E0000D8ED0508FD410408D8ED05082542040841
:104E1000C0ED050861440408D8ED050849440408BC
:104E2000D8ED050855440408A8ED05080400020063
:104E30004D420408E0FA05083C4E0608F0ED05086E
:104E4000954304080304050000010000C0ED0508B7
:104E50009546040828FB05088001E40200010000D3
:104E6000000000000002000375460408744E0608A6
:104E7000B44E06085146040821460408B945040802
:104E80000100000028FB05088001AB0100010000C3
:104E9000000000000002000375460408A44E060846
:104EA000B44E06085146040821460408B9450408D2
:104EB0000000000044E80508670000000C00000046
:104EC000C44E0608EA03000054FC0508F203000083
:104ED00024FC0508FA0300000CFC05083A24000035
:104EE00004FC0508220500003CFC0508921D00009A
:104EF000D4FB05083A020000FCFB05082A25000047
:104F0000E4FB0508C2260000DCFB05087A18000057
:104F1000FCFB050862000000D4E405086A000000FC
:104F2000F0FB0508000505100202160D11161E13F0
:104F300013130505050C18160100040010004000AD
:104F4000000100020000010002000400080010003F
:104F5000200000002B2E2C3B3D5B5D2F5C222A3A6B
:104F60003C3E3F7C7F00809A45418E418F80454585
:104F7000454949498E8F9092924F994F555559996D
:104F80009A9B9C9D9E9F41494F55A5A5A6A7A8A960
:104F9000AAABACADAEAFB0B1B2B3B4B5B6B7B8B9F9
:104FA000BABBBCBDBEBFC0C1C2C3C4C5C6C7C8C9E9
:104FB000CACBCCCDCECFD0D1D2D3D4D5D6D7D8D9D9
:104FC000DADBDCDDDEDFE0E1E2E3E4E5E6E7E8E9C9
:104FD000EAEBECEDEEEFF0F1F2F3F4F5F6F7F8F9B9
:104FE000FAFBFCFDFEFF01030507090E1012141663
:104FF000181C1E007D1D0100632C001E9601A01EC2
:105000005A01001F0806101F0606201F0806301F41
:105010000806401F0606511F0700591F521F5B1F3D
:10502000541F5D1F561F5F1F601F0806701F0E0074
:10503000BA1FBB1FC81FC91FCA1FCB1FDA1FDB1F28
:10504000F81FF91FEA1FEB1FFA1FFB1F801F08063E
:10505000901F0806A01F0806B01F0400B81FB91F44
:10506000B21FBC1FCC1F0100C31FD01F0206E01FD0
:105070000206E51F0100EC1FF31F0100FC1F4E217B
:105080000100322170211002842101008321D024EB
:105090001A05302C2F04602C0201672C0601752C98
:1050A0000201802C6401002D260841FF1A03000034
:1050B00061001A03E0001703F8000703FF00010076
:1050C00078010001300132010601390110014A0165
:1050D0002E017901060180014D0043028101820108
:1050E00082018401840186018701870189018A0187
:1050F0008B018B018D018E018F0190019101910136
:1051000093019401F60196019701980198013D02DF
:105110009B019C019D0120029F01A001A001A20111
:10512000A201A401A401A601A701A701A901AA0146
:10513000AB01AC01AC01AE01AF01AF01B101B201F5
:10514000B301B301B501B501B701B801B801BA01A6
:10515000BB01BC01BC01BE01F701C001C101C2011C
:10516000C301C401C501C401C701C801C701CA0107
:10517000CB01CA01CD011001DD0101008E01DE016C
:105180001201F3010300F101F401F401F801280117
:10519000220212013A020900652C3B023B023D0249
:1051A000662C3F0240024102410246020A015302BC
:1051B000400081018601550289018A0158028F0150
:1051C0005A0290015C025D025E025F02930161027D
:1051D0006202940164026502660267029701960109
:1051E0006A02622C6C026D026E029C0170027102F6
:1051F0009D01730274029F017602770278027902A0
:105200007A027B027C02642C7E027F02A60181026C
:105210008202A9018402850286028702AE0144024D
:10522000B101B20145028D028E028F0290029102FD
:10523000B7017B030300FD03FE03FF03AC0304007F
:105240008603880389038A03B1031103C2030200A2
:10525000A303A303C4030803CC0303008C038E033E
:105260008F03D8031801F2030A00F903F303F403D0
:10527000F503F603F703F703F903FA03FA0330041F
:10528000200350041007600422018A043601C1047F
:105290000E01CF040100C004D004440161052604BE
:1052A0000000C700FC00E900E200E400E000E500C7
:1052B000E700EA00EB00E800EF00EE00EC00C400BD
:1052C000C500C900E600C600F400F600F200FB00CD
:1052D000F900FF00D600DC00A200A300A500A72073
:1052E0009201E100ED00F300FA00F100D100AA0004
:1052F000BA00BF001023AC00BD00BC00A100AB0091
:10530000BB00912592259325022524256125622540
:10531000562555256325512557255D255C255B259B
:105320001025142534252C251C2500253C255E251B
:105330005F255A25542569256625602550256C254D
:105340006725682564256525592558255225532547
:105350006B256A2518250C25882584258C25902504
:105360008025B103DF009303C003A303C303B5008B
:10537000C403A6039803A903B4031E22C603B503FE
:1053800029226122B1006522642220232123F70013
:105390004822B0001922B7001A227F20B200A025AF
:1053A000A000000000000080DB0F4940DB0F49C077
:1053B000DB0F49BFE4CB1640E4CB16C06937AC31F4
:1053C00068212233B40F14336821A2333863ED3ED1
:1053D000DA0F493F5E987B3FDA0FC93F000FC93FA4
:1053E000000F494000CB9640000FC9400053FB40DE
:1053F00000CB164100ED2F41000F494100316241C1
:1054000000537B41003A8A4100CB9641005CA341A6
:1054100000EDAF41007EBC41000FC94100A0D54165
:105420000031E24100C2EE410053FB4100F2034271
:10543000003A0A420083104200CB164200141D427B
:10544000005C234200A5294200ED2F42003636427F
:10545000007E3C4200C74242000F4942A2F9836EDF
:105460004E441529FC2757D1F534DDC0DB629599F0
:105470003C439041FE5163ABDEBBC561B7246E3A3D
:10548000424DD2E006492EEA09D1921CFE1DEB1CCA
:10549000B129A73EE88235F52EBB4484E99C7026ED
:1054A000B45F7E413991D639835339F49C845F8B44
:1054B000BDF9283B1FF897FFDE05980FEF2F118BE2
:1054C0005A0A6D1F6D367ECF27CB09B74F463F6610
:1054D0009E5FEA2D7527BAC7EBE5F17B3D0739F7EB
:1054E0008A5292EA6BFB5FB11F8D5D08560330460E
:1054F000FC7B6BABF0CFBC209AF4361DA9E3916125
:105500005EE61B086599855F14A068408DFFD88012
:105510004D73273106061556CA73A8C960E27BC0D1
:105520008C6B00000000C93F0000F0390000DA3742
:105530000000A2330000842E0000502B0000C22780
:105540000000D0220000C41F0000C61B000044174A
:105550000400000007000000090000000000003FF8
:10556000000000BF00000000DCCFD13500000000CB
:1055700000C0153F0000803F0000C03F28FB050829
:105580000000E8030000010000000000000000022D
:1055900073A704089855060844E80508170000009A
:1055A00002000000A8550608721D0000C455060838
:1055B00042270000B8550608A8ED050804000200BF
:1055C00095A60408F0ED050881A60408C7030300AA
:1055D00006000000E804020000000000C80301000B
:1055E00000000000F0ED050825A9040852000000A5
:1055F00028FB05088001AB0100010000000000004D
:1056000000020003F9AE04081056060868560608A2
:10561000BBAE0408B3AE040899AE04080000000055
:10562000385606080200000038560608010000003F
:10563000385606080000000028FB05088001E40237
:10564000000100000000000000020003F9AE0408A1
:10565000585606086856060819AF0408D5AE04085F
:1056600099AE04080100000044E805084F0000005E
:1056700009000000785606086A1A0000C05606089D
:10568000EA03000054FC0508F203000024FC0508AE
:10569000FA0300000CFC05083A24000004FC05088D
:1056A000220500003CFC05083A020000D4E405088D
:1056B00062000000D4E405086A000000F0FB050861
:1056C000F0550608000000001F1E1F1E1F1F1E1F92
:1056D0001E1F1F1D00001F003B005A00780097008E
:1056E000B500D400F300110130014E016D01000836
:1056F000040C020A060E0109050D030B070F00003A
:10570000D8ED050801B404080006101600061016AE
:105710004404020000000000A8ED0508FFFF03009C
:1057200079FA04080005106EA8ED050802000000D3
:105730007B01050808EE05086B01050810001843F9
:105740001E372042242F28362A2B30413623382A70
:105750003C354022482D542960406C217834902CEF
:10576000A828C020D820000020AC05084601000071
:10577000A357060828AC0508220000008057060839
:1057800023206D61696E2E7079202D2D2070757427
:1057900020796F757220636F64652068657265217A
:1057A0000D0A002320626F6F742E7079202D2D203A
:1057B00072756E206F6E20626F6F7420746F20633D
:1057C0006F6E6669677572652055534220616E641D
:1057D0002066696C6573797374656D0D0A232050BA
:1057E00075742061707020636F646520696E206D30
:1057F00061696E2E70790D0A0D0A696D706F727491
:10580000206D616368696E650D0A696D706F7274F1
:10581000207079620D0A237079622E6D61696E289D
:10582000276D61696E2E707927292023206D6169AB
:105830006E2073637269707420746F2072756E20AD
:1058400061667465722074686973206F6E650D0AF5
:1058500023696D706F7274206E6574776F726B0D53
:105860000A236E6574776F726B2E636F756E747238
:105870007928275553272920232049534F20333196
:1058800036362D3120416C7068612D3220636F6493
:10589000652C2065672055532C2047422C20444519
:1058A0002C204155206F7220585820666F72207747
:1058B0006F726C64776964650D0A236E6574776F27
:1058C000726B2E686F73746E616D6528272E2E2E95
:1058D0002729202320444843502F6D444E532068ED
:1058E0006F73746E616D650D0A000000B5030302ED
:1058F000060000005B040202FFFFFFFF4E040202ED
:10590000FFFFFFFFDC040202E80300002A0402029A
:10591000000000008B030202010000005503030297
:105920000600000077030202000000004C030202A0
:1059300000000000C8030102010000002A04020167
:105940000000000055030302060000005204030299
:105950000600000065040202000000006704030264
:10596000060000006804030206000000660403024B
:105970000600000064030202000000005604020258
:10598000FFFFFFFF44E805083F000000070000009C
:1059900094590608AA1A0000CC5906082A230000C8
:1059A000F85906083A230000EC5906084223000083
:1059B000E059060832230000D4590608BA1A00003C
:1059C000F8590608221B0000F8590608D8ED05080A
:1059D00065080508A8ED0508040002006112050825
:1059E000A8ED050804000200410E0508A8ED050811
:1059F00004000200D1090508A8ED05080400020012
:105A00005707050828FB05080000E5020102000011
:105A1000000000000000000315150508F515050835
:105A2000245A060844E80508070100002000000089
:105A3000345A0608FA1E0000885B0608F21B0000B4
:105A4000805B0608D21A0000745B0608621B000027
:105A5000685B0608EA250000605B0608AA1D0000D6
:105A6000545B0608DA220000485B06087222000038
:105A70003C5B0608AA1A0000345B06087A1700008F
:105A800001000000D20B0000210000009A0A000073
:105A9000410000005A1200000100000062120000E4
:105AA000030000004A100000050000002A1000005A
:105AB0000700000042100000090000005210000022
:105AC0000B000000321000000D0000003A10000032
:105AD0000F000000D20E000011000000520C000068
:105AE00013000000620C0000150000005A0C0000BA
:105AF00017000000420E000001000000D20F00005D
:105B0000050000007213000001000000020D0000FB
:105B100005000000F2090000150000000A0A00005C
:105B200001000000020A000003000000FA09000062
:105B300005000000D8ED05080D080508A8ED0508CA
:105B400004000200B3060508A8ED050804000200E1
:105B50000F070508A8ED050804000200550D05080B
:105B6000F0ED0508F70D0508A8ED05080400020092
:105B700035070508A8ED0508FFFF0500F90E050823
:105B8000F0ED050821090508A8ED0508FFFF030051
:105B9000E115050828FB05080000E60200010000E9
:105BA0000000000000000002A9070508845906084B
:105BB000190001401C0000401D0400401E08004068
:105BC000320C004000000000000000000000000057
:105BD00018400140194401401A48014000000000EB
:105BE00000000000000000004B0200006000000008
:105BF0004C020000700000000902000000000000DC
:105C00000502000010000000080200002000000053
:105C10000A020000300000000602000050000000F0
:105C20000702000040000000DA0100000000000050
:105C30008A010000010000008C0100000200000049
:105C40008B0100000300000028FB05080000F201A2
:105C5000010200000000000000000003BD1705085D
:105C6000B1170508685C060844E80508270000002D
:105C700004000000785C060812220000B45C0608EC
:105C80000A220000AC5C06083A270000A45C060863
:105C90000A1F0000985C0608A8ED05080400020031
:105CA000A9180508F0ED050871180508F0ED0508BC
:105CB000F1170508F0ED050849180508485C0608C5
:105CC00001000000F08406082A0402010000000020
:105CD00064040300060000002B030200FFFFFFFF27
:105CE000A2000302000000002F030202FFFFFFFFDB
:105CF000C703030006000000E804020000003110A2
:105D0000C80301000000000028FB05080000520243
:105D1000000100000000000000000002551A050804
:105D2000245D060844E805081F0000000300000089
:105D3000345D0608E20200005C5D0608B221000046
:105D4000545D06086A2400004C5D0608F0ED050865
:105D50005F190508F0ED050855190508F0ED05086F
:105D60004B190508291B050844E80508B701000080
:105D700036000000785D0608FA1E0000985F0608ED
:105D8000120500008C5F06080A220000845F0608E6
:105D9000122200007C5F0608421F0000705F0608A8
:105DA0005A200000845F0608A21E00007C5F0608DF
:105DB000B2210000685F0608C2210000605F06088B
:105DC00062190000585F0608D2220000505F0608E2
:105DD00092220000485F06082A1E0000405F060865
:105DE00052210000385F060822230000305F0608B9
:105DF0005A190000285F060882200000CC5F0608C0
:105E00005A020000B85F0608C21B0000A45F060823
:105E10004A1A000008600608821B0000206006087D
:105E2000DA0E0000010000006A100000030000000C
:105E300062100000230000000209000005000000BD
:105E40000A090000250000001209000007000000F8
:105E50005212000003000000421200000500000082
:105E6000420F000001002220320F000001004220FA
:105E70007A100000030000007210000023000000F0
:105E8000FA08000005000000F208000025000000EC
:105E90004A12000001000000520800000300000048
:105EA0005A0800000300000062080000050000001E
:105EB0006A080000050000007208000005000000EC
:105EC0007A080000070000008208000007000000B8
:105ED0008A08000007000000920800000900000086
:105EE0009A08000009000000A20800000900000054
:105EF000AA0800000B000000B20800000B00000020
:105F0000BA0800000D000000C20800000F000000E9
:105F1000CA08000011000000D208000013000000B1
:105F2000DA08000013000000F0ED05086919050803
:105F3000F0ED050877190508F0ED05088519050845
:105F4000F0ED050841190508F0ED050833190508BD
:105F5000F0ED050825190508F0ED05089319050869
:105F6000F0ED0508C1190508F0ED05081B19050835
:105F7000A8ED0508FFFF0300151A0508F0ED050858
:105F800011190508F0ED050805190508A8ED050823
:105F900004000200C31B0508A8ED0508FFFF03006D
:105FA000B51C0508C8FA0508AC5F0608A8ED050889
:105FB000040002005D1B0508C8FA0508C05F06085A
:105FC000A8ED050804000200ED180508C8FA050848
:105FD000D45F0608A8ED050804000200D5180508DE
:105FE00028FB050800005102010203000000000028
:105FF00000040005111E0508611A0508811B05082B
:10600000645D0608685D060828FB05080000490372
:10601000000000000000000000000001B07D060844
:1060200028FB0508000070030000000000000000CD
:106030000000000118800608FF00000000FF0000BB
:106040000B0C0D0E0F10112F38393A3B3C444546CE
:1060500088640240000000060D0000001061060880
:1060600040640240000000060A00000010610608BB
:10607000B86002400000000E070000001061060832
:10608000B86002400000000207000000106106082E
:10609000B860024000000000070000001061060820
:1060A0007060024000000006040000001061060855
:1060B000706002400000000004000000106106084B
:1060C0005860024000000000030000001061060854
:1060D000406002400000000E02000000106106084F
:1060E0004060024000000006020000001061060847
:1060F000406002400000000002000000106106083D
:10610000106002400000000200000000106106085C
:10611000000000000000000000000000000400007B
:10612000000000000000000000000000000000006F
:1061300000000000030000000000800000002000BC
:10614000F80B0020A40B0020500B00202A040200B2
:1061500000000000270302021200000040030202B8
:10616000801A0600BD030102000000008C0301023A
:10617000000000008A000301000000002703020065
:10618000FE000000E5040202881300008B040301F6
:106190000000000027030200FE000000E5040202E8
:1061A0008813000028FB05080000C9010102000057
:1061B00000000000000000038D2E05082D280508B2
:1061C000C461060844E80508670000000C000000F0
:1061D000D4610608FA1E0000A4620608F21B000043
:1061E0009C6206084A1F000094620608E224000030
:1061F0008C62060852040000806206085A240000DF
:1062000074620608FA2000004062060802210000BD
:1062100034620608A20A0000010000000212000019
:1062200003000000E20F000001000000DA1400008B
:1062300003000000A8ED0508FFFF0300C92A0508B8
:10624000A8ED0508FFFF03009D2B0508750303015A
:1062500000000000270302010000000021040201E9
:1062600000000000E5040202881300002803020277
:1062700008000000A8ED0508FFFF0300792C0508C1
:10628000A8ED0508FFFF0300452D0508F0ED050802
:1062900085270508D8ED0508C9270508F0ED05088C
:1062A000092E0508A8ED0508FFFF0300DD2E0508EF
:1062B000A4610608F80B002080600608006106084B
:1062C0004C0B0020A4610608A40B00207060060897
:1062D000D06006084D0B0020A4610608500B00207A
:1062E000A0600608E06006084E0B0020A4610608C6
:1062F000000000000000000000000000000000009E
:10630000FC0C00205060060860600608A40C002009
:10631000B0600608C06006084C0C002090600608BB
:10632000F06006080000000000000000000000000F
:10633000000000000000000000000000000000005D
:1063400000000000000000002A040201000000001C
:1063500040030200BD0105005B040202FFFFFFFFD6
:106360005604020201000000500402020000000076
:106370004C00020200000000450302020800000079
:106380003F04020200020000AD0302020000000010
:10639000DB0401020000000071030302060000009C
:1063A0008A00030100000000E504020288130000D7
:1063B0008B04030100000000E504020288130000C2
:1063C0008A000301000000008B04030000000000AD
:1063D000E50402028813000028FB05080000A6025D
:1063E0000102000000000000000300044D38050811
:1063F000C1370508FC6306080864060800000000B1
:1064000000000000C136050844E805087F000000D0
:106410000F00000018640608FA1E0000BC6406089D
:10642000F21B0000B4640608EA0300005C340608AE
:10643000F203000050340608220500004834060824
:106440005A2800004034060852040000A8640608D8
:106450005A2400009C6406083A250000906406084F
:10646000A20A000009020000021200000100000060
:10647000E20F000009020000DA1400000100000031
:106480000210000001000000DA0F0000010100000E
:10649000A8ED0508FFFF0300D5360508A8ED05089F
:1064A000FFFF03006D370508A8ED0508FFFF030097
:1064B00085360508F0ED0508B5370508A8ED05088F
:1064C000FFFF03009D380508D8630608006306082F
:1064D000D86306080C630608D86306081863060824
:1064E000D863060824630608D863060830630608E4
:1064F000D86306083C630608A53A0508B1380508C4
:1065000010001000000101008000800040004000E9
:10651000200020000000000001000000000000003A
:106520000100000057656C636F6D6520746F204D2E
:106530006963726F507974686F6E210A0A466F72D0
:10654000206F6E6C696E6520646F637320706C657C
:1065500061736520766973697420687474703A2F6A
:106560002F646F63732E6D6963726F707974686FD7
:106570006E2E6F72672F0A0A517569636B206F76F2
:10658000657276696577206F6620636F6D6D616EE9
:10659000647320666F722074686520626F61726434
:1065A0003A0A20207079622E696E666F28292020B1
:1065B00020202D2D207072696E7420736F6D652000
:1065C00067656E6572616C20696E666F726D61746D
:1065D000696F6E0A20207079622E64656C6179287B
:1065E0006E2920202D2D207761697420666F72201E
:1065F0006E206D696C6C697365636F6E64730A20DD
:10660000207079622E6D696C6C6973282920202DA9
:106610002D20676574206E756D626572206F66202F
:106620006D696C6C697365636F6E64732073696EFA
:10663000636520686172642072657365740A202046
:106640007079622E537769746368282920202D2D74
:106650002063726561746520612073776974636873
:10666000206F626A6563740A202020202020202089
:1066700020202020202020202020205377697463B0
:1066800068206D6574686F64733A2028292C206334
:10669000616C6C6261636B2866290A2020707962E4
:1066A0002E4C4544286E29202020202D2D20637259
:1066B0006561746520616E204C4544206F626A6597
:1066C000637420666F72204C4544206E20286E3D16
:1066D000312C322C332C34290A2020202020202059
:1066E0002020202020202020202020204C45442035
:1066F0006D6574686F64733A206F6E28292C206F63
:10670000666628292C20746F67676C6528292C2001
:10671000696E74656E73697479283C6E3E290A202F
:10672000207079622E50696E2870696E2920202DA4
:106730002D2067657420612070696E2C20656720AC
:106740007079622E50696E2827583127290A202037
:106750007079622E50696E2870696E2C206D2C2025
:106760005B705D29202D2D20676574206120706984
:106770006E20616E6420636F6E6669677572652056
:10678000697420666F7220494F206D6F6465206DBB
:106790002C2070756C6C206D6F646520700A202051
:1067A00020202020202020202020202020202020E9
:1067B0002050696E206D6574686F64733A20696E4D
:1067C0006974282E2E292C2076616C7565285B76DD
:1067D0005D292C206869676828292C206C6F772830
:1067E000290A20207079622E457874496E742870C9
:1067F000696E2C206D2C20702C2063616C6C6261A2
:10680000636B29202D2D2063726561746520616E94
:106810002065787465726E616C20696E7465727241
:10682000757074206F626A6563740A2020707962E3
:106830002E4144432870696E2920202D2D206D6142
:106840006B6520616E20616E616C6F67206F626A9C
:106850006563742066726F6D20612070696E0A2016
:106860002020202020202020202020202020202028
:106870002020414443206D6574686F64733A207230
:1068800065616428292C20726561645F74696D6597
:1068900064286275662C2066726571290A20207052
:1068A00079622E525443282920202020202D2D208B
:1068B0006D616B6520616E20525443206F626A6582
:1068C00063743B206D6574686F64733A206461740F
:1068D0006574696D65285B76616C5D290A2020709E
:1068E00079622E536572766F286E2920202D2D2017
:1068F00063726561746520536572766F206F626A9A
:1069000065637420666F7220736572766F206E20E7
:10691000286E3D312C322C332C34290A20202020A3
:106920002020202020202020202020202020205334
:106930006572766F206D6574686F64733A20636169
:106940006C6962726174696F6E282E2E292C206129
:106950006E676C65285B782C205B745D5D292C204C
:106960007370656564285B782C205B745D5D290A13
:106970000A50696E7320617265206E756D62657272
:1069800065642058312D5831322C205831372D581C
:1069900032322C2059312D5931322C206F72206225
:1069A00079207468656972204D4355206E616D656C
:1069B0000A50696E20494F206D6F646573206172C3
:1069C000653A207079622E50696E2E494E2C2070E7
:1069D00079622E50696E2E4F55542C207079622E9C
:1069E00050696E2E4F50454E5F445241494E0A50F9
:1069F000696E2070756C6C206D6F646573206172B8
:106A0000653A204E6F6E652C207079622E50696E4B
:106A10002E50554C4C5F55502C207079622E506989
:106A20006E2E50554C4C5F444F574E0A416464697A
:106A300074696F6E616C2073657269616C20627538
:106A400073206F626A656374733A207079622E49AD
:106A50003243286E292C207079622E535049286EBB
:106A6000292C207079622E55415254286E290A0A29
:106A7000436F6E74726F6C20636F6D6D616E6473C3
:106A80003A0A20204354524C2D412020202020201F
:106A900020202D2D206F6E206120626C616E6B2096
:106AA0006C696E652C20656E74657220726177204A
:106AB0005245504C206D6F64650A20204354524C5F
:106AC0002D4220202020202020202D2D206F6E20E0
:106AD0006120626C616E6B206C696E652C20656E46
:106AE000746572206E6F726D616C205245504C203F
:106AF0006D6F64650A20204354524C2D43202020A2
:106B000020202020202D2D20696E746572727570F2
:106B10007420612072756E6E696E672070726F6787
:106B200072616D0A20204354524C2D4420202020B5
:106B3000202020202D2D206F6E206120626C616E40
:106B40006B206C696E652C20646F206120736F660A
:106B500074207265736574206F66207468652062A6
:106B60006F6172640A20204354524C2D452020202E
:106B700020202020202D2D206F6E206120626C614E
:106B80006E6B206C696E652C20656E74657220706A
:106B900061737465206D6F64650A0A466F722066C2
:106BA0007572746865722068656C70206F6E206104
:106BB000207370656369666963206F626A656374D8
:106BC0002C20747970652068656C70286F626A2962
:106BD0000A466F722061206C697374206F662061B1
:106BE0007661696C61626C65206D6F64756C65734C
:106BF0002C20747970652068656C7028276D6F642F
:106C0000756C657327290A005B0003010000000012
:106C10009F04030200000000A10403020000000022
:106C2000B5030202801A0600E504020250C3000008
:106C300028FB05080000C901010200000000000057
:106C400000030004A13E0508313E0508546C060807
:106C50004C2E0608000000000000000000000000AC
:106C6000000000000000000000000000BD3D05081D
:106C700000000000306C0608005400409C830608A9
:106C800088830608306C06080058004074830608A4
:106C900000840608306C0608005C0040B4840608D6
:106CA0005C82060840030202FFFFFFFF5604020257
:106CB000FFFFFFFF50040202FFFFFFFF4503020238
:106CC000FFFFFFFFAD030202FFFFFFFF5B000301B9
:106CD000000000004003020020A107005604020249
:106CE0000000000050040202000000004503020200
:106CF00008000000AD030202000000009E04030231
:106D0000000000002F04030200000000260403021C
:106D10000000000028FB05080000A6020102000098
:106D20000000000000030004393F05087140050819
:106D3000386D0608F0330608254005081F40050891
:106D40000D400508146D060800630608146D06085A
:106D50000C630608146D060818630608146D06080F
:106D600024630608146D060830630608146D0608CF
:106D70003C630608E0F105087C6D060844E8050858
:106D80003F010000270000008C6D0608BA000000DB
:106D90005A2300003A1D0000E86E0608521A00004F
:106DA000544206084A1E000044420608F21E000033
:106DB00060420608A227000034420608AA1D00000F
:106DC000284206089A240000E455060852280000CC
:106DD000E06E06084A1C000034570608CA1C000072
:106DE00028570608B20400001C42060812260000BC
:106DF000104206088A03000018570608A224000063
:106E0000C46E06086A1B0000C0420608222100006A
:106E1000544A0608B21C0000D86E06081A21000069
:106E20004C4A0608AA1C0000D06E0608021C00008E
:106E3000644A0608622700005C4A060892260000A1
:106E40009044060882210000304D06082A170000F1
:106E5000045A06087A130000C07A06088A12000055
:106E6000E05F0608FA0C0000707906085223000063
:106E70007C7C060862250000847C0608F215000070
:106E8000FC7B060822160000607A0608620D0000EE
:106E9000807B0608920F0000485C06084A0E00003E
:106EA000A461060832150000D86306083A170000EE
:106EB0005835060892070000087D0608AA0700005A
:106EC0008C7C0608A8ED050802000000D5400508E6
:106ED000F0ED050881400508F0ED0508A140050822
:106EE00008EE050879400508F0ED0508C1400508E1
:106EF000E0F10508F86E060844E8050827070000D9
:106F0000E4000000086F0608BA0000004A260000EE
:106F1000CA200000FC300608BA200000F430060841
:106F2000C2200000EC300608421600005C7906081A
:106F30004A160000487906085216000034790608FF
:106F40005A160000207906087A1300000C7906080A
:106F50001A180000F87806086A0F0000E47806089E
:106F6000C20E0000D078060842150000BC78060862
:106F70004A150000A8780608CA0E00009478060892
:106F80008A17000080780608520E00006C78060808
:106F90005A0E000058780608620E00004478060871
:106FA0006A120000307806082A1600001C780608CD
:106FB000821700000878060892170000F477060888
:106FC0009A070000E0770608A2070000CC770608C1
:106FD000CA140000B87706083A150000A47706081E
:106FE0005215000090770608B21500007C7706085D
:106FF000C20C000068770608621600005477060885
:1070000032160000407706083A1600002C77060872
:107010007A0D000018770608820D00000477060834
:107020008A0D0000F0760608920D0000DC76060856
:107030009A0D0000C8760608A20D0000B476060876
:10704000C20A0000A0760608A21200008C7606088C
:107050000A0D000078760608A20B00006476060888
:10706000AA0B000050760608720B0000287606086E
:10707000D21700003C7606084A0800000100000014
:10708000B207000009000000BA070000110000006C
:1070900022080000190000002A080000210000005A
:1070A000F207000029000000FA070000310000008C
:1070B00002080000390000000A080000410000003A
:1070C000CA070000490000001A0800005100000033
:1070D00032080000590000003A080000610000007A
:1070E0004208000069000000120800007100000062
:1070F000D207000079000000DA07000081000000DC
:10710000E207000089000000EA070000910000008B
:10711000C207000099000000D20A00000100000030
:10712000DA0A000009000000CA0A0000110000008D
:10713000920B0000010000008A0B00000900000013
:107140007A0B000011000000820B00001900000003
:10715000CA0B000001000000BA0B0000090000008B
:10716000C20B000011000000B20B0000190000006B
:10717000DA0C000001000000CA0C00000900000049
:10718000EA0C000011000000D20C00001900000001
:10719000F20C000021000000E20C000029000000B9
:1071A000120D000001000000220D00000900000087
:1071B0003A0D000011000000420D0000190000000F
:1071C0001A0D0000210000002A0D00002900000017
:1071D000320D000031000000E20D0000010000004F
:1071E000FA0D000009000000F20D0000110000007F
:1071F000020E000019000000D20D00002100000066
:10720000EA0D000029000000BA0D00003100000066
:10721000DA0D000039000000AA0D00004100000056
:10722000B20D000049000000CA0D0000310000004E
:10723000C20D000035000000E21500000100000052
:10724000EA15000009000000C2150000110000004E
:10725000CA15000019000000D2150000210000002E
:10726000DA15000029000000BA15000041000000F6
:107270007A0E000001000000820E000009000000EC
:107280009A0E000011000000A20E0000190000007C
:107290008A0E000021000000AA0E00002900000054
:1072A000B20E000031000000720E00003900000034
:1072B000BA0E000041000000920E000049000000DC
:1072C000720F0000010000007A0F000009000000AA
:1072D000820F0000110000008A0F0000190000005A
:1072E0007A12000001000000821200000900000074
:1072F0003A130000010000005213000009000000D2
:107300002A130000110000003213000019000000D1
:10731000BA12000021000000D21200002900000073
:10732000EA120000310000000213000041000000DA
:107330001A13000049000000AA12000061000000BA
:10734000C212000069000000DA12000071000000A3
:10735000F2120000810000000A1300008900000002
:10736000B2120000A1000000CA120000A900000033
:10737000E2120000B1000000FA120000C10000009B
:1073800012130000C900000022130000E1000000F9
:1073900042130000E9000000621300000101000038
:1073A0005A130000090100004A13000019010000EF
:1073B0008A140000010000005A14000009000000B7
:1073C00052140000110000006214000019000000B7
:1073D0006A14000021000000B2140000290000001F
:1073E0004214000031000000821300003900000048
:1073F0009213000041000000AA14000049000000A0
:107400007A140000510000007214000059000000BE
:10741000A214000061000000921400006900000046
:107420009A140000710000004A1400007900000066
:1074300082140000810000008A130000890000000F
:107440009A13000091000000A2130000A1000000A8
:10745000FA130000A900000002140000B1000000AF
:107460000A140000B900000012140000C10000005E
:107470001A140000C900000022140000D10000000E
:107480002A140000D900000032140000E1000000BE
:107490003A140000E9000000AA130000F100000007
:1074A000B2130000F9000000BA130000010100004F
:1074B000C213000009010000CA13000011010000FE
:1074C000D213000019010000DA13000021010000AE
:1074D000E213000029010000EA130000310100005E
:1074E000F2130000390100005A15000001000000ED
:1074F0006215000009000000921500001100000054
:1075000072150000190000006A150000210000003B
:107510008A150000290000009A15000031000000C3
:107520007A150000390000008215000041000000BB
:10753000BA16000001000000C21600000900000099
:107540000217000011000000D21600001900000010
:107550000A17000021000000E216000029000000C8
:1075600082160000310000008A1600003900000079
:107570007A16000041000000B21600004900000029
:10758000F2160000510000006A16000059000000C9
:10759000FA16000061000000921600006900000069
:1075A0009A16000071000000A21600007900000089
:1075B000AA16000081000000721600008900000079
:1075C000CA16000091000000DA16000099000000C1
:1075D000EA160000A1000000CA1700000100000028
:1075E000BA170000090000009A17000011000000FF
:1075F000A217000019000000AA17000021000000D7
:10760000B217000029000000C2170000310000007E
:107610002A180000010000002218000009000000E4
:1076200032180000110000004CEF05080A000000AD
:107630000200000038760608002004E04CEF050840
:107640000A000000020000004C760608000000500E
:107650004CEF05080A0000000200000060760608F2
:10766000006402404CEF05080A0000000200000020
:1076700074760608006002404CEF05080A0000001E
:107680000200000088760608003C02404CEF050826
:107690000A000000020000009C7606080038024044
:1076A0004CEF05080A00000002000000B076060852
:1076B000003002404CEF05080A0000000200000004
:1076C000C4760608001C02404CEF05080A000000C2
:1076D00002000000D8760608001002404CEF0508B2
:1076E0000A00000002000000EC760608000C0240D0
:1076F0004CEF05080A0000000200000000770608B1
:10770000000802404CEF05080A00000002000000DB
:1077100014770608000402404CEF05080A00000038
:107720000200000028770608000002404CEF050820
:107730000A000000020000003C77060800480140F3
:107740004CEF05080A000000020000005077060810
:10775000004401404CEF05080A0000000200000050
:1077600064770608004001404CEF05080A0000005D
:107770000200000078770608003C01404CEF050845
:107780000A000000020000008C7706080038014063
:107790004CEF05080A00000002000000A077060870
:1077A000003401404CEF05080A0000000200000010
:1077B000B4770608003001404CEF05080A000000CD
:1077C00002000000C8770608002C01404CEF0508B5
:1077D0000A00000002000000DC77060800230140D8
:1077E0004CEF05080A00000002000000F0770608D0
:1077F000002001404CEF05080A00000002000000D4
:1078000004780608001401404CEF05080A00000047
:107810000200000018780608001001404CEF05082F
:107820000A000000020000002C7806080000014059
:107830004CEF05080A00000002000000407806082E
:10784000007000404CEF05080A0000000200000034
:1078500054780608005C00404CEF05080A00000060
:107860000200000068780608005800404CEF050848
:107870000A000000020000007C7806080054004066
:107880004CEF05080A00000002000000907806088E
:10789000004400404CEF05080A0000000200000010
:1078A000A4780608004000404CEF05080A000000DC
:1078B00002000000B8780608003C00404CEF0508C4
:1078C0000A00000002000000CC78060800380040E2
:1078D0004CEF05080A00000002000000E0780608EE
:1078E000003400404CEF05080A00000002000000D0
:1078F000F4780608003000404CEF05080A0000004C
:107900000200000008790608002C00404CEF050832
:107910000A000000020000001C7906080028004050
:107920004CEF05080A00000002000000307906084C
:10793000000C00404CEF05080A00000002000000A7
:1079400044790608000800404CEF05080A000000D2
:107950000200000058790608000400404CEF0508BA
:107960000A000000020000006C79060800000040D8
:1079700028FB050800009F01010200000000000034
:1079800000000003BD430508A141050890790608E1
:1079900044E805085F0000000B000000A07906081D
:1079A00012200000407A0608C21C0000387A06083F
:1079B000421C0000307A06087A260000287A060861
:1079C0007A240000187A0608420F000001002220E5
:1079D000320F0000010042204A0F00000100622027
:1079E000B20C000001002420AA0C00000100442079
:1079F000BA0C0000010064205204030100000000E2
:107A00002A040201000000006404020100000000DA
:107A10005503030100000000E0FA0508207A06087B
:107A200008EE05083D410508F0ED05081D42050872
:107A3000F0ED0508F1410508F0ED0508CD41050818
:107A4000F0ED050831410508060708090A17171760
:107A5000171728282828282801292A3E4C02030025
:107A600028FB05080000C40201020300000000001A
:107A700000000004794605086D4605080147050821
:107A8000847A060844E80508170000000200000098
:107A9000947A060812050000B47A0608AA1A0000B3
:107AA000A47A0608D8ED05088D460508F0ED05080E
:107AB000C1460508F0ED05081B470508607A060871
:107AC00028FB050800006F02010000000000000014
:107AD0000000000239470508DC7A060844E805087A
:107AE0002F00000005000000EC7A0608FA1E0000D6
:107AF000407B0608F21E0000387B0608B21B00001F
:107B00002C7B06084A280000207B0608A21A0000E9
:107B1000147B0608A8ED050804000200254D0508A1
:107B2000A8ED050808000400C94B0508A8ED0508E4
:107B300004000200BD4A0508F0ED05082D470508C0
:107B4000F0ED0508AD4A0508C07A060800000008F7
:107B500000400000040000000000010800000100D7
:107B60000100000000000208000002000300000005
:107B700092000202FFFFFFFF6B000202FFFFFFFF08
:107B800028FB05080000AC01010200000000000015
:107B9000000000031155050841510508A07B0608A7
:107BA00044E805081F00000003000000B07B060841
:107BB00002240000DC7B06086A280000D07B06084F
:107BC000321F0000C87B0608C0ED0508C15105083A
:107BD000A8ED05080800060067540508A8ED05088B
:107BE00008000600C3530508807B06080000FEFF5E
:107BF00000000000000000000004080C28FB05083D
:107C00000000BE02010200000000000000000003AE
:107C100055570508315705081C7C060844E8050837
:107C200027000000040000002C7C06082A23000026
:107C3000707C0608A21A0000647C06088A190000FD
:107C4000587C0608F22500004C7C0608A8ED0508C3
:107C500006000200D9580508A8ED05080600020034
:107C600059590508A8ED05080C00020061560508E1
:107C7000A8ED050804000200D9590508D8ED05084B
:107C800041560508D8ED0508F555050828FB0508F7
:107C90000000F500010000000000000000000002EC
:107CA000915E0508A87C060844E805082F0000003E
:107CB00005000000B87C0608BA230000007D060815
:107CC000C2230000F87C0608CA230000F07C0608E6
:107CD000D2230000E87C0608F2230000E07C0608BE
:107CE000F0ED050801600508F0ED050829600508BC
:107CF000F0ED0508B15F0508F0ED0508715F0508B6
:107D0000D8ED0508DD5D050828FB05080000F20038
:107D1000010200000000000000000003E15C050813
:107D2000255A0508287D060844E805081F000000BC
:107D300003000000387D0608EA030000687D06089D
:107D4000DA230000607D0608E2230000507D06086B
:107D5000E0FA0508587D0608C0ED0508155B050822
:107D6000C0ED05086F5A0508F0ED0508C95D050866
:107D700054850608408506082C85060818850608DF
:107D800004850608F0840608DC840608C884060812
:107D90003C8406082884060810830608FC8206082E
:107DA000E8820608D4820608C0820608AC8206086B
:107DB00044E805085F0200004B000000C07D060893
:107DC00022070000548506088A1000005485060822
:107DD0002A0700004085060892100000408506082A
:107DE000FA0A00002C850608BA1000002C85060847
:107DF000F20A000018850608C2100000188506085F
:107E000052070000048506089A0F00000485060842
:107E1000CA100000048506081A0B0000F08406084A
:107E2000A20F0000F0840608AA0F0000F0840608E4
:107E3000B20F0000F0840608D2100000F08406089B
:107E4000120B0000DC840608DA100000DC8406084F
:107E50000A0B0000C8840608E2100000C884060867
:107E60005A0B0000B4840608EA100000B484060827
:107E7000620B0000A0840608F2100000A08406082F
:107E8000320B00008C8406089A1000008C840608CF
:107E9000A210000078840608AA1000006484060876
:107EA000B2100000508406085A0700003C840608FF
:107EB000FA1000003C84060802110000288406081D
:107EC00032110000148406083A0B000000840608F2
:107ED0003A110000008406084A0B0000EC830608F3
:107EE00042110000EC830608420B0000D88306080C
:107EF0004A110000D8830608020B0000C48306085C
:107F000052110000C48306085A110000B08306080D
:107F10002A0B00009C830608621100009C8306085F
:107F2000220B0000888306086A1100008883060877
:107F3000520B0000748306080A11000074830608BF
:107F400012110000608306081A1100004C83060815
:107F500022110000388306082A1100002483060835
:107F60006A070000108306087211000010830608DB
:107F700062070000FC8206087A110000FC820608F5
:107F8000B2110000E8820608BA110000D482060887
:107F9000C2110000C0820608CA110000AC820608A7
:107FA000D2110000988206086A0B0000848206083D
:107FB000DA11000084820608E211000070820608CF
:107FC000EA1100005C82060882110000488206085F
:107FD0008A110000348206089211000020820608EF
:107FE0009A1100000C820608AA1500000C820608EF
:107FF000A2110000F8810608AA110000E481060819
:10800000F2110000D08106080A120000BC810608A7
:1080100012120000A881060844E805088701000044
:10802000300000002880060822070000548506085A
:108030002A07000040850608520700002C85060824
:108040005A07000018850608620700000485060824
:108050006A070000F084060872070000DC84060846
:108060007A070000C884060882070000B484060866
:108070008A070000A0840608320700008C840608E6
:108080003A07000078840608420700006484060866
:108090004A07000050840608320900003C840608A4
:1080A0003A090000288406086A09000014840608BA
:1080B00072090000008406087A090000EC830608B3
:1080C00082090000D88306088A090000C4830608D4
:1080D00092090000B08306089A0900009C830608F4
:1080E000A20900008883060842090000748306087C
:1080F0004A09000060830608520900004C83060804
:108100005A09000038830608620900002483060823
:108110001A0A000010830608220A0000FC820608E2
:108120005A0A0000E8820608620A0000D4820608A3
:108130006A0A0000C0820608720A0000AC820608C3
:108140007A0A000098820608820A000084820608E3
:108150008A0A000070820608920A00005C82060803
:108160002A0A000048820608320A00003482060803
:108170003A0A000020820608420A00000C82060823
:108180004A0A0000F8810608520A0000E481060845
:10819000320B0000D08106082A0E0000BC810608C0
:1081A000320E0000A8810608E05F0608C601020042
:1081B00027000000001C024068850608E05F0608F2
:1081C000C501010007000000001C02406885060888
:1081D000E05F06086601040043020000000C024054
:1081E00068850608E05F06084A010080E201000099
:1081F0000008024078850608E05F06084901004053
:10820000C20100000008024078850608E05F060809
:1082100048010020A20100000008024078850608FD
:10822000E05F0608470100108203000000080240DA
:1082300078850608E05F0608460100086203000032
:108240000008024088850608E05F06084501000432
:10825000420300000008024098850608E05F060817
:10826000520100022205000000080240A88506080D
:10827000E05F06085101000102050000000802400D
:10828000C8850608E05F060850018000E20400008F
:1082900000080240E8850608E05F06084F0140003C
:1082A000C20400000008024008860608E05F0608D5
:1082B0004E012000A2E005000008024028860608C2
:1082C000E05F06084D01100082C005000008024072
:1082D00028860608E05F06084C01080062A2050037
:1082E0000008024028860608E05F06084B010400EB
:1082F000428205000008024038860608E05F060852
:108300004401020022600500000802404886060879
:10831000E05F06084301010002400500000802403A
:1083200048860608E05F06082C010080E105000091
:108330000004024048860608E05F06082B01004062
:10834000C10500000004024068860608E05F0608D8
:108350002A010020A10500000004024088860608CA
:10836000E05F0608290100108105000000040240BA
:10837000A8860608E05F06082801000441070000FF
:1083800000040240C8860608E05F060834010002C7
:108390002109000000040240F8860608E05F060894
:1083A000330100010107000000040240388706087D
:1083B000E05F060832018000E10400000004024092
:1083C00068870608E05F060831014000C10400002C
:1083D0000004024088870608E05F0608300120009C
:1083E000A106000000040240A8870608E05F060816
:1083F0002F0110008108000000040240D887060801
:10840000E05F06082E010800610800000004024039
:1084100018880608E05F06082D01040041000000EE
:108420000004024058880608E05F060827010200A1
:10843000212405000004024058880608E05F060871
:1084400026010100010405000004024078880608A6
:10845000E05F0608E9000080E0090000000002403B
:1084600098880608E05F0608E80000108005000014
:1084700000000240D8880608E05F0608E700000810
:108480006005000000000240F8880608E05F06086A
:10849000E6000004400300000000024018890608BE
:1084A000E05F0608F1000002200300000000024027
:1084B00028890608E05F0608F000000100050000BA
:1084C0000000024038890608E05F0608EF008000DF
:1084D000E0E604000000024058890608E05F060854
:1084E000EE004000C0C60400000002408889060873
:1084F000E05F0608ED002000A0A604000000024096
:10850000B8890608E05F0608EC00100080860400C9
:1085100000000240E8890608E05F0608EB0008005A
:108520006068040000000240188A0608E05F060840
:10853000EA0004004048040000000240588A06088F
:10854000E05F0608E500020020260400000002406B
:10855000988A0608E05F0608E400010000080400AD
:1085600000000240C88A0608085D06080C010000E9
:108570000200030800040040085D0608170100001F
:1085800006040300003C0040085D060817010000D7
:1085900006040301003C0040085D060817010000C6
:1085A00006040302003C0040085D06080C010000C0
:1085B0000200030300040040085D060814010000E7
:1085C00004010300005C0040085D06080C01000087
:1085D0000200030200040040085D060819010000C3
:1085E0000802060400140140085D06080C010000A2
:1085F0000200030100040040085D060819010000A4
:108600000802060100140140085D06080C01000084
:108610000200030000040040085D06081901000084
:108620000802060000140140085D0608160100005B
:108630000504020000380040085D0608160100002D
:108640000504020100380040085D06080A01000028
:108650000100010600000140085D06081601000047
:108660000504020000380040085D06080A01000009
:108670000100010500000140085D06081601000028
:108680000504020100380040085D06080A010000E8
:108690000100010400000140085D06081601000009
:1086A0000504020200380040085D06080A010000C7
:1086B0000100010900000140085D060816010000E4
:1086C0000504020300380040085D06080B010000A5
:1086D0000100020200000040085D060813010000CE
:1086E0000401020100580040085D06081601000060
:1086F0000504020200380040085D06080D01000074
:108700000200040300080040085D06081001000094
:1087100003000B0000480140085D0608120100003C
:108720000401010000540040085D06081601000025
:108730000504020300380040085D06080D01000032
:108740000200040200080040085D06080F01000056
:1087500003000A0000440140085D06081201000001
:108760000401010100540040085D06080D010000ED
:108770000200040100080040085D06081201000024
:108780000401010000540040085D06080D010000CE
:108790000200040000080040085D06081201000005
:1087A0000401010100540040085D06080C010000AE
:1087B0000200030100040040085D060815010000E6
:1087C0000504010000300140085D060817010000A3
:1087D00006040300003C0040085D06080C01000090
:1087E0000200030000040040085D060815010000B7
:1087F0000504010100300140085D06081701000072
:1088000006040301003C0040085D06081B0100004F
:1088100009010300005C0040085D06080B01000030
:108820000100020100000040085D0608150100007B
:108830000504010200300140085D06081701000030
:1088400006040302003C0040085D06081A0100000F
:108850000901020000580040085D06080A010000F6
:108860000100010600000140085D06080C0100003F
:108870000200030300040040085D06080A0100002E
:108880000100010500000140085D06080C01000020
:108890000200030200040040085D06080B0100000E
:1088A0000100020000000040085D06080B01000006
:1088B0000100020800000040085D060815010000E4
:1088C0000504010300300140085D0608170100009F
:1088D00006040303003C0040085D06080A0100008E
:1088E0000100010800000140085D060819010000B0
:1088F0000802060100140140085D06080A01000094
:108900000100010300000140085D06081901000094
:108910000802060000140140085D06080A01000074
:108920000100010200000140085D06080A01000084
:108930000100010100000140085D06080A01000075
:108940000100010000000140085D0608140100005C
:1089500004010301005C0040085D06080A010000F4
:108960000100010400000140085D06080C01000040
:108970000200030100040040085D06081501000024
:108980000504010000300140085D06080A010000EE
:108990000100010900000140085D06080C0100000B
:1089A0000200030000040040085D060815010000F5
:1089B0000504010100300140085D06080B010000BC
:1089C0000100020000000040085D06080B010000E5
:1089D0000100020800000040085D060815010000C3
:1089E0000504010200300140085D06081501000081
:1089F0000504010300300140085D0608170100006E
:108A000006040303003C0040085D0608180100004E
:108A10000702020400440040085D06080B01000044
:108A20000100020300000040085D06080E0100007E
:108A300002000503000C0040085D0608110100005B
:108A40000300090100400140085D0608180100000C
:108A50000702020100440040085D06080B01000007
:108A60000100020200000040085D06080E0100003F
:108A700002000502000C0040085D0608110100001C
:108A80000300090000400140085D060818010000CD
:108A90000702020000440040085D06080B010000C8
:108AA0000100020100000040085D06080E01000000
:108AB00002000501000C0040085D060818010000D6
:108AC0000702020300440040085D06080B01000095
:108AD0000100020000000040085D06080B010000D4
:108AE0000100020800000040085D06080E010000B9
:108AF00002000500000C0040085D06081801000097
:088B00000702020200440040DC
:088B080018DAFE7F01000000F5
:108B10000024F4007C360608002C00400000000011
:108B20006D70792D73746D33320000000000000009
:108B30000000000000000000000000000000000035
:108B400000585800E900000045000000BABAA4ED42
:088B5000FFFFFFFF0000803F62
:0400000508020111DB
:00000001FF
