:020000040800F2
:10000000F8BF0120190102082FFF04081DFF040892
:1000100031FF04083DFF040849FF04080000000008
:1000200000000000000000000000000055FF040870
:1000300057FF040800000000D9010508E101002075
:100040000100020859FF040865FF04086DFF040859
:10005000BD520508010002080D47050813470508B1
:10006000194705081F47050825470508C120050849
:10007000D1200508E1200508F12005080121050827
:1000800011210508212105080100020800000000D7
:100090000000000000000000000000002B470508E1
:1000A00081FF040887FF040899FF04089FFF0408E4
:1000B000A5FF0408ABFF0408B1FF04085926050892
:1000C0007526050891260508AD26050801000208D9
:1000D00001000208F9020020FF02002000000000D9
:1000E0004F4705085FFF04080100020800000000F8
:1000F00000000000000000000000000031210508A1
:100100000000000001000208B9FF04080100020815
:1001100000000000000000000000000000000000DF
:1001200041210508512105086121050871210508B3
:100130008121050800000000000000000000000010
:1001400000000000000000000000000001000208A4
:1001500091210508A1210508B1210508050300200A
:10016000C9260508E526050800000000000000007B
:10017000000000000000000000000000000000007F
:100180000000000001000208000000000000000064
:1001900001000208010002080248002343643C30C9
:1001A00000F036B980040020054B43F82010054BC1
:1001B00001221A60044B4FF080525A60704700BF12
:1001C000A80A0020AC0A002000ED00E010F4FF7F38
:1001D00002BF024B0422C3F8002E704700E100E08A
:1001E0000D4B10B51C6801341C604FF0E02304F087
:1001F00001021B69094B53F822300BB12046984786
:10020000074B1B68A34205D1BDE8104005490020FB
:10021000FFF7CABF10BD00BF58090020B00A002078
:100220005409002001AD040838B5314B03EB8003BD
:10023000D3F88441002C51D063681968E1838A06A1
:1002400030D5608A50B3A28A0132B2FBF0F500FBD0
:100250001522E08A92B2904220D01968E183596851
:10026000A3890B40A17A79B12249096899420BD13F
:10027000FFF792FFA38BDD0604D56268D36843F0D5
:100280001003D360012516E0E07AA1690128A08A55
:100290000CBF21F810300B54A282EBE7DA6822F091
:1002A0002002DA60C80642BFDA6822F01002DA6083
:1002B0000A0714D40025637AA28B5B0742BFE38B45
:1002C00023F01003E383E38B1A4202D0206A00F08C
:1002D000A3F8637A45B123F00403637238BDDA688A
:1002E00022F02002DA60E5E743F00403F5E700BFFF
:1002F00080040020780400200120FFF795BF022031
:10030000FFF792BF0620FFF78FBF0000114B70B5BB
:1003100000220546DA6100F06FF80F4C0646E368EC
:10032000DA030CD4E368DB0744BF0123E360E06831
:1003300010F4F97007D000F077F8012003E0691C91
:10034000EDD00DB9032070BD00F056F8801BA84217
:10035000E5D9F7E75C090020003C02402DE9F843AD
:10036000234F3B7E012B054688463FD001234CF2AC
:1003700050303B76FFF7CAFF0446A8B94FF0FF3371
:10038000C8F800302B68012B13D1287C00F048F806
:100390004CF25030FFF7BAFF164A136923F00403FA
:1003A0000446136100F030F800233B762046BDE898
:1003B000F883AE68DFF83C90D5E902231344B342DA
:1003C000F0D9297C304600F033F84CF25030FFF77A
:1003D0009DFFD9F8103023F0FA03C9F8103018B196
:1003E000C8F800600446DDE70136E5E70224DDE7F2
:1003F0005C090020003C0240014B1868704700BFB8
:1004000058090020000000005FF800F011F804080F
:100410005FF800F06DE202085FF800F05DA70408E5
:100420005FF800F0A5F704085FF800F055F604083F
:080430005FF800F0C9F70408B1
:020000040802F0
:10000000FEE700000F49D1F8883043F47003C1F8CF
:1000100088300D4B1A68002042F001021A60986087
:100020001A6822F0847222F480321A60074A5A60F9
:100030001A6822F480221A60D8604FF000638B6047
:10004000704700BF00ED00E000380240103000248F
:1000500030B5002495B010252A4621460AA80494FC
:1000600029F06AFF284B01941A6C42F080521A64FE
:100070001B6C03F080530193019B244B029419687D
:1000800041F4404119601B68059403F44043029316
:100090000122029B4FF48033CDE908234FF4800105
:1000A00002230F22CDE90E3112930423CDE90B4533
:1000B00003920825C02213934FF4A05C4FF48053A1
:1000C00008A8CDE91052CDE906C32DF0E1FA10B130
:1000D0000F482FF0EBFB119B109A3021DB00B3FB94
:1000E000F2F3B3FBF1F201FB1232121A1299B3FBD5
:1000F000F1F118BF012203A830F036F908B1054824
:10010000E7E715B030BD00BF003802400070004086
:10011000686905087A6905080446DFF82CD00B49A0
:100120000B4A0C4B03E051F8040B42F8040B9A42C3
:10013000F9D300200849094A01E041F8040B914233
:10014000FBD320462FF008BDF8BF0120EC8D060838
:10015000380400208004002080040020340F002098
:1001600040F8044B40F8045B40F8046B40F8047B13
:1001700040F8048B40F8049B40F804AB40F804BB03
:1001800040F804CB40F804DB68467047024B5A69DC
:10019000026058610020704780040020024B5A69B9
:1001A00012685A61704700BF80040020024B9A69B0
:1001B000C0E900219861704780040020044A9369D7
:1001C0001968916110B15A6818461047704700BF0E
:1001D0008004002038B5054D0446AB690BB1A3423D
:1001E00000D338BD0120FFF7E9FFF6E780040020C7
:1001F000C460056146618761C0F81C80C0F820902A
:10020000C0F824A0C0F828B0C0F82CD080ED0C8B2A
:1002100080ED0E9B80ED10ABC0F808E0FFF7B6BF95
:10022000124D6C6908B50CB92FF082FC6060204655
:10023000FFF7D0FF23686B612046C46805694669F3
:100240008769D0F81C80D0F82090D0F824A0D0F88E
:1002500028B0D0F82CD090ED0C8B90ED0E9B90ED4B
:1002600010ABD0F808E00120704700BF80040020E8
:1002700010B50021044600F00DFB18B914B120465A
:100280000DF090FD10BD002100F004BB10B5012160
:10029000044600F0FFFA18B914B120460DF082FDB3
:1002A00010BDFFF7E5BF10B501220C4600F014FCAD
:1002B00018B914B120460DF075FD10BD00F00CBC4E
:1002C00000F0CCBBDFF8B8C02DE9F04305464FF095
:1002D000000E0324DCF89C02002101316B189A08FF
:1002E00003F00303825C5B0042FA03F303F00303B1
:1002F000022BF2D0090136D0DCF8A80200EB051081
:10030000014403681A072BD1DCF8A8525A1BC2F328
:1003100001169D424FEA92174FEA46064FEA121223
:100320001ED8DCF8AC529D421AD9DCF89C8218F831
:10033000075045FA06F303F0030304FA06F9012B0C
:1003400045EA09050CD10CEB4E06BEF13F0F08F84B
:1003500007509ABF0EF1010EA6F8BC22CCF8B832B5
:1003600004308842CDD1BEF1000F06D00EF1FF3E21
:100370000CEB4E03B3F8BC52ACE7BDE8F08300BF12
:100380008004002030B51C4CD4E9A953C01AC1091F
:10039000C0F3021E6B5C012202FA0EF223EA020392
:1003A0006B54D4F8B02283094FEA101CB2EB901FB3
:1003B000D4F89C0288BFC4F8B032C15C4FEA9C0EEE
:1003C0000CF0030303255B0005FA03F321EA0301A4
:1003D00000F80E100CF1010CD4F89C024FEA9C0EB0
:1003E0000CF0030310F80E105A0041FA02F202F06A
:1003F0000302022AE7D030BD8004002021F00F0163
:100400000B1A134A013BDB0010B5A2FB0323114C6E
:100410005B0AC4E9A703C4F8AC129A00A1EB8311EC
:100420000133C4F8A8120732C11803EBD202C4F892
:10043000A412002129F080FD002301214FF0FF329A
:10044000C4E9AC33C4E9D0322381A4F83C1310BD15
:10045000F32C23FA80040020024A1389023313810B
:10046000704700BF80040020024A1389023B1381B9
:10047000704700BF80040020024B1889003818BF65
:10048000012070478004002070B51E4C2389002293
:1004900043F0010382B004F5F875C4F8B822C4F83B
:1004A0004023238104F1080252F8043F19071AD1AE
:1004B000D4F8A812581AC0F3011C8B424FEA901EC0
:1004C0004FEA4C0C4FEA10100DD3D4F8AC128B420B
:1004D00009D2D4F89C6216F80E1041FA0CF303F01E
:1004E0000303012B03D0AA42DED102B070BD032367
:1004F00003FA0CF3194306F80E100192FFF7E2FE1F
:10050000019AF0E780040020B9B3F0B51B4C0D460A
:1005100083B0011F002251F8043F18071AD1D4F804
:10052000A872D81BC0F3011E9F424FEA90164FEAF3
:100530004E0E4FEA10100DD8D4F8AC729F4209D974
:10054000D4F89C7217F806C04CFA0EF303F00303BC
:10055000012B04D001329542DDD103B0F0BD03235D
:1005600003FA0EF34CEA030C07F806C0CDE90021AC
:10057000FFF7A8FEDDE90021ECE7704780040020CA
:100580002DE9F043614ED6F8B832D6F89C1283B00C
:10059000C3B1D6F8A03200259800C6F8B85288B189
:1005A0000024A30804F00302CB5C5200134103F0C3
:1005B0000303032B2BD00134A042F2D8D6F8B83273
:1005C000002BEAD1D6F8B4324FF000094FEAD30835
:1005D0000127D6F8A43213F809404FEAC90514B927
:1005E0004CE064080135E20703D464080135E307F1
:1005F000F7D5AB0805F00302CB5C5200134103F0C2
:100600000303012B15D0640838D00135EFE72046ED
:10061000FFF758FED6F8A032D6F89C120134B4EB9E
:10062000830F4FEA8300BCD3D6F8B832002BB4D185
:10063000C8E7D6F8A8222B0102EB0510D35873B1F6
:100640006A464FF445710CF061FD009B3BB10DF023
:1006500019FEDDE900010DF0EFFD0DF029FED6F8E1
:10066000A402EB0805F00701C25C07FA01F122EAD7
:100670000102C2546408D6F89C12C6D1C14502D00A
:1006800009F10109A5E70027BE463A4603240225E1
:100690000FE0012806D104FA03F32CEA03030B70E0
:1006A0004FF0010ED6F8B43201329A421FD8D6F874
:1006B0009C12900802F0030311F800C05B004CFA92
:1006C00003F000F00300022801EB920119D0032887
:1006D000DFD105FA03F32CEA030C81F800C0D6F849
:1006E000B432174601329A424FF0000EDFD93389F7
:1006F000002223F00103C6E9AC27338103B0BDE833
:10070000F083BEF1000FC6D11746CBE7800400206E
:10071000044B1A89002142F00102C3F8B8121A8171
:10072000FFF72EBF80040020594B00212DE9F04136
:10073000D3E9AA42C0E90411121BD3E9A7458846B0
:100740004FEA850CC0E90111C160816102600E466B
:100750008E460D4618E05BBB01359445856001F17E
:10076000010179D09608A75D02F0030676003741B3
:1007700017F002084AD107F003071646B44536D0F1
:10078000012F34D094453AD0B30806F00302E35C5D
:100790005200134103F00303012B06F1010238D08C
:1007A000022BD8D10EF1010EC0F804E008F10108C7
:1007B000944545D0960802F00303A75D5B001F41F6
:1007C000BB0724D4B8F1010F07F003075BD0B8F1E1
:1007D000020F164604D14369013343614FF002080A
:1007E00083699845CAD9B445C0F81880C8D1C36890
:1007F000994200D9C16094454FF00001C4D14FEA3D
:100800000E132D01C0E90135BDE8F081984616466A
:10081000B8E70EF1010E9445C0F804E027D0960821
:10082000A75D02F0030676003741BE07EED407F05D
:10083000030716460369013303614FF00108CFE750
:10084000B8F1010F1F4620D0B8F1020F19D083690B
:1008500098456646C7D8CAE7C3689942CFD94FEAD8
:100860000E132D01C0E90135C160BDE8F0810669B4
:1008700001360661866906B9836116464FF00108A4
:10088000B5E76646A7E71646D4E76646D2E700BF57
:10089000800400202DE9F84300F10F04240900F042
:1008A0009D806D4D2F89002F40F09880B5F83C2336
:1008B0008846002A40F09680D5F8B012D5F8A0E21C
:1008C000714538BF012780F08980D5F89CC20CF1B2
:1008D000FF3600200E440FE013F00C0200F0A18060
:1008E00013F0300F00F0B08000223F2B40F29180D7
:1008F00000200131714570D216F8013F9A07EBD103
:10090000421C944240F2A58013F00C0F40F09180FD
:100910000230844240F2898013F0300F40F08F8023
:1009200002329442E1D889008B1CA3EB020E012A0B
:1009300008F001090EF1010603D1591C8908C5F818
:10094000B012D5F8B412994238BF1946B008C5F8AC
:10095000B41206F003071CF800807F0001210EF19D
:10096000020EB94041EA080173450CF8001013D398
:1009700002274FEA9E01D5F89CC20EF003001CF836
:100980000180400007FA00F00EF1010E40EA080075
:1009900073450CF80100ECD2D5F84033D5F8A872B5
:1009A00023441201002107EB0610C5F8403329F05B
:1009B000C3FA34010346B9F1000F10D00022D5F874
:1009C000A4023A51F1080122445C06F00706B24045
:1009D000224342541846BDE8F88377B100231846F5
:1009E000BDE8F883D5E9D01291422FD2D5F8B012E4
:1009F000D5F8A0E27145FFF468AF33F0F9F9D5F806
:100A0000B012D5F8A0E271454FF00107FFF45DAFD9
:100A1000E4E7501C84423FF66CAF8900CB1C0246D1
:100A200083E7012084423FF677AF89004B1C0246E2
:100A30007BE713F0300F0CBF0122002255E73F2B5C
:100A40008CBF0020012054E701226AE733F0D0F97F
:100A500032E78B0069E700BF80040020034B1B894D
:100A6000012B02D808B1FFF78DBC7047800400202D
:100A7000034610F00F001AD1164AD2F8A812994274
:100A800014D810B4D2F8AC429C420DD95B1AD2F8FB
:100A90009CC29A09C3F301111CF8022049000A41C3
:100AA00002F00302012A04D010BC704770470020F6
:100AB0007047013000EB1312910802F003021CF89A
:100AC0000110520041FA02F202F00302022AF0D0B1
:100AD0000001E9E7800400202DE9F84F05460028D1
:100AE00000F0C980754C914626890A46002900F01D
:100AF0008880002E40F08980D4F8A832C31A9B4623
:100B0000D4F8A0021B0901F10F0E591C8700B1EBAC
:100B1000800F4FEA1E1EBA4680F0B380D4F89C7254
:100B2000B4460126880801F00308385C4FEA4808FB
:100B300040FA08F000F0030002286AD028B90CF14E
:100B4000010C0CEB0600704564D3B64555D065D357
:100B5000B444F4451DD2B9F1000F56D010464FEA07
:100B6000DB11D4F8A422515C03F00703194101F012
:100B70000101FFF78FFE074600283FD032012946CA
:100B800029F090F92389012B38D82846FFF7FAFB82
:100B900034E003EB0E01334499421FD9980803F067
:100BA000030217F8008052004FF0020C01330CFAD8
:100BB00002F242EA080299423A540FD99808D4F84E
:100BC0009C7203F0030217F8008052000CFA02F244
:100BD000013342EA080299423A54EFD1D4F8B432D0
:100BE000994238BF1946AEEB0602C4F8B41212019E
:100BF00005EB0610002129F09FF92F463846BDE885
:100C0000F88F012E01D8FFF7BDFB00273846BDE85D
:100C1000F88F013601318A4584D196E773444FEA53
:100C2000930C03F0030117F80C0049004FF0030880
:100C3000A6EB0E0E08FA01F120EA0101BEF1010F48
:100C400007F80C1010D05F1E77440133D4F89C6273
:100C5000980803F00302315C520008FA02F221EA1C
:100C60000202BB423254F0D1D4F8B0326345C4D949
:100C7000C4F8B0C2C1E708462946BDE8F84FFFF7FF
:100C800009BEBEF1010FB8D0BEF1000F05D001269C
:100C9000B9F1000F7FF462AFB7E7D4F89C024FEAD6
:100CA0009B1C03F003035900032210F80C308A4008
:100CB00023EA020300F80C30D6E700BF80040020CE
:100CC00010B58AB0044603A8FFF72EFDDDE9043015
:100CD000039A00900749204600F090FFDDE90832B2
:100CE00006980549CDE90020079A204600F086FFC6
:100CF0000AB010BD10B5050834B505082DE9F84354
:100D0000DFF858914749D9F8A822074600F076FF46
:100D1000D9F8A01289006DD0DFF84481002515F0C4
:100D20003F0633D005F003067600D9F89C22AB08C5
:100D3000D35C334103F00303022B63D0032B5FD05A
:100D4000012B4AD1D9F8A8222B01D25842455BD0B9
:100D5000354B9A425AD0354B9A425BD0344B9A422B
:100D600056D0344B9A4253D0334B9A4254D0334BE3
:100D70009A4251D0324B9A4252D0324B9A424DD085
:100D8000314B9A4214BF68224D2227E0A9421ED956
:100D9000D9F89C022C4602E001348C4208D0A2080B
:100DA00004F00303825C5B0042FA03F39B07F3D079
:100DB000621B7F2A0BD925499209384600F01EFF95
:100DC000D9F8A03224F03F05B5EB830F12D22049A9
:100DD0002A01384600F012FFA7E72E221D493846A7
:100DE00000F00CFFD9F8A0320135B5EB830F4FEAC4
:100DF000830194D338461849BDE8F84300F049BB55
:100E00006D22EBE73D22E9E75422E7E74C22E5E7D4
:100E10005322E3E74422E1E74122DFE74222DDE714
:100E20004622DBE77CB5050804F20508D4E905088D
:100E3000DCFA0508ACFA0508FCE6050884E60508B6
:100E40007CEE050818EF050870F3050898B505084D
:100E5000B4B50508BCB5050878B5050880040020C0
:100E600024FC0508064B02685B6A5968C1F31E0141
:100E70008A4203D3521A0260184670471B68F4E78F
:100E800080040020014441F20553884204D398B203
:100E9000012838BF0120704710F8012B03EB4313E2
:100EA0005340F2E7034B044A5A620022C3F8F4218C
:100EB000704700BF80040020142B06082DE9F0477E
:100EC00081468846002940D0FFF7DCFF204B5C6A52
:100ED00082460CB9204634E094F90730E668002BCE
:100EE00006F1FF364FF0000513DB013604F1180759
:100EF000B54212D32468ECE777197F08BB1D424640
:100F000054F82310484629F07BF80028CCBF3D4612
:100F10003E46731B012BEFD8E7E7236933F8153002
:100F20009A4510D163695B5D98450CD157F825004F
:100F30004246494629F028F828B96068C0F31E00E7
:100F40002844BDE8F0870135D2E70120F9E700BF6A
:100F5000800400202DE9F84380460F46FFF7AEFFDE
:100F60000246002840F08D80FF2F03D946494748AC
:100F70000CF030F9464DD5F8F4017E1C90B1D5E95E
:100F80007E1333448B4227D93144FFF797F9044647
:100F9000D5F8F401CCB9D5F8FC112246FFF78EF94B
:100FA000C5F8F441802E344638BF80242046FFF730
:100FB0006AF9C5F8F401B0BB3046FFF764F9C5F82B
:100FC000F40178BB30460CF0EDFED5F8F83133442F
:100FD000C5F8F8310028E5D0D5F8FC31C4181E4416
:100FE00041463A4620464FF00009C5F8FC6128F01A
:100FF00059FF394604F807902046FFF743FF804623
:10100000686AD0E90261B1422BD376000A2E38BF5C
:101010000A26C6EBC6001830FFF735F948B9C5F8FF
:10102000F401CFE734460023C5F8F841C5F8FC3198
:10103000D2E700F1180202EB8602696A026102EB54
:10104000460242614A680160C968C0F80C90C2F368
:101050001E020A44416862F31E01C0E9011668627B
:1010600049460269436922F811805F548A1D6B6A00
:1010700043F82240DA680132DA605A68C2F31E028D
:101080000A441046BDE8F8838E69050870EB050830
:101090008004002010B5044628F08CFF014620464D
:1010A000BDE81040FFF756BF07B5019001A8FFF754
:1010B000D9FE019A036933F8120003B000BD07B5E9
:1010C000019001A8FFF7CEFE019B4269D05C03B0FE
:1010D00000BD07B5019001A8FFF7C4FE019B0633D0
:1010E00050F8230003B000BD13B5019001A80C46D1
:1010F000FFF7B8FE019B4269D25C2260063350F8CC
:10110000230002B010BD00002DE9F8431D46002366
:1011100003600B6013602B60164BDFF85C905C6A19
:1011200007468846164664B92B68326813442B601C
:10113000BDE8F883336812F8010B013303443360D0
:101140000DE04C45F0D03B6801333B60E268D8F8D5
:1011500000301344C8F800306269E368D1188A424D
:10116000E8D32046FFF784FC2B68246803442B60F7
:10117000D9E700BF80040020142B0608F8B50B4BFC
:101180000B4F5C6A0CB1BC4200D1F8BDE36804F1BE
:10119000180505EB8306B54201D32468F2E755F83C
:1011A000042B0449044800F029FDF4E780040020E2
:1011B000142B060896690508E4D9050830B5002304
:1011C000202511F8012F0AB9027030BD120600F176
:1011D000010420D513B12023037020460B78124A56
:1011E00003F07F036BB9013A12F8013F13F0800F4F
:1011F000044600F101000BD003F07F0323700123AC
:10120000DFE712F9014B002CFBDA013BDBB2E9E727
:1012100000F8013CE8E7012B04BF057020460B787D
:1012200000F8013B0223CCE79D69050838B5436807
:10123000194403689942054610D9037B1BB108483D
:1012400000210BF0C7FF01F1100424F0070408345B
:1012500080682146FFF727F82C60A86038BD00BFE2
:1012600070EB050870B504460E4611461546FFF7AB
:10127000DDFFD4E901302A461844314628F046FE05
:1012800063682B44636070BD38B50129044638BFDC
:1012900001210025084621606560FEF7E9FF2573FE
:1012A000A06038BD38B505460C460131FFF7ECFFAC
:1012B0006C6038BD0023C0E9013201230160037373
:1012C0007047000038B514460546FFF7DDFF024BB6
:1012D0002560636038BD00BF65120208037B10B54E
:1012E000044613B98068FEF7EBFF0023A36010BD2E
:1012F00038B505461020FEF7BBFF29460446FFF728
:10130000C3FF204638BD10B5044648B1037B13B96E
:101310008068FEF7D5FF2046BDE81040FEF7D0BF3D
:1013200010BD000038B5037B04460D461BB10748CD
:1013300000210BF04FFF016880682944FEF7B3FFDE
:101340002368A0601D442560184438BD70EB050873
:1013500038B504460D46FFF769FFD4E901301D4456
:101360006560184438BDD0E900239A4210B50446A0
:1013700002D10121FFF7D6FFD4E901320021D15477
:10138000A06810BD10B50C460121FFF7E1FF047005
:1013900010BD7F29F8B50C4604D80121FFF7D8FF0E
:1013A0000470F8BD01F03F06B1F5006F4FEA9115EA
:1013B00066F07F0607D20221FFF7CAFF65F03F05FE
:1013C00005704670EDE705F03F05B1F5803F4FEA47
:1013D000113765F07F0508D20321FFF7B9FF67F0E9
:1013E0001F03037045708670DBE70421FFF7B0FF31
:1013F000A40C07F03F0364F00F0463F07F03047054
:1014000043708570C670CCE738B5054608460C4673
:1014100028F0D0FD214602462846BDE83840FFF7B7
:1014200021BFF8B54768B942054628BF39460C4682
:1014300011461646FFF7FAFEAB68A01919193A1BB8
:10144000184428F063FD6B68A86833446B6020443F
:10145000F8BD43688B422CBF5B1A00234360704782
:1014600038B5154642688A4204460B4603D92944DA
:101470008A4201D8636038BD8068521A014418441A
:1014800028F044FD63685B1BF4E70846114629F029
:10149000DFBC70B5054608460E4628F08BFD0446B5
:1014A00020B102466B68286831469847204670BDD7
:1014B0002DE9F74F01919DF8301091460D9A11F0EA
:1014C000DF0F8046A2EB09045CD030295DD1C3F365
:1014D000472100295CD05F290CBF0526042692FB1A
:1014E000F6F106FB11210CBF2D4F2E4F002902F102
:1014F000010108BF0A4604F1010008BF0446711E3D
:1015000092FBF6F006FB10228A1A174413F0200211
:1015100040D004EBD473A4EB63055C10002C3DDDDC
:10152000A3465E45B246A8BFDA46D8F80430D8F8DC
:10153000000052463946ABEB0A0B9847BBF1000F4F
:10154000EFDCB9F1000F07D0D8F804300199D8F8D2
:1015500000004A4698474C44002D0FDD2C44AE4213
:10156000B146A8BFA946D8F80430D8F800004A46CA
:101570003946A5EB09059847002DF0DC204603B05D
:10158000BDE8F08F084F1026C0E70CAF0126BDE77D
:10159000064FF8E713F00105C0D025460024D0E738
:1015A000F8D90508FDD9050803DA0508ECD90508BE
:1015B0002DE9F04F93B08146C807DDE91E871C9DD9
:1015C0009DF874A00C4693461E460BD4A10703D188
:1015D00021687B4B994205D020460DF0D9FC440090
:1015E00044F0010415F0210F08D1B8454346B8BFB7
:1015F0003B46BAF1300F04BF98460027204610F052
:10160000E7FE00280EDA0AAB2807F6B222D5BBF1B6
:10161000020F13D11946302001F8020B701C5870CC
:101620000B4617E0AA0705D52B238DF828300DF1BE
:101630002903E9E76B07E6D52023F6E7BBF1080F9E
:101640005CD130211970290645BF06F10E01597091
:101650000133023300210AAA0EA81970012FA3EB4F
:1016600002030B904FF010000693C5F34723C8BF49
:10167000054315F01002CDE90C01CDE902638DF8A8
:101680002710059244D0CDE900B123460DAA0CA93C
:101690000BA810F073FD03782D2B834606D18DF82F
:1016A00027300D9B013B00F1010B0D93012F7CDDD9
:1016B0000D9C059BBC42B8BF3C462BB19DF8273022
:1016C00003B10134069B1C4425F00103A045079398
:1016D00073DD15F00105A8EB04046FD120230194FC
:1016E000009338492B462A464846FFF7E1FE2C4630
:1016F0000646059B4FF0300AC3B938E0BBF1100F26
:10170000A8D11946302001F8020B06F1170086E730
:101710000AABCDE900B30DAA23460CA90BA810F023
:101720002DFD8346C2E70024079526469DF8273005
:101730005BB100230122CDE900320DF127014846BB
:10174000FFF7B6FE08F1FF380644069B63B100239D
:101750000122CDE900320AA9069A4846FFF7A8FE01
:10176000069B0644A8EB0308012FD8BF4746CDE9E6
:1017700000A7079B0D9A59464846FFF799FE064475
:101780004CB12023009300230E4901941A46484689
:10179000FFF78EFE06440B980EAB984201D0FEF781
:1017A0008FFD304613B0BDE8F08F059B002BBAD1FA
:1017B000059C079526464746D9E70024002698E76A
:1017C000DCF00508D7AC05082DE9F0430746900783
:1017D000984658BFC2F380038DB05ABF5B01DBB29D
:1017E0002B23154600930A46159B149E212103A81E
:1017F0000AF038FCE90504461FD52E2103A828F07D
:101800001DFCD0B9652103A828F018FCA8B96E21E9
:1018100003A828F013FC80B904F130026A4404F1F3
:1018200031036B442E2102F8241C0234302203F8C9
:10183000242CA3186B4403F8240C6A060ED504F17B
:101840003002631C0DEB0204252204F8242C03F162
:1018500030026A44002102F8241C1C46EB0603D522
:101860009DF80C302F2B0DD903A94FF00009CDE9BD
:1018700000862B4622463846FFF71AFE48440DB034
:10188000BDE8F0830023012203A9CDE900323846E8
:10189000FFF70EFE013E8146013C0DF10D01E6E72A
:1018A0002DE9F04F81468BB014464FF000080B46EF
:1018B0001A781D461AB1252A03F10103F8D1A9426D
:1018C00008D26E1AD9F80430D9F800003246984789
:1018D000B04429460B78002B00F0878120224B1C56
:1018E000039200271E783EB12D2E3ED037D8202EF1
:1018F00042D02B2E3DD000261A78A2F130010929C2
:101900001D4603F101033AD92E2A4DD16A782A2ABD
:1019100048D154F8042B023522EAE27B2B786C2B59
:1019200008BF013595F800A0BAF1000F00F05D8105
:10193000BAF1780F09D8BAF1570F38D8BAF1470F72
:101940007ED8BAF1440F00F23E81D9F80430D9F8BC
:10195000000001222946984708F10108B9E0302E1D
:10196000C9D147F01007039601E047F001070133A2
:10197000B8E747F00207FAE747F00407F7E70A215C
:1019800001FB0622A2F13006B6E70A2000FB021B8B
:101990000133ABF130021978A1F1300009281D465E
:1019A000F3D9B9E70022F6E74FF0FF3BB6E7AAF11B
:1019B0005803202BC9D801A252F823F0471A020875
:1019C0004B1902084B1902084B1902084B1902085F
:1019D0004B1902084B1902084B1902084B1902084F
:1019E0004B190208B91A0208E31A0208471A02083A
:1019F000C71B0208C71B0208C71B02084B190208B5
:101A00004B1902084B1902084B1902084B1902081E
:101A10004B1902084B1902084B190208471A020811
:101A2000F91A02084B190208211B02084B19020877
:101A3000471A02084B1902084B190208471A0208F4
:101A4000BAF1500F81D154F804CB0AF0DF03502BC8
:101A5000624677D12AF00F0AAAF10F030020102165
:101A60008DF81700BCF1000F7ED130238DF82730A0
:101A70000DF1270A17F0100B9DF8173000F0958034
:101A8000002B00F09E80039B0093012201923B46B5
:101A90000DF117014846FFF70BFD013E8346039BFE
:101AA00000930AAA01963B46A2EB0A025146484619
:101AB000FFF7FEFC58440BE054F8043B019653B189
:101AC000039B4C49009304223B464846FFF7F0FC39
:101AD0008044691CEBE6039B009347493B46052283
:101AE000F3E754F8043B8DF81830039B00930196FC
:101AF0003B46012206A9E8E706A954F8040BFFF7C4
:101B0000F3FABBF1FF3F014604D0069B9B4538BF6B
:101B1000CDF818B0039B0093069A01963B46D4E794
:101B200054F804AB504628F045FABBF1FF3F02469B
:101B300002D0584528BF5A46039B009301963B4666
:101B40005146C2E7BAF1640F06D0BAF1750F81D1E0
:101B500000200A21612383E7002A1CDA2D238DF857
:101B6000173052420A2151230DF1280A0A3B0DF188
:101B7000180EB2FBF1FC01FB1C2009288CBFC01819
:101B800030300AF8010DF2453FF474AF91423FF650
:101B900071AF6246EDE7BB0705D4C7F38000400193
:101BA0000A2151235CE72B20FAE7002B3FF477AFA3
:101BB00006AA92457FF673AF0AF8013C0AF1FF3A94
:101BC0006DE79B466BE7073424F00704F4E8020155
:101BD00034F096FCCDE9006B00EE100A039B3A4608
:101BE00051464846FFF7F0FD72E740460BB0BDE8AE
:101BF000F08F00BFD08F0508D58F05080EB403B550
:101C000003AA52F8041B0192FFF74AFE02B05DF8E6
:101C100004EB03B0704790F900200378002A0ADA39
:101C200003F07F034022134207D110F8012F02F086
:101C3000C001802905D01846704723EA02035208E4
:101C4000F1E702F03F0242EA8313EEE7431C184635
:101C50000133027802F0C002802AF8D070470023D6
:101C6000814201D81846704711F8012D02F0C002D8
:101C7000802A18BF0133F3E701440346002099424C
:101C80001A4600D87047127802F0C002802A03F189
:101C9000010318BF0130F2E77F289DBF024B185C9B
:101CA000C0F340000020704713DA05087F289DBF6D
:101CB000024B185CC0F3C0000020704713DA05081F
:101CC0007F289DBF024B185CC0F380000020704746
:101CD00013DA05087F289DBF024B185CC0F3801003
:101CE0000020704713DA05087F2809D8064B1B5CD3
:101CF00003F00C0333B9A0F15F0358425841704719
:101D0000002070470120704713DA05087F289DBF27
:101D1000024B185CC0F300100020704713DA05086E
:101D20007F289DBF024B185CC0F340100020704715
:101D300013DA050808B50246FFF7E8FF02EB40108A
:101D400008BD08B50246FFF7EBFF404220F01F0038
:101D5000104408BD303820F02003073B092888BF15
:101D60001846704730B50A440024E5258A4203D856
:101D7000B4FA84F0400906E00B784CB103F0C003DC
:101D8000802B01D0002030BD013CE4B20131EDE7F1
:101D900058B9BF2B09D9F72BF4D8DB0803F0060399
:101DA00045FA03F303F00304F0E71B06EAD4EDE77A
:101DB000023981420B4603D31A880239002AF8D02F
:101DC00002331B1A58107047B2EB131F70B54FEA5D
:101DD00013141AD9121B01EB440103F00F0314462C
:101DE0000646012C0CBF0D880D68013C25FA03F551
:101DF00026F8025B01F10201F3D100EB420030F85A
:101E0000023C03B9013A104670BD0022FBE7F0B571
:101E1000059C0025121B2E46AC420FD101EB44035A
:101E2000174600EB4404411A9FB904EB420316B174
:101E300024F812600233181A4010F0BD31F8157002
:101E400033F815C067443E4420F81560360C013560
:101E5000E2E71D8835445D522E0C013F0233E3E773
:101E6000F0B4049E0025921B2C46AE420BD101EB30
:101E70004605174600EB4606431A7FB906EB4201BA
:101E8000F0BCFFF795BF31F815703C4433F815707E
:101E9000E41B20F8154024140135E6E729880C449A
:101EA000EC52013F24140235E7E72DE9F043079C8B
:101EB000DDF828E0DDE908760239154684464FF65C
:101EC000FF78A4EB020955B900EB42011FB10123D1
:101ED00020F812300231BDE8F043FFF769BF31F856
:101EE000024F013D4444264405EB0904A5422ABFA4
:101EF00033F8024B4FF6FF744444744486EA040EF0
:101F000017FA8EF72CF8027B4FEA144E360C3F0C72
:101F1000D9E738B502290446806838BF02210D464A
:101F200018B12368B1EB930F07D96900FEF7BBF92D
:101F30002368A06065F39F03236038BD38B504466D
:101F40000C20FEF795F923682278054602F001027D
:101F5000C3F39D0023F0030313432B6063686B609E
:101F60004000FEF785F9A8602268A168C2F39D02CF
:101F7000520027F097FF284638BD994210B502D28B
:101F80004FF0FF3010BD01D90120FBE700EB41000D
:101F900002EB410209B90846F4E730F8023D32F895
:101FA000024D1B1BECD4EFD10139F3E710B5044609
:101FB00038B18068FEF784F92046BDE81040FEF78E
:101FC0007FB910BD38B505460C460221FFF7A1FFC9
:101FD000211E2B78B4BF0122002262F300032B7074
:101FE0004FF00003B8BF49426B60D5E90132581C7D
:101FF000686022F81310090CF7D138BD0023C0E93E
:1020000000338360704728B103789B0702D480684F
:10201000FEF756B9704738B504460D464968FFF7D4
:1020200078FF2A782378A06862F3000323706A6837
:102030006260A9685200BDE8384027F033BF29B973
:102040000378416061F3000303707047FFF7BABF84
:1020500008B5FFF7D3FFBDE80840FFF7F0BF9200D7
:1020600042F0020202600022C0E901211946FFF796
:10207000E6BFF8B59DF8187014461D4604210646C3
:10208000FFF747FF22462B4627B1002D0CDA6242AC
:1020900065EB4503317867F3000131700021716011
:1020A00052EA030102D1F8BD0027F3E7D6E9011097
:1020B0004C1C746020F81120120C42EA03421B0CE5
:1020C000EEE72DE9F3418DED010A019D0378EA0F5A
:1020D00062F300030370C5F30F4313F4FF4380461C
:1020E0000BD198F8003023F0010388F8003000236A
:1020F000C8F8043002B0BDE8F081B3F5FF4FF0D06E
:10210000C5F3C754B4F17F06EBD405D1012102B069
:10211000BDE8F041FFF756BF162EC5F31605A4F132
:102120006F07D8BFC6F1170645F400054FEA271719
:10213000D5BFF540963C00260936D4BF344624115D
:102140003946C8BF06F00F06FFF7E3FEC8F8047073
:102150002CB1D8F808006200002127F0EDFE4EB146
:10216000D8F8083005FA06F223F81420C6F1100654
:10217000F5400134A742BDD0D8F8083023F81450F8
:102180002D0CF6E72DE9F843074601EB0208C2F3F0
:102190005B020D46511C089E1C46FFF7BAFE3A78BA
:1021A00064F300023A7000212A461FFA86FC424579
:1021B000796002D3501BBDE8F8831078A0F130039A
:1021C000092B05D9A0F14103192B11D8A0F1370330
:1021D000B342EFD2B86801320C4686467CB900EBB8
:1021E000410413B120F811300234241A6110DEE7E3
:1021F000A0F16103192BDDD8A0F15703E8E7BEF881
:1022000000900CFB09332EF8023B013C1B0CE5E768
:10221000F8B5044615461E46C1B1531E1E444FF084
:10222000FF37E9000F3109092046FFF772FE2378D6
:10223000002123F00103237061600B4645B9A068BB
:1022400000EB4101FFF7B4FD6060F8BD0127E8E74E
:1022500000220F2B09DC3078013D00FA03F042EA3E
:10226000000203F108033E44F3D1A06801F1010C20
:10227000C4F804C0103B20F811206146DEE738B5F1
:1022800005780B7805F0010203F001030446981A63
:1022900008D1D1E90132D4E90110FFF76EFEEB0756
:1022A00048BF404238BD884210B5044601D0FFF710
:1022B000B2FE237823F00103237010BD884210B5CD
:1022C000044601D0FFF7A7FE63683BB12378C3F350
:1022D000000282F0010262F30003237010BD884205
:1022E0001FB5044601D0FFF796FE626862B901216E
:1022F0002046FFF70EFEA268012313806360237857
:1023000043F00103237010E02378D9070FD523F0A1
:102310000103237001230093A168ADF80E30084635
:102320000DF10E03FFF79CFD606004B010BD511C61
:102330002046FFF7EEFD01230093D4E90121ADF81B
:102340000E3008460DF10E03FFF761FD6060D6E721
:102350004B682DE9F04704460D46164603B12AB9ED
:1023600029462046BDE8F047FFF755BE02F10F01B0
:102370004FEA111803EB1111FFF7CBFDD5E901036B
:1023800016F00F02A1686FF0004E08EB000606EB96
:102390000E0C864403EB4E0308BF10224FEA4C0795
:1023A00001EB4C0C02330146E1464FF0000EC2F146
:1023B0001002F9B96FF001035843C8F101080CEBA2
:1023C00000032EFA02FE4FEA48022CF800E05242C7
:1023D00003EB480027F0B0FD0237C31916B133F8FC
:1023E000022D9AB166602A78237862F30003237085
:1023F000BDE8F08733F802AD4AEA0E0E2EFA02FA73
:1024000029F802A94FEA0E4E0139D2E7013EE5E76D
:102410002DE9FF410D4649680646144601B132B91F
:102420002946304604B0BDE8F041FFF7F4BDFFF7A0
:1024300070FDB768D5F808806A682346414638467B
:10244000FFF7C2FC70602978337861F300033370C2
:10245000DB0702460BD500236968ADF80E304FEA62
:10246000141C994201D0634504D161450AD804B0D7
:10247000BDE8F08138F8130098B101236145ADF84B
:102480000E3012D904F00F04012338F81C1003FA9F
:1024900004F4013C214206D1BDF80E30002BE6D0F9
:1024A00003E00133DDE7ADF80E30012312B93B80C4
:1024B0007360DCE7009339460DF10E033846FFF7F1
:1024C000A6FC7060D3E72DE9F3414E6857680C46CF
:1024D00090463B46314692680546A068FFF74DFDA1
:1024E000013017BF374646462646444633782278A1
:1024F0005340DB0719D4791C2846FFF70AFD6368AF
:102500000093D6E90121A368A868FFF780FC686002
:1025100033782A7800280CBF002303F0010363F30B
:1025200000022A7002B0BDE8F08139462846FFF764
:10253000F0FC63680093D6E90121A368A868FFF75F
:102540008FFCE4E72DE9F3410F464E68D2F8048092
:1025500014464346314692680546B868FFF70DFDBC
:1025600001301EBF23463C461F4623783A7883EA53
:10257000020316BFB04601260026DB0719D508F175
:1025800001012846FFF7C5FC7B680093D4E90121CF
:10259000BB68A868FFF73BFC686018B1207800F0C2
:1025A000010070402B7860F300032B7002B0BDE88F
:1025B000F08141462846FFF7ACFC7B680093D4E9E4
:1025C0000121BB68A868FFF74BFCE5E72DE9F04F58
:1025D00053680C46496899422EBF2646164619464E
:1025E000337828BF1446DB0785B0054622D423780C
:1025F00013F001071ED1FFF78CFCD4E9011CA86879
:10260000B6683B4699420CD100EB4101FFF7D0FB85
:10261000002368602A7863F300022A7005B0BDE8E1
:10262000F08F36F813203CF81340224020F8132096
:102630000133E7E701312846FFF76BFC3778237851
:10264000D6F804C0A868A26887EA0301C94301F06C
:10265000010E41F3000189B2029147F3000101919B
:10266000B168A1F10209616803F0010A43F30003B4
:102670009BB2A1EB0C0107F001080093674683466B
:1026800003918FB900EB4C01BEF1000F03D0012381
:1026900020F81C300231FFF78BFB6860227833781A
:1026A000C2F300021340B5E739F8021F019B5940FD
:1026B000039B013F18FA81F8D919B9429BBF32F840
:1026C000021B009B009959408A44029B08EA0A01B8
:1026D00059401EFA81F12BF8021B4FEA1A4A4FEAC1
:1026E00018484FEA114ECCE72DE9F84F53680D46D4
:1026F000496899422EBF2E4616461946337828BFA0
:102700001546DB07044631D42A7812F001072DD193
:10271000FFF7FFFBD5E9013E7568D4F808C0B16842
:10272000ED1A3A46934213D10CEB43002A4601EBD3
:102730004303ACEB0101A2B900EB4500A0EB0C0098
:1027400040102378606062F300032370BDE8F88FC7
:1027500031F812003EF8126030432CF812000132BA
:10276000E0E71E885E52013A0233E4E70131204679
:10277000FFF7CFFB2B7837787168A068D5E901E2C5
:10278000B56803F0010943F3000307F001089BB2A9
:1027900047F30007A5F1020C0E4683464FF0010AED
:1027A000AEEB010E2EB900EB4101FFF701FB012258
:1027B000C7E73CF8025F013E7D4018FA85F80EEB52
:1027C0000605AE422ABF32F8025B1D465D40A944B1
:1027D00048EA0905ED431AFA85F52BF8025B4FEA42
:1027E00019494FEA18484FEA154ADBE7F0B5536834
:1027F0000D46496899422BBF2F4617461546194684
:102800003C782B785C4014F0010485B0064636D144
:10281000FFF77FFBD5E9013C3D78B06815F0010575
:10282000D7E9012123D1D21A2C469C4211D101EBC8
:10283000440500EB4403411A14469CB903EB4201E2
:10284000FFF7B6FA3378706064F30003337005B0B5
:10285000F0BD31F814503CF814707D4020F814504D
:102860000134E2E72F886F52013C0235E5E7CDE9FC
:102870000244CDE900346346FFF717FBE2E701317C
:10288000FFF747FB2B78DB4303F0010303933B780F
:10289000DB4303F001030124029301946B6800936E
:1028A000D7E90121AB68B068E6E72DE9F04F4B6846
:1028B00085B006460D4614460BB1536843B93378CC
:1028C00023F0010333700023736005B0BDE8F08F7F
:1028D00081422DD1FFF732FBB442054607462ED088
:1028E0006368696830461944FFF713FB3268B068C3
:1028F000C2F39D025200002127F01EFBAB68D6F800
:1029000008E0D5F804900193A3680293002263685D
:1029100003930EEB4908F4461146039B934233D0D0
:10292000DDF804B0CDF80090ACF1020000231AE00D
:10293000824206D1FFF702FB04460746D0E7044671
:10294000CEE70027CCE730F802AF03EB0A01029B89
:102950003BF802AB33F8123003FB0A1300990380F3
:1029600001391B0C009100990029ECD14146881CCB
:1029700013B1A8F800300146A1EB0E0149100CF18B
:10298000020C01328046C8E7716022782B785340F0
:102990003278384663F30002327005B0BDE8F04F7C
:1029A000FFF704BB4B6870B50546144613B11378A6
:1029B000DA0706D52B7823F001032B7000236B6018
:1029C00070BD636823B9BDE870400121FFF7FABA12
:1029D0000846FFF7B3FA06462046FFF7AFFA012193
:1029E00004462846FFF7EEFA636883B1A3681B88A4
:1029F000DB0704D5324629462846FFF756FFD4E9BF
:102A0000012101230846FFF7DFF9606038B930463D
:102A1000FFF7CCFA2046BDE87040FFF7C7BA324650
:102A200031463046FFF741FFDEE72DE9F04F0C4617
:102A300051688FB00131054601920393FFF769FA9F
:102A4000019BA8685A6801325200002127F074FAED
:102A50002B7823F001032B704FF0000A019BC5F87F
:102A600004A0596820460131FFF753FA0199204626
:102A7000FFF7D1FA039BA668D4F80480D3E9013BA1
:102A80000093AB6804935A46009B41463046FFF7DB
:102A900074FA002833D1049A6060012313806B60BC
:102AA00023786268002A0CBF002103F0010161F362
:102AB000000323700399019B09781B784B40DB07C7
:102AC00040F100816B682978003B18BF012363F354
:102AD00000012970002A00F0F5800BA84FF0FF31AB
:102AE000FFF7B6FA0BAA29462846FFF7ECFC039A33
:102AF000214620460FB0BDE8F04FFFF7E4BC01309F
:102B000002D1C5F804A0CBE7009B03F10047013FC9
:102B10004FEA47093BF817301A045CD506EB48002A
:102B2000831C02931FFA8AF34FF0000C08F1010294
:102B3000C3F1100126F818C0B646626005910299EB
:102B40008E454CD33BF8171001FA03FA009901297E
:102B500008D90BEB0901C3F1100731F8021CF94049
:102B60004AEA010A0099521A6A60049902F1004285
:102B7000013A01EB4202079209F1020209926268EE
:102B800005920599009A8A4235D301F1004B0BF169
:102B9000FF3B06EB4B0B0022C3F110005E4540F2F9
:102BA00084806B6843B103F100420499013A31F823
:102BB0001220002A00F083806368002B3FF470AF7E
:102BC00003F10042013A36F81220002A7FF468AF80
:102BD000013B6360F0E70AF1010A5B009CE7BEF885
:102BE00000A005990AFA03F84CEA08082EF8028BAF
:102BF0002AFA01FCA3E7018830F8022C42EA0142DC
:102C0000B2FBFAF20292099A821A06920027ABF1FD
:102C10000202DDF818C00892B84660450DD8018858
:102C20000F44002F39D1079A029922F8021907920E
:102C3000059A013A02386260A1E7089ABCF8009050
:102C400032F8021F08929940029A41EA18481FFA86
:102C500088F1514319FA87F91FFA81FE090CA9EB93
:102C60000E0EC1EB27412CF802EB01EB2E47D4E707
:102C700039F8021F994041EA1848BEF80010614433
:102C800011FA88F12EF8021B4FEA114C7045EFD86B
:102C9000029A013A67440292C3E74FF0000CDDF854
:102CA00018E0ABF10209E046F0E7BBF8001041FA8A
:102CB00003F73A432BF8022901FA00F26EE7013BD1
:102CC0006B606EE70FB0BDE8F08FF0B51F4613786C
:102CD0000D46D90785B00446164606D47B68012BFD
:102CE0000BD1BB681B88012B07D1237823F001038C
:102CF00023700023636005B0F0BD01212046FFF77B
:102D000061F9736853B93B78DA07F4D53A4621463E
:102D1000204605B0BDE8F040FFF7D5BB6B68002B3F
:102D2000E3D02846FFF70AF905463046FFF706F9D3
:102D30000023CDE901330646039373685BB901A80C
:102D4000FFF761F92846FFF731F9304605B0BDE8D5
:102D5000F040FFF72BB9B3681B88DB070AD52A467A
:102D600021462046FFF7A1FD3B462246214601A809
:102D7000FFF75BFED6E9012101230846FFF724F89F
:102D800070600028DBD02A4629462846FFF78DFDD3
:102D90003B462A46294601A8FFF747FECDE710B576
:102DA000D0E90121002301EB4202914205D30278D0
:102DB000D20748BF5B42184610BD32F8024D44EAC4
:102DC0000343F2E730B5D0E90124002304EB4202CB
:102DD000944206D30278D20748BF5B420B600120C1
:102DE00030BDB3F5004F04D232F8025D45EA03432B
:102DF000EEE70020F4E72DE9F74FDDF830A001926F
:102E00008846B1B10AEB0305D0E901240178A4F1A9
:102E1000020E41F300010024C9B24FF00109274618
:102E2000264642B9D3BB019B93BB012003B0BDE84A
:102E3000F08F5546E8E73EF802CF10364CEA0747D8
:102E4000072E01DC013AECE7BCB26FEA040C90F803
:102E500000B059FA8CFC1BF0010B1FFA8CFC18BF58
:102E600064464FEA142C18BFE1465FFA84FC23B98C
:102E700061451CD1083E3F0AE2E7B8F1000F04D0DB
:102E800005F801CC013D013BF4E705F801CBFAE779
:102E90004C4084F08004C4F3C010C7E71A46B8F170
:102EA000000F0CBF2846504627F046F8BDE71846ED
:102EB000BCE70000D0E901329FED0C0A9FED0C7ACF
:102EC00002EB43039A4205D30378DB0748BFB1EE18
:102ED000400A704733F8021D07EE901AF8EEE77AC1
:102EE000E0EE077AB0EE670AECE700BF00000000F2
:102EF000000080472DE9F74F44689DF830A00D9DF4
:102F00000A2980468946164614BF4FF0040B4FF03D
:102F1000030B9CB982B1561E2B4616F8012F42B9FD
:102F200030221A70002203F8012F581B03B0BDE8AD
:102F3000F08F03F8012BF0E72B46F1E760000193D7
:102F4000FDF796F96200D8F80810074626F0AAFFA8
:102F5000019B07EB440C28462A463A3BACF102049D
:102F60000021A7422AD93031CC18392988BF2146FF
:102F7000144604F8011B39468C458E4629D838463C
:102F8000FDF79EF95EB1304627F014F83218611E45
:102F90001346B3422FD8964288BF0020044498F8C5
:102FA0000030DB0744BF2D2304F8013B2B46621E93
:102FB0009A4225D800232370601BB7E7B4F800E0DD
:102FC0004EEA0141B1FBF9FE24F802E909FB1E11AA
:102FD000C7E7BEF800E00231BEF1000FCCD0BAF175
:102FE000000F06D0211A594502BF941C82F801A097
:102FF00020462246B2E713F8017D01F8017FC8E7B9
:103000001978107803F8010B02F80119D0E7D0E91C
:10301000023293423DBF5A1C826018784FF0FF3055
:1030200070470368013B033310B5044602D840687B
:10303000FDF746F92046BDE81040FDF741B9000014
:10304000F8B5054610200C461F461646FDF710F948
:10305000054B8460C0E900743444C4606B60034B6A
:103060002860AB60F8BD00BF0F30020823300208B3
:1030700002690A2AF8B5044623D1836901338361C2
:103080000123E361237D2361637D237500260A27E5
:10309000256EF5B16B1CA26D2366555D626D934282
:1030A00001D366652666237D0D2B02D10A2D277577
:1030B000EED025B9237D13B10A2B18BF0A256575FB
:1030C000F8BDC369092A04BF073323F0070301339E
:1030D000D7E7D4E901039847431CE4D0012838BF5F
:1030E00001200546DFE700000169272902D10123FD
:1030F000184670472229FAD0A1F16202132A01D999
:103100000023F5E70F4B134113F00103F8D1027DC3
:10311000272AECD0222AEAD0722909D1662A0BD1BB
:10312000437D272BE3D0A3F1220253425341DFE733
:10313000662904D1722A00E0622AD9D1F0E7622917
:10314000F8D0D5E7EEFFF6FF38B504460D46206906
:1031500008B905461BE00A2806D10DB1636AB3B170
:103160002046FFF785FFF2E7FEF796FD0028F7D12E
:103170002369232B08D12046FFF77AFF2369002B10
:10318000E5D00A2BF7D1E2E75C2B02D000252846D8
:1031900038BD237D0A2BF9D12046FFF769FFDFE711
:1031A0002DE9F04F0023044685B001214364FFF769
:1031B000CBFF266AA3696363002EE369A36307DA82
:1031C000072384F83C300136266205B0BDE8F08F55
:1031D00004D0062384F83C30013EF5E7002835D0C2
:1031E00031462046FFF7B0FF052384F83C30D4E990
:1031F0000B3003F10042013AE56930F81220013D3D
:103200009542E2D009D8013B30F81320954218D3FB
:10321000DBD0022384F83C30D7E7A16A8B4207D386
:1032200008314900FDF73FF8A36A20630833A36221
:10323000E36A5A1CE26220F81350236A01332362C6
:10324000C3E7226AE362013A2262DCE7256915B925
:1032500084F83C50B9E72046FFF746FF8046002837
:1032600000F0148284F83C602369722B4AD008D89D
:10327000622B0CD0662B4FD0B14600252F460B2376
:103280000EE0753BD3F1000949EB0309F5E7237D17
:10329000722B4FF0000546D02F464FF001090C234A
:1032A00094F83C20002A47D184F83C30B9F1000F53
:1032B00008D02046FFF7DCFEB9F1020F02D120460C
:1032C000FFF7D6FE23692046222B0CBF4FF02209C0
:1032D0004FF02709FFF7CCFE23694B4502D1237D30
:1032E0004B4560D04FF0010A35B1A36E23B9AB490D
:1032F00004F16400FEF788F804F140034FF0000B7E
:103300000093EFE0237D622B0CD0662B0FD00025BD
:1033100047464FF00109B2E7237D722B454607D09F
:103320000027F6E7002547464FF00209B7E7454674
:1033300047464FF00209A2E79A42B7D0A36E002B8E
:103340003FF443AF292104F16400FEF71BF8236E1C
:1033500004F15006002B40F0968103213046FDF722
:10336000F7FF23690370237D4370637D8370D4E985
:103370001A57216E2A463046FEF753F82A46394638
:1033800026F090FD0023A366236EA26D581C2066D4
:10339000D15C2161991C2166105C20750333236682
:1033A000535C637511E72046FFF762FE2046FFF786
:1033B0005FFE4FF0030A97E7894509D10098494617
:1033C0000BF1010BFDF7E5FF2046FFF751FE89E009
:1033D000002D6DD15C2940F04D812046FFF748FE5D
:1033E000236967B9782B0AD85B2B00F29880222BCF
:1033F00000F0CC8000F2C4800A2B00F0BE80009860
:1034000001935C21FDF7C5FFDDF804B002E104F192
:10341000640B28215846FDF7B5FFA36E00222169F1
:1034200081B17ABB3A290DD07D290BD0212929D130
:10343000207D7238C0B2012829D8607D3A2801D099
:103440007D2824D1D4E91A21881810F8010C3D28D0
:1034500009D1D21A194401980293FDF703FFA26E15
:10346000029B013AA266934208BF0423584608BF54
:1034700084F83C302921FDF785FF2C215846FDF7C3
:1034800081FF29E021F020005B280CD10132C9B274
:103490005846CDE90232FDF775FF2046FFF7E8FDFB
:1034A000DDE90232BBE75D2808BF02F1FF32EEE73B
:1034B0007B298FD120460291FFF7DAFD04F140030A
:1034C000019323697B2BA2D104F140000299FDF7FF
:1034D00059FF2046FFF7CCFD01987B21FDF752FFF5
:1034E0004FF0000B2169002900F0C780BAF1010FED
:1034F00002D10A2900F0C180D345FFF45DAF5946DF
:1035000004F14000FDF7A5FF01212046FFF71CFE56
:103510002046FFF7E9FD00287FF4A6AE0EE7A3F1F1
:103520005C021C2A7ED8DFE812F031007D007D00AD
:103530007D007D0096003D007D007D007D004900FE
:103540007D007D007D007D007D007D007D004300CD
:103550007D007D007D001D007D0040004C00460088
:103560007D00C6014FF00D0B94F83C300B2B75D14C
:10357000594604F14000FDF70CFF4FF0000B23E724
:10358000552B1ED03FF63BAF272B01D19B46EBE7D7
:103590004E2B47D102480AF015FE00BF20900508C7
:1035A000299005084FF0080BDEE74FF0090BDBE729
:1035B0004FF00A0BD8E74FF00B0BD5E74FF00C0B91
:1035C000D2E794F83C200C2A07D15C2104F140009A
:1035D0000193FDF7DEFE019BD8E7752B14BF08238E
:1035E00004234FF0000B20460193FFF741FD2269B1
:1035F00002921046FEF76EFB002800F05781019BF7
:103600000298013B0193FEF7A5FB019B00EB0B1B0E
:10361000002BE8D1BBF5881FA6D34FF0010384F837
:103620003C30AAE7A3F1300BBBF1070F3FF6E7AE42
:10363000032308E020460193FFF71AFD2269019B4E
:10364000303A02EBCB0B227D303AD2B2072AE1D8D6
:10365000013BEFD1DEE74FF0070B85E7BBF1FF0F32
:10366000DBD80C2BD9D15FFA8BF104F14000FDF7C8
:1036700089FE82E70098C9B2F9E7D3453CBF03232E
:1036800084F83C303BE7033B236670E62846FEF7B0
:103690000DFB054600283FD120695F283CD07F28DC
:1036A0003AD8FEF70DFB48B923692E2B40F09980DC
:1036B000207DFEF705FB002800F0938021692E296C
:1036C00066D10A2384F83C3004F140063046FDF709
:1036D00060FE2046FFF7CCFC0A27206900283FF453
:1036E00074AD002D66D120F02003452B62D16521F9
:1036F000304684F83C70FDF74CFE2046FFF7B8FCDE
:1037000021692B2901D02D29E7D13046FDF741FE53
:103710002046FFF7ADFCE0E7082384F83C3004F1D5
:103720004005217C2846FDF72DFE2046FFF7A0FC32
:10373000206960B1FEF7BAFA0028F2D120695F284B
:10374000EFD07F28EDD8FEF7BBFA0028E9D1284654
:10375000FDF709FE594E074600253168384626F028
:1037600037FC00280CD10E35EDB2112D7FF470AD71
:10377000534BD3F80032002B14BF0E23102349E51E
:10378000FFF623AD0135242D06F10406E5D11CE535
:103790000923302984F83C3096D1237D494A43F0EF
:1037A0002003623BDBB2DA4002F00102162B98BF25
:1037B000154689E7FEF77AFA30B92069FEF780FAF4
:1037C00010B923692E2B09D121692E2903D021F0AC
:1037D00020034A2B99D184F83C7096E75F2B97D051
:1037E000F3E4394D00262F7817B12369BB4205D188
:1037F0002046FFF73DFC4FB901230BE5652F01D0B3
:10380000632F00D1013501360135ECE7212F07D1B7
:1038100023693D2BF0D12046FFF72AFC3923F9E438
:103820002E2F0FD123692E2B02D1237D2E2B01D0D9
:103830005C23EFE42046FFF71BFC2046FFF718FC53
:103840000D23E7E40335334615F8027C632F01D0DE
:10385000652F10D115F8012C2169914206F101065E
:1038600007D12046FFF704FC652F05D0334602350B
:10387000EAE7632FFBD11E46144B9B5D84F83C3076
:10388000543BDBB2052B3FF6A0AC012202FA03F356
:1038900013F02A0F07D113F0150F3FF496AC636AAB
:1038A0001344636291E4636A013BFAE7012384F8FD
:1038B0003C30834658E6022393E600BF94DA0508BD
:1038C0008004002001204000DB8F050824DB050870
:1038D00030B585B0054601A880E80E007420FCF7DD
:1038E000C7FC01AA0446034607CA43F8045B83E801
:1038F000070001236FF001020025C4E906320A2205
:10390000C4E90A23C4E908551420FCF7B1FC2021BE
:10391000206304F14000FDF7B7FC294604F1500094
:10392000FDF7B2FC294604F164002566FDF7ACFC06
:10393000236B20461D802561A582FFF799FB204659
:10394000FFF796FB2046FFF793FB2046FFF728FC86
:10395000A36B012B06D094F83C30052B1CBF06232B
:1039600084F83C30204605B030BD1FB5044601A8A0
:10397000FFF766FB01AB0ECB2046FFF7A9FF04B0B3
:1039800010BD1FB50446014601A820F01BFF01AB86
:103990000ECB2046FFF79CFF04B010BD10B50446C7
:1039A000B0B1C3684068984704F14000FDF796FC49
:1039B00004F15000FDF792FC04F16400FDF78EFC69
:1039C000206BFCF77DFC2046BDE81040FCF778BC7E
:1039D00010BDD0E90432013B036152F82300704767
:1039E000036942695B1A013B52F823007047F8B53E
:1039F000446A06460D46B4B1D4E900030B44834241
:103A000022D90831002201442046FCF757FC024627
:103A1000B8B9616820460831FCF750FC6368236040
:103A2000336A63603462802D2F4638BF802707F1E8
:103A30000800FCF71DFC0023076043600446706229
:103A400002E023682B442360606805446560083405
:103A50002044F8BD38B50D460C211446FFF7C7FFCA
:103A60004FF49D73C0E90134056038BD38B50D468B
:103A7000D0E903138B42044608D310314069890012
:103A8000FCF711FCE36860611033E360D4E90432B1
:103A9000591C216142F8235038BDF8B50E461D4629
:103AA000D0E900138B420446174608D31031C900F1
:103AB0008068FCF7F8FB2168A06010312160D4E930
:103AC00001104B1C636050F8312066F3170240F878
:103AD000312000EBC103DF705D60F8BD10B4846974
:103AE000CAB20023616B10BCFFF7D7BFC20704D571
:103AF00040F0010008600120704708B900207047BD
:103B00008307FBD103793A2BF8D183680B6013F05C
:103B10000100F0D19A0707D11868044B9842EAD007
:103B2000034BC31A58425841704700BFDCF00508E8
:103B30007CEE0508C20701D50120704783070ED02F
:103B400000F00F03062BF7D00A2B01D0002070479E
:103B500000090D3803288CBF002001207047002881
:103B6000F4D003793A2BE7D02D2BEFD18068B0FA4F
:103B700080F0400970470000C20702D540F0010004
:103B8000704783070FD0030900F00F00062803D108
:103B9000D80040F0020070470E3B022B0BD8074ABA
:103BA00052F82300704708B90548704703793A2B4B
:103BB000FAD1806870470348704700BF50DB0508A2
:103BC000E8FB0508B4F7050838B505460C46FFF7CD
:103BD000B1FF38B12846FFF7CFFF0BF01DFB031BE9
:103BE0005842584138BD0000F0B593B004466846CD
:103BF0000E4617461D46FCF7FBFA10B1002013B025
:103C0000F0BD3A46314620460AF0E8F80446FCF793
:103C1000C5FAA30703D12268024B9A42EED02C606A
:103C20000120ECE7E8E705082DE9F0410E460546DE
:103C30001446114689B9204613F02AF8074600F1C8
:103C40000808A4B93A4631462846FFF703FF014663
:103C50002846FFF70BFF012007E001392846FFF750
:103C6000BFFEFFF767FF0028E4D1BDE8F0812846DA
:103C7000FFF7AFFE0146FFF77FFF013C48F8240045
:103C80000029DED08B07DCD16A6A02F10803994271
:103C9000D7D3506803449942D3D24B681B0A0233EE
:103CA000A0EB83005060CCE7F7B58669054696F82F
:103CB0003C00A0F108030F46042B55D8DFE803F0C1
:103CC00003232E3B4F00D6E91110FDF743F9902F47
:103CD000044614D1C100002241F0020105F1280080
:103CE0000AF030FE58B14268D1071FD542F00100FA
:103CF0000146284603B0BDE8F040FFF7B7BE2001FB
:103D000040F00200F4E73346D6E91110002208F033
:103D1000EDFBC30709D540F00100E9E70096D6E9BD
:103D200011100023012208F021FD0246716B284684
:103D3000FFF790FEDCE7D6E911100A2906D8FDF757
:103D400009F930B1000140F00600D1E7FDF7B6F8FF
:103D5000F7E7D6E91121064810F0D6FFE5E7D6E9E6
:103D6000111011F041F8E0E7000140F00A00BFE750
:103D7000DCFA050808B5FFF7B9FE08B9002008BD50
:103D80000B68D90707D49A07F8D11868034BC31AF0
:103D900058425841F3E70120F1E700BFDCF0050885
:103DA0000021FFF711BF0121FFF70EBF2DE9F04FF2
:103DB0002D2A85B00446884616461D461DD1002191
:103DC000FFF70EFE20B1810734D10379922B31D158
:103DD000A6F12303DFB2092F00F20282092B00F2C1
:103DE000F281DFE813F0F700F700F700290129015D
:103DF00029014E01F700F001AC01922A1DD10021EA
:103E0000FFF7EEFD07460028E2D08207E0D14168C7
:103E1000CBB2952B04D12046FFF7DBFD013DD7E760
:103E2000962BD5D121F0FF01204641F09201FFF7FA
:103E3000D0FD796005B0BDE8F08F962A13D1D0E9A6
:103E4000012303EBC203013513F8153C2D2B40F081
:103E50005F812A46FFF7E8FE002800F05981636879
:103E6000023B6360E6E7A2F11E03012B40F284806F
:103E7000202A00F09580052AAAD10021FFF7B0FD85
:103E80000746002800F0448110F0030905D143687B
:103E900003F0FE03562B00F03B8101212046FFF783
:103EA0009FFD00F00F03022B014640F03181B9F174
:103EB000000F06D13B795B2B06D1FF68002F00F085
:103EC0002781B80740F024813B792C2B40F02081DA
:103ED000BB6803F00F02022A40F01A811B09482B2D
:103EE00040F01681FB68002B00F0128113F00309EB
:103EF00040F00E811A79302A40F00A81D3F808A0E8
:103F00005046FFF717FE8346002840F0DC80AF499B
:103F1000AF480DF0EBF8A1693A68096805465B46C1
:103F20000DF0C6F92846FCF77BF9A946AA460AF126
:103F3000FF3A51462046FFF753FD23696269A3EB20
:103F40000903834642F82300BAF1000F17D01E2E52
:103F50000BD1FFF728FF90B95846FFF721FF002843
:103F600018BF4F46B946013FE1E7FFF719FF30B9E7
:103F70005846FFF718FFF2E76F1E002DD5D100213C
:103F8000B94208D16D1A012D3FF454AF362E00F01E
:103F90003181332E2DE12046FFF71BFD0131EFE784
:103FA0000021FFF71DFD0746FFF7FAFE78B93846F6
:103FB000FFF7F9FE002800F0AB80EA212046FFF76A
:103FC00008FD204605B0BDE8F04FFFF74FBD4FF4A8
:103FD0008571F3E7691E2046FFF702FD01A9FFF78F
:103FE00085FD002800F09480022F9ABFA6F10D09EC
:103FF0005FFA89F94FF02209AF1E002F09DA002D70
:1040000040F0D680019AD30740F1D78042F00101F9
:10401000D7E739462046FFF7E3FC02A9FFF766FD24
:10402000002875D0DDE9011201AB4846FFF7DCFD41
:1040300000286DD0013FE0E7691E2046FFF7D0FC65
:1040400001A9FFF753FD002862D0AF1E002FD6DD77
:10405000791E2046FFF7C4FC02A9FFF747FD0028A0
:1040600056D039462046FFF7BBFC00092438DDE96D
:10407000011201ABC0B2FFF7B7FD002848D0023FE4
:10408000E4E700212046FFF7ABFC01A9FFF72EFD76
:1040900000283DD001212046FFF7A2FCC0F3071005
:1040A000332801990CD1CB0705D48F0730D10A688A
:1040B000484B9A422CD1022009F0E6F801909EE785
:1040C0003F38C0B2F8E75046FFF756FD0F09F90038
:1040D0008346012241F0020104F128000AF032FC7B
:1040E000C0F804B03846FCF7F4FF03785F2B204695
:1040F00008D1FFF76EFC2046FFF76BFC4D46C84623
:10410000082665E6FFF765FC51462046FFF7AEFC42
:10411000A91C89002046FFF76AFC46EA05230746EA
:10412000C0F80080436000F10801002D6BD1962E8D
:1041300003D139462046FFF799FC394641E7012172
:104140002046FFF74DFC00F00F03022B0746DFD19E
:1041500000212046FFF744FC0028D9D010F00302CC
:10416000D6D10379322BD3D13909C900D0F80890C0
:10417000194841F002010AF0E5FB0028C8D0406868
:1041800002AA4FEA191108F0C1FF029B002BBFD011
:10419000D90708D49A07BBD11A680E498A4202D0BF
:1041A0000E498A42B4D1039A002AB1D1019326E77D
:1041B0002046FFF70EFC013D21E729462046FFF788
:1041C00049FC0146FDE62B26A2E700BFBC9005088E
:1041D00028EB0508DCF005085CDB05087CEE05082B
:1041E000922E17D1D4E9012303EBC20313F8053C47
:1041F0002D2B8DD12A4641462046FFF715FD00287C
:104200007FF418AE84E72046FFF7E3FB013D41F859
:1042100025008AE7062EEDD0B8E600BF0346006809
:1042200030B560B1840702D00120136030BD44680E
:10423000E5B28D42F8D100F10803200AF5E7034604
:10424000F3E700002DE9F04FAC4B97B0CDE9073113
:1042500002900E4605A8AA4901920024FBF7A6FF8A
:1042600040234FF40070CDE90934FCF701F8202316
:104270000B908020CDE90C34FBF7FAFF2146CDE905
:104280000E0613A8CDE911440AF026FB019B002B72
:1042900051D0022B0CBF3F222246716B994F002355
:1042A00009A8FFF7FAFB4FF0000B0A9C002C00F066
:1042B0007781013C0B9B944D0A9403EBC40253F8A5
:1042C000343092F803805268C3F3170A8F4B13F807
:1042D000083000938E4B13F80830B8F1630F88BF95
:1042E00043F4807305EB4305009B03F00F0903F0D3
:1042F0003003102B21D0202B50D0BBF1000F00F049
:104300002581B9F1020F40F01481012A43D04FF00A
:10431000000B0099C90702F1FF3305D569883940C0
:10432000B1F5805F08BF5308012B40F00081BBF15D
:10433000000FBAD0FBE03D22AFE712B1BBF1000F96
:10434000B3D005EB420524E02B8803EA0701B1F561
:10435000805F0FD196F83C10C3F30B03994216D13E
:1043600009A84146FFF7A0FC3046FEF719FF4FF0C1
:10437000000B9AE7531C4B4504D24246514609A80C
:10438000FFF78BFB298809A8FFF7A8FBEFE70235A9
:1043900001329145D8D84FF0010B86E7BBF1000FF1
:1043A0000ED002F10043013B35F813303B40B3F52A
:1043B000405F08D1002109A80392FFF757FB039A39
:1043C00005EB420B30E0012A7FF66FAF96F83C30E8
:1043D000062B40F013814F494F480CF087FE726B5B
:1043E0003168044600230CF063FF2046FBF718FFFA
:1043F000BBF8003003EA0701B1F5805F32D196F8CF
:104400003C10DBB299422AD108290BF1020B05D1ED
:10441000414609A80392FFF747FC039A03923046EE
:10442000FEF7BEFE039A01329145E1D8019B8BB1A4
:10443000B8F1050F0ED1002109A8FFF7D1FA48B94C
:10444000012109A8FFF7CCFA820714D000F00F0071
:10445000022815D1002405EB4909A3462DE0002AC6
:1044600099D0B3E7531C5146424609A8FFF715FB04
:10447000BBF8001087E70028ECD003793A2BE9D18C
:1044800009A8FFF7A6FA09A8FFF7A3FA0023082254
:10449000514609A8FFF78AFC69E739F8023D03EAAB
:1044A0000702B2F5805F13D1DBB2082B04F10102E1
:1044B0000BF1010304BF14469B464D45EDD1BBF102
:1044C000010F2BD1009B5B0628D5002529460EE065
:1044D000214609A8FFF784FA08B10BF1010B01345A
:1044E000EBE7FFF776FA0135002818BF0146A54231
:1044F00009A8F6D1FFF7BAFA39E700BF9D390208DB
:104500000FD0020800F0FFFF48DC0508D0DF0508E7
:1045100098DB0508C890050804EB0508009B1D06FC
:1045200004D5002109A8FFF7A1FA01342346424629
:10453000AEE7012A3FF42FAFD0077FF5E8AEB9F11F
:10454000030F7FF443AF4FF0010BE2E609EA0203E9
:1045500003F0010335F8134004EA0701B1F5805F69
:1045600013D196F83C10C4F30B04A14202F10104EC
:1045700009D11BB9414609A8FFF796FB3046FEF763
:104580000FFE2246E2E72246BBE6531C514609A82D
:104590004246FFF782FA214609A8FFF79FFA84E610
:1045A00013A80AF0ADF9129850B1416822460831BB
:1045B000FBF784FE129B5A681A60119A5A60119395
:1045C00096F83C30002B7FF401AF0D9B002B3FF49D
:1045D000FDAE0E9B0B981B681093FBF771FE0E98B7
:1045E000FBF76EFE0120FBF7E9FDDDE91001029B00
:1045F00083E80300184617B0BDE8F08F022B01D105
:104600000349E9E6042B0CBF024903490348E4E6E9
:10461000DA900508019105081491050828EB0508B2
:1046200038B50446406808B9606038BD4568FBF796
:1046300047FE2846F7E70000F8B5054630200E464D
:104640001746FBF72EFE072D04460570C66001D005
:10465000012D0ED1B3681B09A38208F05FF9042372
:1046600020612783E3842020FBF702FEE0622046DE
:10467000F8BD014B5B5DEFE780E0050810B504462F
:10468000C06AFBF71DFE2046BDE81040FBF718BED0
:1046900030B5048D0022944202D80023184630BD64
:1046A000C36A03EBC2035D688D42F7D00132F2E7C3
:1046B00070B504460D461646FFF7EAFFC0B9E18C17
:1046C000238D8B4208D30631E06AC900FBF7EBFD6E
:1046D000E38CE0620633E384238DE26A591C02EB2B
:1046E000C300218502F83360002343704380456096
:1046F00070BD034618465B68002BFBD1FFF7C8BFAF
:10470000F8B544680E462CB9F8BD042BFCD105233E
:104710000370F9E7254628466D68002DF4D07768C8
:104720003946FFF7B5FF0028F5D00378043BDBB22C
:10473000022BE9D806253570002239462046FFF7BE
:10474000B7FF0378002BE0D105706468F4E7036AD3
:104750001B8B012B1EBFC3685B18C3607047836A45
:1047600010B504469B6F406A9847238B226A013339
:10477000918C9BB29942238338BF938410BD038BE5
:1047800010B5013B0383836A0446D3F88430406A42
:10479000984720460121BDE81040FFF7D8BF2DE91A
:1047A000F04F044685B00D4691469A461BB1CB8A20
:1047B00043F00803CB82236AA5F81E90DA8A42F000
:1047C0003002DA821B78002B4AD1A36A606AD3F8E0
:1047D000B4604A4653462946B44605B0BDE8F04F9A
:1047E0006047DB6A03EBC60B13F83630053BDBB2E0
:1047F000012B20D8002319E0EB6A039A039903EBFD
:10480000C20213F83130062B0ED1DBF804105368C6
:10481000994209D1A36ABBF802201B69606A1F464E
:104820000023B84708F10108039B01330393039A5F
:104830002B8D9342E0DC0136236A1A8DB242D0DC24
:10484000B8F1000FC1D0A36ACDF800A0D3F8B860CA
:10485000606A4B4642462946B04705B0BDE8F08F36
:104860000026B046E8E7836A10B50446D3F88830DE
:10487000406A00219847A36A606A1B6B0F21984722
:10488000A36A606AD3F8CC300121984720460321FF
:10489000BDE81040FFF75BBF38B5836A04465B6C28
:1048A000406A00229847A36A606AD3F8C050002388
:1048B0001A461946A8472046BDE83840FFF7D3BF3F
:1048C000836A89681B6D406A002209091847836A58
:1048D0008968DB6B406A184710B5044608461146E4
:1048E0001A46FFF7A9FE236A436000238360E36949
:1048F0000BB9E06110BD1A469B68002BFBD190609C
:10490000F8E72DE9F04F87B0054600AF0C4651B1EE
:1049100011F0030612D10B79682B1ED1CB681B094D
:1049200013608C68B4B9AB6A0121DB6A116022465E
:10493000686A98471C37BD46BDE8F08F002604F032
:104940000F03022B08D1210906B91160AB6A0022BE
:10495000DB6AEDE70126F2E716B9A3681B091360CD
:10496000A04658F8043F4FEA132908EB890309F1E0
:10497000FF3BBB60C2465AF8040F0009FCF79FFBDF
:10498000BB689A458344F6D10BF1070323F0070374
:10499000ADEB030DC7F80CD0EA46002358F8040F1E
:1049A0003B6007F114010009FCF79EFB7A697A600D
:1049B0000146504625F076FA3B687A6801339945FE
:1049C00018D15946F868FCF7C5FAAB6A0146DB6AAC
:1049D000686A00229847002EACD00834BB689C421D
:1049E000A8D054F8041FAB6A686A1B6D002209093D
:1049F0009847F3E792444FF02E020AF8012BCDE7D7
:104A000031B1826801F00303134304BF0B68836074
:104A100070472DE9F04107461E4661B111F00305CC
:104A200011D1D1F804805FFA88F393420BD10C1DA9
:104A3000B5EB182F01D1BDE8F08154F8041F3846BA
:104A4000B0470135F4E738463346BDE8F041184732
:104A5000F8B504460F4611461A46002385780669C4
:104A6000837003610E4BFFF7D4FF6368BBB9618AA3
:104A7000ED1A18BF012551B1228A42B9A36A606AB2
:104A8000D3F8A0309847A36A606A1B6C9847238AC2
:104A9000628A39462046FFF782FEA5702661F8BD7E
:104AA000E952020870B54378012B05460C4606D141
:104AB000036A0A461B8B0221FFF70EFF2061A268E2
:104AC000216928464C23BDE87040FFF7C1BF70B58F
:104AD00013464278012A06460C4604D10A460721AD
:104AE000FFF7FAFEA061A569E26830464623294631
:104AF000FFF7AEFFA88A70BD024B89689D22FFF7C1
:104B000088BF00BFE5570208024B89686B22FFF798
:104B100080BF00BF7573020838B5436804460D4670
:104B200053B9114605480CF0E1FA29466060204669
:104B3000BDE83840FFF764BF38BD00BF28EB05086B
:104B4000014AFFF7E9BF00BF189105080B79092B4F
:104B500070B50CBF858AC58A4FF6FF739D42044627
:104B600002D1064AFFF7D8FF218B628BA36A606AE5
:104B70005B6F8A1A2946BDE87040184725910508E1
:104B800070B51446054612780E4683B132B1032A39
:104B900004D0104ABDE87040FFF7BEBF0326267060
:104BA0006168286AFFF7A5FD00B1067070BD62B9A3
:104BB00001232370006A2146FFF7A2FD2378012B11
:104BC000F4D1054A31462846E4E7062AEED0034AE6
:104BD000E0E700BF3E9105084B9105085891050894
:104BE00038B505460C4671B101F00F03022B0CD10C
:104BF000080909F0F1FC002806DA064906482209EE
:104C00000CF00AFB6860002038BD044AFFF784FFFF
:104C1000F9E700BF5F910508BCEA05086491050843
:104C20002DE9F3414378012B06460F4619D10B7944
:104C3000102B08D0026A12782AB9134A02B0BDE8D4
:104C4000F041FFF769BF103B5D4201AA4FF06D01D3
:104C500007F108005D41FFF7E1FA00248046A04516
:104C600002D102B0BDE8F081019B306A53F82410F4
:104C700000220909FFF71CFD2B4602463946304643
:104C8000FFF77EFF0134EAE76B9105084278012ABD
:104C90000B4602D1006A02F001BE816A026A406AD4
:104CA000203102F00ABE4278012A0B4602D1006A86
:104CB000FFF7FEBC816A026A406A103102F0FDBD56
:104CC00070B505460C4600292ED0CA0706D5836A62
:104CD0005B6B4910686ABDE8704018478B0717D0B6
:104CE00004F00F04022C4FEA11110AD0062C0CD04C
:104CF000052919D0836A406A1B6BBDE87040C9B2B0
:104D00001847BDE87040FFF7CEBF836A9B6BE1E7B1
:104D1000836A0968DB68406A98472279034B214619
:104D200053F822302846D6E770BD00BF88E005085A
:104D30002DE9F74F05460C46164698462046FFF7E4
:104D40002FF840B16EB9AB6A9B6E4146686A03B0FA
:104D5000BDE8F04F18472046FFF725F820B1002E98
:104D6000F1D103B0BDE8F08F002C44D0A30742D1AD
:104D700063681F0ADBB21E2B2FD196BBD5F80C90AF
:104D800009F10103EB60013F04F1040B4FF0000A4D
:104D900086F0010257450BDC0237434654F82710D2
:104DA00032462846FFF7C4FFAB6A49469B6ACDE707
:104DB0005BF8041F01924B462846FFF7B9FF0AF142
:104DC000010A019AE6E754F8041F43463246284692
:104DD000FFF7AEFFBC42F6D1C3E71F2B05D1002E73
:104DE000CCD1043404EB8707F4E7202B03D1A4686B
:104DF00086F00106A2E721462846FFF761FFAB6A6D
:104E0000686ADB6E4246314603B0BDE8F04F184792
:104E100038B5036A1B78072B04460A4606D0022BD6
:104E200004D0BDE83840144AFFF776BE956885B9CE
:104E3000A36A606A1B6B0F219847A36A606AD3F864
:104E4000CC300021984720460121BDE83840FFF7CB
:104E50007EBCAB070BD12B79AF2B08D12046A968BC
:104E6000FFF72EFF2046BDE83840FFF7FCBC29467F
:104E70002046FFF725FFE0E77D91050870B54378F0
:104E8000CD68012B0446164606D1036A0A461B8BE1
:104E90003146FFF721FD6861002369691A46204603
:104EA000FFF77DFCE9682046FFF70AFF062E05D1D3
:104EB000A36A606AD3F8883000219847A36A606AC1
:104EC000D3F8BC500023AC461A46BDE8704001211F
:104ED000604738B50C460546C968FFF7F1FEA16882
:104EE0002846BDE83840FFF7EBBE0B79342B70B590
:104EF00004460D4610D18968FFF7E2FEED68AD6803
:104F000085B9A36A606A1B6B0F219847A36A0422C4
:104F1000D3F8A03002211AE0836A406A1B6B0F218C
:104F20009847ECE7AB071FD12B799A2B13D1A36AD3
:104F3000606A1B6B0F219847A9680029E6D02046BC
:104F4000FFF7BEFEA36AD3F8A03004220321606AF3
:104F5000BDE8704018479B2B06D1A9682046FFF793
:104F6000AFFEEB689968E8E729462046FFF7A8FE00
:104F7000CCE710B504468968FFF7A2FEA36A606A11
:104F8000DB6CBDE810400021184700002DE9F74315
:104F90008D68044617465DB9002A6FD0836AD3F83E
:104FA000A03002222946606A03B0BDE8F0431847EA
:104FB00015F0030640F08A802B79372B13D132B1DC
:104FC000836A406AD3F8A030022201219847204624
:104FD0002946FFF775FEA36A606AD3F8A43003B0D0
:104FE000BDE8F04318479F2B70D1EB681A79A12ACE
:104FF0005AD1A22101AA03F10800FFF70FF9A9680D
:10500000804621B38B0722D10B79372B1FD137B1C3
:10501000A36A411CD3F8A030606A02229847A968AD
:105020002046FFF74DFEA36A606AD3F8A430984784
:105030004FF00109464510D1B9F1000F1ED1A36A06
:10504000606AD3F8A0300322711C984716E020460E
:10505000FFF736FE4FF00009ECE7019B53F82610EE
:1050600079B900272046FFF72BFEB9F1000F17D0C2
:105070007FB91B4A29462046FFF74EFD03B0BDE825
:10508000F0838F07EDD10F79A7F1370047424741F1
:10509000E8E7A36A606AD3F8A43098470136C9E705
:1050A000002FFBD00F4AE5E7AB685BB19A0709D147
:1050B0001B79372B06D10422294603B0BDE8F04303
:1050C000FFF7DCBE052229462046F6E729462046A2
:1050D000FFF7F6FDA36A0322D3F8A030012162E7AF
:1050E00088910508999105080122FFF74FBF70B517
:1050F0000D46C9680446FFF7E3FDA968A36A606A24
:10510000D3F89830C1F30711332918BF3F39BDE8F0
:10511000704014BFC9B202211847F8B54E680C465A
:1051200089680746FFF7CCFD360A0C3400250235A6
:10513000AE4200DCF8BD38466168FFF7C1FD21686A
:10514000BB6A786AD3F89C3009092439C9B208349B
:105150009847ECE72DE9F0410C46D1F8048054F86B
:10516000081F0746FFF7ACFDA8F10D06F6B20125B2
:10517000B5EB182F01DBBDE8F08154F8041F384669
:10518000FFF79EFDBB6A786AD3F89C30314698479A
:105190000135EDE72DE9F0414E6804460D46360A2B
:1051A0008968FFF78DFD032E83BFD4F80C8008F1CA
:1051B0000103E3604FF0000801277B1C9E4222DCC4
:1051C000032E55D9E568606A6B1CE360A36A294623
:1051D0009B6E9847A36A606A9B6A41469847A36A98
:1051E000606A9B6801219847A36A606A1B6E9847B2
:1051F000A36A606ADB6D9847A36A606A9B6A294666
:10520000BDE8F0411847296920460237FFF758FDED
:10521000B74207DAA36A606A5B6D9847A36A606A5F
:105220005B6E9847EB68A26A606AD2F89C2003F034
:105230000F010A2911D1C3F30713252B1ABF343BE1
:10524000D9B206219047B74205DAA36A606A1B6F9C
:105250004246002198470835AFE71979852901D1E1
:105260003221EFE79B680BB90721EBE73321E9E730
:10527000BDE8F08110B504468968FFF721FDA36AF7
:10528000606AD3F89830BDE81040032118472DE933
:10529000F0470D46D0F80C8055F8046F5FFA86F998
:1052A000A9F11E03D3F1000949EB030908F1010339
:1052B0000446C360360A0027B74206D1A36A606A73
:1052C0009B6A4146BDE8F047184755F8041F204641
:1052D0000137FFF7F5FCB742EEDAA36A606A1B6F8D
:1052E000424649469847E7E701F00F03022B70B5A5
:1052F000044612D00B79492B09D0483B082B18D80B
:10530000DFE803F008170717171717050700012331
:10531000A37070BD8E680D6975B9A378002BF8D1A4
:10532000638A002BF5D020461D4ABDE87040FFF788
:10533000F3BBD1E90265EFE7A3783BB3238A0133DE
:105340009BB2012B23820ED1618AD4E90903D1B12A
:10535000D3F8A03000229847A36A606AD3F8A0303F
:1053600002220021984729462046FFF7A9FCA36A9C
:10537000606A9B6B31099847A36A606AD3F8A430CE
:10538000BDE8704018471B6C9847E5E7638A013316
:10539000638229462046BDE87040FFF791BC00BFFC
:1053A000A49105082DE9F041C568CF688846AB1C7B
:1053B00004460022B968C3602B46FFF7B9FCD8F851
:1053C00008102046FFF77CFCA36A606A9B6E691C8C
:1053D0009847A36A606A9B6A29469847A36A606AED
:1053E0009B684FF0FF319847F9682046FFF768FC4B
:1053F000A36A606A9B6A691CBDE8F04118472DE901
:10540000F047C668D0F814A0B0F81A908682B31C92
:10541000C36006F10108038BA0F81680044643839D
:1054200088680D46FEF7BCFCF8B9E768A8687B1CE5
:10543000E360FEF7B8FC20B9A36A606A9B6E414640
:105440009847A36A606A9B6A39469847E96820468C
:10545000FFF736FCA36A606A9B6A41469847A968D1
:105460003B4601222046FFF763FC2969C4F814A0DB
:105470002046A4F81A90FFF723FCA36A606A9B6A8F
:105480003146BDE8F04718472DE9F347C668731C5D
:10549000C360044688680D46FEF782FC0246E8B900
:1054A000E768A9687B1CE36020463B46FFF740FCA9
:1054B0002046E968FFF704FCA868FEF774FCD8B939
:1054C0002B690BB96B6923B1A36A606A9B6E314685
:1054D0009847A36A606A9B6A3946984701AA712176
:1054E00005F11000FEF79AFE0027824657450BD1C2
:1054F00069692046FFF7E4FBA36A606A9B6A31464C
:10550000984702B0BDE8F087019B53F82780D8F890
:105510000800FEF745FC0246F8B9D4F80C90D8F81C
:10552000081009F10103E36020464B46FFF700FC39
:105530002046D8F80C10FFF7C3FBD8F80800FEF798
:1055400032FC0028D8D1A36A606A9B6E3146984726
:10555000A36A606A9B6A494698470137C6E700001C
:10556000184B2DE9F041D3F8006204460F463EBBCC
:10557000C56889686B1CC36001222B46FFF7D8FB06
:10558000A36A606A5B691F2101229847F96851B1DB
:105590002046FFF795FBA36A606AD3F8BC703246D9
:1055A00033460121B847A36A606AD3F8C8300121A5
:1055B0009847A36A606A9B6A2946BDE8F04118478C
:1055C000BDE8F0818004002070B58D6804463DB9C7
:1055D000836AD3F8C8302946606ABDE8704018472E
:1055E000AB070ED12B795E2B0BD1A968FFF768FBB7
:1055F000E9682046FFF764FBA36A0221D3F8C830AC
:10560000EAE729462046FFF75BFBA36A0121D3F8AE
:10561000C830E1E710B504468968FFF751FBA36A7B
:10562000606ADB6DBDE81040184700002DE9F041CD
:10563000036A1B78072B044604D0BDE8F0411A4AE0
:10564000FFF76ABA8D685DB9836A406A1B6B0F21E8
:105650009847A36A606AD3F8C430BDE8F0411847A0
:1056600015F003021DD12B791B2B1AD1C668EF68E8
:10567000731CC360B9683346FFF75AFBA96820461C
:10568000FFF71EFBA36A606AD3F8C4309847A36A89
:10569000606A9B6A31469847F9682046FFF710FB1D
:1056A000D7E72946F9E700BFBB9105082DE9F0418E
:1056B0000C46064654F8045F2D0A04EB8507BC42ED
:1056C00008D1B36A706AD3F8A03029460022BDE839
:1056D000F041184754F8041F3046FFF7F1FAEEE79F
:1056E000896810B4034639B9826A406AD2F8A0408A
:1056F0000A46234610BC18474A68120A022A0AD1F1
:10570000CA6842B1940706D11279AC2A03D110BC01
:105710000622FFF7B3BB10BC1846FFF7C7BF2DE941
:10572000F0410D46064655F8048F0F460024B4EBB1
:10573000182F01D1BDE8F08155F8041F3046FFF75E
:10574000BFFA73683BB10234304657F82410BDE805
:10575000F041FFF755B90134E9E710B50446FFF70A
:10576000DEFFA36A606AD3F89C30BDE810402221B6
:10577000184770B58C68054644B9836AD3F8A030E1
:1057800001222146686ABDE870401847A1071ED172
:105790006368DAB2922A1AD11B0A022B0CD1E36891
:1057A00053B19A0708D11B79AC2B05D121460322AE
:1057B000BDE87040FFF762BB21462846FFF7AFFF08
:1057C0006168AB6A0122D3F8A030090ADAE7214602
:1057D0002846FFF775FAAB6A0122D3F8A0301146CC
:1057E000D0E7000001F00F03022B2DE9F047064639
:1057F0000C4604D1BDE8F0470909FFF747BA002974
:1058000054D011F0030551D10B792C2B37D1896875
:10581000FFF756FAE768002F48D017F0030845D184
:105820007D68EAB28E2A3B4608D12D0A013D07F178
:105830000409454510DC023557F825301A79312A1C
:1058400012D199683046FFF73BFAB36A706ADB6C95
:10585000BDE8F0470221184759F8041F3046FFF70A
:105860002FFA08F10108E4E7322A1FD19968B36AD8
:10587000706A1B6DBDE8F0470222090918472D2BFD
:1058800014D18C6894B163681B0A022B06D0271DC3
:105890006368B5EB132F10D3BDE8F087E368002BE6
:1058A000F5D09A07F3D11B79AC2BF0D121463046C5
:1058B000054ABDE8F047FFF72FB957F8041F3046F7
:1058C000FFF790FF0135E3E7C79105082DE9F8439D
:1058D0000446006A1746C28A0D46910706D5374A24
:1058E00029462046BDE8F843FFF716B905F00F0139
:1058F000022918D1A37829098BB1838B01338383C3
:105900004FF000094FF00108002955D00022FEF7A2
:10591000CFFE03780646002B38D0294AE0E7438BB8
:1059200001334383ECE72979B942A9460BD1A96831
:10593000A37809091BB1838B01338383E2E7438B8F
:1059400001334383DEE7994218D1A378002BC6D1F7
:105950000121A170A96879B301F00F06022E18BFCA
:10596000894642F0040218BFD9F80810C28206BF67
:105970000909994609094FF00308C5E7A96842F0EB
:1059800002020909C2824FF00508BDE70423037033
:1059900080F80180236A1B8B032B0DD1482F0BD17C
:1059A000B9F1000F08D0D9F80C102046FFF718F90C
:1059B000737843EA00137370BDE8F8831491050807
:1059C000D191050849234822FFF780BF4F234E227B
:1059D000FFF77CBF2DE9F04F0D468DB0016200212D
:1059E0004270C1602B78072B0446164605D08A4AC0
:1059F0000DB0BDE8F04FFFF78FB8012A05D0036B5B
:105A0000021D1B68C06A314698476378D5F80C8040
:105A1000032B10D10BAA462108F10C00FEF7FEFB68
:105A2000236B0B9A9B680146E06A9847636868831A
:105A3000002B40F0B980D8F81010C1B101F00F056B
:105A4000022D10D10B09752B3DD006D83E2B3CD032
:105A50005E2B0DD0714A2046CAE740F2F3429342D2
:105A6000F8D1032504E06E4A2046FFF755F80225D9
:105A7000D8F81430089309AA192108A8FEF7CEFB1C
:105A80004FF000090790079B994520D16378012BBF
:105A900015D9236BE06A5B68294698476378042B25
:105AA0000DD1206AE26A0395438B02930023CDE96E
:105AB00000330521D2E90232006906F03FFF636836
:105AC000002B71D114E00025D2E70125D0E7099B16
:105AD00053F829100B79082B4FEA890B02D109F1F1
:105AE0000109D0E7052B06D04E4A2046FFF714F8EF
:105AF0000DB0BDE8F08F8B68002BF5D09807F3D17F
:105B0000CA68002AF0D11A792C2AEDD19F6807F0D3
:105B10000F02022AE8D1DB680493002BE4D09A0735
:105B2000E2D11B79302BDFD1049B0AAA03F10800D4
:105B3000A421FEF773FB3F0940F2FD339F428246EA
:105B40001BD1012805D10A9A136803F00F03022B19
:105B500004D0354A099B53F80B10C6E7E168012EC3
:105B600001F10103E3601AD01268236BE06ADB687D
:105B70001209984798B92D4AECE740F232339F4218
:105B800016D1012803D10A9B1968CB0701D4284AF2
:105B9000E0E7012E03D0E06A491002F0B8FB636829
:105BA000002B9CD0DDF81080D8F80030A3609FE770
:105BB00040F27A339F4223D1012804D90A9B1A6804
:105BC00012F0010701D11B4AC4E7012EE7D05310A0
:105BD00006930A9A0BA952F82700FEF7CBF808B9EA
:105BE000154AB7E7E36A0B9805930CF0FCFC013704
:105BF0000246DDE9050102F091FBBA45E9D1CEE7A5
:105C0000012ECCD0236B0246D3F810B0E06A0A9B79
:105C10003946D847C3E700BFDB910508F191050875
:105C2000F5910508FD9105080B92050817920508E6
:105C30001B92050827920508399205084278012A27
:105C40000B4602D1006A01F029BE816A026A406AED
:105C5000183101F032BE00002DE9F0478F070446ED
:105C60000D46164611D001F00F03022B16D102F09B
:105C7000FD06012E4FEA111103D0BDE8F047FFF7F2
:105C8000DDBFBDE8F047FFF70EB84968CBB22D2B5A
:105C90007ED00AD8062B0DD02C2B12D029462046B8
:105CA0004E4ABDE8F047FEF737BF2E2B00F0838049
:105CB0009D2BF3D1002EF1D105F10802090A2046EF
:105CC0007EE0022A02D0A968FEF7FAFFD5F80C8020
:105CD000B8F1000FE2D018F00303DFD1D8F8047058
:105CE000FAB28E2AC1460CD13F0A022E07F1FF37C5
:105CF00004D008F1040A9946B94513DB023758F875
:105D0000279099F80430312B26D1022E12D1A36AA4
:105D1000606A5B6E9847A36ADB6C0121606ABDE82C
:105D2000F04718475AF8041F2046FEF7C9FF09F14B
:105D30000109E1E72046D9F80810FEF7C1FF012E5E
:105D4000D4E9090305D19B6D9847A36A0021DB6C58
:105D5000E4E7DB6C0121E2E7322B9FD1012ED4E98D
:105D600009030BD15B6D9847A36AD9F808101B6D26
:105D70000022606A0909BDE8F0471847022E01D1E8
:105D80001B6E9847A36AD9F808101B6D0122F0E733
:105D9000AA68002A82D0002E80D15168090A0229FF
:105DA00007D1D3682BB1980703D11B79AC2B3FF4F3
:105DB00075AF083283E7002A7FF470AFA96819B97C
:105DC000BDE8F04700F070B88E0703D10B79922B35
:105DD0000A46E2D005F10802012170E74492050865
:105DE0002DE9F047C6681F46B31CC360836A0446AA
:105DF0000D469B6A406A314691469847A36A606A9D
:105E0000D3F88C30711C9847A96800222046FFF710
:105E100023FF2D6965BB49462046FEF751FF236AE3
:105E200019780629D4E909031CD1D3F8CC302946C6
:105E3000984720460121FEF78AFCA36A606ADB6D61
:105E40009847A36A606A9B6E31469847A36A606A66
:105E50009B6A711C9847A36A606AD3F89030BDE8CA
:105E6000F0471847BA00D3F8A83005329847E8E75A
:105E70002B79AD2B07D1A968334600222046FEF7C7
:105E800057FFED68C6E7E9682046FEF719FFA36AE9
:105E9000606AD3F88830012198477B1C4A4629461E
:105EA0002046FFF79DFFCCE72DE9F84304468846DE
:105EB00091464F1E00254FF0FF367A1C0CD1731C03
:105EC00005D1A36A606AD3F8AC30414698470025F3
:105ED00045451CD1BDE8F88359F8251071B18807F4
:105EE0000CD10B79222B09D101360AD1A36A606A41
:105EF000D3F8B0303A46294698472E460135013F3F
:105F0000DBE72046074ABDE8F843FEF705BE59F82F
:105F10002510AE4208BF896800222046FFF79CFE8C
:105F20000135D5E74F9205082DE9F04704460F46A5
:105F30009046994621B9BDE8F0471946FEF7C0BE24
:105F4000C668731CC360156835B315F0030A23D106
:105F50002B797B2B20D1A968FEF7B2FE5246314641
:105F60002046FEF7FCFBE96852462046FFF774FE28
:105F70004B4608F10402791E2046FFF7D5FFA36ABD
:105F8000606ADB6F3146984720460321FEF7DFFB4E
:105F9000BDE8F047FEF7F3BB29462046FEF790FE2A
:105FA000204600223146FEF7DAFBA36A606ADB6D09
:105FB0009847DDE737B50C46054601AA7A2104F17A
:105FC0000800FEF72BF9E368019A01462846FFF71F
:105FD000ABFF03B030BD2DE9F04F8B6803F00F032A
:105FE000022B89B004460D4640F0FF80CB68002BA1
:105FF00000F0FB809A0740F0F8801A792C2A40F0D4
:10600000F4809A6802F00F01022940F0EE80120934
:106010007C2A40F0EA80DB681A79302A40F0E5807B
:106020009B68069307AAA42106A8FEF7F7F8431E6B
:10603000022B024600F2D98007990128D1F800907E
:1060400000F02081022800F0C4808E68F30740F140
:10605000CC80720800F0C9804968B9F1000F40F0A7
:10606000BA804A468946B9F1000F08D019F0030FEB
:1060700005D199F80410A639022940F2B680AB6820
:1060800001932B696F690293E5686369218B04931F
:10609000638B039305F1010BAB1C618319F00108BD
:1060A00005F104010593A582A4F816B005F1030AD1
:1060B000E16005D1494620460592FEF701FE059AAA
:1060C00011462046FEF7FCFDA26A606A926E5146B8
:1060D0009047A26A606A926AA91C9047A26A606AA5
:1060E000526D9047002201992046FFF7B5FD0299B5
:1060F0002046FEF7E5FDA26A606A926A594690471B
:1061000031462046FEF7DCFDA26A606AD2F89C2088
:106110000E219047A26A606A926A51469047D4E97C
:106120000902B8F1000F40F0AF80936D9847A36A61
:10613000606A1B6E9847A36A606AD3F89C30002E91
:10614000ACBF002101219847A36A606ADB6EAA1CDC
:1061500001219847049B6361039B6383002F00F038
:106160009A80A36A606ADB6D88F001099847B8F1EC
:10617000000F03D1A36A606ADB6D98473946204659
:10618000FEF79EFDE668606A731CE360A36A314611
:106190009B6E9847A36A606A9B6809F10101984762
:1061A000A36A606A9B6A29469847A36A606ADB6DA6
:1061B0009847B8F1000F03D1A36A606ADB6D984776
:1061C00027B1A36A606A9B6A3146984709B0BDE867
:1061D000F08F032640E719F0030F7FF442AF99F8E0
:1061E0000420A63A022A3FF63CAFE668238BB4F8B7
:1061F0001A9063836FEA46436FEA5343D4F814A0BE
:10620000A382771CF31CE968E3602046E782FEF76F
:1062100057FDA36A606AD3F8883001219847A36AC2
:10622000606A9B6A39469847A36A606AD3F88C30E3
:10623000B11C98470022A9682046FFF70DFD296987
:106240002046FEF73DFDA36A606A9B6E394698477B
:10625000A36A606A9B6AB11C9847A36A606AD3F814
:10626000903098476969C4F814A02046A4F81A90A1
:10627000FEF726FDA36A606A9B6A314609B0BDE855
:10628000F04F18470326EEE6526D904749462046E8
:10629000FEF716FD4FE73E4682E72DE9F74F04462D
:1062A000894692469B4629B9194603B0BDE8F04F8E
:1062B000FEF706BDC5682B1DC36013686F1C05F192
:1062C0000208EE1C002B00F0D48013F0030240F013
:1062D000D08019797B2940F0CC8099680192009395
:1062E000FEF7EEFCA16A606A496D884740F20D3105
:1062F0002046FEF7D1FADDE900322046D968FFF7E3
:10630000ABFC022229462046FEF729FAA36A606AFE
:106310009B68032198470AF104025B4609F1FF31AB
:106320002046FFF7BAFFA36A606A9B686FF002011C
:106330009847A36A606AD3F880902A463946434654
:10634000C847A36A606A5B6D9847A36A606A5B6E20
:106350009847A36A606A1B6E9847A36A606A5B6C81
:10636000002240F20E319847A36A606A5B6E98473C
:10637000A36A606A5B6E9847A36A606A5B6D984720
:10638000A36A606A1B6D00220A219847A36A606AAB
:106390001B6E9847A36A606A1B6B0F219847A36A1C
:1063A000606AD3F8C05000231A460321A84720464C
:1063B000FEF759FAA36A606ADB6E324600219847FD
:1063C000A36A606ADB6D9847A36A606A1B6B0F2142
:1063D0009847A36A606A9B6E31469847A36A606AD1
:1063E0009B6802219847A36A606A9B6A4146984766
:1063F000A36A606A5B6E9847A36A606A5B6E98479F
:10640000A36A606A9B6A39469847A36A606A5B6CB4
:10641000002240F20E319847A36A606A1B6B0F217D
:106420009847A36A606A5B6D9847A36A606A5B6D70
:106430009847A36A606AD3F8C05000231A46032124
:10644000A8472046FEF70FFAA36A606ADB6D9847FB
:10645000A36A606A9B684FF0FF319847A36A606A3D
:106460009B6A31469847204603B0BDE8F04FFEF7DF
:1064700086B919462046FEF723FCA36A606A5B6D65
:106480009847204640F20D31FEF706FAA36A606A8B
:10649000DB6D984735E72DE9F041CD6804460E469F
:1064A00065BB0378C3B1036A1D78ADB940F21B31F7
:1064B000FEF7F9FBB1682046FEF702FCA36A606AAA
:1064C000D3F8BC602A462B460121B047A36A606A14
:1064D000DB6DBDE8F0411847B1688B0707D001F0CC
:1064E0000F03022B08D12046FEF7EAFBEEE7002956
:1064F000F9D00B793A2BF6D1BDE8F081AF0740F027
:10650000AF806B68DAB25B2A11D1ED68002D4AD1F9
:10651000006A0378072BEFD1896801F00F03022B83
:10652000EAD10422BDE8F041D140FEF7C1B8562AB5
:1065300013D101228968FFF78FFBE9682046FEF737
:10654000BFFBA968A36A606AD3F89C3009093E3989
:10655000C9B298470222B1687DE0572A25D11B0AAB
:106560005F1E013355F82310FEF7AAFB002F03DD51
:10657000A36A606A5B6D9847B16800222046FFF706
:106580006BFB04350026BE42B6DA0136BE4203DAA2
:10659000A36A606A5B6D984755F8041F0022204685
:1065A000FFF75AFBEFE7A9075AD16B68DAB2062A60
:1065B00056D1B768002F53D0BA0751D17A68D1B2FB
:1065C00006294DD11B0AB3EB122F4FEA122847D1EF
:1065D000A8F10203012B43D8BB6823B1980702D16D
:1065E0001B79222B3CD0FB6823B1990702D11B7980
:1065F000222B35D0B8F1020F06D03B6923B19A07A0
:1066000002D11B79222B2BD0A9682046FEF758FB1C
:10661000E9682046FEF754FBB8F1030F07D1204686
:106620002969FEF74DFBA36A606A5B6E9847A36A0F
:10663000606A1B6E9847B96800222046FFF70CFB82
:10664000F96800222046FFF707FBB8F1030F7FF43B
:1066500053AF396900222046BDE8F041FFF7FCBA8C
:1066600029462046FEF72CFB002274E70023032A6C
:106670002DE9F04104460D46164642700162C360A2
:1066800080F8342002D1C08E50BBA063A36A606A38
:106690001B684FF000083146A4F836802A46984718
:1066A00006212046FEF753F86778EE68012F04BFF5
:1066B000A5F82280A5F82480B6B1B20714D13379A9
:1066C0003F2B11D1B168FEF7FBFAA36A606AD3F8D9
:1066D000C4309847A36A606A5B68BDE8F041184718
:1066E0008000F9F7DEFDD0E72B78072B00F29380CE
:1066F000DFE803F0049125414141410E3146204637
:10670000FEF7DEFAA36A606A1B6B0F219847DCE78D
:10671000012F12D10023A370F168574B4622204667
:10672000FEF777F92B8B032B07D131692046FEF753
:1067300057FAEB8A43EA8013EB827169DFE7A36AB9
:106740003168DB68606A98476378012B07D10023C2
:10675000A370B168494B4C222046FEF75AF9F16804
:106760002046FEF7ADFAEB8ADB07AED5A36A606A76
:10677000DB6D9847C6E7012FD6F80C8005D1206A5B
:1067800004223946FDF794FF6F83A36A3168DB6802
:10679000606A98472B78032B24D1A36AD3F8A030E2
:1067A0000122606A002198472B78062B28D1A36A22
:1067B000606A1B6C984701212046FEF774FAA36AB1
:1067C000606A1B6C9847A36A606A1B6C9847002339
:1067D000B26841462046FFF703FB2B78062B7FF477
:1067E00074AF8FE7042B04D1A36A0222D3F8A03040
:1067F000D7E7052BD8D1A36A0322D3F8A030D0E77E
:1068000020460121FEF74FFAA36A606AD3F8883068
:1068100001219847DBE7012F04D104220A212846F1
:10682000FDF746FF17212046FEF73DFA16212046C8
:10683000FFF704FAB168A36A606A9B6B090998477D
:106840001A212046FFF7FAF931692046FEF738FA97
:106850000A212846FDF71CFF0246D4E909031178F6
:10686000042902D11B6B0F2150E71D6952880023B8
:106870000A21A84729E700BFC5590208CD590208D7
:10688000036A10B51A8B0446FEF721F9014620462B
:10689000BDE81040FFF7D2B92DE9F04F8D682B7994
:1068A000032B85B004460AD12946FFF7E9FFAA6900
:1068B000D38A43F00103D38205B0BDE8F08F026AAA
:1068C000D28AD20706D45F4A294605B0BDE8F04F08
:1068D000FEF722B9162B40F0A780C668E968331D81
:1068E000C360FEF7EDF9A36A606A5B6C002240F2B8
:1068F0000F319847A36A606AD3F8C07000231A4624
:106900001946B847E76863690093638B0193BB1C22
:10691000E360238B6383A36A606A9B6AA78207F1A3
:1069200001084146A4F8168098470122711C2046B0
:10693000FDF715FFA36A606A5B6D9847204640F239
:106940001131FDF7A9FFA96820460022FFF784F95D
:10695000A36A606AD3F894300022B11C9847A36AF6
:10696000606A9B6A711C9847A36A606AD3F8D0304A
:106970009847A36A606A5B6D9847A36A606A5B691F
:10698000012240F2C7219847A36A606AD3F89C307D
:1069900008219847A36A606ADB6EF21C00219847C1
:1069A000A36A606ADB6D9847A36A606AD3F8943083
:1069B000012231469847A36A606A9B6AF11C984796
:1069C000A36A606A9B68012198472046FDF7D7FEBD
:1069D000A36A606AD3F8D4309847A36A606A9B6A56
:1069E000B11C984729692046FEF76AF9A36A606AD4
:1069F0009B6E41469847009B6361019B6383A36A3A
:106A0000606A9B6A3146984769692046FEF758F9E3
:106A1000A36A606A9B6A39469847A36A606ADB6D1D
:106A200005B0BDE8F04F184703AA7A2105F1080028
:106A3000FDF7F4FBEB68039A01462046FFF72DFCB7
:106A40003AE700BF569205082DE9F04F85B0C568BA
:106A500001921E460E9B03936B1C0293AB1C0446D3
:106A6000C3600F4601222946FDF779FE39462046CC
:106A7000FEF726F9A36A606AD3F894300022691CF5
:106A80009847A36A606A9B6A29469847A36A606A26
:106A9000D3F8D0309847D4F80C9009F10103E360A3
:106AA0000027019B9F4218DB2046FDF768FEA36A82
:106AB000606AD3F8D4309847A36A02999B6A606AE7
:106AC000984703992046FEF7FBF8A36A606A9B6A21
:106AD000494605B0BDE8F04F1847D6F800B0D4F8E5
:106AE0000CA0DBF808800AF10103E3600137B8F17C
:106AF000000F0DD1019BBB422CD02046404A31688B
:106B0000FEF70AF8204605B0BDE8F04FFDF737BEA6
:106B100018F0030562D198F80420762A434603D181
:106B2000DD68D8F808802D09A36A606A5B6D984714
:106B300041462046FEF7C4F8A36A606AD3F89C3049
:106B400008219847A36A606ADB6E52460021984785
:106B5000002D45D1A36A606ADB6D98470025A846E1
:106B6000DBF80C1020460436FEF7AAF825B3A36A1A
:106B7000606A1B6B0F219847A36A606A9B6A414653
:106B80009847A36A606A9B6801219847A36A606A74
:106B90001B6B0F21984729462046FFF74FF82946DF
:106BA0002046FEF773F8A36A606A9B684FF0FF31D6
:106BB00098472046FDF7E3FDA36A606AD3F8943056
:106BC000012249469847A36A606A9B6A51469847E2
:106BD000A36A606A9B680121984762E70025A3E7E2
:106BE00029462046FFF72AF8D4F80C8008F1010363
:106BF000E360022241462046FDF7B1FDB0E700BF49
:106C00006D9205082DE9F347C56899466B1C174638
:106C10000E46C36002222946DDE90AA80446FDF7B4
:106C20009EFD002F2DD1A36A606A9B6803219847BF
:106C300031462046FEF744F8A36A606A9B686FF00D
:106C400002019847A36A606A1B6B0F219847A36AE9
:106C5000606A9B6A29469847A36A606A9B6801211B
:106C6000984741462046FEF72BF8A36A606A9B6866
:106C70004FF0FF319847204602B0BDE8F047FDF7DE
:106C80007EBDCDF800A04B463A4631462046FFF780
:106C9000DBFED7E7F0B5CD682B79782B85B00646BB
:106CA0000C4609D1AB6801930023009389681A460A
:106CB000FFF7A8FF05B0F0BD742B03AA4FF07701D2
:106CC00013D105F10800FDF7A9FA2F69A168039B0C
:106CD0000246E86827B900903046FFF7B5FEE9E7BD
:106CE000BC68CDE900043046E2E704F10C00FDF792
:106CF00095FA00230093A168039B0246ECE700008D
:106D000001F00F03022B70B504460E46154602D063
:106D10001F4AFDF701FF29462046FDF7D1FFA36A70
:106D2000606A5B6D98476378012B4FEA161511D1A5
:106D3000226A1378033BDBB2032B0BD85068294639
:106D400000F0ACFD0346206A1A78032A08D12946D0
:106D5000FDF7AEFC29462046BDE87040FEF76EBF49
:106D600000222946FDF7A4FC236A5B685B68002BC0
:106D700002460CBF0123002304D00178012904BF7F
:106D80000021017031462046FDF7FAFEE2E700BF20
:106D9000449205082DE9F04F87B004460391019213
:106DA000A42105AA03A81D46FDF738FA0026029083
:106DB000B146B04637464FF0010A029B9E4213D1BE
:106DC000B8F1000F04D0A36A606A5B6B494698472C
:106DD000019AD4E90903002A79D0D3F8C040434688
:106DE0003A462946A04714E0059B53F826B0BBF16C
:106DF000000F5FD01BF0030F5CD19BF80420A62A84
:106E00001FD118F0020F07D0324A59462046FDF72D
:106E100083FE07B0BDE8F08F0FB12F4AF5E71D2EB6
:106E200001D92E4AF1E70AFA06F2DBF808102046EB
:106E300049EA0209FDF744FF01354FF00108013628
:106E4000BBE7A72A0CD1A26A606A126C9047DBF8F4
:106E5000081048F002082046FDF732FF0137EEE740
:106E6000A82A27D1DBF80C2072B193070CD1117935
:106E7000AA2907D19268DBF808102046FFF740FFE7
:106E80000135DCE7AC290FD0DBF8081001F00F0268
:106E9000022A01D0124AB8E7A26A606A926B090915
:106EA0009047DBF80C10D6E7062259462046FDF73E
:106EB000E5FFE5E718F0020F01D00A4AA5E70FB198
:106EC000094AA2E759462046FDF7FAFED8E7D3F86B
:106ED000BC4084E77E920508859205088F920508DC
:106EE0009B920508A8920508AF92050870B50D465B
:106EF000417801290446134603D12A46FDF7ECFCEC
:106F00006861A36A606A9B6C98476E6900231A46A1
:106F100031462046FDF743FCA36AB18A9B6B606A49
:106F20009847E96829B18B0703D10B79A32B08BFD8
:106F30000021204602230022FFF72CFFB08A70BDFB
:106F4000002389681A46FFF725BF00002DE9F843A2
:106F50000D4689680446FDF7B3FEEE68002E59D051
:106F60007768216AFBB209788E2BAB6819BF05F1EF
:106F70000C0601273F0A0836072903F00F024BD100
:106F8000022A40F092801A099A2A47D133681A7966
:106F9000302A40F08A809B68002B40F086800A21CE
:106FA0002046FDF780FE226AD36A128D32B931681D
:106FB000404A2046BDE8F843FDF7AEBD5978C90701
:106FC0000FD559682046FDF76EFE022FD4E909035C
:106FD0000AD8D3F8BC5000231A460221A84701253D
:106FE00016E0013A0833E1E7726811793229F0D1ED
:106FF000B56829793029ECD191685B6C01220909C7
:107000009847A968002301222046FFF7C3FE032505
:10701000AF4223D8BDE8F883022A46D11B09B3F555
:10702000057F42D133681A79302A3ED19D68002D00
:10703000EED015F0030838D12B792F2B37D1A36A66
:10704000606AD3F8BC50424643464146A84733687D
:10705000424699682046FDF799FFC0E705F101080F
:10706000B84556F825101BD20B79322B18D106EBF8
:107070008503D3F8049099F80430302B10D1896837
:10708000A36A606A5B6C002209099847D9F8081066
:10709000002301222046FFF77DFE08F10105B7E736
:1070A0002046FDF70DFEA846F7E70025B0E7454668
:1070B000AEE700BFB692050810B5036A1B78072B30
:1070C00004460A4606D0022B04D0BDE81040064A0A
:1070D000FDF722BD20461146FFF738FF2046BDE8E8
:1070E0001040FDF7C0BB00BFC9920508D1E90212EC
:1070F000FFF706BE036A10B51A8B0446FFF7F6FECB
:1071000001462046BDE81040FEF798BD2DE9F04F3E
:10711000044685B08B4602AA42210BF10800FDF718
:107120007DF8236A00271E8B8046BA4647450AD160
:10713000DBF80C100B79032B51D132462046FDF7BA
:10714000C6FC054659E0029B53F82730019303AA79
:107150006C2103F10800FDF761F8039B19680A0927
:10716000732A05460DD02046FDF7AAFD4FF0010910
:10717000A94528D3019BD96869B12046FDF7A0FD38
:1071800009E0022809D02A4A2046FDF7C5FC354609
:107190000AF1010A2E460137C8E759680B09412B4D
:1071A0000DD040F23F429342F2D040F20652934259
:1071B00007D040F23E329342E5D10425E8E70125AD
:1071C000E6E70325E4E7039B606A53F82910A36A06
:1071D00000221B6D0909984709F10109C8E7442BF2
:1071E00017D18F68324639462046FDF770FCBA69E0
:1071F000D38A43F001030546D382A8EB0A08002690
:10720000B0450BD129462046FEF718FD05B0BDE874
:10721000F08F32462046FFF769FE92E7A36A606A64
:10722000D3F8BC7000231A460121B8470136E7E7BE
:10723000D49205082DE9F3418D6805F00F030A2B60
:1072400004460E4607D0002D31D015F003012ED193
:107250002B79652B1ED10095002501AA6521684672
:10726000FCF7DCFF019B002103EB800040F2CA52D7
:10727000834215D1F26840F21A439A4237D1236A09
:107280001F78B7B13A4A3146204602B0BDE8F04116
:10729000FDF742BC622BEDD1AB680093ED68DCE7F3
:1072A00053F8047B97420CBF01310331E0E7002122
:1072B000E0E7A36A606A5B6B9847A36A606A9B6BAE
:1072C00005219847A36A606AD3F8A0303A460121A5
:1072D000984701AA29462046FDF713FBA36A606A76
:1072E000DB6A0222394602B0BDE8F0411847A36AC2
:1072F000606A5B6B984706F10C006A466A21FCF7EE
:107300008DFF00260746BE42D4E9090313D1D3F806
:10731000A030002239469847294601AA2046FDF7A9
:10732000F0FA0025BD42D4E909030DD1DB6D984781
:1073300002B0BDE8F081009A9B6B52F8262091685C
:10734000090998470136DEE7009ADB6A52F8258082
:10735000D8F80860012231099847D8F80C1029B9EB
:1073600031092046FEF76AFC0135DBE70909F8E739
:10737000EC920508836A37B504460D465B6B406A9C
:1073800000219847A36A606A1B6B0F219847294622
:10739000204601AAFDF7B5FA0199204603B0BDE8E1
:1073A0003040FEF74BBC00002DE9F04F9BB0CDE91B
:1073B0000201102015469C4CF8F75AFF23694360E0
:1073C00058220021074604A822F0B6FD4FF0FF33F3
:1073D000012113A88DF81050099307F07DFA039B43
:1073E000D900012241F0020113A807F0ABFA0123F2
:1073F0004360002116A80BF09DFC029A94F8043219
:107400001268002104A8FDF767FA054611A800F0EC
:107410001FFF864B0B9C01900D900E934FF0000BBD
:107420000CB1059E1EB30B9C14B1059B002B3ED0E6
:107430000198DFF8F891DFF8F8A1594600F00FFF46
:107440000B9C0026DDF81480002C00F03781B8F189
:10745000000F00F0EF800C9C04A8E168FDF7D0FA63
:10746000A38A069A0399404609F022FF2AE1238B5A
:10747000042B4FF00102214604A807D1FEF7AAFA17
:10748000079BA4689B4538BF9B46C9E7FFF7EEF80A
:10749000238D9E42F4D2E36A03EBC60113F8363023
:1074A000012B02D12046FDF72BF90136F0E7E28AE5
:1074B000520716D5218D013913D3E66A06EBC102B6
:1074C0004FEAC10E507810F0020F25D04BB1D3E92E
:1074D000008C92E8030083E8030046F80E80C2F8AF
:1074E00004C04FF0000323840026B4F828C066458A
:1074F00018DB00239C454DD1D4F804E0BEF1000F09
:1075000008D00020BEF828A00346504552DB002BCF
:1075100040F08880A46887E7002BCCD1012808BF01
:107520001346C8E72378D4F82C80012B4FEAC60A0B
:1075300008EBC60905D1D9F804300A2B18D1013659
:10754000D3E715D918F83630012B11D14FF00303CA
:1075500008F83630238B032B05D1D9F8040007F047
:107560003BF8012808DCE38A43F01003E38203E0E0
:1075700018F80A30032BEDD018F80A30042B03D08A
:1075800099F80130DB07DAD5238C5A1C2284A9F83C
:107590000230D4E7E26A02EBC30112F83320052A75
:1075A00006D14A78D6075FBF228C4A8001322284F6
:1075B00001339FE7DEF82C2002EBC00912F83020DF
:1075C000053AD2B2012A14D8002610E0E26A02EB92
:1075D000C60812F83620062A08D1D9F80410D8F8BF
:1075E0000420914204BFA8F8023001330136B445AB
:1075F000ECD1013089E7E06A00EBC20110F83200FB
:10760000062802D14878C00702D548881844488027
:1076100001329445EFD1628B1A446283228C134469
:10762000238477E70022F4E78004002074E1050852
:1076300078E20508238B042B17D10F9B1BB9584602
:1076400004F026FC0F9000230D930322494B109366
:10765000214604A8FEF7BEF9059B23B90422214662
:1076600004A8FEF7B7F9A468ECE6023B012B21D889
:1076700036B95B4607AA05A911A803F075FD0646B1
:10768000CDE90D6A0222214604A8FEF7EFFF059B13
:10769000002BE8D10322214604A8FEF7E7FF059B53
:1076A000002BE0D10422214604A8FEF7DFFF0028CA
:1076B000F8D0D8E7019BCDE90D39E3E7B8F1000F29
:1076C0007FF4C9AEDDF814802C69B8F1000F1BD12E
:1076D000139B1898C3F3DC035B00033300EB9300A8
:1076E00080004FEA9309F8F7C3FD00EB8903FB60C4
:1076F000DDE914EC4346B8600CF1040873451BD176
:10770000189A0023934224D1019800F0B0FD16B1DD
:10771000304603F04BFD0F9808B104F0CEFB029801
:10772000FCF77EFF2846AD68FCF7A8FF002DF9D1D5
:107730000598B0B1F8F774FD5CF833203AB1042A2B
:107740001FBF58F833104910D20820F81120013318
:10775000D4E7199951F82300F96841F8230001335F
:10776000D0E72A46394620461BB0BDE8F04F05F069
:10777000F7B800BF54E305082DE9F04188422DED2C
:10778000028B80460D4605D10124BDEC028B2046BC
:10779000BDE8F081264B984201D10024F5E79942DB
:1077A000FBD007F013FB0646284607F00FFB864286
:1077B000F3D1204B9E4217D1D8F804206B689A422F
:1077C000EBD108F1040704350026D8F80430B342A1
:1077D000DAD955F8041F57F8040FFFF7CDFF044618
:1077E0000028D2D00136F0E72946404607F0BAFD1E
:1077F00004460028C9D0104B9E42C6D1404609F02D
:10780000B0FEB5EE400AF1EE10FAB0EE408ABCD1FF
:10781000284609F0A6FE18EE103A10EE102A03F0E2
:10782000004302F000441B1B5C425C41ADE700BF1B
:1078300084E4050824FC05087CEE0508C90010B5A1
:107840000122044641F00201083007F07BF843684A
:107850003BB9A368C3F3DC03013B5B0043F00103C6
:107860004360C3F34F0010BD70B505460E460024BB
:10787000EB69A34208D8314605F114000BF013F967
:10788000EC69013C204670BD2B6A314653F8240058
:10789000FFF772FF0028F5D10134E9E710B50122A6
:1078A0000446FCF705FF0378012B05D12378012B53
:1078B0008CBF04230223037010BD70B505460E462D
:1078C000104619461C46FCF7E3FE03785A1E012AAF
:1078D00006D87368002221462846BDE87040184744
:1078E000032B02D173680122F5E736684288042B26
:1078F00021462846B44608BF0023BDE8704018BFA3
:1079000001236047426A03464079032888BF586BC9
:10791000114494BF18468018596270474379012B6F
:1079200007D083681944036981605A8C9142C8BFAB
:1079300059847047002383714379012B1EBF036A6A
:10794000C26A43F8212070476FF00301FFF7E6BFDA
:107950000421FFF7E3BF6FF00201FFF7DFBF827979
:1079600003460AB118467047C26A40790328114499
:1079700001D8D962F6E7986AD9620244586B10447C
:10798000704710B50C460121FFF7E9FF047010BDE8
:1079900010B51446FFF7C2FF0121FFF7E0FF0470A6
:1079A00010BD53220121FFF7F3BF54220121FFF73D
:1079B000EFBF57220121FFF7EBBF58220221FFF74B
:1079C000E7BF59224FF0FF31FFF7E2BF5A220021F3
:1079D000FFF7DEBF5B220021FFF7DABF5D224FF029
:1079E000FF31FFF7D5BF19B103215F22FFF7D0BFE9
:1079F0005E22FBE7A1F13002D2B20021FFF7C8BF3F
:107A000062226FF00101FFF7C3BF10B56322044685
:107A10004FF0FF31FFF7BCFF0123A37110BD10B57C
:107A200001F164020446D2B24942FFF7B1FF0123DB
:107A3000A37110BD10B501F167020446D2B24942EC
:107A4000FFF7A6FF2269D38A43F00103D38210BD5A
:107A500038B504461D46FFF79BFF2A4620460249DB
:107A6000BDE8384013F080BF5F79020870B5044666
:107A70000D46C06819461646FFF7E0FE324603463B
:107A800029462046BDE87040FFF7E2BF0B461022B2
:107A90000121FFF7EBBF11320B46D2B20121FFF7F4
:107AA000E5BF20B40B4602F114055100C1F10101FC
:107AB000EAB220BCFFF7DABF16320B46D2B24FF063
:107AC000FF31FFF7D3BF19320B46D2B20021FFF7C7
:107AD000CDBF70B4C4682578042D08BF65681E4604
:107AE000638808BF45F823605D1C658070BCFFF7A4
:107AF000AFBF03F128011346CAB20021FFF7A8BFA8
:107B0000022A02F12A020B46D2B214BFC1F10101CE
:107B10000121FFF79DBF032910B40BD004290BD11D
:107B200001210C468B1844EA83032F2210BCC94361
:107B3000FFF78EBF0021F4E700210224F2E70B4695
:107B400030220139FFF784BF10B441EA022310BC90
:107B500011443122FFF77CBFF8B517461E46FFF7E8
:107B6000DDFE8479054604BB4379022B25D9C46A1E
:107B7000026AC4F1FF2452F8263004F57F04FE3473
:107B8000442F1C4412D814F1400F14DB3F2CD4BFF7
:107B900000260126A41BB11C2846FFF7E0FE077053
:107BA0006EB9442F98BF40344470F8BD7F2C94BF09
:107BB00000260126EEE70126ECE70126EBE76B79CC
:107BC000442F98BF04F58044042B05D1B4F5004F31
:107BD00024BF012385F8383064F07F03E41143703B
:107BE0008470E2E710B50B46044642220021FFF7FD
:107BF000B3FF0123A37110BDF8B505460C46164628
:107C000021F40047A2B90B0409D55921FFF7B9FEA9
:107C1000032459212846FFF7B4FE013CF9D13B4625
:107C2000422200212846FFF797FF0123AB71F8BDE0
:107C30003B4640220021FFF78FFF210A21F07F0100
:107C40003143C9B22846FFF79CFEEEE720B40B464D
:107C5000B2FA82F102F147054909EAB2490020BCB3
:107C6000FFF77ABF0B464B220121FFF775BF10B516
:107C70000B4604464A220021FFF76EFF0123A37141
:107C800010BD0000264BD3F80032022B2DE9F0473F
:107C900006460F460ED88569A9420BD9C46A4369C6
:107CA0004D1BE41A40F2FF7855EA040304D1F36A4D
:107CB000C6E90537BDE8F087062D01D90F2C1AD982
:107CC0001F2CA24628BF4FF01F0A1F2C10D8032DCF
:107CD000A94628BF4FF0030901213046FFF712FEE5
:107CE0004AEA49130370A4EB0A04A5EB0905DBE794
:107CF0004FF00009F0E74545A9464FF0020128BFC3
:107D0000C1463046FFF7FEFD4FEA191303F070033A
:107D1000234363F07F03037080F80190A246E2E7FB
:107D20008004002010B5044631B955224FF0FF31D0
:107D3000BDE81040FFF72CBE022904D1FFF731FE49
:107D40002046FFF747FE56226FF002012046EFE77C
:107D5000134621B143224FF0FF31FFF7FDBE44220D
:107D6000F9E7134621B145224FF0FF31FFF7F4BE8A
:107D70004622F9E7322938B5054611D0332912D009
:107D800000242939CAB228464FF0FF31FFF700FE20
:107D900064B12846D322BDE838400021FFF7F8BD82
:107DA00001240621EDE701240721EAE738BD012A75
:107DB00010B40B46044607D0022A0CD110BC69222D
:107DC0004FF0FF31FFF7E4BD11461B322046D2B21F
:107DD00010BCFFF74BBE4FF0FF31F6E770B50D4614
:107DE000044611462AB92B461322BDE87040FFF71E
:107DF0003DBE022A04D1FFF7D4FD2046FFF7E6FD81
:107E00002B4618226FF001012046EEE710B404461D
:107E10003BB90F2A05D8503A10BCD2B20121FFF766
:107E2000B7BD03F124012046134610BCCAB201219C
:107E3000FFF70EBE10B4044643B90F2A06D8403AE5
:107E400010BCD2B24FF0FF31FFF7A2BD03F1260103
:107E50002046134610BCCAB24FF0FF31FFF7F8BD01
:107E600070B4DDE90365D2B203EB460443EA0623AE
:107E700015B101320134D2B2091B70BCFFF7E8BD65
:107E800007B5CDE900230B4634220021FFF7E8FFB8
:107E900003B000BD07B5CDE900230B4636224FF0F5
:107EA000FF31FFF7DDFF03B000BD10B50446C06829
:107EB000FFF7DAFC2322034601212046BDE81040EB
:107EC000FFF7C6BD01F110033F2B73B506460D4603
:107ED00008D8A1F18002D2B2012102B0BDE8704001
:107EE000FFF756BD012122220DF10504FFF750FDD9
:107EF000214605F07F002B46ED11224604F8010DC6
:107F0000681C0128F5D8013503F0400314D11BB9D2
:107F10007F2304F8013C941E091B3046FFF71FFD28
:107F200001AD01462346AB420AD11844001B9DF81F
:107F30000430037002B070BD002BEDD00023E8E7E1
:107F400013F8012B62F07F0201F8012BEBE770B50B
:107F50001446049A134305460B6907BF2022C4F157
:107F60000101E1432122FFF7B4FDE1B22846BDE85B
:107F70007040FFF706BD1A4308BF32220B6916BFD7
:107F8000332201214FF0FF31FFF7A3BD0D2910B5BA
:107F900004460BD10949C068FFF766FC232203465B
:107FA00001212046BDE81040FFF752BD01F1420219
:107FB000BDE81040D2B20121FFF7EABCB4F70508D2
:107FC00038B504460D460F21FFF7E0FF204629464D
:107FD000FFF7B0FC02215C22FFF7DAFC20466FF0CD
:107FE0000301BDE83840FFF799BCF8B504460F46D9
:107FF0000F211D461646FFF7C9FF2046FFF7E6FC96
:1080000039462046FFF7EEFD31462046FFF792FC49
:10801000FFF7CFFC012220462121FFF73CFD20463F
:108020000821FFF7A7FE2A4620460021BDE8F840B8
:10803000FFF78EBE4379012B70B5044614D0C26B96
:10804000436A00259B1AC36305642069038D9D4222
:108050000CD36379032B1BD1606AE36AA0622363AC
:108060001844F8F71EF96063012070BDC36A03EB82
:10807000C50213F83530052B08D10121204696782A
:10808000FFF740FC0670236C013323640135DCE705
:10809000042BE9D1D4E90A13626A8A4202D1216B26
:1080A000994203D0A26223630020DEE794F83830BF
:1080B0001BB10649064805F08DF8E268C38A52688C
:1080C000616B006904F031FCCEE700BFFE92050849
:1080D00070EB05082DE9F74F16460023C0E904238D
:1080E000378C83608371C362436280F83830738C4D
:1080F000B6F82490B6F81A80B6F816A0B6F81EB0F6
:10810000417101221F449742B8BF17464FEA8904C4
:10811000013F826104F0040408F003021443FA00F2
:1081200002F07802B38B05460AF00F0A14433F09A8
:108130004FEA59094FEA980847EA090242EA0A0257
:1081400042EA08021A4352EA0B0235D101212846BD
:10815000FFF7D8FB04706B79022B19D9D5E90F789A
:108160007C0008F0010304F07E041C434FEA580829
:10817000BF0944F0800358EA07094FF0010128467F
:1081800018BF1C46FFF7BEFB0470B9F1000FE7D122
:108190006B6AB18AEB63E868FFF750FB2B49024634
:1081A000284613F0E1FB0024738BB28B1344A342E7
:1081B00048DD318D002241E0012128460193FFF77F
:1081C000A1FB64F07F043A0104704FEA8A14019B1A
:1081D00002F0300204F0400414430BF00102144397
:1081E000DA0002F0080214434FEA880202F00402A7
:1081F00014434FEA490202F002021443BF084FEA57
:1082000059094FEA5A0A4FEA58085B084FEA5B0BD4
:1082100092E7F36A03EBC2035878C0070DD558887C
:10822000A0420AD15968E868FFF708FB07490246EF
:10823000284613F099FB0134B6E701329142E8DC9D
:108240000521F0E703B0BDE8F08F00BF0579020813
:1082500010B504464420F8F724F8C46010BD10B5EA
:108260000446C1618800F8F703F8206210BD10B51C
:108270000446006AF8F724F82046BDE81040F8F7F5
:108280001FB810B5044601618800F7F7F1FF60617F
:1082900010BD10B5044611B1C068F8F711F8606957
:1082A000BDE81040F8F70CB8012938B504460D4672
:1082B0000BDC0269406992004FF0FF3121F03CFE77
:1082C000002325706370636038BD4068F7F7D0FF06
:1082D0006368E060A360F3E7437810B5024653B9E2
:1082E00044680078022808BFD36821440CBF1819DD
:1082F0001846516010BD0020FCE70023437003784E
:10830000012B9EBF4369426843F8212070474268B1
:108310004B1E134449420B404360704738B50D462D
:108320001446FFF7D9FF10B10544A84200D138BD6B
:1083300000F8014B240AF8E710B50C460221FFF7BC
:10834000CBFF10B10470240A447010BD38B50D463F
:1083500004211446FFF7C0FF28B1057084702D0A70
:10836000240A4570C47038BD012970B5054606DC85
:10837000002909DA023921F00104FE2606E08B1EED
:10838000012BF7D80024F8E70024F22646F4354103
:108390002846FFF7D1FF44B17F2C09D844F430417F
:1083A00041F080012846FFF7C7FFC5E9066470BDAC
:1083B000A300A201DBB202F4E0421A4342F450628D
:1083C0004FF2AD212846FFF7C1FFEEE7C16910B5B6
:1083D000044629B17F290BD841F43041FFF7ACFFA7
:1083E000A169204641F43D41BDE81040FFF7A4BF1C
:1083F0008B008A01DBB202F4E0421A4342F450627D
:108400004FF20D21FFF7A2FFEAE7114341EAC30152
:10841000FFF792BF072A85BF083AD200D20042F088
:108420004002072985BF08391143114341F08001FB
:1084300041F48C41FFF780BF30B4DCB244EA022241
:108440005C101D0104F48064C3F3033305F4E045BC
:1084500023432A43194330BCFFF778BF38B543693B
:1084600053F821404368E41A043C0546C4F34A012A
:1084700041F46041FFF760FF2B78022B01D001200F
:1084800038BDB4F5006FFAD36FF30A0414F5006F2A
:1084900014BF00200120F3E7F8B5446954F82240E6
:1084A0004268A41A043C074665101E46BBB9EDB2EB
:1084B00045EA012141F45041FFF73EFF3B78022B92
:1084C00003D0012426463046F8BDFF2CF9D924F00C
:1084D000FF0414F5807F14BF00240124F2E7621129
:1084E000C5F30A0502F400522A43A512231205F42B
:1084F0008065C4F3053403F4006325431A4345EA59
:10850000811142F4004241F47041FFF71FFFDAE7A6
:1085100038B5436953F821404368E41A043C0546E2
:10852000C4F34F02C4F30A3142F4784241F470417B
:10853000FFF70CFF2B78022B01D0012038BDB4F5DA
:10854000800FFAD36FF3150414F5800F14BF0020C9
:108550000120F3E7F8B5476804460D461646134672
:108560000A464FF24021FFF767FF2046330C2A46A8
:108570004FF2C021FFF760FF3846F8BD072910B45D
:10858000044608D8FF2A06D842EA012110BC41F46B
:108590000051FFF7D1BEB2F5803F07D21346204607
:1085A0000A4610BC4FF24021FFF746BF204610BCE0
:1085B000FFF7D0BF2DE9F84341EA0207072FDDF8A6
:1085C000209006460C4615464AD803FA09F7FF2FB5
:1085D0000CD8914201D0FFF71DFF47EA042141F476
:1085E00040513046BDE8F843FFF7A6BEFF2B4FEAE7
:1085F000C10814D8914218D043EA012343F4005132
:10860000FFF79AFE44EA891141EA08013046FFF774
:1086100093FE48EA8511214341F4C051E1E79142BC
:1086200003D03A46FFF7AAFFF3E784F007090125D4
:1086300005FA09F545F434413046FFF77DFE3A4628
:1086400049463046FFF79AFF44EA891141EA08019A
:1086500041F4C0513046FFF76FFE45F43C41C0E79E
:10866000BDE8F88308B50378012B04D9FF2902D9A6
:10867000054805F0A7FDC9B241EA0221BDE808405E
:1086800041F41041FFF758BE0993050808B5037877
:10869000012B04D9FF2A02D9054805F093FDD2B277
:1086A00042EA0121BDE8084041F41841FFF744BE09
:1086B00009930508D2B242EA012141F42841FFF7AB
:1086C0003BBE38B5436953F8223042689B1A43F0E9
:1086D00001030C4605460A460A3B4FF24021FFF7CC
:1086E000ABFE2346284622464FF43241FFF78DFE6B
:1086F000210101F0800104F00704214341F4884185
:10870000284641F07801BDE83840FFF715BE00006B
:1087100073B51F2B069D06460C4611D81143072939
:108720000ED81A49495D44EAC20241F0010142EA09
:10873000C12141EA831102B0BDE87040FFF7FCBDE2
:1087400003FA05F1B1F5805F0DD242EA451541EA21
:10875000043245F4784141F09001304602B0BDE862
:108760007040FFF7F3BD1F3B214630460095FFF7F1
:1087700021FF064B5B5DE10043F0010341EAC321A9
:10878000214341F4F8613046D5E700BF4CE20508CB
:108790002DE9F7431F2B0A9E07460C4615469946BE
:1087A00010D841EA0203072B0CD8204B995D44EA0C
:1087B000C12141EAC20141EA891103B0BDE8F04399
:1087C000FFF7BABD09FA06F2B2F5805F0DD245EAAD
:1087D000461141F4784142EA043241F080013846C2
:1087E00003B0BDE8F043FFF7B1BD4FF0010808FA50
:1087F00005F848F434413846FFF79EFDA9F11F0300
:108800002A46294638460096FFF7D4FE074B9B5D63
:1088100044EAC50141EAC32141F4F8613846FFF753
:108820008BFD48F43C413846C7E700BF4CE20508E1
:10883000436953F821104368CB1A043B013110B44B
:10884000C3F34A0204460DD0D91C0BDA23F4FF61AE
:1088500021F0070111F5006F04D110BC42F4604112
:10886000FFF76ABDC3F30A33204642F4384210BC16
:1088700043F47041FFF76ABD436953F8222043680F
:10888000D31A043B013230B405464FEA63040ED0DC
:10889000DA1C0CDA23F0FF0212F5807F07D1E4B274
:1088A00044EA012141F4504130BCFFF745BD5A1163
:1088B000C4F30A04181202F40052224300F40060C8
:1088C0000243981200F48060C3F30533034343EA84
:1088D0008111284642F4004230BC41F47041FFF758
:1088E00035BD37B5144602220B46009221460722B9
:1088F0000546FFF70DFFE10041F48F41284603B024
:10890000BDE83040FFF718BD07289ABF024B33F986
:10891000100040F20720704750E20508C36C19446C
:108920000369C164012B04DD436D5A8C9142C8BFB9
:108930005984704770474FF0FF31FFF7EFBFFFF7E3
:10894000FABF6FF00301FFF7E9BF704738B5C36C9A
:108950001944036A9942054608D9083121F00304F5
:10896000406AE100F7F79FFCC5E9084038BD70B5E3
:1089700004460E4601211546FFF7E8FFE06C616AE8
:1089800001EBC00301F83060012159705D602046A1
:10899000BDE87040FFF7C2BF70B504460E46012126
:1089A0001546FFF7D3FFE06C616A01EBC00301F8E5
:1089B000306002225A705D6020460121BDE870409F
:1089C000FFF7ACBF00221146FFF7E6BF0A460221BF
:1089D000FFF7E2BF70B50C1E054605DDFFF7B6FFD9
:1089E00000231E46A34205DB21462846BDE8704011
:1089F000FFF794BFEA6C696A1A4401EBC200012CCC
:108A000046700CBF95F82800002001F832000133B1
:108A1000E8E7F8B5D0E90B530133AB4204460E4604
:108A2000174606D90435406BA900F7F73CFCE56210
:108A30006063D4E90C32591C2163C6F30E0102EBCA
:108A4000830041EAC73122F823104FF6FF734380B9
:108A50003246A06D0021FFF734FEA06D0022BDE874
:108A6000F8400321FFF7FEBD037D33B1C36C426ABA
:108A70005B1A013B12F8330070471846704738B54F
:108A800004460D460121FFF761FFE26C636A4FF473
:108A9000807023F8320003EBC20120464D60BDE830
:108AA00038400121FFF73ABF37B5456DED8AEC0735
:108AB0000B4608D5114602220092806D0622FFF770
:108AC00067FE03B030BD806D03B0BDE83040FFF7F6
:108AD000C9BD70B5002405462646EB6CA34200DCF8
:108AE00070BD6B6A03EBC4035A78012A07D15E702C
:108AF000B5F84A105A6821442846FFF7D5FF0134DB
:108B0000EBE7F8B504461E4617460D46FFF7E1FFB2
:108B1000A06D3A463146FFF731FDA06D294603228C
:108B2000BDE8F840FFF7DDBE38B504460D46FFF757
:108B3000D0FFA06D29460322BDE83840FFF7D1BE23
:108B400010B508210446FFF7EFFF20460021BDE8DD
:108B50001040FFF794BFF8B5044617461E460D4671
:108B6000FFF7B7FFA06D3A460021FFF707FDA06DA4
:108B700032460121FFF702FDA06D29460322BDE820
:108B8000F840FFF7AEBEF8B5C66C05460F46B61AFC
:108B90000024EB6CA34200DCF8BDB44211D06B6A38
:108BA00003EBC4035A78012A0BD15A68BA4208D1A0
:108BB00000225A70B5F84A103A4621442846FFF779
:108BC00073FF0134E5E738B5002205460C4611462F
:108BD000FFF7D9FFE200A86D002142F00202FFF783
:108BE000CDFC28460021BDE83840FFF748BF13B54B
:108BF000446DE48AE407134607D502220092806D93
:108C00000622FFF785FD02B010BD806D02B0BDE801
:108C10001040FFF73BBD0000F8B5C3699E5C602EB5
:108C20000446154606D1476813480A46134908F01A
:108C3000F3FA3860022D0DD8636D9A8C52B9DB8A35
:108C4000DB0707D40E4B5A5D31462046BDE8F8409D
:108C5000FFF78DBE002211462046FFF794FFB4F8BF
:108C60004A20636C1A44521B013A00212046FFF748
:108C7000BEFF0022E8E700BFBCEA05081F93050815
:108C800050E3050873B503681A785D88042A04BFA9
:108C90005A6842F825106A1C044602265A800021B0
:108CA000B0F84820FFF7A3FF00960022A06D3346DE
:108CB0001146FFF72DFD00960022A06D2B461146B0
:108CC000FFF726FD02B070BD73B5002204460D46C5
:108CD0001146FFF758FF626D2068D38A43F02003E6
:108CE000D3822946FEF7C0FD0225B4F84820064687
:108CF00000212046FFF77BFF00950022A06D114662
:108D00000123FFF705FD00950022A06D1146032306
:108D1000FFF7FEFC00950022A06D11463346FFF7D9
:108D2000F7FC0021204602B0BDE87040FFF7A7BE67
:108D30000D2902D10749FFF7C7BF0F2903D1002230
:108D40005421FFF729BEB1F10E0218BF0122012103
:108D5000F7E700BFB4F70508F8B5C76C446A07F138
:108D60000053023B04EBC3040546D4E9020184E846
:108D70000300667856B9B5F84A203A44013A3146BC
:108D80002846FFF734FF01236370666028464FF0E2
:108D9000FF31BDE8F840FFF7C1BDF8B504461E46F7
:108DA00017460D46FFF795FEA06D3A463146FFF790
:108DB000E5FBA06D29460322BDE8F840FFF791BD11
:108DC00010B402F1290400230A46E1B210BCFFF7F7
:108DD000E4BF70B504460E46154662B1037D53B13B
:108DE000084605F0F9FB021E05DD20467021BDE8AE
:108DF0007040FFF7D1BD0635E9B220463246002368
:108E0000FFF7CBFF20460021BDE87040FFF737BEDB
:108E100007B51346022200920722FFF779FC03B040
:108E200000BD000070B50E46154643B9037D33B151
:108E30005268806DFFF7A2FB2C78204670BD2C781D
:108E40002CB96A68806D3146FFF798FBF5E7012C75
:108E500006D16A680132806D3146FFF7D9FF0AE01A
:108E6000A31E012B09D86A68806D520042F00102EE
:108E70003146FFF783FB0024DFE7542C01D10022A9
:108E8000E9E7014805F09EF934930508F8B5054671
:108E9000FFF71FFE00242746EB6CA34200DCF8BD61
:108EA0006E6A06EBC4025378022B0ED15770012173
:108EB00000232846FFF7B6FF06F83400B5F84A103D
:108EC000012221442846FFF7EFFD0134E4E738B5DD
:108ED00004460D46FFF7DAFFA06D2946FFF7A8FC10
:108EE000A36D01225A7038BDF8B504460E461746E8
:108EF0000A4619461D46FFF746FEE36C616A9B1B56
:108F000001EBC30211F833303B705378012B0DD0C5
:108F1000022B14D0CBB9B4F84A20E36C1A44921B4C
:108F200029462046BDE8F840FFF761BE5268AA42D4
:108F30000BD0A06D2946BDE8F840FFF76BBA0023BF
:108F400029462046FFF76EFF3870F8BD10B513466E
:108F500004460A460121FFF7C7FF20464FF0FF31C4
:108F6000BDE81040FFF7DABC70B5049E04461D460C
:108F7000FFF7ECFF324629462046BDE87040FFF778
:108F8000E5BFF0B585B001250DF10F030DF10E0120
:108F9000009500220446FFF7E7FF9DF80F709DF84B
:108FA0000E602A4639462046FFF7E1FC314620464E
:108FB0000022FFF7DCFC2A4639462046FFF7D7FCA3
:108FC00000223146204605B0BDE8F040FFF7CFBC97
:108FD0002DE9F041DDE9068504461F46089EFFF7AE
:108FE000B5FF424639462046FFF7B0FF32462946D4
:108FF0002046BDE8F041FFF7A9BF2DE9F04186B05A
:1090000002260DF11703012501930DF115010DF154
:1090100016030296009500220446FFF7D9FF9DF83B
:1090200017809DF815109DF8167020460022FFF756
:109030009EFC324641462046FFF799FC2A463946B7
:10904000204606B0BDE8F041FFF791BC30B587B0CF
:109050000DF117030025019302230446009301221A
:109060000DF116030DF115010295FFF7B1FF204632
:109070001921FFF759FD2946204607B0BDE83040C9
:10908000FFF7FDBC03297FB50546164613D1012223
:109090000DF10F01FFF75AFF18243146284600232F
:1090A0000DF10F02FFF720FF2146284604B0BDE86E
:1090B0007040FFF739BD052906D101220DF10F01DE
:1090C000FFF744FF1724E8E70223009301220DF184
:1090D0000F030DF10E01FFF747FF1924DDE710B56F
:1090E0000A46044601210023FFF7FEFE20464FF00A
:1090F000FF31BDE81040FFF711BCF0B5044685B064
:109100000E461546C2B90223077D02750DF10E0108
:10911000009301220DF10F03FFF726FF27752B4661
:10912000324623212046FFF738FE0021204605B0B5
:10913000BDE8F040FFF7A3BC012A09D100230DF1DF
:109140000F022946FFF7D0FE2B4632462421E9E7DD
:109150000DF10F01FFF7C3FF2521204605B0BDE843
:10916000F040FFF7E1BC0000022A7FB504460E463E
:10917000154614D8436D9A8C8AB9DB8ADB070ED466
:10918000184B0DF10F015A5DFFF7E0FEE3699DF802
:109190000F20585D602812D15A5504B070BD0DF1F2
:1091A0000F012046FFF79BFFB4F84A10636C194487
:1091B000491B002201392046FFF776FCE6E7904282
:1091C000EBD0FFF7A1FB01461046FFF79DFB3246AF
:1091D000646800900B460448044908F01DF82060BC
:1091E000DBE700BF50E30508BCEA05083993050832
:1091F00070B504460D4616464BB90F21FFF798FD92
:10920000324629462046BDE87040FFF7ADBF70BD2D
:1092100073B504460E4615467AB901220DF10701D1
:10922000FFF794FE05F10C0100233246C9B2204637
:1092300002B0BDE87040FFF7B0BD0021FFF714FC9D
:1092400020B901220DF107012046E9E70DF10701E0
:109250002046FFF744FF9DF8072020460123042104
:10926000FFF74FFCA06D00220121FFF7D3F8D9E7EB
:1092700073B50D4600210446FFF7F6FB831EDBB2F3
:10928000012B06462DD855B3012D14D10DF1070140
:109290002046FFF724FF00231A4644F24021A06D28
:1092A000FFF7B3F89DF807100022204602B0BDE892
:1092B0007040FFF75CBB022D09D10DF1070120467C
:1092C000FFF70DFF00231A4644F2C031E7E7124BC7
:1092D00064685A5D1149124807F09EFF206002B091
:1092E00070BD90B90DF1070120460122FFF72EFE57
:1092F000204633462A461121FFF703FC314620461B
:1093000002B0BDE87040FFF7BABBFFF7FDFA0549B0
:1093100064680246DFE700BFDCFC050849930508E6
:10932000BCEA050852930508012937B5044602D066
:109330000C4804F047FF0DF10701FFF7D0FE9DF840
:1093400007302BB108490948656807F065FF2860B8
:1093500022212046FFF7E8FBA36D01225A7003B0DB
:1093600030BD00BF629305086A930508BCEA050892
:1093700010B50446D0E90C3003F18043013B00EB0B
:109380008303DA7822F08002DA70043B98420BD82B
:1093900093F90320002AF8DA1A88A06DC2F30E02AE
:1093A0000021FFF78EF905E059B9A06D4FF4005187
:1093B000FEF7C2FFA06D0022BDE810400321FFF7B9
:1093C00051B910BD10B504460121FFF7D1FFA06DC2
:1093D00000210122FFF75AF920460021BDE8104084
:1093E000FFF74DBB036B73B504460E467BB90025F2
:1093F0002046FFF74BFDA06D3146FEF77EFF1DB303
:109400000021204602B0BDE87040FFF7B1BF426BBB
:1094100003F18043013B02EB830191F90110002924
:10942000E5DA32F82330C3F30E03B342DFD1002371
:109430000DF107020121FFF757FDA06D0022012168
:10944000FFF710F90125D3E702B070BD38B5044627
:109450000D467AB1806D4FF40051FEF76DFFA06D9F
:1094600000220121FFF7FEF829462046BDE83840DA
:10947000FFF72DBD1146FFF77BFFF5E72DE9F04122
:1094800004460D4672B3D0E90C3C03F18043013B26
:109490000CEB83030021184616460F4690F901E0B5
:1094A000BEF1000F09DA90F903E0BEF1000F04DA13
:1094B000002F08BF0746E1B90146013EA0F10400B4
:1094C000ECD1A06D21BB6FF0030672439E18B4452A
:1094D00018D94FF40051FEF72FFFA06D0022032191
:1094E000FFF7C0F825F400412046BDE8F041FFF742
:1094F000EEBCB0F80080B1F802E068F30E0EA1F8FF
:1095000002E0D9E79A5AC2F30E02FFF7DAF8E4E76D
:109510004B8847F6FE7262F30E034B8025F400423F
:109520003146FFF7CEF8A06D32461321FFF79AF8C7
:10953000A06D32463146FFF721F8A06D3246012179
:10954000FFF790F83D88C5F30E05CBE72DE9F34111
:109550000E460021044617461D46FFF785FA0DF119
:10956000070138BB2046FFF7BAFD1DB9012120468F
:10957000FFF7D4F910212046FFF7D6FA1DB99DF860
:10958000073084F828302046FFF780FCA06D4FF4A8
:10959000205146B3FEF7D0FE3A460121A06DFFF7F9
:1095A0006BF92DBB4FF0FF31204602B0BDE8F04112
:1095B000FFF7B4B92046FFF792FD1DB901212046FF
:1095C000FFF7ACF99DF80700431E022BD6D9FFF731
:1095D0009BF90949D4F804800246084807F01CFEAC
:1095E000C8F80000CAE7FEF7A7FE3A463146D5E7BD
:1095F00002B0BDE8F08100BF74930508BCEA05081D
:109600000023FFF7A3BF0123FFF7A0BF38B5FFF783
:1096100092F904460122806D0021FFF737F82221DC
:109620002046FFF781FAD4E90C35013B05EB8305B1
:1096300023636B8847F6FF72C3F30E03934228D06F
:109640001322A06D0021FFF721F8A06D4FF42051E7
:10965000FEF772FEA368A06D1A680021FFF70CF9EF
:10966000698847F6FE73C1F30E029A420BD1A06DD2
:109670004FF48E41FEF760FEA36820461968BDE8EE
:109680003840FFF7AFBEC1F30E012046FFF71FFCC5
:10969000F2E738BD38B50546D0E91530DB8ADB077F
:1096A0000BD501EBC1049200FEF768FFA86D44F4EE
:1096B000CC51BDE83840FEF73FBEBDE83840FEF76C
:1096C000F9BF2DE9F84F044688469246FFF701FAA4
:1096D00000252F46554510D10026B34656452AD1C0
:1096E00071422046FFF71AF9B4F84A20E36C41466C
:1096F0001A44BDE8F84FFFF7CDBFE66CD4F82490CC
:10970000013E761B09EBC6025378022B11D157702C
:10971000012341462046FFF785FB09F83600B4F8DF
:109720004A10E36C194401394246491B2046FFF7B1
:10973000BBF90135CEE7E36CD4F824905F1EBF1B64
:1097400019F83720B2B1B4F84A501D44013DAA1BA4
:1097500000212046FFF74BFA19F837200123042196
:109760002046FFF7CEF90022A91B2046FFF79CF9FF
:1097700009F837B00136B1E7F8B504460D4616468C
:1097800093B1CA1C02EB46020221FFF79AFF45EA99
:10979000062301221D212046FFF7DDF92046002186
:1097A000BDE8F840FFF76BB98A1C02EB46020221C4
:1097B000FFF787FF33462A461C21ECE72DE9F743E4
:1097C0000446894616460121B0F84820DDF8288075
:1097D00002271D46FFF70BFA01230097A06D1A46DA
:1097E0001946FEF795FF55EA08052DD12046FFF7EB
:1097F00070F9A06D2A463946FEF7C0FED9F8101060
:109800002046FFF73FFAA06D03221A21FFF769F8FF
:10981000A06D32460121FEF7B1FE324602212046FC
:10982000FFF74FFF25B16FF001012046FFF776F8F3
:10983000A06D03222B21FFF754F80021204603B02E
:10984000BDE8F043FFF71BB9B21C39462046FFF7CD
:1098500038FFB11C2046FFF761F8FFF73AF9CDE772
:109860002DE9F341044615468846B0F84820012109
:1098700002261F46FFF7BBF901230096A06D1A468A
:109880001946FEF745FF3D4318D12046FFF721F961
:10989000A06D2A463146FEF771FED8F8101020461A
:1098A000FFF7F0F9A06D03221A21FFF71AF8002143
:1098B000204602B0BDE8F041FFF7E1B8204632464D
:1098C0003146FFF7FEFE2046FFF703F9E5E770B5E6
:1098D000042A86B004460E46154629D102294FF0C7
:1098E000000517D101220DF1170100950DF11603A6
:1098F000FFF73AFBA06D2A463146FFF789FA262189
:109900002046FFF711F90021204606B0BDE870405F
:10991000FFF7B5B80DF115030193012300930295EC
:109920000DF1160302220DF11701FFF751FBE6E7D7
:10993000012A01D9032A04D1324601212046FFF72A
:10994000C0FE05F1130100233246C9B22046FFF7DD
:10995000D8F8D8E738B5042204460D460021FFF7B1
:10996000B0FE20460421FEF7D9FF1F21FFF7DCF8E7
:10997000A06D4FF42051FEF7DFFCA06D2A460021B8
:10998000FEF77AFF20460021BDE83840FFF777B8A0
:1099900037B504460D460021FFF7EAFC20464FF09C
:1099A000FF31FEF7BBFFA36819680231FFF71AFD0C
:1099B000204600225421FEF7EFFF204600225421CA
:1099C000FEF7EAFF204600225421FEF7E5FF20467D
:1099D00005220221FFF775FE0322204600231C21E9
:1099E000FFF7B9F8A36820461968FFF770FAA06D71
:1099F0002946FEF782FC20460121FFF7B9FC2046EC
:109A00000221FEF7E7FFA06D01220021FEF73EFED6
:109A1000A06D4FF42051FEF78FFCA368A06D1A686B
:109A2000022502320021FEF727FF002300951A4687
:109A3000A06D0121FEF76CFE20460121FFF71FF803
:109A400020460021FFF71BF8204600225421FEF794
:109A5000A3FF294620460522FFF733FE00230322F9
:109A600020461C21FFF777F820461021FFF75CF80D
:109A7000A06D4FF42051FEF75FFCA368A06D1A683B
:109A800000210132FEF7F8FEA36820461968FFF7AF
:109A9000A9FCA06D4FF40051FEF74EFCA06D002212
:109AA0000121FEF7DFFDA368196820460131FFF7A9
:109AB00099FC0121204603B0BDE83040FEF72EBFDF
:109AC000436D73B5DD8A15F00106044613D00122FB
:109AD0000021FFF7F6FD002202212046FEF7E4FFF9
:109AE0000022A06D1146FEF749FDA06D0022122153
:109AF000FEF7B8FD1BE0037D002B46D03146FEF794
:109B0000B3FF5428C5F3871525D12046FEF713FF70
:109B1000ADB9A06D2A462946FFF77AF9636D9A8C94
:109B2000002AE2D1DB8A03F01103002BDDD1226B86
:109B3000E168204602B0BDE87040FFF79FBCA06D11
:109B400032463146FEF71AFD01232A4604212046FB
:109B5000FEF7D7FFE2E70DF107012046FFF7BFFA56
:109B60009DF80710A9420DD02846FEF7CDFE02460B
:109B70000846FEF7C9FE074966680346064807F02F
:109B80004BFB3060002DC9D0DEE70DF10701FFF778
:109B9000A6FAC3E781930508BCEA0508F8B516469E
:109BA00004460F46FEF795FF31462046FEF7CEFEEF
:109BB0000025E36C2A46B5420CD1B4F84A20394658
:109BC00020461A44FFF766FD29462046BDE8F840C6
:109BD000FEF7A4BE5819616A013521F83020EAE782
:109BE00073B50D4616460DF107010446FFF777FAE7
:109BF000721C2A4420460221FFF7D0FF012345EAC8
:109C000006222821204602B0BDE87040FEF779BF49
:109C100037B504460D460DF10701FFF760FA2A46F5
:109C200020460221FFF7BAFF01232A4627212046BA
:109C300003B0BDE83040FEF764BF37B50D460DF107
:109C400007010446FFF74BFA5DB1204604220121CB
:109C5000FFF7A4FF1E21204603B0BDE83040FEF709
:109C600063BFA06D2A460121FEF788FC20461E2115
:109C7000FEF75AFF2946204603B0BDE83040FEF704
:109C8000FEBE37B504460D468AB103220121FFF717
:109C900018FD022201212046FFF780FF00232A46FB
:109CA0000B21204603B0BDE83040FFF776B80DF138
:109CB0000701FFF714FA022211462046FFF76EFF54
:109CC00001232A460A21ECE77FB5012504460DF160
:109CD0000F030DF10E0100950022FFF745F99DF8E5
:109CE0000E109DF80F6020460022FEF740FE2A4627
:109CF0003146204604B0BDE87040FEF738BEF8B5E6
:109D000004460F4601211D461646FEF763FE204617
:109D1000FFF7DAFF0F212046FFF70AF82046FFF78A
:109D2000D3FF39462046FFF7D2F820464FF0FF31E7
:109D3000FEF750FE31462046FFF754FB2046FEF763
:109D4000FAFD0122A06D0021FEF7A0FC20460021B3
:109D5000FEF795FEA06D4FF42051FEF7EDFAA06DD1
:109D60002A460021BDE8F840FEF786BD2DE9F34103
:109D70000E4601EB4201044615469846FEF774FE76
:109D8000702834D1E26C636A03EBC20300212046E1
:109D900013F80C6CFEF768FE072805460DD888B14D
:109DA0002046FEF7D9FFE36C626A03F10053013BE2
:109DB00002F8336002B0BDE8F0815428F0D02148A9
:109DC00004F000FA0DF107012046FFF788F920465C
:109DD000FEF7B1FD324601230321FEF792FE2A462B
:109DE0003146204602B0BDE8F041FEF7C0BD46EA6C
:109DF0000527B8F1000F11D08A1C20460221FFF779
:109E000060FC3B4600221D212046FEF7A4FE0021F7
:109E1000204602B0BDE8F041FEF731BE354304D024
:109E20000A4620460221FFF74CFC0DF107012046AF
:109E3000FFF755F901233A461B212046FEF761FE44
:109E4000E5E700BF899305082DE9F041C56CD0F81E
:109E500024C0DDF81880013D0CEBC5060446777878
:109E6000012F14D1D6F804E09E4510D0C6450ED07F
:109E70001CF835300B70716811603A46FEF783FEAE
:109E800020464FF0FF31BDE8F041FEF747BD1368B3
:109E900020460A460121FFF727F8F1E77FB50023A6
:109EA00003934FF0FF33009303AA0DF10B01044617
:109EB000FFF7CAFF9DF80B50039E29463246204605
:109EC000FEF755FD32462946204604B0BDE87040F5
:109ED000FEF74DBDF7B504460E461546002A55D18E
:109EE000134601210DF10702FEF7FEFF0222114683
:109EF0002046FFF753FE012320460D220A21FEF7DC
:109F00004CFF0DF1070120460222FFF71FF8012246
:109F10000DF107012046FFF719F80DF10701204662
:109F2000FFF7DDF89DF80770204639460122FEF75D
:109F30001EFD394620460222FEF719FD0222114677
:109F40002046FFF72BFE012320460C220A21FEF7B4
:109F500024FF022211462046FFF7B3FB2B462A4678
:109F600020461C21FEF7F7FD29462046FEF787FD17
:109F70002046FEF78BFF204601223146FEF749FDC1
:109F8000204603B0BDE8F040FFF788BFFEF77EFF34
:109F9000AB1E5A425A413146204603B0BDE8F0405C
:109FA000FEF737BD70B5044686B00D46164623B998
:109FB00006B0BDE87040FFF7D7B800221146FEF7A3
:109FC000E2FD204600220121FEF7DDFD3246294652
:109FD0002046FEF721FE002304934FF0FF33009349
:109FE00004AA0DF10F012046FFF72EFF049D0095F6
:109FF00001262B4605AA0DF10F0120460596FFF715
:10A0000023FF022300930599A06D33462A46FEF7ED
:10A01000BFFB06B070BD7FB504460D46164623B99A
:10A0200004B0BDE87040FEF7F7BD00221146FEF710
:10A03000AAFD324629462046FEF7EEFD4FF0FF33DB
:10A040000025009303AA0DF10B0120460395FFF7AD
:10A05000FBFE02230093A06D039A29460123FEF71D
:10A0600057FB2946204604B0BDE87040FEF707BD07
:10A070002DE9FF410D4601210446FEF7F5FC0021C4
:10A0800080462046FEF7F0FCA8F10203DBB2012B6C
:10A0900006468DF80B0000F2D680831EDBB2012B42
:10A0A00000F2028105F10D03A5F10902DBB20C2AD1
:10A0B00098BF1D461F2D01D0212D24D100230093D0
:10A0C00001220DF10A030DF10B012046FEF74CFFB2
:10A0D0009DF80A30022B07D07D4B7E495A5D7E48A1
:10A0E000666807F099F830601F2D0CBF2E212F21D4
:10A0F0002046FEF719FD00220221204604B0BDE8EB
:10A10000F041FEF734BC01260223039303AA0B4659
:10A1100020460DF10B010096FFF796FE32460DF139
:10A120000A012046FEF712FF1D2D7DD8DFE805F05D
:10A130004C4C4C4C4C4C7C7C7C7C7C7C7C7C7C7C7F
:10A140007C7C7C7C7C7C252D320F0F374347192D7E
:10A15000A06D9DF80A60039B4FF0010206D14FF4F9
:10A160008141FEF752F901223146C6E7032E0CBFAA
:10A1700044F2C0014FF48241F3E7039B01224FF404
:10A180008641A06DFEF741F911E0039B012244F2E4
:10A190004001F6E7039B01224FF48041F1E7039968
:10A1A00041F60903A06D43EA8111FEF7C5F89DF859
:10A1B0000A100122A1E7039941F60923F2E7039B64
:10A1C000012244F24031DCE79DF80A609DF80B3033
:10A1D000B34205D041494048676807F01DF8386030
:10A1E0000022032E1146204614BF06260026FEF745
:10A1F000CAFC0122039BA06D4FF48541FEF705F9CF
:10A200002E44374BA06D33F81610FEF795F8A06D6D
:10A2100042F20101FEF790F84FF40051A06DFEF7F5
:10A220008BF80022012168E720460121FEF776FB2A
:10A23000274B2C495A5D2848646806F0EDFF2060E2
:10A2400004B0BDE8F08148EA000313F0FF072BD10A
:10A25000012600960DF10A0302220DF10B012046A2
:10A26000FEF782FE322D1BD0332D1BD03E4600233D
:10A270002A4612212046FEF744FC56B1A06D00226A
:10A280000121FEF7C7F80023032211212046FEF723
:10A2900038FC0021204604B0BDE8F041FEF7EFBBDA
:10A2A0000625E4E70725E2E720464FF0FF31FEF7F9
:10A2B00035FB4046FEF728FB02463046FEF724FBFE
:10A2C000094964680346044806F0A6FFB7E700BFE3
:10A2D000DCFC050891930508BCEA0508A193050874
:10A2E00060E20508B4930508C29305082DE9F04320
:10A2F0000446C16885B0FFF775F8626DD18A928C0B
:10A3000001F0110313432ED011F0010117D1B4F85D
:10A31000482020460132FEF76AFC636D9D8C55B9DA
:10A32000A06D4FF42051FEF707F8E268A06D0132EE
:10A330002946FEF7A1FA05212046FEF7F5FB21216B
:10A340002046FEF7F1FB636DDA8AD20706D49B8CB8
:10A3500023B9E16820460131FFF744F8A06D1222CD
:10A360000021FEF793F9A06DFEF730F8237D002B56
:10A3700040F09C80A36D656C5B68A36323685B8879
:10A38000E363636D013D5E8BDF8AB3F81C90B3F825
:10A390001E80EA0006F0030302F0780207F00F07C0
:10A3A0001A432D09B60845EA0703334343EA090374
:10A3B00053EA0803A06D30D10121FDF7AFFFB4F8D7
:10A3C0005060B4F85270A06D730007F0010203F002
:10A3D0007E037F08B609134357EA060543F080025F
:10A3E0004FF0010108BF1A46FDF798FF002DEAD192
:10A3F000636DA76D998A20687E68FDF71FFA47494B
:10A400000246384611F0B0FA616D4B8B8A8B1344CB
:10A41000AB423CDD088D002235E042F08002012194
:10A42000FDF77CFFBA012B0103F0300302F040027C
:10A430001A4308F001031A434FEAC90303F0080363
:10A440001A43B30003F004031A43AD087F087608EB
:10A450004FEA59094FEA5808A5E7CB6A03EBC20354
:10A460005F78FF070ED55F88AF420BD1596820682F
:10A47000A76DFDF7E3F929490246384611F074FA51
:10A480000135C1E701328242E7DB0521EFE7A36D29
:10A490009F88BE1BA4F850600025636D1A8DAA42E8
:10A4A0002CDCA36D9B88DB1BA4F852302369042BA2
:10A4B00020D1A36DD3E9027623685868237D53B970
:10A4C000A56BE16B354439B301318900F5F7EBFE3B
:10A4D000E36B40F823500023656D217DCDE9023305
:10A4E000EB8ACDE90003033128693B463246C9B205
:10A4F00002F024FA012005B0BDE8F083DB6A03EB2B
:10A50000C50213F83530052B04D15288A06D012106
:10A51000FDF704FF0135C0E72846DCE7D9820208D1
:10A520007FB504460E46154682B90DF10F01FEF7C0
:10A53000D6FD2046012332460921FEF72EFC29468E
:10A54000204604B0BDE87040FEF799BA012A34D124
:10A550001146FEF789FA024688B9022300930DF1ED
:10A560000E010DF10F032046FEF7FEFC01233246DB
:10A570000E21204604B0BDE87040FEF70EBC0DF180
:10A580000F02204600230221FEF7AEFC2B469DF869
:10A590000F2020460421FEF7B4FAA06D002202210C
:10A5A000FDF738FF0DF10E012046FEF798FD4FF044
:10A5B000FF312046FEF7B2F9D8E70DF10F01FEF7A3
:10A5C0008EFDA06D4FF40851FDF7B6FECEE70000FA
:10A5D000037D37B504460D4613B15F4803F0F2FD25
:10A5E000426DD38A43F00103D382FEF74FFC012D65
:10A5F0000BD1A368196820460231FEF768FCA368F6
:10A60000196820460131FEF7EDFE012200212046A7
:10A61000FFF757F8002202212046FEF745FAA06D09
:10A6200001220021FDF7AAFFA06D00221221FEF7F2
:10A6300019F8A368A06D1A680021FEF742F8B4F873
:10A640004810002201312046FEF72EFAE168A06D85
:10A65000FEF7EEF8A368A06D1968FDF74EFE236BB8
:10A66000BBB1626B03F18043013B02EB83039A426F
:10A670000FD893F90310002926DA1A88A06DC2F3C7
:10A680000E020021FEF71DF8A06D00220321FDF748
:10A69000E9FF01212046FEF79DF9BDB9A06D142206
:10A6A0002946FDF7F3FFA06D4FF40451FDF744FE7A
:10A6B000A06D01221421FDF7D5FF2221204603B011
:10A6C000BDE83040FEF730BA043BD0E7A368196814
:10A6D00020460231FEF786FEA06D14220221FDF70E
:10A6E000D5FFA06D00220121FDF748FFA06D0122DA
:10A6F0001421FDF7B7FF0DF1070120460122FEF7F7
:10A7000025FC00230DF1070220460121FEF7ECFB9A
:10A7100020460221FEF7B3F9012220460221FEF76E
:10A72000D0FF20463021FEF7FFF9A06D4FF42051F5
:10A73000FDF702FEA368A06D1A6801210132FEF741
:10A740009BF820460121FEF745F9204603B0BDE8FD
:10A750003040FEF701BB00BFDC930508426D836803
:10A760002DE9F341D58A928C1E68C66005F011036D
:10A770001343044600F0F68015F0010506F10207C8
:10A7800021D1B0F8482029464FF00208FEF72FFAF1
:10A79000CDF80080A06D01232A462946FDF7B8FFB9
:10A7A000CDF800802A46A06D01232946FDF7B0FFB1
:10A7B00005212046FEF7B8F9B4F848102A460131C1
:10A7C0002046FEF771F9D4E915309A8C002A76D12B
:10A7D000D98A11F0010508D14FF42051FDF7ACFDE5
:10A7E000A06D3A462946FEF747F800221146A06DB3
:10A7F000FDF760FF20212046FEF796F94FF4205127
:10A80000A06DFDF799FD3A460021A06DFEF734F8E2
:10A81000636DD98A11F0010110D1B4F848202046A7
:10A820000132FEF7E4F905212046FEF77DF9D4E96F
:10A830001530D98A11F0010100F08C80A06D012241
:10A8400000210225FDF722FF0095A06D05230622B9
:10A850000021FDF79DFFA06D2A460021FDF78EFE29
:10A86000A06DFDF7B3FD39462046FEF7BBFD636DD5
:10A87000DB8ADB0776D5B4F8482020460132002178
:10A88000FEF7B5F9A06D4FF48E41FDF755FDA06DB3
:10A890004368236414220021FDF7F8FEA06D4FF4F5
:10A8A0000451FDF749FDA06D01221421FDF7DAFEE8
:10A8B0002221204602B0BDE8F041FEF735B94FF441
:10A8C0000051FDF739FDA06D00221321FDF7CAFEEE
:10A8D000A06D00220121FDF7C5FE751C3A46A06D52
:10A8E0000421FDF7EEFE29462046FEF77BFD0022FF
:10A8F0001146A06DFDF7DEFE20212046FEF714F97B
:10A90000A06D4FF42051FDF717FDF21CA06D012141
:10A91000FDF7B2FFA06D4FF40051FDF70DFD0022D1
:10A92000A06D0321FDF79EFEA06D44F22071FDF79E
:10A9300003FDF11C2046FEF755FD0322A06D042106
:10A94000FDF7A4FE4FF43051A06DFDF7F5FC2A464B
:10A9500001215AE70122FDF799FE22212046FEF748
:10A96000E3F880E702B0BDE8F0810000138B2DE929
:10A97000F34104460161D81E43424341237500233D
:10A980000E46E364118CA36962658B42154605D2BD
:10A99000E069F5F788FC2B8CE061A361626D538B55
:10A9A000928B1344EA8A510748BF013392074FF054
:10A9B000000248BF01331146934240F0CD80227D12
:10A9C000002A40F0DD80A2699A4200F2DB80226A10
:10A9D000002360219A4240F0DE80042E14BF012142
:10A9E0000221A06DFDF760FC636DD98A9A8C01F09D
:10A9F0001103134306D0C90700F1D280002A14BF07
:10AA0000142313238A492068A4F84830FCF72CFF4C
:10AA1000298C6E8C94F814800E4407466664A06DF1
:10AA2000B8F1000F00F00881636D9A8C1AB9DB8AC7
:10AA3000DA0740F1B7800021B4F8483002339BB206
:10AA4000A4F84A303344591A0226FDF78DFC0096CB
:10AA5000A06D012300220721FDF75AFE0722009670
:10AA60001146A06D0323FDF753FE072200963B46D7
:10AA70001146A06DFDF74CFE636D9A8C1AB9DB8A06
:10AA800003F030032BB1B4F84810A06D0022FDF79D
:10AA9000E9FDA06D01220021FDF7BCFCA06D0222A2
:10AAA0000121FDF7B7FC0322A06D0621FDF7B2FCE2
:10AAB000A06D4FF42451FDF73FFCA368A06D1A6808
:10AAC00001210432FDF7D8FE6A8BA06D0221FDF74B
:10AAD00055FDA06D022300224FF48541FDF795FC42
:10AAE000A368A06D1A6800210532FDF7C5FEA368B2
:10AAF000A06D19680431FDF700FC6B8BA06D4FF061
:10AB000002125A430221FDF739FDA06D03222C21C8
:10AB1000FDF7E7FEA368A06D19680531FDF7EDFBB1
:10AB200000250226636D5A8BAA4252DC032A0DD9F6
:10AB30009A8C5AB9DB8ADB0708D4B4F84A20636CD4
:10AB4000A06D1A44033A0621FDF7A0FD204602B08D
:10AB5000BDE8F041FFF702BEE069815401322BE706
:10AB6000C86A00EBC20001324178CF0741BF478875
:10AB7000E0690909C155616D088D9042F0DC22E75A
:10AB80000022F8E7227D002AE2690CBF0021602143
:10AB9000D154013317E7606A20F83310013319E705
:10ABA00015232FE76A8B0329A8BF0321032A88BF37
:10ABB00001F1FF3113F0110F7FF43EAFB4F84830CC
:10ABC000B5F816C05A1C92B21CF0200F18BF1346DD
:10ABD00036E700962B460622A06D0021FDF798FD72
:10ABE000E3695A5D22B1012303212046FDF789FF65
:10ABF000022D12DC636D9A8C7AB9DA8AD2070CD4F2
:10AC0000022D02D15B8B032B07D10A4BA06D595D3E
:10AC10000022FDF7FFFB013584E7B4F84A10636CAE
:10AC2000194401390022491B2046FDF73DFFF2E798
:10AC300084E4050850E30508E26B0421FDF76EFB90
:10AC4000D4E91530DE8A16F0010657D0226C0421B3
:10AC5000FDF764FBB4F84810A06DFDF785FB4FF4D9
:10AC6000A023A364A06D42460621FDF7D3FB022674
:10AC7000A06D01221421FDF7F5FC0096B4F84830D0
:10AC8000A06D06224146FDF743FD0096A06D01230D
:10AC900042464146FDF73CFD0096A06D0323424627
:10ACA0004146FDF735FD0096A06D3B464246072123
:10ACB000FDF72EFD2046FFF751FD636D9A8CAAB972
:10ACC000DE8A16F0010611D1344F2B8CB3420DDD14
:10ACD000B4F84A20636C17F8011BA06D1A44013ABE
:10ACE000921B0136FDF7D2FC032EEED1002319464C
:10ACF0002A8D9A4244D802B0BDE8F081B4F84830B9
:10AD0000616C05334FF00208A4F84A3011FA83F160
:10AD1000FDF72AFBCDF80080A06D32460123072104
:10AD2000FDF7F6FCCDF800800722A06D1146032345
:10AD3000FDF7EEFCCDF8008007223B46A06D1146E2
:10AD4000FDF7E6FCB4F84810A06D3246FDF78AFC2A
:10AD5000626CA06D3146FDF711FCB4F84810324624
:10AD600020460331FDF7A0FEB4F84820A06D31461F
:10AD7000FDF7A0FCA06D04222D21FDF7B2FD99E79F
:10AD8000EA6A02EBC30012F83320052A04BF4288A6
:10AD9000E06903F1010308BF8154A9E750E3050806
:10ADA0002DE9F04389B004460D4607AE002940F076
:10ADB000C3800121FDF758FE07468DF8170060BBE0
:10ADC00001462046FDF750FEB0B90122314620462B
:10ADD000FEF7BCF80DF117012046FEF780F920467A
:10ADE000022304220F21FDF78CFE0021204609B02A
:10ADF000BDE8F043FDF743BE31462046FEF76FF94C
:10AE00009DF81C20204601230421FDF77AFEA06D49
:10AE10003A460121FDF7FEFADCE7E36C616A013B8B
:10AE200001EBC30211F83330022B35D192F80190B7
:10AE3000B9F1020F30D120464FF001085768FDF7F5
:10AE40007AFD434632460DF11701CDF80080079593
:10AE5000FEF7FAFF20462A462946FDF794FE9DF8A4
:10AE60001700062812D0072813D005285AD10095BC
:10AE7000079AA06D3B462946FDF74AFC00220221B5
:10AE8000204609B0BDE8F043FDF771BDCDF8008064
:10AE9000EEE7CDF80090EBE700250123324607935B
:10AEA00006A92B4620460095FEF7CEFF0DF11701AF
:10AEB0002046FEF714F920462A462946FDF763FE90
:10AEC0009DF81800831E012B08D9FDF71DFDA04930
:10AED000656802469F4806F09FF928609DF81700B4
:10AEE00006280BD0072813D005281BD10799890104
:10AEF00041F4B841A06DFDF71FFABFE70799A06DB7
:10AF0000C90041F04201FDF717FA4FF4B541F1E7EE
:10AF10000799A06DC90041F08201FDF70DFA4FF4C9
:10AF2000B141E7E7FDF7F0FC8B49656802468948C7
:10AF300006F072F92860A1E7012940F0F880FDF7DA
:10AF400093FD07468DF8150038BB01462046FDF7F6
:10AF50008BFD022105462046FDF786FD0543EDB237
:10AF600045B1394620460322FEF7ABFB03212046BC
:10AF7000FDF7D4FC0223CDE901630023009306A969
:10AF800020460DF115030122FEF722F80F2120467D
:10AF900009B0BDE8F043FDF7C7BDE36C616A013B52
:10AFA00001EBC30211F83330022B40D15778022F46
:10AFB0003DD12046D2F80480FDF7BDFC0023CDE949
:10AFC000063700972B4606AA0DF11501FEF73CFF48
:10AFD000069F00953B46204632460DF11701FEF7CD
:10AFE00033FF9DF81700431E022B08D9FDF78CFC98
:10AFF0005A4965680246574806F00EF928609DF8E0
:10B00000150006280FD007280FD0052840F08580AE
:10B01000002300930799A06D43463A46FDF7B8FB1D
:10B0200009B0BDE8F0830123F3E70223F1E702232F
:10B030000122CDE90623009306AA00230DF1160193
:10B040002046FEF701FF20460DF11501FEF747F8F7
:10B050009DF81600831E012B08D9FDF755FC4049C9
:10B06000656802463B4806F0D7F82860069D0095C3
:10B070000023204632460DF11701FEF7E5FE9DF84C
:10B080001700431E022B08D9FDF73EFC33496668C2
:10B090000246304806F0C0F830609DF815000628DA
:10B0A0000ED0072825D0052837D1079941EA851108
:10B0B00041F4A841A06D09B0BDE8F043FDF73CB9EB
:10B0C0000126AE40A06D46F43441FDF735F945EA5E
:10B0D000C50141F04001A06DFDF72EF9079941EA45
:10B0E000851141F4A441A06DFDF726F946F43C41D9
:10B0F000E0E70126AE40A06D46F43441FDF71CF9AF
:10B1000045EAC50141F08001A06DFDF715F90799E9
:10B1100041EA851141F4A041E5E7FDF7F5FB11494E
:10B12000646802460B4806F077F8206078E700254F
:10B13000334606A900950122FDF716FF02232A4691
:10B140000F21204609B0BDE8F043FDF7DABC00BF8F
:10B15000ED930508BCEA0508E4930508F793050894
:10B1600002940508FC9305082DE9F04180465C2017
:10B1700015460F461E46F5F794F8856008250446E7
:10B18000C0E9008705624020F5F772F8E562606269
:10B190002020F5F76DF860632020F5F782F831463E
:10B1A000A065FDF76EF82046BDE8F08110B50446B5
:10B1B0000021806DFDF76DF8A06DF5F781F8606BEB
:10B1C000F5F77EF8E069F5F77BF8606AF5F778F84F
:10B1D0002046BDE81040F5F773B8000038B50446C6
:10B1E000A2B1950712D110792E280FD192686AB1B9
:10B1F00090070BD1556840F29220854206D19168A4
:10B200001960049BD2681A60012038BD0A460448C0
:10B21000044906F001F8636A18600020F5E700BFF2
:10B2200028EB0508099405087FB504460D4610462D
:10B2300003A91E46F8F79EFD48B90C490C482A465A
:10B2400005F0EAFF636A1860002004B070BD03983F
:10B2500003F0AAFE30EA06020346F6D0054900963E
:10B260002A46034805F0D8FFECE700BF25940508FF
:10B2700028EB05082B940508038C032B70B5C46AD2
:10B2800003D1856A00239D4205D144F82120FDF7B2
:10B2900034F8012070BD54F82360964201D0013388
:10B2A000F1E70020F6E7FDF791B8032910B5044651
:10B2B000018442620FD1826AC06A002192001EF0AE
:10B2C0003BFE01212046FCF7EFFF20460021BDE8B0
:10B2D0001040FDF749B804290CBF02210121F1E714
:10B2E00002F00F03022B10B5044608D00A460C49A1
:10B2F0000C4805F091FF636A1860002010BD836A56
:10B3000012090020984204D1238C042BF5D1064960
:10B31000EEE7E16A51F820108A42EFD00130F1E700
:10B320004194050828EB05084794050800F00F0331
:10B33000022B02D10009F5F7CCBE0148704700BFCF
:10B34000D7AC050838B5044610460D46FFF7EEFFAA
:10B350000378732B19D14378BBB103460A2100202F
:10B3600013F8012F5AB91F2808D90B490B481F237E
:10B370002A4605F051FF636A1860002038BD303A54
:10B38000092A02D801FB0020EAE7054903482A46BA
:10B3900005F042FFEFE700BF5394050828EB0508CE
:10B3A00060940508F8B5054610460E461F46FFF79F
:10B3B000BDFF174A01780024944653788B421BD175
:10B3C00090F801E093789E4516D190F802E0D3788A
:10B3D000734511D16BB91CF82400B84208D90D4946
:10B3E0000D483B46324605F017FF6B6A1860002097
:10B3F000F8BDC378002BEED00134152C02F1040205
:10B40000DBD106490448324605F006FFEDE700BFF0
:10B41000FAE305085394050828EB05086994050824
:10B420002DE9F34706460F46002A3CD093073AD150
:10B4300013792F2B37D1926802F00F03022B08D11A
:10B440000F23FFF7AFFF01248440204602B0BDE880
:10B45000F08742B312F0030A25D113799F2B22D132
:10B46000D5682B79A12B1ED192680F23FFF79AFF85
:10B470004FF0010808FA00F401AAA22105F1080022
:10B48000F8F7CCFE8146CA45DFDA019A0F2352F85D
:10B490002A2039463046FFF785FF08FA00F00443BA
:10B4A0000AF1010AEFE7044904483A4605F0B4FE00
:10B4B000736A00241860C8E76F94050828EB050834
:10B4C00010B50446024805F011FE206010BD00BF13
:10B4D00028EB050804292DE9F84307460C460DD84A
:10B4E000161F01F1300930254D450CD056F8040FD8
:10B4F00000F00F03022B09D00D4900E00D49786AD6
:10B50000FFF7DEFF00242046BDE8F8830009F5F7C9
:10B51000E0FD80461EF04EFD0228EDD198F8003087
:10B52000722BE9D198F801309D42E5D10135DBE776
:10B53000A9940508809405082DE9F0470F4686B0C8
:10B54000044603A938461E469146F5F7CDFD03781B
:10B55000762B054640F01A81B9F1020F40F0C58004
:10B56000A7F5A0670D2F00F20881DFE817F00E00A5
:10B570003A003D0006010601060106018C000601A5
:10B580005F00400035003200BB004EF6B4694FF456
:10B590002C67326829462046FFF7D4FE7268804641
:10B5A00029462046FFF7CEFE4FEAC82247EA500759
:10B5B00002F4704240014FEA88113A4300F0200043
:10B5C00001F04001024341EA09012046FCF7BEFEBA
:10B5D000E3E14EF6B169DAE74EF6B1694FF424675C
:10B5E000D7E74EF6B869D2E74EF6BD69CFE73068C7
:10B5F000FFF79CFEB8491EF0EBFCA8B132680F23A0
:10B6000029462046FFF7CEFE07467068FFF78EFEFC
:10B61000B2491EF0DDFC002840F0AF803A0342F44E
:10B6200021624EF6F161D0E70F27EEE73068FFF7B1
:10B630007DFE03783268722B16D10F2329462046EF
:10B64000FFF7B0FE2946726880462046FFF77AFE73
:10B650004EF610610746FA01D2B242EA083242F4CD
:10B66000216241EA5701B0E729462046FFF76AFE0A
:10B670002946726807460F232046FFF793FE4FF4D2
:10B680006E418046E7E74EF69058326829462046DC
:10B69000FFF758FE05AB00930746726804AB2946D6
:10B6A0002046FFF79BFD002800F07781049A0723CE
:10B6B00029462046FFF776FE059A064629464FF4AE
:10B6C0007F732046FFF7B0FDFA02B90102F4704221
:10B6D00001F0400142EA900241EA080142F420628E
:10B6E000314372E74EF68058CFE7B9F1030F44D1EA
:10B6F000DFF8008200F1010A00270322414650468C
:10B700001EF07EFCA0BB2B7993BB754B326813F8FF
:10B71000277029462046FFF715FE726880462946A5
:10B720002046FFF70FFEB268814629462046FFF704
:10B7300009FE3A01D2B242F4206242EA50024001CC
:10B7400000F020004FEAC82303F47043024307F0DF
:10B75000F0071A4347F46E474FEAC9134FEA8811BE
:10B76000DBB247EA590701F040011A4339432CE79D
:10B770000137042F08F10408BFD14B4659495A48F4
:10B780002A4605F049FD636A186006E1B9F1030F26
:10B79000F3D8DFE819F004001500E600870240F254
:10B7A00043439F4205D14FF43F412046FCF7C4FD7F
:10B7B000F3E040F20F539F42DFD14BF63071F4E7D4
:10B7C00040F24332974210D1014632682046FFF7DB
:10B7D00087FD01462046FCF741FE002840F0DD8051
:10B7E0004249606AFFF76CFED7E0B7F5537F09D195
:10B7F000014632682046FFF773FD01462046FCF7FC
:10B8000087FEEAE7B7F5557F09D1014632680F2375
:10B810002046FFF7C7FDC10041F48E41C5E7622B0A
:10B8200026D1039B032B09D0052B4ED1C3785F2B68
:10B830004BD103796E2B01D0772B46D1B5F801306F
:10B840002B4A5BBA9BB200271188994200F0F9821B
:10B8500001370E2F02F10202F6D18EE72B79A3F108
:10B8600077067342734139462046FCF715FEB4E76C
:10B87000692B2AD14378742B27D13068FFF756FD06
:10B8800006461EF097FB02287FF477AF33881849ED
:10B890005BBA9BB200220888984200F0DE82013237
:10B8A0000E2A01F10201F6D167E793F800C0BCF15E
:10B8B000740F03D146EA5101013BE0E2BCF1650F90
:10B8C0007FF45BAF40EA5101F6E740F273339F42E9
:10B8D00012D14BF2726168E7C7940508D19405084C
:10B8E00068E30508E494050828EB0508F1940508C9
:10B8F000CCE3050869E30508B7F55D7F02D14BF29B
:10B90000626152E740F26E439F4213D1326829468A
:10B910002046FFF785FD10F43F4F024607D145044E
:10B920004ABFC1B240F4344141F435413DE74EF6DF
:10B930002D114AE6782F7FF420AF32682946204641
:10B94000FFF76EFD10F4FE4F024607D110044ABF08
:10B95000D1B242F43C4141F43D4126E74EF6BD01EF
:10B9600033E6736803F00F03022B40F09E8040F231
:10B9700036439F4214D1014632680F232046FFF719
:10B9800011FD7268074629460F232046FFF70AFD7E
:10B99000394602462046FCF73DFD06B0BDE8F0877B
:10B9A00040F263339F421CD14FF6B0284FF280071C
:10B9B00032680F2329462046FFF7F4FC726881465F
:10B9C00029460F232046FFF7EDFC47EA000242EA32
:10B9D000092248EA0001F8E54FF690284FF2A00747
:10B9E000E6E740F279439F42F6D040F23A439F4265
:10B9F00029D1014632680C232046FFF7D3FC0746C5
:10BA00007068FFF793FC06460146B8481EF0E0FA5E
:10BA1000A0B1B74831461EF0DBFA70B12A46B549ED
:10BA2000B54805F0F9FB636A0022186042EA072274
:10BA300042F400424FF2EF31C7E50120AF4B00EB7B
:10BA4000C0001A5CF2E740F235339F4215D14FF443
:10BA500080473268294607232046FFF7A3FC726817
:10BA60008046294607232046FFF79CFC42460346B2
:10BA700039462046FCF7C9FC8FE7DFF88C820027A7
:10BA80000322414628461EF0BBFA40B9EB7833B991
:10BA90009B4B13F827703F0147F48047D9E70137E4
:10BAA0000F2F08F10408EBD167E640F239439F42BB
:10BAB0002AD840F235439F421ED840F265339F4258
:10BAC0003AD040F201439F4274D040F22B339F4260
:10BAD00035D040F2FF339F4200F0CC80B7F5806F45
:10BAE00000F0CA8040F202439F4200F0C780972FC7
:10BAF00040F08D80032390E0A7F23747022F21D832
:10BB0000DFE807F03A233D0040F2D3439F427AD169
:10BB10004FF460573268072329462046FFF742FC5E
:10BB2000294680467268FF232046FFF77DFB47EADF
:10BB3000000141EA082138E64FF42057EAE74FF4C4
:10BB40004057E7E74FF40057E4E74FF240273268E9
:10BB50000F2329462046FFF725FC726880464FF6E2
:10BB6000FF7329462046FFF75FFB424603463946EE
:10BB70002046FCF761FC10E74FF2C027E7E70146DB
:10BB800032680F232046FFF70DFC294607467268EE
:10BB90004FF0FF332046FFF747FB3A4683B2054696
:10BBA0004FF240212046FCF747FC2B0C3A464FF25F
:10BBB000C021DDE7014632680F232046FFF7F2FB84
:10BBC00005AB00930746726804AB29462046FFF791
:10BBD00005FB00283FF4E1AE049A0F2329462046D6
:10BBE000FFF7E0FB059A06462946FF232046FFF7AC
:10BBF0001BFB820842EA073246F4684142F4706255
:10BC000041F05001E1E440F2CF439F4238D040F28E
:10BC1000D1439F427FF4B1AD05233A4A294632F819
:10BC20002370326807232046FFF7BCFB05AB009367
:10BC30008046726804AB29462046FFF7CFFA0028F9
:10BC40003FF49BAD049A294607232046FFF7AAFB41
:10BC5000F904059A064615D51F2329462046FFF705
:10BC6000E3FA47EA0801800141EAC60100F4F860FE
:10BC700001439AE50023D0E70123CEE74B46CCE70A
:10BC80000423CAE73B0406D53E2329462046FFF796
:10BC9000CBFA4008E5E77C2329462046FFF7C4FAA3
:10BCA0008008DEE740F211439F422FD1002732681F
:10BCB000072329462046FFF775FB726807232946AC
:10BCC00007432046FFF76EFB29468046B2681F23D4
:10BCD0002046FFF7A9FA47EA801747EAC80164E55A
:10BCE0004FF40067E3E74FF48057E0E7E9E3050826
:10BCF000F2E30508D794050828EB0508E8E30508F2
:10BD000090E3050878E3050891E3050840F2124343
:10BD10009F42E5D040F23F339F42E4D040F22B33C4
:10BD20009F422BD14FF4C058326807232946204642
:10BD3000FFF738FB72680723074629462046FFF7BE
:10BD400031FBB26802F00F03022B81460ED10723AC
:10BD500029462046FFF726FB47EAC90141EA0801C8
:10BD600041EA801121E54FF4D058DDE70723294649
:10BD7000204648F48068FFF757FAEDE740F2A74302
:10BD80009F4221D14FF6903732680F232946204633
:10BD9000FFF708FB726881460F2329462046FFF70C
:10BDA00001FBB268804629460F232046FFF7FAFAC6
:10BDB00040EA092242F4704242F0F00247EA0801E8
:10BDC00003E44FF6B037DFE740F2F2439F42F8D08A
:10BDD00040F2D3439F42C6D0B7F59A6F7FF4CDAC03
:10BDE000014632680F232046FFF7DCFA72680F2302
:10BDF000294607462046FFF7D5FA05AB0093804653
:10BE0000B26804AB29462046FFF7E8F900283FF462
:10BE1000C4AD049A0F2329462046FFF7C3FA059ABA
:10BE200006462946FF232046FFF7FEF93F0247EA70
:10BE3000083746F4684147EA900241F04001FFF7B5
:10BE4000C4BB326829462046FFF74AFA039B052BFC
:10BE500002463FF403AD002305E5A91C0F460B463F
:10BE6000013118780028FAD1691D8B423FF685AC64
:10BE70000821D043013B01EAC00001EAC2069F420B
:10BE80007FF613AD41EA021141F43F418DE400BF5A
:10BE900038B505463020F4F7EBF92022044600219E
:10BEA0001EF04AF829462046FCF7EBF9A562A800E7
:10BEB000F4F7DEF9E062204638BD10B50446C06AEA
:10BEC000F4F7FEF920460021FCF7E3F92046BDE82F
:10BED0001040F4F7F5B92DE9F04FDDF824E0DDE985
:10BEE0000B74DDE90D5658B1884209D3710747BF7D
:10BEF0000EF1010E013401350A2158BFB0FBF1F0FB
:10BF000016F0020C38D0002D36D00ADB0A998D428B
:10BF100032DA2C44A64502DC0EF1FF37E71B002580
:10BF20002AE0291D28DB69424FF000084FF00A0A79
:10BF3000B0FBFAF90AFB19041CB108EB05044146F1
:10BF400004E008F1010888454846F1D1AEEB010E46
:10BF5000091B1C464FF0300804F8028B4FF02E09E5
:10BF600083F801904D1E2346002D32DC002918BFB6
:10BF7000013963180025FF240EF1FF3841464FF0C8
:10BF80000A09002929DA611C714535DBFE2CD4BF72
:10BF90000021012173443FB1A4EB0804E71B2E20CC
:10BFA0004FF0300EA7422CD1BCF1000F09D041B1A7
:10BFB00019460B4611F8010D3028FAD02E2808BF7B
:10BFC0000B4635BBF00726D400211970981ABDE83E
:10BFD000F08F03F8018B013DC6E78C42B4BF01F13D
:10BFE000010B8B46B0FBF9FA09FB1A00303003F85D
:10BFF0000B0001395046C4E701332E2119550121A8
:10C00000C8E714B903F8010B012103F801EB013C67
:10C01000C8E77107D8D4002DBABF6D422D212B215E
:10C0200006F02004632D597044F04504C8BF642114
:10C030001C704FF00A00C9BFB5FBF1F19C1CDC1C61
:10C040003031C8BF9970B5FBF0F62346B6FBF0F16E
:10C0500000FB1161303103F8021B00FB1651303137
:10C060006170B1E72DE9F04F2DED028B884610EE9F
:10C07000101A97B000291C46B0EE408A9DF888300F
:10C080000E902ADAB4EE400AF1EE10FA25D6B1EE9F
:10C09000408A2D230E9F07F8013B08F1FF389FEDE2
:10C0A0007D7AF0EEC87AF4EE477AF1EE10FA02F0FB
:10C0B000200316DD43F0490443F04E00FA1C43F020
:10C0C0004601002378703C70B97013700E9BD01A33
:10C0D00017B0BDEC028BBDE8F08F002BDAD10E9FBC
:10C0E000DDE7B4EE488AF1EE10FA06D743F04E01D0
:10C0F00043F04100FA1C0C46E3E742F02002662AB6
:10C100004ED143F0040B002CA8F103064FDA0624AD
:10C11000A642D4BF0C960C9418EE103A002B09934B
:10C1200053D0C3F3C7537F3B07EE903A9FED5A7A43
:10C13000F8EEE77A18EE103A67EE877AB3F17E5F91
:10C14000FDEEE77A38BF4FF0000917EE905A28BF8E
:10C150004FF0010909EB0500B7EE000A00F048FABC
:10C16000099BB3F17E5F2CBF4FF0010A4FF0FF3AFD
:10C17000B4EEC80AF1EE10FA94BF012300234B4538
:10C180001BD01BF0040F4CD0002D20DD63190233AF
:10C1900098451CDA8BF0040343F0020B013444E0B1
:10C1A000672A0CBF43F0020B43F0010BABE7632C93
:10C1B000AED110230C930924AEE7554405EB0900DA
:10C1C000B7EE000A00F014FAD2E7099DD9E7A8F10A
:10C1D0000202A242D4BF33462346002D1EDA022BB0
:10C1E00015DDAA1C17DA6E429E42A8BF1E46023E0B
:10C1F0009C1B092C0DDD1BF00403A4F1090207931D
:10C200004FF009041CD004230793032319E05C1C9E
:10C2100000260022F7E75C1C0026EAE76C1C1C44A1
:10C22000FAE71BF0020FB9D034B1092C4FF0000629
:10C23000E1DC3246079603E02646224607940124B5
:10C240000723062CA146A8EB0408A8BF4FF0060957
:10C25000A8EB0308A9EB0503013B0D939045D4BF60
:10C2600004EB0803A3181193119BA3EB09030F938D
:10C27000099B002B00F0C280079B002B00F0BA80C6
:10C28000002D80F2B4804EB909F1FF3008963B468C
:10C2900013E000BFFFFF7F7F9B209A3E3B4630218B
:10C2A00003F8021B2E227A70184632461DF044FE17
:10C2B000FF228319089209EB06000A214FF0010CB6
:10C2C0000A91E14500F39F80B9F1060F02DD0128D4
:10C2D00000F3A0804FF00108B0EE480A0B9300F085
:10C2E00087F9F6EE007A30EE270A0A99BCEEC00A0A
:10C2F0003A4610EE103A08FB03F8089B03930F9B95
:10C3000002930C9BCDE9045BCDE9009340460B9B67
:10C310001093FFF7E0FD15AA01460B90384600F098
:10C3200095F9DDED157A0B9977EEC87A17EE903A0C
:10C33000002B58D0B9F1060FC4BFA9F1060202EBD9
:10C3400042024FF0010AC8BF0AFA02FA0C22109BFF
:10C35000CDF82C80F0EE678A109217EE902A002A12
:10C36000089A03920F9A02920C9A0A991393B4BFF7
:10C37000D044A8EB0A08CDE90092CDE9045B3A4627
:10C380004046FFF7A8FD15AA01461290384600F076
:10C390005DF9DDED157A129977EEC87A17EE903ACD
:10C3A0000BB3B0EEE77AF0EEE86A37EE667A139BED
:10C3B00017EE102A002A3ADB4FF00A0CB8FBFCF00B
:10C3C0000CFB108002430B9A08BF42460B9208BF39
:10C3D000F0EE678ABAF1010F2ED0109A013A4FEAB7
:10C3E0005A0A1092B9D10E9B3944C81A70E60D98BA
:10C3F00008954CE7079B0D98089348E7099A08921F
:10C400003B46104659E70A990A2251430A910CF11A
:10C41000010C56E7B9F1070F05D0022803D0023806
:10C420004FF0640858E701384FF00A0854E7CDF898
:10C430002C80F0EE678ACDE7A14505DA0D9B01332C
:10C440000D9309F101090FE70B9A9045CBD0089A9B
:10C4500003920F9A02920C9ADDE90A10CDE900923C
:10C46000CDE9045B3A46FFF736FD0146BBE700BF66
:10C47000012910B5136825D90178302922D14178D6
:10C4800041F02001782900F1020405D133F01003B6
:10C4900007D11023136005E06F2907D133F008039B
:10C4A00002D00446201A10BD0823F3E7622904D104
:10C4B00033F00203F5D10223ECE7002BF1D1012385
:10C4C0001360EEE7002BECD10A23F9E708B5044628
:10C4D00031B1054B4A6B03600968002304F0E8FEA4
:10C4E0002046F3F79DFE00BF28EB05082DE9FF412C
:10C4F0001F460192002A39D146180446B442254607
:10C5000040D214F8010BF5F7C7FB80460028F5D19F
:10C510002B782B2B30D12546711B284601AAFFF71B
:10C52000A7FF019B054428460024B04202462CD3B5
:10C53000B8F1000F00D06442640044F00104AA4244
:10C5400009D01546B5422B463DD218780135F5F78E
:10C55000A3FB0028F6D1019A22492348012A08BFEB
:10C56000002204F059FE3946FFF7B0FF023A222AB2
:10C57000C2D91E4801F02AFC2D2B04BF25464FF0DE
:10C580000108C9E74FF00008C6E790F800C0ACF119
:10C59000300109290AD9BCF15F0F12D04CF02001FB
:10C5A000A1F1610CBCF1190FC2D857398B42BFD928
:10C5B00083FB0442B2EBE47F0AD10C4494EA4402C8
:10C5C00006D40130B1E7C6D1204604B0BDE8F08101
:10C5D0004246711B03A8039505F0EDFF039A04463C
:10C5E000ADE700BF1195050898EA0508FC94050819
:10C5F00008B52DED028BD0B1B5EE400AF1EE10FA80
:10C6000015D010EE103A00EBD35262F3DE5310F166
:10C610000B0F08EE103A0DD9434200EE903AB1EEFE
:10C62000040AF8EEE00A1CF02DF988EE000ABDECD1
:10C63000028B08BD07EE900AB1EE040AF8EEE70A95
:10C640001CF020F920EE080AF1E7000000232DE994
:10C65000F0470144904607461A461C4618461D46B8
:10C660009A461E468F4260D2BC461CF801EBAEF1E2
:10C670003009B9F1090F3FD8022E09D1DFF8E8E0FF
:10C680000A2707FB00977045D8BF38466746E9E799
:10C69000B9F1000F14D0334FBD4211D84FF00A0E3C
:10C6A000A4B914460A22C4B9BD4222D8012E4FF0C3
:10C6B0000A0208BF03F1FF3302FB05950022E5E7FC
:10C6C0000EB90134E2E701320126DFE7BD4294BF33
:10C6D0000EFB05F50133013CE2E703F1FF3EBD42ED
:10C6E00098BF734605FB02FEBD4298BF7546013CEC
:10C6F000D9E78EBB0133E1E796B9BEF12E0FE3D047
:10C700004EF02009B9F1650F0CD1614504D97E784E
:10C710002B2E1AD107F1020C8C4521D00226B5E749
:10C72000022EEDD1BEF15F0FB0D0BAF1000F15D1DE
:10C7300007EE905A1C44B8EE670A2044FFF758FFF2
:10C7400088ED000A3846BDE8F0872D2EE6D107F1C6
:10C75000020C4FF0010ADFE72246B5E74042E7E767
:10C760000027EFE797999919646666062DE9F04F5F
:10C770002DED048B83B09FED658ADDF840809FED41
:10C78000649A054691461F4646184FF0000AF0EE9F
:10C79000488AF7EE009ACDED018AB5422C4674D254
:10C7A00015F8010BF5F778FA83460028F5D12378C0
:10C7B0002B2B64D12C46A31C9E4279D9237843F0BD
:10C7C0002003692B64D1637843F020036E2B6FD173
:10C7D000A37843F02003662B6AD14FF0FF42019209
:10C7E000E21D964204F103001AD9E27842F02002D9
:10C7F000692A15D1227942F020026E2A10D162797D
:10C8000042F02002692A0BD1A27942F02002742A58
:10C8100006D1E27942F02002792A01D104F1080020
:10C82000B9F1000F0DD0B0420BD2027842F02002D5
:10C830006A2A06D1844208BFCDED019A01304AF040
:10C84000020ABBF1000F05D0DDED017AF1EE677A47
:10C85000CDED017A844232D00446B442254635D229
:10C8600028780134F5F718FA0028F6D13FB3BAF169
:10C87000000F24D19DED018A4FF0010A8BE72D2B8B
:10C8800004BF2C464FF0010B95E74FF0000B92E7E9
:10C890006E2B0DD1637843F02003612B08D1A37870
:10C8A00043F020036E2B03D1E01C8DED019AB7E716
:10C8B00001AA311B2046FFF7C9FE0028B0D1154957
:10C8C000154804F013FC4146FFF700FECED1BAF143
:10C8D000010FF4D09DED010ABAF1000F0AD0F0EE7D
:10C8E000400AB0EE480A03B0BDEC048BBDE8F04F3F
:10C8F00003F0A4BB17B1DFED050AF4E703B0BDEC0C
:10C90000048BBDE8F04F04F0C5BD00BF000000007F
:10C910000000C07F1D95050898EA050808B510209D
:10C92000F3F7BFFC0123837008BD10B503F00103CA
:10C930000224C0E901128470C37010BD9DF8043058
:10C94000426003F00103C370009B8360029B03738A
:10C95000C368039A817062F31F23C36070470000AD
:10C9600070B504460D4623881046BBB10A46002325
:10C97000214605F049F92346002213F8011B090658
:10C9800003D4D30726D51D4B18E01E1B13F8011B3B
:10C99000013EC1F38015B5402A43F0E7A3786668ED
:10C9A000042B0FD0052B16D0032B0A46A368314663
:10C9B0001DD105F029F9E37813B9114B036009E0A3
:10C9C000104BFBE71049A468102002F0F2F9C0E90F
:10C9D0000154C66070BD0D49257BE468102002F04B
:10C9E000E8F9C4F31724C0E90156C460F2E705F082
:10C9F0000BF9E378002BEDD0C5E700BF40F0050848
:10CA0000F8EE050824F00508E0EE0508C8EE050874
:10CA100038B5144612F4807218BF1A461D46FFF747
:10CA20009FFF620902F008022A44E1B2BDE83840E3
:10CA300003F0A0BAD0E90003184770B506460C46CB
:10CA40008D18AC4200D170BDD6E90003984704F8B8
:10CA5000010BF6E738B505460024D5E900039847F1
:10CA600000F07F0343EAC4140306F6D4204638BD21
:10CA70002DE9F04186B00546FFF7DCFFC4B2042C77
:10CA800006D8284B53F82440204606B0BDE8F08174
:10CA90002846FFF7DFFF064630B9062C04D12846AA
:10CAA000FFF7C8FF204CEFE70A2C10D100213046D9
:10CAB0000AF0EEF80027044600F10408B742E3D07C
:10CAC0002846FFF7D5FF013748F8040FF6E731464F
:10CAD00002A8F4F7E7FB049932462846FFF7ADFFBA
:10CAE000631F012B0CD82846FFF7A4FF052C02A8D2
:10CAF00003D108F041F90446C6E708F043F9FAE724
:10CB0000072CDDE903104FF0000303D10A22FFF7E1
:10CB1000EDFCF0E7093C624200936241FFF726FE1C
:10CB2000E9E700BF50E405080CF805082DE9F041DD
:10CB300004460E46174600252068FFF77BFF5FFA84
:10CB400080F8B8F1FF0F01D1BDE8F081C1070CD525
:10CB50002068FFF77FFFC20748BFA3684FEA500570
:10CB600054BF06EB850503EB85054FEA5803082BF8
:10CB700021D8DFE803F0050505050505171B1E0094
:10CB8000DB070DD52068FFF765FF5FEA980824D022
:10CB9000B8F1010F0CBFA368E3680246294617E00D
:10CBA0000120F2E763689B680120F6E76368DB68B1
:10CBB000FAE70B4BF8E703F18043094A093B52F8C7
:10CBC0002330F1E751F804CB9C44013A41F804CCFE
:10CBD000002AF7D105EB8005AEE73B46DDE700BF55
:10CBE00084E405082DE9F04F8FB080460991FFF7E6
:10CBF00031FF00F003039A1C0492C20800F00409FC
:10CC00000892002B3AD11046F3F732FB089A0146FE
:10CC100005464046FFF711FF4FF0000A56465746BB
:10CC20005446CDE905AAB9F1000F00F091804046C5
:10CC3000FFF710FF049B8146032B08BF01308000E3
:10CC4000F3F716FB4FF0000B0790CB4576D1FFF7BB
:10CC500065FE049B022B834640F086802A46002313
:10CC600012F8011B090676D4079A9BB2294658464A
:10CC7000FFF75BFE58460FB0BDE8F08F0898F3F75A
:10CC8000F7FA089A014605464046FFF7D6FE049B90
:10CC9000032B404615D1FFF7DDFE2E182B5C044612
:10CCA000721C0027180603D44FF0000A5646B8E756
:10CCB000901B12F8013B0138C3F3801181400F43F0
:10CCC000F0E7FFF7C7FE049B052B07460BD1404654
:10CCD000FFF7C0FE06464046FFF7BCFE0024CDE944
:10CCE000054482469FE710F0200620D04046FFF71B
:10CCF000B1FE834617F0400002D04046FFF7AAFE7F
:10CD00001BEB000415D0033020F003040BEB0400F0
:10CD1000F3F7C7FA0319069005932EB15A46194640
:10CD20004046FFF78AFE0026B24634467BE7B3460C
:10CD3000E0E7CDE90544A246264674E70999404656
:10CD4000FFF750FF079B43F82B000BF1010B7CE72B
:10CD5000CDF81C907BE7541B12F8011B013CC1F37A
:10CD60008010A04003437DE7099B0B93059B0C9328
:10CD7000069B0D93FB06CDF8288011D5DFF8508077
:10CD8000D8F8CC0020B9014606F01EF9C8F8CC004E
:10CD9000294605F088FE2A4629460AA8FFF7C6FE5E
:10CDA000049B032B06D12C44B9F1000F03D0079B41
:10CDB00043F82940079C089B0499BFB2CDE9026A59
:10CDC000CDE900472A465846FFF7B8FD52E700BFB5
:10CDD000800400202DE9F04786B08368049305465F
:10CDE0000368059302A80E463F49F3F7DFF90422D2
:10CDF0000DEB02012846FFF720FE9DF804304D2B75
:10CE000011D19DF80530062B0DD19DF80640A308E1
:10CE100013F02F0303D004F00302032A03D19DF87B
:10CE200007201F2A02D9314800F0D0FF23B1043B6C
:10CE3000032B01D92E48F7E714F04004F3D128461C
:10CE4000FFF708FE80462846FFF704FE07464FEA34
:10CE5000480003304FEA900A07EB90008000D6F8B4
:10CE60000090F3F705FAC9F8080000EB8A00C9F84A
:10CE70000C0044450DD10024BC4231682AD128461B
:10CE8000FFF7B0FE70600120F3F798F906B0BDE837
:10CE9000F0872846FFF7DEFDC3074FEA500913D499
:10CEA0004846F3F7E5F94A46014682462846FFF729
:10CEB000C4FD2846FFF7BEFD49465046F4F74AF840
:10CEC00081465046F3F7FCF933689B6823F81490C9
:10CED0000134CEE72846D1F80C80FFF7C9FD48F8A9
:10CEE00024000134C8E700BF0FD0020823950508CD
:10CEF0002F9505081FB50C46014601A817F062FCE6
:10CF0000214601A8FFF766FF04B010BD024B8268FE
:10CF10001A61C268DA60704780040020838803F4D5
:10CF2000C072B2F5C07F0FD01A0604D5C37B00EBE8
:10CF300083000069704713F4807307D0C37B00EB54
:10CF40008300036958687047014870471846704766
:10CF50005385030870B5284CF3F7A4FF002501237F
:10CF6000E561A4F80C32D4F810320BB1A4F80C52DD
:10CF7000A4F8185204F042F8204B214E2148656471
:10CF8000C4E90F35204BA36403214FF0000384F85C
:10CF90000432C4F8005203F0B5FD0121304603F01D
:10CFA000B1FDAA22BA21304603F0B8FE002108469E
:10CFB000C4E90366C4E92C55C4E96955E566C4F8BB
:10CFC000CC50C4F8B85005F0FFFF0A21C4F83C016A
:10CFD00005F069FD40F2E261D4F83C0105F063FD23
:10CFE000002106F1440005F0A5FE40F21A7240F25D
:10CFF000DA63C4E9502370BD80040020F8ED050811
:10D00000DC040020CC040020E8FB05087047D0E9D0
:10D010000230184708B5074BD86E08B9064808BD56
:10D02000002241F69A01043001F08CFC0028F5D072
:10D030004068F4E780040020D4020608034BC000D7
:10D040000A4640F00201D86803F068BE8004002060
:10D05000034BC10041F00201D86803F06DBE00BF70
:10D0600080040020034BC0000A4640F0020118690A
:10D0700003F054BE80040020034BC10041F00201C4
:10D08000186903F059BE00BF80040020F8B51C46A3
:10D09000930707460D46164608D113689A889106ED
:10D0A00015D5520610D5AB889B0501D52660F8BD75
:10D0B00050B9114B9D4207D010490C2001F079FE68
:10D0C000C0E901562060F2E7C4E90067EFE70C4AC7
:10D0D000934202D173682360E9E70A4A9342E5D19B
:10D0E00030B101F073FE084B984214BF05463D462F
:10D0F0007368C4E90035DAE78CF3050864E40508D1
:10D1000070FC050858FC0508B8FC050800232DE94B
:10D11000F041C2E900330E460746144601F056FEC0
:10D120000A2E054602D12060BDE8F081192E07D1F4
:10D13000838803F4C0731BB1144BC4E90037F3E7D1
:10D140006B7B5BB105EB830322461B693146384696
:10D1500098476368042BE7D100236360EB7C002BC6
:10D16000E2D005EB8303F1001869002241F00201CF
:10D17000043001F0E7FB0028D6D042682346294658
:10D180003846BDE8F041FFF781BF00BF48020608FE
:10D19000F0B593B0054668460E4617461C46F3F7B1
:10D1A00027F840B93A4631462846FFF7AFFFF2F775
:10D1B000F5FF13B0F0BD002CFBD1019B04491868AA
:10D1C0000AF02CFD0028F4D10198F3F729F800BFEC
:10D1D000B4EC050808B519B903F082FFF3F720F89D
:10D1E00003F084FFFAE70EB403B503AA52F8041B58
:10D1F000019203F0A9FFF3F713F8000070B5124E87
:10D20000C4000546306944F002040022214604307F
:10D2100001F098FB0246A0B9F06E30B1214604300F
:10D2200001F090FB08B1406870BD024621460748F6
:10D2300001F088FB024620B9054906482A46FFF757
:10D24000D2FF5068F0E700BF8004002084FE05088C
:10D250003B950508B8EB05080A4B10B50446D3E921
:10D260000303984207D0E100002241F0020104309C
:10D2700001F068FB20B92046BDE81040FFF7BEBFB3
:10D28000406810BD80040020032837B505460C46D1
:10D2900008D1084601F0C0FF002814BF0E201E2050
:10D2A00003B030BDCA0723D54B1008281ED8DFE8CD
:10D2B00000F0050E1D1D071D050C05002046EFE7BB
:10D2C000002B14BF1E200E20EAE7002BF6DAB3F184
:10D2D000404F06D14FF0804003B0BDE8304005F02C
:10D2E00045B95842400040F00100D9E7D843F9E77A
:10D2F000062822D101F00703022B11D08B071CD185
:10D300000B681A7BCAB103EB82031A691E4B9A425F
:10D3100013D148680028E5D18B68C868019308E0FC
:10D32000C808F3F7C1FE0028DCD101A9E008F3F733
:10D33000DBFE0199F3F7A6FDD4E7204601F046FD98
:10D34000C37AC3B100EB830021460369284698479E
:10D350000028A5D1042D12D0A5F10803022B10D965
:10D360000A4B20465D5D01F03DFD094903462A4612
:10D370000848FFF738FF062DECD16000B3E71E2008
:10D380008EE700208CE700BFA15603080EFD0508BC
:10D3900047950508E0EA05082DE9F04104460E46E8
:10D3A0001746984601F012FD857A55B100EB8500CD
:10D3B000434605693A4631462046AC46BDE8F04151
:10D3C0006047204601F00EFD024902460248FFF781
:10D3D0000AFF00BF50950508E0EA050800231A4639
:10D3E0001946FFF7D9BF0000F0B51546124A87B0BD
:10D3F0000C46116904910646D168059102A80F49AF
:10D40000C2E90335F2F7D2FE224637683146684654
:10D41000F6F718FFB4FA84F2520939466846F9F76C
:10D42000C3FF044615B1FFF7D9FF04460120F2F708
:10D43000C5FE204607B0F0BD800400200DCF0208D5
:10D4400007B50022019101AB0121FFF7A5FF03B051
:10D4500000BD30B45468003C154618BF0124C4F127
:10D46000020302EB83030A462118286830BCFFF749
:10D4700093BF000010B5044603F0DCFE30B100237A
:10D4800020461A461946FFF787FF0446204603F058
:10D49000EBFE28B9BDE810400249034803F026BE60
:10D4A000204610BD56950508E0EA05087FB5104BEB
:10D4B0000592C00040F00200019018690290062019
:10D4C000CDE90301D86E70B1002241F6CA010430E3
:10D4D00001F038FA38B1406801AB00220521FFF7AE
:10D4E0005BFF07B000BD01A905200BF069FCF8E760
:10D4F0008004002070B5164604460D46FFF706FE70
:10D50000336893B9A30709D12268084B9A4205D121
:10D51000E28807492B460748FFF765FE204601F0E1
:10D5200061FC054902462B46F5E770BDB8FC0508CD
:10D5300077950508B4EC05088095050807B56A4697
:10D54000FFF7D8FFDDE9000109B102F0B1FC03B03B
:10D5500000BD00002DE9FF41174606460C461D465A
:10D5600001F034FC374A904208D12B463A46214616
:10D57000304604B0BDE8F04104F008BC818811F4E5
:10D58000C07816D0062C2ED12F4F00233B62FFF718
:10D59000C5FC034630469847286018B1012004B006
:10D5A000BDE8F0813B6A834218BF1C462C60002016
:10D5B000F5E7062C17D101AA19213046FFF7A6FD81
:10D5C000019B63B901AA8A213046FFF793FF0394B8
:10D5D00001AA00210120FFF73CFF2860DEE701AA35
:10D5E00041464046F7E7002CECD1384601F0EEFB0F
:10D5F00016490AF013FB01AA60B147213046FFF734
:10D6000085FD019B73B101AA21462046FFF721FF4A
:10D610002860CCE79B213046FFF778FD019B0BB1DA
:10D620000397D5E70A49384603F032FE30B109497D
:10D63000094803F05BFD28600220B0E73846FFF799
:10D6400019FFF8E7B0EF050880040020D4ED0508C5
:10D6500068ED05088895050870EB05087FB500237F
:10D6600002AA4FF444710546FFF792FD029CDCB11B
:10D67000204601AA694601F033FD0024009BA34225
:10D6800001D804B070BD019B53F8240007F0B2FD2F
:10D6900002AA014606462846FFF72CFF02993046AB
:10D6A000FFF7CCFC0134E9E7284602AA40F2163124
:10D6B000FFF720FF029DAB68A342E2D9EB6853F865
:10D6C000340088B104280FD007F056FF03785F2B91
:10D6D0000AD0EB6853F8340007F08CFDEB6803EBDD
:10D6E000C4035968FFF7AAFC0134E4E773B50546A3
:10D6F0000C46164601F06AFB437B5BB100EB8300EE
:10D7000004220369CDE9002621466A462846984747
:10D71000009B43B1284601F065FB044902462346BD
:10D720000348FFF760FD02B070BD00BF809505089B
:10D73000B4EC050873B50C46064601F047FB838838
:10D740001906054632D4C37BB3B14CB900EB830351
:10D750001A69174B9A4203D01020F2F789FD04464C
:10D76000EB7BAA8805EB8303D2051B69214648BFE2
:10D770001B683046984778B96A460F213046FFF754
:10D78000C5FC009B53B11CB91020F2F771FD044693
:10D790002146684604F0E8FB02B070BD304601F057
:10D7A00021FB044902460448FFF71DFD3046F3E71C
:10D7B000AD7003089F950508E0EA050837B50546F2
:10D7C00001F004FB818811F4C0740AD0104B0022D0
:10D7D0001A62FFF7A3FB0346284603B0BDE83040BA
:10D7E00018476A4619212846FFF790FC009B3BB971
:10D7F000284601F0F7FA074902460748FFF7F3FC0D
:10D800006A4621462046FFF724FE03B030BD00BF24
:10D8100080040020AC950508E0EA050830B505460F
:10D8200095B000F091FF284601F0D0FA848814F4F6
:10D83000C0740AD01B4B00221A62FFF76FFB03462D
:10D84000284615B0BDE8304018476A4619212846D9
:10D85000FFF75CFC009BE3B102A8F2F7C9FC0146AC
:10D8600040B96A46FFF7F5FD0446F2F797FC2046FB
:10D8700015B030BD039B0C4918680AF0CFF9034678
:10D88000039823B103F0FEFB064B1862EFE7F2F7B3
:10D89000C7FC284601F0A6FA044902460448FFF7EF
:10D8A000A2FC00BF8004002068ED0508AC950508C7
:10D8B000E0EA05082DE9F04F8DB0136803930028C6
:10D8C00053D102F104090546C1F30724630053FA5A
:10D8D00081FB5FFA81F859F82B707F105BD13E46CF
:10D8E0004FEA8803029309EB880A09EB8B03019343
:10D8F00052464FF0000B019B9A4250D104EB0B03B0
:10D90000009308F1010B002F5DD10BEB4306B00033
:10D91000F2F7AEFC044615B10560D8460127029A1D
:10D92000494604EB87001CF0BDFA4546009B05EB19
:10D930004307B74205D92046B900F2F7B4FC3E468A
:10D9400004462F46019B534540F08C807A1B2946A4
:10D95000234652080398FFF71FFD05462046F2F7BD
:10D96000AFFC28460DB0BDE8F08F556802F10809FC
:10D97000AAE727FA0AF3D80708D559F82A0001F0D0
:10D980002DFC18B101F004FB013806440AF1010A2C
:10D99000D045EED1A4E74FF0000A5646F8E71168EB
:10D9A00079B9506868B181070BD10168654B99421C
:10D9B00007D1009203F0AFF90BF1FF33009A03EBAC
:10D9C000000B083297E7009B5E4406EB4306B0006D
:10D9D000F2F74EFC04460DB1056001254FF0000B37
:10D9E000D845A3D027FA0BF3DA0759F82B0035D521
:10D9F000830716D10368544A934202D0534A934294
:10DA00000FD108AA07A901F06BFB079A089904EB4C
:10DA1000850092001CF046FA079B1D440BF1010B98
:10DA2000DEE708A9FFF786FEA8EB0B03049002933C
:10DA30000498FFF7F3FE03460028EFD0029A2A4429
:10DA4000B24207D3F10020460593F2F72CFC059B68
:10DA50000446760044F825300135E9E744F825000E
:10DA60000135DBE7DAE90019002962D119F0030872
:10DA700027D1D9F80020334B9A4222D1D9F8082077
:10DA8000904502D30AF1080A5CE7D9F80C2052F855
:10DA900038004FEAC80B88B104280FD000F0070205
:10DAA000022A01D008F05EFD44F82700D9F80C20C6
:10DAB0005A4404EB870152684A60023708F10108B2
:10DAC000DCE708AA6A214846FFF714FD002108AAEE
:10DAD0000846FFF7BEFC0021FFF72CFE83465846A0
:10DAE000FFF79CFE80460028CCD07A1C964205D8D1
:10DAF000F1002046F2F7D7FB7600044608F0070253
:10DB0000022A03D0404608F02DFD804608AA0F21C6
:10DB10004846FFF7EFFC08AA00210120CDF8288035
:10DB2000FFF797FC04EB870244F827800237506028
:10DB3000D5E704EB870244F827100237C2F80490B7
:10DB4000A0E700BFD4E9050824FC050804F2050895
:10DB500070B5830786B00C4615461BD103681D4A75
:10DB6000934202D01C4A934214D102AA01A901F0A7
:10DB7000B7FA019BA34227D319D8029B043D03EBBC
:10DB800084049C4201D106B070BD54F8042D45F8C0
:10DB9000042FF6E702A9FFF7CDFD00230646A342B6
:10DBA0000193304606D3FFF739FE0028EBD00B492E
:10DBB00022460BE0FFF732FE30B1019BE11A01393A
:10DBC000013345F82100EAE7019A05490548FFF7C6
:10DBD0000AFB00BF24FC050804F20508CF950508E0
:10DBE000BA95050898EA05082DE9FF411546820710
:10DBF000CEB2C1F3072432D10368364A934202D031
:10DC0000354A93422BD10290029803AA01A901F050
:10DC100067FA01983319834256D882002B4605EBE8
:10DC200084084345039910D1801B01EB8601001B3A
:10DC300005F0CAF945F82400B700043F3B1D09D19F
:10DC40000023029304B0BDE8F081043A895843F8F8
:10DC5000041BE6E7039BDB5948F8043FEDE700218E
:10DC6000FFF768FD00230746B342019317D3002155
:10DC7000084605F0A9F906463846FFF7CFFD0146EC
:10DC8000C0B9B368A3421FD345F8246005EB8402F2
:10DC900005EB8301AA4211D11B1BB360D2E73846C2
:10DCA000FFF7BCFD80B1019BF21A2244013345F815
:10DCB0002200D9E7304604F0F6FEDDE7F768881A5F
:10DCC000385842F8040DE5E7019A04490448FFF783
:10DCD0008AFA00BF24FC050804F20508BA95050875
:10DCE00098EA05082DE9F04784B000AF07F1080273
:10DCF00004460E46FFF70AFAD7E9020129B102F0FD
:10DD0000D7F81037BD46BDE8F0870028F9D107F1F4
:10DD1000080240F21A312046FFF7F8F9BB6823B930
:10DD20001E491F483246FFF75EFA07F108022046F7
:10DD30001721FFF7EBF9391DB86807F08FFC824611
:10DD40003046F3F7BCF9D7F8048008F1010544190F
:10DD5000E31D23F00703ADEB030D6B46424651462E
:10DD60004FEAD30968461CF09DF82E2308F8393095
:10DD70003046F3F7AEF980463046F3F7A0F9414656
:10DD800002460DEB05001CF08DF821466846F3F7BE
:10DD9000E1F801221E21FFF789FBB2E7EC950508A7
:10DDA0006CEC050808B50446F2F766FB18B10449A7
:10DDB0000448FFF70FFA044902482246FFF713FA16
:10DDC000F2950508DCEB050819960508014608B52B
:10DDD0000148FFF7FFF900BF98EA05082DE9F04375
:10DDE000831E87B007460D469146062B43D8DFE8D1
:10DDF00003F00C42420C4204120049450CBF1E269F
:10DE00000E26304607B0BDE8F0834A4607B0BDE8AD
:10DE1000F04301F029BA484603F00CFA40B14946F4
:10DE2000284603F035FA002814BF1E260E26E8E720
:10DE300019F0030640F03481D9F80020AB4B9A4228
:10DE400040F02E8109F10408D9F80430B34201D81A
:10DE50000E26D6E758F8044F204603F0EBF90028C9
:10DE600000F01F812146284603F012FA002840F0F6
:10DE70007C810136E8E7E90740F1308119F0010FB4
:10DE80004FEA650800F0F9804FEA6904232800F2A0
:10DE90000781DFE810F0D800DD000501E200E700AF
:10DEA000050105010501050124002F0032003500A0
:10DEB00065006E007100740005017A008200940014
:10DEC0009C0024002F003200350065006E007100B8
:10DED000740005017A00820094009C00BF0048EAAB
:10DEE000040090EA40034FEA400600F1C08046F08B
:10DEF000010686E788EA0400F3E708EA0400F0E791
:10DF0000002C02DA7A48FFF761FF1F2C09DC6FF062
:10DF100040432341434504DB4FF040432341434505
:10DF20001BDD4046C11704F011FB05464C46284650
:10DF300000F04CFF037B002B40F0E880A7F10903C1
:10DF4000DBB20C2B00F2EE8023460D372C46FFB2DD
:10DF50001D462B4625461C46E9E708FA04F0C0E7B3
:10DF6000002CCFDB1F2C2046A8BF1F2048FA00F052
:10DF7000B7E708EB0400B4E7A8EB0400B1E788FBBF
:10DF80000404B4EBE07FACD0CBE7002C00F0EF80D2
:10DF9000214640460EF02AF9A3E7002C00F0E78066
:10DFA00007EE908AB8EEE70A07EE904AF8EEE77AB5
:10DFB00080EE270A07B0BDE8F04303F06BBA002CEF
:10DFC00000F0D580214640460EF002F989E7002C8A
:10DFD0001DDA07EE908AB8EEE70A494607B0BDE8B9
:10DFE000F04303F0C1BA43460120E20707D580FBA6
:10DFF0000302B2EBE07F94D1012C3FF472AF83FBBC
:10E000000332B2EBE37F4FEA6404EED089E7EAD152
:10E01000012066E7002C00F0AA800021022008F011
:10E0200037FE2146064640460EF0E0F8400040F03C
:10E030000100B060214640460EF0CAF8400040F0B2
:10E040000100F060DDE6A045B4BF1E260E26D8E62E
:10E05000A045CCBF1E260E26D3E6A045D4BF1E2663
:10E060000E26CEE6A045ACBF1E260E26C9E6C11779
:10E0700007B0BDE8F04304F069BA19F0030F2DD1E1
:10E08000D9F800301B4A93421BD107EE908A4946CB
:10E09000B8EEE70A03F068FA064600287FF4B1AE4E
:10E0A0004C46154B2846DE5D00F09CFE054620469A
:10E0B00000F098FE114900902B4611483246FFF7B8
:10E0C00092F8104A934209D107EE908ADFED0E0ACA
:10E0D000B8EEE70A494602F087F8DDE7062F2B463F
:10E0E00002BF24274D46994620E700BF24FC0508BF
:10E0F000479605087CEE0508DCFC050855960508E2
:10E10000E0EA0508E8E705080000000000EB8300EE
:10E1100022460369294638469847064600283FF4B8
:10E120000DAF6EE6A7F11603DBB20C2B02D80F374A
:10E13000FFB20EE7A7F10F03252FDBB22A4622BF5D
:10E140001F4625461446242FABD1284602A9FFF7C7
:10E15000F1FA05462846FFF761FB00283FF478AE48
:10E16000214601F0FFF80028F4D01E2649E60249B6
:10E170000248FFF72FF800BF68960508FCEC050879
:10E18000014608B50148FFF725F800BFE0EA050899
:10E190002DE9F04104460D4617461E4641B1186868
:10E1A00000F014FE6368834202D00548FFF7E8FFE1
:10E1B000A06833463A462946BDE8F041FFF7ECB87F
:10E1C00074960508014608B50148FFF703F800BF3B
:10E1D0004CEB050807B50022019101AB012102F0CB
:10E1E000A3FEF2F71DF80000014608B5024809B980
:10E1F000FEF7F0FFFFF7EEFF68ED050808B500F049
:10E20000F1FD024902460248FEF7EDFF7A96050845
:10E21000E0EA0508410008B5024841F00101FFF7B6
:10E22000D9FF00BF94EB050808B5024842F2CA01C5
:10E23000FFF7D0FF70EB050830B593B00446684691
:10E240000D46F1F7D5FF48B920462946FFF7F8F803
:10E250000446F1F7A3FF204613B030BD01990248F0
:10E2600000F0EEFD0024F6E7E4D90508044BD86180
:10E27000B3F90C22012A04BF0022A3F80C22704734
:10E2800080040020EFF3108172B6084BB3F90C2222
:10E29000002AB6BFB3F90C224FF6FF7202F1FF322B
:10E2A000A3F80C2281F31088704700BF800400207F
:10E2B000EFF3108172B60C4BB3F90C22013212B29B
:10E2C000A3F80C2252B9DA692AB9D3F8102212B98C
:10E2D00093F818222AB10022A3F80C2281F31088A7
:10E2E00070470122F8E700BF8004002070B5EFF30B
:10E2F000108472B60F4B93F81822082A17D0B3F97E
:10E300000C52012D04BF0025A3F80C5293F81952AA
:10E31000561C2A4402F00702283283F8186203EBE5
:10E32000C203C3E90201012084F3108870BD0020FC
:10E33000FAE700BF8004002030B5EFF3108472B616
:10E340000268B2B90C4BB3F90C52012D08BFA3F807
:10E350000C2200224260D3F8142201603AB9C3F8BB
:10E360001002C3F81402012084F3108830BD5060FD
:10E37000F7E70020F8E700BF800400200228F8B586
:10E380002B4C11D0E3697BB1EFF3108372B6E269D5
:10E3900042B100210128E16104D183F310881046C5
:10E3A000F1F73EFF83F31088B4F90C323BB9EFF379
:10E3B000108272B6B4F90C7217B182F31088F8BDEE
:10E3C000D4F814624FF6FF73A4F80C3296B1D4F867
:10E3D00010526B68C4F810320BB9C4F814322B68B1
:10E3E0002F6082F3108828469847EFF3108272B6A8
:10E3F000AE42ECD194F81852BDB194F8193203F141
:10E400002801013304EBC10103F00703013DD1E909
:10E41000020184F8193284F8185282F31088FFF749
:10E420000BFFBDE8F840FFF743BF82F31088F8E721
:10E43000800400200120FFF7A1BF08B5FFF7FAFF15
:10E4400030BF08BD08B5FFF7F5FF30BF08BD0000BD
:10E4500038B1044A1369984202D0106118467047D7
:10E46000002070478004002001F00F0108290DD81A
:10E47000DFE801F011050A0C0C0C0C0C0E00002852
:10E480000CBF0E201E20704704F070B804F089B84D
:10E49000C00040F00200704708B500F0CFFD10EE5C
:10E4A000100A27F0D5FF41EC100B08BD00F0C6BDE7
:10E4B00008B551EC100B28F023F8BDE8084000EE39
:10E4C000100A02F0E7BF02F0E5BF0000F0B593B01C
:10E4D0000446684616680F461546F1F789FE80B96E
:10E4E00086420CBF394601462B4632462046FFF78E
:10E4F00031F80446F1F752FE012C0DD1204613B03D
:10E50000F0BD019B2B601049286802F0C1FE034654
:10E51000286893B9F1F784FE002CF4D12B680BB96D
:10E5200006232B606EB10949304602F0B1FE002887
:10E53000E5D03046FEF79EFFECE702F0A3FD286031
:10E54000F0E73046DBE700BF68ED0508D4ED0508CD
:10E55000036803B94068FFF761B91346C1F30722A6
:10E56000C9B2FEF719BF1FB501F00F03012B044616
:10E570000CD011F00E0F0BD0023B012B0AD9012257
:10E5800001A900F037FF50B1019801E000F044FE0E
:10E5900004B010BD04B0BDE8104000F005BD204639
:10E5A00000F002FDF4E708B528B1062803D0FEF715
:10E5B00061FFF1F735FE08BD10B50C4619B9BDE88D
:10E5C0001040FFF7B7B8FFF7B5F884421CBF00232F
:10E5D000C4E90030002010BDB0F58D6F17D840F2AF
:10E5E0006443984209D85E281DD075281DD03E2866
:10E5F00014BF4FF0FF3001207047A0F266400228A0
:10E6000015D8DFE800F00C0E02000520704740F23C
:10E61000F343984214BF4FF0FF30032070470620A9
:10E620007047072070470220704700207047042081
:10E63000704738B503460D46144661B152B11146D4
:10E640002846984760B16B683BB96C6045F00103A0
:10E65000AC60E3602C46204638BDAB68DC60F5E773
:10E660006368EB606560002BF5D144F00103A560A1
:10E67000EB60F0E7F8B5064631B1002511F0010373
:10E6800004D00023EB6029460846F8BDCC68CB6077
:10E6900014F0010307D1E768E36022463046FFF734
:10E6A000C8FF3C4601460A4630462946FFF7C1FFEF
:10E6B00021460546E2E78A422DE9F0410F4606D1A0
:10E6C000002351685360BDE8F041FFF7D3BFD6681F
:10E6D00096B11446E468E307FCD524F0010406F083
:10E6E00001086368934216D15168002339B98845FF
:10E6F00018BF0E466660D1603846BDE8F0815360B1
:10E70000D360FFF7B7FF05466060EE60B8F1000F19
:10E71000F2D0A560F0E71D46DB689342FBD10022F2
:10E720005968DA605A60FFF7A5FF0028EDD0E8606D
:10E730000546EAE7034B82B0186801ABC01A02B085
:10E74000704700BF8004002007B5054A136852686F
:10E7500001A95B1A9A4201D8FFF766FD03B000BD1C
:10E760008004002008B5034621B1D10702D40F4828
:10E77000FFF706FDC2F34F00B0EB524F4FEA524194
:10E7800006D1994210D00A4609490A48FEF72BFDE6
:10E79000994204D9CA1A07480749FEF724FD98424E
:10E7A00002D206490246F0E708BD00BF819605087F
:10E7B0008B960508E0EA05089D960508A5960508CC
:10E7C0002DE9F74FDDE90CA5002481468B469046E4
:10E7D000019326462746019B9C4204D14F453AD2DD
:10E7E0002248FFF7CDFC4C450FD2BAF80220920523
:10E7F000F6D45BF8240001379AF80220012A23D1CD
:10E8000000F00AFD05F8240017E0BAF80010C9006E
:10E81000002241F00201404600F094F888B9BAF8AD
:10E820000220D30505D5BAF8002011491148FEF79A
:10E83000DAFCDAF8042045F8242001340AF1080A49
:10E84000C9E740680136D7E7022A01D100F0A0FBF2
:10E8500045F82400F1E7D8F80030B6EBD30F01D229
:10E860000548BEE703B0BDE8F08F00BFB7960508C6
:10E87000B2960508E0EA0508C196050870B586B0AD
:10E880000446154602EB800203A81E4600F031F84C
:10E890000B9B01930A9B009303AA3346294620460B
:10E8A000FFF78EFF06B070BD08B50148FFF78AFC80
:10E8B000CB960508074900220B88834208D2013213
:10E8C000222A01F10201F7D100EB500040F00103D0
:10E8D00018467047E0E5050810B50446416019B9CF
:10E8E0000123A160236010BDC800F1F7DAFC0146E6
:10E8F000F6E74160C90041F007010160826070479E
:10E9000003789B0710B5044602D48068F1F7D8FC61
:10E910002368002262F3DF036260236010BD037886
:10E920009B0710B5044602D48068F1F7C9FC236840
:10E9300003F0040343F0010323600023C4E901331F
:10E9400010BD00002DE9F04F022A85B004460E46A6
:10E95000924612D0426882B1994BC1F386010B44B2
:10E9600093F81A32B3FBF2F102FB1133826802EB27
:10E97000C30552F83330B3427FD0237813F001033C
:10E980000093237810D006F00702022A0CD016F06C
:10E99000030203D130688B49884204D0BAF1010FD9
:10E9A00002D0002569E000925B076CD52768A56856
:10E9B00027F007072F44BD4232D3BAF1010FF0D13F
:10E9C000D4E90032B2EBD30FC3F3DC0111D104312F
:10E9D0006160A068C900F1F766FCD4E90032A2EBDF
:10E9E000D30223F00703A060D200002118441BF0DB
:10E9F000A3FA2368A168C3F3DC02501C60F3DF03B1
:10EA0000236001EBC20541F8326006F007060022E0
:10EA1000022E6A6031D0237862F3000323702CE069
:10EA20002868B04205D0009B5BBB314600F09AFCE1
:10EA300038B3BAF1020F17D12368D5F80480083B28
:10EA40007A1B05F108012360083A28461BF05EFA9C
:10EA50002568A368C5F3DC0225F007051D440021E5
:10EA600043F83210C5F80480554BC6F386061E44A1
:10EA7000A368EB1ADB1086F81A32284605B0BDE809
:10EA8000F08F083597E763682BB9BAF1010F88D189
:10EA9000204600F099F806F0070BBBF1020F2BD1CE
:10EAA000F008F2F701FB80466368B8FBF3F703FB5D
:10EAB000178701974FF00009A26852F83750FB0002
:10EAC000029302EBC703F5B9BAF1010FD5D1226861
:10EAD000C2F3DC010131A94518BF4B4661F3DF02E7
:10EAE000BBF1020F2260C3E9006503D0227865F311
:10EAF000000222701D46C0E731460620FEF7C4FB27
:10EB00004FEA6008D0E7042D20D1B9F1000F08BF0B
:10EB1000994663680137B7FBF3F203FB1277019B59
:10EB2000BB42C9D1BAF1010F7FF43BAFB9F1000F7D
:10EB30003BD0236800220833BBF1020F2360C9F8E1
:10EB40000060C9F804202BD14D4696E7B5420CD0A1
:10EB500000990029DDD131462846CDE9023200F086
:10EB600001FCDDE902320028D3D0BAF1020F0ED148
:10EB70002168606808392160791CB1FBF0F500FB61
:10EB80001511A06850F8311041B942F837100C4AFD
:10EB9000C6F38606164486F81A72ABE70421F4E73A
:10EBA000237862F300032370CEE7204600F00CF8D0
:10EBB0006368B8FBF3F703FB178701977CE700BF97
:10EBC00080040020DCFA05082DE9F041D0F804802B
:10EBD000044608F10100FFF76DFE0546C000A76876
:10EBE000F1F75FFB2368656003F0060343F0010360
:10EBF0002360A0603D1D0026464504D13846BDE88F
:10EC0000F041F1F75DBB55F8041C39B1042905D07A
:10EC100001222046FFF796FE2B6843600136083537
:10EC2000EAE710B500230446016043608800F1F76D
:10EC300038FBA06010BD03682DE9F74F05468946F3
:10EC4000924623B912F0010F66D000F067F84946EA
:10EC50000620FEF719FB2B684FEA6008B8FBF3F4B7
:10EC600003FB14840AF00103A34600260093A8685E
:10EC700050F82470A20000EB840167B91AF0010F6C
:10EC800038D06B68BE4218BF314601336B60C1F8A3
:10EC900000904F462EE0042F13D1002E08BF0E46E1
:10ECA0002A680134B4FBF2F102FB1144A345DED122
:10ECB000009B8BB336B36B6801336B60C6F8009072
:10ECC000E7E749463846019200F04CFB019A0028DC
:10ECD000E6D01AF0020F0DD06B682868A968013BD6
:10ECE0006B60631CB3FBF0F500FB153351F8233068
:10ECF00023B98B50384603B0BDE8F08F042341F8A8
:10ED00002430F7E7284600F009F82B68B8FBF3F445
:10ED100003FB1484A346AAE70027EBE7F8B50768CE
:10ED200086680546781CFFF7C5FD002428606C60E6
:10ED30008000F1F7B6FAA860BC4204D13046BDE8C5
:10ED4000F840F1F7BDBA56F8241029B1042903D0D0
:10ED500001222846FFF76FFF0134EDE770B5046824
:10ED600000239C4201D1002114E0856855F823104E
:10ED70005A1C89B104290FD04668013E4660B2FB97
:10ED8000F4F004FB102255F82220002A18BF0422B8
:10ED900045F82320084670BD1346E2E710B5044647
:10EDA0008068F1F78DFA0023C4E90033A36010BD39
:10EDB000704710B50C46F1F75BFA046010BD10B552
:10EDC0000C46F1F763FA046010BD000083070FBF23
:10EDD0000068034B00F00F0053F82000704700BF9D
:10EDE00024E6050808B5FFF7F1FFBDE80840C08834
:10EDF000F2F76FB970B50D4604461646FFF7A4FC4E
:10EE00002846FFF7E3FF437A43B100EB8300324625
:10EE1000036929462046BDE870401847C288034967
:10EE20002046BDE87040F2F7E9BE00BFF096050845
:10EE30000A4601460148FFF7DDBF00BF440A060845
:10EE400073B5054608460E4602F00EFA70B101AAE7
:10EE50006946304602F068FA009B3BB116492846E5
:10EE6000F2F717FB009C033C002C0BDA31462846D6
:10EE70000222FFF7BFFF1149284602B0BDE87040EB
:10EE8000F2F707BB019A0E4902EB840328465B6840
:10EE900052F82420F2F7B2FE019B03EB84039A6838
:10EEA00022B906492846F2F7F4FADCE70549284674
:10EEB000F2F7A4FED7E700BFF596050820AD0508D8
:10EEC000199705082E97050808B50246FFF77EFF3B
:10EED000837A53B100EB8300064903698B4204D166
:10EEE000BDE80840104608F071BE181E18BF01208A
:10EEF00008BD00BFF57903081FB58307044603D199
:10EF000002680E4B9A4208D021460820FEF7BCF951
:10EF100010B92046FFF772F9044614F0010303D03C
:10EF20006010E11704B010BD08212046CDE9003380
:10EF300002AA03F0B7FCDDE90201F3E7DCF0050803
:10EF40000E2838B503460C4604D100232360012562
:10EF5000284638BD1E2801D10123F7E710F001052E
:10EF600002D043100B60F3E7820707D10168074A1C
:10EF7000914203D103F03EFB2060E8E719460820E8
:10EF8000FEF782F90028F5D1E2E700BFDCF00508C2
:10EF900013B501A90446FFF7D3FF10B92046FFF7C8
:10EFA0002DF9019802B010BDC20705D4830705D121
:10EFB0000268034B9A4201D103F015BBFFF7E8BF8B
:10EFC000DCF005080E2838B503460D4629D01E286A
:10EFD0002AD010F0010408D0431000EE103AB8EE29
:10EFE000C00A85ED000A012419E082070CD10268ED
:10EFF0000F498A4202D103F051FCF2E70D498A42DF
:10F0000002D102F0AEFAECE719460920FEF73CF90E
:10F0100028B1830703D10268064B9A42F1D02046FB
:10F0200038BD9FED050ADCE7B7EE000AD9E700BF5F
:10F03000DCF005087CEE05080000000013B501A90E
:10F040000446FFF7BFFF38B92046FFF7CBFE04495F
:10F0500002460448FEF7C7F89DED010A02B010BD54
:10F0600037970508E0EA0508F8B505460F46164645
:10F07000FFF7A8FF044618B1002333602046F8BD0F
:10F08000AA070AD12A680C4B9A4206D13246394661
:10F09000284601F0A3F80124F0E729460A20FEF7EC
:10F0A000F3F80028EAD08307E8D10268024B9A42BD
:10F0B000E4D132463946ECE7E8E7050810B50446E6
:10F0C000FFF7D2FF38B92046FFF78CFE024902460F
:10F0D0000248FEF788F810BD42970508E0EA0508E7
:10F0E000830710B50FD103680A4CA34204D14368CB
:10F0F0000B600830106010BD074CA34203D1836839
:10F100000B60C068F6E7FFF76DFE0449024604484D
:10F11000FEF769F824FC050804F20508499705087C
:10F12000E0EA050813B50C4601A9FFF7D9FF019BDA
:10F13000A34204D0034904482246FEF754F802B023
:10F1400010BD00BF5297050898EA0508F7B51F469D
:10F15000D30706460D4614460DD554100194019868
:10F16000002823DA2844B7B100281DDBA84228BFB5
:10F17000284603B0F0BD01A91046FFF7E1FE0028C4
:10F18000EDD12046F588FFF72DFE0A4903462A46B1
:10F190000948FEF728F8B84201DBA842E9D3F28813
:10F1A00006490748FEF71FF80020E2E7002FDDD1EF
:10F1B000F3E700BF64970508E0EA05087B970508B8
:10F1C00024EC0508830701D003F0D0B9002801DA48
:10F1D00003F0E7B9400040F001007047830710B525
:10F1E000014608D102680B4B9A4204D18068400066
:10F1F00040F0010010BD0846FFF7E8FDC37A33B1C7
:10F2000000EB8300BDE8104003690520184718464D
:10F21000F0E700BFACFA05080E2810B5044601D18E
:10F22000002010BD1E281CD00628F9D0C20703D527
:10F23000013818BF0120F4E7FFF7C8FDC37A5BB1BE
:10F2400000EB8300214603690420984720B1A0F118
:10F250001E0358425841E4E72046FFF7BFFF01383C
:10F26000E7E70120DDE7000005282DE9F04707BFAB
:10F270000E264FF01E091E264FF00E0991428246BF
:10F280000C46154607D1E10751D42046FFF79EFDF5
:10F2900083885A074BD504F00703022B06D014F0DD
:10F2A000030847D122682E4B9A420ED105F007037E
:10F2B000022B35D0AB0703D12A68294B9A422FD0B5
:10F2C00023464FF001082C461D462046FFF77EFDE1
:10F2D000027B0746002A3AD08188080704D42846D2
:10F2E000FFF774FDB84232D1BAF1050F09D1CB0650
:10F2F00007D507EB82022146136950462A469847F4
:10F3000060BB3B7B07EB83072A463B692146022013
:10F310009847E0B1BAF1020F20D0FFF77DFF03E07C
:10F320002946204605F01FFF002808BF4E463046FC
:10F33000BDE8F08714F00108C7D0EF07C0D54E46EE
:10F34000F5E723464FF001082C461D46BDE7B8F10E
:10F35000000FF6D0A54218BF4E46E8E70646E6E79E
:10F36000DCFA050808B50A4601460220FFF77CFFD3
:10F37000BDE80840FFF750BF10B50446FFF72EFF69
:10F3800038B92046FFF72EFD024902460248FDF734
:10F390002AFF10BD82970508E0EA050838B5044643
:10F3A000FFF714FD837B15462BB100EB8300036947
:10F3B00020469847A0B9204635B9FFF713FD094903
:10F3C00002460948FDF70FFF042D04D1FFF70AFD9F
:10F3D00006490246F5E7FFF705FD05490246F0E755
:10F3E00038BD00BF8F970508E0EA0508A997050812
:10F3F000BB97050838B50546FFF7E8FC037C1446C3
:10F400001BB914F004000BD138BD00EB830002F0EF
:10F4100003020369284698470028F2D10120F3E748
:10F420000148FEF7ADFE00BFCD970508042803D0C4
:10F43000052807D0002070478B68002B0CBF0E20DA
:10F440001E2070478868400040F0010070470000AF
:10F45000074B0268C1E900300023C1E90233054BC4
:10F460009A4202BF4368C3F317238B600846704774
:10F470006CE60508B8E60508F8B50D4601790446BE
:10F4800001F07F0116464020002209F0CFF8A26863
:10F49000E36827682B6042436A60227902F07F01AB
:10F4A000A96008498F4209D1110601D4B20707D4D7
:10F4B0006268C2F3172200FB02332B600020F8BD04
:10F4C0000120FCE7B8E60508F8B5002205460E461F
:10F4D0000146402009F0AAF807461020F0F7C8FEC0
:10F4E000094A0A4B0571012D08BF134603604368A2
:10F4F00003F0FF030446C0E9013606FB07F0F0F70E
:10F50000B7FEE0602046F8BDFCE6050884E6050885
:10F510004268C36891688B4230B40AD21479D168CA
:10F5200082685D1CC5601A4404F07F0030BC09F09D
:10F53000EDB8002030BC7047F8B54368FF2B044697
:10F540000F461AD801790022402009F06FF8A1680F
:10F55000083105464143E068F0F7A5FE6268E060C7
:10F56000082363F31F226260A26802FB0556002194
:10F57000C5EBC50230441AF0DFFC20793B46D4E9E4
:10F58000022109F09DFAA3680133A3606368A3F523
:10F59000807363600620F8BD70B50E79012E0546B4
:10F5A0000C460ED11949F1F774FFD4E90221334614
:10F5B000284605F07BF928461549BDE87040F1F76B
:10F5C00068BF14493246F2F719FBA368002BF2D04A
:10F5D00011492846F1F75DFF0026A368B34204D81D
:10F5E0000E492846F1F755FFE5E71EB10C492846BC
:10F5F000F1F74FFF3246E168207909F087F80122E0
:10F6000001462846FFF7F6FB0136E6E7DB970508DB
:10F6100004B40508E7970508F29705082CAC05081F
:10F62000F697050810B5144612686AB940F2F73328
:10F6300099420AD10179402001F07F0108F0F6FFDC
:10F64000400040F00100206010BD04236360FBE730
:10F650002DE9F04F054689B00E461446002A00F009
:10F66000DF8011F003078068DFF848A240F0ED80EA
:10F670000B68884A934240F0E88002AA08F013FC25
:10F6800010B98548FEF79EFD2979042C01F07F0111
:10F690003A464FF0400000F0A48008F0C7FF14F095
:10F6A0000302064663D121688B7B002B50D001EB0F
:10F6B00083031869794B98424AD12179402001F09F
:10F6C0007F0108F0B3FFB04202D07548FEF77EFB21
:10F6D00023685345D4E9029B46D16368C3F31728D6
:10F6E00006FB08F8DDE902032A68EF681B1A524599
:10F6F000A9EB03043DD195F90420002A80F2B780DC
:10F70000002CE2D16A68C2F3172206FB027706FBDF
:10F7100009F20BEB080106FB007001931AF0F6FBEF
:10F720000399AA680298521A4844724306FB017171
:10F7300006FB00701AF0EAFB019BA868A3EB090224
:10F7400020447243002106FB00701AF0F5FB3BE0F9
:10F75000544B99420BD1012EB7D1052205A9204661
:10F76000FFF748FEDDE905B94FF00008BAE74E485B
:10F7700088E7002CCBDD6B68B4EB132F2FD9A96879
:10F78000214471433846F0F78EFD6B68E86064F3FE
:10F790001F2382466B60BB4508BF83460298AA6858
:10F7A000039948442244121A724301FB06A106FB46
:10F7B00000A01AF0ABFB029806FB09F20BEB080164
:10F7C00000FB06A01AF0A2FB6B68C4EB132262F3E5
:10F7D0001F236B60AB682344AB60062420E0BA466D
:10F7E000DCE708F023FF2A68029B524506461BD13E
:10F7F000B3F1807F03DB2D492D48FDF7EBFC102092
:10F80000F0F736FD044695E80F0084E80F00029AF1
:10F8100002EB112363F31F216160039B9B1AA3601A
:10F82000204609B0BDE8F08F03992879C91AFFF77F
:10F830004BFEDDE90232E968D21A0446724306FB48
:10F840000311C0681AF02EFBEAE700233246014696
:10F850002868FFF77BFC2B6853450246287908D1BE
:10F860006B68042C02EB132205D003060BD4002492
:10F87000D6E7042C07D1E96800F07F0009B0BDE8A5
:10F88000F04F08F043BFE968234600F07F0009F01D
:10F8900017F9A2E7D4F70508F997050851F6020809
:10F8A0001D980508ACFA050838980508539805080E
:10F8B00020ED0508B8E6050801282DE9FF410646B8
:10F8C0000F4608D08B0724D10B68244A934202D0FC
:10F8D000234A93421DD1012201A93846FFF78AFD30
:10F8E000B8B100223146402008F0A0FE029DB5FBD1
:10F8F000F0F5074629463046FFF7E6FD0199044634
:10F9000005FB07F2C0681AF0CDFA204604B0BDE846
:10F91000F0813846FFF762FCB8B145102946304601
:10F92000FFF7D2FD002104463846FDF703FF00270C
:10F9300080464046FDF772FF03460028E5D035B902
:10F9400019462046FFF7F8FDF3E70546E6E73A4695
:10F95000E168304609F0B4F80137EAE7ACFA050887
:10F96000FCE6050838B50C462046114606221D4621
:10F97000FEF7F8FE2CB92146BDE838400120FFF71C
:10F98000A3BD2968CA0705D48B0708D10B680C4AA8
:10F9900093420DD10846FFF7FBFA0146ECE701F070
:10F9A0000703022B07D1012C05D10648FEF7E8FB1F
:10F9B000054A9342F6E7BDE838400120FFF77CBFD7
:10F9C000DCF0050868980508DCFA050838B50D462E
:10F9D0001C4611462846094AFEF7C4FE206805F079
:10F9E000CBFD012D007804D1BDE838400021FFF7A0
:10F9F0006BBD6168BDE83840FFF75EBF04000200E0
:10FA0000F0B50F4685B001A9044601223846FFF73C
:10FA1000F1FC014678B93846FDF78CFE05462846CC
:10FA2000FDF7FCFE014610B9062005B0F0BD2046EA
:10FA3000FFF782FDF3E700222179402008F0F6FD70
:10FA40006368029DB5FBF0F5B5EB132F0646C3F3D3
:10FA500017221ED9A16829444143E068F0F723FC2E
:10FA60006368E06003F0FF03BC42636004D10522D9
:10FA700001A92046FFF7BEFCD4E90203019900FB6F
:10FA8000063005FB06F21AF00DFAA3682B44A360BA
:10FA9000CAE7521B62F31F236360EDE7F0B51B2832
:10FAA0008DB006460C46154613D005D804286DD9EE
:10FAB0000E283DD0002438E02428FBD1012203A9E0
:10FAC0002846FFF797FC002851D0A10739D00E2413
:10FAD0002BE00A68474B9A42ECD0012206A9204647
:10FAE000FFF7CAFC052209A92846FFF783FC9DF809
:10FAF000207000223946402008F098FDA1680A9E37
:10FB0000B6FBF0F6054631443846FFF7DDFC079FAB
:10FB1000069904463A46C0681AF0C4F9E0680999A3
:10FB200006FB05F238441AF0BDF920460DB0F0BDD1
:10FB30000A68304B9A42BDD029462046FFF760FF45
:10FB4000F3E722682C4B9A42C1D1012209A9204631
:10FB5000FFF792FC01230093DDE90901DDE90323AE
:10FB600004F068FF002814BF1E240E24DDE7EA0716
:10FB700002D50020FEF726FBAB07A8D12B681F4A51
:10FB80009342F6D01E4A9342A1D1F2E7012206A980
:10FB90002046FFF771FC012209A92846FFF72AFC3D
:10FBA000002894D0089A012A1ED05A2A1EDC20323E
:10FBB00001460B9B012B1BD05A2B01DC2033014645
:10FBC0009342D6D123F00203642BD2D0022E01D06F
:10FBD0000029CED00A9B0093DDE90612099B30462E
:10FBE00008F0A0F90028BEE74222E0E70021E0E7A4
:10FBF0004223E3E7B8E60508FCE60508DCF0050863
:10FC00007CEE050870B5064610200D461446F0F748
:10FC10002FFB054B067103604368C46003F0FF03CC
:10FC2000C0E9013570BD00BFB8E605087FB51D46C7
:10FC3000084611464FF00212FEF794FD052201A975
:10FC40002868FFF7D7FB9DF80C40029E2146002252
:10FC5000402008F0EBFC019AB6FBF0F12046FFF7DC
:10FC6000D1FF04462868FFF7B1F80D4B984209D13F
:10FC70002A6861685368C3F3172363F31F21616027
:10FC8000D368E3602868032201A9FFF7B3FB18B12A
:10FC9000237963F07F032371204604B070BD00BF59
:10FCA000B8E6050870B505460E4601460120FFF787
:10FCB0000BFC2A4604463146C0681AF0F3F8204689
:10FCC00070BD000038B505460C4610200349FFF70B
:10FCD00070F80123C0E90135C46038BDFCE60508B1
:10FCE000136870B56BB94468A51C50F825509C4248
:10FCF00007D055F82360B14204D1023350F82330C5
:10FD0000136070BD0133F2E72DE9F04188461149D7
:10FD100016460546F1F7BDFB371D00247368A34264
:10FD200005D828460C49BDE8F041F1F7B2BB1CB13B
:10FD30000A492846F1F7ADFB58F82420084928461F
:10FD4000F1F75CFF57F8041F01222846FFF752F82D
:10FD50000134E3E79A9A050804B40508F697050804
:10FD60007C9805084B6802330A4651F82310FFF7C8
:10FD7000CBBF0E3918BF0121490041F00101FEF748
:10FD80002DB8052807D00E3918BF0121490041F0D0
:10FD90000101FDF779BA002070470000032A05D160
:10FDA0000E2914BF04490549F1F773BB0E2914BF8E
:10FDB00003490449F8E700BFD08F0508D58F05082F
:10FDC000409005083A90050838B50C462046114683
:10FDD00002221D46FEF7C6FC3CB12868FFF71CFA5C
:10FDE000002814BF1E200E2038BD0E20FCE7062878
:10FDF00001BFD1E901305840400040F0010018BF78
:10FE00000020704702280AD188689368984208D178
:10FE10004868536898420CBF1E200E20704700208F
:10FE200070470E207047136813B94068FDF76EB92C
:10FE300070472DE9F84F02EB430B0BF10104BBF1C6
:10FE4000040F00AF8046894615461E464FEA8404DB
:10FE500004D92046F0F717FA8246E8B9073424F0AF
:10FE60000704ADEB040DEA4600245046B96A40F899
:10FE7000049B4FEA8B021AF015F8691C5346324670
:10FE80004046FDF789FA054614B12046F0F718FA06
:10FE90002846BD46BDE8F88F0446E6E707B500935F
:10FEA00013460A46D0E90101FFF7C3FF03B000BDC6
:10FEB00038B505460C460C200249FEF77AFFC0E92A
:10FEC000015438BD80E7050810B5034904460820F1
:10FED000FEF76FFF446010BDA4E705082DE9F04F61
:10FEE000856805EB010A04460AEB420001EB420774
:10FEF000052887B08846164699464FEA870718D8DE
:10FF00000DF1040804F10C01AA00404619F0CAFFE3
:10FF10003A46494608EB850019F0C4FF606843463D
:10FF200032465146FDF738FA0446204607B0BDE890
:10FF3000F08F8000F0F79CF9A26804F10C019200A8
:10FF4000054619F0AFFFA0683A46494605EB800028
:10FF500019F0A8FFA16860682B4632464144FDF7BE
:10FF60001BFA04462846F0F7ABF9DEE74068FDF7D8
:10FF7000CDB80000F8B50746C81C0D4680000749FB
:10FF80001646FEF716FFAA00C0E901750446314681
:10FF90000C3019F087FF2046F8BD00BFB8E7050810
:10FFA000D1ED017AF5EE407AF1EE10FA73B5044620
:10FFB0000D4624D01349144EF1F76BFA4FF0FF337E
:10FFC0006320CDE9003000231A4695ED010A672130
:10FFD0002046F1F7F9FB02224FF0FF336321CDE910
:10FFE0000031204695ED020A00236721F1F7ECFB72
:10FFF0003146204602B0BDE87040F1F74ABA034EE0
:020000040803EF
:100000000022E9E79A9A0508809805088398050870
:10001000136810B5144643B940F28E43994205D196
:1000200090ED010A01F036FA206010BD40F2DF3396
:100030009942FAD190ED020AF4E7000008B50849A8
:100040002DED028B0C20F0EE408AB0EE608AFEF7B8
:10005000B0FEC0ED018A80ED028ABDEC028B08BDC6
:10006000E8E7050808B5072842D8DFE800F01427BC
:10007000414104411633D1ED017AF5EE407AF1EEBB
:1000800010FA37D1D1ED027AF5EE407AF1EE10FA9E
:1000900014BF1E210E21084608BDD1ED027AFDEEE7
:1000A000E77A17EE903AD1ED017AFDEEE77A17EE96
:1000B000902A53405B0043F00101ECE7D1ED020AC6
:1000C00091ED010ABDE80840F1EE600AB1EE400A88
:1000D000FFF7B4BF91ED020AD1ED017A20EE000ADC
:1000E000A7EEA70A19F0DAFEBDE8084001F0D2B980
:1000F0000021D0E71E21CEE730B52DED028B0C4656
:1001000085B01146204604221D46FEF72BFBF4B1B4
:10011000012C286826D082074DD102682C4B9A42C8
:1001200049D190ED018AD0ED028A6868830749D1F0
:100130000268274B9A4245D1D0ED027A38EE678AA1
:10014000D0ED017A78EEA70AB0EE480A03E0DFEDC1
:10015000210AB0EE600A05B0BDEC028BBDE830406C
:10016000FFF76CBF00F00702022A034605D08107A3
:1001700016D1026818498A420FD103A905F06EFA18
:1001800000230093012303991A46FCF7EFFA034674
:10019000184605B0BDEC028B30BD0D498A42F7D040
:1001A00003AA02A9FEF78AFFDDED030A9DED020A0C
:1001B000FFF744FFEBE7FEF741FFDFED068AB0EE05
:1001C000408AB2E7FEF73AFF70EE280ABCE700BFAC
:1001D000E8E7050800000000DCFA050843680B604A
:1001E000836813607047000010B52DED048B82B05A
:1001F000044601AA08466946B0EE409AB0EE608A0D
:10020000FEF732FF20B9002002B0BDEC048B10BD18
:10021000A01E2028F7D801A353F820F0EB03030811
:10022000070203080702030807020308070203087E
:10023000070203080702030807020308070203086E
:10024000070203080702030807020308A1020308C4
:10025000BF0203083503030807020308D10203089D
:10026000D7020308070203084F0303080702030825
:10027000070203080702030807020308070203082E
:10028000A1020308BF02030835030308070203089D
:10029000D1020308D7020308070203084F0303082B
:1002A000DDED008ADDED017A79EE288A38EE278AC5
:1002B000F0EE480AB0EE680AFFF7C0FEA4E7DDEDF5
:1002C000008ADDED017A79EE688A38EE678AEFE719
:1002D0004F48FDF755FFDDED017A9DED007AF5EE13
:1002E000407AF1EE10FAB5EE407A0BD1F1EE10FA49
:1002F00003D148494848FCF76DFFC9EE078A88EEEC
:10030000078AD5E7F1EE10FA06D1B1EE499AC8EEA8
:10031000278A89EE278ACBE767EEA76AF1EE677A2C
:10032000E7EE076A87EE266A87EEA67A8DED006A09
:100330008DED017A9DED007ADDED017A68EE678A38
:1003400027EE088AE7EE098AA7EE898AB0E728EE49
:10035000080AA9EE090A19F0A1FDB5EE400AF1EE6E
:1003600010FADDED018A19D1F5EE408AF1EE10FAAE
:1003700012D1DDED007AF5EEC07AF1EE10FA0BDB6A
:10038000F5EE407ADFED257AF1EE10FAF7EE008A0D
:1003900018BFF0EE678A8BE72149ABE718F0ECFE57
:1003A000F0EE490AF0EE409AB0EE480A16F0A4FFCB
:1003B000DDED007A28EEC07A27EE808AA7EEA97AD2
:1003C000A9EEA88AB0EE470A18F006FDB0EE409AF2
:1003D000B0EE480A19F08CF860EE098AB0EE480ACF
:1003E00019F0D2FC20EE098A62E7DDED007AF4EE26
:1003F000497AF1EE10FA09D1DDED017AF4EE487A8E
:10040000F1EE10FA0CBF1E200E20FDE60E20FBE6DA
:10041000859805089A980508FCEC0508000000007E
:10042000A79805080B46D3ED020A93ED010A114681
:10043000FFF7DABED0E902130246C868834209D04A
:100440000869496850F8230001338B4208BF002334
:10045000D360704700207047044A83680A60044AEA
:10046000CB60C1E901200846704700BF3CF4050895
:100470003504030870B5C5684268466984686B1C1A
:100480009A4208BF0023F60705D5A34203D10849C5
:100490000848FCF79FFE0669A34246F82510C36092
:1004A00004D101339A4208BF00238360062070BD47
:1004B000879F050824EC0508836810B55BB1446983
:1004C000C268E40703F1FF3307D5934205D1094918
:1004D0000948FCF77FFE4368F1E7046983609342B3
:1004E00044F8231003D103B94368013BC3600620DD
:1004F00010BD00BF879F050824EC050830B585B006
:10050000054608466946FDF715F904462046FDF7FD
:1005100085F9014610B9062005B030BD2846FFF721
:10052000A9FFF3E770B505460E461446CAB1D5E9F2
:100530000223991A48BF6B68006848BFC918324641
:100540000023FEF703FEAB6818446B68834298BF34
:10055000C01A2B69042C0EBF53F8204043F82040EA
:100560000624204670BD0000F8B51E460F4604461E
:1005700011463846124AFEF7F5F87068FEF708FD96
:10058000051E02DA0020FDF721FC21461820FEF7A7
:1005900010FC04460023681C6060C4E9023380003C
:1005A000EFF77FFE022F206103D9B068FEF7F0FC61
:1005B000606131682046FFF7A1FF2046F8BD00BF0B
:1005C0000600040008B5D0E902239A4203D1074986
:1005D0000748FCF7FFFD03B943680269013B0021AE
:1005E000C36052F8230042F8231008BDB4980508F0
:1005F00024EC0508042803D0052808D00020704703
:10060000D1E9020398420CBF0E201E207047D1E9A9
:100610000230C01A44BF4B68C018400040F00100CF
:1006200070470000D0E902318B4210B5024603D179
:1006300008490948FCF7CEFD0169002451F8230060
:1006400041F82340516801338B4208BF2346936031
:1006500010BD00BFB498050824EC0508042803D099
:10066000052807D0002070474B68082B34BF0E20A8
:100670001E2070474868C0F3DC00400040F00100D5
:1006800070470000044B0B60037A0B7143688B606A
:100690000023CB60084670473CE90508062802D1D4
:1006A0000B7A022B02D04968FFF7D8BF490041F00E
:1006B00001007047044B0B6001230B71002388601D
:1006C000CB600846704700BF3CE9050810B50449F7
:1006D00004460C20FEF76DFB02230372446010BD3C
:1006E00054E9050808B503799B0702D50020FDF7FA
:1006F00047FD08BDF8B50E6807460D46144612B111
:100700003046FFF7EFFF69682246301DFEF71AF901
:1007100008B143687BB9022F05D1022C09D1696861
:100720000748FDF757FDAB68012C00D14360184620
:10073000F8BD0623F8E7022C04BF00224260F6E76A
:1007400000EC05080122FFF7D5BF0222FFF7D2BF58
:100750000022FFF7CFBF10B50446FFF7C3FF201DEF
:10076000FEF7DDF8062010BD30B50B688568AB429A
:1007700001D300220AE0C46804EBC30254F83340FA
:100780000133002CF3D0042CF1D00B60104630BDA7
:1007900013B5044600F10C018068FFF7E5FF60B176
:1007A0002379012B0BD0022B43680AD002686946DB
:1007B0000220CDE9002306F06BFA02B010BD0068FC
:1007C000FBE71846F9E700007FB5174B0A7A0D469C
:1007D000044653F82210F0F75CFE14492046F0F767
:1007E00058FE134B00932B7A8DF804306B680293FC
:1007F0000023039301266846FFF7CAFF054630B978
:100800000C49204604B0BDE87040F0F742BE1EB966
:1008100009492046F0F73DFE012229462046FEF711
:10082000E9FA0026E7E700BF30E90508B7980508B0
:100830003CE90508BA980508F69705081FB504466F
:10084000FFF750FF6268072A03D811491148FCF7E7
:10085000C1FC237913F004031CBFC2F3DC0202F1D4
:10086000FF3301A920460193FFF77EFF6368083B31
:100870006360036802934368039304220023C0E982
:10088000002302A9022006F003FA04B010BD00BF45
:10089000BD98050800EC05082DE9F74F0B68DFF857
:1008A000FC80032A0EBFD0E9029ADFF8F4A0DFF83B
:1008B000F490154618BF0125434504460F4605D060
:1008C000032D03D0DA882F49F1F798F92E492046F5
:1008D000F0F7DFFD002301934FF0010B01A938462B
:1008E000FFF742FF064678B928492046F0F7D1FDC8
:1008F0003B68434542D0032D40D02549204603B0F4
:10090000BDE8F04FF0F7C5BDBBF1000F03D149467C
:100910002046F0F7BEFD032D04D1336803F0070233
:10092000022A19D14FF0000B31682A462046FEF703
:1009300061FABBF1000F03D016492046F0F7A9FD7C
:1009400051462046F0F7A5FD71682A462046FEF77D
:1009500051FA4FF0000BC1E79A0708D11B681A7BC8
:100960002AB103EB82031A690B4B9A42DAD0094988
:100970002046F0F78EFD4FF0010BD5E703B0BDE840
:10098000F08F00BFD6980508DA9805087E94050810
:1009900004B40508DC980508A1560308D4E9050845
:1009A000C8AB0508F697050810B5044904460C20A5
:1009B000FEF7FFF900230372446010BD54E90508F7
:1009C00010B5044904460C20FEF7F3F90123037225
:1009D000446010BD54E9050810F003030CD102680F
:1009E000117A31B102EB81021369044A9A1A534217
:1009F000534103F0010070470023FAE72D0B030871
:100A00002DE9F3470C681646074620460D46FFF7CA
:100A100069FE3168314AC9083846FDF7A3FE022F46
:100A200012D16F683846FFF7D7FF0146E8B12B684F
:100A30009F4209D00023019304F10408686801A9CA
:100A4000FFF792FE074640B9002504347368AB42B5
:100A500033D8062002B0BDE8F0873968012240464D
:100A6000FDF770FF7B684360E8E73846FCF762FEFD
:100A700004F1040A81464846FCF7D0FE0028E3D082
:100A80000021FCF757FE8046FCF7C8FE07464046AB
:100A9000FCF7C4FE05464046FCF7C0FE17B91048F7
:100AA000FDF794F9002DFAD00028F8D1012239463B
:100AB0005046FDF747FF4560DDE7B36853F8351052
:100AC00003EBC50739B1042905D001222046FDF703
:100AD00039FF7B6843600135B8E700BF05000200BD
:100AE000DE98050810B5002204300C46FDF72AFFF9
:100AF00018B903482146FDF76DFB406810BD00BFE3
:100B000000EC0508024B40F8043BFDF7E5BE00BFD2
:100B1000D4E9050838B505461020EFF7A9FB2946AA
:100B20000446FFF7EFFF204638BD00002DE9F041F5
:100B3000804686B000200D4616461F46FFF7EAFFA6
:100B40000F4BC0F800809845044602BF007940F082
:100B50000400207155EA06030DD03B68019407EBB1
:100B60008502314603A80293FDF7C3FE03AA01A93B
:100B7000681CFFF745FF204606B0BDE8F08100BFC6
:100B800004EA0508F8B50C46054600216068FCF744
:100B9000D1FD022D064660688CBFA5680625FEF7CC
:100BA0001DFB50B9FFF7B6FF0446071D3046FCF7A2
:100BB00035FE014618B92046F8BD4010F2E7012283
:100BC0003846FDF7BFFE4560F0E738B5044680685B
:100BD000FFF7A0FF236862680360237922F0070211
:100BE00003F0050313434360A268E1680546D200A1
:100BF000C06819F057F9284638BD0000F0B516282E
:100C000085B00C46154667D007D8022811D00928B0
:100C100066D00024204605B0F0BD2428F9D1201D5F
:100C200000222946FDF78EFE002814BF1E240E2444
:100C3000F0E702F003038A072AD10A682C498A42A6
:100C400026D10BB10E24E5E72968914222D1CDE9E6
:100C5000013301A92046FFF787FD02A90746284670
:100C6000FFF782FD064677B10028EBD0316838687F
:100C7000FEF778FB0028E5D071687868FEF772FB14
:100C80000028E6D1DEE7B8420CBF1E240E24C1E7DF
:100C9000002BD7D12A68174B9A42D3D163686A6870
:100CA0005340072BCED800230293043502A92046D7
:100CB000FFF75AFD064608B91E24ABE7316800224B
:100CC0002846FDF73FFE0028BCD041687068FEF75B
:100CD00049FB0028EAD1B5E70846FFF776FF04464E
:100CE000054A02A90220CDE90245FFF789FE91E7F6
:100CF00004EA0508D4E905083CEA050810B40C7AB2
:100D0000012C05D1242803D110BC4968FFF776BF18
:100D1000002010BC70474068C008704770B504469A
:100D20000E461546FFF7DEFC01223146201DFDF779
:100D300009FE4560204670BD13B50222CDE90001D1
:100D4000044669461046FFF7D5FC204602B010BDA8
:100D500038B50C461AB9FFF7EFFF062038BD042A54
:100D60000AD100220430FDF7EDFD18B904482146F0
:100D7000FDF730FA4068F1E7FFF7D0FFEDE700BF7D
:100D800000EC050813B504464068FCF747FD58B170
:100D9000A3685A1C5B0043F00103CDE90030A26058
:100DA0006946022005F074FF02B010BD1FB504466D
:100DB000084611461A4602AB01930A4B00930223E0
:100DC000FDF75CFD21460C20FDF7F3FF00210446F2
:100DD0000298FCF7AFFC039B60602046A36004B060
:100DE00010BD00BF48EA0508C3685A68012A70B5FB
:100DF00006462AD19D68AB0727D12A68154B9A422F
:100E000023D1EC682378FF2B20D14A20EFF73BFA5F
:100E1000044638B9104AD2F80832343B492B12D96B
:100E2000946B3434E9682046F0F7C8F9EC6020464A
:100E300019F0C0F80023A8606B60A9682046F0F79D
:100E400021F8686001E0054BF36070BD6B68002B12
:100E5000FBD1F2E7DCFA050880040020E8FB050876
:100E6000F8B5164602F07F07320605460C4609D44F
:100E70007B1E012B0CD80846FDF7B4FF014628461F
:100E8000F0F707FB022F03D123492846F0F701FBB7
:100E90002046FFF7A9FF16F07D0734D1E3680BB1B8
:100EA0005A682AB928461D49BDE8F840F0F7F1BA5A
:100EB00020681B4988421FD1022A1DD89868C307A1
:100EC0001AD509F07BFC0346B0B1E2681549926877
:100ED00028465210F0F792FEE3685B68012B19D99F
:100EE0000D492846F0F7D5FAE368D9683A4628460E
:100EF000BDE8F840FDF77EBFE3685A68012A02D1D9
:100F000099680022F3E7E16832462846BDE8F840D8
:100F100005F02EBEF8BD00BFC8AB0508D7AC05086C
:100F200094EB0508109905082DE9F8430E46044690
:100F300011463046184ADFF86C901F46FDF712FC48
:100F40001020EFF7A0F9002814BF8046C846002300
:100F5000C8F80040C8F808302EB9104CC8F80C404A
:100F60004046BDE8F883B51CAD002846EFF78BF985
:100F7000044638B9D9F8E0311835AB42EDDBD9F881
:100F800010401834064BB200C4E90036394604F16B
:100F9000080018F087FFE1E7FEFF0100E8FB050805
:100FA00024FC0508A8040020F8B51546D0E9013254
:100FB0000F465119994204460FD30178D9B105F172
:100FC00010061E44C06801223146EFF777F978B960
:100FD0006568A3682070013DED1AD4E902302A4605
:100FE0001844394618F05EFFA3682B44A360F8BD8F
:100FF0006660E060F1E7013B9D1AEEE7024B0022DC
:10100000C3F808229A6370478004002010B5FDF7EA
:10101000BFFF041E11DDEFF72BF90346084A906B62
:10102000EFF3108172B6C2F80842936381F310881F
:1010300008B1EFF745F9062010BD0023EEE700BF29
:101040008004002038B50546FDF7C0FE007A70B177
:101050002846FDF7BBFE04462846FDF7B7FE037A97
:1010600004EB8304024B2069C31A5842584138BD2F
:10107000290F030810B50446FFF7E4FF00B92469FF
:10108000204610BD10B5FFF7F5FFC3685B68044646
:1010900023B1FFF7A9FEE368986810BD0620FCE7BE
:1010A00038B513680546144653B140F21F339942D0
:1010B00005D15368062B02D10023C380236038BDBD
:1010C0003D2903D1FFF790FEEB68F7E7A22902D094
:1010D000B1F5697FF3D12846FFF7D4FF2060EEE732
:1010E00000231A461946FFF71FBF000073B50546D7
:1010F00010200E46EFF7C7F8044630B9104BD3F86E
:101100000822332A12DD9C6B24340E4B23603046B8
:1011100018F050FF0022C4E90206626001AB012111
:1011200028460194FFF700FF02B070BD0346024657
:101130000146284602B0BDE87040FFF7F5BE00BF8B
:1011400080040020DCFA05082DE9F04306469BB038
:1011500010200D461746EFF796F80446284618F07B
:1011600029FF00F1010881464046EFF78CF80CB1E9
:10117000002848D1254AD2F80832432B29DD906B4C
:10118000A3F1340800F124040123343083F0010377
:101190008DF80C300023CDE9053003AB01931C4BD7
:1011A00002932B78CDF81080FF2B04D1294607A895
:1011B000F0F704F807AD3A46294601A8F0F770FBAE
:1011C000DDE905320021D154059BA360069BE36055
:1011D0000CE044B923462246214630461BB0BDE808
:1011E000F043FFF7A1BE70B9C4E902950022094B94
:1011F0002360626007AB012130460794FFF794FE3D
:101200001BB0BDE8F0830023C0E700BF80040020CE
:10121000A90F0308DCFA05080EB403B503AA52F8B7
:10122000041B0192FFF790FF02B05DF804EB03B0DE
:101230007047000083070BD10268084B9A4207D120
:10124000037A2BB100EB83031A69054B9A4202D053
:10125000044906F0E3BC0120704700BFB8FC050854
:10126000290F030840EE050810B50446FFF7EAFE13
:1012700050B92046FDF7AAFDFFF7DCFF20B1206939
:10128000024BC01A18BF012010BD00BF1CFD05088D
:1012900038B504460D46FFF7E7FF18B12046FDF7C5
:1012A00095FD044629462046BDE8384006F0B6BC08
:1012B000F8B50F4616461D46FFF7DCFE044680686B
:1012C000D8B90C20EEF7DFFFA060A0B9154BD3F81A
:1012D0000822172A0EDD986BA0600623A380002346
:1012E000E380E38800EB8302D91CE18040F823709F
:1012F000C2E90165F8BD0323F0E7E388A188023362
:101300008B42EEDB074B9B6B9842F3D003310122FB
:101310008900EEF7D3FF0028ECD0A388A060033348
:10132000A380DEE78004002038B50D461446FFF7A1
:10133000A1FE83681BB1C0882860236038BD1846B1
:10134000FAE737B50446A068FCF768FA019068B17F
:101350006568062D05D001AB002201212846FCF767
:101360001BF8FDF759FF0028EDD0019803B030BD00
:1013700038B50446084611464FF004121D46FDF7E5
:10138000F1F921460C20FDF714FD2B68436004465B
:1013900000216868FCF7CEF9A060204638BD13B57F
:1013A0004FF0FF336322CDE900320C4694ED010A81
:1013B00000234FF480726721F0F706FA02B010BDE7
:1013C00038B52DED048BD0ED009A91ED009AB0EE7A
:1013D000690AF0EE490A05460C4616F02BFD79EE37
:1013E000C07AB5EE400AF1EE10FAC7EE898AB0EE87
:1013F000408A21D119EE103A9FED248ADFED247A3C
:10140000002BB8BFB0EE678AF5EE408AF1EE10FA15
:1014100029D1C9EE897A9FED1D0A17EE903ADFEDCA
:101420001C7A002BB8BFB0EE670A85ED000A84ED88
:10143000008ABDEC048B38BDB5EEC00AF1EE10FA9F
:10144000B5EEC09A4CBF01220022F1EE10FA4CBF5B
:10145000012300239A421EBFF7EE007A30EE098A7C
:1014600078EEE78AD0E7B0EE680A17F0C5FF78EEAD
:10147000C08AF6EE007AF4EEE78AF1EE10FAD4DDD7
:10148000F7EE007A30EE270ACFE700BF0000000039
:101490000000008008B508202DED028BB0EE408AD8
:1014A000EEF7E6FE80ED018ABDEC028B014B036096
:1014B00008BD00BF7CEE050830B50D4687B011466B
:1014C000284602221C46FDF74DF935B99FED100A5A
:1014D00007B0BDE83040FFF7DDBF2068012203A957
:1014E000FDF788FF40B10023DDE9030100931A46B0
:1014F000FBF73CF907B030BD2068830703D10268D1
:10150000044B9A42F6D0FDF799FDFFF7C3FFF1E7D0
:10151000000000007CEE050891ED010A07281ED8A6
:10152000DFE800F00B191D1D041D0D15B5EE400A76
:10153000F1EE10FA0CBF0E211E2108467047BDEED9
:10154000C00A10EE103A590041F00101F5E710EE23
:10155000103A002BF1DAB1EE400AFFF79BBF0021F1
:10156000EBE790ED010A704730B52DED028B0C468C
:1015700087B0054603A920468DED010AFDF722FD3F
:1015800020B9002007B0BDEC028B30BD232DF8D868
:1015900001A353F825F000BFAD170308C5170308D2
:1015A000CF170308E7170308FF170308831503087D
:1015B000831503088315030883150308831503089F
:1015C000831503088315030883150308831503088F
:1015D000291603083B160308491603088315030858
:1015E000571603087F1603089B160308FF16030807
:1015F000831503088315030883150308831503085F
:1016000083150308291603083B1603084916030827
:1016100083150308571603087F1603089B16030853
:10162000FF16030877170308DDED017A9DED037AB5
:1016300077EE877ACDED017A1CE0DDED017A9DED44
:10164000037A77EEC77AF5E7DDED017A9DED037A4F
:1016500067EE877AEEE7DDED037AF5EE407AF1EE9C
:1016600010FA03D168496948FBF7B4FD03A901A842
:10167000FFF7A6FE9DED010AFFF70CFF82E7DDED07
:10168000037AF5EE407AF1EE10FAEBD0DDED016A67
:1016900086EEA77A8DED017AECE79DED038AB5EE33
:1016A000408AF1EE10FADDD09DED010AF0EE480A15
:1016B00016F0C0FBB5EE400AF1EE10FA0AD118EEB2
:1016C000103ADFED537A9FED537A002BB8BFF0EE5E
:1016D000477AAFE7B5EEC00AF1EE10FAB5EEC08A70
:1016E0004CBF01220022F1EE10FA4CBF012300236F
:1016F0009A4221D038EE008A8DED018ABAE7DDEDFD
:10170000018A9DED038AF5EE408AF1EE10FA16D1BA
:10171000B5EEC08AF1EE10FA08D59FED3F7AF0EEF3
:10172000C87AF4EE477AF1EE10FA9BDDF0EE480A43
:10173000B0EE680A17F0A6F88DED010A9AE7F5EE0B
:10174000C08AF1EE10FAF1D5B0EE480A17F054FE57
:10175000B4EE480AF1EE10FAE8D0B4EE488AF1EEA1
:1017600010FAE3D6DFED2A0A2146B0EE680A2220FD
:10177000FEF73AFD06E7DDED037AF5EE407AF1EE8D
:1017800010FA3FF46FAF03A901A8FFF719FE9DED12
:10179000010AFFF77FFE9DED030A0490FFF77AFE32
:1017A00004A90590022005F073FAEBE6DDED017A5D
:1017B0009DED037AB4EEE77AF1EE10FACCBF1E206D
:1017C0000E20DFE69DED017ADDED037AF2E79DED77
:1017D000017ADDED037AB4EE677AF1EE10FA0CBF10
:1017E0001E200E20CEE6DDED017A9DED037AB4EEEB
:1017F000E77AF1EE10FAACBF1E200E20C2E69DED96
:10180000017ADDED037AF2E768960508FCEC05083D
:101810000000000000000080FFFF7F7F91ED010AC3
:10182000910710B4034609D1146807498C4205D1C9
:1018300010BCDFED060A1146FEF7D6BC10BC1146FF
:101840001846FFF791BE00BFE8E70508000000005A
:1018500010B50446084611460022FCF783FF636872
:10186000BDE81040184770B505461C4608461146AD
:101870004FF00212FCF776FF6A682068BDE87040FE
:10188000104770B505461C46084611464FF0041235
:10189000FCF768FFD4E900016B68BDE870401847A9
:1018A00070B51C460546084611464FF00612FCF777
:1018B00059FFD4E901126B682068BDE870401847F1
:1018C0002DE9F04105460E4617469846FCF73CFFC9
:1018D000EC68043443463A463146284644F0010C4D
:1018E000BDE8F04160472DE9F04105460E46174638
:1018F0009846FCF729FFEC6843463A4631462846AD
:1019000044F0010CBDE8F041604700002DE9F04FC4
:1019100083B0064600AF914679609A46FCF714FF03
:10192000F26812F8013B0021C3F3C30BC3F3800438
:101930001B063FD40BF1010B04EB44045C44A400F0
:101940002C2C04F1140804D94046EEF79CFC054603
:1019500038B908F1070323F00703ADEB030D6D461B
:101960000024DFF8788079682E604A46534628467E
:10197000A5F80CB00AF0DAF9D8F810302B617368CA
:1019800000215B68C8F81030284608F045FF2B6935
:10199000C8F810308146D8B9AB681E682CB128460B
:1019A000EEF78EFCB9F1000F15D130460C37BD466D
:1019B000BDE8F08F12F8013B4D0003F03000A84065
:1019C0004BEA000B03F00200884004430131AFE70B
:1019D0006E69002CE3D13046EEF722FC8004002033
:1019E0001FB5C207044602D5401004B010BD06283A
:1019F00001D10020F9E70E28FBD01E283AD083073A
:101A000008D103681C4A93420DD104B0BDE81040D0
:101A100000F0E9BD00F00703022B07D101A9204621
:101A200003F01CFEE1E7154A9342F6E72046FDF776
:101A3000CDF9134B984207D12046FFF792FDFDEEFA
:101A4000C07A17EE900AD0E70E4B984202D00E4BA8
:101A5000984206D1204601AA6946FDF741FB01984C
:101A6000C3E7012201A92046FDF7C4FC00B1019C97
:101A70002046BAE70120B8E7DCF00508DCFA0508E3
:101A80007CEE050824FC050804F20508F0B50546BF
:101A90000C46174685B04268394620461E46FCF77C
:101AA00061FE6B68DB0706D4AB683146204605B0A3
:101AB000BDE8F040184706EB8402394601A8FCF760
:101AC00018FFAB6801AA31462046984705B0F0BD23
:101AD0002DE9F8431C46436805460F4611465A0057
:101AE00042EA43423846FCF73DFEAE6846F0010646
:101AF000032F29D8DFE807F002080D18B047E9687E
:101B0000BDE8F843FCF7B0BC2068FFF769FFB047B9
:101B1000F5E72068FFF764FF07466068FFF760FF9E
:101B200001463846B047EAE72068FFF759FF074605
:101B30006068FFF755FF8046A068FFF751FF4146F8
:101B400002463846B047DAE72068FFF749FF074604
:101B50006068FFF745FF8046A068FFF741FF8146B8
:101B6000E068FFF73DFF4A46034641463846B04726
:101B7000C5E7000002681049C3688A4210B50446F0
:101B800002D00E498A4204D11A68A3680AB153F8F8
:101B9000223013F8012B51B20029184613F8012BFB
:101BA000F9DB10F9013B002BFBDB09F00CFF63684C
:101BB0009B6833F8100010BDF8EE050824F0050806
:101BC00010B5144612683AB9172906D1FFF7D2FFAB
:101BD000C00040F00200206010BDB1F5467F02BF9A
:101BE00043685B682360F7E770B5054608460C4616
:101BF000FFF7C0FF2346024602492846BDE8704071
:101C0000EFF7FCBF1E9905082DE9F047894692467B
:101C100098460446F8B10768DFB17D686468ECB1A6
:101C2000681C04300E498000FDF7C3F8C0E901A824
:101C30000646C0F80C902FB1AA0007F10801103039
:101C400018F030F914B1043546F825403046BDE8A7
:101C5000F0873D46E2E707460546E2E72846E0E72B
:101C600018EF05082DE9F8431746C268984612F8A0
:101C7000013B05460E46C3F3C304C3F380000021B5
:101C80001B0617D404F1080300EB40001844124966
:101C90008000FDF78EF801340623C0E90135848207
:101CA000814643463A46314608300AF03FF84846F6
:101CB000BDE8F88312F8013B4FEA410E03F0300C07
:101CC0000CFA0EFC44EA0C0403F0020C0CFA01FCC2
:101CD00040EA0C000131D3E7B0EF05082DE9F843E5
:101CE0009946C3681B680F460646816890460BB14B
:101CF00051F8231011F8013B0022C3F3C3051B0662
:101D00001DD405F1080012498000FDF752F8013595
:101D100006230446C0E9013685824B4642463946D1
:101D200008300AF00DF84FF6FF73E382F3685A6843
:101D3000134443F00103E3602046BDE8F88311F843
:101D4000013B03F03000904005430232D7E700BF6B
:101D5000B0EF050808B5436813B90348FCF736F837
:101D60004160184608BD00BF3499050870B50546A6
:101D700088680C46FFF7FEFE2346024602492846C5
:101D8000BDE87040EFF73ABF419905082DE9F041F1
:101D900004460F4690461E46FCF7D6FCE56825B97A
:101DA000062333602846BDE8F081616811B92748F1
:101DB000FCF70CF82369E58A04F11802062908BF2C
:101DC0004146934204D1062F03D02148FCF7D8F9AD
:101DD0001F60204F0023204663603B69A36150F8D9
:101DE000083F5A6852683A614FF6FF72954213D124
:101DF000DB68083343F001039847C5B2A3693B6130
:101E0000012D4FF0060363600AD00023022DE3602A
:101E10000CD023691B68C4E708F0FEFC0546EDE71B
:101E200022691268326022691360BBE7E0693060A2
:101E3000FCF7CCFF084905F0F1FE0028B2D00749B5
:101E40000748FFF753F93060ACE700BF3499050845
:101E50005F9905088004002068ED0508889505084D
:101E600070EB050813B51C4601ABFFF78FFF034667
:101E7000012B01980AD0022B0AD0062808BF0020A7
:101E80000CB1FCF7B1F9034B1862204602B010BD4B
:101E9000EEF7C6F980040020022810B40C4606D8DC
:101EA00062682068012310BC0621FFF7DBBF8A6847
:101EB000062AF6D1F4E701230022FFF7D3BF00235F
:101EC0001A460621FFF7CEBF13B50E4A01AB062115
:101ED000FFF75CFF012804D0022806D0062002B0DC
:101EE00010BD09490948FBF775F9019C2046FCF72C
:101EF0006DFF074905F092FE0028EFD12046EEF76E
:101F00008FF900BF5CF005087F99050870EB0508A4
:101F1000D4ED050830B593B005466846EEF768F98C
:101F2000014680B92A1D0120FBF793FAEB6823F0E4
:101F30000103023343F00103EB600446EEF72EF990
:101F4000204613B030BD0198054A0368934204D07F
:101F5000044A934201D0EEF763F90024F0E700BF92
:101F600068ED050824EC0508044B0B6003684B6022
:101F700043688B600123CB60084670476CF005080E
:101F800030B58BB003AB0193134B00930D46032385
:101F900004310138FCF714FC039C002C02DA002009
:101FA000FBF714FF214606A82D68EFF77BF9012304
:101FB000049A01939DF81430009340F26A33D31AC7
:101FC00018BF0123089A2146284600F06BFC06A89A
:101FD00002F0D8FE0BB030BD84F00508F0B50C4619
:101FE00085B00546052201A96068FDF703FA022DB8
:101FF000DDE9012108D8012513462E460C460020B4
:102000006CB900F0CEFA10E0A06840F26A33984252
:10201000F1D14B1E134400254FF0FF36EEE7B0F52B
:10202000800F04D3284600F0C4F905B0F0BD1F7836
:10203000013C47EA00203344E2E7000010B510EE0F
:10204000103AC3F30F4202F4FF42B2F5FF4F2DEDF9
:10205000028BB0EE408A09D1C3F316031BB91449B1
:102060001448FBF7B7F81448FBF7B0FE002B13DA5F
:1020700033F0004213D003F1FF43B3F19C4F0ED96C
:1020800000F05EF9B0EE480A04460430F0F719F8A3
:10209000BDEC028B204610BD6FF31603EDE7FDEE9D
:1020A000C87A17EE900A400040F00104F0E700BF44
:1020B0009799050820ED0508A09905087FB50E46FB
:1020C0003046114604221D46FCF74CFB9EB3012E00
:1020D00023D129680820FBF7D7F80446C0B928683F
:1020E000324601A9FDF786F930B1DDE90101234649
:1020F0000A22FAF7FBF90AE0286883070BD1026885
:102100000E4B9A4207D1FFF72CFAFFF797FF0446D0
:10211000204604B070BDFCF771F801A9286803F0EF
:102120009DFA04466868019EFCF732FF00230246D0
:1021300031462046DDE70124EAE700BF7CEE0508D2
:1021400038B50D4C0C4414F8014CB0FBF4F583B1D8
:102150000A2905F1010412BFA4080323B4FBF3F418
:102160001AB1104617F026FF0246E81C204410441E
:1021700038BD1C46F4E700BF04F105082DE9F04F17
:1021800085B0DD07DDE90E769DF840409DF844807E
:10219000039281468B463CD55D1043D400230A2F21
:1021A000019314BF04230323029332464346394666
:1021B0002020FFF7C5FFDBF800308342824605D2BE
:1021C000EEF756F8C9F80000CBF800A0D9F800B037
:1021D0000BEB0A03002103F8011C35BB30219C1EC8
:1021E00003F8021C002E4BD0304617F0E3FE201AF5
:1021F000834545D2013E014616F8013F002B3CD1F4
:10220000019B002B41D004462D23601E04F8013CA5
:102210003BE0CDE91048CDE90E7605B0BDE8F04FC2
:1022200000F09CB86D422D23B9E7013B1846A4F19C
:102230000A0CB5FBF7F207FB12510929CCBF614428
:1022400030311546441E00F8011CB8F1000F0ED0C5
:10225000002AC7D0A345C5D2029A191B91420AD1C0
:10226000841EA34500F8028CBCD2234603E0A3459C
:10227000B8D2002AB6D02046DBE701F8013BBBE725
:10228000019B0BB15C45BFD82046D9F80030039ABA
:1022900053441B1A013B136005B0BDE8F08F30B505
:1022A0008DB0102206920022CDE9022201920A226C
:1022B0000B46054608AC009206A907AA05A8059496
:1022C000FFF75CFF01462846EFF7E3F80598A042C8
:1022D00001D0EDF7F5FF0DB030BD00000E2A30B48F
:1022E00013460C4603D1012230BCFBF777BD1E2AF2
:1022F00001D10322F8E71D2818D102F00702022AB3
:1023000010D09A0712D11A68117B29B102EB810112
:1023100008690849884205D007498A4202D007491E
:102320008A4203D1224619461D20DDE7002030BC39
:10233000704700BFA156030824FC050804F20508F5
:1023400010B505491020FCF734FD04460430EFF7C2
:1023500055FE204610BD00BFDCF005082DE9F74F03
:10236000DDE90C679DF83C800446986889469246F2
:102370001D463A46434631460001FFF7E1FED9F8D3
:1023800000308342834604D2EDF772FF2060C9F823
:1023900000B024689DF83830CDE900843A463146D3
:1023A000281DF0F7A7FDCAF80000204603B0BDE8DD
:1023B000F08FF8B50E4617460546FFF7C1FF3B46BE
:1023C0000446324629460430EFF722FF2046F8BD86
:1023D000C30705D540100DD414BF0120002070475D
:1023E000836853B1037913F0010F0CBF01204FF044
:1023F000FF3070474FF0FF3070471846704738B5D0
:102400000D46082831D8DFE800F005151D300830EA
:102410000E2505002C46204638BD8B68002B0CBFCE
:102420000E241E24F7E7081DF0F7B9FC400040F029
:102430000104F0E7FFF784FF291D04460430EFF79D
:102440003DFFE8E7FFF77CFF291D04460430EFF766
:1024500046FFE0E70B79DB07DCD5FFF771FF291DAD
:1024600004460430EFF71FFFD5E70024D3E7000050
:102470002DE9F04F10F001088BB006460D461446CA
:1024800005D1810715D102682D4B9A4211D115F063
:10249000010705D1AA070CD12A68294B9A4208D115
:1024A00014F0010B08D1A30703D12268244B9A42F0
:1024B00002D02448FBF764FE012C02D12248FBF72E
:1024C00085FCFFF73DFF0DF104098246B8F1000FCE
:1024D0002FD071104846EFF7BBFD4E460DF11008A6
:1024E0004FB369104046EFF7B3FD454607AFBBF168
:1024F000000F22D061103846EFF7AAFD3C46234674
:102500002A4631460AF10400F0F7DFFB4E4502D1BE
:102510003046EFF778FD454502D12846EFF773FDC9
:10252000BC4202D12046EFF76EFD50460BB0BDE82D
:10253000F08F0436D2E70435D8E70434DFE700BF74
:10254000DCF00508A999050868960508D3B50F467B
:102550000646FFF7F5FE01230446009332463B464C
:102560000430EFF786FD204602B0D0BD90EA40026D
:102570004FEA400302D5C117FFF7E8BF43F001005F
:102580007047D3B50F460646FFF7DAFE0023044630
:10259000009332463B460430EFF76BFD204602B015
:1025A000D0BDB0F1804F02D30021FFF7EABF400059
:1025B00040F0010070472DE9F34104460E461746EE
:1025C0009846FFF7BDFECDF8008005463B462168E2
:1025D00032460430EFF7D6FD2368034428462360D3
:1025E00002B0BDE8F081C30702D40430F0F7D7BBD6
:1025F00040107047C30707B502D5401003B000BDB7
:1026000001A90430F0F7DEFB08B10198F6E70249B2
:102610000248FAF7DFFD00BFBC99050820ED050868
:102620002DE9F0432DED028B8046C80789B00C469A
:10263000174625D54B10022201A902A8EFF70FFD7E
:1026400002ADF9071ED57B10022201A902A8EFF7FF
:1026500006FD02AEB8F1200F02D0B8F1130F3DD144
:102660007368002B7CD02846F0F724FC3046B0EE8F
:10267000408AF0F71FFC88EE000AFEF70BFF20E00F
:102680000D1DDEE7BA0723D13B687D4A934201D195
:102690003E1DDFE77B4A934207D12846F0F70AFC4C
:1026A00039464046FEF760FF0BE0774A93420FD170
:1026B0002846F0F7FFFBDFED750A39464046FDF787
:1026C00093FD0446204609B0BDEC028BBDE8F083C3
:1026D0003A4621464046FFF701FEF2E7A8F1090914
:1026E0005FFA89F31A2B00F2A380FFF729FE044654
:1026F000B9F11A0F00F2C180DFE809F0575E5065AA
:10270000650E2229BF30BF447C575E5065650E229E
:1027100029BF30BF447C8700071D32462946384612
:10272000EFF7D1FE05A93846F0F74CFB0028C9D0D9
:10273000059B5A0093EA4303C4D442F00104C1E765
:10274000071D324629463846EFF7FCFEEAE7071D2B
:10275000324629463846F0F7A8F8E3E773681BB914
:102760004B494C48FAF736FD05A8271DEFF746FC04
:1027700033462A4605A93846F0F757F905A8EFF77A
:1027800042FCCFE77368002BEAD005A8271DEFF7BE
:1027900035FC33462A46394605A8EDE7071D324683
:1027A00029463846EFF712FFBCE7071D3246294697
:1027B0003846EFF799FFB5E7071D324629463846F8
:1027C000F0F714F8AEE73846FFF714FF021E02DAFE
:1027D0003148FBF7FBFA271DB8F1190F2946384697
:1027E00002D0B8F10C0F02D1EFF7B2FD9AE7EFF784
:1027F0000FFE97E73378DB073FF54FAF071D3246F3
:1028000029463846F0F7CEF88CE77368002BA7D03E
:10281000FFF796FD211D074633462A460430F0F7A0
:1028200004F905A90220CDE9057404F031FA48E75E
:1028300031462846EFF723FDB8F1040F1DD8DFE835
:1028400008F00308170D12000028B4BF1E240E2440
:1028500038E70028CCBF1E240E2433E70028D4BF5D
:102860001E240E242EE70028ACBF1E240E2429E7C8
:1028700000280CBF1E240E2424E7002422E700BFFA
:10288000DCF005087CEE0508E8E70508000000001C
:1028900068960508FCEC0508479605080430F0F733
:1028A00009BB00002DE9F341164682079DF8208000
:1028B0009DF824500C461F461CD10268214B9A42B9
:1028C00018D14DB1B8F1000F06D10379DB0703D55C
:1028D0001D491E48FAF787FC0096234642463946B2
:1028E0000430F0F788FA50BB4DB319491748224617
:1028F000FAF779FCFCF74CFB0346ADB1A0B1B8F197
:10290000000F01D14045E3DB032C0DD8002CECD0A7
:10291000E0000125B8F1000F0FD0013885406A4270
:102920009342E2DBAB42E0DA0422314620460897CC
:1029300002B0BDE8F04106F009B88540F2E702B008
:10294000BDE8F081DCF00508DC99050820ED0508FC
:10295000EB990508042803D0052807D0002070470C
:102960008B68002B0CBF0E201E207047886840002B
:1029700040F0010070470000044B0B60044BC1E9BC
:1029800001300023CB600846704700BF3CF40508C7
:10299000C129030870B5836803EBD37149109B000C
:1029A0000022914201DC062070BDC468043B54F84B
:1029B0002250E65844F82260C4680132E550F0E73E
:1029C000D0E902130246886883423FBFC96851F8C4
:1029D00023000133D36028BF0020704738B50C684E
:1029E0000B46A16819B919491948FAF7F3FB0128F0
:1029F00018BF5A68206808BF4FF0FF320023FCF769
:102A0000A5FBA268E368013A53F82050A26003EBEB
:102A10008001121A9200043103EB800017F076FA5D
:102A2000D4E90232002142F82310616804290BD94D
:102A3000B1EB430F08D94908E0688900EDF733FC92
:102A40006368E0605B086360284638BDFB99050851
:102A500024EC050810B40C6802460B46D4E90210B9
:102A600010BC05F0D7BA07B5CDE9000169460220D0
:102A7000FFF7F0FF694601900220FFF7AFFF062045
:102A800003B000BD38B50025044685601021C0683C
:102A9000EDF709FC0423E06063601022294617F07B
:102AA0004BFA062038BD38B50D46D0E901138B42EC
:102AB000044611D3C900C068EDF7F5FB6268A3684E
:102AC000E06052006260D21A013A013392000021A4
:102AD00000EB830017F030FAD4E90232591CA160F0
:102AE000062042F8235038BD38B504460846002178
:102AF000FAF720FE05462846FAF790FE01462046E2
:102B000001B938BDFFF7CFFFF5E7F8B54C10836882
:102B10000546174601D5E41813D49C4294BF2646B7
:102B20001E469C4288BF1C4606212846FFF7BBFF75
:102B3000AB68E968013B9C4206DB41F82670062041
:102B4000F8BD00263446EFE701EB830252F8042C6F
:102B500041F82320EDE70A46D0E9021005F08EBACD
:102B60002DE9F041032A0F4611490CBFD0F8088027
:102B7000DFF844801646044618BF0126EEF789FCAC
:102B80000025BB68AB4205D820460A49BDE8F041A4
:102B9000EEF77FBC1DB141462046EEF77AFCFB689C
:102BA000324653F825102046FCF724F90135E8E7B2
:102BB000F49705082CAC0508F69705082DE9F84FA1
:102BC00007460D4690469A46FBF7BEFDEB1B042BCD
:102BD00001DCBDE8F88FD5F80090B8F1000F04D003
:102BE00049464046FAF72CFC81462E463C460434C2
:102BF000A6420DD92168B8F1000F03D04046FAF77C
:102C00001FFC01464A460020FBF7E8F85045EED08D
:102C1000A6F1040B5C455E4614D25BF80429B8F1BA
:102C2000000F04D011464046FAF70AFC0246494616
:102C30000020FBF7D3F85045ECD0236832682260BF
:102C40003360D4E723682A6822602A1B2B60F31BB9
:102C500093425346424607DA59463846FFF7AEFFDD
:102C60002E4635462746B1E720462946FFF7A6FF00
:102C70003C46F6E71FB502AB0C460193104B0093A0
:102C8000043102230138FBF79BFD23689968012971
:102C900013D9029AD8689DF80C30062A01F18041B8
:102CA00001F1FF3108BF0022002B00EB81010CBFB6
:102CB0001E230E230438FFF781FF062004B010BD49
:102CC00028F1050870B511F0030604460D4629D118
:102CD0000A68174B9A4225D1AB688168194443684A
:102CE000994210D904318900C068EDF7DCFAAA686E
:102CF000A368E06013441A1D62603146102200EBA5
:102D0000830017F019F9D4E90203AA68E968920070
:102D100003EB800017F0C6F8A368AA681344A36009
:102D2000062070BD29462046FFF7DEFEF8E700BF0B
:102D300004F2050838B504290B4B03600446084625
:102D400038BF0420C4E9010180000D46EDF790FA78
:102D50006268E060521B00EB85009200BDE83840DD
:102D6000002117F0E9B800BF04F2050838B50546A0
:102D70001020EDF77DFA29460446FFF7DBFF2046D9
:102D800038BD0000F0B511F0030787B004460E46C9
:102D900015467ED10A684C4B9A427AD1806803AAC4
:102DA00005F081F8042D18D138B9E06803A905F0C1
:102DB00097F80546284607B0F0BDDDE90330C01A94
:102DC000FFF7D4FFE368826803990546920003EB9E
:102DD0008101C06817F066F8ECE73C4B08B9FBF7D7
:102DE000F1F9002D14BF2846184602AA01A9FCF7E4
:102DF00077F9DDE90335019AE068ED1A551B002DDE
:102E000027DDA6686368A919994206D98900EDF7FC
:102E10004AFAA668E060AB196360019A039BE06818
:102E200004991344EA1A324400EB8101920000EB4A
:102E3000830017F06BF8DDE90210E368019A03EBF9
:102E40008000920017F062F8A3682B44A360062567
:102E5000B0E70299920000EB830017F057F804994D
:102E6000A268039B019EE0683344521A920000EB73
:102E7000810100EB830017F049F8A068E36828445B
:102E80006FF003026A43394603EB800017F054F8F1
:102E9000DAE735B903A90220CDE90346FFF79EFD25
:102EA000D5E7042D2068A1684FF00003324605D114
:102EB000FCF74CF9E36853F820507BE7FCF746F940
:102EC000E36843F82050C2E7D4F70508E8FB05089B
:102ED0001B287FB503460D46164623D007D8042885
:102EE00042D90E283AD00024204604B070BD1D28D7
:102EF000F9D103A91046FCF723F80028F3D0039872
:102F0000AB680028BCBF002003905843FFF72EFF9A
:102F1000C36800930446039BAA68E868042104F090
:102F2000AEFFE1E79107DED112681B4B9A42DAD17E
:102F3000B368A8681844FFF719FFAA68E96804464F
:102F40009200C06816F0AEFFA868E368B268F16846
:102F5000920003EB800016F0A5FFC5E71146284656
:102F6000FFF7B0FE2C46BFE7B20703D131680A4A2B
:102F7000914204D0022B0CBF0E240024B4E7B368A6
:102F80000093D5E90221F36804F0FFFF002814BF85
:102F90001E240E24A8E700BF04F2050838B50C462D
:102FA0002046114602221D46FBF7DCFB24B92046D1
:102FB000BDE83840FFF7DABE0020FFF7D7FE2968EA
:102FC000BDE83840FFF790BD38B50C460546FFF721
:102FD000CDFE4CB938BDC26854F8231042F8231016
:102FE0000133AB42F7D1F5E70023FAE7D0E902015C
:102FF000FFF7EABF2DE9F041044640688000EDF795
:1030000037F904F10808074600256168A94206D887
:10301000A0683B460022BDE8F041FAF7BDB958F878
:10302000040FFAF7FBFB064618B147F825000135F7
:10303000EBE73846EDF744F93046BDE8F081000093
:103040002DE9F0410C460546114620460F4A9846A8
:10305000FBF788FBA01C29468000FBF7AAFE06466A
:10306000D8F80030013C446046F8083F0746002588
:10307000AC4202D83846BDE8F0810135002158F84D
:103080002500FAF757FB46F8040FF1E7FEFF0500AD
:10309000024B984201D107F087BB7047FC08060835
:1030A000F8B51446126805460E46406832BBCF009C
:1030B00047F0020739460430FBF744FC024610B1E2
:1030C0004368236012E040F216339E4201D16B68E0
:1030D000F7E70E2E0BD0686872210430FBF732FC44
:1030E00028B140683946FAF7ABF92060F8BD2246AE
:1030F00031462846BDE8F840FFF7CABF03799B0771
:1031000009D50B4B9842F2D10A4DE86E18B901204F
:10311000FDF700FDE8666268F10041F002011AB9AE
:10312000FDF70AFE0023CCE7FDF7F8FDFAE700BF44
:1031300080FE05088004002070B5054648680E46EC
:103140000022BA210430FBF7FDFBB0B1406802F069
:1031500013FA04467068002241F6BA010430FBF706
:10316000F1FB60B1406802F007FA224603460749C6
:103170002846BDE87040EEF741BD054CEAE722461F
:1031800028460449BDE87040EEF738BD039A0508AB
:10319000D7AC05081B9A050870B5C50001220D487B
:1031A00045F00201FBF7CEFB446806467CB91020CF
:1031B000EDF75EF8084B036004460120FDF7AAFC1A
:1031C00045F002026060BA21FDF7A8FD7460204658
:1031D00070BD00BFD004002070F30508F7B51E4F86
:1031E0000D1E4FEAC00106464FF000021B4841F099
:1031F000020118BF3846FBF7A5FB0446F0B940F2C0
:10320000FE439E4218D0A5B969463046EDF76CFFE3
:103210000378752B0DD1009901300139EDF74EFE81
:10322000C100224641F002013846FBF78BFB044601
:1032300020B9204603B0F0BD094CFAE760686A4641
:103240001121F9F763FF009B23B100216A4608466C
:10325000FAF7FFF86468ECE750F20508E4F20508B5
:10326000FC08060830B5002432F8145035B1854208
:103270000AD10A681AB953F824300B6030BD4A6885
:1032800043F824200023F8E70134EDE706207047D7
:1032900070B5154606460C46FBF798FD83889A05DF
:1032A00002D40B48FAF76CFF04F00703022B07D097
:1032B000A30703D12268074B9A4201D00020F1E70F
:1032C00001222146301DFBF73DFB4560062070BD05
:1032D000299A0508DCFA050838B505460C46FBF7BF
:1032E00075FD83889A0502D40D48FAF749FF04F06A
:1032F0000703022B07D0A30703D12268094B9A4288
:1033000001D00020F1E702222146281DFBF71AFB1D
:1033100018B905490548F9F75DFF062038BD00BF1B
:10332000299A0508DCFA0508379A0508B4EC05085F
:1033300007B5820706D10168064A914202D1838807
:103340009B0502D40448FAF71BFF01A904F088FB8F
:1033500003B000BDB8FC0508299A050810B504465D
:10336000084611460022FBF7FDF921460420BDE87E
:103370001040FBF71EBD436818478368184770B5B7
:10338000054610200E46ECF773FF044695E80F0043
:1033900084E80F00E660204670BD70B50546102039
:1033A0000E46ECF765FF044695E80F0084E80F0031
:1033B000A660204670BD70B5054610200E46ECF79D
:1033C00057FF044695E80F0084E80F00666020462A
:1033D00070BD000010B586B00446084611461A4676
:1033E00002AB0193084B00930423FBF747FA2146F5
:1033F0001020FBF7DEFC029B4360039B8360049B71
:10340000C36006B010BD00BF54F405080430704717
:10341000032A0CBF01490249EEF73BB83F9A050861
:103420007C74050838B50B680C46DA8805490546F2
:10343000EEF7E4FB2168224628463831BDE83840E3
:10344000FCF762BC1B99050810B50346002053F831
:10345000342F824202D14FF0FF3010BD53F8044F99
:103460008C42FAD00130F4E738B5136805461446AB
:103470004BB90068FFF7E8FF431C03D0023055F852
:103480002030236038BD02490248F9F7A3FE00BF8F
:10349000449A0508B4EC05082DE9F0479246426BC2
:1034A00001EB0A05954207460C46984604D01F4991
:1034B0001F482B46F9F797FEA81C39468000FBF7FA
:1034C00078FC4FEA840945604A4606464146083082
:1034D00016F0E8FC09F108004FEA8A0200213044A6
:1034E00016F02AFD554408F10409A54202D83046D9
:1034F000BDE8F08758F8240001F07CFE014638460C
:10350000FFF7A2FF431C04D10A460A490848F9F70D
:103510006AFE06EB8000836813B10A460649F5E7A8
:1035200059F8243083600234DFE700BF8B9605082A
:10353000E0EA0508499A0508589A05082DE9F0417E
:1035400006460E3080008846ECF7ABFE054607467F
:1035500045F8346F0024B44202D13846BDE8F0810A
:1035600058F8240001F046FE013445F8040FF2E754
:103570001FB5019101F03EFE0446019800F00703DB
:10358000022B05D0830708D10268174B9A4204D159
:1035900001A9012002F048FB019003AA02A9FBF750
:1035A0009FFDDDE90201FFF7C9FF104A426140F2C9
:1035B000012202810E4A82610E4AC2610E4A0262F3
:1035C0000E4A42620E4A0F4B826203220360C272AD
:1035D00008230D4A8380C26083740C4A0C4BC4805C
:1035E000C262036304B010BDDCFA05089934030815
:1035F00025340308416C0308456D0308693403084A
:103600000D6E0308B8FC050804050607556B030892
:1036100024FC050810B5D0E90142C3680348C1E99C
:103620000223C1E90004084610BD00BF1CF50508CF
:10363000C268002A034607DDD0E90101884208DAA2
:1036400002445A60FEF792BF03D0D0E901018842DC
:10365000F6DC00207047D1E9023249685B1A134456
:10366000002ACCBF03F1FF330133042893FBF2F3AC
:1036700003D0052806D000207047002BD4BF0E20B1
:103680001E20704723EAE370FEF770BF70B50E4648
:10369000044611463046134A1D46FBF763F821469F
:1036A0001020FBF786FB0023436001239E42044663
:1036B000C360286804D1FBF76BFCA060204670BD96
:1036C000FBF766FC60606868FBF762FC032EA06095
:1036D000F4D1A868FBF75CFCE0600028EED102485A
:1036E000FAF774FB06000200619A0508136810B52A
:1036F00014462BB9922904D14068FEF737FF2060A9
:1037000010BD962901D18068F7E79529F8D1C068E6
:10371000F3E7000038B50C46D1E901230949054615
:10372000EEF76CFAE268012A05D128460649BDE8A1
:103730003840EDF7AEBE28460449BDE83840EEF704
:103740005DBA00BF689A050804B40508759A0508B3
:10375000042A1FB50446084638D1D4E9021362682A
:10376000891A1944002BCCBF01F1FF31013191FBC3
:10377000F3F1830721EAE1711AD10268144B9A42EE
:1037800016D101AA00F0CCFC12491020FBF711FB66
:10379000E2686368019901FB023343606368029940
:1037A00001FB02338360039B5343C36004B010BD2D
:1037B000024600232068FBF7C9FCE268636802FB4D
:1037C000003004B0BDE81040FEF7D0BE0020EDE7A9
:1037D000D4F70508F0F40508816841B1013981602A
:1037E00049004068042241F00101FBF7D7BD0846BB
:1037F000704737B51D460446084611464FF0021281
:10380000FAF7B0FF28686A464FF44771F9F77EFC73
:10381000009B43B100216A460846F9F71AFE0446A8
:10382000204603B030BD21460C20FBF7C2FA044607
:1038300028686060FBF7A0FDFBF7AAFBA060EFE73C
:1038400030B51C4685B00546084611464FF00212B9
:10385000FAF788FF002320680393032201A9CDE92A
:103860000133FBF7C7FD38B92068FBF791FB013046
:103870000290ECF7FDFC0190029B4FF6FD72023BBB
:10388000934202D90020FAF7A1FA29461020FBF74B
:1038900090FA019B4360029B038100238381438153
:1038A00005B030BD032910B506D0042924D0162256
:1038B0001A604FF0FF331DE012F001030BD00189B5
:1038C000838944890B441B1B93FBF1F401FB1433E4
:1038D000003B18BF012352070CD50189428980891A
:1038E0000A44121A013A92FBF1F001FB10220AB1CC
:1038F00043F00403184610BD0023FBE72DE9F8430D
:1039000044898589984603891C44641B013C06460A
:1039100094FBF3F003FB1044944228BF144604EBDD
:103920000509B9FBF3F203FB12994D450F4608D97F
:1039300070685A1B284416F0B5FA33895B1B1F4484
:1039400000257068A9EB05023946284416F0AAFA4A
:103950000023A6F80C902046C8F80030BDE8F88394
:103960002DE9F84384894589984603891C44641BE2
:103970000F4694FBF3F103FB1144944228BF144615
:1039800004EB0509B9FBF3F203FB12994D4506461A
:1039900009D941685A1B2944384616F083FA3389FD
:1039A0005B1B1F4400257168A9EB050229443846BA
:1039B00016F078FA0023A6F80A902046C8F80030DE
:1039C000BDE8F8830289838941891344581A90FB22
:1039D000F2F302FB1300400040F0010070470000CA
:1039E000820708D10068064B984206D0054BC31ADF
:1039F000584258417047002070470120704700BF6F
:103A000080F7050854F70508044B0B60044BC1E927
:103A100001300023CB600846704700BF3CF4050826
:103A2000F93C030808B501220430FBF704F906202D
:103A300008BD08B502220430FBF7FDF8062008BDDA
:103A400038B5041D08460021F9F774FE05462846DE
:103A5000F9F7E4FE014600B938BD01222046FBF724
:103A6000EAF8F4E770B506460D460124B44201D3E6
:103A7000062070BD55F824102868FFF7E1FF0134D7
:103A8000F4E738B5041D08460021F9F753FE054652
:103A90002846F9F7C3FE014608B9062038BD0322BF
:103AA0002046FBF7C8F8F3E730B585B0041D08469B
:103AB0006946F9F73FFE05462846F9F7AFFE01468D
:103AC00010B91E2005B030BD00222046FBF7B3F828
:103AD0000028F1D00E20F5E738B501680446102023
:103AE000FBF767F9616805460430FBF79AF86268EE
:103AF000A368E168E868AB60920016F0D3F9284645
:103B000038BD38B50D46FFF7E7FF29460446FFF7F5
:103B100097FF204638BD38B50D46FFF7DDFF294633
:103B20000446FFF7AEFF204638BD000010B5022264
:103B300004300C46FBF77FF818B903482146FAF722
:103B400049FB062010BD00BF00EC050808B5043095
:103B5000FBF724F9062008BD2DE9F8430C688046E0
:103B60000F461AB92046FFF7B7FF04460125261D68
:103B7000454502D32046BDE8F88357F82500844226
:103B800004D13046FBF70AF90135F1E70021F9F7D6
:103B9000D1FD81464846F9F741FE01460028F3D0A1
:103BA00002223046FBF747F8F4E708B50122FFF799
:103BB000D3FF062008BD0022FFF7CEBF08B50430B2
:103BC000FBF7CCF818B902490248F9F703FB08BD26
:103BD0007B9A050800EC050850F82100042818BF5E
:103BE000002814BF01200020704700008A07F8B5A4
:103BF00004460E4611D10D681E4BEB1A5D425D4125
:103C0000B36863B91DB11C492046EDF742FC1B495E
:103C10002046BDE8F840EDF73CBC0025F0E71DB1BB
:103C200017492046EDF735FC16492046EDF731FCE3
:103C3000002701237268BA4206D813492046EDF7DF
:103C400028FCADB11149E3E7F0683946FFF7C4FF3E
:103C500060B11BB90E492046EDF71BFCF368012249
:103C600053F827102046FBF7C5F800230137E1E79A
:103C7000F8BD00BF54F70508B86C0508849A05081C
:103C80008A9A0508DA9805087E94050804B40508A0
:103C9000F69705080528F8B50E460BD006280ED075
:103CA000042801D00020F8BD8B68002B0CBF0E202B
:103CB0001E20F8E78868400040F00100F3E711F0AB
:103CC0000305EFD10C680B4B9C42EBD14F68AF4220
:103CD00001D16000F0E7F36829461846FFF77CFF42
:103CE00030B153F825100620F9F7CEFA04EB600442
:103CF0000135ECE754F705088268C16870B556686D
:103D00000346B14201D3002008E0D5682846FFF7FA
:103D100063FF4C1C18B155F82100DC6070BD2146D2
:103D2000EFE700002DE9F0410646884610200B49D8
:103D3000FBF73FF8071D054631463846FAF771FF95
:103D40000024B44202D12846BDE8F08158F824107E
:103D500001223846FAF76FFF0134F2E780F70508D1
:103D600088422DE9F84305460E46174608D11AB198
:103D700006242046BDE8F883BDE8F843FFF7ACBE53
:103D800000210846FFF7CEFF002104463046F9F730
:103D9000D1FC80464046F9F741FD064658B9002F50
:103DA000E7D0E868ECF78CFA63686B60A368AB60F7
:103DB000E368EB60DCE700223146281DFAF73BFFA1
:103DC0000028E7D031462046FFF72CFEE2E701222B
:103DD000FFF7C6BF0022FFF7C3BF01220430FAF786
:103DE0002ABF70B50C4605461146204602221E46E3
:103DF000FAF7B8FC3CB921462046FFF793FF04468A
:103E00002560204670BD00210846FFF78BFF00218A
:103E100004463068F9F78EFC06463046F9F7FEFC9A
:103E200001460028ECD02046FFF7D7FFF5E7000059
:103E30002DE9F04186B01646CDE900100446FFF7A3
:103E4000CFFD0246002835D1214801AB0121FFF703
:103E5000C8FF4FF001080446009D2846FFF7C0FD4B
:103E6000024650BB1A486B460121FFF7BAFF0127F3
:103E700005461EB1A268AB689A4226D0154B029344
:103E8000154BCDE90334002305932E1D02A8FFF73F
:103E900033FF014698B91E26B8F1000F02D0201D4D
:103EA000FAF77CFF17B1281DFAF778FF304606B005
:103EB000BDE8F0814FF00008CEE70027D9E70022E7
:103EC0003046FAF7B8FE0028E0D10E26E4E700BF3E
:103ED00080F705083CF40508F93C03080B4600226E
:103EE00001461846FFF7A4BF0022FFF7A1BF00005C
:103EF000F7B51546CDE900128A0707460C4610D1E2
:103F00000968594BCB1A59425941242F0E4600F0EB
:103F10009E802846FFF764FD28B90024204603B0A0
:103F2000F0BD0021F1E71C2FF7D801A353F827F0CB
:103F300013400308234003082B40030833400308C1
:103F4000414003081B3F03081B3F03081B3F0308B6
:103F50001B3F0308CD3F0308E73F0308F53F030875
:103F60001B3F03081B3F03081B3F030807400308D0
:103F70001B3F03081B3F03081B3F03081B3F0308AD
:103F80001B3F03081B3F0308D93F0308A53F030855
:103F9000B33F03081B3F03081B3F03081B3F0308F5
:103FA000C13F03082946204603B0BDE8F040FFF7B3
:103FB000B2BD2946204603B0BDE8F040FFF70ABF76
:103FC00069460220FFF7F7FD0446A7E721B16946DD
:103FD0000220FFF747FDA1E72946204603B0BDE8D0
:103FE000F040FFF78EBD29462046002EDCD0FFF7BB
:103FF00048FD93E70A4620462946FFF7B1FE002E0A
:1040000008BF04468AE70A4602206946FFF7A4FD76
:10401000DAE701222946204603B0BDE8F040FFF769
:1040200007BF012221462846F6E7A268AB689A42FC
:1040300017D12946204603B0BDE8F040FFF754BF32
:104040002946204603B0BDE8F040FFF747BF201DDA
:1040500000222946FAF7EFFD002814BF1E240E2483
:104060005CE70E245AE700BF80F705084A6801495B
:10407000EDF7C4BD1B9905080020704738B50D4603
:1040800004461049EDF705FA696801222046FAF75F
:10409000B1FE0D492046EDF7FCF9A9680122204642
:1040A000FAF7A8FE08492046EDF7F3F9E96820463B
:1040B0000122FAF79FFE20460449BDE83840EDF79B
:1040C000E8B900BF959A0508F697050804B40508F5
:1040D00013689BB9922902D14368136070479629EF
:1040E00001D18368F9E7952901D1C368F5E740F26A
:1040F000E133994204BF024BC2E90030704700BF70
:10410000F4F7050870B506460D461020034914461D
:10411000FAF74FFEC0E90165C46070BDD4F7050829
:104120002DE9F0418046C06806280F4615461BD091
:10413000FAF72EFF041E02D12548F9F747FE14DCDA
:10414000D8F80400062833D17E1ED8F808000628C7
:104150003AD0FAF71DFF0028B8BFC01940EAE07056
:10416000B8421EDB781E1CE00124D8F804000628A3
:104170001CD0FAF70DFF0028B8BFC01920EAE0767E
:10418000BE42A8BF3E46D8F8080006281AD0FAF763
:10419000FFFE0028B8BFC01920EAE070B842A8BFEF
:1041A0003846C5E90060AC60BDE8F0810026EAE76A
:1041B000FAF7EEFE061EB8BFF61946EAE676BE42EC
:1041C000C2DAC2E73846ECE74FF0FF30E9E700BF5C
:1041D0009C9A050810B5044686B00846FAF7D8FE42
:1041E0006A4601462046FFF79BFF009B5B0043F0B9
:1041F00001030393019B5B0043F001030493029BC3
:104200005B0043F0010303A90320059302F040FD86
:1042100006B010BD0E2801D1012070471E28FBD02A
:1042200010F00103F8D1820705D10068034BC31ACF
:104230005842584170471846704700BFDCF00508E7
:1042400008B50146FFF7E6FF38B98A0704D10868C8
:10425000034BC31A5842584108BD0120FCE700BF78
:104260007CEE0508044B0B60044BC1E901300023D0
:10427000CB600846704700BF3CF405088142030844
:1042800013B50446806800F00703022B11D101A981
:10429000C008ECF729FFE368019A93423FBFC05C76
:1042A000400040F0010001332CBF0020E36002B069
:1042B00010BD83680193C068EDE7000008B5FAF708
:1042C00085FDC28803490448972A14BF97234223D7
:1042D000F8F789FFAB9A0508E0EA050838B5044607
:1042E00008460D46FAF772FD084B984208D0084A76
:1042F0009C4208BF1446844206D02846FFF7DEFFE2
:10430000844201D00248F6E738BD00BFFCE605084C
:10431000ACFA0508F8B51C4B984207460D460ED17D
:10432000D1E90110ECF7CAFD48B1C4002846ECF70A
:10433000D5FF00232B6044F002042046F8BD6968D5
:104340002B68AE680131994203D03046EBF7ABFFE2
:1043500006466A680023B354AB602B600B4B9F4248
:1043600005D168683146BDE8F840FBF7ABBC39467B
:104370001020FAF71EFD6968816004463046ECF7AC
:1043800081FDE6606060D8E7DCFA0508FCE6050818
:104390002DE9F04101F00703022B86B080460C4660
:1043A00016D101A9E008ECF79FFE0646019902A884
:1043B000ECF778FF049F0025019BAB420CD8204608
:1043C000FAF704FD02A9FFF7A5FF06B0BDE8F081EA
:1043D0008B68CE680193E9E7705DC0477855013579
:1043E000EAE7000001460148FFF7D2BF351D020889
:1043F00001460148FFF7CCBF431D02082DE9F047F5
:104400008AB004460191FAF7E1FC04F00703022B9D
:10441000074635D102A9E008ECF766FE064601988A
:10442000830706D103683A4A934209D0394A934236
:1044300006D0374801AB00220121FEF7AFFD019005
:1044400004AA03A9FAF74CFEDFF8D480324B00240B
:104450009F4214BFB946C1462546039BA34213D8C9
:10446000294606A8ECF71EFF089C0025039BAB42DB
:104470002DD806A93846FFF74DFF0AB0BDE8F087F2
:10448000A368E6680293CAE7049B53F82400FAF78E
:104490009DFC214B984214BF0346434699454FEA81
:1044A000840A02D01D48F9F76BFE0CB1029B1D4433
:1044B000049B53F80A0000F00703022B05D1C00843
:1044C000ECF7FDFD05440134C7E78068FAE735B134
:1044D0002046029A314615F0E5FC029B1C44049BE1
:1044E00053F8250000F00703022B0CD105A9C008E2
:1044F000ECF7FAFD01462046059A15F0D3FC059B22
:1045000001351C44B2E78368C1680593F3E700BF37
:1045100004F2050824FC0508FCE60508B49A050821
:10452000ACFA0508F0B500F00703022B87B004468B
:104530000D462BD101A9C008ECF7D6FD064628464A
:10454000FAF726FD019905463046EDF795FB8542C1
:1045500019D9019F2D1A2F44394602A8ECF7A2FE63
:104560003A462021049815F0E7FC0498019A314658
:1045700000EB550015F096FC2046FAF727FC02A93F
:10458000FFF7C8FE0446204607B0F0BD8368C66842
:104590000193D4E72DE9FF47824608680E46FAF7F3
:1045A00015FC71688146FFF799FE306800F007033B
:1045B000022B39D102A9C008ECF796FD04467068B9
:1045C00000F00703022B33D103A9C008ECF78CFDE0
:1045D0008046029ABAF1020F04EB02072FD9B368A2
:1045E000062B2AD0012100914846214602F0B2F85C
:1045F0000546BAF1030F0AD0F368062B07D0012253
:1046000000922146029A484602F0A4F80746039B0E
:104610006BBB791B2846EDF72FFB0130400040F0C3
:10462000010004B0BDE8F0878368C4680293C6E760
:104630008368D0F80C800393CBE72546D9E725465D
:10464000E5E74146284615F09FFC38B90134354668
:10465000039AAE18BE42F4D96000E0E7D14504D118
:104660002846EDF7F3FA0646F1E76E1CEFE7DFF8B0
:1046700008A00024ECE700BFDCFA050801F00703FE
:10468000022BF7B507460FD1C80801A9ECF72CFD9E
:104690000446019B7BB1174B9F4202D0164B9F42B1
:1046A00012D1264600251CE08B68CC680193F0E708
:1046B000605DB84710B90E2003B0F0BD0135019B15
:1046C000AB42F5D81E20F7E70025F8E716F8010BF6
:1046D000EDF7ECFA28B116F8010CB84705460028AA
:1046E000E9D0019A331B9A42F0D8002D0CBF0E205E
:1046F0001E20E1E70D1D0208211D020801460148A8
:10470000FFF7BCBF991C020801460148FFF7B6BF7E
:10471000AD1C020801460148FFF7B0BFC11C0208EA
:1047200001460148FFF7AABF0D1D020801460148D6
:10473000FFF7A4BF211D02082DE9F04788B005222C
:104740008046084601A9FAF755FE029904A84908CF
:10475000ECF7A8FD019D029F069C2F44BD4209D3A2
:10476000069B04A9E41A40460594FFF7D3FD08B060
:10477000BDE8F0872E4616F8019B4846EDF78CFA07
:10478000E0B9B74202D10E48F9F720FB4846EDF7F1
:10479000A1FA0028F7D095F801A05046EDF79AFA53
:1047A0000028F0D04846EDF7D5FAAE1C0546504635
:1047B000EDF7D0FA40EA051004F8010B3546CDE7D5
:1047C000E09A0508884230B514D20378303BDBB25A
:1047D000092B0FD8002313600A2510F8014B303C39
:1047E00005FB03438142136004D00478303CE4B2FB
:1047F000092CF2D930BD012A13B50C4613D100F0B3
:104800000703022B0BD101A9C008ECF76DFC019B3B
:10481000636042232060A360002002B010BD836863
:104820000193C068F3E70120F7E70000A12808B56D
:1048300002460BD040F2FF43984207D040F23B3390
:10484000984205D003490448F8F7CDFC002008BD84
:104850000120FCE7EE9A050848EC0508F0B505468E
:1048600089B0084616461F46FAF792FBB0F5881F36
:10487000044603D30B490C48F8F7ACFC03AA04A880
:104880000421ECF717FD214604A8ECF782FD0E9BEE
:10489000DDE90521CDE9007328463346ECF708FE33
:1048A00009B0F0BDFB9A050820ED05082DE9F0419F
:1048B00098468F1804460D460B4600229F4204D8A6
:1048C000002A14BF2226272605E01978272905D0BB
:1048D000222904D1272632461A4908E00122013351
:1048E000ECE715F8012BB24205D1174932462046B4
:1048F000EDF784F905E05C2A0CD114492046ECF769
:10490000C8FDAF42EDD8324620460E49BDE8F04121
:10491000EDF774B91F2A08D97F2A04D0B8F1000F27
:10492000DAD01306D8D50A49E1E70A2A01D10949A4
:10493000E4E70D2A01D10849E0E7092AF3D1074944
:10494000DCE700BF139B0508129B0508169B0508B2
:10495000229B0508199B05081C9B05081F9B050841
:1049600070B50D4615490446AE18ECF792FDAE42FF
:1049700005D820461149BDE87040ECF78ABD15F80E
:10498000012B222A01D05C2A04D10D492046EDF7E3
:1049900035F9ECE71F2A01D90A49F7E70A2A02D1BB
:1049A00009492046E1E70D2A01D10849F9E7092A1A
:1049B00001D10749F5E70749E8E700BFDC9805089A
:1049C000129B0508139B0508199B05081C9B0508ED
:1049D0001F9B0508299B050801F00703022B73B5EF
:1049E000054616460DD1C80801A9ECF77DFB044623
:1049F000032E0AD1019A21462846FFF7B1FF02B0E3
:104A000070BD8B68CC680193F2E7042ED5E90003F2
:104A100003D1019A21469847F1E7054901229847B9
:104A2000019A012321462846FFF740FFE7E700BF30
:104A3000E59705082DE9F0479942DDF82080814689
:104A400092461F4613D3B8F1000FA1EB0304D6BF63
:104A500025460025002409EB05063A465146304616
:104A600015F092FA20B1A54201D04544F3E70026A3
:104A70003046BDE8F08700002DE9F04F83468BB04B
:104A80000868CDE904230E46FAF7A0F90746306816
:104A900000F00703022B14D107A9C008ECF724FB90
:104AA0000446DFF8ECA0574543D0706808A9FAF730
:104AB00047FA00283DD0089BFF2B06D93248F9F76A
:104AC00085F98368C4680793EBE78DF824300123E8
:104AD00003930DF12409079ABBF1020F04EB0208BE
:104AE0003FD9B368062B3AD00121009138462146C0
:104AF00001F030FE0546BBF1030F0AD0F368062B28
:104B000007D0012200922146079A384601F022FE82
:104B10008046454509D8049B00934A46039BA8EB71
:104B200005012846FFF786FFE8B9059B4BB31748F8
:104B3000C5E738467168FFF7D1FB706800F00703DE
:104B4000022B07D109A9C008ECF7CEFA8146099BD0
:104B50000393C0E78368D0F80C900993F7E72546E4
:104B6000C9E72546D5E7574509D101462046EDF767
:104B700076F8400040F001000BB0BDE8F08F001B5C
:104B8000F7E74FF0FF30F7E7309B05083B9B050840
:104B9000DCFA050800230122FFF76EBF00234FF067
:104BA000FF32FFF769BF01231A46FFF765BF0123F4
:104BB0004FF0FF32FFF760BF2DE9F04F042891B0AE
:104BC0000D4635D1C868FAF7E3F978B340EAE073E7
:104BD00028680493FAF7FAF869680690FFF77EFBF5
:104BE0000698A968FFF77AFB286800F00703022BF4
:104BF00021D109A9C008ECF777FA8346686800F06C
:104C00000703022B1CD10AA9C008ECF76DFA059026
:104C1000A86800F00703022B17D10BA9C008ECF716
:104C200063FA0390DDE909329A4213D9286868E0F3
:104C30004FF0FF33CCE78368D0F80CB00993DDE781
:104C400083680A93C3680593E2E783680B93C3689C
:104C50000393E7E70024DDE90963002B42D124B187
:104C60000B9A0399204615F01DF90B9F4FF0010A8E
:104C7000D8461CE00BB909F10109A9EB080624B1DB
:104C800032464146E01915F00DF93E4424B10B9A25
:104C90000399A01915F006F90B9F0A9B3744099E4A
:104CA00009EB03085E44A6EB08060AF1010A049B1F
:104CB00053451BD066B101220A9B00923146059AEA
:104CC00007934046FFF7B6FE079B81460028D1D1E7
:104CD00074B9BAF1000FA9D0B9190CA8ECF7E2FA2F
:104CE0000E9CB8E74FF0000A5746C1E7002CF3D0FE
:104CF00041463246E01915F0D5F806980CA9FFF7A1
:104D000009FB11B0BDE8F08F70B50E4601461020CA
:104D10001446FAF74EF80546846076B121463046CF
:104D2000ECF7B0F86860601CEBF7A2FA2246E86086
:104D3000314615F0B7F800220255284670BD08B577
:104D4000ECF708F9C00040F0020008BDD0E90121ED
:104D500010B504460020EDF705F8014610B90448E7
:104D6000F8F738FA21460348BDE81040FFF7D2BAF9
:104D700074EA0508DCFA050801460148FFF7CABADB
:104D8000DCFA050801460148FFF7C4BAACFA050889
:104D900038B50A4604460D4601460020ECF7E2FF0E
:104DA000014610B90948F8F715FA29462046ECF7EC
:104DB00085F830B92A4621460548BDE83840FFF756
:104DC000A3BFC00040F0020038BD00BF74EA050870
:104DD000DCFA050810B5044615F0ECF8014620464B
:104DE000BDE81040FFF7D4BF0A4601460148FFF76F
:104DF0008BBF00BFACFA050810B40A4C0346A342AF
:104E0000084603D110BC1146FFF7C2BF064CA342AF
:104E100003D110BC1046FAF745BF10BC1146FFF78E
:104E2000E3BF00BFDCFA0508FCE60508F0B585B075
:104E300004460D461746F9F7C9FF04F00703022B95
:104E4000064615D1E0086946ECF74EF90446042FF2
:104E500026D1AB07009818D12A68124B9A4214D178
:104E600001AA294603F01FF830B90F48F9F7AAF94B
:104E7000A3680093E468EAE7DDE901123046521ABC
:104E80002144FFF7B9FF05B0F0BD014600232A46D3
:104E90003046FAF75BF9205C400040F00100F2E791
:104EA0000020F0E7D4F70508F99705082DE9FF4140
:104EB00002AB0C460193244B0093043101230138CB
:104EC000F9F77EFC2068F9F781FF0021804608464B
:104ED000FEF77AF80746206800F00703022B0ED190
:104EE00003A9C008ECF700F90146039D0D44A9424F
:104EF00025D20B46AB421C4605D100260FE0836845
:104F0000C1680393F1E71A780A2A16D00D2A04F132
:104F10000103EFD163780A2B0CBF022601269DF80E
:104F20000820631A06FB02324046FFF765FF014680
:104F30003846FDF7B8FDA119D9E70126EFE7384655
:104F400004B0BDE8F08100BF04F805082DE9F04F7A
:104F50008BB00C46049010689046F9F737FF012C8F
:104F6000079042D0D8F80410FFF7B8F9D8F8040039
:104F700000F00703022B33D109A9C008ECF7B4F8FD
:104F80000390099B0593D8F8000000F00703022B5B
:104F900030D109A9C008ECF7A7F80746049BDDF853
:104FA0002490012B4FF0000409BF4FF0FF33012381
:104FB00009F1FF3506931CBF06930025CB46A24698
:104FC0002646BBF1000F19D1BAF1000F26D1214BB3
:104FD0002148079A9A4208BF0A200BB0BDE8F08F1B
:104FE00083680993C3680393CBE7062305931B4BA0
:104FF0000393C8E78368C7680993CFE7012305993E
:10500000039800937A19FFF715FDA8B9BAF1000FBC
:1050100017D1049B4BB909F1FF342E46621C921B39
:105020004A4512D1D8F80000D7E7049B012B2C4643
:1050300009D02E464FF0010A069B0BF1FF3B1D44A1
:10504000BFE72C46F8E75646E8E70798B919FFF797
:10505000D3FEC2E7DCFA05080CF80508FCF70508E2
:105060000A4601460220FFF771BF0A4601460020AA
:10507000FFF76CBF0A4601460120FFF767BF00003B
:105080002DE9F04389B006460C469146F9F79EFE9D
:1050900021460746FFF722F906F00703022B12D13B
:1050A00003A9F008ECF720F8054604F00703022BEB
:1050B0000DD104A9E008ECF717F88046049B5BB912
:1050C0002248F8F783FEB368F5680393EDE7A36819
:1050D000D4F80C800493F1E71D4A1E4B20469742FA
:1050E00008BF0A23B9F1010FCDE9053307930CBFBF
:1050F00005960796F9F76AFEB84205D0049A41462C
:105100003846FFF779FE0446049B0399CDF80090DA
:1051100042462846FFF78EFC88B1461B3246294698
:105120003846FFF769FEDDE90321521A3144CDE923
:105130000504921B29443846FFF75EFE079005A937
:10514000032001F0A5FD09B0BDE8F083489B0508E8
:10515000DCFA05080CF805080122FFF791BF4FF0B3
:10516000FF32FFF78DBF2DE9F34100F00708B8F1DA
:10517000020F04460D4601F007070DD1022F05D19D
:10518000431A5842584102B0BDE8F081C008EBF71D
:105190008BFF0646686805E0022F4668FAD1C8080A
:1051A000EBF782FF26B118B1B04201D00020EAE748
:1051B000B8F1020F16D1E0086946EBF795FF0446F7
:1051C000022F13D101A9E808EBF78EFF0146DDE9B4
:1051D00000239A42EAD1204614F0D6FEB0FA80F0BD
:1051E0004009D0E7A3680093E468E9E7AB68E968A1
:1051F0000193ECE708B500F00703022B0DD08307FD
:1052000009D10268064B9A4205D1BDE80840D0E9B1
:105210000210EBF79FBEFFF751F8C00808BD00BFB2
:10522000DCFA050870B50346086882078CB00E46A4
:105230000ED1026843498A424BD043498A427DD10C
:1052400000F00702023B012B0FD94048F8F798FF06
:1052500000F00702022AF5D0012B71D1C30741D516
:10526000411038D50020F8F7B1FD022A23D108A952
:10527000C008EBF739FF0546306800F00703022B42
:105280001DD1C008EBF710FF044624B90899284641
:10529000EBF7F8FD04467068FFF7ACFFFFF7C6FABE
:1052A00001280ED12946089AECF75CFD014640B969
:1052B0002748F7F78FFF8368C5680893DCE74468E1
:1052C000E3E72049089E1020F9F773FDC0E9026565
:1052D00044600CB070BD08A8EBF7E4FF08A8FFF726
:1052E00051FDF6E7012201A9FAF784F820B1DDE9C2
:1052F0000101FFF779FDECE73068F9F76FFF78B946
:1053000010210DEB0100EBF7BFFF306808A9F8F79B
:1053100011FA04462046F8F781FA20B904A8DEE71E
:10532000411004A8EFE7F9F733FEFF2801D9094837
:1053300099E7C1B204A8ECF725F8EBE7012BD1D02F
:10534000054883E7ACFA0508DCFA05086898050803
:1053500074EA0508309B0508549B050808B5084603
:105360000AB1F9F7A1FA21B11946BDE80840FFF7E3
:1053700059BF014808BD00BF0CF80508012807B552
:105380000AD10B68009340F20A5301936946022048
:10539000FFF748FF03B000BD0028F9D10048F9E746
:1053A0000CF805082DE9F043074687B088461446F7
:1053B0001E460AB1F9F778FA062221464046F9F767
:1053C000D1F9B8F1000F00F0BC80B8F1010F10D195
:1053D0006A46102102A8EBF775FF3168224668463D
:1053E000F9F708FD02A93846FEF794FF07B0BDE8BB
:1053F000F0833068840731D10268534B9A422DD133
:10540000D0E902547068FFF7F5FEFFF70FFA2A465D
:1054100021468146ECF7A6FC00286BD1B8F1020FBB
:1054200064D0B068062861D0FFF7E4FE40F2DD33B7
:105430009842804601D0812858D1294602A8EBF72E
:1054400023FF2544A542CDD9264616F8011B0806A0
:105450000BD402A8EBF796FF3446F3E7052202A926
:10546000F9F7C8FFDDE90245CCE7B9F1000F34D107
:1054700001F14003DBB2372B2FD8CA0802F0060235
:10548000E523134103F0030320464A46B542344660
:1054900004D0367806F0C006802E07D093420CD098
:1054A000B8F1810FCED14FF6FD7112E00132D2B2C8
:1054B000934204F10106E9D134467F221A4111409A
:1054C000034410F8012F02F03F02984242EA811192
:1054D000F7D102A8EBF75DFFB4E7B8F1810FBBD1BC
:1054E0004FF6FD7102A8EBF754FFB5E7174800210E
:1054F000F7F770FE29462046EBF7E0FC18B1C00034
:1055000040F0020072E733689A0703D119680E4A27
:10551000914207D02A462146384607B0BDE8F043FD
:10552000FFF7F2BB5E6826B929462046EBF7AAFCD6
:10553000064639461020F9F73CFCC0E902544660A3
:1055400054E70A2052E700BFACFA050874EA0508E0
:10555000012807B50B4606D10B68009340F20A53A9
:10556000019302206B46014600220248FFF71AFF12
:1055700003B000BDDCFA050800F00703022B07B5F5
:105580000CD0830708D103681A7B2AB103EB82038E
:105590001A69064B9A4207D0FEF790FE01A9C0088F
:1055A000EBF7A2FD03B000BDC068FBE7A1560308FE
:1055B000F0B50D4689B0074614462868052201A9B2
:1055C000F9F718FF029B33B91F4B20489C4208BFD4
:1055D0000A2009B0F0BD012F4FEA43060ED96868D2
:1055E000013B1E44FFF7C8FF0546314604A8EBF710
:1055F00059FE0198069A029939B91FE00025F4E78F
:105600000232F9E72B789370033203781B0903F118
:105610002706092B88BF33463033137010F8013B3F
:1056200003F00F0303F12706092B88BF33463033FD
:1056300001395370002DE3D00029E3D104A920469D
:10564000FEF768FEC5E700BFDCFA05080CF80508A0
:10565000014AFFF7ADBF00BFDCFA050800F0070301
:10566000022B13B50C460CD0830708D103681A7BB4
:105670002AB103EB82031A69084B9A4209D0FEF75C
:105680001DFE01A9C008EBF72FFD019B236002B0AE
:1056900010BD83680193C068F7E700BFA1560308F7
:1056A0002DE9F04F9BB0212806460D46099214467D
:1056B00001F0070740F014821046F9F787FBC37B1F
:1056C0009BB12046F9F782FB06462046F9F77EFBA0
:1056D000C37B06EB8306AB4B32699A4205D1D4F803
:1056E00004A004F1080B00240AE0A20711D12268EB
:1056F000A54B4FF0010A0DF1240B9A4218BF00246C
:10570000022F0BD10BA9E808EBF7EEFC0590002364
:1057100012E04FF0010A0DF1240BE4E7AB680B93A4
:10572000EB680593AB07F2D1984B2A68A2EB030C08
:10573000DCF1000343EB0C030EAA102112A8069320
:10574000EBF7C0FD059A0B9B164602EB03094FF0E1
:105750000008B14507D8002C40F0B781C24500F0E1
:10576000B4818B4816E03178252905D012A8EBF7D3
:1057700009FE35466E1CECE7751CA94524D97178E5
:10578000252903D112A8EBF7FDFDF3E7282924D141
:1057900014B98048F8F7F4FCB01C01460D4615F822
:1057A000013B292B12D1091AFFF7C9FA01462046FD
:1057B000FBF798F94FF001080646002307932023D2
:1057C00004930027A9450AD8734802E0894502D10D
:1057D0007248F8F7FBFA2946E0E70026EDE72B7858
:1057E0002B2B44D037D8202B44D0232B45D000235B
:1057F0000C932B782A2B43D1C2452AD908F10103F7
:105800005BF828000893F9F7C3FBDDF820800C90C3
:1058100001354FF0FF33A9450D93D5D92B782E2BA9
:1058200014D1681C8145CFD96B782A2B2FD1C24562
:105830000FD908F101035BF828000893F9F7A8FBDA
:10584000DDF820800D900235A945BDD95EBBD0455D
:1058500025D353489EE72D2B05D0302BC7D147F0D9
:105860001007049301E047F001070135AAE747F06C
:105870000207FAE747F00407F7E708230793F4E77E
:1058800028460CAA4946FEF79DFF0546C1E70023BE
:105890000DAA49460D93FEF795FF0546D4E75BF840
:1058A000286008F101082B78472B0AD8442B00F216
:1058B000B380059A3B493C48AD1A00951A46F7F764
:1058C00092FCA3F15802D1B22029F2D8202AF0D8B4
:1058D00001A151F822F000BFB35A0308B3580308DE
:1058E000B3580308B3580308B3580308B358030860
:1058F000B3580308B3580308B3580308B358030850
:10590000B35803085D590308E5590308195A0308F9
:10591000195A0308195A0308B3580308E55903082C
:10592000B3580308B3580308B3580308B35803081F
:10593000B3580308355A0308B3580308B35803088B
:10594000515A0308515A0308B3580308E55903088C
:10595000B3580308B3580308B35A030806F0070303
:10596000022B05D0B0072ED13368104A93422AD1BA
:1059700016A93046FFF772FE169A012A014619D081
:105980000B4807E7556B0308D4E90508ACFA05088E
:10599000BA9B05085A9B0508739B0508639B05087D
:1059A000809B05089E9B050898EA0508DCFA050817
:1059B0008A9B05080C9B0193202300930EA83B466D
:1059C000EBF776FDD6E63046FEF724FC40B10C9BA3
:1059D00000933A46202331460EA8FEF73FFFC9E662
:1059E0008C48D7E6B10709D133688B4A934205D179
:1059F0003046FBF7B6FDFCF721FB06460D9B0393F3
:105A00000C9B0293049B0A22CDE90073612331466B
:105A10000EA8EBF7CDFDADE63046F9F70FFB0D9B79
:105A2000297801930C9B00933A46049B0EA8EBF750
:105A3000CBFE9FE6079B0BB147F088070D9B0393B6
:105A40000C9B0293049B0822CDE900736123DEE7DF
:105A500010AA102116A8EBF735FC2B78722B26D054
:105A6000069B0BB1B2071BD00022314610A8F9F7F4
:105A7000C1F917990D9A0C9B019332EA220228BFB3
:105A80000A468A424FF02003009328BF0A463B464D
:105A900018990EA8EBF70CFD16A8EBF71FFC69E6AA
:105AA00032685E4BD31A5A425A419200DDE7012216
:105AB000DBE70D9A03920C9A0292049A0192079ADC
:105AC00017430097173B1022A1E75448544B069AFE
:105AD00012A9002A08BF1846FEF71CFC04461AE06B
:105AE0000846F9F773F9022F824618D110A9E80881
:105AF000EBF7FAFA07461D2E25D1204612A9F9F731
:105B00001FFA044638B1129B002B0CDC444B454C69
:105B10009A4508BF0A2420461BB0BDE8F08FAB6849
:105B2000EF681093E7E7109916A85943EBF7BAFB13
:105B3000189B0093109A129B0121384602F09FF99E
:105B400016A95046C8E72046F9F740F9504532D12A
:105B500004F00703022B29D116A9E008EBF7C4FAD9
:105B60008046DDF858901B2E04D037D8042E46D935
:105B70000E2E2ED1109B23B92046F9F727F9504558
:105B8000C9D0B9F1000F38D0109916A84944EBF7E5
:105B900089FB109A1898394614F084F91898109BCC
:105BA0004A464146184414F07DF9C9E7A368D4F881
:105BB0000C801693D5E7194B9A4508D1012216A9F6
:105BC0002046F9F717FC20B1DDE91689CBE7242E32
:105BD00001D000249FE72046FEF770FB242EF8D169
:105BE0000123009310994B4642463846FEF722FFA8
:105BF000002814BF1E240E248DE72C468BE7109A34
:105C0000CDF8009043463946304602F08BF9002823
:105C1000EFE700BF959B05087CEE0508ACFA050888
:105C2000DCFA05080CF805082DE9F74F0546086869
:105C30000C46F9F7CBF8012D814628D9022D67686B
:105C400026D0A068F9F7A4F9054600210846FDF71B
:105C5000BBF98046206800F00703022B1BD1694680
:105C6000C008EBF741FA0446009E062F26443AD1BD
:105C7000B442274627D238780134ECF70DF80028D3
:105C8000F6D1B7421FD2002D5ED03C460EE006276B
:105C90004FF0FF35D9E78368C4680093E4E7A24674
:105CA0001AF8010BEBF7F8FF10B95446B442F6D1DD
:105CB000E21B39464846FFF79FF801464046FCF78D
:105CC000F2FEB44208D3404603B0BDE8F08F387806
:105CD0000134EBF7E1FF10B1B4422746F7D1002DB4
:105CE000CFDD013DCDE739464846FEF7F7FA3846A5
:105CF00001A9FFF7B3FC019F8346A7B91748F8F73E
:105D000065F8B246AAEB040221464846FFF774F84C
:105D100001464046FCF7C7FEB245D4D2002D0AEB3F
:105D2000070400DD013D002DEBD0A2460AEB07037E
:105D30009E42E6D33A465946504614F025F90028CB
:105D4000E0D00AF1010AF1E73946F21B4846FFF7B5
:105D500053F801464046FCF7A6FEB4E7489B050809
:105D60002DE9F04F022885B007460D4604D805B04E
:105D7000BDE8F04FFFF758BF0868F9F727F88246EB
:105D8000D5E9000600F00703022B12D102A9C008D2
:105D9000EBF7AAF98046A868F9F7FAF8041E0DDABD
:105DA00029463846FFF740FF0546284605B0BDE8BE
:105DB000F08F8368D0F80C800293ECE704F10109BE
:105DC00000214846FDF700F9062E054602D1274876
:105DD000F8F7F8F903A93046FFF740FCDDF80CB0FE
:105DE0000090BBF1000F02D12148F7F7EFFF029EB0
:105DF00046445CB1A6EB0B07474507D300995A46CA
:105E0000384614F0C1F800B3013FF5E7A6EB0802ED
:105E100041465046D5F80CB0FEF7EEFFA7004BF810
:105E20002400002CC1D0E868A9EB0404A200C11929
:105E300014F06CF86A68E868121B9200002100EB0D
:105E4000840014F079F8AC60AFE7F21BEB680193C3
:105E5000A2EB0B0207EB0B015046FEF7CDFF019BB7
:105E60003E4643F82400013CC3E700BFC99B050838
:105E7000489B05082DE9F0430D6805F00703022B48
:105E800085B00E461746A0F1020838D103A9E808EC
:105E9000EBF72AF90446B8F1000F21D02846F8F7AD
:105EA00095FF039AB8F1010F814604EB020508D073
:105EB000F368062B05D001210091214600F04AFC31
:105EC0000546B368062B07D0012200922146039AAB
:105ED000484600F03FFC04462D1B25EAE575039576
:105EE0007368DDF80C909A0706F104080BD00126C0
:105EF0000025B5420FD10E2005B0BDE8F083AB6898
:105F0000EC680393C7E719680E4A9142EFD15E68C7
:105F100003F10808ECE703A958F82500FFF79EFBFA
:105F2000039A01464FB1A9EB0200914503D32044E7
:105F300014F02AF818B10135DBE73846F5E71E20E2
:105F4000DAE700BF24FC05080022FFF793BF012217
:105F5000FFF790BF2DE9F04F2DED028B95B00D4668
:105F600005909146102108AA0CA89A46EBF7AAF9C9
:105F70009FED748A4D450AD30CAB0FCB059C84E88A
:105F80000F00204615B0BDEC028BBDE8F08F2F4608
:105F900017F8011B7D290CD1B94507D969787D29EE
:105FA00004D10CA8EBF7EEF93D4607E06648F7F799
:105FB0000DFF7B2904D00CA8EBF7E4F90135D9E7F4
:105FC000B94539D969787B29EBD07D293AD0212987
:105FD00024D03A2936D03B4699452DD01A787D2ACF
:105FE0001D4614D1A84600262B783A2B3BD16B785E
:105FF0007D2B05F1010433D0234601224B451D467C
:106000001AD219787B2922D101320133F6E7212AED
:1060100014D03A2A03F10103DED1E3E73D4600271D
:10602000B8466B1C99450BD96E78A6F17203012B0B
:1060300006D80235A945D7D84448B8E79846F0E7CE
:106040004348B4E73D460027B8463E46CCE77D29A5
:10605000DBD1013AD9D12B787D2B06D03D48A6E77C
:10606000A145E9D925460024F5E7002F44D00023B7
:1060700038781093EBF724FED0B93B4643459B4656
:1060800006D21A782E2A03D05B2A03F10103F5D138
:10609000ABEB07013846FEF752FE002207460146E9
:1060A0002298F8F74FFC28BB2B483946F8F792F8AE
:1060B000DAF80030002B01DD284878E710AA4146C5
:1060C0003846FEF77FFB209A109B013A9A4283469E
:1060D00003D823492348F7F77DF80133219A52F872
:1060E00023704FF0FF33CAF80030C34514D21E4866
:1060F000F8F768F84768F8E7DAF80030BB4201DAE9
:106100001A4854E7209A013A9342E2D20133219A85
:1061100052F82370CAF8003064BB16B1733E18BF42
:1061200001260AAA102110A8EBF7CCF8394632460E
:106130000AA8F8F75FFE0E4810A9FEF7EBF807462D
:106140001AE000BF0000C842D89B0508FA9B05086A
:10615000F39B05080B9C050800EC0508149C05083A
:106160003A9C050824EC0508419C05084F9C05084D
:10617000DCFA0508002ED1D14FF0FF3307930A93C4
:10618000002C00F0AE80F8F7DFFA229B0293219BEF
:106190000193209B00932A465346214610A8FFF7FF
:1061A000D9FE10A8EBF7DFF8119A90F80080831859
:1061B00083460493B8F1000F63D0B348414613F00F
:1061C0003DFF00284CD00BF1010B00269BF800404E
:1061D000A4F12002D2B20D2A55D900245A4644F027
:1061E000080112F8010B232804BF93460C469BF8C4
:1061F0000020302A0CD1B8F1000F06D13846FEF746
:106200001FF8002818BF4FF03D08002E08BF3026A9
:1062100007AA04995846FEF7D5FA02782C2A0346B5
:1062200001D05F2A02D144EA422401331A782E2A8F
:1062300005D1581C04990AAAFEF7C4FA034693F83C
:1062400000B0BBF1000F07D090480493594613F0FB
:10625000F5FE049B48B301331B7843B38C48A6E694
:106260009BF8016056B18848314613F0E7FE38B11B
:1062700032460BF1020B46469046A7E7B046A5E72B
:1062800080464646A2E742F6010121FA02F2D10712
:10629000A3D52B2C07D0A4F1200254425441A400D2
:1062A0000BF1010B9AE70224FAE78346D4E710A822
:1062B000EBF714F8B8F1000F08D13846FDF7C0FF2E
:1062C00000280CBF4FF03C084FF03E08002E08BFDE
:1062D000202614F0060F0CD0BBF1730F04D16D48CB
:1062E00065E6A3462646E8E7BBF1630F01D16A489D
:1062F0005DE6B8F13D0F29D0B8F15E0F29D0B8F1B5
:106300003C0F01D144F001043846FDF783FF00281B
:1063100000F09280BBF1780F0FD8BBF1610F1BD852
:10632000BBF1470F4ED8BBF1440F00F28580BBF1A3
:10633000000F6AD0BBF1250F7ED03846F8F752FD2A
:10634000564903465A465648F6F74DFF44F01004A6
:10635000DAE744F02004D7E7ABF16203162BECD860
:1063600001A252F823F000BFDF630308F9630308BA
:106370000B640308396403083964030839640308AB
:106380003B6303083B6303083B6303083B63030869
:106390003B6303083B6303080B6403081D640308A5
:1063A0003B6303083B6303083B6303083B63030849
:1063B0003B6303083B6303083B6303083B63030839
:1063C000CB630308BBF1580FB7D100230393079B9E
:1063D0000094CDE901631022ABF1170307E000231D
:1063E0000393079B0094CDE90163022261233946A0
:1063F00008A8EBF7DDF8E1E5079B0093224633465A
:10640000394608A8FEF72AFAD8E500230393079B2C
:106410000094CDE901630A226123E8E723074FF0E6
:1064200000030393079B48BF44F08004CDE9016358
:10643000009461230822DAE73846FDF701FF0028BF
:1064400046D0BBF1000F32D0BBF16E0F2FD0BBF1A5
:10645000250F2FD0BBF1240F7FF66FAFBBF1470F95
:1064600020D8BBF1440F7FF668AF3846F8F7E6FD59
:106470000A9B0193079B009322463346594608A87E
:10648000EBF7A2F99AE500BF759C05087A9C050810
:106490008A9C05088F9C05089B9C0508AA9C0508FA
:1064A00098EA0508ABF16503022BDED945E74FF00A
:1064B000670BDAE73846F8F7C1FD0A9B0193079BA3
:1064C000009320EE080A334644F040026621D6E7E6
:1064D000B8F13D0F01D10F4869E5BBF1000F03D0C2
:1064E000BBF1730F7FF429AF10A93846FFF7B6F858
:1064F000109F0A9A079B32EA220228BF3A46BA4204
:10650000CDE900630146234628BF3A4608A8EAF7CA
:10651000CFFF53E5B89C050870B50546086800F044
:106520000703022B8AB00C46164617D104A9C008EF
:10653000EAF7DAFD0146049A009500230A44059320
:1065400006A805ABCDE90146FFF704FD2068F8F782
:106550003DFC06A9FDF7DEFE0AB070BD8368C16888
:106560000493E8E707B501A9FFF778F8019903B0AC
:106570005DF804EBFEF7E3BB044B0B60044BC1E991
:1065800001300023CB600846704700BF3CF405088B
:106590009565030873B50546806800F00703022B74
:1065A00015D101A9C008EAF79FFDEC68019A944251
:1065B00011D204442046EBF749FB061B3146204626
:1065C000FEF7BDFBEB683344EB6002B070BD83683F
:1065D0000193C068E9E70020F7E701F00703022B09
:1065E00013B504460AD1C80801A9EAF77DFD042CB9
:1065F00008D0052C0CD0002002B010BD8B68C868F4
:106600000193F4E7019B002B0CBF0E201E20F3E743
:106610000199EBF731FB400040F00100ECE700008E
:1066200001F00703022B2DE9F743044616460ED16D
:10663000C80801A9EAF758FD0546032E019A0AD1B8
:1066400029462046FEF78CF903B0BDE8F0838B683D
:10665000CD680193F1E726B9636820682946984719
:10666000F2E705EB02082B460022434504D3002A3B
:1066700014BF2227272705E0197827290FD02229C0
:106680000ED127272A493A462046EBF7B7FAA84504
:1066900008D827493A462046EBF7B0FAD4E701225A
:1066A0000133E2E72846EBF7B6FA06462846EBF751
:1066B000CDFAB742814605D11E493A462046EBF74E
:1066C0009DFA05E05C2E05D11B492046EAF7E1FE64
:1066D0004D46DCE7A6F120035E2B02D81449324672
:1066E000ECE70A2E01D11549EFE70D2E01D114492F
:1066F000EBE7092E01D11349E7E77F2E02D81249B3
:106700003246DBE7B6F5584FA0EB050204D26368CA
:10671000206829469847DBE7A6F56043B3F5811F5B
:10672000F5D3B6F5803F34BF084909493246C5E77D
:10673000139B0508129B0508169B0508199B050865
:106740001C9B05081F9B0508229B0508299B050823
:10675000CD9C0508F7B51E462C4B9DF8207098423D
:106760000C46154602D02A4B984208D13B46324689
:106770002946F8F7EBFC0444204603B0F0BDF307CC
:106780000CD5761001960199002904EB050228DA50
:10679000013A00201346B9B9541CEDE701A930466F
:1067A000F8F7CEFB0028EED13046F8F71BFB19496D
:1067B00002461948F6F717FD1B7803F0C003802B3B
:1067C00002F1FF320AD113469442F5D900B101918A
:1067D000002FD1D111491248F6F7FCFC01310120FC
:1067E000D8E70025944205D305B10191002FF1D0DF
:1067F0001446C1E70139BFD3601C012504460130AE
:10680000237803F0C003802BF8D0EBE7ACFA05083F
:10681000FCE60508D49C0508E0EA0508EB9C0508A1
:1068200024EC0508F0B585B004460D461746F8F788
:10683000CDFA04F00703022B064614D1E00803A9A1
:10684000EAF752FC0446042F4DD1AB0732D12A6837
:10685000274B9A422ED1EB68062B08D0032B06D08B
:106860002448F7F7AFFCA3680393E468EBE7D5E9A6
:106870000137062B1AD0012200922146039A304696
:10688000FFF768FF0546062F039A11D001230093F6
:1068900021463B463046FFF75DFF854225D8421B27
:1068A00029463046FEF7A8FA05B0F0BD2546EAE7CE
:1068B000A018F2E70023039A009321462B463046A6
:1068C000FFF748FF90F900300278002B08DB012128
:1068D000FEF735FAE8E701315B081A42FBD1F7E72A
:1068E00040230121F9E70020DEE70A20DCE700BFB2
:1068F000D4F70508F997050830B4064B064C074D48
:106900000A460968A94214BF2146194630BCEBF774
:1069100075B900BFF29C0508059D050844FB0508F4
:106920000229F8B5044608D0042923D0012917D03C
:1069300016221A604FF0FF30F8BD5668012E11D0B4
:10694000022E11D00020156829182CBF012700271E
:106950006EB1002D0BDA884238BF0021A1601160B2
:106960000020E9E78068EEE741684868EBE7002F20
:10697000F4D0DDE74068EAF7C6FC00236360EFE788
:1069800008B510B90148F7F721FA08BD179D0508A9
:106990002DE9F8434568044628461F4688461646B2
:1069A000FFF7EEFF2B7B6BB1D5E90109E9F760FC3E
:1069B0006368A86000221A739868E26049465A68C2
:1069C00013F070FAA568AD1921D26068D0E90017FC
:1069D000A94203D24160691AEAF7BAFCA268BA4236
:1069E00006D963689868D21B0021384413F0A4FAD2
:1069F00063689868A36832461844414613F052FA17
:106A00006368A5605A68AA4238BF5D6003E01B2333
:106A10003B604FF0FF363046BDE8F8837FB50D464A
:106A2000014610201E46F8F7C4F90023C0E90233DE
:106A30000446002D3FD03068C50705D4810713D127
:106A400002681E4B9A420FD1F8F7A2FA0025EAF726
:106A50004FFC60604DB30023DDE901122046FFF7D3
:106A600097FF0023A36020E0052201A9F8F7C2FCEC
:106A7000336803F00702022A0AD09A0718D11B686C
:106A80001A7BAAB103EB82031A690D4B9A420FD10C
:106A90001020E9F7EDFBDDE901216060EAF70AFC6F
:106AA0006368029A5A603368E360204604B070BDA0
:106AB00002980125CBE71020C9E700BFDCF00508EC
:106AC000A15603082DE9F0414668054630460F46B9
:106AD0009046FFF755FF7468AB689C420FD9E41AE3
:106AE000B168444528BF444619442246384613F04D
:106AF000D9F9AB682344AB602046BDE8F08100249F
:106B0000FAE7000038B5446805462046FFF738FF2D
:106B10002868064B064DD4E90121064CA84214BF53
:106B200020461846BDE83840FEF766B9DCFA05088D
:106B300044FB0508ACFA0508D0E902130246486890
:106B400083423FBF981C013351F82000D36028BF17
:106B500000207047044B0B60044BC1E90130002357
:106B6000CB600846704700BF3CF40508396B03084A
:106B7000032A2DE9F84304460F46154612D117495A
:106B8000EAF787FCD4F8088007F1040900267B683F
:106B9000B3420ED8032D19D111492046BDE8F84360
:106BA000EAF777BC0F49DFF84880EAF772FC012565
:106BB000EAE71EB141462046EAF76BFC59F8041F8C
:106BC0002A462046F8F716F90136E0E7012B03D1F3
:106BD00005492046EAF75DFC0449DEE7F49705081D
:106BE0002CAC05089A9A05082B9D050804B40508E5
:106BF000F6970508024608680B46083050F8041C52
:106C000001F008BA0A46083050F8041C01F036BA00
:106C100010B50446F8F7DAF8C37B2BB100EB83001C
:106C2000054B02699A4205D020460449BDE8104050
:106C300001F093B8204610BD556B030824FC0508ED
:106C4000052870B50D461CD0062807D004281BD196
:106C50004B68002B0CBF0E201E2070BD0B4C012674
:106C60006A68731E9A4203D8600040F00100F4E79E
:106C70000136062055F82610F6F706FB04EB6004F3
:106C8000EEE748684000F0E70020E6E7E8FB05088B
:106C900038B505460C4688B1023009498000F8F73E
:106CA00088F845604CB12146031D04EB850551F879
:106CB000042B43F8042FA942F9D138BD0148FCE761
:106CC00024FC0508E8FB05082DE9F0410C462046A8
:106CD000114602221E46F7F745FD6CB33568AB0737
:106CE00003D12A68154B9A4217D01020E9F7C0FA51
:106CF000002104463068F6F71DFD00258046042675
:106D00004046F6F78BFD074650B928462146FFF767
:106D1000BFFF05462046E9F7D3FA2846BDE8F081D3
:106D2000B54205D3F1002046E9F7BDFA76000446E6
:106D300044F825700135E3E7014DEEE724FC050832
:106D4000E8FB05087FB50546102D0E4610460CD011
:106D500007D8042D44D90E2D21D00024204604B09C
:106D600070BD1B2D1BD01D2DF7D103A9F8F7E8F836
:106D700004460028F2D0039B002B2FDD7068002111
:106D80005843FFF785FF00F1080300930446039B77
:106D90007268042106F1080001F071F8DEE7FFF7E0
:106DA00037FF04460028D9D0636870680021184472
:106DB000FFF76EFF72680546920006F10801083081
:106DC00013F070F862680346706804F108019200DD
:106DD00003EB800013F066F82C46BFE70A4CBDE7D2
:106DE000FFF716FF04460028B8D043680093726886
:106DF00000F1080306F10801284601F0C6F8002852
:106E00000CBF0E241E24A9E7E8FB0508042A7FB561
:106E100005460C462BD111F0030640681DD10A68C7
:106E2000144B9A4219D101AA01F03DF810B9124849
:106E3000F7F7C8F9DDE901303146C01AFFF728FF3E
:106E40000199426808350446920005EB810108303B
:106E500013F028F8204604B070BD224601460023F6
:106E60002868F8F773F9023055F82040F2E700245B
:106E7000F0E700BFD4F70508F9970508F8B5134AFD
:106E80000F461349884202D100242046F8BD83886A
:106E90009B0502D438600124F7E7837C002BF3D0F4
:106EA00000EB8300006903689342EBD1466800F170
:106EB000080505EB86060024B542E6D255F8040B1A
:106EC0003946FFF7DBFF0444F6E700BF24FC050862
:106ED0008CF30508F7B50C46074654F8045B00230D
:106EE00001A9286801931646FFF7C8FF0198326888
:106EF000037A00EB8303D2081E69791E2346B0474C
:106F00002861062003B0F0BD2DE9F047DFF8EC80E2
:106F1000DFF8F89005460C46AB6873B1A28890057F
:106F20000BD4E15C21B90F2B07D112F4C07F04D040
:106F3000EB6804221A60BDE8F087E37C53B304EBEE
:106F4000830369681869C900002241F00201043016
:106F5000F7F7F8FC0246E8B12B7C28683BB1EB68F8
:106F6000526801460020BDE8F047F6F78FB868B1D7
:106F7000A38899050AD4214B9C4207D00069204B75
:106F8000984203D11F492048F6F724F9EB6852686C
:106F90002146E8E72B687BB12A7C6AB9A288920572
:106FA0000AD4444508D01869EA686968F6F7AEF86B
:106FB000EB681B68002BBED1A37C002BBBD004EB7D
:106FC00083031C6923684B4509D1264656F8047F84
:106FD00004EB8707043756F8044FB74202D84445FC
:106FE0009AD1A8E74445F6D021462846FFF78CFF02
:106FF000EB681B68002BEED09DE700BF8CF3050803
:107000001CFD05082D9D0508B4EC050824FC0508A9
:107010002DE9F043156887B00746164625BBD0E931
:107020000132CDE90121A1F11102514251419A7C75
:107030000496C9008DF8145003916AB103EB8203E2
:107040001969174B0A689A421DD10C46DFF858900F
:1070500054F8048F45450AD13368DBB1042B03D1C2
:10706000104B3360BB68736007B0BDE8F08354F821
:10707000041F494505D001A8FFF746FF3368002BE0
:10708000EAD10135E6E7084B9942E5D001A8FFF7C0
:107090003BFFE1E70449039301A8FFF735FFE3E76E
:1070A00024FC05081CFD05088CF30508F0B589B023
:1070B00001AF0026039013220F2305460C460168FA
:1070C000019603A8CDE904237E6006978DF81C6025
:1070D000FFF71AFF019848B1042816D12869F7F77D
:1070E00075FE83881B06064602D5286909B0F0BDE7
:1070F0001CB91020E9F7BCF80446F37B286906EBBD
:107100008306214633699847F0E73A4631463046D0
:10711000F6F79FF9EAE70000CA880149EAF76EBD71
:107120004B9D050838B50446084611464FF002123B
:107130001D46F7F717FB0820E9F79AF82B68C0E916
:10714000004338BDF0B505468BB00F461446EAB192
:10715000042A0CBF0F221C220023CDE9013309931E
:1071600005A80E232968059501AECDE903740793A0
:1071700008960692FFF7C8FE0198042808D12869EE
:1071800022463946F8F70AF90BB0F0BD0B22E3E7C7
:107190000028F9D05CB1042C0CBF0120022032463B
:1071A0000021F6F756F9042C18BF0620ECE7012061
:1071B000F5E700002DE9F041164612688CB005464F
:1071C0000C46002A7AD1CF0047F0020700F10408EC
:1071D000019039464046F7F7B5FB10B1436833607C
:1071E00012E040F216339C4211D198E80700714B2F
:1071F000079308AB83E8070007A8F9F7E6FC3060BF
:10720000037943F0020303710CB0BDE8F081CDE9CE
:1072100009068DF82C00296807A8CDE90754FFF767
:1072200073FE306860B32B689B889907ECD510F02B
:10723000030413D10268604B9A420FD1FCF7E6F8C1
:107240000068062803D15D495D48F5F7C3FF01AB2F
:1072500022460121F6F7A0F83060D5E703AAB7214E
:10726000F5F754FF039B002BCED001980590F7F75C
:10727000ADFD03AA069000210220F6F7EAF8EBE73D
:107280000E2CC1D0B72CBFD0D52CBDD0B12CBBD0CB
:107290006FF44772A318012BB6D940F215339C4204
:1072A000B2D0019803AA0E21F5F730FF039B002B03
:1072B000AAD0059703AA00210120DEE701687768BC
:1072C0008B889B0761D50023CDE9070401AA07A895
:1072D000CDE90133CDE909328DF82C30FFF714FEEA
:1072E0000198002836D010F003081AD10268324BFA
:1072F0009A4216D1FCF78AF8CDE903574FB9806856
:10730000062881D003AB3A460121F6F745F8002361
:1073100065E7406806283FF477AF03AB4246022199
:10732000F3E703AA5FB9B121F5F7F0FE039B93B130
:10733000059503AA00210120F6F78BF8E7E7D52190
:10734000F5F7E4FE039B9BB10595069703AA002180
:107350000220F1E767B903AA40F215312846F5F794
:10736000D5FE039B93B1E40044F002040594E0E7EA
:1073700003AA40F21E312846F5F7C8FE039B7BB1F5
:10738000E40044F002040594DFE74FB9022242EA28
:10739000C401281DF7F7D6FA00283FF435AFB6E749
:1073A000E100012241F00201281DF7F7CBFA476006
:1073B000ADE700BFD4E9050874F40508589D050839
:1073C000B4EC05082DE9F0411D4B88B01B5C04931B
:1073D00000240C23CDE9024106460F460DEB0300C5
:1073E00009680593CDE900449046CDF818D08DF892
:1073F0001C40FFF789FD009B042B0DD139694246E3
:107400003046F6F7EBFC03460E4A934208BF0023D2
:10741000184608B0BDE8F081002BF9D06A46214635
:107420000120CDF80880F6F714F8242E0346EBD19E
:10743000F7F7F2FE00280CBF0E231E23E4E700BF7F
:10744000DCFC0508ACF7050870B5254B0D46195C4A
:1074500088B0CDE9035101AA0B210023CDE9051223
:10746000064629688DF81C3003A8CDE90133FFF7E3
:107470004BFD019C042C07D129693046F5F704FF28
:107480000446204608B070BDCCB120462946F5F729
:10749000D7FF062E04460CD0082EF2D1C207F0D436
:1074A000830703D102680F4B9A42EAD00020F6F717
:1074B00067FEF7F779FD400040F00104E1E7062E92
:1074C000DFD1B3232968049303A8FFF71DFD6D00E6
:1074D000019B45F00105A34208BF2C46D1E700BF40
:1074E0000EFD0508DCF0050870B5151E88B00C46C9
:1074F00014BF1B211D21CDE9034101AA092100234D
:10750000CDE90512064621688DF81C3003A8CDE9A7
:107510000133FFF7F9FC019B3BB935B91B23216807
:1075200003A8CDE90435FFF7EFFC0198042816D134
:107530002069F9F787FD80B13DB12368D888E9F764
:10754000C8FD01463046E9F7A4FF45F080022169F5
:107550003046F7F74FFC08B070BD2A46F7E728B170
:107560002146F5F76DFF00220146F1E72046F7F7C7
:1075700039FC0349024623463046EAF73FFBEAE777
:10758000659D050838B50D4604460B49E9F781FFAE
:10759000696800222046F7F72DFC08492046E9F7E4
:1075A00078FFA96820460022F7F724FC204604490A
:1075B000BDE83840E9F76DBF779D0508F6970508E7
:1075C000569D050870B5057A25B9C2880549064853
:1075D000F5F709FE00EB85042469A446BDE8704078
:1075E000604700BF809D0508E0EA0508F0B589B056
:1075F0000E46012410210023CDE9044103900168C7
:107600008DF81C300546174603A801AACDE90133C1
:107610000692FFF779FC019B042B0CD12869F7F740
:10762000D5FB037C00EB83003A46036928693146A9
:10763000984709B0F0BD2046FBE7000041F6F20391
:10764000984273B50C4603D041F6AA03984202D182
:10765000012002B070BD8B0710D00B4E00252046D4
:10766000317801236A46F5F793FD00980028EFD1A1
:107670000135032D06F10106F1D1EAE70A68034B53
:107680009A42EAD1E4E700BF54FC050874F4050807
:107690002DE9F041136886B004461646002B4BD105
:1076A000172905D1C388DB0043F0020333601AE0D9
:1076B00040F21632914219D1C37C5BB100EB8303D7
:1076C0001869394B002808BF184603799D0703D570
:1076D000306008E03448F8E7F9F777FA306003796A
:1076E00043F00203037106B0BDE8F08140F21232AC
:1076F000914215D12D48844210D0A37C13B104EBE4
:10770000830318690190840703D10268284B9A42C9
:10771000DED001A90120FFF7BBFAD9E72548D7E75A
:10772000CDE90101CDE903360146012301A88DF819
:107730001430FFF7E9FBD6E7C37C002BD3D000EB76
:1077400083031F693B799807CDD4D2F80480C90020
:10775000043741F00205B8F1000F09D10222294691
:107760003846F7F7EFF80028BDD0C6F80080BAE732
:10777000A38899070ED441462846FFF75FFF48B11A
:10778000A388DA0703D50C490C48F5F723FD43F02D
:107790000203A380012229463846F7F7D3F873681D
:1077A0004360002382E700BF38EA05088CF3050830
:1077B00024FC0508E8FB0508939D0508B4EC0508C2
:1077C0002DE9F04F0D4687B011462846774A1C46F2
:1077D000F6F7C8FF012D03D0032D07D0744812E03F
:1077E000206807B0BDE8F04FF7F7F0BA2068FDF762
:1077F00001FD676817F00306814603D13A686D4BB7
:107800009A4202D00020F6F7BBFCD4F8088040462C
:10781000F9F7E2F80028F5D03946DFF8D4B151F88D
:10782000040F4FF4077AB04208D10EB3BB685D7CF9
:1078300015B103EB85031D690B201BE051F8043FD4
:107840009D07DFD11A685A45DCD11A7A22B9DA8845
:1078500059495A48F5F7C7FC9A88940541BF42F048
:10786000010402F002029C804AEA020A0136DAE7C9
:1078700035460A20002D18BF013005308000E8F79A
:1078800010FD4F4B43614F4B83614F4BC3614F4BD7
:1078900003624F4B43624F4B83624F4BC3624F4B6C
:1078A00003634F4B836003F10433C3600923037404
:1078B0004C4B43630A230446C0F800B0A0F804A070
:1078C000A0F80690C374C0F838804EB10B23012E87
:1078D000837408BFBF68C76315B10C234374056484
:1078E0001022002102A812F027FB002502AEA946B3
:1078F000D8F808309D4207D301A92046FFF7BEFA09
:1079000001282DD938487EE7D8F80C7057F8350093
:107910004FEAC50B07EBC50A00B304281ED0A388A5
:107920009B0708D4DAF80410FFF788FE18B1A38883
:1079300043F00203A380DAF8040057F80B703246D4
:1079400040F21D31F5F7E2FB73683BB11020E8F718
:107950008FFCB060C0F80890F760B6680135C7E7E3
:107960000022C22108F10400F6F7ECFF054678B1C9
:10797000436813F003020BD11B68D98840F2BF3370
:10798000994205D1031D01211848FFF7CBFB686020
:1079900002AA95681DB9204607B0BDE8F08F946033
:1079A00000210220F5F755FD2A46F2E70600020005
:1079B000F49D050824FC0508BC9D0508E0EA0508BF
:1079C0008D7A0308E9740308F579030849740308FC
:1079D000C5730308B571030845710308AD7003084A
:1079E00001020304ED750308D29D050870FC05082B
:1079F000B8FC0508F0B58BB00D46164600210922EB
:107A00001F460A23CDE90311CDE90623059003ABF8
:107A10008DF8241004460168089305A8FFF774FA4E
:107A2000039838B92046F7F7DDF90B4902460B48B1
:107A3000F5F7D9FB042807D120693B463246294691
:107A4000F5F7AAFC0BB0F0BD0499009733462A461F
:107A5000F8F7EFF9F6E700BF50950508E0EA0508EA
:107A600038B50446FFF70AFA05460430214680007F
:107A7000F7F79FF9002104460430F6F72DFF0DB10A
:107A8000014B2361204638BD1CFD05082DE9F04758
:107A90008AB00DF10C09002407460D461646014632
:107AA000182205A898460823CDE906230394C9F8AF
:107AB00004400594CDF820908DF82440FFF724FA77
:107AC0000398019408B1042824D101A93846FFF78E
:107AD000C7FF044600231122394605A8CDE9033328
:107AE000CDE906230594FFF70FFA039B002B55D031
:107AF00055EA060138D14A460846F5F7AAFC07467A
:107B0000062F4BD03846F7F76DF92D4902462D4820
:107B1000F5F769FB55EA06020ED102AB0121029787
:107B2000F5F73AFC04462046F7F750F9B842D1D0B1
:107B300020460AB0BDE8F08705EB4604601C8000D3
:107B4000E8F796FBA2008246414640F8047B12F01B
:107B5000A9F9039853463246691CF5F71DFC044603
:107B60005046E8F7ADFBDEE705EB4607B81C8000A2
:107B7000E8F77EFB039B0360049B43608146BA00E9
:107B80004146083012F08EF94A4631462846F5F74C
:107B900060FC07464846E8F793FBB1E701980028E8
:107BA000C6D02269084B9A42C2D1037A00EB830304
:107BB00032461F6929464346B8472061B8E700BFEF
:107BC000019E0508E0EA05081CFD050800B589B01E
:107BD00009210A22CDE9041200230168039001AAB9
:107BE00003A8CDE9013306928DF81C30FFF78CF91C
:107BF0000198003818BF012009B000BD1FB5064B21
:107C000001934B6802930A468B680393014601A8CF
:107C1000F5F770FC05B000BD98FC05082DE9F041B2
:107C2000134E144F0D46A84220D083071CD1036881
:107C3000B34219D1837CBBB100EB830000690368B8
:107C4000BB42F0D1044654F8043F00EB830000F13E
:107C5000040854F8040F4445E5D22946FFF7DEFF37
:107C60000028F6D0BDE8F0810020FBE70120F9E70D
:107C7000B8FC050824FC0508F7B58B0707460191F9
:107C80000FD10B68114A93420ED0114A934208D18A
:107C90004D6801F108020F4E0024AC4207D10E20BE
:107CA0000AE00D48F6F76CFA01AA0125F3E752F84D
:107CB0002410B14202D11E2003B0F0BD3846FFF7B8
:107CC000ADFF0028F7D10134E7E700BFB8FC050895
:107CD00024FC05088CF305081C9E050838B51C46D5
:107CE0000546084611464FF00412F6F73BFD606862
:107CF000F7F76CF80A4B2168984208BF6068FFF7F5
:107D0000BBFF0E2802D10020F6F73AFA0C20E8F764
:107D1000AFFAD4E90023C0E90052836038BD00BF48
:107D2000B8FC050808B5830703D10268044B9A42E2
:107D300002D00448F6F724FABDE80840FFF79CBFDC
:107D4000B8FC0508309E050810B50C46F7F73EF85C
:107D50002146BDE81040FFF78FBF38B50D460446F9
:107D6000F7F734F8A84204D02946FFF757FF10B1BF
:107D70002469204638BD0446FBE72DE9F041002583
:107D8000074600F104082C467B68AB4202D8204627
:107D9000BDE8F08158F8040FF5F740FD064650B1F4
:107DA00024B921467868FEF773FF0446AB1C013501
:107DB00044F82360E8E70446E9E700002DE9F041D4
:107DC0000C460546114620460D4A9846F6F7CAFC71
:107DD000A01C29468000F6F7ECFF0646074646F849
:107DE000044F0025A54202D13846BDE8F08158F87D
:107DF00025000021F5F79EFC013546F8040FF1E758
:107E0000FEFF010070B504460D46F6F7DFFF837BE9
:107E100000EB83002946036904222046BDE8704038
:107E2000184770B504460D461646F6F7CFFF837B1C
:107E300000EB83003246036929462046BDE87040C6
:107E4000184770B504460D46F6F7C0FF837B00EB7C
:107E500083002946036900222046BDE87040184788
:107E600070B50D460446F6F7B1FF037B00EB8300C7
:107E70002A46036921462420BDE8704018472DE9B1
:107E8000F041069E80461F4602FB01F40025BD42DC
:107E900001D1BDE8F08130462246414612F002F899
:107EA00026440135F3E70B4610B514460146184643
:107EB000FCF736F9A068002809DA62682368013205
:107EC0009A420BDC6260431E5842584110BDFAD002
:107ED000D4E900329342F6DD6360F4E70133FBE757
:107EE0002DE9F0418E68D1E900470021804608461F
:107EF000FBF76AF8002E054611DABC4202DA284682
:107F0000BDE8F08158F824102846FAF7CCFD344437
:107F1000F3E758F824102846FAF7C5FD3444BC426C
:107F2000F7DBECE770B50446022C049E15461846B4
:107F300003D1B24207D0002070BD9CB1032C13D0F6
:107F400033461D461646034608461946AE4232469B
:107F500028BF2A4612F018F8022C07D1B0FA80F098
:107F60004009E9E70124F1E70424EFE70028E2DB18
:107F700009D1AE4203D02CBF01200020DCE7601EF7
:107F800018BF0120D8E70120D6E72DE9F0470228E5
:107F9000DDF820800646174614D1424538D11A46EE
:107FA0000B461146B845C1461D4628BFB9460C468A
:107FB0004FF0000ACA4510D1B84525D02CBF01208A
:107FC00000201FE028B1032805D04246B8461746D6
:107FD000E5E70126E6E70426E4E721682868F7F7E5
:107FE000C1F920B1043504340AF1010AE2E7022E96
:107FF00008D022682968F0B2F5F7F0FEA0F11E0360
:1080000058425841BDE8F087701E18BF0120F9E7BB
:108010000020F7E72DE9F0478146186817461E460D
:108020000D46F6F7D3FE022FD6F80480824613D908
:10803000B26801232946F7F789F8032F044606D0D2
:108040002946F26801235046F7F780F80546A54215
:1080500004D80948F5F7BAFE0024F8E759F82400D7
:108060004146F7F77FF908B90134F0E7600040F0C6
:108070000100BDE8F08700BF399E05082DE9F041F9
:10808000002507460E4690462C46B54204D16000B6
:1080900040F00100BDE8F08157F825004146F7F7B0
:1080A00061F901350444F0E703685A7C03EB82036D
:1080B0001869704707B50646FFF7F6FF85680C4656
:1080C00025B10A4601AB0C213046A8472046F6F7F9
:1080D000A1F82DE9F041044686B00868FFF7E4FFF7
:1080E000012C0D46064629D94C686410601C25D029
:1080F000214602A8E9F7C8F8621C01D0BCB1013CD6
:10810000012102A8E9F724F937680146804601AB4E
:1081100028680122B847411C21D101990B291BD1A4
:10812000039B012B11D0012102A8E9F792F9337BBF
:10813000DB0702A81AD5FCF709FE0AE0102102A805
:10814000E9F7A2F84FF0FF34D6E702A8E9F7C6F83E
:10815000062006B0BDE8F0812868FFF7ABFF0028D5
:10816000E1D098F800300A2BC6D1E0E7FCF70AFE10
:10817000EFE737B50446FFF797FF0421856801ABA9
:1081800000222046A847013003D101992046FFF77D
:1081900091FF062003B030BD0868FFF7EABF37B58E
:1081A0000446FFF781FF0121856801AB00222046CC
:1081B000A847013003D101992046FFF77BFF062035
:1081C00003B030BD37B5002101900846FAF7FCFE38
:1081D000044601A90120FFF77CFF0546F7F71CF8CC
:1081E00020B129462046FAF75EFCF2E7204603B0AC
:1081F00030BD2DE9F0479A4681461546FFF754FFFA
:108200009DF82070D0E9008317F0020F4FF00004B2
:108210000E4618BF9846CAF8004007F001077DB126
:1082200053462A4631464846C04748B1431C0AD106
:10823000DAF800300B2B03D114B10023CAF8003058
:108240002046BDE8F087002FFBD106442D1A0444D8
:10825000E5E72DE9F043012889B00F46904605D0A7
:108260004868F6F795FE0546681C39D13F683846E0
:10827000FFF71AFF4FF48071814604A8E9F704F86C
:10828000DDF818804FF4807500264146D9F800408B
:1082900003AB2A463846A047411C08D103990B2955
:1082A00002D1A6B906202CE03846FFF703FF70B1D3
:1082B0008542064402D92D1A8044E6E74FF48071C6
:1082C00004A8E9F72FF84FF480758046DDE799F8A8
:1082D0000C300596DB0704A811D4FCF753FD10E021
:1082E0003868FFF7E1FE037BDA0706462C4629468D
:1082F00004A857D5E8F7C8FF00262CB904A8FCF756
:1083000025FD09B0BDE8F083214604A8E9F720F86F
:1083100000230093014603AB38682246FFF769FF4C
:10832000039B80466BB1214604A8E9F792F80399B4
:108330000B294AD1059B002BE0D104A8E8F7CEFF1A
:10834000B0E7844206D9211A04A8E9F782F8B8F107
:10835000000FD3D0DDE9054188578B5D00283246F8
:1083600015DA03F0E000C02813D003F0F000E02895
:1083700011D003F0F803F02B14BF052304231E448F
:10838000A6420AD805F1FF35E6D12C46B5E7012310
:10839000F5E70223F3E70323F1E72C1B013C344408
:1083A0001646AAE7E8F77EFFCDF8008003AB0699F2
:1083B00038682A46FFF71DFF039B43B104A8E8F77E
:1083C0008DFF03990B293FF46DAF38686DE7337B60
:1083D00005907FE70022FFF73CBF0122FFF739BF7E
:1083E00073B50546CDE900121E46FFF75DFE02217A
:1083F000846833466A462846A047431C18BF009845
:1084000002B070BD73B5064648680C46F6F7C0FD6D
:10841000032E05460DD0002D12DB002201AB206893
:108420002946FFF7DDFF431C0DD101992068FFF7B6
:1084300041FEA068F6F7ACFD02460028EBD0EDE760
:108440001620F5F7E7FEFAF7ACF802B070BD1FB5DD
:108450000123019001A90320CDE90230FFF7D2FFEB
:1084600005B000BD10B50C46F6F7B0FC437C73B107
:1084700000EB8300E107006901D503683BB1A20767
:1084800001D543681BB1630705D583681BB9024951
:108490000248F4F79FFE10BD3F9E050894EB0508C7
:1084A0001FB5009303AB0446FFF7A3FE039921B168
:1084B0000B2907D02046FFF7FDFD400040F00100EA
:1084C00004B010BD0620FBE77FB512F0020F0D4689
:1084D00016460CBF02220122044642F004026868DC
:1084E00001A9F6F787FF032C12D1A868F6F75CFD07
:1084F00000240299091B81420A460291019928BF72
:108500000246334628682144FFF7CAFF04B070BD15
:10851000042C0BD1A868F6F747FD0446E868F6F787
:1085200043FD029B9C4228BF1C46E2E700244FF01B
:10853000FF30DEE70222FFF7C7BF0322FFF7C4BF09
:108540000022FFF7C1BF0122FFF7BEBF0223FFF7E2
:10855000A7BF13B5019001A90120FFF7BAFD04469A
:10856000F6F75AFE002814BF2046002002B010BDC6
:10857000512810B52AD8412802D8012846D010BD6C
:1085800042380F28FBD801A454F820F00D860308C8
:108590007F8503087F8503087F8503087F8503089F
:1085A0007F85030811860308258603087F85030855
:1085B0007F850308258603087F8503087F850308D8
:1085C0007F850308258603081786030862281DD0C7
:1085D0006838C4B2092CD2D80928D0D801A454F8DC
:1085E00020F000BF11860308258603087F85030855
:1085F0007F850308258603087F8503087F85030898
:108600007F8503087F850308178603088B54B6E728
:1086100021F81230B3E701EBC200DC1741F8323029
:108620004460ACE741F82230A9E700BF402810B50C
:1086300032D00BD800F0FD003C2807D1642917D8B0
:10864000482906D8422931D0482952D02D48F5F77B
:10865000BDFBA1F14900C0B2012303FA00F040F2D2
:10866000C944204249D1284B034083B962291CE008
:108670006539C9B20C29E9D8012303FA01F010F0D9
:10868000920F3AD110F0090F34D10C29DED1012319
:10869000082002B1136010BD64291CD848290CD8E9
:1086A000422903D0482922D00129CFD101231846DD
:1086B000EFE70C29CAD10823F9E7A1F14900C0B2BC
:1086C0000123834040F2C940034218D10E481840AC
:1086D0000028CBD0EFE76539C9B20C29B6D8012301
:1086E0008B4013F0920F07D113F0090FE1D0022352
:1086F000DDE701230220CCE704230420C9E704239B
:10870000D5E700BF4A9E050800010008512808B5BA
:108710002CD8412803D8012857D0002051E04238F6
:108720000F28FAD801A353F820F000BFCB87030825
:108730001B8703081B8703081B8703081B87030885
:108740001B870308D5870308DB8703081B870308FB
:108750001B870308DB8703081B8703081B870308A5
:10876000298803082F880308F78703086238C3B2F3
:108770000F2BD2D80F28D0D801A353F820F000BF78
:10878000C18703081B870308178803081B87030892
:10879000078803081B870308CF8703082F8803086F
:1087A0001B8703081B8703082F8803081B87030800
:1087B0001B8703081B8703081B870308E787030839
:1087C0008856400040F0010030E0885CF9E731F95C
:1087D0001200F6E731F81200F3E7BDE8084051F85F
:1087E0002200F9F7DEBE01EBC201BDE80840D1E985
:1087F0000001F9F7ABBE01EBC201BDE80840D1E9C9
:108800000001F9F7BEBE01EB820191ED000ABDE85F
:108810000840F8F73FBE01EBC201D1E900011DF0AD
:108820006FFE00EE100AF2E751F8220008BDBDE825
:10883000084051F82200F9F799BE00BF70B5044610
:1088400062B9421E13444FF0FF3549B193F900203D
:10885000D01701460022A24204D170BD0125F4E7E1
:108860000846F7E71E78090241EA10612B4446EA00
:1088700000200132EFE72DE9F3410646174601AA31
:108880001C680D469846FFF7D1FE402E07D1019A8D
:10889000E41B531E1C44524214403C443C26231803
:1088A000C8F800302346A6F13E04624262415A2DC8
:1088B00094BF00210121FFF7C1FF4F2D0B4642D08D
:1088C000532D04D102B0BDE8F041FCF783BA652D09
:1088D00008D100EE100AB2EE400A02B0BDE8F04145
:1088E000F8F7D8BD662D02D100EE100AF5E7642D29
:1088F00004D11DF005FE00EE100AEEE75A2D12D944
:1089000010F1804441F10005B4F1004F75F100050C
:1089100004D202B0BDE8F041F9F728BE02B0BDE8CC
:10892000F041F9F713BEB0F1804F73F1000104D2AA
:1089300002B0BDE8F041F9F734BE194602B0BDE817
:10894000F041F9F71EBE02B0BDE8F0812DE9F34118
:1089500090429DF82080019304460D46174601AED3
:1089600014D9D9170246C9B2284611F0E5FAB8F170
:10897000000F16D0E41B25443C4626442C44A54257
:108980000CD016F8013D05F8013BF8E7B8F1000FEF
:10899000F3D122463146284611F084FA02B0BDE8F0
:1089A000F0813C46F5E700002DE9F04788B0144619
:1089B000109F05AA06463D6889469A46FFF736FE8F
:1089C000402E804608D1059BA5EB0A055A1E15448A
:1089D0005B421D4055443C2605EB08033B60A6F175
:1089E0003E035F425F41B9F1650F29D014D8B9F158
:1089F0004F0F1BD0B9F1640F2BD014F0030358D1E3
:108A000021682E4A914254D1B8F1040F41D8204632
:108A1000F9F7E9FD03460AE0B9F1660FEDD120460A
:108A2000F6F70CFB8DED030A039B00E023460422BE
:108A300029464046109708B0BDE8F047FFF786BFCB
:108A40002046F6F7FBFAB3EE400A10EE103A9BB25E
:108A5000EDE72046F6F7F2FA10EE100A1DF0F8FCEA
:108A600008ABCDE9060103EB87030097042253F816
:108A7000083C29461046FFF769FF3E3E08AB18BF89
:108A8000012603EB8606043556F8083C4FF004082F
:108A9000CDE7B9F15A0F019394BF0023012300934E
:108AA0002A463B4608212046F9F7FCFE08B0BDE8FF
:108AB000F0872046F6F76CFAACE700BFDCF005085B
:108AC00064282DE9F34105460C4690461E4627D002
:108AD00066281BD04F282FD013F003073DD11A680A
:108AE000204B9A4239D101463A464020FFF79EFD7D
:108AF000042824D83046F9F776FD0346424621463D
:108B0000284602B0BDE8F041FFF732BD184601EB40
:108B10008204F6F793FA84ED000A02B0BDE8F08112
:108B2000184601EBC204F6F789FA10EE100A1DF0A0
:108B30008FFCC4E90001F0E741F82230EDE75A2D3F
:108B400094BF00250125019700953B4604EBC80220
:108B500008213046F9F7A6FEDFE73046F6F718FAA7
:108B6000CBE700BFDCF0050881680348022242EA37
:108B7000C101F5F7E7BE00BFD00400202DE9F04F9A
:108B800083B0044600AF18460E46BA2198461546F3
:108B9000F7F7A8FF0022814641F6D20108F1040050
:108BA000F5F7D0FE391D80464846FCF757FD7A6838
:108BB00001460244B8F1000F00D0013C4CB991428B
:108BC0000AD11C491C48F4F705FB12F8013D2E2B75
:108BD000F3D09142F9D3F2E7D5F800A0541A04EB90
:108BE0000A0808F1080323F00703ADEB030D6B46F9
:108BF000224668464FEAD30BE94611F053F9BAF121
:108C0000000F0AD02E23601C04F83B303168524616
:108C1000684411F047F908F1010841464846E8F771
:108C200099F9E8F756FA0C373060C5F80080BD4670
:108C3000BDE8F08F579E05086CEC050810B5E8F705
:108C400092FB09490822044611F0DAF9014630B9CD
:108C5000024604F10800BDE8104003F0DBBA2046EC
:108C6000BDE810400BF0BAB86B9E050830B5D200D5
:108C700085B00D4642F0020240F217310446F4F787
:108C800035FD0C4B626819690291D96803916846F9
:108C90000949C3E90322E7F789FA00222146284659
:108CA000F3F75EFEF4F79AFB0120E7F787FA05B0C9
:108CB00030BD00BF800400200DCF02080A6870B5E7
:108CC000D20005460C4642F0020240F21731F4F79A
:108CD0000DFD6B6820461A46BDE870400121F4F78F
:108CE00083BB0000F0B5044685B008460E46E8F7A1
:108CF0003AFB1E490822054611F082F9F8B905F140
:108D000008076A4601A9384603F084FA019B012B43
:108D100004D100992046FFF7D1FF0EE0022B0ED1BF
:108D2000009D95E80300C4E902013846E8F7B2F96E
:108D3000A96802462046FFF799FF05B0F0BD284616
:108D4000E8F7A8F973681D44074615F8033C6D2B36
:108D500007D102A90294F4F7CDF8DDE902013A4601
:108D6000E9E7EAF70EFE0146D4E700BF6B9E05086F
:108D700010B50446FFF762FF02280ED06168012299
:108D800002392046E8F74DFB6D2303702046FFF7BC
:108D900055FF831E58425841400010BD10B504468F
:108DA000FFF74CFF012808D020460449E8F72CFBC8
:108DB0002046BDE81040FFF7DBBF10BDB9A1050894
:108DC0002DE9F04F0328B1B006460D4609D9042815
:108DD000D1F80CA01ED00C69641005D50020F4F762
:108DE000F5FF00244FF0060A286803A9FCF736FCBB
:108DF0000490BCB1794B012E1A690DD96B68062B12
:108E00000AD09A0703D11968754A914205D000200B
:108E1000F5F7B6F90024E7E7134603AA04A92046AC
:108E2000FFF7ACFE039B002BD8D00023DFF8ACB1DA
:108E300001251C461F46039AAA4207D2BAF1060F23
:108E40000CBF3846204631B0BDE8F08F049E02D0FA
:108E5000725D2E2A23D1294630460193E8F77AF82D
:108E6000019B8046E91AF018E8F774F806AA06464E
:108E700005A9DBF83C01F6F733F9059B8BB14FEA06
:108E8000C8015848002241F00201F5F75BFD40B1EE
:108E9000D0F80490002F08BF4F466B1C4C4601359C
:108EA000C9E710AA80210CA8E8F704FA002C3CD1ED
:108EB00021463046FAF792F981460028EAD1DBF8DC
:108EC0003C0108AA07A9F6F70BF9079B99450BD3B4
:108ED00001213046FAF782F981460028DAD1424969
:108EE00042484246F4F77FF900230D93089B09A9F5
:108EF00053F82900FCF7B2FB099A014632B10CA8DD
:108F0000E8F7B0F92F210CA8E8F743FA3046E8F764
:108F1000E0F801460CA8E8F777FA0CA8FFF73EFF47
:108F2000034610BB09F10109CFE7204609AA40F228
:108F30001A31F4F7EBF809980028D0D0FCF71CFBA5
:108F400001460CA8E8F760FA2F210CA8E8F721FAEF
:108F50003046E8F7BEF801460CA8E8F755FA0CA829
:108F6000FFF71CFF03460028B9D040460193FAF7EB
:108F700013F91F49CDF82C80814609A8E7F716F9A7
:108F8000019B012B24D1DDE90D10FBF701FF40F21D
:108F90001A3102464846F4F7A9FB1649DDF8348039
:108FA0000CA8E8F731FA0CA8FFF7E2FE022803D17B
:108FB0000CA94846FFF796FECDF8348024B14A4606
:108FC00031462046F4F792FB0020E7F7F7F861E717
:108FD0000CA94846FFF786FEF0E700BF800400209A
:108FE000D4E90508D0040020749E05086CEC05083F
:108FF000698B0308B0A1050837B50C4601A92068A4
:10900000FCF72CFB05466068FCF7F4F82946019A4A
:109010000023EAF7AAFC0546A068FCF7EBF8512804
:1090200008D040F2B943984212D0502812D00A48D2
:10903000F4F7CCFE012100231A462846F4F7D4F9B0
:10904000064904460820F5F7B4FE446003B030BD7D
:109050000021F0E70221EEE7849E0508D4E7050829
:10906000F0B5DFF8E0E001280F46164685B0DEE9EE
:1090700003213FD97C68062C14D0A5070FD12C4DB5
:109080002368AB420BD1A44602280ED0BD68062D42
:109090000BD0AB0703D126482B68834206D00020B3
:1090A000F5F76EF894460C46EEE765463F68B8075C
:1090B00023D120483B6883421FD1CDE90212684684
:1090C0001D49CEE90354E7F771F87868830708D1A2
:1090D00003681A4A934202D0194A934201D1436865
:1090E0005C60F4F77BF904460120E7F767F8204657
:1090F00005B0F0BD15460C46D8E76EB93846FCF70A
:1091000079F8EAF73EFC01262B462246314605B0A7
:10911000BDE8F040F4F768B9694605223846F6F72D
:1091200069F9DDE900120023E220EAF71EFCEBE713
:10913000D4E90508D4E705080DCF020818EF0508A3
:10914000F8EE0508800400200222FFF789BF012203
:10915000FFF786BF0022FFF783BF70B506460D46B6
:1091600000246B68A34200D870BDAB6853F834107C
:1091700021B1042902D03046F9F795FC0134F0E71B
:109180002DE9F74338B94F494F48E8F782F90620EF
:1091900003B0BDE8F0830C6842F29A139C424CD1B4
:1091A00000210846F9F710FF48490190FFF7D5FF65
:1091B00047490198474CFFF7D0FF019E257875B9C4
:1091C000454A01A90120F9F755FD019BD3E9028920
:1091D00008F10306B608AE420FD14049D4E7204655
:1091E00010F0E8FEC11E451C2046FBF7D1FD0146EC
:1091F0003046F9F758FC2C44E0E72F4659F8270091
:10920000FCF7BAF9374401462F48E8F742F9B84568
:109210000DD9C0F11204002C07DD013C30492A4869
:10922000E8F737F9002CF8D1E8E71234F3E72D49D5
:109230002548E8F72EF90135CDE72046F5F7C6FDBC
:10924000294905462048E8F724F900212046F5F78A
:10925000EFFDEA8825491C48E8F7D0FC244B9D42E5
:1092600024D164680434002563689D428FD2A368CA
:1092700053F8356003EBC502B6B1042E14D01D4976
:1092800011485768E8F705F900213046F5F7D0FD99
:1092900019490D48E8F7FDF800213846F5F7C8FDF3
:1092A00010490948E8F7F5F80135DDE7134B9D4211
:1092B00018BF2C46E37C002B3FF469AF04EB83041A
:1092C0002469CFE714670608440A0608E4F2050893
:1092D00050F20508101006083CEA0508959E05089E
:1092E00060AC050820AD0508B99E0508C19E0508BB
:1092F00070F305085FAC0508D19E0508B8FC0508A9
:10930000014B1869704700BF80040020014BD868EA
:10931000704700BF800400202DE9F043174C85B052
:10932000804600200D46D4F80C90F7F7F3FBE06080
:1093300007462868F4F752F8B8F1020F0646C4F859
:109340000C9019D0A868F5F741FD04466B680193AD
:1093500005F10801A8F10200FDF79AFC01ABCDE987
:109360000207002203212046F4F716F8062E18BF44
:10937000706005B0BDE8F083014CE7E78004002091
:10938000B8FC050801460720F3F77EBF014606201A
:10939000F3F77ABF0021F4F7CDB91FB56946F4F7AA
:1093A000C9F904462046F4F739FA10B91E2004B072
:1093B00010BDF5F731FF0028F4D10E20F7E71FB5F7
:1093C0006946F4F7B7F904462046F4F727FA10B9CE
:1093D0000E2004B010BDF5F71FFF0028F4D01E20AA
:1093E000F7E707B542F6C203CDE90030002269462F
:1093F0000220FDF791F803B000BD08B5F5F764FD54
:1094000000280CBF0E201E2008BD000010B586B03D
:10941000F5F7BEFDB0F5881F044602D30848F4F7FF
:10942000D5FC01AA02A80421E7F744FF214602A8BF
:10943000E7F7AFFFDDE90310FBF781FC06B010BDD5
:10944000FB9A05080A4601462320F4F7C7BC0246EA
:1094500040F2D2612120F4F7C1BC024640F2CA6159
:109460002120F4F7BBBC30B50B46012885B014BFF2
:109470004C68044669461868F4F75CF905462846C6
:10948000F4F7CCF9024610B9204605B030BD2146AC
:109490001B20F4F7A3FC0446F1E7000001281FB5E8
:1094A0000B4603D118680021F5F7C2FC102168466D
:1094B000E7F7EAFE0A49684611F0C8F8032803D125
:1094C00008480021F3F786FE019919B9042801D153
:1094D0000548F7E76846FBF739FC05B000BD00BF5B
:1094E000D7AC0508F8ED050890EC05082DE9F04F1C
:1094F000924685B083468946002240F24A31504662
:109500009846F5F71FFA054600B14568BBF1010F13
:109510004AD1D9F800006946F4F70CF900248346D3
:10952000A1465FFA88F85846F4F778F9064660B91C
:109530003CB9224641F602415046F5F703FAC8B15C
:109540004468204605B0BDE8F08F8DB1314628460D
:10955000F3F776FF074644B139464A464046F4F7EA
:109560003DFC1E281CBF26464F463446B946DAE766
:109570003746F0E70F48F4F729FC59F8267025B173
:1095800039462846F3F75CFF074634B15246394660
:109590004046F4F723FC1E2802D159F82640BA466B
:1095A00001365E45E9D1CCE700263446B2465FFA83
:1095B00088F8F6E7D69E05080123FFF797BF00233A
:1095C000FFF794BF37B501A90546FCF747F805F04A
:1095D0000703022B044605D0AB0712D12A680F4BB4
:1095E0009A420ED101992046E8F746FB012802462F
:1095F00001900ED12046E8F70EFBF8F7B7FF03B055
:1096000030BD019A012A04D12078400040F00100C9
:10961000F5E703490348F3F7E6FD00BFDCFA050868
:10962000DD9E0508E0EA05082DE9F04188B005ACAB
:109630001B4B01940F460021009306460323084666
:10964000F5F7BEF802210798FEF70CFF079B03937E
:109650002146144B0598069D0493FBF7FFFF06A9CE
:1096600080462846FBF7FAFF00240546B44208D19D
:109670000398069A2946FEF769FF062008B0BDE860
:10968000F08124B1059A03984146FEF75FFF57F831
:109690002410002203A8F5F7ADFB0134E6E700BF74
:1096A00060FE05084D85030810B586B004466A467D
:1096B00002A81021E7F706FE012221466846F5F7C9
:1096C00099FB02A8FBF758FB06B010BD2DE9F0414D
:1096D0000C68E2072DED028B06460D4605D4A30764
:1096E00052D122683C4B9A424ED1012E45D968682E
:1096F000F5F74EFC021E40DA5242520042F00102DF
:1097000015212220F4F76AFB0522014605461F2099
:10971000F4F764FB2A46804621462120F4F75EFBDD
:109720002146024607461C20F4F758FB3A460646F7
:1097300041460120F4F752FBF5F76EFDE0B94246D1
:1097400039460120F4F74AFBF5F766FD2A4638B1A1
:10975000BDEC028B31461B20BDE8F041F4F73EBB67
:1097600021461F20F4F73AFB032201461820F4F7A4
:1097700035FBF5F751FD28B93446BDEC028B204688
:10978000BDE8F0812A46E3E72046F5F757FC012EB5
:10979000F0EE408A18D96868F5F7FAFB00EE900AF7
:1097A000B2EE040AF8EEE00A0FF06CF8B0EE408A70
:1097B00028EE800A0FF076FE80EE080ABDEC028BE0
:1097C000BDE8F041F7F766BE0FF06CFEBDEC028B12
:1097D000BDE8F041F8F732BCDCF00508012813B50C
:1097E0000B46144602D90848F4F7CAFC00220121AE
:1097F0000648F9F7D3FB2246019001A90120F9F7A9
:1098000039FA019802B010BDF69E050804F2050869
:1098100013B504460846FBF7EDFC002301466A46F3
:109820002046F3F7B5FC009B002B0CBF0E201E203A
:1098300002B010BD37B50228D1E900508CBF8C684A
:109840000024FBF7D7FC01466CB96A462846F3F7BB
:1098500051FE009820B1019909B1F6F729FB0446A1
:10986000204603B030BD00236A462846F3F790FC3B
:10987000EFE738B5044608461546FBF7BBFC2A4619
:1098800001462046F3F732FF062038BD0022FFF7DD
:10989000F0BF0000012810B508680C4606D1F3F7A8
:1098A0008DFF38B9044B186AF4F79EFCF3F7B6FF46
:1098B00000B9606810BD00BF8004002002280B467C
:1098C000D1E9000102D09A68062A04D10A4601466D
:1098D0002220F4F783BAF8F7CBBD0000062813B5B1
:1098E000044614D0012201460A48F5F783FA0A49D2
:1098F0000848E7F7CEFD0423CDE90034074B0848BC
:109900005A7B03EB820308211B696A4698470620AD
:1099100002B010BD440A060820AD050870F3050822
:1099200078FE0508F7B50F46002105460846F9F709
:109930004BFB1C4B04468DB9DE68B368AB4202D8C2
:10994000204603B0F0BDF36853F8351021B1042967
:1099500002D02046F9F7A7F80135EEE75B6A5E68AA
:10996000DB68C6F31E061E440225B542E8D200237A
:1099700038686A462946F3F70BFC009B83B1022D39
:1099800008D1019B33B100216A460846F3F761FD17
:109990000446D5E7E90041F002012046F9F783F8D3
:1099A0000135E2E780040020024B0022A3F83C23AB
:1099B0000620704780040020024B0122A3F83C23BC
:1099C0000620704780040020034BB3F83C33002B83
:1099D0000CBF0E201E2070478004002008B51AF02E
:1099E00007FA062008BD00B589B001A8E6F79CFE7D
:1099F0000398400040F0010009B000BD00B589B0F7
:109A000001A8E6F791FE0298400040F0010009B07D
:109A100000BD000010B50D4C40B9D4F84403431C00
:109A20000ED0BDE810400001F8F7A0BD0868F5F7BA
:109A3000AFFA002805DA4FF0FF33C4F844330620AC
:109A400010BD0009C4F84403F9E700BF80040020FA
:109A500000487047FC0306087FB50E46154640F2E5
:109A6000EB316A461C46F3F745FD3046F8F799FDA1
:109A700002902846F8F795FD6A46039000210220DF
:109A8000F3F7E7FCF5F784FA0028BEBF40422060F8
:109A90004FF0FF3004B070BD70B588B00E4615466B
:109AA0000C9901AA1C46F3F725FD104B04930120E5
:109AB00004AB01AA0021CDE9050507960393F3F74E
:109AC000C8FC062805D10B2323604FF0FF3008B0F7
:109AD00070BDF5F75DFA021E04DBAA421046F6D906
:109AE0000523F1E752422260EFE700BFFCE60508DC
:109AF00013B5A4240094FFF7CFFF02B010BD13B537
:109B00007E240094FFF7C8FF02B010BDB0EEC00A7B
:109B10007047000008B50FF02FFBDFED027A20EE52
:109B2000270A08BD3BAAB83F08B5F5F787FAB4EE97
:109B3000400AF1EE10FA74BF0E201E2008BD00008E
:109B400008B5F5F77BFADFED067AB0EEC00AF4EE61
:109B5000407AF1EE10FAB4BF0E201E2008BD00BFFF
:109B6000FFFF7F7F08B5F5F769FADFED067AB0EE03
:109B7000C00AB4EE670AF1EE10FAD4BF0E201E2020
:109B800008BD00BFFFFF7F7F08B50148F4F71EF94D
:109B9000019F050810B52DED048B84B002AB0C4677
:109BA00001932D4B0093083102230238F4F708FE8D
:109BB0002068F5F743FA6068F0EE408AF5F73EFA60
:109BC0000298B0EE409A90B1F5F738FAB0EE408ABC
:109BD0000398F5F733FAB5EEC08AF1EE10FA04D423
:109BE000B5EEC00AF1EE10FA04D5FFF7CDFF9FEDF8
:109BF0001B8AEDE7F4EE498AF1EE10FA18D078EE00
:109C0000C97A9FED177AF0EEE77AF4EE477AF1EE33
:109C100010FA1EDCB4EEE70AF1EE10FA08DA68EE8C
:109C2000288AF0EEE88AF4EEE78AF1EE10FA04DB17
:109C30001E2004B0BDEC048B10BD28EE098AB0EEE6
:109C4000C88AB4EEE78AF1EE10FAACBF1E200E20EF
:109C5000EFE70E20EDE700BF1C0406085F708930B7
:109C6000FFFF7F7F10B52DED028B0C46F5F7E6F96F
:109C7000B0EE408AA047B4EE400AF1EE10FA06D7E3
:109C8000B4EE488AF1EE10FA11D6FFF77DFF9FED92
:109C90000B7AF0EEC07AF4EE477AF1EE10FA06DDB8
:109CA000B0EEC88AB4EE478AF1EE10FAEDDDBDECF5
:109CB000028BBDE81040F7F7EDBB00BFFFFF7F7FD1
:109CC0000149FFF7CFBF00BF519E04080149FFF7CC
:109CD000C9BF00BF5D9E04080149FFF7C3BF00BFB5
:109CE000019904080149FFF7BDBF00BF6195040851
:109CF0000149FFF7B7BF00BF0D9B03080149FFF7FC
:109D0000B1BF00BF297404080149FFF7ABBF00BF12
:109D1000857004080149FFF7A5BF00BF4171040821
:109D20000149FFF79FBF00BFFD9D04080149FFF7F0
:109D300099BF00BF899D04080149FFF793BF00BF89
:109D4000F19404080149FFF78DBF00BF797504083D
:109D50000149FFF787BF00BF497204080149FFF7B7
:109D600081BF00BFC56F04080149FFF77BBF00BF7B
:109D7000199104080149FFF775BF00BF119304084A
:109D80000149FFF76FBF00BF8D9204080149FFF73B
:109D900069BF00BF799204080149FFF763BF00BFA4
:109DA000159B03080149FFF75DBF00BF158F04082D
:109DB0000149FFF757BF00BFD98D04080149FFF7DC
:109DC00051BF00BF9D9E040808B5F5F737F9DFEDD8
:109DD000047ABDE8084020EE270AF7F75BBB00BF16
:109DE000E02E654208B5F5F729F9DFED047ABDE804
:109DF000084020EE270AF7F74DBB00BF35FA8E3C2E
:109E000038B52DED028B0D461446F5F717F92846A7
:109E1000F0EE408AF5F712F9F0EE400AB0EE408A13
:109E2000B0EE680AA047B4EE400AF1EE10FA0BD784
:109E3000F4EE688AF1EE10FA1DD6B4EE488AF1EE1F
:109E400010FA18D6FFF7A0FEDFED0E7AB0EEC07A5A
:109E5000B4EE677AF1EE10FA0DDDF0EEE88AF4EE7A
:109E6000678AF1EE10FA06DCB0EEC88AB4EE678AB3
:109E7000F1EE10FAE6DDBDEC028BBDE83840F7F7F5
:109E800009BB00BFFFFF7F7F014AFFF7B9BF00BFDB
:109E9000357E0408014AFFF7B3BF00BFE99F0308FE
:109EA000014AFFF7ADBF00BFF9720408014AFFF78E
:109EB000A7BF00BF85880408884270B50D4603D14E
:109EC000BDE87040F8F752BB0A1A012A0AD14A00CD
:109ED000410042F0010241F00101BDE870401D2047
:109EE000F3F77CBF022A0ED1421C4100520042F01F
:109EF000010241F001011D20F3F770FF6A000146E5
:109F000042F00102E9E700EB52042146FFF7D4FFDB
:109F100029460646601CFFF7CFFF31460246DCE7C4
:109F200008B5F5F735F8011E02DA0548F3F74EFFDC
:109F300004D0BDE808400120FFF7BEBF032008BDE4
:109F40000F9F050808B5F5F779F80FF08BFABDE813
:109F50000840F8F773B81FB500230193F5F76EF8C2
:109F600001A80FF0EDFEF7F795FA9DED010A0290BA
:109F7000F7F790FA02A903900220FCF789FE05B0DA
:109F800000BD10B52DED028B0C46F5F757F82046B5
:109F9000B0EE408AF4F7FCFFB0EE480A0FF0B8FECE
:109FA000BDEC028BBDE81040F7F774BA1FB5002373
:109FB0000193F5F743F801A80FF080FEF7F76AFA6E
:109FC00002900198F8F7D2FA02A903900220FCF758
:109FD0005FFE05B000BD08B5F5F730F80FF00CFADC
:109FE000BDE80840F8F72AB810EE903AB0EEC00A83
:109FF000002BB8BFB1EE400A704708B5F5F71EF860
:10A000000FF0C6F9BDE80840F8F718B838B50546AE
:10A010002DED028B08680C46F5F710F8B5EEC00A76
:10A02000F1EE10FA01D8FFF7AFFD0FF0A5F8012D02
:10A03000B0EE408A05D1BDEC028BBDE83840F7F7A1
:10A0400029BA6068F4F7FAFFB5EEC00AF1EE10FA2B
:10A05000E9D9B7EE007AB4EE470AF1EE10FA03D16F
:10A0600004490548F3F7B6F80FF086F888EE000AC1
:10A07000E1E700BF68960508FCEC050800B52DED8A
:10A08000048B83B001AA6946F5F718F8DDED008A64
:10A09000B0EE680A0FF078FE9DED018AF0EE409A6E
:10A0A000B0EE480A0FF0F2F8B0EE409AB0EE680A4F
:10A0B0000FF01EFAF0EE408AB0EE480A0FF028F9D1
:10A0C00068EE800A29EE890AF5F7B8FF03B0BDEC07
:10A0D000048B00BD00B52DED048B83B001AA694649
:10A0E000F4F7ECFFDDED008AB0EE680A0FF000FA3D
:10A0F0009DED018AF0EE409AB0EE480A0FF0C6F8E6
:10A10000B0EE409AB0EE680A0FF03EFEF0EE408AE4
:10A11000B0EE480A0FF0FCF868EEC00A29EE890A92
:10A12000F5F78CFF03B0BDEC048B00BD00B52DED41
:10A13000048B83B001AA6946F4F7C0FF9DED018A44
:10A14000DDED008A28EE080AF5EE000AA8EEA80A5E
:10A150000EF098FBF0EE680AB0EE409AB0EE480AB6
:10A160000DF0CAF8F6EE007A20EE278AB0EE480A23
:10A170000FF0BEF9F0EE408AB0EE480A0FF004FE90
:10A1800060EE090A28EE890AF5F758FF03B0BDEC26
:10A19000048B00BD00B52DED048B83B001AA694688
:10A1A000F4F78CFF9DED018ADDED008A28EE080AA8
:10A1B000A8EEA80A0FF060F8F0EE680AB0EE409A38
:10A1C000B0EE480A0DF098F8DFED060A60EE200ABE
:10A1D000B6EE000A29EE000AF5F730FF03B0BDEC39
:10A1E000048B00BDD95BDE3E00B52DED048B83B042
:10A1F00001AA6946F4F762FF9DED018ADDED008A50
:10A2000028EE080AA8EEA80A0EF0B6FFF0EE680ADB
:10A21000B0EE409AB0EE480A0DF06EF8F0EE400A4B
:10A22000B6EE000A29EE000AF5F708FF03B0BDEC10
:10A23000048B00BD00B52DED048B83B001AA6946E7
:10A24000F4F73CFF9DED000A0EF0C6FDB0EE408A2B
:10A250009DED010A0FF04CF9B0EE409A9DED010A18
:10A260000FF092FD60EE080A29EE080AF5F7E6FE07
:10A2700003B0BDEC048B00BD10B52DED048B0C4676
:10A28000F4F7DCFE2046B0EE408AF4F7D7FEB0EEDD
:10A29000409A0FF02DF9F0EE408AB0EE490A0FF027
:10A2A00073FD60EE080A28EE880ABDEC048BBDE859
:10A2B0001040F5F7C3BE07B501AA6946F4F7FEFEE4
:10A2C000DDED000A9DED010A0DF016F8F7F7E2F852
:10A2D00003B000BD1FB501AA6946F4F7EFFE9DED7E
:10A2E000010ADDED007A20EE000AA7EEA70A0FF0C2
:10A2F000D5FDF7F7CFF8DDED000A9DED010A0290DC
:10A300000CF0FAFFF7F7C6F802A903900220FCF759
:10A31000BFFC05B000BD08B5F4F70CFA400040F0F2
:10A32000010008BD10B50446F4F704FA084B0949CA
:10A330005B6802460848E7F761FC0748E6F7C0FC9F
:10A34000012C02D10448E6F7D9FC062010BD00BF5D
:10A35000800400201B9F0508E4D905081CF0ECBA16
:10A3600008B5F4F715FE10F08BF9062008BD0000C3
:10A3700008B5E6F779F8034B18894008400040F02B
:10A38000010008BD8004002008B5E6F765F8062046
:10A3900008BD000010B586B0044605AB04AA03A9A9
:10A3A00002A8E6F7B1FE059B0193049B00930649C2
:10A3B0000648DDE90223E7F721FC012C01D1E6F78D
:10A3C000DDFE062006B010BD309F0508E4D9050863
:10A3D00008B5084B984205D107490848F3F7ACFF88
:10A3E000062008BDF3F782FF0028F9D1044905488B
:10A3F000F2F7F0FE3C0806085DA30308C80700203A
:10A40000789F050870EB050810B5074C28B9D4F8FB
:10A410000002400040F0010010BD0868F4F7B8FDEC
:10A42000C4F800020620F7E78004002002681378D1
:10A430003E2B06D83B2B06D8212B07D040231846AD
:10A440007047402BFAD101320260F8E73E23FAE769
:10A45000F8B5056806462C46274614F8010FE7F7BD
:10A460002FFC03460028F7D1C5F1010530680A2208
:10A470007919F2F73BF834604010F8BD2DE9F0434C
:10A4800085B00024019001A8FFF7D0FF0E460746D3
:10A490002546019B187820B92846346005B0BDE8F0
:10A4A000F083E7F70DFC70B101A8FFF7D1FF8046FC
:10A4B000DDF8049099F80010782907D1444409F197
:10A4C00001030193E5E74FF00108F1E7732901D19A
:10A4D0000135F3E703AA3846FEF7A8F8039A454486
:10A4E000531E5242B8F1000FE9D01C44144008F149
:10A4F000FF380444F6E707B5FBF73EF801A9FFF77C
:10A50000BDFF0198400040F0010003B000BD000015
:10A510002DE9F04F064689B008680D46FBF72CF888
:10A5200003A90290FFF7AAFF834602A8FFF77EFF68
:10A53000002101905846FCF7ABFB0522814605A996
:10A540006868F4F757FF059C069F0494022E19D9FA
:10A55000A868F4F71DFD002805DA069BC01802D58F
:10A560002548F3F733FC049E06440496039B3C44C1
:10A570003344A342F4D800255D4505D3484609B0CD
:10A58000BDE8F08F2646F1E7029B1878E7F798FBC5
:10A5900068B102A8FFF75CFF0446029F3B78782B66
:10A5A00007D1049B2344049301370297E4E7012475
:10A5B000F3E7732B09D009F1040808EB8508A246DC
:10A5C000BAF1000F0DD12544EEE704982146FAF7C1
:10A5D0000BFC049B23440493AB1C013549F8230076
:10A5E000E2E73978019804AB3246FEF744F90AF104
:10A5F000FF3A48F8040FE3E78C9F05082DE9F04F78
:10A6000089B0994690460391FAF7B6FF049004A8E2
:10A61000FFF70CFF039B0293834600240DF10C0A05
:10A62000444502D309B0BDE8F08F049B1878002898
:10A63000F8D0E7F745FBA0B104A8FFF709FF0546EE
:10A64000049F3B78782B0ED103982A4600210FF007
:10A6500073FC039B2B44039326460137049734462F
:10A66000DEE70125ECE7732B06D06619B442F4D07F
:10A67000A0451CD14646F0E759F82400052205A95B
:10A68000F4F7B8FE069B05990398AB4228BF2B460A
:10A690001A46661C1C460FF005FC03982A1B002175
:10A6A00020440FF049FC039B2B440393D5E73978F2
:10A6B000CDF800A059F82420029B5846FEF774F903
:10A6C0000134D3E72DE9FF410D46804655F8040BD0
:10A6D0000E46FFF710FF441021466846E6F7E2FDFC
:10A6E000029F2246002138460FF026FC30682B4698
:10A6F00008F1FF323946FFF781FF6846FAF742FB5F
:10A7000004B0BDE8F0810000F0B50C4685B006222B
:10A7100001A907466068F4F76DFEA068F4F738FCFD
:10A720000028029E04DA801902D50B48F3F74EFB8D
:10A73000019D2E4405442068FFF7DDFE05EB600017
:10A740008642F2D3206804F10C03FA1E2946FFF773
:10A7500055FF062005B0F0BD8C9F050808B518B957
:10A7600001460348F2F736FD09680148F3F732FD68
:10A770001CEE0508012813B50C460ED960680221AD
:10A78000FDF770FE636800936846054B21680193EE
:10A79000F4F756FB062002B010BD024BF3E700BFF2
:10A7A0004D850308B85706080846024B1146024A71
:10A7B000F8F758BDBC0500208409060808B5014615
:10A7C00000220348F4F7BEF808B14068C00808BD8D
:10A7D000280B060810B584B00C460392D1E901237A
:10A7E0000C4902935528CDE90012236809D054F88A
:10A7F000042C69461846F4F7D1FDA4F1080004B012
:10A8000010BD042269461846F4F7C8FD20602046B2
:10A8100004B010BDD4F705082DE9F04FC389828933
:10A82000DFF8188300F11407013B9BB007EB8207A8
:10A8300003EB4303043207EB8303059106460693BB
:10A8400000EB820A08A8E5F7D3FC00284ED1336854
:10A85000059A5968D6E901B5D1F80890002A58D070
:10A860009BF80020682A54D0059B05901846F2F703
:10A8700001FE0446E5F792FC0994AA492068FDF719
:10A88000CDF928B173681A784B2A6FD0682A7AD02C
:10A890000998A54B984205D071680B785D2B01D0C3
:10A8A000642B79D1069B9F420BD8726805E0069B0A
:10A8B0000C3B0693069BBB4203D3069B1B6893424B
:10A8C000F5D9069BBB42C0F0DB87069A069B06992A
:10A8D0005B681268726023F00303886043F8040F1A
:10A8E00008A8B360E5F784FC0028B0D0099CC4E751
:10A8F00094F900302278002BC0F23087403A631C74
:10A9000003EB020B894BB3F90C2212B90120F3F7C8
:10A9100035FD5C46C6F804B014F8013B58F8233006
:10A9200043F00103184794F900202378002AC0F26D
:10A93000D2800134069A0C320692069A23441360A0
:10A940007368069A1B78A3F14903B3FA83F35B0992
:10A9500045EA43035360069B00229A60746014F832
:10A96000013B58F8233043F00103184793F90110D5
:10A970005A780029C0F2A880023313447360B36888
:10A98000103BB3605EE70998B468F6F77BFB206084
:10A9900073680133736055E73368DD682B781C06F4
:10A9A00003F0030940F172876A1C0024531B94468C
:10A9B00012F8010B013B00F0040E0EFA03FE49EA07
:10A9C0000E09C0F3C00E0EFA03F3000644EA0304B6
:10A9D000ECD41378A144C3F3450203F001041B0631
:10A9E0000CF1020515D54FF0060E4FF0000C15F8CE
:10A9F000013B0CF1010C03F0010000FA0CF00443E0
:10AA0000C3F3450000FA0EF0024318060EF1060EDD
:10AA1000EDD4AB182846CDE90132039100F0D3FF05
:10AA2000B9F1FF3FDDE901320399844600F02B873D
:10AA3000CDE9011409F10109284603920024E346F7
:10AA40000493013400F0C6FF4C45FAD1039A049BED
:10AA5000DDE90114DC4601903068D0F804E001988B
:10AA6000DEF80890984239F81CE0B9F800C080F090
:10AA7000498714442C44091B01220CE005F01F09EE
:10AA8000894500F101004FEA551416D89842A1EB10
:10AA90000901224411D290F900400578002CEDDA2A
:10AAA00090F801902C0104F4E06444EA090405F0F4
:10AAB0000F09894500F10200E8D9099873466146FB
:10AAC000F6F7F6FB0998EDE6997802F07F0242EA84
:10AAD000C112033351E7627803F07F0343EAC213E4
:10AAE000023427E7079B2B60013CE5F757FB069BE9
:10AAF0000F4A74600C33DB1B9B1002FB03F3B56041
:10AB0000F38101201BB0BDE8F08F0A490A48F6F72F
:10AB1000EDFA0446E5F742FB746102201BB0BDE884
:10AB2000F08F00BF68ED05085CF005088004002088
:10AB3000ABAAAAAAFCB505084CEB0508E40B06086D
:10AB4000AB46059A5BF80419C6F808B055F8040C32
:10AB5000002A00F08186059A0192002107AB059139
:10AB6000F2F7F8FC0128019ABCD0002840F0E586F5
:10AB7000079B45F8043C3AB1BD4901921046F6F7EF
:10AB800087FB002840F0B5867460237858F823309E
:10AB900043F001035D460134184755F8040CF2F701
:10ABA00069FC0446E5F7FAFA099466E62868F2F7C4
:10ABB00061FC0446E5F7F2FA09945EE6069B9F42C3
:10ABC00005D900F07EBE0C3B9F4200F27A869C685D
:10ABD000002CF8D0E5F7E2FA09944EE6002123783C
:10ABE00003F07F0202EBC1111A06A34604F101042F
:10ABF000F5D4A04BCAB29B1ACA0902F4FF729B1A81
:10AC000005EB83052A460120F2F754FE28607460A4
:10AC1000237858F8233043F001030BF1020418475E
:10AC20000021237803F07F021806A34602EBC1112E
:10AC300004F10104F5D4C8B2CA096FF0404302F42C
:10AC4000FF721B1A9B1A05EB8305C1F307212A46E5
:10AC5000F2F7FFFBDAE714F8010CAB4629305BE9A9
:10AC60000112C0B2043DF3F7B9F84BF8040C74605C
:10AC7000237858F8233043F001030134184714F8BF
:10AC8000010C29683030C0B2F2F7FEFA2860746017
:10AC9000237858F8233043F001030134184714F89F
:10ACA000013C2A68C3F1C003043D4AF823207460C4
:10ACB000237858F8233043F001030134184714F87F
:10ACC000013CC3F1B00322465AF82330002B00F0B8
:10ACD0001C8645F8043F7460137858F8233043F01D
:10ACE00001030134184714F8013C803B5B0043F03A
:10ACF000010345F8043F7460237858F8233043F08B
:10AD00000103013418472868F2F7A8FC746023781F
:10AD100058F8233043F00103043D01341847002262
:10AD2000237803F07F011B06A34601EBC21204F156
:10AD30000104F5D439F812102868F2F7D3FF45F86A
:10AD4000040F7460237858F8233043F001030BF1AB
:10AD5000020418470022237803F07F0101EBC2129E
:10AD60001906A34604F10104F5D42B4639F8120064
:10AD7000019353E90121F2F799FB019B43F8040C7D
:10AD80007460237858F8233043F00103043D0BF13D
:10AD9000020418470021237803F07F021B06A34614
:10ADA00002EBC11104F10104F5D4CAB26FF04043C3
:10ADB0009B1ACA0902F4FF729B1A05EB83052A4607
:10ADC000002021E70022237803F07F0101EBC2126B
:10ADD0001906A34604F10104F5D4D309D1B203F452
:10ADE000FF730B44A5EB83052B46C2F3072253F8F0
:10ADF000040BF2F7D1FA09E70021237803F07F0270
:10AE00001806A34602EBC11104F10104F5D433681E
:10AE10002278986850F821005968D34305EB8305E0
:10AE200042F480722B46F1F7F3FD0BF10203286028
:10AE30007360637858F8233043F001030BF1030487
:10AE400018470021237803F07F021B06A34602EB7C
:10AE5000C11104F10104F5D433682278986850F8E0
:10AE600021005968C2F1010305EB8305DAE700BF51
:10AE7000D4ED0508FEFFFF3F0021237803F07F0299
:10AE800002EBC1111A06A34604F10104F5D433689C
:10AE90009868043D50F8210059682A46F1F760FD92
:10AEA000B4E60021237803F07F021806A34602EBE4
:10AEB000C11104F10104F5D433689868002250F8F8
:10AEC00021005968F1F74CFD39E70021237803F0A0
:10AED0007F021B06A34602EBC11104F10104F5D465
:10AEE0002A4628680191F2F77FFE74602378019961
:10AEF00058F82330C1F3072252FA81F143F00103DD
:10AF00000BF1020405EB810518470021237803F0BB
:10AF10007F0202EBC1111A06A34604F10104F5D425
:10AF2000286801912A46F2F713FE7460237801998C
:10AF300058F8233001F18041013943F0010305EB5A
:10AF400081050BF1020418470022237803F07F01EA
:10AF500001EBC2121906A34604F10104F5D49308CB
:10AF6000C3EB837312F0030255F8230000F06484EE
:10AF7000012A00F02C8455F80419F8F72EFFE0E6BA
:10AF80002378032B637808BF55F804B9A3F1550360
:10AF900018BF4FF0060B012B40F2A2835A46AB4676
:10AFA00055F8040C5BF80419F9F7ACF8013445F8CE
:10AFB000040C5D46746014F8013B58F8233043F0EC
:10AFC000010318470020237803F07F021B06A346E5
:10AFD00002EBC01004F10104F5D4C0F1010305EB4C
:10AFE00083052946F8F79EFE10E6083DD5E90121C4
:10AFF0002868F5F793FE7460237858F8233043F0FF
:10B000000103013418470020237803F07F0202EB8C
:10B01000C0101A06A34604F10104F5D4F5F77AFD31
:10B020008DE60020237803F07F021906A34602EB89
:10B03000C01004F10104F5D4C0F1010305EB830550
:10B040002946F7F7C1FFE1E50020237803F07F02EE
:10B050001B06A34602EBC01004F10104F5D4C0F1B5
:10B06000010305EB83052946FBF712FECEE5069B9F
:10B0700022780C3B069394F90030002BC0F24183F8
:10B08000631C3DE494F9003094F800B0002BC0F24A
:10B0900097830134B56055F80C3CA5F10C00002BEA
:10B0A00000F0EB83F2F78AFB002800F0E28345F81A
:10B0B000040F7FE728682946F2F73CFBAB4683453F
:10B0C00005F10C053FF4E3AD002345F8080C45F805
:10B0D0000C3CDCE528680021F2F72CFBD6E5069B4A
:10B0E0000C3B06932B68062B40F01F84746023787A
:10B0F00058F8233043F00103043D0134184794F914
:10B1000000202378002AC0F25283403B01342344BC
:10B110006B60291D22784A6015E0069B5B689B07DF
:10B1200002F1FF320CD5069B1B68A34280F08A8394
:10B1300051E90130DD074CBF41F8080D41F8040D1D
:10B14000069B0C3B06935006E7D1D1F800B0002ACD
:10B1500040F06E830D1FFFF7D5BBD5F800B0BBF1F3
:10B16000060F00F0B5831BF0010140F0E282C5F844
:10B1700004B058460191F3F729FE4FF0060B286002
:10B18000C5F808B0083D01992A460320F2F761F995
:10B19000F4F742F8002800F09083C5F800B076E597
:10B1A000D5F800B02A4658460D21F2F7A3F95846C3
:10B1B00005F1080B5A460C21F2F79CF900215A467A
:10B1C0000846F2F746F994F900102378002905F1B2
:10B1D0000402C0F2A782013406990C310691069947
:10B1E00023440B600699069B42F0020CC1F804C090
:10B1F000002199605060746014F8013B58F82330C6
:10B2000043F001035D46184794F9003094F800B00C
:10B21000002BC0F27E82CDF804B004F1010B286847
:10B22000F3F7FAFF002839D00EE094F9003094F8D3
:10B2300000B0002BC0F2B282CDF804B004F1010BD3
:10B240002868F3F7E9FF48BB043DFFF75BBB94F9BF
:10B25000003094F800B0002BC0F29582ABF14003AF
:10B26000019304F1010B2868043DF3F7D5FF002892
:10B270007FF448AB12E094F9003094F800B0002B52
:10B28000C0F27682ABF14003019304F1010B286810
:10B29000043DF3F7C1FF00283FF434AB019B9B440E
:10B2A000FFF730BB55E901232A6055F8082C45E922
:10B2B00002327460237858F8233043F001030134DC
:10B2C000184755E9012345E901327460237858F89D
:10B2D000233043F001030134184707E755F8042CE5
:10B2E0006A602A68AA607460237858F8233043F0B3
:10B2F00001030835013418472B68FAE4002223784B
:10B3000003F07F0101EBC2121906A34604F1010408
:10B31000F5D439F81200F1F7AFFE7460237858F8CD
:10B32000233043F001030BF1020418470022237875
:10B3300003F07F011806A34601EBC21204F10104D9
:10B34000F5D439F81200F1F783FE7460237858F8C9
:10B35000233043F001030BF1020418470022237845
:10B3600003F07F011B06204601EBC21204F1010429
:10B37000F5D4C2EB82725AF822305A68002A00F0E3
:10B38000C48200225A607460237858F8233043F056
:10B390000103841C18470022237803F07F0101EB8E
:10B3A000C2121906204604F10104F5D4C2EB8272E0
:10B3B0005AF82230002B00F0A88200234AF82230ED
:10B3C0007460237858F8233043F00103841C184735
:10B3D00055E9010155F8082CF3F7E0FF7460237874
:10B3E00058F8233043F001030C3D01341847002284
:10B3F000237803F07F011806A34601EBC21204F183
:10B400000104F5D439F8121055F8042C55F8080940
:10B41000F2F76CF97460237858F8233043F0010395
:10B420000BF1020418470022237803F07F011B066A
:10B43000A34601EBC21204F10104F5D4296839F8DE
:10B440001200F1F70FFE7460237858F8233043F0B0
:10B450000103043D0BF1020418470022237803F096
:10B460007F0101EBC2121906A34604F10104F5D4D1
:10B47000296839F81200F1F7E1FD7460237858F873
:10B48000233043F00103043D0BF10204184700226E
:10B49000237803F07F011B06204601EBC21204F162
:10B4A0000104F5D4C2EB82722B685AF82220536053
:10B4B0007460237858F8233043F00103043D841C62
:10B4C00018470022237803F07F0101EBC21219060E
:10B4D000204604F10104F5D42B68C2EB8272043DCE
:10B4E0006CE7AB465BE901010422043DF3F756FF2C
:10B4F000FFF7BBBBF1F78EFD45F8040F74602378AE
:10B5000058F8233043F00103013418470022237810
:10B5100003F07F011806A34601EBC21204F10104F7
:10B52000F5D4043D39F81200291FFCF767FB74605D
:10B53000237858F8233043F001030BF10204184735
:10B540000022237803F07F011B06A34601EBC21201
:10B5500004F10104F5D439F8121028682A46F1F7ED
:10B56000C9FF7460237858F8233043F00103043591
:10B570000BF1020418470022237803F07F0101EB4E
:10B58000C2121906A34604F10104F5D439F81230A9
:10B5900002932B6801931846F3F718FC83889A05E9
:10B5A0000CD5029A019BD10041F002010022181D26
:10B5B000F3F7C8F910B14068FFF728BBDDE90101D6
:10B5C000F1F7BCFFFFF722BB0022237803F07F01D5
:10B5D0001806A34601EBC21204F10104F5D439F8B0
:10B5E0001200F1F70BFEFFF7AABB0022237803F04D
:10B5F0007F011B06A34601EBC21204F10104F5D43E
:10B6000039F81200F1F728FEFFF799BB002214F871
:10B61000013B03F07F0101EBC2121906F7D4C2EB24
:10B6200082725AF8223022465B68FFF74FBB002235
:10B6300014F8013B03F07F01180601EBC212F7D4A6
:10B64000C2EB82725AF822302246FFF73FBB00233A
:10B65000FFF74FBB0022237803F07F011B06204633
:10B6600001EBC21204F10104F5D433685B68DB68B6
:10B6700053F8223045F8043F7460237858F823309B
:10B6800043F00103841C18470022237803F07F0154
:10B6900001EBC2121906204604F10104F5D439F871
:10B6A0001230DB0043F00203E4E7227842F3801219
:10B6B000237803F07F011B06204641EAC21204F101
:10B6C0000104F5D4530043F00103D3E71E23FFF731
:10B6D00010BB0623FFF70DBB0E2345F8043F69E4BA
:10B6E00055F8080CF3F772FB838858057FF556ACC4
:10B6F0006078A5F108015A46FFF76CF80234054658
:10B7000058E4637802F07F0242EAC312A31CFFF7F9
:10B71000F7B863780BF07F0B4BEAC313019304F186
:10B72000020B7CE5617803F07F0343EAC113023426
:10B7300052E5062255F8043C45F8042CC5E90022E0
:10B740000021A5F10C0203200193F1F782FE019B79
:10B7500045F80C3C45F808BDFFF799BA637802F04C
:10B760007F0242EAC312A2F58042A31CFFF7C8B8C9
:10B7700063780BF07F0B4BEAC31BABF5804301935F
:10B7800004F1020B83E563780BF07F0B4BEAC31BDC
:10B79000ABF58043019304F1020B64E563780BF091
:10B7A0007F0B4BEAC313019304F1020B48E5627867
:10B7B00003F07F0343EAC213A3F580430234A6E4F7
:10B7C00063780BF07F0B4BEAC31B023462E455F83D
:10B7D000042C55F80819F5F7A1FAFFF7B2BA0CE0F6
:10B7E00055F8043CD8077FD52B4653F8082945F86F
:10B7F000082C1D46069B0C3B0693069BBB42C0F0E3
:10B800008E80069B5B689B07F4D5069B1B689C4259
:10B81000E6D8069A2B68556825F003054FF0FF32ED
:10B820006B60069BAA60D3F800B00835FFF771B8CB
:10B83000A1F11405FFF766B855F80419F7F733F9C5
:10B84000FFF77FBA530043F001034B60069B0D1DC9
:10B85000D3F800B0FFF75DB807ABF1F77BFE012826
:10B860003FF440A9002868D1079B45F8043CFFF746
:10B870008BB95C44103DFFF79DBB55F8080C11E4F3
:10B880007061FFF74AB90195FFF7E6B86B7803F0EE
:10B890000104C3F345021B0605F102053FF5A3A809
:10B8A000AB182846CDE90132039100F08CF8DDE9B0
:10B8B000013203998446FFF7BBB8EB682B60FFF7B2
:10B8C000E6B925492548F5F711FC0446FFF782B98A
:10B8D000C5E901BB083D2A4600210320F1F7B9FD67
:10B8E000C5F800B0FFF7D3B92B6845F8043C043D18
:10B8F00080E70198F1F7BEFD0446E4F74FFC099498
:10B90000FEF7BBBF0122FFF7D8B815491548F5F778
:10B91000EDFB0446E4F742FC0994FEF7AEBFE4F702
:10B920003DFC0020B560FFF7EDB8DA070DD55B10E0
:10B93000A5F1040105D50D465FE7E4F72FFC079C50
:10B94000DDE72B601A46FFF7FEBBE4F727FC2C6807
:10B950000994FEF792BF00BFE0B5050870EB05083B
:10B96000C0B50508B8EB050837B50DF105040B4661
:10B97000214602F07F05D20904F8015DF9D1091BC7
:10B98000984770B903B030BD13F8012B62F07F0205
:10B9900001F8012BAB42F7D11B1B9DF80420C254C8
:10B9A000F0E70146234601ADF4E710B50268002335
:10B9B00012F8011B01F07F04090644EAC313F7D40F
:10B9C0000260184610BD07B5019001A8FFF7EDFF12
:10B9D00003B000BD10F9013B002BFBDB70470000FA
:10B9E0002DE9F04F91B0994603680393044683898B
:10B9F00040680693431C636000250792CDE901551A
:10BA000002788A4602F0030617061BD40022CDE90D
:10BA100009224FF0060C0133636013F8011C0A9FE2
:10BA200001F00100904007430A97C1F34500099FC8
:10BA30000CFB02FE00FA0EF007430906099723D516
:10BA40000132E8E7191A0133636013F8012C029FF1
:10BA50000139C2F3801C0CFA01FC47EA0C0702F022
:10BA6000040C0CFA01FC029746EA0C06019FC2F393
:10BA7000C00C0CFA01FC47EA0C0702F0010C0CFAAE
:10BA800001F101970D43BFE7A368049303F1040894
:10BA9000069B00219B001A46E181404605930EF06B
:10BAA0004BFA069B019A9B1B08939B1A029A013B37
:10BAB000564508EB830B02F0040269D22AB95346BB
:10BAC000324692499248F1F78EFB09EB8601AAEBC8
:10BAD00006000B93FBF7DCF80B9BABF1040B48F86B
:10BAE00023003346DDE904104A46014409EB830391
:10BAF0009A4275D1029B079A03F008030B931343F4
:10BB0000029B03F0020700F0E88009EB8A09002F8E
:10BB10006BD01046F4F7FEFF0290CBF80000019BBB
:10BB2000F3184FF0000B0C93079B9B455FD1089BCC
:10BB3000039908EB83031A1F01F10C002F46002F15
:10BB400040F09780059A03EB850342449A4200F245
:10BB500098806068FFF73EFF002296420F9040F009
:10BB60009980049B089A043503EB8206019BBB4233
:10BB700040F09480099B65680A9F1D44069B2F44F2
:10BB80005E1EBD4240F0B780656011B0BDE8F08F29
:10BB900022B1604A48F82320ABF1040B029B079ABC
:10BBA00003F00803134312D1721B524516D8039AAF
:10BBB00005EB0A039B1B02EB8303049AA2EB8A01A9
:10BBC000059A1144039A02EB8500834201D1534642
:10BBD00088E71A6941F804290433F6E7534670E709
:10BBE00052F8040B41F8040982E7029797E760686E
:10BBF000D9F800A0FFF7EEFE00210F900C9B8B42BE
:10BC000004D14FBB44494FEADA0217E00FA80D9167
:10BC1000FFF7CBFE039B0D995A68926832F810200B
:10BC2000D20042F00202924514D1069B5A1E521ACB
:10BC300058F8221029B139494FEADA023448F1F7AD
:10BC4000D2FAD9F8041048F822100BF1010B09F1CF
:10BC5000080969E70131D1E7029B01225146181D0D
:10BC6000F2F770FE4268002AE5D1D9F8042042605C
:10BC7000EBE752F8041F11B950F827101160013F8B
:10BC80005DE753F8041B00297FF460AFD21A244902
:10BC90009210D3E7FFF79EFE01325EE70FA8FFF791
:10BCA00084FE56F804299AB9039B5B689B6833F8B5
:10BCB00010900B9B73B1039B53F825004FEAC90109
:10BCC00041F002010430F2F73DFE18B143687360A1
:10BCD00001374BE713494A46B0E7019B13B11248BD
:10BCE000F2F74EFA002F3FF445AF0198F4F712FF38
:10BCF000CBF800003EE715F8019BA6EB090958F8C0
:10BD00002900F4F7E1F848F829003AE78B9605088E
:10BD1000E0EA0508E8FB0508499A0508589A05086D
:10BD2000D49F0508DE9F0508E69F050810B4046847
:10BD3000E468446000F11004846010BCFFF750BE5A
:10BD400030B40468E568A4682D680DB154F8254046
:10BD5000446000F11004846030BCFFF741BE08B5B8
:10BD6000421E013912F8010F11F8013F48B123B901
:10BD7000E5F7BAFF80F0010006E09842F2D000201B
:10BD800004E0B3FA83F0400900F0010008BD0000B0
:10BD900013B5024648B101236A46F1F7F9F9009854
:10BDA000003818BF012002B010BDC90041F00204E4
:10BDB00006482146F2F7C6FD024620B9214604484E
:10BDC000F2F7C0FDECE70120EDE700BFE4F2050863
:10BDD00050F20508094B03EB8003D3F83C0100F057
:10BDE0000703022B05D0830705D10268044B9A4252
:10BDF00001D1F9F7C1BB0348704700BF80040020A0
:10BE0000DCFA0508D7AC0508F8B503780446002B22
:10BE100000F0A480402B03D05149FFF7A0FFB0B140
:10BE20000120002319461D461E464FF0090C2278BA
:10BE3000002A35D1DA1E012A07D9002E03DC002D95
:10BE400001DC00297FDD002B7DD10120F8BD4549B3
:10BE50002046FFF784FF0028E2D143492046FFF740
:10BE60007EFF0028DCD141492046FFF778FF0028FB
:10BE7000D6D13F492046FFF772FF0028D0D13D4977
:10BE80002046FFF76CFF0028CAD13B492046FFF748
:10BE900066FF0028C4D139492046FFF760FFC0E79C
:10BEA000272A677812D12CFA03F2D20709D5272F57
:10BEB00007D1A278272A04D10234C3F10303013445
:10BEC000B5E7012BFBDC83F00103F8E7222A13D14D
:10BED00033F004020BD1222F06D1A278222A03D1FB
:10BEE0000234C3F10403EAE71BB10423E7E7022BA2
:10BEF000E5D1C3F10203E2E75C2A09D1272F03D081
:10BF0000222F01D05C2F03D1002BD8D00134D6E7EB
:10BF1000002BD4D15D2A12D007D8292A0BD05B2A56
:10BF20000BD0282ACBD10136C9E77B2A09D07D2A3C
:10BF3000C5D10139C3E7013EC1E70135BFE7013D86
:10BF4000BDE70131BBE714F8013C5C2B3FF47DAF4A
:10BF50000A2B0CBF002000F0010077E7184675E7B8
:10BF600078900508B6900508BCA40508337F05083D
:10BF7000688C05080BAE0508E48C05085D90050883
:10BF80002DE9F04F8BB0CDE9022300EB0109834688
:10BF90008A464E46741EA34523D95E46864F3346D5
:10BFA0004B45984605D298F800202E2A03F101034C
:10BFB000F6D1C845A8EB060525D029463046E4F75A
:10BFC0007DFF044600284FD001460123384608AAC9
:10BFD000F1F7DEF8089F002F00F0EB8008F1010672
:10BFE000DDE716F8010CE5F761FE50B916F8010C13
:10BFF000E5F766FE28B916F8013C5F2B01D02E2B21
:10C00000CCD12646C6E7BAF1060F07D96B490722FD
:10C0100058460DF0B9FF002808BF0027684B5A6A40
:10C020005368D268C3F31E034FF00009134404930E
:10C030004C46CA464FF00208CDF80490049B434595
:10C0400016D8002C4FD15E450ED16B1E052B0BD898
:10C050005A4F2A46394630460DF096FF20B9039BC9
:10C060002F441F60C5F1070420460BB0BDE8F08FD8
:10C0700007A94046E5F738F803463DB902785F2A3C
:10C0800010D1524608F101089246D7E7079A954227
:10C09000F7D8014605902A4630460DF0B1FF059BC2
:10C0A0000028EED1414638460593FFF771FE00287F
:10C0B000E7D0019A0799059B32B12A46524501D82B
:10C0C000914208D2524601E00A460193C146002C33
:10C0D000D8D14446D6E7019810F802C0985C844550
:10C0E000F4D10132EAE74C4501D055455ED2019BBF
:10C0F000039A2B441360AAEB0504B5E707A9204671
:10C10000E4F7F2FF824665B903785F2B13D101345F
:10C110004C45F3D92B490298E5F7BBF94FF0FF34B2
:10C12000A2E7079B9D42F2D801462A4630460DF011
:10C1300067FF0028EBD121463846FFF729FE00288B
:10C14000E5D008F10F0BDBF1000202F00F020BF05B
:10C150000F0358BF5342ABEB030BABEB080BBBF128
:10C16000010FD8BF0BF1100B079A08EB0B03134418
:10C17000402B13D8002306E0134902980193E5F7FA
:10C1800088F9019B01339B45F6DC02985146E5F79F
:10C1900080F9079B434403EB0B08B8E70B4902986F
:10C1A0005246E5F72BFDDDF81C80B0E74FF0400864
:10C1B000AEE73C4658E700BF7CE40508E40F0608FC
:10C1C0008004002020AD050860AC0508F79F050835
:10C1D00090FBF1F303FB1100002802DA002903DCD5
:10C1E000704702D0002900DA08447047002808DBB5
:10C1F000CB43034430EA210028BF184690FBF1F0FE
:10C200007047C1F10103034410EA210038BF18460A
:10C21000F4E700002DE9F74F0E46009001920DF073
:10C22000C9FE82460EB100233360DFF8A4904FF0C0
:10C23000000849460D686DBBDFF8A0B02C469BF89E
:10C24000000020B358460DF0B5FE8245074639D8A8
:10C250000098524659460DF097FE98BBBA452DD12D
:10C26000A6B1A04520D901213160844216D1184BD6
:10C27000009853F824405146E4F76CFE154900231A
:10C2800022462944E7F771FB019B1860022003B0A6
:10C29000BDE8F08F043108F10108CBE759F8041B21
:10C2A00001350D440130E0E702233360A4EB0804BC
:10C2B000094B019A53F824301360E7E71BF80A0092
:10C2C0002F2803D00137BB440134B8E70120DEE753
:10C2D000042F0608002F0608EC0F060810100608A9
:10C2E0008B6802490122E5F789BC00BFFFA405085D
:10C2F000154B984282B00BD100230193134B5A6C1B
:10C3000042F480725A645B6C03F480730193019B66
:10C310000F4A00230C29536005D00A2912D008299E
:10C3200014BF03230223426822F0407242EA0363EF
:10C3300043608268074B134083604FF48013C362ED
:10C3400002B070470123EEE70020014000380240B0
:10C3500000230140FDF6FFCF70B51C46084611468C
:10C360004FF00212F2F7FEF92068C10705D48207E8
:10C3700019D10268164B9A4215D1F2F709FEA0F5C1
:10C380008073032B044634BF07250125114E0C2171
:10C390003046FFF7ADFF10491020F2F70AFDC0E963
:10C3A0000164C56070BD15F0A7FC827A530709D5FA
:10C3B000846800231A46032113F08EFEC4F344342C
:10C3C0000125E3E7828805490548F0F70CFF00BF27
:10C3D000DCF0050800200140082F060812A505081A
:10C3E00098EA05084FF6FF73994270B505460C466A
:10C3F00016466BD040F2011399426CD0B1F5817FA3
:10C4000066D2142928BF1124AB68DA0706D4AB68BA
:10C4100043F00103AB60042013F03EFF112C02D067
:10C42000354B9C425BD1354A536823F4400343F4B7
:10C4300000035360304B9C4202D10B2013F02CFFC1
:10C44000092C04F01F0394BF05F1100105F10C0144
:10C450006B6394BF2346A4F10A030A6803EB43030A
:10C46000072098409E4022EA000232430A60AB68EF
:10C4700043F08043AB6013F0EDFE06462B689B074C
:10C4800004D413F0E7FE801B0A28F7D9122C08BF4A
:10C490001A4AE96C02BF536823F4800353606B6847
:10C4A000174AC3F30163D35CC3F11004072B01FAED
:10C4B00004F41CD803EB4302103AC3F1080321FA39
:10C4C00002F25B00144301FA03F31C43204670BDE3
:10C4D00003D1122498E7084C96E7112494E7122C14
:10C4E00001BF064A536843F480035360A8E7083B42
:10C4F0005B00D9400C43E9E7120000100023014023
:10C50000682F0608D0E9021208B54068FFF76AFFF5
:10C51000400040F0010008BD70B5086888B00D46C5
:10C5200015F0EAFB06466868F2F732FD052204467C
:10C5300001A9E868F2F75EFFBCB9A8686A46042161
:10C54000F2F7F0FD04AD009B1859F2F721FD043419
:10C55000102C45F8040BF6D13046DDE9012304A97F
:10C5600017F052FC062008B070BD0148F1F72EFC10
:10C570007398050830B5046885B0657CCDE9023252
:10C580009DF8203004EB8504002B0CBF012303230E
:10C5900024690093A46902AB0122A04705B030BD15
:10C5A00030B5046885B0657CCDE9023204EB8504C2
:10C5B0009DF8203024695B000093A46902AB01223E
:10C5C000A04705B030BD08B503685A7C03EB820371
:10C5D0001B695B6803B19847062008BDF7B50021C9
:10C5E00007460846F6F7F0FC082405460126002316
:10C5F00000961A46A1B23846FFF7D2FF28B961006B
:10C6000041F001012846F6F74EFA0134F1F712FF26
:10C61000782CECD1284603B0F0BD0000F0B50D68D1
:10C620002B685A7C03EB820385B01E693369074689
:10C630000C461BB90E490F48F0F7CCFD6068062286
:10C6400001A9F2F7D7FE022F0CD0A068F2F7E4FDA3
:10C650000346DDE9011234692846A04720B1404273
:10C66000F1F7D8FD0123F4E7062005B0F0BD00BFC7
:10C670001DA5050894EB050830B5044685B0236870
:10C680005A7C03EB820308461D696B691BB90B4991
:10C690000B48F0F79FFD052201A9F2F7ABFEDDE99B
:10C6A00001126B6920469847002802DA4042F1F7F0
:10C6B000B1FD400040F0010005B030BD1DA50508EA
:10C6C00094EB0508F0B5074687B0D1E900500C4659
:10C6D000F2F75EFC0622064603A9A068F2F78AFE7E
:10C6E000032F0ED0E068F2F797FD0090DDE90323F9
:10C6F000B1B22846FFF73EFF002804DA4042F1F7C6
:10C7000089FD0120F1E7062007B0F0BDF0B507462E
:10C7100087B0D1E900500C46F2F73AFC05220646F4
:10C7200003A9A068F2F766FE032F0ED0E068F2F7C7
:10C7300073FD0090DDE90323B1B22846FFF730FF17
:10C74000002804DA4042F1F765FD0120F1E74000DE
:10C7500040F0010007B0F0BDF0B5074687B0D1E961
:10C7600000500C46F2F714FC0646A068F2F710FCE5
:10C77000014602A8E4F796FD032F0ED0E068F2F719
:10C780004BFD0090DDE90332B1B22846FFF7F2FE1F
:10C79000002804DA4042F1F73DFD0120F1E702A84C
:10C7A000F8F7F0FA07B0F0BD530710B501D1202A11
:10C7B00002D90948F1F70AFBA2F108031BB20138BC
:10C7C000002B01DAD00810BD21FA03F4083B00F871
:10C7D000014F1BB2F4E700BF25A505082DE9FF4175
:10C7E00005460E4603A811461A46FFF7DDFF00274F
:10C7F00003468046009703AA31462846FFF7D0FE3D
:10C80000012340450446009309D03B463A46314651
:10C810002846FFF7C5FE204604B0BDE8F081DDE9FB
:10C820000A2331462846FFF7A5FE0446F3E7000039
:10C8300010B58AB002AB0193124B009304230C464F
:10C8400001381944F1F7BCFF0498F2F7A1FB014647
:10C8500006A8E4F727FD079B0193089B0093039A22
:10C860009DF81430BDF808102068FFF7B7FF0028C6
:10C8700002DA4042F1F7CEFC06A8F8F783FA0AB0D4
:10C8800010BD00BF8030060810B58AB006AB01931A
:10C89000104B009304230C4601381944F1F790FF24
:10C8A000062203A90898F2F7A5FD049B0193039BB8
:10C8B0000093079A9DF82430BDF818102068FFF700
:10C8C0008DFF002802DA4042F1F7A4FC06200AB0EE
:10C8D00010BD00BF803006082DE9F0418EB006ABD8
:10C8E0000193194B009304230C4601381944F1F7C6
:10C8F00067FF052203A90898F2F77CFD02AD2468C2
:10C900009DF824200799BDF818602846DDE90378D2
:10C91000FFF74AFF23685A7C03EB820302221B695C
:10C920000092CDE90A05CDE90C879D6931460AAB35
:10C930002046A847002802DA4042F1F76BFC0620A7
:10C940000EB0BDE8F08100BF803006082DE9F0434D
:10C9500089B0054602AFD1E900800C46F2F718FB1A
:10C9600007F108028146391DA068F2F7B9FB032DD3
:10C9700029D0E068F2F750FC05467B68012B6A4637
:10C9800038BF0123A2EBC3039D4602AE00247B689F
:10C990005A1E7A60CBB914B9C6E900440124D8F80C
:10C9A00000305A7C03EB82036D001B6900959D6982
:10C9B000224633461FFA89F14046A847002818DA74
:10C9C0004042F1F727FC0125D7E7BB68052218682C
:10C9D00007F10C01F2F70EFD3A6932B106EBC40320
:10C9E00046F83420FA685A600134BB680433BB60EF
:10C9F000CDE7400040F001001C37BD46BDE8F083A4
:10CA000013B50B69CA684C689B8892880449B1FBCE
:10CA1000F4F100910349E5F7F1F802B010BD00BF51
:10CA200020A1070030A5050808B502490248F0F723
:10CA3000D1FB00BF1DA5050894EB050838B50546D8
:10CA4000086804681346627C04EB82042269146857
:10CA50000CB9FFF7E9FF0A1D691EA047062038BD83
:10CA600008B503685A7C03EB82031B699B680BB90A
:10CA7000FFF7DAFF984710B14042F1F7CBFB0620F1
:10CA800008BD08B503685A7C03EB82031B69DB68A9
:10CA90000BB9FFF7C9FF984710B14042F1F7BAFB55
:10CAA000062008BDC368C2889A617047C388C268FF
:10CAB0001B0493617047C388C2681B04936170476D
:10CAC00013F0EABB38B5D0E90243DA68DB8893613A
:10CAD00005464068FFF7F4FFEA68D36812891B69CE
:10CAE000C2F34312D340DB0708D414B96FF06D00D2
:10CAF00038BD012013F0D0FB013CEDE7002C0CBF4A
:10CB00006FF06D000020F3E738B504460069FFF7C9
:10CB1000C9FF6068FFF7D4FF2046FFF7D3FF054643
:10CB200028B92069FFF7C2FF6068FFF7C9FF2846F0
:10CB300038BD70B5044640680E46FFF7C1FFE06897
:10CB4000FFF7B9FF072546FA05F3DB0720690FD584
:10CB5000FFF7A8FF6068FFF7B3FF2046FFF7B2FFBB
:10CB600048B12069FFF79EFF6FF06D05284670BD44
:10CB7000FFF79CFFEEE7E068FFF79DFF013DE2D283
:10CB80002069FFF78FFF6068FFF79AFF2046FFF7E5
:10CB900099FF0028E8D123696068DA681B89156964
:10CBA000C3F34313DD40FFF78BFFE06805F0010599
:10CBB000FFF781FFDAE7F8B506460F461546002471
:10CBC000AC4201D12046F8BD395D3046FFF7B1FFD8
:10CBD000002802DBF6D10134F2E76FF06D04F1E7D3
:10CBE00038B504464068FFF76BFF2069FFF75EFF2A
:10CBF0006068FFF765FF2046FFF764FF0546206980
:10CC0000FFF750FF6068FFF75BFF284638BD000064
:10CC100010B586B00446084611461A4602AB019389
:10CC2000134B00930423F1F7CBFD029815F064F841
:10CC3000E060039815F060F8059B049AA3600D4B23
:10CC400020619A428CBF0123B3FBF2F3636000239F
:10CC5000E0681A46052113F03FFA002320691A46BE
:10CC6000052113F039FA2046FFF7BAFF06B010BDD0
:10CC7000782F060820A10700F0B5142085B00D46D6
:10CC80000A491E461746F2F794F806EB8502044659
:10CC9000394601A8F1F72DFE204601AB3246294660
:10CCA000FFF7B6FF204605B0F0BD00BF982F06087D
:10CCB0002DE9F0410446406817468846FFF700FF1B
:10CCC000E068FFF7F8FE6068FFF7FAFE0826002527
:10CCD0002046FFF7F7FE18BB2269E068D368128987
:10CCE0001B69C2F34312D34003F0010343EA450535
:10CCF000FFF7E1FE6068FFF7E3FE013EE8D188F848
:10CD0000005017B92069FFF7D1FE6068FFF7D8FE21
:10CD10002046FFF7D7FE014638B12069FFF7C2FE73
:10CD20006FF06D010846BDE8F081E068FFF7C3FED3
:10CD30002069FFF7B7FEF5E7F8B506461F4614462B
:10CD40008D180CB92046F8BD291B013C07F00102E3
:10CD5000304618BF0022FFF7ABFF0028F1D06FF07C
:10CD60006D00F0E72DE9F84F07460C4616469A4647
:10CD7000FFF7CAFE20B16FF06D042046BDE8F88FC2
:10CD80000A9B03F0010949EA4401C9B23846FFF79A
:10CD9000D0FE041EEFDB0DD10AF1080A86B90A9B0A
:10CDA0009B07EAD53846FFF71BFFB04218BF6FF06C
:10CDB0006D04E2E73846FFF713FF6FF01204DCE77B
:10CDC0005AE902B5013EB9F1000F23D1AB44A4EBFF
:10CDD00005085D4508EB0504DED029783846FFF7E5
:10CDE000A8FE0028C7DB05F10105F2D00026D3E735
:10CDF000A5EB0B010BF1FF3B56EA0B030CBF012225
:10CE000000223846FFF754FF0028B4D1BBF1000FD1
:10CE1000EED1C1E75D44F9E7064BC01A064B80101E
:10CE20005843064B03EB80030020D3F8E431C3E9F9
:10CE300005017047F8310608CDCCCCCC8004002029
:10CE4000084BC01A084B80105843084B03EB800373
:10CE5000D3F8E43109B95869704701290CBF9869C2
:10CE600000207047F8310608CDCCCCCC80040020DF
:10CE700008B50C4B0C4AC31A9B1053434A0644BFD7
:10CE800082684260094A02EB8303D3F8E40108B9DF
:10CE9000002008BD83691940FAD041610DF05EFCA5
:10CEA0000120F6E7D0070020CDCCCCCC80040020B8
:10CEB00010B50378052B044605D11021FFF7D8FFE4
:10CEC0000123237010BD032B01D0062BF8D12021A4
:10CED0002046F3E7F0B587B003AB51F8045B01934C
:10CEE0001A4B00930446032301381646F1F768FCF9
:10CEF000174B184A184FEB1A9B105343783307EB24
:10CF00008307786860B91C20E3F7B2F9134B03601C
:10CF1000134BC0E901350623C36000230374786016
:10CF2000012C02D83368072B0ED9049B9DF81420DE
:10CF3000190703D012B90B48F0F748FF027400221A
:10CF4000C0E905230399C16007B0F0BD3831060878
:10CF5000F8310608CDCCCCCC800400200C57060854
:10CF60004832060851A505081FB5044605220846A3
:10CF700001A9F2F73FFA029820B1019A636812788A
:10CF80001A610120400040F0010004B010BD1FB53F
:10CF900004460522084601A9F2F72CFA029820B1AE
:10CFA00063681A69019B01201A70400040F001007B
:10CFB00004B010BD136810B514466BB940F2264397
:10CFC00099420AD1064BC01A064B20F003000344D5
:10CFD0005868F5F7CBFA206010BD04235360FBE7D7
:10CFE000F8310608D0070020064A4B688A1A06491D
:10CFF0009B6892104A43C3F3460304490132E4F7A5
:10D00000FDBD00BFF8310608CDCCCCCC5CA5050831
:10D010001F4B204A10B5C31A9B10534314221E4CB9
:10D020005A43A15C91B30021A1540289446852B2D1
:10D030008A4221600DDB5109012402F01F02944055
:10D0400001F12002154941F82240BFF34F8FBFF391
:10D050006F8F90F90A20002A0DDB5109012002F0A0
:10D060001F02904001F120020C4941F82200BFF359
:10D070004F8FBFF36F8F0A4A03F12E01783302EB13
:10D08000810102EB8302002048605060062010BD41
:10D09000F8310608CDCCCCCCD007002000E100E070
:10D0A00080040020F0B58BB0084611461A4605AB47
:10D0B00001934A4B00930523F1F7E0FB059815F027
:10D0C000A3FA474B474A099E074603EB8703451ED1
:10D0D0000898C3F8B80014236B439C180121D1525F
:10D0E00006284FF00003C4E90133C4E90333A370F9
:10D0F00010D0072202A9F2F77DF9202E01D873077C
:10D1000002D03948F0F762FE039BE360F610029B01
:10D11000A6702361354E142404FB0564FFB200970A
:10D12000012300220621E06813F019F8009701237B
:10D1300000220621206913F012F860682C4A069933
:10D14000D2F840C000F14043A3F5A8439B0A153331
:10D15000012707FA03F343EA0C031364136C0293E9
:10D16000029B15F0CDFA94F90830002B27DB214AF9
:10D17000D118C02081F80003590903F01F039F4014
:10D1800042F82170142303FB056696F90A30002B40
:10D190001CDB1849CA18C02082F800030122580974
:10D1A00003F01F0302FA03F341F82030124A01236F
:10D1B0001178AB400B43204613700BB0F0BD0F4A03
:10D1C00003F00F039A18C0231376DBE70B4A03F032
:10D1D0000F039A18C0231376E8E700BF1031060842
:10D1E00080040020D007002073A50508F831060848
:10D1F0000038024000E100E04C0B0020FCEC00E0B5
:10D2000000F14040F8B5A0F5A8400D4E840A142561
:10D2100005FB04650F462846FFF74AFE57B101217A
:10D220002846FFF725FE0223142202FB04F03354A4
:10D230000020F8BD02212846FFF71AFE0323F3E77A
:10D24000D0070020F8B500F14044A4F5A844294FC8
:10D25000A40A14256543EE1908213046FFF708FE9D
:10D26000D6F810C0BCF1000F08D106237B5518B9C1
:10D27000214B2B445B681B690020F8BD1E4B7A5D77
:10D280002B44032A5B681B691FD104227A550022B4
:10D29000B260B27872701420604339184A782AB3A9
:10D2A0008868DBB2013A43EA0023D2B28B604A704D
:10D2B000002AE1D1CA68B3FBF2F002FB10338B60A5
:10D2C00030464021FFF7D4FDD6E7042AE3D01422EC
:10D2D00002FB04729168481C90600CF80130D2E99E
:10D2E00002139942C8D300239360C5E706223A543B
:10D2F000EDE700BFD0070020F831060800F14040FC
:10D30000044BA0F5A840800A142202FB0030FFF76E
:10D31000CFBD00BFD0070020F8B500F14044A4F510
:10D32000A8441D4DA40A142767437E1904213046E2
:10D33000FFF79EFD33693BB90523EB5518B9174B31
:10D340003B445B681861F8BDEB5D042B0AD1D6E95C
:10D3500002323046B3FBF2F102FB11334021B360DD
:10D36000FFF786FD142303FB04F25C43A95C052947
:10D370001CBF0521A9542544AA682969531CAB6028
:10D380008A5CE9688B4228BF0023AB60034B2344CF
:10D390005B681A61D7E700BFD0070020F8310608A4
:10D3A000FFF7ACBF70B5064D064E00242B5D13B1E0
:10D3B0003019FFF72DFE1434502CF7D170BD00BF8B
:10D3C000D0070020F831060810B50C46F1F7ECFD47
:10D3D000631E0342024604D0024903482346EFF786
:10D3E00002FF10BD9BA5050898EA050870B5064622
:10D3F000144608460AB3042A71680FD1FFF7E4FF08
:10D400007368012B03D0022B06D0006800E000787F
:10D41000BDE87040F5F7AAB80088F9E7FFF7D4FF38
:10D4200005462046F1F7C0FD7368012B03D0022B9F
:10D4300005D0286000E028700624204670BD2880B2
:10D44000FAE700004A680249D200E4F7D7BB00BF00
:10D45000B9A5050810B503460B4C90B10868F1F763
:10D4600097FD431C07D100210220F9F711FC8460CD
:10D470001034C46010BD0128034602D90348F0F7F8
:10D48000A5FC04EB0310F5E75C320608C9A5050806
:10D4900010F0CEB82DE9F04107460E46904612F046
:10D4A000DFFE0224054612F0DBFEFB683A891B69A9
:10D4B000C2F34312D34003F001039E4208D1013C62
:10D4C00002D1401BBDE8F08186F001060546EAE77F
:10D4D000431B4345E7D36042F4E70000F8B5074635
:10D4E00008680C4614F008FC05466068F1F794FEE5
:10D4F000022F06460BD9A068F1F74AFD02463146D5
:10D500002846FFF7C7FFBDE8F840F5F72FB8014AF6
:10D51000F5E700BF40420F0010B50446007813F055
:10D52000C1FA6178036A890001228A4023EA020372
:10D530000362026A41F255531A420AD1054B9842DE
:10D5400002BF436C23F400434364036823F00103E8
:10D55000036010BD0000014008B50430FFF7DCFF98
:10D56000062008BD10B50446007813F09BFA036846
:10D57000DB0705D401234361036843F00103036023
:10D580006278016A9200012393400B43036210BD4D
:10D590004B790A7901490133E4F730BBD2A505087C
:10D5A00008B513F07FFAC06A003818BF012008BD23
:10D5B000F8B51D4B1D4AC31A0E46D91023F00703B8
:10D5C000134404465E600079022302F83130FFF70D
:10D5D000E7FF20B3207913F065FA0546207913F0B0
:10D5E000E3FAAB6ADFF848C0EF6A00210133B0FB11
:10D5F000F3F0E6FB00C10AA3D3E90023604619F06B
:10D600001FF8343563790137874294BF45F823709A
:10D6100045F82300201DBDE8F840FFF7A3BFF8BD83
:10D6200000CA9A3B000000006C3306082008002066
:10D630000065CD1D012838B50C6828D1184B194A52
:10D64000E31ADB1012F833300BB9012038BD207912
:10D65000FFF7A6FF0028F8D0207913F023FA05463B
:10D66000207913F0A1FAAB6A34350133B0FBF3F241
:10D6700063790D4C55F82350002319465008E5FBFB
:10D68000040118F0DDFFBDE83840F4F78ABF4868B0
:10D69000F1F77EFC01462046FFF78AFF0620D5E71A
:10D6A0006C3306082008002000CA9A3BF8B5174BD7
:10D6B000174AC31A0E46D91023F007031344044631
:10D6C0005E600079012302F83130FFF769FFE0B1B5
:10D6D000207913F0E7F9C56A0746013547F6FF7070
:10D6E00000210023E6FB05014FF6FF7218F0A8FFAA
:10D6F00034376379854294BF47F8235047F82300B5
:10D70000201DBDE8F840FFF72DBFF8BD6C330608BB
:10D7100020080020F8B50D1E044602DC2B48F0F767
:10D7200055FB007913F0BEF90646207913F03CFA58
:10D73000B6F1804F00EB5500B0FBF5F002D0244B62
:10D740009E421DD10123012820D82248E7E702FB91
:10D7500000FCBCF1333F07D8B0FBF7F003EB8303C9
:10D76000B0F5803FF3D2EEE701FB00FCBCF1553F82
:10D7700093BF03EB43035B004008B0FBF5F0EFE71A
:10D78000154A1649012303250527E9E7013BB36242
:10D79000134B144DE41A24F01F040138F0622544A1
:10D7A00000261C442B78012B06EB040008D1696885
:10D7B000FFF77CFF0836202E05F10805F2D1F8BDF1
:10D7C000022BF7D16968FFF7F3FEF3E7E3A505083D
:10D7D000000C0040ECA50508CDCCCCCCABAAAAAA85
:10D7E0006C33060820080020012870B50D68044637
:10D7F00014D12879FFF7D4FEC8B1287913F052F973
:10D80000866AC46A287913F0CFF9631C06FB0333D8
:10D81000B0FBF3F0400040F0010070BD4868F1F744
:10D82000B7FB01462846FFF775FF0620F5E72046BF
:10D83000F3E7000030B587B00446084611461A46A3
:10D8400002AB0193184B00930423F0F7B9FF059D39
:10D850006B1C0BD0207913F025F96279022392001A
:10D860009340026AEDB922EA030303620299481C5D
:10D8700002D02046FFF74EFF03994A1C02D02046F3
:10D88000FFF714FF04994B1C02D02046FFF790FECF
:10D890002079FFF785FE10B1201DFFF763FE07B06A
:10D8A00030BD1343E1E700BFBC32060810B50C469B
:10D8B00013460A1D411E2068FFF7BCFF062010BD5D
:10D8C000012838B50C6824D1164B174AE31ADB102F
:10D8D00012F833300BB9012038BD2079FFF760FE14
:10D8E0000028F8D0207913F0DDF86379C26A34306B
:10D8F000013250F823500023500819464FF6FF74A8
:10D90000E5FB040118F09CFE80B2400040F00100ED
:10D91000E2E74868F1F73CFB01462046FFF7C6FE08
:10D920000620D9E76C330608200800202DE9F04FC7
:10D9300099460F46924651465F4A89B03846F0F7FD
:10D9400011FFD9F8000014F0D7F90646407A0022FA
:10D95000C0F343001146824201D30B460DE0336908
:10D9600003EB02135C7A1CB10B4601321946F2E755
:10D97000DC7A032CF8D80029F7D0002B00F0828045
:10D980004E4893F80AC093F80BE00021054690F842
:10D9900004B0E34571D1447974456ED1484A1B7A8D
:10D9A00010680193012303FA0CF34FEAC10805EB59
:10D9B000C10513EA00016AD0584613F073F80168F4
:10D9C00011F0010103460DD1CDE90210584613F0C4
:10D9D00073F8039B0299802018603A48D962834209
:10D9E00008BF196304F00101C900012C4FF0FF0CBE
:10D9F0004FF068000CFA01FC00FA01F095BF99693C
:10DA0000D96921EA0C0121EA0C0195BF01430143C8
:10DA10009961D9612B498B4202BF596C41F4004195
:10DA20005964012F02D8BAF1000F0FD0264B4FEAEC
:10DA3000E8080021584603F8381013F033F8A40022
:10DA4000036A0222A24023EA0203036209EB87026F
:10DA5000514605A8F0F74DFF05AB09F10402791E08
:10DA60002846FFF7E7FE3046019B0022022112F014
:10DA700033FB284609B0BDE8F08F0131202900F1C1
:10DA8000080084D1B28811491148EFF7ACFB034379
:10DA900013604FEAE80323F003030B4803F1010C82
:10DAA00000F8331000F83C1003F1020C033300F8C7
:10DAB0003C1000F833107FE7FFFF03006C330608CB
:10DAC000200900200000014020080020F1A50508E1
:10DAD00098EA0508F8B50024094D0A4E274616F8BD
:10DAE000343023B1284606F83470FFF715FD0134B1
:10DAF000202C05F10805F2D1034B00221A60F8BD75
:10DB000070330608200800202009002008B50021F5
:10DB100006F0ADFE062008BD08B5012106F0A7FEFF
:10DB2000062008BD2DE9F04F83B000AF884678602D
:10DB300015461E4651B11C68A30707D123685A7CBD
:10DB400022B103EB82031B69002B57D108EB45027E
:10DB50009200073222F00702ADEB020D314606EBD0
:10DB600088044FEA880268464FF000090CF09AF9E1
:10DB7000EB460DEB880A08342B464E4640F2125114
:10DB8000F3B966B1B9F1000F09D0D9F80000F1F787
:10DB900043FB00280CBF03230123C9F800305B4678
:10DBA0002A464146002014F03FF9044679680C20CB
:10DBB000F1F7FFF80C3744600672BD46BDE8F08F00
:10DBC00054E9022041F64A7C624510D13B60F1F7EE
:10DBD00023FB3B680646013D40F2125154F8080C05
:10DBE000884208BFAAF10409013B0834C8E7D446BB
:10DBF0004CF8082BCAF80400E246EFE701290CD1E3
:10DC000075B1012D09D1726841F64A739A4204D167
:10DC1000B068F1F701FB0646C8E70020F0F7B0FA5C
:10DC20002E46C3E7012910B5044604D0022908D0C6
:10DC30004FF0FF3010BD406806F00CFE237A5840CC
:10DC4000F8E7017A4068514006F011FE0020F1E744
:10DC500070B50D4604461146284602221E46F0F7CE
:10DC600081FD35B9204606F0F5FD400040F0010089
:10DC700070BD3068F1F7D0FA0146204606F0F7FD96
:10DC80000620F5E710B40C460B1D0022411E20684B
:10DC900010BCFFF7DDBF38B5054651F8040B04682A
:10DCA0001346627C04EB8204226914680A46691EEA
:10DCB000A047062038BD08B503685A7C03EB8203F1
:10DCC0001B695B6803B19847062008BD30B404683F
:10DCD000657C04EB85042469A468A44630BC6047D5
:10DCE0007FB5064648680C46F1F752F9014668468A
:10DCF000E3F7D8FA032E029D12D1A068F1F748F994
:10DD00000146019A28460CF017F9029B01992068F8
:10DD10001A46FFF7DBFF6846F7F734F804B070BD2A
:10DD20000021EEE77FB50C4606460622606801A991
:10DD3000F1F760FB032E019D10D1A068F1F728F9DF
:10DD40000146029A28460CF0F7F8019B20680299D8
:10DD50001A46FFF7BBFF062004B070BD0021F0E7B4
:10DD60001FB504460522084601A9F1F743FB2046EA
:10DD7000DDE901210023FFF7A9FF062004B010BD53
:10DD800030B587B015460446052208466946F1F7C6
:10DD900031FB03A906222846F1F72CFB0199049BCD
:10DDA000994202D00548F0F711F82046039B009AEB
:10DDB000FFF78CFF062007B030BD00BFFAA50508AD
:10DDC00004300DF033BA000030B54B6887B005461B
:10DDD0000C46C3B90FF0F6FD3023B0FBF3F26369D4
:10DDE0000B499B88049323699B880393E3689B8872
:10DDF0000293A37A0193637A0093237A2846E3F788
:10DE0000FDFE07B030BD034AB2FBF3F2E7E700BF07
:10DE10000EA6050820A1070010B504460FF0D2FD9C
:10DE20003023B0FBF3F0A04207D9054BB3FBF4F06D
:10DE300004FB103303B1013010BD0020FCE700BF2C
:10DE400020A1070010B58AB00446084611461A46BC
:10DE500003AB0193154B00930723F0F7B1FC039834
:10DE6000431C02D0FFF7D8FF6060049B581C18BF0A
:10DE70002372059B0798591C18BF6372069B5A1C96
:10DE800018BFA37210B113F037FFE060089810B10B
:10DE900013F032FF2061099810B113F02DFF60617B
:10DEA0000021201D0DF093FA0AB010BD18350608A8
:10DEB00010B58AB0084611461A4602AB01931A4BB8
:10DEC00000930823F0F7DAFC18491820F0F771FFE7
:10DED00004460298FFF7A0FF039B2372049B637222
:10DEE000059B6060082B02D01148EFF76FFF069B7F
:10DEF000A372079818B1089B0BB1099B0BB90D4889
:10DF0000F3E713F0F9FEE060089813F0F5FE2061E6
:10DF1000099813F0F1FE00216061201D0DF057FA01
:10DF200020460AB010BD00BFD83406085035060898
:10DF300061A605086AA6050808B50CF075FF06205D
:10DF400008BD000010B44C8A8B6940F20F2240F2E9
:10DF50004321012C18BF0A4610BC0149E3F74EBE0D
:10DF60007AA6050810B588B00446084611461A4638
:10DF700002AB0193224B00930623F0F721FC069895
:10DF8000029B6382062815D0F1F758F89FED1D7AA1
:10DF9000C7EE007AFCEEE77A17EE900A002150EA0D
:10DFA000010315D0B0F1804F71F1000111D3164873
:10DFB000EFF70CFF04994B1C01D1A069EEE7059A1D
:10DFC0004FF47A70D31781FB000118F039FBE6E7B4
:10DFD0000120039BA06103B1E3619DF81C20238A0B
:10DFE0005AB143F004032382E369062B03D00146B0
:10DFF00020460CF0F5FE08B010BD23F00403F2E754
:10E000000C36060800007A4494A60508F0B52020D6
:10E0100085B017461D460C46E2F72AF9134B0360FC
:10E02000032303824FF47A720623C0E906230646CF
:10E030005CB12868F0F7ACFF013002D00C48EFF774
:10E04000C5FE013C05F1040501D167B1002405EBD3
:10E050008402394601A8F0F74CFC01AB2A46214660
:10E060003046FFF77FFF304605B0F0BD803606082A
:10E070009EA60508F8B50C46174654F8045B0646FC
:10E0800028460CF0D1FE28463B462246711EFFF77B
:10E0900069FF0620F8BD1E2070474268D36843F030
:10E0A0000103D3600620704770B58EB00446084661
:10E0B00011461A4605AB01933C4B00930923F0F738
:10E0C0007FFB07980628DDE9055610D0F0F760FFC2
:10E0D00010F0010F0CBF4FF480634FF4C0630136A2
:10E0E000082E06D0092E1AD03148EFF76FFE002314
:10E0F000F6E700220021A67A029109990191089978
:10E10000013918BF0121490300912046294615F025
:10E110007FFC38B9227A27492748EFF764F84FF493
:10E120008052E7E73146204615F0A2FD0B9A0A9B84
:10E13000E38191B243F2C823B3FBF5F30233994272
:10E1400028BF13462382637ADB0717D50C9B002B6D
:10E1500001DB1A48C9E7A269618A204615F033FD40
:10E16000204615F090FD854234BF451B2D1A14231F
:10E170005D438542024617D91149CDE7A069E2F710
:10E180009FF80C9B002BA8BF0D930D9E002E02DC68
:10E1900000221146E1E7E07A013606FA00F0E2F7E4
:10E1A00067F831460246D8E70EB070BDA0360608C3
:10E1B000A7A60508C1A6050898EA0508CDA6050882
:10E1C000E9A6050810B50C4613460A1D411E206835
:10E1D000FFF76AFF062010BD70B586B003AB019350
:10E1E000204B009305460C460323043101381646A4
:10E1F000F0F7E6FA012D246817D83568072D94BF8B
:10E2000000250125236A2BB91748A38321460CF06A
:10E2100061FA206215B3039E062E08D03046F0F74F
:10E2200053FE20B91148EFF7D1FD0125EAE7049D1F
:10E2300035B135F0300203D00D490E48EEF7D3FF6B
:10E240000021204615F098FC236A9DF81420DE601A
:10E250001A740121A583204615F08EFC206A06B0B1
:10E2600070BD00BF5C570608E86606080AA70508E7
:10E270001BA7050898EA050813B504460846F0F7F9
:10E2800087FEE189ADF80200204615F05EFD50B131
:10E2900001AB01220DF10201204615F06EFD01983F
:10E2A00020B1EFF7B7FF6E230193F8E7062002B025
:10E2B00010BD10B5C189044615F0FEFC30B12046F2
:10E2C00015F016FD400040F0010010BD4FF0FF308A
:10E2D000F8E7F8B50F46C17A114206461D4605D04B
:10E2E00005232B604FF0FF342046F8BD32FA01F4CD
:10E2F000FAD0C18915F0E0FC08B90B23F1E73D46DF
:10E30000304615F0F5FCF37A012B0CBF25F8020B13
:10E3100005F8010B013C05D0318A304615F0CCFCE4
:10E320000028EDD1EC1BDFE708B515F0B7FC400085
:10E3300040F0010008BD08B515F054FC062008BDEA
:10E340002DE9F0431F460D4690462846224A85B0E7
:10E350004146F0F707FA386800F00703022B05D0B2
:10E3600083070AD102681D4B9A4206D1F7F704F9D8
:10E370001B4902461B48EEF736FFF0F709FE8146BF
:10E3800015F03BFB10B918494A46F3E7174E09F15F
:10E390005F0306EB8306B46844B92420E1F781FFEC
:10E3A000134B036080F808900446B060012D02D83A
:10E3B000B8F1000F0BD007EB8502414601A8F0F73A
:10E3C00098FA01AB3A1D691E2046FFF76DFE204604
:10E3D00005B0BDE8F08300BFFFFF0300DCFA0508CD
:10E3E0002CA7050898EA0508C1A6050880040020A6
:10E3F000E8360608F8B51D46C37A134204460F46B0
:10E40000164604D005232B604FF0FF30F8BDC189BC
:10E4100015F09BFC08B90B23F5E7E27A2B4626FAA8
:10E4200002F23946204615F0A8FC2B680BB16E2B82
:10E43000EAD100232B60E37A9840E7E7032938B557
:10E440000546144611D112F0010304D015F026FC44
:10E45000031E18BF0123610705D56A6812681206FA
:10E4600001D543F00403184638BD01291BBF16220D
:10E470001A6000234FF0FF33F5E700004B7A2DE9D7
:10E48000F74391F808800D469907044606D43349AE
:10E49000424603B0BDE8F043E3F7B0BB6B68DE680B
:10E4A00016F4805F14BF09270827284616F48069F0
:10E4B00018BF07F1FF3715F0E6FB2949009703461F
:10E4C00042462046E3F79AFBB9F1000F18D12549DF
:10E4D0002046E2F7DEFF6B6823491B6913F4405FB7
:10E4E00014BF022201222046E3F788FB6B685B69B8
:10E4F00013F4407F09D11D492046E2F7CAFF15E019
:10E50000B20554BF19491A49E2E703F40076DB0566
:10E510000AD518492046E2F7BCFF3EB1164920460D
:10E52000E2F7B7FF1549E7E7002EFBD1698AEA89D0
:10E530002B8A01B10139009120461149E3F75EFBB6
:10E54000AA8B1AB10F492046E3F758FB0E49204623
:10E5500003B0BDE8F043E2F79CBF00BF38A7050851
:10E5600041A705087C74050868A705081FA00508D1
:10E57000117505080479050879A705087C6F050859
:10E580007BA70508A3A7050804B40508D0E9013254
:10E5900006201A607047000008B50022B0F5007F21
:10E5A00004DB0132062A4FEA6000F7D1C0000028E0
:10E5B00002DC0E48EFF70AFCB0F5805F01DB0C4887
:10E5C000F8E70C4B0138D9688907FCD445F255515E
:10E5D00019609860D968C907FCD445F25551196093
:10E5E0005A604CF6CC4204481A6008BDAEA7050834
:10E5F000BAA70508003000404838060830B587B093
:10E60000084611461A4604AB0193474B0093022378
:10E61000F0F734F9DDE9040400F00703022B05D01C
:10E6200083077AD10268414B9A4276D1F6F7E2FD30
:10E6300040F2F1139842024603D12046FFF7ACFFA7
:10E6400050E0B0F5427F66D10FF0B6FA4FF47A751C
:10E65000E217B0FBF5F0A0FB043100FB02111B0B2D
:10E6600043EA0153412B4FEA113171F100023BD3D0
:10E67000013341F100015B0843EAC173412B4FEACA
:10E68000510171F1000240D3013341F100015B08F7
:10E6900043EAC173412B4FEA510171F1000236D3B5
:10E6A000013341F100015B0843EAC173412B4FEA9A
:10E6B000510171F100011CD203221D481D493F3355
:10E6C00043F0800383600C6C44F400640C64096CB8
:10E6D00001F40061039103991749D20142F07F02CE
:10E6E0004A600B6007B030BD194312D11348EFF7F1
:10E6F0006DFB0FF061FA1249B0FBF5F04FF4001218
:10E70000B2FBF0F20F48EEF76EFD0122D5E70222D0
:10E71000D3E70022D1E70C49F4E7F0F739FC0246D1
:10E7200000288AD00949EDE7FC370608DCFA05081D
:10E730003C04002000380240002C0040AEA7050831
:10E74000C5A7050898EA0508DAA70508E5A705089A
:10E750004068002808BF062070478369062B04D054
:10E760000E2B0CBF1E200E2070471E20704710B5C8
:10E770000446084611460022EFF7F4FF2146082020
:10E78000F0F717FB0023436010BD000010B50A46E8
:10E79000044641680248EFF78EFF6060062010BD16
:10E7A000E1E8030870B50D460646114628460D4AB5
:10E7B0001C46EFF7D7FF2020E1F75AFD0023066043
:10E7C0004360C3602368036106221E23C0E905235A
:10E7D000022D4FF00103C36102BF034B62681A6050
:10E7E00070BD00BF0400020024090020136810B5AA
:10E7F00033BB40F26E33994202D10369136012E0D9
:10E8000040F27A33994201D14369F7E740F2C943B4
:10E81000994201D18369F1E740F29333994203D1E0
:10E820000F4BC2E9003010BD40F25B33994201D179
:10E830000C4BF6E740F254439942F4D1C369DDE74B
:10E840005368002BEFD040F27A34A14202D14361E9
:10E850000023D3E740F2C944A142E4D18361F7E742
:10E86000943806088C38060810B5044680690628D6
:10E8700001D00E2803D10E23A361204610BD1E280F
:10E8800007D1002307481A461946FFF770FFA06119
:10E89000F3E7F0F79BFA034B9842EED002490348A6
:10E8A000EEF798FC10390608F0A7050870EB05088C
:10E8B00038B5446805461CB906490748EEF78AFC96
:10E8C0000023616805486360EFF7D4FE6860204666
:10E8D00038BD00BFF7A7050824EC0508E1E80308E8
:10E8E000C369C8694010C0EB630000F1005020F01C
:10E8F000404000F16040C00F7047000038B5D1E9DA
:10E9000000540623022863610FD111F0A3FC084BC9
:10E9100003EA400040F00100E0616A6805482146D2
:10E92000EFF787FE6860062038BD8868F4E700BF0F
:10E93000FEFFFF7FE1E803088369062B37B5044635
:10E9400001D00E2B02D16069E1F76AFC084B41F659
:10E95000CA311868F2F7C6F8A3690546CDE9003058
:10E9600069460220FFF7CAFF06206C6103B030BD84
:10E9700024090020F0B504468069062885B04BD0F4
:10E980000E2835D0254D41F6CA312868F2F7AAF88D
:10E99000844204D122492348EEF71CFC6469606973
:10E9A000F0F714FA2049F9F739F907460028F5D1AC
:10E9B00041F62A112868F2F795F801AA0646802147
:10E9C0006069EEF7A3FB019BA3B101AA39460120C0
:10E9D0000394EEF73EFD01A90220CDE90164FFF7A3
:10E9E0008DFF286840F60A31F2F77CF860611E203E
:10E9F00005B0F0BDE76911F02DFCC0EB670303F132
:10EA0000005323F0404303F16043002BE9DD21462E
:10EA10003046FFF7BBFEDEE70E20E9E724090020C1
:10EA2000FEA7050870EB0508F038060830B50C465F
:10EA300085B005460522206801A9F0F7DBFC012D11
:10EA40000CD96068F0F7B0FAC243DDE9010100F0CB
:10EA5000C5FCC043F3F7A5FD05B030BD0020F3E7CA
:10EA600030B58BB002AB0D460193424B009304319D
:10EA700001230138EFF7A4FE03A928689DF8084098
:10EA80000522F0F7B7FC049929B101390323B1FB42
:10EA9000F3F10131890006A82144E2F703FCDDE926
:10EAA0000330089A022824D8A0B119788908117077
:10EAB000197802284FEA01113ED1587801F030014F
:10EAC00041EA101151705B789B0003F03C03937096
:10EAD0004023D370DDE90720121B85180146A942A7
:10EAE0002FD10CB10A23835406A8F6F74BF90BB0CB
:10EAF00030BD13F8031B890802F8041B13F8031C2C
:10EB000013F8025C090101F0300141EA151102F825
:10EB1000031C13F8021C13F8015C890001F03C018E
:10EB200041EA951102F8021C13F8011C01F03F01A3
:10EB300002F8011C0338B5E701F0300151704023A1
:10EB4000C5E70B78192B04D84133DBB201F8013B40
:10EB5000C5E7332B01D84733F7E73D2B01D8043BFA
:10EB6000F3E73E2B04D03F2B0CBF2F233D23EDE7D3
:10EB70002B23EBE72C390608F0B589B0052201A953
:10EB8000F0F738FCDDE9014101EB4101890804A8F7
:10EB90000131E2F779FB0020069F05460246064652
:10EBA000029B834203D852B11F48EFF70FF9235C51
:10EBB0003D2B09D1022A02D0042A24D11DB304A876
:10EBC000F6F7E0F809B0F0BDA3F141015FFA81FC6E
:10EBD000BCF1190F11D80B4643EA8616931D072B7B
:10EBE000C1BF059B023A591C0591C6BF26FA02F126
:10EBF000F9541A4600250130D2E7A3F16101192921
:10EC000002D8473BE8E70125A3F13001092902D8E2
:10EC10000433DBB2E0E72B2B03D02F2BEBD13F23C8
:10EC2000DAE73E23D8E700BF0CA8050801460148F3
:10EC3000F5F782BDACFA0508014AF6F7B9BC00BF8A
:10EC4000ACFA0508F0B50D46164689B02022002121
:10EC500004460BF071F92B46A819834212D12246C3
:10EC6000002322F80239694604F11E0032F8027FBF
:10EC700021F8023B82423B44F8D10023B34209D140
:10EC800009B0F0BD13F8011B34F81120013224F84B
:10EC90001120E2E7EA5C52B108A901EB420232F826
:10ECA000201C481C103122F8200C24F811300133AC
:10ECB000E4E700002DE9F04188460546114640464C
:10ECC0001E4A1F46EFF74EFDB8F1010F17D97868BD
:10ECD000F0F75EF9B8F1020F064608D0B868F0F711
:10ECE00057F90446032E04D91548EFF76FF80024AE
:10ECF000F8E734B1631F0A2B03D91248F5E7002463
:10ED0000264629461020F0F754F83B684360037A02
:10ED100046EA8406054666F305030372B8F1030F5D
:10ED20004FF00000E86002D9F868F0F775FA2B7A26
:10ED300060F386132B722846BDE8F08108000200BC
:10ED40001EA8050821A80508042910B504460BD102
:10ED5000406808B9002010BD237A5B0601D5F9F799
:10ED600008FA00236360F5E716221A604FF0FF30BF
:10ED7000F1E7000013B5406803685A7C03EB820397
:10ED80000DF103011B6901221C6801ABA047431C64
:10ED9000014602D10198EFF73DFA10B90348EEF7AA
:10EDA00019FA9DF8030002B010BD00BF90EC0508F1
:10EDB000D0E90032934210B5044603D25A1C0260D7
:10EDC000187810BDC36843B190F829202AB980682B
:10EDD0009847002801DBC0B2F3E7012384F829300B
:10EDE0000020EEE743695A1E10B50446426123B97C
:10EDF000FFF7DEFF07232061636120694308236179
:10EE000000F0010010BD2DE9F0418046164671B1B9
:10EE1000012505FA01F700244046FFF7E3FF05FB53
:10EE200000446D00AF42F7D83019BDE8F0810C46C0
:10EE3000FAE72DE9F843002580460E460F4601F11A
:10EE40001E092C464046FFF7CDFF4F450ED000EB84
:10EE5000450037F8025F2B19451B05D504441034D3
:10EE600036F81400BDE8F8831C46EBE76FF00200AB
:10EE7000F8E700002DE9F04FD3B088460192052154
:10EE800040F201120646FFF7BEFF012205210746A8
:10EE90003046FFF7B8FF0422114681463046FFF79F
:10EEA000B2FF02AD82461322002128460BF044F83F
:10EEB000DFF8A8B00024544515D113222946404656
:10EEC000FFF7C0FE07EB090A0024544515D33A4664
:10EED00029464046FFF7B6FE01984A46E919FFF772
:10EEE000B1FE002011E0002203213046FFF78BFF26
:10EEF0001BF8012B0134A854DDE741463046FFF7EB
:10EF000098FF002804DA6FF0020053B0BDE8F08FDC
:10EF100011281AD012281DD0102812D1002CF2D09E
:10EF20002B19032213F801BC02213046FFF76BFFB7
:10EF300022185245E7D82C4428B104F801BB013807
:10EF4000FAE72855621C1446BFE7032211464FF02A
:10EF5000000BEAE70B220721F9E700BFF0390608AA
:10EF600070B5064604250020040A3046FFF720FF4E
:10EF7000013D44EA0060F7D170BD70B50646042536
:10EF800000243046FFF714FF013D40EA0424F8D185
:10EF9000204670BDF8B50446E36A013375D12046BA
:10EFA000FFF720FF0022206302212046FFF72BFFFE
:10EFB0000128E06240F0D5800023A4F84830A4F88E
:10EFC0004A30A4F84C30A4F84E30A4F85030A4F8DD
:10EFD0005230A4F854301823A4F856309823A4F8DB
:10EFE00058307023A4F85A3004F166024FF480734D
:10EFF00022F8023F01339BB2B3F58C7FF8D104F1C4
:10F000009602002322F8023F0133902BFAD14FF4ED
:10F010008C72A4F8B82140F21912A4F8BA214FF466
:10F020008D72A4F8BC2140F21B12A4F8BE214FF44B
:10F030008E72A4F8C02140F21D12A4F8C2214FF430
:10F040008F72A4F8C42140F21F12A4F8C62104F55F
:10F05000E37222F8023F01339BB2B3F5807FF8D10F
:10F0600000232022A4F8B222A4F8A832A4F8AA32DD
:10F07000A4F8AC32A4F8AE32A4F8B03204F2C6223E
:10F0800022F8023F0133202BFAD1E76A002F76D015
:10F09000013F012F70D8636B002B40D104F1480170
:10F0A0002046FFF7C6FE94F82930002B64D1FF28D4
:10F0B00040F38980B0F5807F00F0AA806FF4807300
:10F0C00018441C2858DC574D35F8202015F820101E
:10F0D000C2F3C80201F007012046FFF794FE04F5D1
:10F0E0002A7160632046FFF7A4FE1D2844DC05EB6F
:10F0F000800520466A886978C2F30E02C1F30311C5
:10F10000FFF781FEE36B002B74D0226C904200F27B
:10F110008580636C1B1A4ABFD218A363A263E16B9C
:10F12000E369A26B00296DD0581CE0618A5C1A70FB
:10F13000E36B5BB1626CA16B501C6064595C9954C9
:10F14000D4E910329A4204BF00236364A36B226C9B
:10F150000133934208BF0023A363636B013B6363E6
:10F1600041E0022891D104F52A7204F148012046B9
:10F17000FFF780FE002888D06FF00200F8BD606BBA
:10F18000D8B92046FFF714FE05462046FFF710FECB
:10F1900000B205EB00252046FFF70AFE0646204692
:10F1A000FFF706FE00B206EB002080F47F4080F0FF
:10F1B000FF008542E0D1681C67610138606338B3A5
:10F1C0002046FFF7F5FDE3695A1CE2611870E26B17
:10F1D0004AB1636C591C6164D054D4E910329A422C
:10F1E00001D100236364D4E907239A42FFF4D4AE2B
:10F1F0000020C3E7D4E906239B1A9842BCD84042BA
:10F20000A0638CE79A5C1A70E3690133E361A4E7B9
:10F21000236B002B3FF4C3AE0120AFE76FF0040077
:10F22000ACE700BF043A060838B505460C4604B9F9
:10F2300038BD2846013CFFF7BBFDF8E738B5054669
:10F24000FFF7B6FD04462846FFF7B2FD44EA00206A
:10F2500080B238BD70B50E460446FFF7A9FD0546DD
:10F260002046FFF7A5FD1F2D014639D18B2837D148
:10F270002046FFF79DFD082805D12046FFF798FDA1
:10F280001F28054602D96FF0020070BD06212046F6
:10F29000FFF7CAFF6B0706D52046FFF7CFFF0146F1
:10F2A0002046FFF7C1FF280704D52046FFF780FD61
:10F2B0000028FAD1E90604D52046FFF779FD002899
:10F2C000FAD1AA0702D52046FFF7B8FF022384F837
:10F2D00028304FF0FF3363620F2333600120D4E7FF
:10F2E0002BB201EB03231F22B3FBF2F2C2EB42125B
:10F2F000981AC8D105F08F03082BC4D18B06C2D44D
:10F300002D0908350123EDB284F828306362356099
:10F31000BBE7F0B51FFA82FC41F2B056120C4FF673
:10F32000F17411B94CEA0240F0BDB1420D4628BF5C
:10F33000354625F00F0707440346BB420ED105F0C2
:10F340000F001844834243D1BCFBF4F3491B04FB78
:10F3500013CCB2FBF4F304FB1322E2E71878604409
:10F3600093F801C00244844498786244604493F85E
:10F3700003C00244844418796244604493F805C091
:10F380000244844498796244604493F807C002447C
:10F390008444187A6244604493F809C00244844467
:10F3A000987A6244604493F80BC002448444187B0A
:10F3B0006244604493F80DC002448444987B6244E4
:10F3C000604493F80FC00244844462441033B4E7AD
:10F3D00013F8017BBC446244B4E7000010B50B4C49
:10F3E0000346014410468B4200D110BD13F8012B97
:10F3F000424002F00F0054F8200080EA121000F0A2
:10F400000F0254F8222082EA1010ECE7B039060807
:10F4100070B5C6690446FFF7BDFD051E13DB94F801
:10F420002830012B05D0022B0FD06B1E5D425D41B1
:10F4300009E0E169626A891B3046FFF76AFF012D26
:10F44000606216D00025284670BDE169626A891B9A
:10F450003046FFF7C3FF012D6062F3D12046FFF76E
:10F460007FFD636ADB4383420CD12046FFF778FDC2
:10F47000E9E72046FFF781FD636A834218BF6FF01A
:10F480000305E0E76FF00305DDE700002DE9F74332
:10F49000054640680E4617469846002856D0EC6848
:10F4A000002C35D10121F8F7DDFF4FF4A260E0F721
:10F4B000DFFE2146E8604FF4A16204300AF03CFD13
:10F4C000EB68DD60E8682D4B03612B7A80F80C4512
:10F4D000C3F3830403F00303012B2BD1002C08BFDB
:10F4E00008244FF0010909FA04F94846EC68E0F7EE
:10F4F000BFFE2060EC682268C4E9102900234FF0A9
:10F50000FF3184F82D30A36163632163A364A36397
:10F5100094F80C3583BB374426626762201DFFF7E1
:10F5200077FF012825D1EB6883F80C05EB68186A92
:10F53000801B10E001A90430FFF78CFE002805DBDA
:10F540002B7A03F00303022B08D158B11623C8F815
:10F5500000304FF0FF3003B0BDE8F083032B01D142
:10F560000128F3D1019B14B1A342A8BF23461C4636
:10F57000B7E70028DAD0E9E70020ECE775ED0308EB
:10F5800030B5048A856802FB0412847CD208042CFE
:10F5900018BFC943A85C01F00701003B4FF001040C
:10F5A00004FA01F418BF012320EA04008B40184339
:10F5B000A85430BD038A02FB0313827CDB08042AB3
:10F5C000826818BFC943D05C01F00701084100F010
:10F5D000010070472DE9F04F0A9C078A90F81290BD
:10F5E000FF08B4F1000E07FB02F218BF4FF0010E46
:10F5F0000B444FF0010A994201D1BDE8F08F8468B5
:10F60000DDF82480B9F1040F02EBD105254416BFC3
:10F61000CC4301F0070404F007040AFA04FB4FF09E
:10F62000000C0EFA04F4B8F1000F01D10131E2E749
:10F6300015F80C6026EA0B06264305F80C6008F165
:10F64000FF38BC44EFE730B5058AD40805FB041148
:10F65000856802F00702685C003B4FF0010404FA81
:10F6600002F418BF012320EA0400934018436854B1
:10F6700030BD30B58368058AD40805FB043302F039
:10F680000702585C104100F0010030BD2DE9F04345
:10F69000089C079FB4F1000C18BF4FF0010C1744F1
:10F6A0004FF0010EBA4201D1BDE8F083048AD508BB
:10F6B00004FB051584682C4402F007050EFA05F9D1
:10F6C00004EB03080CFA05F5444501D10132E9E7E2
:10F6D000267826EA09062E4304F8016BF4E710B5F4
:10F6E000048A02FB0411826822F8113010BD038ADB
:10F6F00002FB0311836833F81100704770B5068A66
:10F70000DDE9044502FB0611826802EB41026CB19F
:10F71000013C1946164602E026F8025B0139002931
:10F72000FAD1018A02EB4302C91AEEE770BD30B587
:10F73000048A856802FB041292084900A85C01F063
:10F74000060103248C4003F0030320EA04008B40ED
:10F750001843A85430BD038A02FB03139B08826838
:10F760004900D05C01F00601084100F00300704739
:10F770002DE9F843089F81460C469046CE18174461
:10F78000A6420CD9454606E02A46099B2146484632
:10F79000FFF7CDFF0135AF42F6D80134F0E7BDE801
:10F7A000F88310B5048A02FB041252088468A05C36
:10F7B000C90749BF20F00F0000F00F0003F00F034E
:10F7C000184358BF40EA0310A05410BD038A02FB3F
:10F7D00003135B088268D05CCB074CBF00F00F00BE
:10F7E0000009704710B5048A806802FB0400435486
:10F7F00010BD10B58368048A02FB0433585C10BD49
:10F8000030B4847C0C256C43024D2C59A44630BC8A
:10F81000604700BFA83C060830B4044B847C0C252C
:10F8200005FB043330BC5B68184700BFA83C0608E2
:10F83000F0B5059E002E2BDD002B29DD0B44002B9F
:10F8400026DD1644002E23DDC589954220DD8789FB
:10F850008F421DDD90F812C00E4C4FF00C0E0EFBC7
:10F860000C4422EAE272A468AE42D4BFC2EB060C9A
:10F87000C2EB050C21EAE171CDF814C0BB42D4BF44
:10F88000C1EB0303C1EB0703A446BDE8F0406047AA
:10F89000F0BD00BFA83C06082DE9F04F814685B0B9
:10F8A00008461446EFF774FB06462046EFF770FB58
:10F8B000002EB9F80C30074619DA72429A4212DA71
:10F8C000F3180193012302934FF0000B002FB9F8B6
:10F8D0000E4016DA7B42A34205DA3C444FF0010A9F
:10F8E0000025A54227D1062005B0BDE8F08F9E4235
:10F8F000F9DA03F1FF3B731E01934FF0FF330293DC
:10F90000E4E7A742EFDA651E4FF0FF3A7C1EE8E716
:10F91000A8EB0601039A4846FFF77EFF41460346DF
:10F920002A464846FFF76CFF029B9844019B4345DB
:10F93000EED15544D5E7EB1BD8460393F6E770B5F7
:10F9400004460D1F00EB820654F8040FEFF720FB6E
:10F95000B44245F8040FF7D170BD10B586B00C68FD
:10F960000846042202A9FFF7EAFF059B0193049BC6
:10F9700000932046DDE902120123FFF759FF06201C
:10F9800006B010BD10B586B00C680846042202A966
:10F99000FFF7D5FF059B0193012300932046DDE986
:10F9A00003230299FFF744FF062006B010BD10B5EF
:10F9B00088B00C680846052203A9FFF7C0FF079B23
:10F9C0000193069B00932046DDE904230399FFF78A
:10F9D0002FFF062008B010BD2DE9F0418046D1E987
:10F9E00000400F46EFF7D4FA0546B868EFF7D0FAB3
:10F9F000002D1DDBA389AB421ADD061E18DBE3894F
:10FA0000B34215DDB8F1030F09D13246294620462D
:10FA1000FFF702FF400040F00100BDE8F081F86808
:10FA2000EFF7B6FA3246034629462046FFF7E8FECE
:10FA30000620F2E737B504460846EFF7A9FAA27C9C
:10FA4000074B01900C2101FB0233E2890092002256
:10FA50009D68A38920461146A847062003B030BD03
:10FA6000A83C06082DE9F04F89B004464868029288
:10FA70008A461D46EFF78CFA8046DAF80800EFF761
:10FA800087FA8346DAF80C00EFF782FA042C01902B
:10FA900018D9DAF81000EFF77BFA044608F1FF32C4
:10FAA0004FF6FE739A42474609D80BF1FF369E4245
:10FAB000D94604D8B4F5803F01DA444504DA002081
:10FAC000EEF784F94446E9E7019A062A50D8DFE8C0
:10FAD00002F004534635353D51000BF1070929F07A
:10FAE0000709A9F1080601230393029BDAF8000035
:10FAF00043F0040205A9EFF77DFCA9EB0609039B7F
:10FB0000664307FB09665E43069BB3EBD60FD6D36D
:10FB100025B91A491420EFF74CF90546DAF80030F8
:10FB20006B60059BAB60019BA5F80C802846A5F88F
:10FB30000EB0AB742C8209B0BDE8F08F073408F129
:10FB4000070724F0070427F00707CCE7033408F180
:10FB5000030724F0030427F003070223C4E701345A
:10FB600008F1010724F0010427F001070423BBE793
:10FB70000348A5E70823B7E71023B5E7FC3C0608D0
:10FB800027A8050870B50C461D4611462046054AB3
:10FB9000EEF7E8FD294620460023BDE8704002222A
:10FBA000FFF760BF0A0008007FB50B688A68019301
:10FBB00003284B680293039288BFCB680593012208
:10FBC000049201AB002205210248FFF7DBFF07B0DA
:10FBD00000BD00BFFC3C060808B54068EFF70AFC12
:10FBE00080F00100C0B208BD2DE9F74F0546D1E90C
:10FBF00000A00C46F5F7C0FC8046A068EFF7C8F9F6
:10FC00000646E068EFF7C4F9042D834640D9206921
:10FC1000EFF7BEF9034608F1FF3813E0A4F1200224
:10FC2000602A28BF7F24203C1A4A24B2C6EBC404B1
:10FC300035461444002D0DDA013506F108029542CF
:10FC4000F8D12E4618F8014F002CE7D1062003B05A
:10FC5000BDE8F08FBAF80C20AA42EDDD14F805904B
:10FC60005F46B9F1000FE7D019F0010F0CD0002F5B
:10FC70000ADBBAF80E20BA4206DD3A46294650465B
:10FC80000193FFF7BDFD019B4FEA59090137E8E7F2
:10FC90000123C0E71C3D0608F8B51F46038A8468A7
:10FCA000069D02FB031106460C4405B9F8BD20462B
:10FCB00007993A460AF040F9338A013D1C44F4E7BB
:10FCC0002DE9F84F0B9D078A846805F00F0502FBAC
:10FCD000071205EB051A984604EB52045FFA8AFAFC
:10FCE000FF1A01F001060A9B0BB9BDE8F88F0A9BC9
:10FCF000013B0A93CEB9C1464FEA590B5A465146C9
:10FD000020460AF019F919F0010F04EB0B0209D093
:10FD100014F80B0000F00F0040EA051004F80B0087
:10FD200006B9013202EB5704DDE7B8F1000FE2D06B
:10FD3000237823F00F032B4304F8013B08F1FF392C
:10FD4000DAE72DE9F04F884689B000230D68079364
:10FD50008346052203A94046CDE90333CDE90533A7
:10FD6000FFF7EDFDBBF1060FDDE90346DDE905A96F
:10FD7000079F10D9D8F81800EFF74EFA58B1CDE91F
:10FD800000975346324621462846FFF751FD06208C
:10FD900009B0BDE8F08F4FF00108534632462146C6
:10FDA00028460197CDF80080FFF742FD06EB0902D7
:10FDB0005346013A21462846CDE90087FFF738FD32
:10FDC000434632462146CDE900972846FFF730FDED
:10FDD00004EB0A01CDE90097434632460139D3E7E7
:10FDE00008B50A460168007AF8F790FCBDE80840BB
:10FDF000EFF7CEB870B4039D65B10D1E0ADB86899E
:10FE0000AE4207DD151E05DBC489A54202DA70BCCF
:10FE1000FFF7F6BC70BC70472DE9F04F87B0154670
:10FE20000093009ADDE910A3561A002EAAEB0507ED
:10FE3000DABF8E1A4FF0FF384FF00108002FDABFFB
:10FE4000A5EB0A074FF0FF394FF00109BE420C46FF
:10FE50001DDB4A46C14690463A46374616462A4674
:10FE600014460D4600220192720002927A00C7EBFE
:10FE7000460603924FF0000B5F450ADC0122009911
:10FE80001092524607B0BDE8F04FFFF7B3BF012212
:10FE9000E9E7019ACAB1002C0FDB8289A2420CDD8E
:10FEA000002D0ADBC289AA4207DD05932A462146B6
:10FEB0000490FFF7A5FCDDE90403002E13DA029A93
:10FEC0004D4416440BF1010BD6E79542F5DB8289D0
:10FED000AA42F2DD002CF0DBC289A242EDDD0593DF
:10FEE00022462946E4E7039A4444B61AE5E710B5EA
:10FEF00088B00C680846052203A9FFF720FD079B80
:10FF00000193069B00932046DDE904230399FFF744
:10FF100083FF062008B010BD2DE9F04F87B01F46C3
:10FF2000129B144603F0040203F0010C03F0020BD1
:10FF3000039203F00802DB06DDE9109580460E46C9
:10FF4000049232D5BCF1000F07D001230093019534
:10FF5000FB18A4EB0902FFF76BFCBBF1000F09D003
:10FF6000012300930195FB18A4EB0902F11B404605
:10FF7000FFF75EFC039B4BB1012300930195FB1837
:10FF800004EB0902F11B4046FFF752FC049BA3B3AC
:10FF90000123109304EB0902FB18314640461195EA
:10FFA00007B0BDE8F04FFFF743BC01EB070AA4EB35
:10FFB0000902CDF800C02B4651460592FFF71AFF03
:10FFC000059ACDF800B02B46F11B4046FFF712FF13
:10FFD000039B009304EB09022B46F11B4046FFF7FD
:10FFE00009FF049B109304EB09022B46514640463F
:10FFF00007B0BDE8F04FFFF7FDBE07B0BDE8F08FDA
:020000040804EE
:100000002DE9F04F95B00B6807930F460023064685
:1000100005220FA93846CDE90F33CDE91233FFF79A
:100020008EFC0F9B0893109B0993DDE91243062E6B
:100030000A9320D9B869EFF7EFF8072E4FEA0015B9
:100040001AD0F869EEF7A4FF00F00F0040EA0503AC
:100050000593119B53EA040211D1059B03F00F0392
:100060000093DDE90701DDE90923FFF7C3FE062060
:1000700015B0BDE8F08F002545F00F03E8E703FB5E
:1000800003FA4FEA4A0206925D0004FB04F20026DE
:100090004FEA4208C5F101050B92554308FB03F9ED
:1000A0003746B346B14531DA069B65000026C5F1F7
:1000B00001050AFB05F504FB03F93746B3464E4537
:1000C000D5DC0B9B079806EB030A059B02930A9B62
:1000D0005744CDE90043DDE908125B46FFF71CFFFA
:1000E00005EB4703002B04F1FF32A3EB0703C4BF6A
:1000F00014461F46069A069BA9EB02022B440BF1FD
:10010000010B4644C4BF91461D46D8E706EB0A02E0
:100110000C92059A02920A9A07980D93CDE900B2C3
:10012000DDE90812FFF7F8FE069B1E440C9B1F44F6
:100130000D9B05EB4702002A03F1FF31A2EB0702FA
:10014000C4BF0B461746A9EB080105EB08020BF1EB
:10015000010BC4BF89461546A4E72DE9F04F91B0C5
:1001600002AF0B683B62814648680C46EEF710FF11
:100170007862A068EEF70CFF052207F12C01064615
:10018000E068EFF737F997F834103D6B0022402014
:10019000F8F74CFAB5EB400F4FEA400329D3B5FB13
:1001A000F3F82069EEF7F4FE4FEA4803B9F1050FC2
:1001B000F8613B6140F2E0806069EFF72DF80028BC
:1001C00000F0DA804FEA480303F1010A4FF00043E0
:1001D0004FF00109BB616FF00044CA450ED14FEAF0
:1001E000880808F1070828F00703FB60BB69A342F1
:1001F00014DA06203C37BD46BDE8F08F494607F1CA
:100200002C00FFF7EDFDBB698442A8BF044609F14D
:1002100002098342ACBFBB61B861DEE7FB68C7F887
:1002200014D00021ADEB030D07F12C00FFF7D8FD32
:100230000121824607F12C00FFF7D2FD3B6902AD98
:10024000814603F1FF3B4FF00008594607F12C00AF
:10025000C7F80490FFF7C4FD0BF1FF31814607F1A9
:100260002C00C7F808A0FFF7BBFD7A68BB684A45B9
:10027000ABF1020B824603D0944214DA4C4514DAF7
:100280004A451146B8BF4946A14226D14A4550DAEF
:1002900001230093796AFB6906EB09025144386A2D
:1002A000FFF7A8FD19E04C45EADAAAEB0301A4EB3D
:1002B000020C0CFB01F14901A9EB020291FBF2F2E5
:1002C00002EB431212F1100348BF02F12F0308F1B1
:1002D00001005B1145F828308046BBF1FF3FB4D1E7
:1002E000B8F1000F21D008F1FF3C002305EB830299
:1002F0009C4531DCA2194FF0000905F1040B4FF0C9
:10030000010AF86955F829105BF82930CDE900A0F9
:10031000786ABA605B1A0133014409F10209386A4C
:10032000FFF786FAC845BA68EBDC0134D7F814D079
:100330005CE7796A3244194403DD01230093FB69C9
:10034000ADE7FB69019306EB090300937B6A386A0A
:100350005344FFF761FDC0E7116852F8040F814272
:1003600008DD05EB830245F823005160002B18BF20
:10037000013BBBE70133BBE7002107F12C00FFF78E
:100380002FFD0121804607F12C00FFF729FD3B6975
:1003900081465C1E214607F12C00FFF721FDCB466C
:1003A000611E814607F12C00FFF71AFDFB690193DE
:1003B00006EB090300937B6A796AC2460344023C58
:1003C00080460BEB0602386A5144FFF725FD631C9B
:1003D000E0D10EE773B50D460E490646F7F7BDFCB2
:1003E000044628B10FCC0FC523682B6002B070BD46
:1003F000304601AA6946EEF773FE0098031F012BF1
:1004000002D92046EDF7E2FC01992B460122FFF7C5
:1004100029FBEBE7FC3C06082DE9F04F0E468DB0BA
:10042000D1F80080054602A97068FFF7D3FFB068D5
:10043000EEF7AEFD8246F068EEF7AAFD042D044605
:100440004FF0000936D8CDF824904FF0FF37B8F8B8
:100450000C6056452ADDB8F80E00A04226DDBDF836
:100460001450CAF10002AA4220DABDF816306142E7
:1004700099421BDA5544B5422AEAEA79234424EA30
:10048000E474A8BF35468342D4BF0093009000298E
:10049000ACBFC4EB010AC4F1000A002AACBFC9EB2F
:1004A000020BC9F1000B009B9C422DDB06200DB016
:1004B000BDE8F08F3069EEF76BFD052D0746CDF8EE
:1004C0002490C4D070690628C1D007A9FFF782FF25
:1004D000BDE7019A0BEB060102A8FFF79DF9099A07
:1004E00003462AB10146002207A8FFF795F9034603
:1004F0009F4204D0224631464046FFF781F901363B
:10050000AE42E6DB0134CEE70AEB04034E4601932C
:10051000F6E700002DE9F04FCBB00AAA01F1400543
:1005200014464B780E781B0443EA0663CE783343B7
:100530008E78043143EA06238D4244F8043BF0D11F
:100540001024916B16464FEAF14383EA714383EA24
:100550009123716A366852F8045F31440B444FEAC4
:10056000B54181EAF51181EAD50101340B44402CF3
:10057000D363E6D1036D0093436D0193836D0293C2
:10058000C36D0393036E0493436E0593836E0693CA
:10059000C36E0793DDE9067ADDE9041CDDE9025844
:1005A000DDE900462C4B08934FF0000E0DF12809B1
:1005B000089A52F8043B08924FEAF12282EAB112FB
:1005C00082EA7162099259F82E2003EB020B099A14
:1005D00027EA01035A4401EA0C0B83EA0B031A448D
:1005E000524486EA05034FEA743A06EA050B8AEAA2
:1005F000B40A23408AEAB45A83EA0B030EF1010ECF
:100600005344BEF1400F02EB080B1344A846BA4610
:100610001AD1009AD3180365019B1C19029B4465EB
:100620009E19039B86655D19049BC5655B44036643
:10063000059B5918069B416663448366079BDF1937
:10064000C7664BB0BDE8F08F674635468C462646F8
:1006500059461C46ACE700BF904006080023002224
:1006600003640023C0E912230B4B0C4A0C49DFF84A
:1006700040C0C0E914230B4BC0E916130A4BC0E974
:1006800018C30A4B836603F17453A3F52303A3F63F
:100690009243C366704700BF85AE67BB67E6096AD1
:1006A00072F36E3C3AF54FA58C68059BABD9831F5E
:1006B0007F520E5170B50C468D180026AC4200D109
:1006C00070BD036C14F8012BC2540133402B03643A
:1006D000F4D10146FFF71EFFD0E9123213F5007383
:1006E00042F10002C0E912320664E7E71FB5044692
:1006F0000846237913B10848EDF768FB01A90522E4
:10070000EEF778FE04F10800DDE90112FFF7D2FFF1
:10071000062004B010BD00BF2BA8050870B50D461B
:1007200004461146284602221E46EEF71BF82146D3
:100730007820EEF73EFB0023037104460830FFF7F4
:100740008DFF012D03D131682046FFF7CFFF2046F2
:1007500070BD70B5056C8022372D425504460E469B
:1007600000EB050337D800F1370200219A422FD160
:10077000D4E91223ED00AD1843F10003C4E912538C
:100780001BBA2DBAC4E90E3521462046FFF7C2FE3A
:10079000013E1823226DDA4006F8012F626DDA401F
:1007A0003271A26DDA403272E26DDA403273226E3B
:1007B000DA403274626EDA403275A26EDA40327616
:1007C000E26EDA40083B13F1080F3277E2D170BDD8
:1007D00003F8011FCAE7C0F101010020CA183F2A2F
:1007E00008D921462046FFF795FE3822002109F05E
:1007F000A3FBBDE703F8010FF0E700001FB5037985
:10080000044613B10948EDF7E1FA012303712021F1
:100810006846E0F747FD029904F10800FFF799FFE9
:100820006846F4F7AFFA04B010BD00BF2BA8050866
:1008300008B5830703D10268034B9A4202D00348EC
:10084000EDF79EFC08BD00BF04F2050837A80508B7
:100850002DE9F843C36853F82270054689461446CB
:100860004C454FEA840603D8EB689F51BDE8F883F6
:10087000013CEB686408394653F824800020424666
:10088000EDF7ACFA1E28EFD1EB6843F80680E7E7F6
:100890002DE9F047D0E902834C0053F821A005462A
:1008A0000E4601340F464445EB6808D343F827A0B1
:1008B0003A4631462846BDE8F047FFF7C9BF04F184
:1008C0000109C1450AD203EB840253F8241052688F
:1008D0000020EDF783FA0E2808BF4C46EB6853F86A
:1008E000242043F82720630027465C1CDBE738B54B
:1008F000FFF79EFF8468054664080CB9062038BDE2
:10090000013C21462846FFF7C3FFF6E738B5FFF75D
:100910008FFF83681BB90A490A48ECF75BFCC16882
:10092000013B0C6851F8235083600D60C2680021C0
:1009300042F823100BB1FFF7ABFF204638BD00BFD4
:10094000F7A7050824EC050870B505460E46FFF725
:100950006FFF044631462846F2F7A5F8A268204604
:10096000013A0021FFF774FF062070BD38B500F191
:100970000C0100F108034568044601220068A847FD
:100980000346A06808B1EDF745FC03B92373207B4B
:1009900038BD000030B58DB01D4603AB01931F4B31
:1009A0000093401B0C46012301EB8501EDF708FF86
:1009B0000398062814D11A4B06931A4B0793012D5E
:1009C0001DD104AA082108A8E0F77CFC04A821682E
:1009D0000322EEF70FFA08A8F4F7CEF90DB030BDF8
:1009E00008AA0221EEF79EFB089B1868F4F7C4FDE5
:1009F000089B06905868F4F7BFFD0790DFE70A4BA5
:100A00006068059302210490F7F72CFD04A8216883
:100A10000322EEF7EFF90620E0E700BFE041060809
:100A2000F6970508C8AB05084D8503080123FFF7B5
:100A3000B1BF0223FFF7AEBF2DE9F04F012191B006
:100A40000446F7F70FFD002503680593082108A861
:100A5000049406958DF81C50E0F716FC04A8CDE927
:100A60000E55FFF783FFDFF8F092DFF8F0A2DFF812
:100A7000F0822F462E469DF81C406CB104A8FFF76B
:100A800075FF5D2C7BD038D83A2C2CD81F2C06D87B
:100A90000A2C25D8082CEED8AE48EDF797F9A4F12A
:100AA0002002D2B20123934013EA0A0F40F0FD80E6
:100AB00013EA0803DFD1222CEED109939DF81C1014
:100AC0000029E9D0222940F0A08004A8FFF74EFFBA
:100AD000DDE90910F4F75CF904464FF0000B27E05C
:100AE0000D2CC8D0D8E75B2CD6D100210846F2F7F0
:100AF0006BFA04464FF0010B1AE0742C6DD039D814
:100B0000662C4CD06E2CC7D19DF81C30752BC3D1F0
:100B100004A8FFF72BFF6C28BED104A8FFF726FF1F
:100B20006C28B9D104A8FFF721FF4FF0000B062471
:100B3000002E40F0EF802046EEF748F90746BBF163
:100B4000000F40F0FD809DF81C00E1F7A5F800289B
:100B500040F014819DF81C30002B9DD1002C9BD0BF
:100B60000E9B002B98D108A8E0F7B8FB204611B0E7
:100B7000BDE8F08F7B2C00F0C9807D2C8CD1002E3D
:100B80008AD00E9B002B00F0FD80013B0F9A0E9344
:100B900052F823603046EEF719F907466BE79DF8E7
:100BA0001C30612B7FF478AF04A8FFF7DFFE6C28C0
:100BB0007FF472AF04A8FFF7D9FE73287FF46CAFFF
:100BC00004A8FFF7D3FE65287FF466AF04A8FFF7FB
:100BD000CDFE4FF0000B0E24AAE79DF81C30722BBF
:100BE0007FF45AAF04A8FFF7C1FE75287FF454AF15
:100BF00004A8FFF7BBFE65287FF44EAF04A8FFF7FB
:100C0000B5FE4FF0000B1E2492E75C290CD104A81E
:100C1000FFF7ACFE7528014606D86D2808D8622873
:100C20003FD0662808BF0C2108A8E0F7ABFB34E0F2
:100C3000A0F16E03072BF7D801A252F823F000BFF2
:100C4000610C0408290C0408290C0408290C040868
:100C5000A70C0408290C0408650C0408690C040896
:100C60000A21E1E70921DFE700244FF0040B04A883
:100C7000FFF77CFE40F02000A0F130035738DBB2D4
:100C8000C0B2092B88BF0346BBF1010B43EA041431
:100C9000EDD1214608A8E0F77CFB04A8FFF766FE2B
:100CA0000CE70821C0E70D21BEE7002309939B460E
:100CB000214608A8E0F766FB9DF81C402D2C18D0B3
:100CC00011D82B2C15D02046E0F7FAFF034680B947
:100CD000DDE90910BBF1000F12D000931A4603930F
:100CE000EBF744FDF8E604F0DF03452B05D14FF0A8
:100CF000010B04A8FFF73AFEDAE72E2CE3D1F6E762
:100D00005B460A22EBF7F2FB044611E70020EFF7FF
:100D100001FFEEE64F4515D121463046F1F7C3FEFF
:100D2000BBF1000F3FF4A7AE0F9B13BB01210CA832
:100D3000F2F700F80F9B1E602046EEF747F80746D3
:100D4000264698E675B9BBF1000F7FF4A5AE25469F
:100D500091E600BF41A8050804F205080020FF0342
:100D600001100004294622463046EFF7D7FF002540
:100D7000D6E731460CA8F1F796FEDDE704A8FFF7A9
:100D8000F5FDE0E63446DEE600B58DB0052201A9AA
:100D9000EEF730FB029BCDE90433019B0693012360
:100DA0008DF81C30054B089304AB099308A8002369
:100DB000CDE90A33FFF740FE0DB000BD44FB050846
:100DC00030BF062070470000024B1868400040F01A
:100DD0000100704728090020F0B5624995B005462A
:100DE000C87E4B7C0A7C0990887E0890487E0790DC
:100DF000087E0690C87D0590887D0490487D03900C
:100E0000087D0290C87C0190897C00915648574922
:100E1000E0F7F4FE0AF07AFB04460AF071FB224682
:100E2000034653495048E0F7E9FE0CF0CBFD044679
:100E30000CF0BCFE06460CF0BFFE07460CF0D4FEDC
:100E400033462246CDE900704A494748E0F7D6FECE
:100E5000494A4A494448E0F7D1FE494A494942488B
:100E6000E0F7CCFE484A49493F48E0F7C7FE484A08
:100E700048493D48E0F7C2FE474A48493A48E0F74A
:100E8000BDFE474A47493848E0F7B8FE464A474959
:100E90003548E0F7B3FE464A46493348E0F7AEFE30
:100EA000454A46493048E0F7A9FE454A45492E489B
:100EB000E0F7A4FE444A45492B48E0F79FFE444A28
:100EC00044492948E0F79AFE0DAB0CAA0BA90AA8E1
:100ED000E0F71AF90D9B01930C9B3F4900932248C0
:100EE000DDE90A23E0F78AFE0DA8DFF71DFC3B4988
:100EF0001D48E0F783FE0D9A39491B48E0F77EFE56
:100F0000DDE90E2337491848E0F778FE139B00937C
:100F100035491548DDE91123E0F770FE334BD3F86E
:100F2000A841A4B1D4E90012314809F069F8B0B978
:100F3000A4680DA904F1440005F07DFAB4F852202C
:100F40000D9B2C4908485A435202E0F757FE012DE9
:100F500002D10548DFF7D2FE062015B0F0BDE468E7
:100F6000DFE700BF007AFF1FE4D905084AA805089B
:100F700081A805089CA80508E48D0608B3A8050803
:100F8000EC8D0608BEA8050838040020CAA805088C
:100F900080040020D5A8050880040020E0A80508EA
:100FA000340F0020EAA80508F87F0120F4A80508FE
:100FB000F8BF012000A90508000000200CA90508C1
:100FC000340F00201BA90508F87F01202BA9050874
:100FD00000C0012039A9050846A905088EA9050801
:100FE00093A905089FA90508AAA90508800400205F
:100FF000BF6C0508BCA9050808B50FF077F900001B
:1010000001480C21F3F7F0BE107AFF1F2DE9F043E1
:10101000814685B08846D0B90CF0D4FCF1F7A6FA29
:1010200000900CF0C3FDF1F7A1FA01900CF0C4FDA3
:10103000F1F79CFA02900CF0D7FDF1F797FA6946A8
:1010400003900420F5F724FE05B0BDE8F08308689E
:10105000EDF79EFF051E2C4605EBD576B8BFEC1CC0
:10106000B9F1010F4FEAA4044FEA660620D0D8F880
:101070000400EDF78DFFB9F1020F07460CD0D8F848
:101080000800EDF785FFB9F1030F044604D0D8F846
:101090000C00EDF77DFF06463346224639462846CA
:1010A0000FF072F910F1160F04D10648ECF78EFE1E
:1010B0002F46F1E7002802DA03480EF0F7FB06207E
:1010C000C2E700BFD0A90508D4A9050807B538B103
:1010D0000023009302200B680193694613F0FAFD88
:1010E0000FF030FA062003B000BD07B538B1002379
:1010F000009302200B680193694613F0EBFD0FF09B
:101100004FFA0000114B5A6812F0020F104A0BD030
:10111000042111601A6842F008021A600D4A536FE8
:1011200043F08073536770470A4B5B6F13F0C04FF7
:1011300002D003231360F1E713F0206F01D00123E5
:10114000F8E713F0806318BF0223F3E70070004054
:101150002809002000380240014B00221A60704725
:101160002809002008B514F0ADF872B60021084631
:101170000FF0C6F808B5FFF7F5FF0000004870470C
:101180001005002007B50B4630B90C48022103B00A
:101190005DF804EBF3F7FCBD186801A9F4F75EFAFB
:1011A000019B022B02D00020ECF710FE034B0278CB
:1011B0001A7042785A70062003B000BD69040020FE
:1011C00013B50B4628B90D4802B0BDE81040F3F73F
:1011D00001BE01A91868F4F741FA019C202C0146D0
:1011E00002D90020ECF7F2FD2246044808F05AFE2E
:1011F000024A00230620135502B010BD4804002007
:1012000001480021F1F796BD10050020F8B50D4EFC
:101210000024D6F89830A34200D8F8BDD6F89C3008
:1012200053F824703846EDF7D1FD05463846EDF702
:10123000CDFD437C05EB83052B695B6803B19847C3
:101240000134E6E78004002008B5064BD3F8982067
:101250001AB905490548EBF7BDFFD3F89C3018686B
:1012600008BD00BF80040020E6A9050894EB05082E
:1012700030B585B0052201A9EEF7BCF8DDE9012300
:101280000020D118914204D1400040F0010005B087
:1012900030BD12F8015B082480EA050343F3000324
:1012A00023F0730383EA5000013CC0B24FEA5505B6
:1012B000F2D1E7E770B504460E46EFF3118510232F
:1012C00083F31288C388C2681B04936106200EF062
:1012D000E3FF16B1E368E2889A6136200EF0DCFF86
:1012E000E368E2889A610A200EF0D6FF85F3118840
:1012F00070BD70B50C4610F0FFFC06462046EDF7B9
:1013000047FE0825044604F001013046FFF7D2FFEE
:10131000013D4FEA6404F6D1062070BD38B50D4694
:1013200010F0EAFC04462846EDF732FE014620465E
:10133000FFF7C0FF062038BD38B5C368C2889A6180
:101340000446EFF31185102383F31288C388C26823
:101350001B04936106200EF09FFFE368E2889A6108
:1013600009200EF099FFE36822891B69C2F343123A
:1013700023FA02F485F3118837200EF08DFF04F074
:10138000010038BD70B510F0B7FC002506462C46AC
:101390003046FFF7D1FFA84001350443082DE4B2E1
:1013A000F6D1600040F0010070BD08B510F0A4FC5B
:1013B000FFF7C2FF400040F0010008BD70B510F01B
:1013C0009BFCC388C2681B04054693614FF4F07010
:1013D0000EF062FFEFF31186102383F31288EB689F
:1013E000EA889A6146200EF057FFEB681C692B894A
:1013F000C3F34313DC40E44304F0010486F3118893
:101400004FF4CD700EF048FF002C0CBF0E201E20B4
:1014100070BD0000004870479C45060838B5094B70
:10142000094DD3F8A8410CB9062038BDA06810F0CA
:10143000030205D10368AB4202D1114603F064F800
:10144000E468F0E780040020CC4E060808B5EDF70C
:10145000BDFC024BC31A5842584108BDE836060885
:1014600070B506460C46EDF7B1FC094DA84203D114
:101470000021304612F0FCFB2046EDF7A7FCA84205
:1014800005D120460121BDE8704012F0F1BB70BDCE
:10149000E836060800487047C0460608004870470E
:1014A000B04606080048704780460608F0B5114C63
:1014B000114D124E124F23782A683168386801FBAB
:1014C0000231014482EAB1724FEA717083EA122359
:1014D000434083F001033860DBB240F0020780EA4A
:1014E000904080EA4210237037602A6080EA43000F
:1014F000F0BD00BF2C0900206C0400207004002007
:101500007404002038B50546012404EA0503AB4203
:1015100005D3FFF7CBFF20408542FAD938BD6400E0
:1015200044F00104F1E710B52DED028B0C46EDF708
:1015300085FD2046B0EE408AEDF780FDFFF7B6FF4F
:10154000C0F3160040F07E5007EE100AF7EE007A66
:1015500030EE480A77EE677AA0EE278AB0EE480AA6
:10156000BDEC028BBDE81040EFF794BF38B50D46D7
:10157000EDF70EFD04462846EDF70AFD844208DC2F
:10158000001B0130FFF7BEFF2044BDE83840F0F7F4
:10159000EDBF0020ECF71AFCF8B5074608680E46C8
:1015A000EDF7F6FC012F054607D1002828DDFFF7EF
:1015B000A9FFBDE8F840F0F7D9BF7068EDF7E8FC87
:1015C000022F044606D185421ADA401BFFF79AFF24
:1015D0002844EEE7B068EDF7DBFC061E0BDD601B70
:1015E0003044013890FBF6F0002809DDFFF78AFF50
:1015F00000FB0650DDE703D0601B30440130F1E70B
:101600000020ECF7E3FB000008B510B108680628DD
:1016100002D10948ECF7DAFBEDF7C6FC074B18607E
:10162000074B45221A60074BE9221A60064B00223D
:101630001A70062008BD00BF41AA050874040020E6
:10164000700400206C0400202C09002010B5EDF778
:101650009FFC2028044602D90848ECF7B7FB58B194
:10166000FFF724FFC4F120044FF0FF33E34018409C
:10167000BDE81040F0F795BF012010BD49AA05084C
:1016800010B50446EDF778FEEDF782FC031E0ADD87
:10169000FFF738FFF0F76AFF042201462046BDE855
:1016A0001040EDF77BBE02480021EBF793FD00BF31
:1016B00024EC050808B5FFF7F9FEC0F3160040F06A
:1016C0007E5007EE900AB7EE000ABDE8084037EEFC
:1016D000C00AEFF7DFBE000070B5064608460D46AB
:1016E000EDF756FC041E02DB7368A34203DC0A48D4
:1016F0002946ECF76FFD06EBC404E5684DB1B06810
:10170000EDF764FB22692946521BBDE87040F3F7F0
:1017100073BB062070BD00BF24EC05084A68014970
:10172000E0F76CBA58AA05080A460149E0F766BA1C
:1017300067AA05082DE9F74F07460C4600921ABB29
:1017400001F10C05D4F800B0ECF7FEFF4FF00008F3
:101750005E46C2463B780BB1292B17D1BAF1000F78
:101760000DD02368A3EB0A03013B5AB29A4218BF7B
:1017700048F001085FFA88F80DB105F80A30B8F1B1
:10178000000F18BF002750E00025DBE73F2B00F0DB
:101790001C8113D8243BDAB20A2A17D822680A2BF4
:1017A00014D8DFE813F0C601130013001300BF00C4
:1017B00013003C0179011300130064005E2B00F05C
:1017C000AF8110D85B2B5CD05C2B2BD03A462668BF
:1017D000002D49D0731C23600123AB552368591C8D
:1017E0002160117839E07C2BF0D1BAF1000F00F0C4
:1017F00073812368A3EB0A03013B5AB29A4218BFD4
:1018000048F00108002D00F06A8105F80A302268CE
:101810000BF10200A2EB0B0205EB0B01284408F0D0
:1018200075FB5CE17B7823B90027384603B0BDE83F
:10183000F08F43F02001642907F1010203D043F047
:101840002403772BC3D1266875B1731C236005234D
:10185000AB552368591C21607978E95463680133DA
:1018600063601746013775E7B31C2360F6E7531C26
:10187000164623600DB10223AB54636801336360E5
:10188000F0E726687978721C5E2907F1010322606F
:1018900018D10DB10423AB550237236801332360FF
:1018A00063680133636000213B785D2B0FD14BB23D
:1018B0008B4218BF48F001085FFA88F8002DD1D09C
:1018C000A954CFE70DB10321A9551F46E5E75C2BCD
:1018D0001BD17B78781C43F02007642F10D107467A
:1018E00000232068DDB100F1010CC4F800C02B54C6
:1018F0002368581C20603878E85401370131D3E759
:1019000043F02407772FEAD00746002B8CD0787855
:101910002D28E6D1B8785D2818BF0237E1E70230FC
:101920002060EAE77B783F2B164631D1BB783A2B13
:101930002ED1002302379946781C009A0193214644
:10194000FFF7F8FE074600283FF46EAF0278292A19
:101950007FF46AAF019B002B84D02268531C236064
:101960000DB17E23AB5423684FEA49095A1C09F193
:10197000010922604FFA89F24A4518BF48F0010870
:101980005FFA88F8002D3FF478AF05F8039074E70C
:10199000A36803F10109531CC4F8089023600DB13A
:1019A0007E23AB542268531C23604FEA490359B28B
:1019B000994218BF48F001085FFA88F805B1AB54A6
:1019C0006368013363600123B6E72268B2423FF4E3
:1019D0002BAF2DB1B01C921BA919284408F096FA20
:1019E0002368023323607B783F2B13D10DB1622330
:1019F000AB55013723689B1B023B5AB29A4218BF72
:101A000048F001085FFA88F80DB12E4473706368DE
:101A1000013339E0002DEDD06123AB55EAE7B24246
:101A20003FF402AF2DB1B01C921BA919284408F055
:101A30006DFA2368023323600DB16022EA542168F5
:101A4000731A023B5AB2D21A18BF01220DB12944AF
:101A50004B702368023323607B783F2B17D10DB185
:101A60006223AB55013723689B1B023B59B2994255
:101A700018BF42F0010248EA02025FFA82F80DB193
:101A80002E4473706368023326686360EAE6002DB3
:101A9000E9D06123AB55E6E7B2423FF4C5AE7B78AF
:101AA0003F2B14D10DB16123AB5401372368F61AD3
:101AB000023E72B2B24218BF48F001085FFA88F8DD
:101AC0000DB12B445E70266802362660D5E6002DE7
:101AD000ECD06223AB54E9E7002D7FF498AE236885
:101AE000DA1C226015B12B4460229A70D4F800A051
:101AF0000AF10103236015B1612305F80B30236857
:101B0000A3EB0B03023B5AB29A4218BF48F00108FC
:101B10005FFA88F8002DB5D005EB0B025370B1E7E2
:101B20002268531C2360002D3FF471AF5023AB5447
:101B30006DE7531C2360002D3FF469AF5123F6E796
:101B40001FB50023CDE9023301220A2301A9019325
:101B5000FFF7F0FD10B1019805B000BD4FF0FF3068
:101B6000FAE7000010B5072204460423C4E9002365
:101B70000F4B0022C4E9022347F6FB630846238289
:101B8000A2742146FFF7D6FD08B9012010BD0078E8
:101B90000028FAD12368E1187E220A7301224A73D1
:101BA00062680333236002327F238B736260EDE748
:101BB0006203026038B50868F3F7DEFC0546FFF7FC
:101BC000BFFF431C02D10848ECF700F90749103069
:101BD000EDF7EFF8294604460430FFF7C3FF08B1DC
:101BE0000348F1E7204638BD6FAA050850480608AB
:101BF00078AA050810B503780A7843F02004642C0D
:101C0000C3F3401008D16FEA5313303A03F00103D5
:101C1000092A88BF184610BD732C0AD1202AFAD091
:101C20006FEA5313093A03F00103042A88BF1846E8
:101C3000F1E722F0200141391929ECD9A2F1300154
:101C40000929E8D96FEA531303F001035F2A18BF8B
:101C50001846E0E72DE9F04110F8017C0446FB1E30
:101C60005E4214F8025B88465E411DB9FE1E18BF35
:101C7000012611E014F8012C3AB941462046FFF73D
:101C8000B9FF48B9013D0234EFE798F800309A42B5
:101C9000F8D822789A42F5D33046BDE8F0812DE994
:101CA000F3470A9F81460D4690461E46ECF74CFDD1
:101CB00099F800304F2B11D8D8F80820AA4239D90A
:101CC00009F10104512B14D8052B0ED87BB1023B2E
:101CD000032B2AD8DFE803F03D32323F512B09F1C4
:101CE0000104EFD1D8F8083069E0502B65D0A14647
:101CF000DEE7622B3DD012D8602B35D0612BF6D1B8
:101D000009F1020A99F801400097334642462946F4
:101D10005046FFF7C4FF70B94AFA84F4E7E77E2B18
:101D200035D07F2BE3D1012005E02A7899F80130E6
:101D30009A4216D0002002B0BDE8F087294620461E
:101D4000FFF788FF0028F6D099F8013004EB430331
:101D50005C1C0135CBE729462046FFF74BFF0028E6
:101D6000E9D009F10204F4E799F9014002344C4446
:101D7000BDE799F90100009709F102043346424694
:101D800029462044FFF78BFF0028D4D1AFE709F1A3
:101D9000020499F80190B945A9DA56F829A046F845
:101DA000295033460097424629462046FFF777FFE1
:101DB0000028C0D146F829A0BDE7D8F80030AB42D2
:101DC000B8D194E710B4019C3CB111300193134693
:101DD00010BC0A464968FFF762BF0C30F6E7000006
:101DE0002DE9F0471568AB0786B080460F461646CA
:101DF00003D12A682B4B9A424CD031460120FFF781
:101E0000D9FE00240546706802A9F3F727FC029B5F
:101E1000CDE9030018440590DCB1022F19D9B06850
:101E2000EDF7B6F8029C049B8442A8BF20EAE07458
:101E30002344032F04930CD0F068EDF7A9F8029A1D
:101E4000824203DB84422246B8BF0246039B13440E
:101E50000593EF6801374FEA470A0AF10300800053
:101E6000DEF706FAFA00044600210C3008F064F8A8
:101E7000CDF80080534604F10C0203A9281DFFF79A
:101E8000A1FF48B92046DEF71BFA0624204606B01B
:101E9000BDE8F0870124B6E7034BC4E90037736857
:101EA000A360F3E750480608144806080A460146AE
:101EB0000120FFF795BF0A4601460020FFF790BFBB
:101EC0002DE9F04F89B0064602AFD1E900800C46FB
:101ED000ECF77CFF07F1080181466068F3F7BEFB71
:101EE000BB68D8F80C50C7E9030001351844022E2E
:101EF00078614FEA450533D9A068EDF749F8044603
:101F000000210846F1F760F8AB007B606B46A3EB5D
:101F100085039D4606460DF1080A7A680021504661
:101F200008F00AF800953969534607F10C0208F1E8
:101F30001000FFF7B4FEE0B1DAE900218A4218D0C0
:101F400039694846521AF2F757FF01463046F0F712
:101F5000AAFDD8F80C20002A04DD0D48ECF732F970
:101F60000024CDE7DAF804203A61002CD5DD013CED
:101F7000D3D1D7E904124846521AF2F73DFF014681
:101F80003046F0F790FD30461C37BD46BDE8F08F77
:101F900081AA05082DE9F04F8DB0D1F8008018F026
:101FA000030F02AF06460C4604D1D8F80020664B5A
:101FB0009A4204D021460120FFF7FCFD8046032E03
:101FC000D4E9019572D9E068ECF7E2FF064607F123
:101FD00008012846F3F742FBBB6803447B61D8F84D
:101FE0000C3001335A003A6000223A62DA001032B3
:101FF000ADEB020D554A049502ACC7E90300C4E9F4
:102000000023DB00834604F10C0A7B607A68002120
:10201000504607F091FF3B68009307F10C025346CE
:10202000594608F11000FFF73AFE30B3D4E9033205
:10203000934222D03A6A2AB9396907F11800591A2D
:10204000DFF722F93969E26807F11800521ADFF761
:1020500009F94846ECF738FF50B321464846EBF7FC
:10206000EFF9F3F789FA017821BBD4F810B0C7F87B
:1020700010B08E42CADD013EC8D13B6A8BB1D7E9B0
:10208000041207F11800521ADFF7ECF82846ECF7B3
:102090009DFE2F4B984207F1180052D1F2F76CFECB
:1020A000054628462C37BD46BDE8F08F00268EE752
:1020B0004846D6E75C2900F1010B3DD14378672BF8
:1020C00002D183783C2B23D000229BF80010A1F191
:1020D0003003092B2CD800234FF00A0E0EFB0313FC
:1020E00058461BF8011FA1F1300CBCF1090FA3F1F8
:1020F0003003F3D91AB13E2908BF00F1020B626820
:102100009A4209D85B00134843F00101ECF762F8EA
:1021100000F1030B0122D8E704EBC303D96829B10E
:102120001A6907F11800521ADFF79CF858469AE727
:102130005C29FBD10BF1010B07F11800DFF722F945
:10214000F4E7F2F71FFEABE750480608144806080C
:10215000DCFA050824EC050810B504460846EDF73E
:1021600031F802220146201DECF7ECFB062010BDE1
:102170002DE9F74F9DF830A00190884691461C4606
:1021800000254D4502D103B0BDE8F08F58F8250079
:10219000EDF718F8012201460198ECF7D3FB4768E8
:1021A00083468FB91020DEF763F8064658F82500FD
:1021B00030600421F6F756F98268F760C6E9012419
:1021C000CBF804600135DCE7BAF1000F01D0BB6841
:1021D0001C43BC60F6E7032837B50D680C460DD1EB
:1021E0008868ECF7D5FE034600220092281D0122E4
:1021F000211DFFF7BDFF062003B030BD0523F3E727
:1022000038B5044608461546ECF7DCFF00220146C7
:10221000201DECF797FB10B90220EBF7FBFF446899
:102220002846ECF7B5FEA060062038BD10B507497A
:102230001C20ECF7BEFD002104460430ECF74CFBFB
:1022400000232382A361204610BD00BFC4480608B6
:1022500050F83100042818BF002814BF01200020C6
:1022600070472DE9F74F82460C4691460DF0F2FF7C
:1022700083460120ECF782F80025A846DAF80430FE
:102280009D4211D30DF0E6FFB8F1000F3BD1B9F13B
:10229000FF3F35D0A0EB0B03994534D90BEB090375
:1022A000181AECF7CFF8E7E7DAF8083029461846AD
:1022B000FFF7CEFF10B303EBC50303215F6801AB4B
:1022C000D7E90006BA68B047411CF86002D101980E
:1022D000EBF7A0FF90B108F101087CB1C20742BF43
:1022E000236801332360430742BF6368013363609F
:1022F00030F005031EBFA3680133A3600135BDE7BD
:10230000ECF79BF8B8E7404603B0BDE8F08F00005B
:1023100070B50C468EB0054602AA206805A9ECF7F8
:10232000DFFE606803AA06A9ECF7DAFEA06804AA3B
:1023300007A9ECF7D5FE042D47D04FF0FF35DDE9B6
:1023400005131944079B0124194408A8ECF7C4FAA3
:102350002346059A0299009408A8FFF709FF069AF8
:1023600003990094042308A8FFF702FF1823079A93
:102370000499009408A8FFF7FBFE00242A4605A94B
:1023800008A8CDE906440594FFF76BFF21460598A0
:10239000F0F71AFE21460B900698F0F715FE21463D
:1023A0000C900798F0F710FECDE90644099D0D90BA
:1023B000059421468D421BD108A8ECF7A1FA0BA980
:1023C0000320F4F765FC0EB070BDE0680628B4D0B9
:1023D000ECF734FEB5EEC00AF1EE10FAADDBDFED3E
:1023E000197A20EE270AFCEEC07A17EE905AA6E77B
:1023F0000A9B1846FFF72CFF10B303EBC1035B6881
:10240000DA68D40707D50B98C4680598461C05966A
:102410001E6844F82060500707D50C98C4680698D9
:10242000461C06961E6844F8206032F0050207D06C
:102430000D9A1B68D068079A541C079440F8223004
:102440000131B7E700007A440128F8B50E68074665
:102450000D4616D9486806280ED14FF0FF34022FDA
:1024600013D0A868ECF794FD70612246301D00215E
:10247000BDE8F840FFF7F5BEECF78AFD041EEEDA82
:10248000EBE700204FF0FF34EEE70020ECE72DE90A
:10249000F3410E68FFF7D8FF0021F0F795FD002407
:1024A00005462746B368A34203D8284602B0BDE8D4
:1024B000F081F36821461846FFF7CAFE98B103EB96
:1024C000C4035A68D36873B15B001268D5F80C80F6
:1024D000009243F00103694602200193F4F7D8FB10
:1024E00048F8270001370134DCE770B50C680D4669
:1024F000A169064619B90220F4F7CAFBA061294672
:102500003046FFF7A1FF002320826382286870BD58
:10251000B0F9102038B5034642B1013AB0F91210B3
:10252000856802828D4203D800221A82002018E0BA
:102530005A8A01325A82DA681046FFF789FE88B15A
:1025400002EBC1025468E26862B198695B69216874
:102550008160520042F00102DB07C26001D5002316
:10256000A36038BD0131DDE70868704738B54568BC
:102570002DB18468646AA04740EAE07038BD4FF02E
:10258000FF30FBE738B545682DB18468246AA04761
:1025900040EAE07038BD4FF0FF30FBE704292DE939
:1025A000F041466804461F460AD126B18368DB68BD
:1025B000984700236360032323760020BDE8F08161
:1025C0005EB9032904D190F9183063B1032B0CD004
:1025D00016233B604FF0FF30F0E78468A46BA446FD
:1025E000BDE8F04160471420E8E72020E6E713B596
:1025F0000C68636813B96B20EBF70CFE01280CD94B
:102600004868ECF7C5FC20EAE071A36801AA5B69A1
:102610002046984718B10198EEE70221F5E701231B
:102620000620237602B010BD2DE9F0430C4695B08C
:10263000054669462068F3F711F880466068ECF7B4
:10264000A7FC022D074611D9A068ECF7A1FC032DC9
:102650000CD0E068ECF79CFC042D07D02069ECF767
:1026600097FC052D02D06069ECF792FC009B2BB320
:1026700002A8DDF7BDFD08BB2068012201A907F013
:102680001DFDDDF78BFD00210520F4F701FB052280
:10269000032302900125C0E902230A23C0E9045361
:1026A00004462A46394601A807F0F8FC02A9A061B1
:1026B0002846F0F789FC15B0BDE8F083DFF85490A8
:1026C0000024D9F89830A34203D810491048EAF7FB
:1026D00081FDD9F89C3053F824502846ECF776FB5E
:1026E00006462846ECF772FB437C06EB830633690B
:1026F0001E6846B1009A01AB41462846B047002803
:10270000C1D0EBF787FD0134DBE700BFE6A9050880
:1027100094EB0508800400201FB54B7BDA09C3F356
:102720008403039202938B89C3F3441301930B7BBD
:1027300003F01F0300930B69B1F90E200249DFF784
:102740005DFA05B000BD00BF99AA0508062913B5BA
:1027500004460FD00846ECF771FCDFED0D7A20EE51
:10276000270AFCEEC07A17EE901A63682BB96B202B
:10277000EBF750FD4FF0FF31F7E7A36801AA5B6B61
:102780002046984708B10198F2E7062002B010BD34
:1027900000007A4410B504460846ECF73DFD28B128
:1027A00006212046BDE81040FFF7D0BF0121F8E721
:1027B00030B543688DB0044613B96B20EBF72AFDA2
:1027C0000846ECF7E5FB014608A8DEF76BFD05AA15
:1027D000A368019204AA0092DD6ADDE9092103AB36
:1027E0002046A847431C01D10598E7E780B109902E
:1027F00008A8F2F7C7FA04990690012203A807F087
:102800004DFC06A907900220F4F742FA0DB030BD46
:102810000048F0E70CF8050870B5436886B0044638
:1028200013B96B20EBF7F6FC0846ECF7B1FB014659
:10283000054602A8DEF736FDA36804995E6A2A46BB
:1028400001AB2046B047431C01D10198EAE728B10B
:10285000039002A8F2F796FA06B070BD0048FBE7B5
:102860000CF8050830B5044685B06368084613B90E
:102870002020EBF7CFFC052201A9ECF7BBFD236973
:1028800023BBA368DDE901121D6A20466B46A847F9
:10289000421C01D10098ECE7029B834212D90B2025
:1028A000E7E7A36801991D6A20466B46A847431CC9
:1028B000F0D0029B1B1A0293019B03440193029ADE
:1028C000002AEED1EFF76DFE05B030BD0020F6E72F
:1028D00030B5044685B06368084613B92020EBF78D
:1028E00099FC052201A9ECF785FDA368DDE9011239
:1028F0001D6A20466B46A847431C01D10098EEE7AD
:10290000EFF74FFE05B030BD70B5436886B00546A1
:1029100013B91620EBF77EFC21491C20ECF74FFA87
:10292000297B037B61F304030373AB898189C3F3C0
:10293000441363F349118181697B1A4BC1F384010C
:1029400043EA8123C1680022C0E90122C1F30901E1
:102950000B43C3604FF0FF33C0E904320276AB682B
:1029600005AA009201469E69044604AB03AA2846C4
:10297000B047014608B10598CCE76B686360AB6867
:10298000A3600220F4F784F90499846005460122CB
:1029900003A807F083FBE860284606B070BD00BFBF
:1029A000184B06080000FFFF70B50D46284611467B
:1029B00006221E46EBF7D6FE15491C20ECF7FFF960
:1029C0000023C0E90133134BC3600446C5B130682E
:1029D000ECF7DEFA237B012D60F3040323730FD0A1
:1029E0007068ECF7D5FAA389022D60F34913A3812F
:1029F00006D0B068ECF7CCFA637B60F386036373B0
:102A000000234FF0FF32C4E904232376204670BD33
:102A1000184B06082200FFFF436837B50446B3B9D8
:102A20000846FEF711FC6060ECF7D0F905466068D7
:102A3000ECF7CCF9437C05EB830501A92B69A36076
:102A400020469B68984710B10198EBF7E3FB03B071
:102A500030BD00002DE9F0410D686B6886B00C4672
:102A600003AE23B9314628460393FFF7D5FF6068CC
:102A7000ECF78EFA8046A068ECF78AFA0746E06821
:102A8000C20705D4830714D10268184B9A4210D1AB
:102A9000ECF78AFA0422029002ABA968CDE900267D
:102AA00028460C6B3A464146A047D8B10398EBF74D
:102AB000B1FB0E28ECD01E28EAD0142F07D106282F
:102AC0000DD0ECF701FA10B1E3680422E5E7052226
:102AD000E0683146ECF78EFCDDE90332DDE70022E9
:102AE0001346DAE7062006B0BDE8F081DCF0050801
:102AF00073B5012204460846694607F01BFB694688
:102B000006462046FFF788FFA3683246DD6969461E
:102B100001AB2046A84710B10198EBF77BFB0223DD
:102B20000620237602B070BD73B501220446084624
:102B3000694607F0FFFA694606462046FFF76CFF34
:102B4000A36832461D69694601AB2046A84710B10B
:102B50000198EBF75FFB062002B070BD30B589B07D
:102B6000044615460846052205A9ECF743FC012258
:102B700003A9284607F0DEFA03A905462046FFF719
:102B80004BFF04AAA368CDE9005220469D6ADDE907
:102B9000051203ABA847431C02D10498EBF73AFB9C
:102BA000EFF7E4FC09B030BD401000F10050A0EB9D
:102BB000610020F0404000F16040400040F0010022
:102BC0007047000010B58CB010B10868062858D1C5
:102BD00011F016FF002204A92F480BF0E1F90022A2
:102BE00069462D480BF001FA9DF812309DF803005C
:102BF0008DF80A309DF800309DF801109DF80220F4
:102C0000BDF810408DF8061000F5FA60013BADF8F4
:102C100004008DF80720ADF808408DF80B3008F05F
:102C2000BFF9ADF80C00BDF80400EFF79FFC04906D
:102C30009DF80600EFF79AFC05909DF80700EFF766
:102C400095FC06909DF80800EFF790FC07909DF822
:102C50000900EFF78BFC08909DF80A00EFF786FC5F
:102C600009909DF80B00EFF781FC0A90BDF80C006D
:102C7000EFF77CFC04A90B900820F4F709F80CB0DE
:102C800010BDECF739F9054BC01801AA41F100015C
:102C900008F096F9C7E700BFA40E002080436D3806
:102CA0002DE9FF4103AA02A9ECF71AFA029B083B9F
:102CB000012B02D91848EBF763FA039B1868ECF76D
:102CC00067F9039B04465868ECF762F9039B0546D5
:102CD0009868ECF75DF9039B0646D868ECF758F95D
:102CE000039B07461869ECF753F9039B8046586924
:102CF000ECF74EF93B46CDE90080324629462046A6
:102D000008F020FA054BC01861F10001EFF71EFC36
:102D100004B0BDE8F08100BFD7AA050880BC92C707
:102D200008B512F0B9F8BDE80840EFF72ABC00007A
:102D300008B5ECF783F9DFED067A20EE270AFCEE02
:102D4000C07A17EE900A0DF053FA062008BD00BFB6
:102D500000007A4408B5ECF71BF9031E01DB0DF007
:102D600047FA062008BD08B5ECF712F9031E01DD8D
:102D70000DF092FA062008BD08B50DF06BFA034B72
:102D800003EA400040F0010008BD00BFFEFFFF7FE6
:102D900008B50DF065FA034B03EA400040F001006E
:102DA00008BD00BFFEFFFF7F10B5064C2368DB07A0
:102DB00001D40DF067F96368034800EA430040F06E
:102DC000010010BD001000E0FEFFFF7F00B589B0DC
:102DD00011F016FE03A9002210480BF0E1F802A939
:102DE00000220E480BF001F99DF80E309DF80B0003
:102DF00001939DF80D309DF80A2000939DF809106D
:102E00009DF80C3000F5FA6008F062F9044BC01828
:102E100061F10001EFF79AFB09B000BDA40E00209C
:102E200080BC92C710B504460846ECF7B1F800F133
:102E30000053013B6FF04042934203D305490648DB
:102E4000EAF7C8F9054B00EB640003EA400040F0E4
:102E5000010010BDE7AA050820ED0508FEFFFF7F71
:102E60001FB5052201A9ECF7C5FA0198EFF799FB08
:102E700005B000BD38B505460846EFF7B4FB04467B
:102E80002846EFF7B0FB01462046BDE83840ECF796
:102E900019BF38B50D46EFF7A6FB04462846EFF7F5
:102EA000A2FB01462046BDE83840F1F79DBF000077
:102EB00008B50148EBF764F9F8AA050808B50F282A
:102EC00043D8DFE800F0080D0F12151B21294242FC
:102ED000424242423139885C400040F0010008BD66
:102EE0008856F9E731F81200F6E731F91200F3E7F6
:102EF000BDE8084051F82200EFF753BBBDE8084099
:102F000051F82200EFF732BB01EBC201BDE80840E7
:102F1000D1E90001EFF735BB01EBC201BDE8084084
:102F2000D1E90001EFF712BB01EB820191ED000A3C
:102F3000BDE80840EEF7AEBA01EBC201D1E90001ED
:102F400013F0DEFA00EE100AF2E70020C7E70000F7
:102F500070B5054648680C46EDF73EFDC0B963689C
:102F60009A0707D00C4AA3680C492846BDE8704070
:102F7000DEF744BE19680A4A9142F3D19B689B0F61
:102F8000012B07D0074A0849022B18BF0A46EAE777
:102F9000064AE8E7064AE6E716AB050820AB05084F
:102FA00024FC0508CA6E05081CAB05080FAB050814
:102FB000F875050870B50E460446114630460D4AB0
:102FC0001D46EBF7CFFB21461020EBF7F2FE04463F
:102FD0002868EBF7E9FFA0606B686360032E4FF091
:102FE0000203E36003D1A868EBF7D2FFE06020465C
:102FF00070BD00BF0600040008280ED14B689A0778
:103000000BD11868064A904207D19B689B0F012B91
:1030100003D18B681868EFF7C4BA0020704700BF6F
:1030200024FC0508F0B51F46A0F10E03012B85B066
:1030300006460C46154616D80E2808D1384601EB30
:103040008204EBF7FBFF84ED000A05B0F0BD3846C3
:1030500001EBC204EBF7F2FF10EE100A13F0F8F9DF
:10306000C4E90001F1E73846EBF79EFF072EECD8E4
:10307000DFE806F00404060609090C0C6055E4E7D5
:1030800024F81500E1E744F82500DEE7054903AA26
:1030900004EBC5030092895D03933A463C20F5F7A3
:1030A00083FCD2E7884D060838B54368012B01D868
:1030B000FFF7FEFE8468A40F012C0AD0022C11D069
:1030C000002CF5D1022BF3D1BDE83840C06800F0E8
:1030D00023B8022BECD11368032B01D8042313600F
:1030E000042012E0022BC46810D1230F0E2B1EBF48
:1030F000C3F3410301209840136808BF04208342B2
:1031000000D21060C4F35A04604338BD032BCFD102
:10311000006900F001F8F5E72DE9F84F06460F4683
:103120009246EDF759FC00285AD1B0070AD132680F
:103130002F4B9A420BD1524639463046BDE8F84FE4
:10314000FFF7B2BFF10702D52A48EBF719F8FFF7EE
:10315000AFFEF36803EBC50253F83530D3B1042B4F
:1031600018D05068C2072BD54310000FA0F10802F9
:10317000052A1FD8C3F31002C0F3410009FA00F07A
:10318000DAF80030834238BFCAF8000013189C42B6
:1031900038BF1C460135B368AB42DAD8022F06D1DE
:1031A000DAF800305A1E22445B4203EA0204204649
:1031B000BDE8F88F0E2823F07842DDD10420DFE748
:1031C0008307C4D103684345C1D183685246394659
:1031D0004FEA630BFFF768FF2BF060430344D6E729
:1031E0000025DFF80C802C464FF00109D3E700BF23
:1031F00024FC05082FAB050837B50C6803460022F0
:1032000014F00300019219D12268114DAA4204D191
:103210002046ECF7B1F803B030BD0E4DAA420DD1F7
:10322000012B01D0EAF7ACFFE168646801AA2046EF
:10323000FFF772FF400040F00100ECE7022B04D1E1
:103240004868EBF7A5FE0146F0E70221EEE700BF74
:10325000FCE60508A44D060873B50C460546C16892
:103260004068002601AA0196FFF756FFAB68C4E943
:10327000003001233046A36002B070BD2DE9F04359
:10328000064685B0144672B3456815F0030203D1B3
:103290002868444B984202D04348EAF771FFAB6874
:1032A0009B0F022B4FEA61075DD1E868C0F35A0318
:1032B0009F4203DB3D493E48E9F78CFF6B68022BD8
:1032C00038D1D6E90215022D4FEA10700FD1042C27
:1032D00005D13A4605B0BDE8F043FFF7EFBD234600
:1032E0003A46FFF79FFE204605B0BDE8F0830E2862
:1032F0001DBF0123C0F341029340042303FB0712C7
:10330000042C2C49039203AB08D1002D095C0CBF9F
:103310003C203E20F5F7AFFA0446E4E7002D095CB7
:10332000009308BF3C20134618BF3E202246F5F705
:103330003BFBD8E7042C01D00024D4E7F1680392CA
:10334000286903AAFFF7E8FE1B4980461020EBF727
:1033500030FD2B694360B36808FB07330446836084
:10336000F368E360BFE7012BE6D1B368E868D3F800
:10337000008010F0010303D03A464146000FA9E750
:10338000F168039303AAFFF7C7FE0B49814610209B
:10339000EBF70FFD09FB0787EB6843600446876086
:1033A000DEE700BF24FC050851AB050856AB050855
:1033B00024EC0508884D0608A44D06082DE9F04FB9
:1033C000074685B040680D461446EDF705FB10B979
:1033D0007248EAF7D5FEE900786841F00201EDF79E
:1033E00081FBC207064640F1A2804FEA10784CF2FA
:1033F000FF0323FA08F3DB074FEA600AC0F35A0120
:10340000D7E9020218D4CAF3100A022AC1F3444BC6
:103410004FEAA15500EB0A033DD0003A4FF0010CF2
:10342000C6F3417018BF012208F001010CFA00F048
:10343000F5F704FA814636E0022A014410D134B986
:103440002246404605B0BDE8F04FFFF737BD2346A2
:1034500000224046FFF7E6FD204605B0BDE8F08FAC
:103460004F48039103AB54B9A2420A4610F8081022
:103470000CBF3C203E20F5F7FEF90446ECE7002A9D
:10348000009322460B4610F808100CBF3C203E204B
:10349000F5F78AFAE0E708F00603022B10D0042BB8
:1034A00011D010F80A90012202FA05F5013D6CB91D
:1034B00029FA0BF0284005B0BDE8F04FEFF756B8F9
:1034C00030F80A90EFE750F80A90ECE72046EBF767
:1034D0005FFD00EA050305FA0BF529EA0509D7E9BE
:1034E000025003FA0BF3022843EA090305EB0A0131
:1034F0004FF0010210D108F00608B8F1020F05D014
:10350000B8F1040F05D005F80A30A5E725F80A3010
:10351000A2E745F80A309FE7451EC6F341766842A8
:103520006841B24000901046F5F710FA94E783071F
:1035300003D102681B4B9A4201D0FFF7B9FC002C63
:10354000FBD18568AB0F012BC5F35C051FD0022BA7
:103550000ED0002B80D114491020EBF72AFCF36821
:1035600043600446BB682B44A360FB68E36073E7D9
:103570004368022B0BD1C3681B0F08D1F96803AA5B
:10358000FFF792FDB9682944ECF79CFB75E7064903
:103590001020EBF70EFC04464660E3E75DAB050840
:1035A000884D060824FC0508A44D060810B51446ED
:1035B00012681AB9FFF702FF206010BD6268FFF7BA
:1035C000FDFE0028F9D000232360F6E70228F8B5B5
:1035D0000E4607D14868EBF7DBFC022803D90F48F9
:1035E000EAF7F4FB00200E4F00F12A0407EB8403F6
:1035F00030689D68002D08BF062506280CD00721DD
:10360000F4F730FF336807EB84072846BB60316866
:10361000FDF726FF2846F8BD0023F4E767AB050851
:103620008004002030B50E4B2A3003EB800393B0AA
:1036300015460C489C6800229A60DEF7DFFA1DB13F
:1036400008482946EBF7FCFB44B16846DCF7D0FD9F
:1036500020B92046F4F78DFDDCF7A0FD13B030BD96
:1036600080040020E4D905082DE9F04F0025DFF89B
:10367000788095B007462E46A94658F804AFBAF1AF
:10368000000F1AD0DAF80030CDF804905A7C03EB22
:1036900082035046D3F810B0FDF7D8FE044698B127
:1036A000DBF8084001AB3A4603215046A0470446E8
:1036B000631C02D02643B74202D00135032DDCD172
:1036C000304615B0BDE8F08F02A8DCF791FD002868
:1036D000F0D1DBF8084001AB3A4603215046A04741
:1036E0000446DCF75BFDE3E72C05002070B52B4DAD
:1036F00094B0002455F8040F002836D0FDF7A6FE3C
:1037000098B128680023029303685A7C03EB820374
:1037100001A91B6901221E6802ABB047029B23BBB3
:1037200018B39DF8040014B070BD02A8DCF760FD6A
:1037300080BB286803685A7C03EB820369461B69D7
:1037400001221E6801ABB047064638B9DCF726FDFA
:10375000134932462046FFF765FF06E001360CD1DB
:1037600001980B2807D1DCF719FD0134032CC1D1D6
:103770004FF0FF30D7E7EAF74DFDDCF70FFD094BBF
:103780009DF800001B688342CDD113F0D5F86FF08F
:103790000100C8E7039A0449DCE700BF2C050020BC
:1037A00072AB05087804002097AB05082DE9F04FAF
:1037B0000026274F93B0814688460C463546B246D0
:1037C00057F8040FA0B1FDF741FE0546D8B138689F
:1037D000CDF800A003685A7C03EB820349461B69BD
:1037E0004246D3F804B06B46D8478442A8BF04468B
:1037F0000136032EE4D1002D14BF20464FF0FF30D8
:1038000013B0BDE8F08F6846DCF7F2FCB8B9386851
:10381000022342464946F4F743FE06280DD04310E2
:1038200023EAE373A342A8BF234610F0010F18BF99
:103830001C46DCF7B3FC0125DAE72C46F9E7019AD0
:1038400004493046FFF7EEFE01250024D0E700BF13
:103850002C050020CBAB050830B5012885B01446F7
:103860001D4602D11320EAF7D5FC08B90120FAE77A
:1038700080686A46E9F73EFE25B1A200294602A803
:1038800006F010FB6A4600212046E9F7E2FD05B08C
:1038900030BD000000F00703022B2DE9F743064678
:1038A00011D083070BD000251D4FDDF80480D7F819
:1038B000A84107F5D47964B91620EAF7ABFC026891
:1038C000184B9A42EFD101A93046F1F7C7FE0546E1
:1038D000EAE7EDB1636843451AD1216842462846BC
:1038E00006F052FBA0B9E368C9F80030D7F8A4315C
:1038F0009C4202D10023C7F8A43100231A4640F2AB
:10390000F4412046FFF7A8FF062003B0BDE8F0838E
:10391000A368B342E7D004F10C09E468CBE700BF29
:1039200080040020DCFA050830B51B4CD4F8A40153
:1039300085B078B300231A4640F2C531FFF78CFFFB
:10394000D4F8A4215268012A034620D0F1F714FECE
:10395000054606F02FFBD4F8A4315B680133191833
:103960006846DDF791FCD4F8A4316846D3E900122B
:10397000DDF778FC2B782F2B01D16B781BB1294612
:103980006846DDF741FD6846F1F7E0F90346184661
:1039900005B030BD3223FAE78004002073B5417BC7
:1039A0008468054629B1204602B0BDE87040E9F7B9
:1039B00035BF8CB16268E3688360012A0FD132237E
:1039C0004273019340F2DE3101AB2046FFF744FF22
:1039D000A860E9F723FF0446204602B070BD03202B
:1039E000F3F756F9D4E900120646094B287B094C37
:1039F000013A00280CBF204618460131F1F7FCF9C6
:103A000048F201020123C6E90323B0603446E3E72C
:103A1000DCFA0508ACFA05082DE9F04103782F2BF4
:103A200006460F4605D0174BD3F8A4418CB9A046E3
:103A300002E001364FF001083478CCB1114BD3F8D5
:103A4000A8410CB9012413E06568013D03D1A6EB40
:103A500008063E600CE021682A460131304606F037
:103A6000CFFA60B9735D2F2B06EB050203D13A60E4
:103A70002046BDE8F08113B9034B3B60F8E7E468EA
:103A8000DFE700BF80040020729E050870B58AB091
:103A9000D8B90146EFF798FA324BD3F8A84105465A
:103AA00014B928460AB070BDA3680693D4E9000192
:103AB000F1F76EF906A907900220F3F7E9F801463D
:103AC0002846EEF7F0FFE468EAE706AB0193264BE1
:103AD00000930423EAF774FE02A90798F1F7BEFDEC
:103AE000069D04AA064640F235412846E9F70EFB3A
:103AF000049A4AB91D480395037A00EB8303012118
:103B00001C6903ABA04705461020DCF7B1FB029B04
:103B10000660C0E901350023022240F23541C3604E
:103B200008AB0446FFF798FE0798F1F725FD03A9B7
:103B3000FFF772FF012813D96368012B02D0436895
:103B4000012B0DD00120EAF765FB02F10C031A6886
:103B50001AB151680129F8D1E2601C600625A0E77E
:103B6000034BF4E780040020344E0608CC4E0608D0
:103B700028060020F7B50E460546F1F7FDFC01A921
:103B8000FFF74AFF012804460FD92846EBF71EF934
:103B90000746019806F00EFA019902463846F1F7F9
:103BA0002BF93060204603B0F0BD0020F9E700009B
:103BB00010B586B002AC084B009301940423EAF7D9
:103BC000FFFD21460298FFF7D5FF2346022276210A
:103BD000FFF742FE06B010BD144E060837B5694621
:103BE000FFF7C8FF0D4C0546A0B9D4F8A80120B9CD
:103BF0000620C4F8A45103B030BD4268012A07D1A1
:103C00003223019301AB4FF45871FFF725FEEFE724
:103C1000C068ECE76B460122F5E700BF8004002096
:103C200073B501280CBF0D680A2501A92846FFF7C6
:103C3000A1FF0646B0B90F491020EBF7BAF80E4BBA
:103C400043600E4BD3F8A831836004462846EBF757
:103C5000BDF80B4B6673C31A584258412073204677
:103C600002B070BD01AB012240F2DE31FFF7F4FD7E
:103C70000446F4E73CF405089D390408800400205C
:103C8000DCFA050838B5FFF7CBFF002105460846EA
:103C9000EFF79AF904462846E9F7C0FD08B920462F
:103CA00038BD04220121EBF779FB01462046EEF7EF
:103CB000FAFEF0E713B501A9FFF75CFF044610B95F
:103CC0001120EAF7A7FA012807D00198F1F754FC70
:103CD000064906F07DF90028F2D001AB012240F23E
:103CE0002C412046FFF7B8FD02B010BD729E0508BA
:103CF00007B501A9FFF73EFF01AB01228021FFF7C5
:103D0000ABFD03B000BD37B50D466946FFF732FF86
:103D100001A904462846FFF72DFF844202D0012066
:103D2000EAF778FA6B46022240F29741FFF794FDDA
:103D300003B030BD07B501A9FFF71CFF01AB01229D
:103D400040F29D41FFF788FD03B000BD07B501A912
:103D5000FFF710FF014680B90A20F2F799FF0346EA
:103D600048F2010243F8082F012100F12C0243F828
:103D7000041F9342FBD103B000BD01AB01224FF4FD
:103D80009961FFF769FDF6E707B501A9FFF7F2FEB4
:103D9000D8B9114BD3F8A80180B901460A20F2F72F
:103DA00077FF0121031D00F1280243F8041F93420D
:103DB000FBD140F20113C36203B000BD4368012B85
:103DC00001D0C068E8E73223019301AB012240F241
:103DD000CA41FFF741FDEFE78004002030B597B0FE
:103DE00001A9FFF719FE0128054631D98068EAF7D5
:103DF000EDFF447C019944B100EB8403A8681B6982
:103E00001B6817B0BDE8304018470846F0F7E2FFDE
:103E1000029004A8DCF7ECF9B8B902AB01224FF428
:103E200099612846FFF718FD0446DCF7B7F92046EC
:103E300003AA0A21EBF776F9039B1868EBF7A8F8B9
:103E400010F4804F0CBF02240124204617B030BD6F
:103E50000024FAE770B596B06FF00403064604A894
:103E60000D460193DCF7C4F9044678B9104A02A95B
:103E70000220CDE90265FFF709FE2846FFF7AEFEF6
:103E80000194DCF78BF9019816B070BD059C0949C7
:103E90002068F3F7C3FE0028F5D02046EDF7F2F8CE
:103EA00001A9EBF74DF8019B5B420193EBE700BFE3
:103EB0003CEA050894EB05081FB5114C0094490035
:103EC000520041F0010142F00102C224816002610E
:103ED000CDE90143C0F80CD0069B039302460021B4
:103EE0000798E9F7B6FA062807D0EBF751F800284B
:103EF000C8BF6FF0150004B010BD0020FBE700BF85
:103F0000B8E6050870B50D46044600F1080240F217
:103F100085412846E9F7EEFA04F11C0240F21251FD
:103F20002846E9F7F3F804F1300240F2EB31284675
:103F3000E9F7ECF8236B23B1238843F004032380D3
:103F400070BD04F13002284640F2D741E9F7DEF8AF
:103F500004F1380228464A21BDE87040E9F7CABAA0
:103F600073B5048814F0010406D00469184623468A
:103F700002B0BDE87040184745680226CDE900361A
:103F8000083005FB02F32246FFF796FF02B070BD32
:103F900073B5C4691546B4B1048814F0010406D0A1
:103FA000446A1846234602B0BDE87040184742688C
:103FB0000226CDE900361C3002FB05F32246FFF74E
:103FC0007BFF02B070BD6FF01D00FAE708B50B462D
:103FD000018811F004010FD05B00520042F0010291
:103FE00043F00103C263836300F130020021022029
:103FF000BDE80840E9F72DBA032B03D0042B0AD003
:10400000062008BD036B002BFAD000F130020846F1
:10401000E9F71FFAF4E700F138020846E8E706205E
:104020007047000030B50446ADF5037D08461546DF
:10403000EBF7F2F808B100232362A3881B0714D51D
:104040002846EBF7E9F870B14FF4007300930022B3
:1040500002AB092104F1440002F04EFC28B1074BE9
:10406000185CEAF7D7F80D20F9E7A388062023F0BB
:104070000803A3800DF5037D30BD00BFB4500608D2
:1040800013B5044601A9443002F0D5F9014618B130
:10409000114B185CEAF7BEF80A20F2F7F9FDB4F804
:1040A00052309B0243F00103C0E90233636E023BCE
:1040B0005B0043F001030361019B5B0043F00103DC
:1040C000C0E905330123C0E90733C0E9093340F2F1
:1040D000FF13C36202B010BDB450060810B5C6B0DD
:1040E0006A46443002F082F940B99DF8083013F076
:1040F000100F0CBF0220012046B010BD0020FBE7CE
:104100002DE9F0410446C8B00846F1F735FA0378C6
:10411000014623B12F2B54D14378002B51D1029368
:1041200042F62103039310238DF8103000210A205A
:10413000F2F7AEFD9DF81030BDF80C10264E13F0CE
:10414000100FBDF80E3003F01F024FEA4202044682
:1041500001924FEA5120C3F345120CBF4FF40048BF
:104160004FF480480092DB0A01F01F0200F2BC709D
:10417000C1F3431106F0ACFF4FEA480343F00103DB
:10418000A36001238619C4E90333C4E90533E3615D
:10419000029861F10007EEF704FA394620623046D2
:1041A000EEF7D4F9394660623046EEF7CFF939467A
:1041B000A0623046EEF7CAF9E062204648B0BDE89A
:1041C000F08102AA04F1440002F010F90028ADD0F9
:1041D000024B185CEAF71EF880BC92C7B450060880
:1041E00000B5A3B0812201A9443001F06EFF18B1DF
:1041F000044B185CEAF70EF801A8F0F7EBFD23B0CA
:1042000000BD00BFB450060810B504460846F1F7DB
:10421000B3F9014604F1440001F02AFF18B1034B41
:10422000185CE9F7F7FF062010BD00BFB450060880
:1042300010B504460846F1F79FF9014604F1440021
:1042400002F0AFF918B1034B185CE9F7E3FF062061
:1042500010BD00BFB45006080228F8B50F680C4620
:1042600020D14868124EEAF7B1FD861B606818BF7E
:104270000126F1F781F905460E494020EAF79FFD36
:104280000D4B43600D4B83600446067300F1100133
:104290002A4607F1440002F041F830B1084B185C9F
:1042A000E9F7B8FF074D0126E6E72046F8BD00BF55
:1042B000ACFA050800F40508D5420408C942040810
:1042C000B4500608D7AC050808B5103002F059F80C
:1042D000062008BD70B5C6B069460646103002F02B
:1042E00059F8014640BB9DF816302BB30420F2F775
:1042F000CFFC337B04460DF11600ABB1F0F76AFD3D
:10430000A0609DF80830009813F0100F48F20103E8
:1043100008BF4FF00113E36001232361EEF741F979
:104320006061204646B070BD05F044FE01460DF1C7
:104330001600F0F759FDE3E706F1100002F021F84E
:104340000024EEE738B50446084611464FF0021245
:104350001D46EAF707FA21464FF42070EAF729FDD7
:104360000223838040644FF400738360296804460D
:104370000430FFF7C7FD04F1440001F005FC0D28EF
:1043800005D1A38843F00803A380204638BD002848
:10439000FBD0024B185CE9F73DFF00BFB4500608A4
:1043A00030B5ADF5057D03AB002218600121124840
:1043B000FFF7C8FF4FF4007500F14404009504AB0B
:1043C00000220921204602F097FA0E2806D1009516
:1043D00004AB00220221204602F08EFA18B1074BEE
:1043E000185CE9F717FF0649204602F001FA06209B
:1043F0000DF5057D30BD00BFCC4E0608B450060853
:1044000000AC0508F0B500F14404C7B008461546F5
:10441000F1F7B2F86A4606460146204601F0E6FF8B
:1044200018B10B4B185CE9F7F5FE9DF8083003F066
:104430001003AB4207D13146204602F057F800285E
:10444000EFD147B0F0BD002D0CBF15201420EAE7D6
:10445000B450060808B51022FFF7D4FF062008BDA7
:1044600008B50022FFF7CEFF062008BD2DE9F04178
:10447000074608469046F1F77FF805464046F1F7B3
:104480007BF829460246064607F1440002F015F97A
:1044900008280AD1002241463846FFF7B3FF3246CA
:1044A000294607F1440002F008F918B1034B185CE3
:1044B000E9F7B0FE0620BDE8F08100BFB450060861
:1044C00010B50C4611461A4638B123460430FFF7A2
:1044D00047FD003818BF012010BD0420FCE710B5CF
:1044E0000C4611461A4650B123460430FFF750FDE2
:1044F00010F11E0F05D0003818BF012010BD042098
:10450000FCE70220FAE7000070B506460C461546A7
:1045100010B90424204670BD294A01F00703D15C7C
:10452000002935D000220430FFF750FD062CF0D8CA
:1045300001A353F824F000BF1545040857450408AB
:1045400061450408714504081345040877450408CB
:10455000774504080620EAF71BFD28600024D9E708
:10456000062829D0EAF714FD80B22880B060F5E76C
:1045700001232B60F2E7062801D0400806D1336AF8
:10458000B3FA83F35B099B002B70E7E70123FBE79A
:10459000062CBED801A353F824F000BF154504082B
:1045A00055450408B9450408714504081345040835
:1045B0007F4504087F4504084FF40070D5E700BF2D
:1045C000D44F0608022970B5044615461E4613D17D
:1045D0005368012B0AD0022B0CD01BB91168201D87
:1045E00001F011FEA3692B60002070BD81692B686A
:1045F0001944F4E70169FAE701290AD1043001F00E
:10460000EDFC0028F0D0084B1B5C33604FF0FF300E
:10461000EBE7042906D14368002BE5D0043001F014
:1046200018FDEEE71623F0E7B450060837B51D462F
:10463000043001AB144601F016FC38B1064B1B5C8C
:104640002B604FF0FF34204603B030BD019BA342E6
:10465000F9D01C23F4E700BFB450060813B51C467C
:10466000043001AB01F066FB30B1044B1B5C2360EE
:104670004FF0FF3002B010BD0198FBE7B4500608C0
:1046800070B5054608460C46EAF7ACFB23460246E1
:1046900002492846BDE87040DDF7B0BA09AC05080C
:1046A000F8B5064610460F46F0F766FF00240138BD
:1046B0002A4909E0782B07D8712B21D8612B3CD0EF
:1046C000622B40D02B2B3BD010F8013F002BF1D1B7
:1046D0002C20EAF774FB05463846F0F74DFF2F1DF6
:1046E0000246E3B206F14400394601F051FA0646AB
:1046F00058B32846DBF7E4FD194B985DE9F78AFDCE
:10470000723B062BE0D801A252F823F02947040897
:10471000C9460408B1460408C9460408C946040845
:104720002F4704083547040844F00104CCE744F05F
:104730000A04C9E744F00604C6E744F01204C3E7DC
:1047400044F00304C0E70749BEE7E30603D529693F
:10475000384601F058FD2846F8BD00BFE44F060872
:10476000B45006081450060810B504460068F3F764
:1047700000FD2046BDE81040DBF7A2BD1FB5037960
:1047800042799342044617D38379934203D94FF079
:10479000FF3004B010BDE9F74DFE01230093A2796C
:1047A000206803ABE11DF3F724FD039BC0B26071E9
:1047B000002BECD10028EAD05A1C22711C44E0796D
:1047C000E7E70000F0B5C90087B041F0020142F20E
:1047D000C2331D4A0491064604A902200593FFF73F
:1047E000E7F901210746F3F73DFE002284680392B2
:1047F00003AB0B213846A047431E033319D80928C1
:1048000038BF0920FF2828BFFF200446E01DDBF742
:104810002FFD01230760847105460093C11D03AB82
:1048200022463846F3F7E5FC6871039818B1E9F7BA
:10483000F1FC1924EAE7054B28717360044B3560DD
:10484000B36007B0F0BD00BF3CEA05087D4704082F
:104850006947040810B403685A7C03EB8203012102
:104860001B691C680023A4461A4610BC604710B49C
:1048700003680A46597C03EB810302211B691C680B
:104880000023A44610BC604738B5436804469A42EA
:1048900028BF1A460068154605F004FB23682B4420
:1048A000236063685B1B636038BD00000FB407B50D
:1048B00004AA054852F8041B0192DCF7F1FF03B08B
:1048C0005DF804EB04B07047E4D905081FB50C4649
:1048D00011460A4A0392CDE900041A4602A8CDF80F
:1048E00008D0DCF7DDFF24B1DDE900321AB903F8A6
:1048F000012C04B010BD00221A70FAE789480408A0
:104900000CB407B504AB53F8042B0193FFF7DEFF9B
:1049100003B05DF804EB02B07047006870470B0A03
:10492000017043700B0C090E8370C1707047036AED
:104930000239023B8B4283BFC389406B01FB0300FA
:1049400000207047034600F10B010020C20102EB7A
:10495000500213F8010B02448B42D0B2F6D17047DB
:1049600037B50D460446E8B10368D3B15A7922B988
:10497000092000242C6003B030BD81885A899142FF
:10498000F6D118680DF107020621FFF7BDFD9DF86D
:10499000073003F00103184310F0FF00E8D124684A
:1049A000E8E71C460920E5E72DE9F8430026D0F8A2
:1049B00000908E75836907460C46002B78D0C36A39
:1049C00001335ED1F96900234D1E184615F8012FF9
:1049D000202A00F101000DD0052A08BFE522092890
:1049E00005D10B2B9FBFE6182E2777720133E618EF
:1049F000013372720B28E9D1E21800205072A27DB7
:104A0000002A4AD1002B3FD004F1080308255A7828
:104A1000581C002A4ED11B1B083B38E06319020AC0
:104A20009A75D87502231D44002002368046D9F8B5
:104A30001030985BA8B1B8F1000F05D100F52053F4
:104A40009BB2B3F5006FF0D340F2B51140EA0840D5
:104A500002F040FAFF280CD9A5F1FE03012BDDD8A6
:104A60000025B8F1000F18BF002525440023AB75C1
:104A7000A8E70028F4D0FF2DF2D063199875012320
:104A8000D1E7B0463546D2E73F23A375012323443F
:104A900000229A750B7B03B96372CB7A237201F102
:104AA0001C00FFF73AFF2060CB8AE3800B8BA380CA
:104AB000BDE8F8832E2A13460BD0413A192A05D8AF
:104AC0000E7B03F12002354218BF134643730346A1
:104AD0009DE71025FAE7130A8A76CB764379032BF4
:104AE00001BF120C0A75120A4A75704770B5C57974
:104AF0000446CDB1826B00F13C0101230068FFF751
:104B0000EEFC054690B9A16BE36A626AE071CB1ACC
:104B1000934209D2A379022B06D10A4420680123CB
:104B200004F13C01FFF7DBFC284670BD0125FBE7E3
:104B3000F8B50446FFF7DAFF0546002842D163794D
:104B4000032B37D1277A012F34D101464FF400725D
:104B500004F13C0005F0F0F9552384F83A32AA2319
:104B600084F83B3252234122722184F83C3084F88D
:104B70003D30612384F83E3084F8233284F83F20AE
:104B800084F8201284F8211284F82222A16904F505
:104B90000970FFF7C4FE616904F50A70FFF7BFFEF4
:104BA000A26A20680132A2633B4604F13C01FFF790
:104BB00096FC2572002220681146FFF7A5FC0038FC
:104BC00018BF0120F8BD38B5836B8B4205460C46F3
:104BD00010D0FFF78BFF60B922462868012305F14A
:104BE0003C01FFF76DFC00281CBF4FF0FF34012093
:104BF000AC6338BD0020FCE738B50023C3714FF02B
:104C0000FF3383630546FFF7DEFF044608BBB5F8B4
:104C10003A224AF655239A421DD195F83C2002F1DA
:104C20001803DBB2012B01D9EB2A16D10C49032260
:104C300005F1720005F0A8F948B10A49052205F10D
:104C40008E0005F0A1F9041E18BF0124640020465F
:104C500038BD0424FBE70324F9E70224F7E700BF8B
:104C600014AC050818AC05082DE9F041437986B06D
:104C7000044601F0FE0593B1062100680DF107021C
:104C8000FFF742FC9DF80730D90708D41DB113F097
:104C9000040518BF0A25284606B0BDE8F0810023A8
:104CA00063710DF1070220680521FFF72DFC9DF8C7
:104CB0000730DA0700F1EF8015B15B0700F1ED80F6
:104CC00000212046FFF798FF022803D0012832D8A0
:104CD00025793DB302AA04F2022304F242211746C9
:104CE00013F8040C10B11846FFF717FE1033994261
:104CF00042F8040BF4D12679002E18BF013E57F874
:104D00002650B5B129462046FFF776FF237923B90F
:104D1000012807D90136032EF1D9042800F0BF80FD
:104D2000012804D8B4F84730B3F5007F05D00D252D
:104D3000B1E70320EAE70025EFE7B4F8527027B99E
:104D400004F16000FFF7E9FD074694F84C30676214
:104D50005A1E012AA371EAD894F84920E281002A58
:104D6000E5D0511E1142E2D1B4F84D80A4F80C8078
:104D700018F00F0FDBD1B4F84F0018B904F15C0044
:104D8000FFF7CBFDB4F84A100029D0D007FB03FE93
:104D900001EB181CF4446045C9D3A0EB0C0393420B
:104DA000C5D3B3FBF2F33F4A9342C0D84FF6F57236
:104DB00093425DD840F6F576B3428CBF02260126B9
:104DC0009A1C29440CEB0500032E2262A562E162C5
:104DD00060634FD1B4F8663058EA0303A7D104F1F9
:104DE0006800FFF79AFD930003F2FF13B7EB532F10
:104DF00020639CD34FF0FF33C4E90533032E4FF0FB
:104E0000800323722BD1B4F86C30012B27D1691C9D
:104E10002046FFF7D8FE10BBB4F83A2220724AF6BB
:104E200055239A421BD104F13C00FFF776FD1E4B3F
:104E3000984214D104F50870FFF76FFD03F1FF539A
:104E400003F500532033984209D104F50970FFF7A8
:104E500064FDA06104F50A70FFF75FFD6061134A0D
:104E6000667113880025013313806381E56112E7C1
:104E70000326A5E7B8F1000F3FF459AF022E1CBF7F
:104E800002EB420203F0010301EB0E000CBF5300E2
:104E900003EB5203A8E70325FDE60A25FBE60125FF
:104EA000F9E600BFF5FFFF0F525261412E090020C5
:104EB00001292DE9F04706460C46174609D9036A31
:104EC0008B4206D94379022B40D0032B50D0012BC3
:104ED00003D002252846BDE8F08701EB5108C16ADE
:104EE00001EB5821FFF76FFE05460028F2D106F1CD
:104EF0003C0908F1010AC8F3080814F001041CBFBA
:104F000019F8082002F00F023B4618BF42EA0713C7
:104F100009F80830F16A0123F37101EB5A21304698
:104F2000FFF751FE05460028D4D1CAF3080A2CB178
:104F30003F0909F80A700123F371CBE719F80A3029
:104F4000C7F3032723F00F031F43F2E7C16A01EB06
:104F50001421FFF738FE05460028BBD1640006F196
:104F60003C0304F4FF741A191F553F0A5770E2E717
:104F7000C16A01EBD411FFF726FE05460028A9D12E
:104F8000A40006F13C0304F4FE741819FFF7C5FCF5
:104F9000014667F31B011819FFF7C1FCCBE7F8B511
:104FA00005460E46FFF7A2FD044698B9314628464D
:104FB000FFF7BDFC4FF400720746A863214605F1D8
:104FC0003C0004F0B9FFEB899C4205D3EB891C1B24
:104FD00018BF01242046F8BD286801233A1905F1BD
:104FE0003C01FFF77CFA0028F0D10134EBE70328FD
:104FF0004B8B04BF8A8A43EA024318467047012953
:10500000F8B506460C4609D9036A994206D2437997
:10501000022B2BD0032B36D0012B01D00120F8BD61
:1050200001EB5105C16A01EB5521FFF7CCFD10B131
:105030004FF0FF30F3E76F1CF16AC5F30805354404
:1050400001EB5721304695F83C50FFF7BCFD002896
:10505000EED1C7F30807374497F83C3045EA032000
:10506000E3074CBF0009C0F30B00D8E7C16A01EBAE
:105070001421FFF7A8FD0028DAD1640004F4FF74BE
:105080003444A08FCBE7C16A01EBD411FFF79BFD3D
:105090000028CDD1A40006F13C0004F4FE742044A5
:1050A000FFF73BFC20F07040B9E7F8B50C46012C47
:1050B0000646114629D905682B6AA34225D92AB18B
:1050C0004FF0FF322846FFF7F3FEE8B9214630687B
:1050D000FFF795FF27460446B0B1012815D0431CC1
:1050E00015D0002239462846FFF7E2FE60B92A6A49
:1050F000AB69911E8B4205D20133AB612B7A43F031
:1051000001032B72A242E1D8F8BD0220FCE7012086
:10511000FAE72DE9F843046807460E4671BBD4F858
:105120001490B9F1000F39D0236A4B4598BF4FF066
:105130000109A06958B3B14534D1236A3868751C98
:105140009D4228BF02252946FFF759FF01281ED09E
:10515000431C1AD028B3D4F81480B8F1010F21D918
:10516000236A984528BFB0464546236A0135AB42BD
:105170001BD8B8F1010F17D1002008E02046FFF737
:105180003EFF012840D9421C03D14FF0FF30BDE85B
:10519000F883236A8342FAD8B146CAE74FF001097F
:1051A000C7E775B9C846DFE7022538682946FFF723
:1051B00026FF30B10128EAD00130E6D04545D4D1F0
:1051C000DAE74FF0FF3229462046FFF771FEA8B913
:1051D0002EB12A4631462046FFF76AFE70B9226A90
:1051E000A3696561023A93429CBF03F1FF33A36157
:1051F000237A43F0010323722846C8E701280CBF35
:105200004FF0FF300120C2E70120C0E72DE9F8434D
:105210000369066803F12008B8F5001F24BF0023C6
:10522000836183690546894613B90420BDE8F88384
:10523000C8F30807002F37D141690133836131B9C1
:10524000B389B3EB581F2FD80023AB61EDE7F38987
:10525000013B13EA582327D13046FFF7D0FE01283F
:10526000044601D80220E1E7421C01D10120DDE71C
:10527000336A834212D8B9F1000FE5D06969284634
:10528000FFF747FF0446B0B10128EBD0431CEDD037
:1052900001463046FFF783FE0028C7D16C612146E6
:1052A0003046FFF744FBA8613C363E44C5F8108009
:1052B000EE610020BAE70720B8E700002DE9F047CB
:1052C000FF24056807460E46A1464FF00408B96959
:1052D00019B9B8F1000F78D007E02846FFF773FC42
:1052E000804620B9F869017821B94FF004080023FD
:1052F000BB616AE0C37AE52903F03F03BB7154D078
:105300002E2952D023F02002A2F1080CDCF1000279
:1053100042EB0C02B24248D10F2B4CD14B0642D586
:105320003B69447BFB6201F0BF01437BA3423CD15C
:10533000428B002A39D10378D5F810E0DFF890804D
:1053400023F040034FF00D0C013B0CFB03F34FF631
:10535000FF7A4FF0010C98F8009030F80990BCF1FA
:10536000000F25D0FF2B20D82EF81390CC46013308
:1053700001320D2A08F10108EDD10278520607D555
:10538000BCF1000F04D0FF2B0FD800222EF8132001
:105390004B1E5FFA83F900213846FFF737FF80463E
:1053A000002894D0A3E78945BFD04FF0FF09F2E76A
:1053B000D145DDD0F9E7B9F1000F03D1FFF7C2FA0B
:1053C000A04202D04FF0FF33FB624046BDE8F087B9
:1053D00076510608F8B521F4FF1323F4FF5306466F
:1053E0000D466BBB826804680161B2B96379022B18
:1053F00001D9236B93B9A389B3EB551F20D9206B37
:10540000C6E90520E0B100EB55203C34C5F30805A2
:105410002C44B061F461002013E01346E7891A467A
:10542000B5EB472F114603D22046FFF780FAE7E796
:105430003068FFF7E4FD431C024609D0012801D87B
:105440000220F8BD236A8342FAD9A5EB4725E7E796
:105450000120F6E7F8B50F46002106680446FFF77D
:10546000B9FF68B90546A1693046FFF7ACFB38B90A
:10547000E3691B78E52B00D01BB90135BD4201D192
:10548000F8BD054601212046FFF7C0FE0028EAD0FE
:10549000042808BF0720F3E7C16A4B1C2DE9F0413F
:1054A00005680669044618D1E5274FF00108A1698F
:1054B0002846FFF788FBA0B9E3691F7085F80780CD
:1054C0002369B3420DD201462046FFF79FFE002814
:1054D000EDD0042808BF022003E0FFF77BFF00287F
:1054E000E2D0BDE8F08100002DE9F04F002187B047
:1054F000D0F800900446FFF76DFF0546002840F005
:1055000088804FF0FF38FF2704F12003C4F82C8077
:10551000BA460193A1694846FFF755FB05460028A6
:1055200077D1E6693378002B77D0F17AE52B01F05B
:105530003F02A27103D0090757D50F2A02D0C4F841
:105540002C804AE094F82B2050063CD4590642D5D2
:105550002269777BE26203F0BF03727BBA423CD1DF
:10556000728B002A39D13578D9F810A005F03F05A3
:105570000D22013D55432A4A012002F10D0B1178FD
:10558000715A68B3FF2D28D80846CDE90313059258
:1055900001F0D0FC02903AF8150001F0CBFC029B20
:1055A0008342DDE9043218D1039801350132934575
:1055B000E5D13278520603D510B13AF8152062B918
:1055C000013B5FFA83FA00212046FFF71FFE0546E4
:1055D00000289FD01DE09A45BFD04FF0FF0AF2E7A8
:1055E0004FF6FF7C6145E1D0F7E7BAF1000F04D137
:1055F0003046FFF7A7F9B8420BD094F82B5015F0BE
:1056000001059CD101990B22304604F0BDFC002815
:1056100095D1284607B0BDE8F08F0425F9E700BF13
:10562000765106082DE9F04F90F82BA01AF0A0044F
:1056300089B0054640F0838007683A6932F8143033
:10564000002B64D105F1200696E8070005AB1AF09F
:10565000010F83E8070079D0402385F82B304FF005
:1056600001084FF07E0B05AA07CA3346D7F810C0D1
:1056700003C323F8022BB8F1050F4FEA12421A7048
:1056800059D9ACF10201434631F8022F002A40D12A
:105690000DF1140C072203F00F0000F13001373038
:1056A000392988BF01461B090CF8011D02F1FF32A0
:1056B000F1D102F12001694401F814BC05F11F0188
:1056C00008469A4204D011F801CFBCF1200F34D122
:1056D000072A9CBF02F12001694403F1010396BF30
:1056E00011F8141C20210132072BC154F0D928468F
:1056F000FFF7FAFE814628BB08F10108B8F1640FF4
:10570000B1D14FF00709484609B0BDE8F08F013428
:1057100094E7102002F0010C0CEB430383F4883C67
:1057200013F4803F8CF0210C18BF634601384FEA18
:105730005202EFD1A8E74346AAE70133C1E74FF091
:105740000609E0E70428DED185F82BA01AF0020F45
:105750001BBF0C340D230124B4FBF3F418BF013438
:1057600021462846FFF776FE81460028CBD1013C32
:1057700055D029692846A1EB4411FFF72BFE81463D
:105780000028C0D13046FFF7DDF84FF6FF780190D2
:10579000A9693846FFF717FA81460028B3D1EB69AB
:1057A000019AD7F810E05A73E1B24FF00F024FF0B0
:1057B0000D0CDA72DFF8A4A018734A1E0CFB02F27B
:1057C0009876D87684461AF8019B404518BF3EF873
:1057D000120003F8090003EB090B0CF1010C18BFD0
:1057E00001324FEA1029002808BF4046BCF10D0FD6
:1057F0008BF80190E7D1404502D03EF812200AB95B
:1058000041F0400119700123FB7100212846FFF788
:10581000FDFC814600287FF476AF013CB8D1A96930
:105820003846FFF7D0F9814600287FF46CAF014677
:105830002022E86904F080FB03CEEB691860596010
:10584000B278318819819A7295F82B30EA6903F0A1
:10585000180313730123FB7155E700BF7651060847
:105860002DE9F04F85B0036801930B782F2B064686
:10587000884601D05C2B0AD1424613782F2B9046E4
:1058800002F10102F9D05C2BF7D0002301E0019B6B
:10589000DB69B36098F800301F2B00F2228180236F
:1058A0000021304686F82B3005B0BDE8F04FFFF7F9
:1058B00091BD1F2830D80424012D4ED1BAF80030F4
:1058C0002E2B50D100232AF8153006F11F02AB42CF
:1058D0002CBF20212E2101330B2B02F8011FF6D102
:1058E00044F0200486F82B403046FFF7FDFD96F883
:1058F0002B30002800F0E480042840F00381990652
:1059000003F0040240F1D880002A00F0EA808023EE
:1059100086F82B300020F5E02F2813D05C2811D01A
:105920007F2808D8954A0923013B04D012F8011BAF
:105930008842F9D1E5E0FF2D00F0E3802AF8150058
:105940000135D2E0424613782F2B904602F1010236
:10595000F9D05C2BF7D00024AEE7022D03D1BAF8C2
:1059600002302E2BAAD00AEB450306E033F8022DB5
:10597000202A01D02E2A02D1013D002DF6D14FF070
:1059800000032AF815306A00002D00F0BA800021CB
:105990003AF8110020280B4601F10101F8D00BB9AB
:1059A0002E2801D144F00304524432F8021D2E295E
:1059B00001D0013DF9D14FF020324FF00009726261
:1059C0003262C6F827204FF0080B4F463AF8130012
:1059D000002800F0BB80202803F1010304D02E280A
:1059E00005D1AB4200F0A78044F00304EEE7D945AF
:1059F00080F0A480AB4211D1BBF10B0F06D1A1E026
:105A0000AB4203D044F0030400F2A080BF00FFB219
:105A10002B464FF00B0B4FF00809D7E77F2836D9FC
:105A200044F0020240F2B5110393029201F052FADF
:105A300010F0800FDDE9022310D0514900F07F0003
:105A4000085C38B14F4C0721013960D014F801CB04
:105A50006045F9D142F003025F2010E0FF28F0D941
:105A60000BF1FF31894503D344F00304D946ADE778
:105A700006EB0901040A81F8204009F1010906EB4F
:105A80000901144681F8200009F101099EE7224628
:105A9000D8E747F00207FFB2F1E7A0073FF522AFD2
:105AA00007F0010344EA0313DCB244F0080317F0E3
:105AB000040F18BF1C4615E7002A08BF052021E087
:105AC0005A071FD4B379DB061FD5019B03F13C01B4
:105AD0003369C3F308031944019B5879FFF787FA28
:105AE000B0603368D3F810A0002518F8010B002827
:105AF0003FF4E1AE40F2B51101F008FA00287FF45E
:105B0000D8AE062005B0BDE8F08F0520FAE7A0F179
:105B1000410189B21929BCD9A0F1610447F0010102
:105B2000A4B2C9B2192C98BF0F46A0F1200189B2C6
:105B300098BF0846A3E7D945FFF45EAFBBF10B0F52
:105B40007FF45EAF44F003044FF00B0B96F8203067
:105B5000E52B04BF052386F82030BB00DBB2BBF188
:105B6000080F08BF1F4607F00C030C2B03D007F0EB
:105B70000303032B91D144F00204B3E61EAC0508E5
:105B8000F650060827AC050800214171FFF76CB8F4
:105B90002DE9F0430546ADF50D7D0C46914698463E
:105BA000002900F0C38003F03F073946FFF75CF897
:105BB000002840F0B3800CAB2B6149466846009545
:105BC000FFF74EFE6E46024620B99DF92B30834208
:105BD000B8BF062218F01C0F00F08480002A42D0C3
:105BE000042A40F089803046FFF71CFD0246002859
:105BF00040F0828047F00807D6F81C906879494643
:105C0000FFF7F5F980460FF051FD014609F10E004E
:105C1000FEF785FEF3692022DA72F1690022284638
:105C2000FEF759FFF36900221A775A779A77DA77E5
:105C30000123EB71B8F1000F12D041463046D5F880
:105C40003890FFF732FA0246002855D149462846D7
:105C5000FEF7B9FF08F1FF336B61024600284BD114
:105C600047F040070AE0B37903F01103002B42D15B
:105C700018F0040F54D118F0080FBDD1AB6BF169C7
:105C8000236261626879FFF7B2F9A060034601F10F
:105C90001C00FEF742FE6A89A28000226274E26163
:105CA000626117F020020646E0602560277414D078
:105CB00000283DD0EF8960617F02B7421FD30022E8
:105CC000A361CAB9C6F3080139B119462846FEF7DF
:105CD0002EFE48B300EB5620E06110460DF50D7D19
:105CE000BDE8F08342B9B379D8061BD418F0020F8F
:105CF000C4D0D907C2D5072200232360EDE7194697
:105D00002068FFF77CF901280346A6EB070603D9B4
:105D1000421CD2D10122D3E70222D1E70246EBE7AF
:105D20000822E9E70422E7E70222E5E70922D4E7AF
:105D30000246D2E72DE9F04F9B4685B00023894605
:105D4000CBF8003003A904461546FEF709FE0028EB
:105D500040F0838094F81180B8F1000F1FD194F8BF
:105D600010A01AF0010300937AD0E7686369FF1A64
:105D7000AF4228BF2F4697B16269039EC2F3080362
:105D8000002B52D1F389013B13EA522A18D152B9A0
:105D9000A06801280CD84FF0020884F81180404612
:105DA00005B0BDE8F08FA1692068FFF728F9F0E79A
:105DB000431C04D10123DDF800806374EFE7A06188
:105DC000A1693046FEF7B3FD0028E4D07D0A0AEB56
:105DD000000229D0F18901920AEB0500884288BFB0
:105DE000A1EB0A0530682B464946FEF769FB0028FF
:105DF000E0D1F37963B1B06B019A801AA84207D25F
:105E00004FF4007206F13C0109EB402004F04AF81F
:105E10006D02DBF800302B44CBF8003063692B4473
:105E20007F1BA9446361A6E7E261E16965693046C9
:105E3000FEF7C9FE0028BDD1C5F30805C5F50075FC
:105E40006169BD4228BF3D463C36C1F308012A4680
:105E50003144484604F026F8DBE74FF009089EE796
:105E60004FF007089BE72DE9F04F9A4685B00023D5
:105E70008946CAF8003003A904469046FEF770FD33
:105E8000002840F0A780677C4FBB237C9A0740F135
:105E9000A380636913EB080F01D36FEA0308B8F11D
:105EA000000F04D1237C43F04003237417E063699F
:105EB000039EC3F30802002A70D1F589013D15EA5B
:105EC00053251AD17BB9A16829B92046FFF721F9DA
:105ED00001460028E6D0012907D102276774384619
:105EE00005B0BDE8F08FA169EFE74B1C01D1012798
:105EF000F4E7A368A16103B9A160B26BE3699A42B8
:105F000004D13046FEF7F2FD0028F0D1A1693046F9
:105F1000FEF70DFD0028E0D05FEA582305EB000BEB
:105F20002FD0F189E818884288BF4B1B3068019355
:105F30005A464946FEF7D3FA05460028D7D1B16B39
:105F4000019BA1EB0B01994209D24FF4007209EBBE
:105F5000412106F13C0003F0A5FF019BF5715D02B4
:105F6000DAF800302B44CAF800306369A8EB050862
:105F7000A9441D44E3686561AB422CBFE360E56062
:105F80008DE76169E368994206D33046FEF7AEFDBE
:105F90000028ACD1C6F838B0C4F81CB0E169656916
:105FA0003046FEF710FE0028A1D1C5F30805C5F55F
:105FB000007563694545C3F3080328BF454606F1EC
:105FC0003C0018442A46494603F06CFF4FF0010399
:105FD000F371C5E7092782E7072780E72DE9F34139
:105FE00001A90546FEF7BCFC88BB2C7C14F04004DC
:105FF00029D00FF05BFB019F296A80463846FEF7E7
:10600000E2FD0446F8B96E6AF37A43F02003F372B6
:10601000AA6828683146FEF75EFDE96806F11C00B3
:10602000FEF77DFC414606F11600FEF778FC0123E1
:10603000B474F4743846FB71FEF77AFD2B7C23F0C0
:10604000400304462B74204602B0BDE8F0810924C9
:10605000F9E713B50446FFF7C1FF28B901A92046A7
:10606000FEF77EFC10B9206002B010BD0920FBE7EE
:10607000F0B50F46ADF50D7D00210646FEF7F4FDA7
:10608000044670B90CAB3361394668460096FFF799
:10609000E7FB044698B99DF92B30834205DA029B51
:1060A000F36120460DF50D7DF0BD9DF80630DB0651
:1060B00009D507997079FEF79AFFF061F1E7042896
:1060C00008BF0524EDE70524EBE72DE9F04F0D4669
:1060D0000021ADF5557D297007469046FEF7C4FDB9
:1060E000064600285ED154AAD7F81C9002973A6160
:1060F0004446B9F1000F16D1444502D1013C2F238B
:106100002B552B46611B1A5D03F8012B5A1842458B
:10611000F9D308F1FF331B1B0134A04538BF00231E
:1061200001351D443EE0019BCDF81090202102A8CE
:106130000993FFF74FF9002861D1099B0899019352
:106140003846FEF740FD8246002856D101997879FD
:10615000FEF74DFF5146049002A8FFF73BF90028D7
:106160004DD1049809990490099102A80021FFF7E4
:10617000A5F8824688B9099B787901931946FEF7FC
:1061800036FF484515D0514602A8FFF73FF8824632
:1061900009990498BAF1000FE5D0BAF1040F14BFC1
:1061A00056460226002330462B700DF5557DBDE87E
:1061B000F08F02A80EA9DDF81090FEF7F5FB0DF1A7
:1061C0004D00524610F8013F11460132002BF9D123
:1061D000944216D328190A4632B9621E541A2A4428
:1061E000521A2F21117084E7013A0EAB03EB020C17
:1061F0009CF816C000F801CDEEE70646D2E7064649
:10620000D0E71126CEE72DE9F7430D4601A9044654
:10621000FEF7A6FB00287FD1667C002E51D1E368F3
:10622000AB4204D2227C12F0020F08BF1D460022AE
:1062300063696261ADB1DDF80490B9F80E804FEA90
:10624000482803B3013B6A1EB3FBF8F1B2FBF8F236
:106250008A4218D3C8F100071F406761EF1BA56988
:10626000B5B9E2686369934282BF227CE36042F081
:106270004002C3F3080388BF227413B3E369AB423F
:106280001FD0E5611DE0A168A1B12F46A1610D46B7
:106290002946474522D83A466369C2F308051344A4
:1062A0006361002DDDD04846FEF741FB38B100EBBD
:1062B0005225D6E72046FEF72CFF012805D10226FD
:1062C0006674304603B0BDE8F083411C01D101265D
:1062D000F6E72F46A060A0610546C1E76369434425
:1062E0006361237C9A0706D52046FEF712FF02461B
:1062F00028B90146D0E72068FEF781FE0246531C0C
:10630000E5D0012ADBD9D9F820309342D7D9A7EBC1
:106310000807A2611146BCE70926D2E770B5054619
:10632000ADF5007D0C46164649B30021FEF79CFCF6
:10633000D0B925603146C5F810D02046FFF790FA55
:10634000B8B994F92B30834207DBA379DB0614D567
:106350006879E169FEF74BFEA0606B89A38000219C
:106360002046FFF737F808B1002323600DF5007DC4
:1063700070BD042808BF0520F6E70520F4E70920D2
:10638000F4E713B501A90446FEF7EAFA00B9206064
:1063900002B010BD70B5ADF5027D0D4601A90446F1
:1063A000FEF7DEFA00BB3DB9294620460DF5027D19
:1063B000BDE87040FFF70EB8019B02AA01461A61C2
:1063C0002046FEF77BFF10F0FB060AD12946204647
:1063D000FEF7EAFA31462046FEF718FF042808BF08
:1063E00000200DF5027D70BD0920FAE72DE9F0418E
:1063F0008846ADF50C7D002107461646FEF734FCB5
:106400000097044680B90CAB3B6141466846FFF7F4
:1064100027FA044640B99DF92B30834209DB1EB1AF
:1064200031466846FEF7C0FA20460DF50C7DBDE802
:10643000F0810624F8E72DE9F0478846002104465C
:10644000FEF712FC054640B9D4F82090A369A9F1E3
:106450000202934204D8C8F800302846BDE8F0870D
:106460006379012B17D10227064639462046FEF7ED
:10647000C6FD431C34D0012834D000B90136236A4C
:106480000137BB42F1D8C8F80060237AA66143F017
:1064900001032372E1E7D4F82CA00746064637B97A
:1064A00051462046FEF78FFBF0B90AF1010A6279E6
:1064B00007F13C03022A04EB030009D1E35A03B9B4
:1064C00001360237B9F10109C7F30807E7D1DAE766
:1064D000FEF723FA30F0704308BF01360437F1E7C6
:1064E0000125D0E70225CEE70546CCE72DE9F041AE
:1064F0000F46ADF5187D02210546FEF7B5FB0446B3
:10650000A8B918AB8DF82B002B6139466846009569
:10651000FFF7A6F9044650B99DF82B3013F0A00FF1
:106520003DD19DF8068018F0010F05D007242046C4
:106530000DF5187DBDE8F08107996879FEF757FDE4
:1065400018F0100F07460BD16846FEF7A5FF04466A
:106550000028ECD1D7B92846FEF7EAFA0446E6E768
:10656000EB698342E2D00E9021460CA80C95FEF711
:1065700031FF04460028DAD101460CA8FEF79EFE42
:1065800004460028D2D00428D1D1DDE7024639469E
:106590006846FEF78AFD04460028C8D1DBE70624DA
:1065A000C5E72DE9F0470F46ADF5107D0221054600
:1065B000FEF75AFB044600286CD110AB2B6139461C
:1065C00004A80495FFF74CF90446002871D004286C
:1065D00060D19DF83B1011F020016CD16846009508
:1065E000FEF797FD0746002859D0012859D0431CD3
:1065F0005C425C410FF05AF88146002C53D1394679
:106600002846FEF7CCFC044600284CD14FF020333E
:10661000C5F83D30C5F84130A5F845302E2385F842
:106620003C30102385F84730494605F15200FEF70B
:1066300076F93A4605F13C012846FEF74CFA05F199
:106640005C031A4651F8040B42F8040B9942F9D145
:106650002E23069A85F85D3028464FF0010AFEF792
:106660003AFA85F807A004A8FEF7DCFF0446D0B983
:106670000B9849461630FEF752F93A460B992846D0
:10668000FEF729FA0B9B1022DA7285F807A0FEF7B5
:106690004FFA044620460DF5107DBDE8F08707242B
:1066A000A8E70224A6E7002239466846FEF7FDFC6B
:1066B000F0E70824EEE70624ECE72DE9F0430E4668
:1066C000ADF5217D022104469146FEF7CDFA002862
:1066D00037D120AB0A902361314608A80894FFF710
:1066E000BFF870BB9DF84B3013F0A00F7CD10F9E0C
:1066F000DDF8288033466F4606F1200C186859688B
:106700003A4603C2083363451746F7D10DF1200E10
:10671000BEE80F00F77A14AEB446ACE80F00BEE84E
:106720000F00ACE80F009EE80F008CE80F00494610
:106730003046FFF795F8002853D1B368434504D09D
:1067400008200DF5217DBDE8F08332690C9B9A424B
:10675000F6D13046FEF766FF0028F2D1F1690DF15F
:106760000D0301F10D020DF11D0053F804CB42F8A9
:1067700004CB8342F9D1188810809B78937047F03E
:10678000200317F0100FDBB208BF1F46CF7201279E
:10679000E771CB7ADB061BD5B368434518D0607927
:1067A000FEF725FC01462046FEF7C1F80146E8B198
:1067B0002046FEF708FA0028C3D194F85D302E2B4E
:1067C00006D1B26804F15C012046FEF784F9E77156
:1067D00008A8FEF761FE0028B3D12046FEF7A8F90D
:1067E000AFE70428ADD1B4E70620AAE70220A8E766
:1067F000F0B50F4693B002210546FEF735FA60BBAF
:106800004FF02033CDE90033013FCDF80730044687
:1068100017F8010F1F2813D89DF80030E52B1BD067
:1068200024B1631E1DF80320202A25D0002106A8CC
:1068300006950891FEF7CEFD0746F8B138460CE004
:1068400040F2B51100F062FB30B100F073FB40F292
:10685000B51100F03FFB10B9062013B0F0BD254B79
:106860001A7822B1904203F10103F9D1F4E7FF282D
:1068700030D80B2C37D1EFE71C46D1E7012106A811
:10688000FEF71CFD90B90D9A44B16B4603CB106026
:10689000516019889B789372118101E0E523137090
:1068A0000123EB712846FEF743F9D6E70428D4D13B
:1068B000002CC3D0012106A8FEF7CCFD0028CCD1C6
:1068C000202201460D9803F037FB0D9B0822DA7257
:1068D0000D9ADAE7092CBFD804F148036B44020A89
:1068E00003F8482C013404F148036B44013403F8E5
:1068F000480C8DE7E45006082DE9F04FD0F80090E1
:106900008DB01C4600234371039103790293164610
:1069100005210DF127024846169DFDF7F5FD9DF86E
:106920002730DA0700F189815F0700F188810AAA20
:1069300003214846FDF7E8FD30B90A9A531EB3F526
:10694000004F01D21A4201D001230A935EB19B4B42
:10695000A6F500729A4202D8731E334203D0132068
:106960000DB0BDE8F08F14B16B0A059301D1112071
:10697000F6E7029B002B00F08B80012300222146CA
:106980004846FDF79DFD08B10120E9E7B4F8FE2176
:106990004AF655239A4279D1029B04EB031202F581
:1069A000D77392F8B221002A70D003F10800FDF7E6
:1069B000B4FF804603F10C00FDF7AFFF8346BBF147
:1069C000150FCDF82CB061D9B6F5813F4FEA5622AC
:1069D000C5D2039B13F002030693039B6ED003F012
:1069E0000703022B04D0039B03F00103002B68D1A3
:1069F000002A40F03381724B4FEA5B450122188830
:106A000008B1A8427FD900236E4EBBFBF2F5A5F575
:106A10007F40F638B04239D8AD0005F2072516465A
:106A20001A46002301936D0A202303270198DDF8FD
:106A300028E008EB030A05EB000CD4440EF1FF300C
:106A40006044CEF1000E00EA0E00A0EB0C00032F14
:106A500006BF1B1882442D18C8EB06106044584529
:106A600014D80198ABEB0000C01A032FA0EB05006F
:106A7000B0FBF6F004904ED104994FF6F5708142C8
:106A800000F2F58012B9720840F0E8800E2067E746
:106A90000BAA01214846FDF737FD00287FF474AFAB
:106AA000039A0B9B100706D43E2BEFD94FF03F08FB
:106AB000A3EB080B83E7DDF80880F9E7D9077FF53A
:106AC0004EAF32BB404B4FEA1B350126188808B148
:106AD000A8421BD940F6F573BBFBF6F59D429BBF60
:106AE00005EB4505013502356D088CBF6D0003359A
:106AF0004FF0200305F2FF1501938CBF02270127F9
:106B00006D0A012392E70233520078E702337600E0
:106B1000DCE71646DEE7022F40F0A28004994FF62C
:106B2000F570814208D9002A40F094807600402E0A
:106B300000F287803246C4E7049940F6F57081423E
:106B400000F29580002AA1D17200802AB9D99DE770
:106B5000594604F12000FDF7E2FEB0E00EF0A6FD7C
:106B6000014604F12700FDF7DAFE2B0AE3758023C6
:106B700084F82430292384F82630144BA57504F1B9
:106B80002B0203F1100153F8040B42F8040B8B4263
:106B9000F9D1D3E0F8232370FF236370A370E3706F
:106BA00023716371A371E37123726372A3720F2364
:106BB000E37229E10C2562E1062560E100FEFF0099
:106BC000D6500608FFFFFE0FC85006084EAC050859
:106BD000039B1B0700F16E8102994FF4007220465F
:106BE00003F0AAF9552384F8C2510B9D84F8FE31B5
:106BF000AA2384F8FF3105EB080243F6C163B2FB18
:106C0000F3F2FE2384F8C331930843F03F030126D7
:106C100084F8C43184F8C521414604F5E37084F852
:106C2000BF6184F8C061FDF77AFE294604F5E5707E
:106C3000FDF775FE029A334635E1032090E60A20FF
:106C40008EE6069B002B7FF4D6AE802E3FF61EAF5D
:106C500032463FE7069B002B3FF418AF1346D3E6BE
:106C6000049940F6F57291423FF610AF01274FF4B8
:106C7000007200212046069303F05EF9069B924ABB
:106C8000A3731B0A1168E373012321602374516805
:106C90006160FB1E1189927AA27218BF0123022241
:106CA0005B00BBF5803F218122736673A374BFF440
:106CB0004FAF84F813B04FEA1B2B84F814B0F823BD
:106CC00063753F232376FF23A376414604F11C001E
:106CD000FDF725FE032F7FF441AF0EF0E7FC0146E0
:106CE00004F14300FDF71BFE294604F12400FDF7E3
:106CF00016FE022384F82C30002384F82D3084F80B
:106D00002E3084F82F3084F8313084F833308023EB
:106D100084F840302923012284F842306B4B84F8F8
:106D20003020062284F8322003F1100104F14702DA
:106D300053F8040B42F8040B8B42F9D119889B7865
:106D400093704FF0AA0B4FF055031180484684F81A
:106D5000FE3184F8FFB1012342462146FDF7BFFB17
:106D6000069000287FF410AE059B032F4FEA4323C3
:106D7000079339D1012308F1060221464846FDF761
:106D8000AEFB06994FF40072204603F0D5F852236B
:106D9000237063706123A37084F8E731049B412260
:106DA0007221E27084F8E41184F8E51184F8E62198
:106DB000591E04F5F470FDF7B2FD022384F8EC319E
:106DC0004FF0550384F8FE3108F1070201232146F4
:106DD00084F8FFB14846FDF782FB012308EB03026C
:106DE00021464846FDF77BFB079A0021204603F029
:106DF000A3F8032F3FF4CEAE012F3549204618BF2C
:106E00006FF00701FDF78BFD059BAB4228BF2B46BA
:106E10002146524648469B46FDF761FB0146002845
:106E20007FF4B2AD4FF40072204603F085F8B5EB65
:106E30000B05DA44E8D1019B032F08BF33460193C9
:106E4000019D059B9D4228BF1D462B46524621466B
:106E50004846FDF744FB00287FF496AD019B5B1B81
:106E6000AA440193ECD1032F3FF4A4AE0B9BB3F5DE
:106E7000803FBFF4A1AE022F14BF01250425029B61
:106E8000002B3FF4A5AE0022012321464846FDF722
:106E900017FB024600287FF477AD029B04EB031337
:106EA00083F8B251012321464846FDF718FB00281C
:106EB0007FF46AAD002211464846FDF725FB0038F5
:106EC00018BF01204CE500BF2EAC05083AAC050800
:106ED000F8FFFF007F2801D880B27047B0F5803FEF
:106EE00001D30020704740F2B5139942F9D1064A08
:106EF00000231188814204D00133802B02F1020269
:106F0000F7D18033D8B27047325406087F280DD9A4
:106F100040F2B513994201D000207047FF28FBD8FA
:106F200000F10040024B803833F81000704700BF7A
:106F300032540608B0F5803FF0B522D21F4A2049EE
:106F400083B2B3F5805F38BF0A46141D34F8042CB1
:106F50002146AAB1934213D334F8025C2E0AEFB251
:106F600052FA85F5A84223DA082E09D8DFE806F0A0
:106F7000050A10131517191B1D00801A34F810305C
:106F80001846F0BD9A1A02F001029A1A93B2F7E776
:106F9000103B9BB2F4E7203BFBE7303BF9E71A3BA1
:106FA000F7E70833F5E7503BF3E7A3F5E353F0E7E2
:106FB0000434002ECAD101EB4702C6E7845106080B
:106FC0004052060808B510EE103A5A002DED028B1B
:106FD000B0EE408A11D4F7EE007A30EE678A38EED0
:106FE000080AA8EE080A02F059FF38EE000ABDECC4
:106FF000028BBDE8084001F06FBB23F00043B3F102
:107000008B4F15D2BFEE000AA8EE080A02F046FF29
:1070100070EE087AB7EE007A87EE270AF0EE007A73
:1070200098EE270ABDEC028BBDE8084002F0A4B838
:1070300002F0A2F8BDEC028BDFED027A30EE270AF7
:1070400008BD00BF1872313FDFED0A7A9FED0A7A62
:10705000DFED0A6AA0EE277ADFED097AE7EE007A23
:10706000B7EE007AA0EE267A67EE807A87EE870A7E
:10707000704700BF6BD30DBCBA132FBDAEE534BF54
:1070800075AA2A3E10B510EE104A24F00043B3F161
:107090007E5F2DED028BB0EE406A14D319BF76EE01
:1070A000467A9FED237ADFED237A9FED237A12BF94
:1070B00087EE276AE0EE077AB0EE676ABDEC028BD6
:1070C000B0EE460A10BDB3F17C5F0BD2A3F500030E
:1070D000B3F1645FF2D320EE000AFFF7B5FFA0EE34
:1070E000066AEBE7B0EEC06AB7EE008A38EE468A71
:1070F000F6EE007A28EE278AB0EE480A02F0CEFEBD
:10710000B0EE406AB0EE480AFFF79EFFA0EE066AB6
:10711000002CDFED0A7AB0EE007AE6EE077A9FEDFA
:10712000066A36EE676AB8BFB1EE466AC6E700BFC8
:107130000000000000008003DA0FC93F6821A2B3FD
:1071400008B510EE103A23F00042B2F17E5F2DED4B
:10715000028BF0EE405A12D30AD19FED360ADFEDD2
:10716000367A002BB8BFB0EE670ABDEC028B08BDC3
:1071700070EE405ADFED2F7A87EEA50AF5E7B2F1FF
:107180007C5F11D2B2F14A5F9FED2C6A4ED920EE9E
:10719000000AFFF759FFDFED2A7AE0EE657A75EE17
:1071A000E75A36EE650AE0E7002BB7EE008AF6EE06
:1071B000007A1ADA70EE085A25EEA78AB0EE480A6D
:1071C00002F06CFEB0EE406AB0EE480AFFF73CFFFA
:1071D000DFED1C7AE0EE067A9FED180A77EE867AEC
:1071E00030EE670A30EE000ABFE738EE408A28EE3C
:1071F000278AB0EE480A02F051FE10EE103A6FF303
:107200000B0305EE903AB0EE487AA5EEE57A70EE03
:10721000257AB0EE405A87EE276AB0EE480AFFF7AB
:1072200013FFA0EE056A36EE250ADBE7B0EE460A4C
:107230009BE700BF00000000DA0F4940DA0FC93FAA
:107240006821A2336821A2B310B52DED048B84B060
:107250008DED010A019C24F00043B3F18B4F08EE41
:10726000103A11D3B0EE480A01F086FFDFED207A24
:1072700030EE278A002CB8BFB1EE488AB0EE480A3B
:1072800004B0BDEC048B10BD620014D5F7EE008A8B
:10729000B0EE680AA8EE080A02F000FE70EE087A66
:1072A00088EEA70AF0EE007AA8EE270A01F064FF44
:1072B000B0EE408ADEE7B3F1665F10D368EE088A6D
:1072C000B7EE009A38EE890A02F0E8FD70EE097A0E
:1072D00088EEA70A30EE080A01F0FEF9E8E7DFEDD4
:1072E000057A78EE277ACDED037A039BC2E700BFDB
:1072F0001872313F0000807BF4EE400AF1EE10FA84
:1073000010B5F0EE407A04D770EE207AB0EE670A3E
:1073100010BD10EE902AB2F17E5F03D1BDE810409F
:1073200000F082B810EE103A940F04F0020444EA20
:10733000D37433F0004308D1022C59D09FED317A39
:10734000032C08BFF0EE477AE0E732F0004209D1A3
:10735000DFED2D7A9FED2D7A14F0010F08BFF0EECE
:10736000477AD3E7B2F1FF4F10D1B3F1FF4F04F1E9
:10737000FF3407D1022C3ED8254B03EB8403D3ED19
:10738000007AC3E7022C39D8224BF6E702F15061AC
:107390009942DDD3B3F1FF4FDAD0A10703D503F152
:1073A000506393420CD387EEA00AB0EEC00A00F0FF
:1073B0003BF8012CF0EE407A04D1F1EE407AA5E7DB
:1073C000DFED157A022C0AD0002C9FD09FED137AA6
:1073D00077EE877A9FED127A77EEC77A96E79FED80
:1073E0000F7A77EE877A9FED0E7A77EE677A8DE7E0
:1073F000DFED0B7A8AE7DFED0B7A87E7DFED067AC0
:1074000084E700BFDB0F49C0DB0FC9BFDB0FC93FFB
:107410004055060834550608000000002EBDBB3359
:10742000DB0F4940DB0F493F10EE102A22F00043EA
:10743000B3F1994F82B00ED3B4EE400AF1EE10FAD8
:1074400007D69FED410ADFED417A002AB8BFB0EEC2
:10745000670A02B070473E498B420BD8B3F1665FB2
:107460005AD212F0FF4FF4D160EE007ACDED017ADE
:10747000019BEEE737498B42F0EEC07A37D8A1F591
:10748000D0018B4229D8F0EE006ABFEE007AA7EE59
:10749000A67A002377EEA67A87EE270A591C60EEBB
:1074A000006A9FED2D6ADFED2D7ADFED2D5A26EE75
:1074B000A67AE7EE067A9FED2B6AA7EE876ADFEDE4
:1074C0002A7AE7EE257A67EE877AE6EE267A67EE85
:1074D000807A24D130EE670ABBE7B7EE007A77EE08
:1074E000C76A77EE877A012386EEA70AD6E71F4997
:1074F0008B420BD8F7EE086AB7EE007AA7EEA67AB1
:10750000022337EEE66A86EE070AC7E7BFEE007A87
:1075100087EE270A0323C1E74FF0FF33BEE7144984
:10752000144801EB830100EB830393ED007A77EEBF
:10753000C77A002A37EEC00AD1ED007A37EEC00ACA
:10754000B8BFB1EE400A84E7DA0FC93FDA0FC9BF0E
:10755000FFFFDF3EFFFF973F25AC7C3D0DF5113E61
:107560004712DABDA9AAAA3E98CA4CBEFFFF1B402B
:107570005C5506084C5506081FB58DED010A019CA7
:1075800024F00043B3F17C5F00EE103A23D2B3F154
:107590003E5F0DD214F0FF4F04D160EE007ACDEDC6
:1075A000037A039B002CB8BFB1EE400A04B010BDB3
:1075B00030EE007AF7EE007A67EE006A77EEC07A76
:1075C00086EEA70A30EE070A01F086F8F6EE007A9A
:1075D00020EE270AE6E7F7EE007A77EEC07A80EE33
:1075E000277A37EE070AEFE770B510EE105A844A93
:1075F00025F00043934286B0044605D8002380ED71
:10760000000A4360002022E07E4A93423AD825F0E7
:107610000043002DDFED7C7A7C4A23F00F0318DD58
:10762000934230EE670A09BFDFED797A9FED797AF0
:107630009FED797A30EE670A70EE477A30EE670A8E
:10764000C0ED007A30EE470A80ED010A012006B055
:1076500070BD934230EE270A09BFDFED6D7A9FEDD2
:107660006D7A9FED6D7A30EE270A70EE077A30EE74
:10767000670AC0ED007A30EE070A80ED010A4FF08C
:10768000FF30E4E7654A93426CD89FED657AB0EE2F
:10769000C00AF6EE007AE0EE077AFDEEE77AB8EE81
:1076A000E76A17EE900ADFED587AA6EE670A1F2800
:1076B000DFED587A66EE277A70EE676A09DC594981
:1076C000461E25F0004251F8261022F0FF028A42A1
:1076D00007D116EE902AC2F3C752C2EBD352082A42
:1076E00015DCB0EE407A37EE667A002D37EE677A19
:1076F000C4ED006A84ED017AA9DAF1EE666AB1EEB2
:10770000477AC4ED006A84ED017A40429FE7DFEDDD
:10771000406AB0EE407AA6EE667A70EE477AE6EE00
:10772000667ADFED3D6AD6EE267A77EE676A16EE68
:10773000902AC2F3C752C2EBE353192BD3DDDFED1E
:107740003A6AF0EE475AE6EE665A77EE657A9FEDB2
:10775000377AE6EE667AD6EE077AB0EE657A75EE9F
:10776000E76AC0E7B3F1FF4F06D330EE400A80ED81
:10777000010A80ED000A45E7DA15863AA3EBC25309
:1077800007EE903ABDEEE77ADFED296AB8EEC77AE8
:1077900077EEC77A8DED037A67EEA67ABDEEE77ACB
:1077A000B8EEC77A77EEC77A8DED047A67EEA67ADF
:1077B000F5EE407AF1EE10FACDED057A1ED1B5EE78
:1077C000407AF1EE10FA0CBF01230223194901910E
:1077D0000221009103A8214600F0E8FB002DBFF62E
:1077E00036AFD4ED007AF1EE677AC4ED007AD4EDCD
:1077F000017AF1EE677AC4ED017A86E70323E5E7C3
:10780000D80F493FE3CB1640800FC93FD00FC93F87
:10781000004435374344353708A3852E800F49434C
:1078200084F9223F6C55060800A3852E32318D2441
:1078300000008043EC55060870B510EE105A25F094
:1078400000440123B4F1FF4F2DED048B0646B0EE4A
:10785000408A036006D320EE008AB0EE480ABDECF1
:10786000048B70BD34B9DFEDD07AB7EE007A87EEC5
:10787000278AF2E7B4F1E45F0BD2002DBEBF4FF0D0
:10788000FF330360B1EE400A01F076FCB1EE408AAE
:10789000E3E7002D80F2C482B4F1964FE3D2B4F155
:1078A0007A5FDFEDC29A2AD2DFEDBF0A20EE290A05
:1078B000002000F0E9FDB0EE409AB5EE409AF1EEFE
:1078C00010FAD0D028EE090AB0EEC00A89EE800A7C
:1078D00001F052FCB5EEC09AF1EE10FAF0EE408ADB
:1078E00002D54FF0FF333360B4F17E5F02D0B4F1C4
:1078F000804F62D19FEDAC8A38EEC88AADE7F1EED9
:10790000408AB0EE680A01F077FDF4EE408AF1EEAD
:1079100010FA19D0F6EE007A68EEA78AB0EE680A7F
:1079200001F06AFD38EEC00A30EE000AF0EE407A4F
:10793000FEEECF7A17EE903A062B39D8DFE803F047
:107940002312121F1F2B2B00DFED997A77EEC87AD6
:1079500017EE903A03F0010307EE903A9B00B8EE61
:10796000E70AE9E7F6EE007A37EEC00ADFED8E0AA5
:1079700020EE290A00F0C0FAB1EE409A9DE7F7EE3A
:10798000007A37EEC00ADFED880A20EE290A0020CF
:1079900000F07AFDF0E7F7EE087A30EE670ADFEDE7
:1079A000820A20EE290A00F0A7FAB1EE400AE3E7C6
:1079B000F0EE007A30EE670AE5E7B1EE488A6B0038
:1079C00000F17E817B4B9C4200F29A80B0EE480A27
:1079D00001F0D2FB784B9C42B1EE400A42D9B7EE9F
:1079E000007A37EE487A67EE077ADFED746A9FED2A
:1079F000746A9FED748AA7EEA66ADFED736AE6EEFD
:107A0000276A9FED726AA6EEA76ADFED716AE6EE5D
:107A1000276A9FED706AA6EEA78ADFED6F6AE7EE30
:107A2000866A9FED6E6AA6EEA76ADFED6D6AE6EEE6
:107A3000276A9FED6C6AA6EEA76ADFED6B6AE6EE39
:107A4000276A28EE078AA6EEA78AF6EE007AA7EE46
:107A5000678A38EE008A002DFFF64EAFFDE6DFEDB7
:107A6000528AACE7614B9C4264D99FED617A38EE53
:107A7000477A67EE074A9FED5F6ADFED5F6ADFEDE9
:107A80005F5A9FED5F5A9FED5F8A64EE877AE7EE5B
:107A9000866A9FED5D6AA6EEA76ADFED5C6AE6EE98
:107AA000276A9FED5B6AA6EEA76ADFED5A6AE7EEEA
:107AB000A65ADFED596AE5EEA76ADFED585AE6EE01
:107AC000A75ADFED576AE5EEA76ADFED565AA7EE33
:107AD000A55ADFED555AE5EE275A9FED545AA5EE0B
:107AE000A75ADFED535AE5EE275AE5EE876AA6EE70
:107AF000E78ADFED507A94EE868A38EE678AA8E747
:107B00004D4B9C4206D9B0EE007A37EE487A9FED95
:107B1000260A68E7494B9C4206D99FED497A9FEDBA
:107B2000220A38EE477AA4E7F7EE007A38EE678A41
:107B30009FED1D0A9FED437ADFED437ADFED436A47
:107B4000E8EE077A9FED427AA7EE887ADFED417A78
:107B5000E7EE087A9FED407AA7EE887ADFED4A7A61
:107B6000E7EE087A9FED3D7AE8EE076A9FED3C7AF2
:107B7000A6EE887ADFED3B6AE7EE086A9FED3A7A77
:107B8000A6EE887AF7EE006AE7EE086A67EE887A72
:107B900087EEA67AFEEE006AF0EE477AE8EE267AE5
:107BA00037EE808A57E700BF00000000DB0F494036
:107BB0000000004B6666663F1F4A3B3FA283D337F7
:107BC000679767393F239E3DA1549C3A7E02F23B62
:107BD00001F0893D752C3C384584E23834B6053ACD
:107BE000C66E3D3B1599A83C661AA53E07336D3E0F
:107BF0000C5BEC3E6B7BA53976F4B7BA67F8663A56
:107C000085300DBA521CE63107E7C73B474D06BD2C
:107C10005EB9F73E27F9A3B9FE7771BB3D37933CB8
:107C20003C2117BEF7E9AF399916143BFEFC28BC7E
:107C3000155A843DCDCDF83D17A6DD3F1FA69D3FCB
:107C4000C316BB3F5E3C5B3C78756A3EAF72D53D68
:107C5000B24B7A3FE73ABA3FF400223FDBD5523BC2
:107C6000DFEF443F2D390840BE2E1D4067FF053829
:107C7000B435F13ABDD7F536E440DA3CE6DC153EE2
:107C80007ACCA63E5A245C3E3F239EBDD6EE4B3AAC
:107C900054BF983C6E0F303EC5D0383F3B2DB23FAD
:107CA000E8C4D5BAD23D5B3A5C061CBAFD0C503A2A
:107CB000610B36BBABAAAA3D1D7FD63E000000007B
:107CC000B4F1824FB7EE009A75D2BDEEC87A5FED7F
:107CD000196A1FED196A5FED195AF8EEC77A17EEA7
:107CE000103A78EE677A033BA7EEA66A5FED1E6A4C
:107CF000E6EE276A1FED1F6AA6EEA76A5FED206A0F
:107D0000E6EE276A1FED216AA6EEA76A5FED226AFA
:107D1000E6EE276A1FED236AA7EEA56A5FED245AF7
:107D2000E6EE275A1FED256AA5EEA76A5FED265AF3
:107D3000E6EE275A1FED276AA5EEA76A66EEA76A48
:107D4000A6EE279A86EE898AF6EE006AA7EEA68A44
:107D5000042B3FF680AEDFE803F02B28252203003A
:107D6000B1EE087A37EE877AF1EE046A77EEA66A0A
:107D700066EE876AB1EE007A37EE877A27EE267ACA
:107D8000B0EE080A37EE800A20EE070AB0EE007A5D
:107D900077EE877A27EE800A01F0EEF959E6B7EE22
:107DA000007AE1E7F7EE006AE4E7B7EE007AE7E78A
:107DB000B7EE000AEAE7B4F1B94FB0EE480A28D2AC
:107DC00001F0DAF9C9EE086A5FED4B5A1FED4B6A14
:107DD00066EEA67AB6EE007AA7EEA56A5FED4E5A79
:107DE000E6EE275A1FED4F6AA5EEA76A5FED505ADF
:107DF000E6EE275A1FED516AA5EEA76A38EE477ADC
:107E00001FED538AA6EE268A30EE490AA7EE008AB5
:107E100021E601F0B1F930EE490A20EE088A1AE6AF
:107E2000B4F17E5F03D0B4F1804F7FF418AE1FED44
:107E30005D8A12E510EE901A4A0030B50AD0F4EED1
:107E4000600AF1EE10FA05D610EE104AC4F3C753DB
:107E5000FF2B04D160EE200A80EEA00A30BDB2EB09
:107E6000440F05D3FAD1DFED237A20EE270AF5E798
:107E7000C1F3C755C3B96202B2FA82F2534201326A
:107E800004FA02F2ADB94802B0FA80F0454201307E
:107E900001FA00F0AB42A2EB00010FDC002926DB67
:107EA000E1D004F0004412E0C4F3160242F40002F0
:107EB000E8E7C1F3160141F40000EBE7002901DB1C
:107EC000D1D00A465200013BE4E74900013BCA0D0C
:107ED000FBD0002BD3BFC3F10103A1F5000141EAA0
:107EE000C35321FA03F3234300EE103AB6E71146D9
:107EF000D7E700BF0000000010EE103A23F0004367
:107F0000B3F1485FB7EE007A04D2FDEEC07A17EE07
:107F1000902ABAB360EE006ADFED1C5A9FED1C6A2E
:107F20001C4AA6EEA56A9342DFED1B5AE6EE265ADE
:107F30009FED1A6AA5EEA66ADFED195AE6EE265AFB
:107F40009FED186AA5EEA66A60EEC00A26EE266AC4
:107F5000F6EE007AE6EE860A66EEA77A04D877EEA9
:107F6000E07A37EE670A70470F4A93429ABF03F1EF
:107F70007F4306EE903AF5EE026A37EE667A77EEC8
:107F8000E67AECE7B0EE470A704700BF4ED747AD40
:107F9000F6740F319999993E7CF293B4010DD03764
:107FA000610BB6BAABAA2A3D0000483F2DE9F04F5D
:107FB0002DED048BD9B091469B46669ABB4B03903E
:107FC00053F8228019F1040F0BF1FF330E46029390
:107FD0002BDBB9F1030348BF09F10403DB10019364
:107FE000019B679C5D1CEB000493019B0BF1FF322E
:107FF0009A1A0BF1FF3308EB0300A9EBC5051CA986
:1080000000231444834212DD0DF5887A1CAB03EB88
:108010008B020BF1FF310BEB080C5746DDF80CE03F
:10802000DFEDA67A1446002315E00023D7E7D342FC
:1080300057BFE75CDFEDA17A07EE907AF8EE677A3A
:108040000133E1EC017ADDE7FEEC016A34ED017AFF
:10805000E6EE877A013302988342F5DD013161450E
:10806000E7EC017A02F10402D8D108AB03EB8803F4
:10807000DFED918A9FED8F9A05934446A300079305
:1080800058AB03EB840313ED140A06940AEB840146
:1080900008AA2346002B4BDC284600F0BFFBB0EEBD
:1080A000408AB4EE000A28EE000A01F0A5F9F2EECB
:1080B000007AA0EE678A002DFDEEC87ACDED007A39
:1080C000F8EEE77A38EE678A44DD08AA611E009F61
:1080D00052F82100C5F1080C40FA0CF31F4403FAD2
:1080E0000CF3C31A42F82130C5F10702009743FA96
:1080F00002F7002F3DDD009B4FF0000C0133009391
:1081000008A8614664456CDC002D04DD012D79D0A2
:10811000022D00F08180022F2BD1B7EE000A30EE45
:10812000488A31B3284600F079FB38EE408A20E0D7
:1081300060EE287A013BFDEEE77AF8EEE77AA7EEEB
:10814000C90ABDEEC00AA2EC010A31ED010A37EE00
:10815000800A9FE705D1631E08AA52F823703F12D8
:10816000C7E7F6EE007AB4EEE78AF1EE10FA36DAF7
:108170000027B5EE408AF1EE10FA40F0A180611EB2
:1081800000200DF1200C41454EDA00287FD0013C43
:10819000083D08A951F82420002A00F083802846D1
:1081A000B7EE000A00F03AFB0AF104009FED427AB4
:1081B000A10000EB8400224608AD002A80F2AE80C8
:1081C00030AA914620460028C0F2C580384BDFED2A
:1081D0003B7A0AEB800C0025A4EB000BB5E00227EC
:1081E00089E7026849B91AB1C2F5807202600122BA
:1081F0000CF1010C0430114684E7C2F1FF02026069
:108200000A46F5E704F1FF3C08A850F82C2002F0DC
:108210007F0240F82C207EE704F1FF3C08A850F8CC
:108220002C2002F03F02F4E75CF8212001391043D2
:10823000A9E7013253F8041D0029FAD0079967987D
:10824000019F631C14440AF104020A440699009237
:1082500059441CAA02EB810100EB070E9C42FFF679
:108260000DAF1EF80320039F07EE902AF8EE677A01
:108270000020E1EC017ADFED117A8C46029A9042FF
:1082800008DD009AE2EC017A00920133E6E7059BF3
:108290000122CFE7F7EC016A3CED017A0130E6EE0E
:1082A000877AEBE7013C083D74E700BFE05606081B
:1082B000B4560608000080430000803B0000000028
:1082C000049BB0EE480AA3EB090000F0A7FA1FEDEB
:1082D000077AB4EEC70AF1EE10FA19DB5FED0A7AFD
:1082E00060EE277A08AAFDEEE77A0835F8EEE77A1D
:1082F000A7EEC70AFDEEE77ABDEEC00A10EE103A0F
:1083000042F8243017EE903A013442F8243046E720
:10831000BDEEC00A08AA10EE103AF6E755F8223072
:1083200007EE903AF8EEE77A013A67EE807A20EEAF
:10833000070A60ED017A40E7F3EC016ABCEC017AD0
:108340000135A845E6EE877A01DB5D45F4DDE9EC11
:10835000017A013837E7669B022B0ADC002B27DC09
:108360003FD0009B03F0070059B0BDEC048BBDE883
:10837000F08F669B032BF4D150180546A446BCF140
:10838000000F4FDC2546012D5DDC04325FED357AB0
:108390000A44012C67DCDDED306A9DED317A002F57
:1083A00067D1C6ED006A86ED017AC6ED027AD8E79C
:1083B00004321FED3E7A11442046002823DA47B3E9
:1083C000F1EE477AC6ED007ADDED307A77EEC77AC6
:1083D00001218C4220DA0FB1F1EE677AC6ED017A05
:1083E000BFE704325FED4B7A0A44002C05DA0FB187
:1083F000F1EE677AC6ED007AB3E732ED017A013C1F
:1084000077EE877AF1E771ED017A013837EE277A56
:10841000D3E7F0EE477AD5E7B2EC017A013177EE97
:10842000877AD6E775ED017AD5ED016A37EEA67A3F
:108430000CF1FF3C77EEC77A85ED007A77EEA67AED
:10844000C5ED017A9BE770ED017AD0ED016A37EE58
:10845000A67A013D77EEC77A80ED007A77EEA67AAC
:10846000C0ED017A8FE732ED017A013C77EE877A31
:108470008FE7F1EE666AB1EE477AC6ED006A86EDE7
:10848000017AF1EE677A90E710EE103A23F000439C
:10849000B3F1485F04D2FDEEC07A17EE903A5BB3B9
:1084A00020EE007ADFED157A9FED156AA7EE276AB8
:1084B000DFED147AE6EE077A9FED136AA7EE876A7E
:1084C000DFED127A60EE076AE6EE077A30B99FEDCB
:1084D000106AA7EE276AA6EE260A704767EEE67ACC
:1084E000B6EE006AE0EE867AD7EE870ADFED097A0B
:1084F000E6EEA70A30EE600A704700BFD3C92E2F00
:10850000342FD7B21BEF3836010D50B98988083C9B
:10851000ABAA2ABEABAA2A3E10EE103A23F00042C4
:10852000B2F1465F7BD2FDEEC07A17EE901A0029B9
:1085300064D0F0EE407A67EEA76ADFED565A9FED01
:10854000566A9FED565A564926EEA67A67EEA64A17
:10855000A7EE256A8A42DFED535AE6EE075A9FEDF1
:10856000526AA5EE876ADFED515AE6EE075A9FED93
:10857000506AA5EE876ADFED4F5AE7EE055A9FED88
:108580004E5AA5EE875ADFED4D5AE5EE075A9FED9C
:108590004C5AA5EE875ADFED4B5AE5EE075AB0EE7E
:1085A000467AA5EEA67AB0EE606AA7EE246A9FED41
:1085B000467AE6EE260AE4EE870A37EEA00A49D3A9
:1085C00007EE100AF8EEC76A60EE005A30EE260A8F
:1085D0009B1785EE806A03F00203C3F1010307EEE7
:1085E000103A36EE606AB8EEC77A77EEC67AB0EE29
:1085F000006AE7EEC66A26EE870A7047431C1343FB
:1086000006D1F0EEC07AB7EE007A87EE270A7047FF
:1086100001283DD0FFEE007A87EE800A704720499E
:108620008A4286D3F1EE407A002BB8BFB0EE670ADB
:10863000F1EE607AB8BFF0EE670ADFED247A37EE2C
:10864000C07ADFED237A77EEE07ADFED220A77EE6B
:10865000877A70E701281BD010EE103A6FF30B03F6
:1086600006EE903A76EEE77A70EEE70AFFEE007AD1
:1086700087EE807AF7EE007A17EE103A6FF30B036D
:1086800000EE103AE6EE807AE0EE807AA7EE870AF6
:10869000704700BF5FAE9BB745F4A3388453D9370A
:1086A00040A12C3FC8261A3A16696B3BA427B33C5D
:1086B0008988083E7AC09538B937813948DEBE3A94
:1086C0001F37113CD10D5D3DABAAAA3EDA0F493FE1
:1086D000682122330000000010EE103A444A454958
:1086E0009A188A4282B077D913F1814F0ED3BFEE28
:1086F000007AB4EE470AF1EE10FADFED3F7A18BFC8
:1087000030EE407A87EE270A02B070475A00B2F185
:10871000CE4F08D213F0FF4FF6D160EE007ACDEDC8
:10872000017A019BF0E7354A93425CD9F7EE007A73
:1087300070EE276A16EE903A03F5950303F5F643BB
:108740000D33DA0D7F3A182A4ADC012ACBBF36EE08
:10875000C00A36EEE77A37EEC00A30EE470A80EEFE
:10876000267AC3F31601264BCB1806EE903A36EE66
:10877000E70AF0EE007A70EE277ADFED226ADFED8D
:10878000224ADFED223AC0EE275A07EE902A25EE64
:10879000A54AB6EE006A24EE045A20EE066AE5EE1B
:1087A000264ADFED1B6AE5EE236AF8EEE77A66EE0D
:1087B000846AE4EE856A9FED175AE0EE066AA7EE3A
:1087C000857AA6EEA57AA0EE467A37EE000A9FEDEE
:1087D000127AA7EE870A97E7B3F1FF4FA6D393E784
:1087E0009FED057ABDE79FED047A0022C1E700BF47
:1087F00030EC2BC12FEC2B410000000019F695BE88
:10880000F304353F269E783E13CECC3EEEE9913EF2
:10881000AAAA2A3FD1F717378071313F7F2815DD8B
:10882000DFED167AA0F17F037F2B20EE270A06DD0D
:10883000A0F1FE037F2B20EE270AA8BF7F237F3302
:10884000DB0507EE903A20EE270A704710F17E0F05
:1088500012DADFED0B7A00F17E0313F17E0F20EECA
:10886000270AECDA00F1FC036FF07D02934220EE60
:10887000270AB8BF1346E2E70346E0E70000007F9F
:108880000000800010EE901A31F0004070B502D167
:10889000B7EE000A70BD10EE105AB5F17E5FF7D04A
:1088A00025F00042B2F1FF4F02D8B0F1FF4F02D9DC
:1088B00030EE200AEEE7002D1DDAB0F1974F80F080
:1088C0005082B0F17E5F34D3C415C4F1960440FAEF
:1088D00004F303FA04F4844229D103F00103C3F141
:1088E0000203B0F17E5F25D10029D3DAF7EE007ADA
:1088F00087EE800ACEE7B0F1FF4F18D1002303E0E6
:10890000B2F17E5FC4D00223B2F17E5F06D99FED43
:10891000B50A0029A8BFB0EE600ABBE7002A00F044
:108920002582002980F21A82B1EE600AB2E70023A4
:10893000D7E70023B1F1804F02D120EE000AA9E76A
:10894000B1F17C5F40F01282002DC0F20F82BDE8D1
:10895000704001F0A3BA012B02D0B0EE670A99E78C
:10896000B1EE670A96E7002D1ADA13B970EE407A75
:1089700017E2012BBFEE006AB7EE007A18BFB0EE27
:10898000476AB0F19A4F64D9974B9A420BD80029A5
:108990000EDADFED967A26EE270A20EE270A79E72F
:1089A000B7EE006AEDE7924B9A4204D90029F0DC59
:1089B000DFED907AEFE7B7EE007A77EEC76ADFED8A
:1089C0008E7AB5EE007AE6EEC77AB6EE007AA7EEBA
:1089D000E67A66EEA65ADFED897A27EE257ADFED94
:1089E000885A67EEC77A9FED877AE6EE877AB0EE0F
:1089F000677AA6EEA57A17EE103A6FF30B0307EE2F
:108A0000103AB0EE475AA6EEE55A77EEC57A6FF304
:108A10000B0106EE901A70EEE65A67EEA00A67EEBA
:108A2000267AE5EE870A30EEA77A17EE102AB2F121
:108A3000864FAEDC40F00881DFED736A37EE677A6F
:108A400070EEA66AF4EEC76AF1EE10FAA1DC1346E6
:108A50000BE115F0FF4F08BF9FED6C7A6C4802BF29
:108A600067EE877A6FF0170217EE904A4FEAE453E9
:108A700018BF00227F3B1344C4F31602824242F027
:108A80007E5406DD6348824240F3A9800133A4F599
:108A900000040020604A02EB800292ED005A07EECB
:108AA000104A75EE077AF7EE006A86EEA74A77EE6F
:108AB000455A65EE844A14EE902A6FF30B0206EED7
:108AC000902A564A02EA640242F0005202F58002FD
:108AD00002EB405207EE902AE6EEE75A37EEC55A0F
:108AE00064EEA47A37EE457A9FED4D5AE6EEC75A0A
:108AF0009FED4C7AA7EE875A9FED4B7AA5EE277A29
:108B00009FED3D5AA7EE275A9FED487AA5EE277AAA
:108B10009FED475A65EE845AA7EE275A34EEA67A9F
:108B200027EEA74A27EE257AF0EE087AA4EE057A1A
:108B3000B0EE675AA6EEA65A35EE075A15EE102A81
:108B40006FF30B0205EE102A75EE677AE6EEE67A11
:108B500077EE677A67EEA47AE5EE857AF0EE675AEB
:108B6000E6EE855A15EE902A6FF30B0205EE902A79
:108B7000B0EE657AA6EEC57A2E4A02EB800277EE59
:108B8000C77A9FED2D7A9FED2D5A67EE877A9FED7C
:108B90002C7AE5EE877A92ED007A77EE877A07EE07
:108BA000103A284BF8EEC76AB0EE677AA5EE857AE0
:108BB00003EB8003D3ED004A37EE247A37EE267AB2
:108BC00017EE103A6FF30B0307EE103A77EE666A72
:108BD00076EEE46AE5EEC56A77EEE67A17E70120FD
:108BE00058E700BF00000000F7FF7F3FCAF249715D
:108BF0000700803F6042A20DABAAAA3E3BAAB83F45
:108C000000AAB83F70A5EC363CAA38330000804B70
:108C100071C41C00D6B35D000457060800F0FFDFE6
:108C200055326C3E42F1533E05A38B3EB76DDB3EA1
:108C30009A99193FF45606084F38763F0040763F20
:108C4000C623F6B8FC560608574B22F0004199425D
:108C50003FF6AEAE5548824277D137EE677AB4EE32
:108C6000E07AF1EE10FABFF6A3AEDB157E3B4FF4CF
:108C7000000018411044C0F3C7534D497F3B1941D0
:108C8000014007EE101AC0F3160040F40000C3F1D3
:108C900017031841002A77EEC77AB8BF404277EE33
:108CA000A06A9FED447ADFED445A16EE903A6FF3D6
:108CB0000E0306EE903A76EEE77AB7EE000A70EE13
:108CC000E70ADFED3E7A66EEA77AE0EE877AB0EE4D
:108CD000677AA6EEA57AB0EE475AA6EEE55A67EE99
:108CE000076A77EEC57ADFED365A9FED365AE6EE23
:108CF000855A9FED355AA5EEA65ADFED345AE5EEBA
:108D0000265A9FED335AA5EEA65AF0EE475AE5EEE5
:108D1000665AF0EE006A27EE255A75EEE65AE7EE3F
:108D2000277AC5EE256A76EEE77A77EEC77A30EED7
:108D3000670A10EE103A03EBC053B3F5000F0ADADE
:108D4000FFF76CFD20EE060AA4E5B1F17C5F0B464F
:108D50008BD80020A3E700EE103AF3E79FED1D0A41
:108D600098E5B0F1FF4F3FF4CBAD022325F040462C
:108D7000B6F17E5F1446F0EEC07A02D0002A7FF48E
:108D8000F2AD0029BCBFB7EE007AC7EE277A002DFE
:108D9000BFF6E3ADA2F17E521A437FF4DCAD77EE6D
:108DA000E77A87EEA70A75E500001643000016C3B0
:108DB000000080FF1872313F0072313F8CBEBF351A
:108DC0000EEADDB54CBB313355B38A38610B36BB87
:108DD000ABAA2A3E0000000010EE102A404822F004
:108DE0000043834282B04FEAD2711CD900F5313082
:108DF00000F5E470834207D9002A07DBDFED397AFA
:108E000020EE270A02B07047002A12DA9FED367A68
:108E1000C7EE007ACDED007A009A344A934208D921
:108E20009FED330AEEE7334A934244D9324A9342E4
:108E30003DD9324B9FED327A03EB8103D3ED007ABB
:108E4000E0EE077AFDEEE77A17EE900A07EE900A59
:108E50009FED2C7AF8EEE77AF0EE406AE7EEC76A0B
:108E60009FED297A67EE877A36EEE70A20EE006AF0
:108E7000DFED265A9FED267AA6EE257AF0EE405ACF
:108E8000E7EE465AB0EE006A20EE250A36EE656A35
:108E900080EE067AB7EE000A77EE677A77EEA67A6A
:108EA00037EE800A0028ADD002B0FFF7B7BC81F0E2
:108EB0000100401ACAE7B3F1645F0BD8DFED097A0D
:108EC00070EE277ACDED017AF7EE007A019B30EE55
:108ED000270A97E7DFED067AF0EE406A0020C5E743
:108EE0004FACAE420000007F01000080B4F1CF42E1
:108EF000000000001872B13E9215853FEC5606083E
:108F00003BAAB83F0072313F8EBEBF35155235BB0C
:108F10008FAA2A3E10EE103A744923F000428A428A
:108F200082B012D9B2F1FF4F00F28280002BC0F262
:108F3000DA80DFED6F7AB4EEE70AF1EE10FA46DD83
:108F4000DFED6C7A27EE800A72E06B498A4264D9C1
:108F50006A498A4254D89FED6A7A002BA7BF30EE47
:108F6000477ADFED687ADFED687A30EE077AACBFDA
:108F700001234FF0FF3337EE670A37EE407A77EE82
:108F8000677AF6EE005A20EE254ADFED606A9FED23
:108F9000605A20EE047AF0EE084AA7EE265AF7EE61
:108FA000006AB0EE666AA5EE076AE4EE464AB1EEE4
:108FB000084AA0EE644A36EE645A85EE046A26EE4C
:108FC000076ACBBB90EE067A30EE470A30E09FEDA1
:108FD000517A20EE077AF6EE007A77EE877ADFEDA7
:108FE000486AFDEEE77AB0EE407A17EE903AF8EE76
:108FF000E77AA7EEE67ADFED436A67EEA67ABAE78C
:109000009FED447A002BF6EE007AFEEE006A20EE29
:10901000077AB8BFF0EE667ADFE7B2F14C5F09D2AB
:1090200013F0FF4F04D160EE007ACDED017A019B81
:1090300002B070470023A4E736EE676A5A1CD0EEF0
:10904000067A77EEC77A06D170EE677ABEEE000A2E
:10905000A7EEA50AECE7012B16D1BDEE007AB4EE1F
:10906000C70AF1EE10FA06D570EE255AB8EE000ADE
:1090700077EEE57A66E770EE677AB0EE007AE7EEB3
:10908000876AB0EE660AD3E703F17F02D205382B78
:1090900007EE102A0ED970EE677A802B77EEA67A4B
:1090A00004BF9FED147A77EEA77A27EE277A37EE82
:1090B000660ABDE7C3F17F02D20506EE102A162B21
:1090C000CBBF77EE867A30EE670A70EE677A76EE7F
:1090D000C66ACBBF77EEA67A30EE260A27EE870A5D
:1090E00020EE070AA4E7BFEE000AA1E743B89541C6
:1090F0008071B1420000007F1872B13E9115853F2A
:109100008071313FD1F71737D1F717B71030CF3A09
:10911000688808BD3BAAB83FB5EEC00AF1EE10FA68
:1091200008B514D5B1EE400A0120F8EE007A20EE21
:10913000270AFFF7EFFEB0EE007A30EE077AC0EEB6
:10914000077A08B9F1EE677AB0EE670A08BD002029
:10915000EBE70000DFED067A08B530EE670AFFF7AF
:109160003BFEDFED047A20EE270A20EE270A08BD39
:10917000BCE322430000007A10EE103AA3F500028F
:10918000B2F1FF4F59D35A0006D160EE007ABFEE1C
:10919000007A87EE270A7047002B04DA30EE407A17
:1091A000DFED2B7AF5E7DFED2B7A60EE277A6FF0B3
:1091B000180117EE903A284ADFED284ADFED283AE9
:1091C0009FED280A9A18D30D7F3B0B4406EE903A88
:1091D000254BC2F31602D31807EE103AF7EE007AC9
:1091E00077EE677AB0EE007A37EE877AB6EE006AED
:1091F000C7EE875A9FED1D7A25EEA54A27EE866AAF
:1092000024EE045AF8EEE66AE5EE074A9FED187A76
:10921000A5EE237A26EE800A27EE047AA4EE857A5C
:10922000A6EE277AA7EE250AA6EE670A30EE270AF1
:10923000DFED107AA6EEA70A7047B3F1FF4F06D212
:10924000B3F17E5F01D00021B5E79FED010A7047C1
:10925000000000000000004C0DFB4A0013CECC3E85
:10926000EEE9913ED1F71737F304353F269E783E5D
:10927000AAAA2A3F8071313F08B5FFF77DFFDFEDD5
:10928000027A80EE270A08BD8E5D134010EE103A78
:1092900007B51C4A23F00043934200EE103A1CD855
:1092A000B3F1665FF7EE003A0AD2DFED177A30EEDF
:1092B000270A8DED010A019BB0EE630A03B000BDE1
:1092C000FFF728FE20EE007A30EE230A30EE000A87
:1092D000C7EE007A37EEA30AF0E70C4A93420CD8A7
:1092E000FFF77AFDF7EE007AC7EE803AF6EE007AE5
:1092F00073EE803A23EEA70AE0E703B05DF804EBD3
:10930000FFF728BF1672313F0000807B1672B14212
:1093100008B510EE103A181E1C4B20F00040BEEEAF
:10932000003AF6EE007AA8BFB0EE673A9842F0EE47
:10933000403A00EE100A21D8FFF7ECFDB0F17E5F55
:1093400013D2B0F1665F0DD3F7EE007A70EE277A94
:1093500020EE007AC7EE273AF0EE007AD0EE273AF8
:1093600063EE833AB0EE630A08BDF7EE007A70EE62
:10937000277AC0EE273A73EE803AF1E7FFF7EAFE6C
:1093800033EE033A63EE003AECE700BF1672B142E7
:1093900010EE103AC3F3C7517F39162982B013DC9F
:1093A000002913DB124A0A4113420DD0DFED117A76
:1093B00030EE270A002B8DED000AA8BF9B180099FC
:1093C00023EA020300EE103A02B07047DFED097A9B
:1093D00030EE270A002B8DED010A019A04DB5B00B9
:1093E00018BF4FF07E53EDE74FF00043EAE700BFB0
:1093F000FFFF7F000000807B10EE103AC3F3C751DF
:109400007F39162982B013DC002913DB124A0A4186
:1094100013420DD0DFED117A30EE270A002B8DEDCF
:10942000000AB8BF9B18009923EA020300EE103A25
:1094300002B07047DFED097A30EE270A002B8DED80
:10944000010A019A05DA5B00054B08BF4FF00043A3
:10945000ECE70023EAE700BFFFFF7F000000807B0E
:10946000000080BF10EE101AC1F3C753763B1F2BCC
:1094700082B013DC082BD8BF01234FF0FF3222FA51
:1094800003F319420AD0DFED067A30EE270A21EA0B
:1094900003038DED010A019A00EE103A02B0704705
:1094A0000000807B10EE103AC3F3C752952A18D8FB
:1094B000DFED0C7A002BB5BF30EE670A30EE270ADD
:1094C00030EE270A30EE670AB5EE400AF1EE10FAE8
:1094D00007D19FED050ADFED057A002BB8BFB0EE8E
:1094E000670A70470000004B000000000000008089
:1094F00010EE103A07B5184A23F00043934206D8FD
:10950000DFED160A03B05DF804EBFEF7F5BCB3F12E
:10951000FF4F03D330EE400A03B000BD6846FEF7AC
:1095200063F800F0030001289DED000ADDED010A5B
:1095300005D0022808D050B9FEF7DEFCECE7FEF7B4
:10954000A3FFB1EE400AE7E7FEF7D6FCF9E70120FA
:10955000FEF79AFFE0E700BFD80F493F0000000088
:1095600010B510EE104A24F00043B3F1FF4F2DED7B
:10957000068B10D3F7EE006A86EE807AE40F640063
:10958000C4F1010407EE904AF8EEE77A37EE870A55
:10959000BDEC068B10BD9E4A934244D8B3F1465FA2
:1095A00014D214F0F84F0CD1DFED9A7A60EE277ADE
:1095B000B2EE007AE0EE077AB4EE000A27EE800AF7
:1095C000E6E7DFED957AA0EE270AE1E760EE007AA4
:1095D000DFED926A9FED927A9FED926AA7EEA67AEE
:1095E000DFED916AE7EE276A9FED907AA6EEA77A03
:1095F000DFED896AE7EE276A9FED8D7AA7EE867A1E
:109600009FED8C6AA7EE276A9FED8B7AA6EE277AEC
:109610009FED8A6AA7EE276AB7EE007AA6EE277A50
:10962000C6EE877ACFE7864A934244D8F7EE007AAF
:10963000B0EEC00A30EE670A9FED827ADFED826AF3
:109640009FED826AE0EE076A002C9FED817AA6EE1C
:10965000807ADFED806AE7EE006A9FED7F7AA6EE02
:10966000807ADFED7E6AE7EE006A9FED7D7AA6EEF6
:10967000807ADFED7C6AE0EE066A9FED7B6AA6EEFB
:10968000806ADFED7A6AE6EE006A9FED796AA6EEFF
:10969000806ADFED786AE6EE006AE6EE807A87EEB1
:1096A000270AABBFDFED747ADFED747A30EE270A5C
:1096B00037EEC00A6CE7724A934208D9002CBFEE1D
:1096C000000AF7EE007AA8BFB0EE670A60E76D4ABD
:1096D000F0EEC09A20EE000AB7EE009A9342C9EE6F
:1096E000007A62D89FED687ADFED686ADFED688AFC
:1096F000E7EE876A9FED677AA6EEA77ADFED666AE6
:10970000E7EE276A9FED657AA6EEA77ADFED646A39
:10971000E7EE276A9FED637AA6EEA77ADFED626A2D
:10972000E7EE278A9FED617AA7EEA67ADFED606A01
:10973000E7EE276A9FED5F7AA6EEA77ADFED5E6A15
:10974000E7EE276A9FED5D7AA6EEA77ADFED5C6A09
:10975000E7EE276A9FED5B7A19EE903AA6EEA77ABC
:109760006FF30B0308EE103AF0EE49AABEEE020AC0
:10977000E7EE27AAA8EE480AFFF72EFBB0EE40AAB4
:1097800088EEAA0A78EE697A39EE888AA7EE880A06
:10979000FFF722FB2AEE00AA002C8AEE290AACBFB2
:1097A00039EE400A30EE490AF2E6DFED476A9FEDF6
:1097B000477ADFED478AA7EEA67ADFED466AE7EE45
:1097C000276A9FED457AA6EEA77ADFED446AE7EEB9
:1097D000276A9FED437AA6EEA77ADFED426AE7EEAD
:1097E000278A9FED417AE7EE876A9FED407AA6EEE1
:1097F000A77ADFED3F6AE7EE276A9FED3E7AA6EE95
:10980000A77ADFED3D6AE7EE276A9FED3C7AA3E792
:10981000FFFF573FD475833FD475033EB156C7B79A
:109820008914BDBB1AE284B68F52E9BCEB6BA6BEAD
:1098300049EE0A391681A63B632A853DCEBBCB3E55
:10984000FFFF9F3FC0F90DBBB351113DA35A443CEC
:10985000C21CE3BD54FEA23E0892BEBE0568D43EC3
:10986000C6CD1ABB136E5F3C0733013EE71A933D2A
:1098700085570A3F31F3D93D0B56583F0B5658BF19
:10988000FFFFBF406DDB36407E071DC12B93A2C298
:1098900093A021BCE79A38C38C6522C3578079C254
:1098A00022F028C1B7A031BF977F77BD7C3FD2405F
:1098B0001F45D9420B81D643C95821446F48D9432B
:1098C00063A80943CE359D4175C2F1C30B2380C403
:1098D00092A021BC41641FC4EAA220C34B108EC1D8
:1098E000D49D4CBFA743ED431287B3C1CE901F4513
:1098F000BBFD47455917C04471E5A24359B4F24135
:1099000010B510EE104A24F00043B3F1FF4F2DEDD7
:10991000068B0ED3E40F640007EE904AF7EE006A60
:10992000B8EEE77AC6EE807A37EE270ABDEC068BF2
:1099300010BDA64A934244D8B3F10E5FF7EE007A09
:1099400002D237EEC00AF1E720EE007ADFEDA06A1E
:109950009FEDA06ADFEDA05AA7EE266AB4F17A5F08
:10996000DFED9E6AE6EE076A9FED9D6AA6EE876AC6
:10997000DFED9C6AE6EE076A9FED9B6AE7EE065A0A
:109980009FED9A6AA5EE876ADFED995AE6EE075ACF
:109990009FED986AA5EE876AF0EE675AE6EE075AE1
:1099A00086EEA57A27EE007A04DA30EE077A37EEF3
:1099B000C70ABBE7F6EE007A30EE670A30EE070A18
:1099C000BFE78D4A934247D8F7EE007AB0EEC00A5F
:1099D00030EE670A9FED897ADFED896A9FED896A2B
:1099E000E0EE076A002C9FED887AA6EE807ADFED24
:1099F000876AE7EE006A9FED867AA6EE807ADFED51
:109A0000856AE7EE006A9FED847AA6EE807ADFED44
:109A1000836AE0EE066A9FED826AA6EE806ADFED59
:109A2000816AE6EE006A9FED806AA6EE806ADFED4D
:109A30007F6AE6EE006AB0EE676AA6EE806A87EE9D
:109A4000060A02DBDFED7A7A7BE79FED7A7A30EE69
:109A5000070A30EE270A69E7774A934200F2A980A5
:109A6000A2F1D472A2F5923260EE006A933AB7EE98
:109A7000007A9342C7EE267A63D8DFED706A9FEDD5
:109A8000706ADFED709AA7EEA66ADFED6F6AE6EE08
:109A9000276A9FED6E6AA6EEA76ADFED6D6AE6EEB5
:109AA000276A9FED6C6AA6EEA76ADFED6B6AE6EEA9
:109AB000276A9FED6A6AE6EEA79ADFED696AE7EE2C
:109AC000866A9FED686AA6EEA76ADFED676AE6EE32
:109AD000276A9FED666AA6EEA76ADFED656AE6EE85
:109AE000276A9FED646AA6EEA76ADFED636AE6EE79
:109AF000276AB0EEC08A18EE103AA6EEA77A6FF386
:109B00000B0308EE903ABEEE020AA8EEE80AB0EEA9
:109B1000479AFFF761F9B0EE40AA89EE890A78EE1C
:109B2000C87A78EE288AA7EEA80AFFF755F92AEE38
:109B300000AA002C8AEE080A3FF7F8AEF0EE007A91
:109B4000FFE6002C02DA4D4A93423BD89FED4C6A67
:109B5000DFED4C6ADFED4C9AE7EE866A9FED4B6ACB
:109B6000A6EEA76ADFED4A6AE6EE276A9FED496A2C
:109B7000A6EEA76ADFED486AE6EE276A9FED476A20
:109B8000E6EEA79ADFED466AA7EEA66ADFED456A24
:109B9000E6EE276A9FED446AA6EEA76ADFED436A08
:109BA000E6EE276A9FED426AA6EEA76ADFED416AFC
:109BB0009DE79FED410A002CF0EE007AD8BFB0EE91
:109BC000670AB3E6B0EE000AB0E600BFFFFF573FFA
:109BD000B156C7B78914BDBB49EE0A398F52E9BCEB
:109BE000EB6BA6BED475033E1AE284B61681A63B83
:109BF000632A853DCEBBCB3EFFFF9F3FC0F90DBB27
:109C0000B351113DA35A443CC21CE3BD54FEA23ED5
:109C10000892BEBE0568D43EC6CD1ABB136E5F3C2B
:109C20000733013EE71A933D85570A3F31F3D93D8B
:109C3000D4A71E3E0B56583FFFFFDF417E071DC1D4
:109C40002B93A2C293A021BCE79A38C38C6522C390
:109C5000578079C222F028C1B7A031BF977F77BD66
:109C60007C3FD2401F45D9420B81D643C95821447D
:109C70006F48D94363A80943CE359D41FFFFBF40DC
:109C800075C2F1C30B2380C492A021BC41641FC4E0
:109C9000EAA220C34B108EC1D49D4CBFA743ED4315
:109CA0001287B3C1CE901F45BBFD47455917C0442D
:109CB00071E5A24359B4F2410000000010EE103AE1
:109CC000002110B523F0004201600F49541E8C4260
:109CD00018D213F0FF4F0AD1DFED0C7A60EE277A2D
:109CE0006FF0180117EE903A016023F0004201680E
:109CF000D21523F0FF437E3A43F07C53114400EE2B
:109D0000103A016010BD00BFFFFF7F7F0000004CD4
:109D10009FED0A7AF0EEC06AF4EE476AF1EE10FAAF
:109D2000F0EE407A06D8B5EE400AF1EE10FA01D016
:109D3000FEF774BDB0EE670A704700BFFFFF7F7F7C
:109D400010EE103AC3F3C7527F3A162AF0EE407A6B
:109D50000ADC002A03DA03F0004303607047094974
:109D600041FA02F21A4206D103F0004300EE103A23
:109D700017EE903AF1E723EA020307EE103A30EECD
:109D8000470AEAE7FFFF7F0010EE103A07B5194ACD
:109D900023F00043934207D8DFED170A002003B0F9
:109DA0005DF804EBFEF770BBB3F1FF4F03D330EE69
:109DB000400A03B000BD6846FDF716FC00F0030042
:109DC00001289DED000ADDED010A06D0022807D02A
:109DD00060B90120FEF758FBEBE7FEF78DF8E8E7E6
:109DE0000120FEF751FBB1EE400AE2E7FEF784F8EE
:109DF000F9E700BFD80F493F0000000010EE103A0D
:109E000007B5114A23F00043934207D8DFED0F0A4C
:109E1000012003B05DF804EBFEF77EBBB3F1FF4F0A
:109E200003D330EE400A03B000BD6846FDF7DCFB0B
:109E3000400000F00200DDED010A9DED000AC0F1D6
:109E40000100FEF769FBEEE7DA0F493F0000000072
:109E500007B501A8FDF7F0FC03B000BDDFED0D7AFA
:109E6000B0EEC07AB4EE677AF1EE10FA07B505D914
:109E7000DFED097A30EE270A03B000BD01A8FDF737
:109E8000DBFCFEF7A9FF019B002BB8BFB1EE400A37
:109E9000F2E700BFFFFF7F7F0000807FB1EEC00AC6
:109EA0007047000040EA01039B0730B596461FD17A
:109EB000940828D00D46031F01EB840C51F8042BA5
:109EC00043F8042F8C45F9D1013C2A1D00EB840393
:109ED00002EB840104331EF0020F1CBF31F8022B89
:109EE00023F8022B1EF0010F01D00A781A7030BD42
:109EF000002AFCD0431E8E4411F8012B03F8012FD9
:109F00007145F9D130BD0346E5E700BF81420FD26C
:109F10008B1898420CD26AB1013A831801330A4473
:109F2000013912F801C903F801CD8A42F9D170470D
:109F3000FFF7B8BF704700BF00F0030C5CEA010CEC
:109F400017D100B55FEA920E1CD000EB8E010346DC
:109F500043F804CB9942FBD100EB8E0E910744BF2E
:109F600000232EF8023BD30702D500238EF80030E1
:109F700000BD32B10244034603F8011B9342FBD1FA
:109F8000704770478646E9E7013A4B1E0138114495
:109F900006E010F801CF13F8012F944506D303D83B
:109FA0008B42F6D100207047012070474FF0FF3000
:109FB000704700BF017849B10346194613F8012FD5
:109FC000002AFAD1C0F101000844704708467047E2
:109FD0000138013903E072B1934207D309D810F870
:109FE000013F11F8012F002BF5D122B14FF0FF30C6
:109FF000704701207047181E18BF0120704700BF2E
:10A0000082B10378013A7BB191F800C0BCF1000F36
:10A010000AD063450FD300F1010001F10101EFD92E
:10A0200001207047104670470B7823B90278D01A88
:10A0300018BF012070474FF0FF307047037853B1CD
:10A04000CAB202E010F8013F2BB19A42FAD1914214
:10A0500018BF002070471A46914218BF0020704771
:10A0600010B5037842788478C07888B079B9CDE9A2
:10A070000123009403461021074A0DEB0100FAF773
:10A080003FFC014604A8EAF783FE08B010BDCDE905
:10A0900001400092EFE700BF62AC050813B50C4623
:10A0A0001146FFF7DDFF00902046E8F75FFA6946AA
:10A0B00001900220ECF7ECFD02B010BDF7B50C46A4
:10A0C00001A91546EBF7CAFA019BF3B10344024616
:10A0D0009342164606D912F8011B2E29F8D03039C2
:10A0E0000929F5D9E21C21464FF00A0C0023B042A1
:10A0F00002D207782E2F0BD17DB91370A2420ED158
:10A10000B04203D00A48E3F761FE236003B0F0BD1C
:10A110000CFB03730130303BE9E70B70EEE7B04214
:10A12000F0D203782E2BEDD1013A01310130DDE779
:10A130006EAC050837B50C461546022101AAE4F7B6
:10A14000F1FF019B2A4618682146FFF7B7FF019BE4
:10A150005868E4F71DFF03B030BD0000042807B5C0
:10A16000034606D801460B4803B05DF804EB05F042
:10A1700069BF094A06216846FAF7C2FB00F10803E5
:10A180006B444422411C684603F8082C05F05AFF32
:10A1900003B000BD72AC050877AC0508F8B5244DD6
:10A1A000AB7DDB0731D52E68706801282DD9B168E9
:10A1B000431ECA5C0A2A28D14A1E002B01DC1A461B
:10A1C00008E0D45C0A2CFAD0013BF6E78C5C202C2A
:10A1D00002D101329042F9D8002B0CDD541CA04270
:10A1E00009D14C1E1C448C4205D014F8017D0A2F65
:10A1F0000BD0202FF7D00144D21A11F8023C3A2B91
:10A200004FEA920400D1013404B9F8BD094904228F
:10A210003046D7F727F80748042105F013FF2B69CC
:10A2200004332B61AB7D43F00203013CAB75EBE7DC
:10A23000300900205DAC0508024820220021FFF70C
:10A240007BBE00BFF004002038B50C4C4368206092
:10A2500000220546A260227508464FF0FF32C4E98D
:10A2600003236360A16100F013FE6B680BB9012347
:10A27000A375BDE83840FFF791BF00BF300900204B
:10A28000F8B503780446CBB10D4E306F18B12146B6
:10A29000FFF79EFE90B12046FFF78CFE451C284636
:10A2A000D5F7F1FF074648B12A462146FFF7FAFDE8
:10A2B00004491C22081DFFF729FE3767F8BD00BFBF
:10A2C00080040020F00400202DE9F341A24C064652
:10A2D000A56820684768042D00F2B481DFE815F016
:10A2E000050012011B018A01AE01731E042B0AD85E
:10A2F0006368BB4204D13546284602B0BDE8F08110
:10A30000012E00F08381B31E132B55D801A252F801
:10A3100023F000BFE3A50408F7A204082BA6040855
:10A3200021A60408C3A50408B9A30408B9A3040816
:10A33000B9A30408B9A3040865A30408B9A30408D1
:10A34000B9A304089DA50408B9A304086DA50408D1
:10A35000B9A30408B9A30408B9A30408B9A304085D
:10A36000A3A304082169791AD7F773F823685B68F7
:10A37000BB4203D27948032105F064FE22682369B9
:10A38000D2E90110C91A184405F05CFE2368586828
:10A390002369C01A401BFFF7E1FE23692B442361A8
:10A3A00063E061682269521AD7F75AF82669636830
:10A3B000F61A002E2BDCD9E70D2E01D00A2E29D15A
:10A3C000637D0BB19E420BD16548667500F060FD60
:10A3D0002068D6F7C8FF63681844FFF751FF8BE782
:10A3E00000236375082E01D07F2E23D12169626876
:10A3F00091423AD9A1EB020C2B46634511D1042BB3
:10A40000B4BF012604263246891BD7F729F84FF03E
:10A4100001081EE000231B2E6375E3D10123A36016
:10A4200023E086681644F65C202E01D10133E4E770
:10A430000126E8E7A37D9A071ED5092E13D0202E0A
:10A4400055D14FF00008032184F81680D7F701F8A2
:10A4500003263046FFF782FE23699B1B2361B8F178
:10A46000000F83D1B2E00023A375A37D23F0020384
:10A47000A3754FF0FF353FE7092E38D1E7B1836868
:10A480002269134413F8010CD7F706FCA0B1354B31
:10A49000019304260025019B216920685A1C019222
:10A4A0002944012293F80080D6F7BBFF0135B5425D
:10A4B00080F80080EFD159E7236860689E682169C1
:10A4C000294A091A01AB3044F1F75AFD0646002823
:10A4D000CBD0431CDED1A06900F0DAFC22686368AF
:10A4E00021699068C91A184405F0ACFD3EE7A6F151
:10A4F00020035E2BB9D821690122D6F792FF0125EE
:10A50000067033E74F2E04D05B2E40F09B80022371
:10A5100085E7042383E7A6F13003092B03D803233F
:10A52000A3602675A1E70023413EA360072E9CD8B7
:10A5300001A353F826F000BF6DA504089DA50408EB
:10A54000C3A50408E3A504086BA4040821A6040815
:10A550006BA404080DA60408300900207CAC050893
:10A560001FAD05085DAC0508E4D90508E268062AB8
:10A570003FF77BAF344B03EB8203551C596F002927
:10A580003FF473AF6368E5604360D6F73DFF226830
:10A59000636826695568F61AED1A0AE7E368002B26
:10A5A000FFF663AF6168013B791AE360D6F751FFAC
:10A5B000E268002AEBDB244B206803EB8203196F6F
:10A5C000E3E72569BD422CBF00250125002D7FF75B
:10A5D0004CAF2368986823692946184405F032FD7A
:10A5E000DBE6226963689A427FF63FAF0025A84602
:10A5F00001262EE77E2E25D1237D313B072B21D846
:10A60000DFE803F00420130E2020040E266963689F
:10A610000025F61AAE42A5607FF727AFA84618E7D7
:10A62000256900237D1BA360D0E72169B94209D2C7
:10A6300001220025D6F714FFA56097E6462EEFD03D
:10A64000482EE3D00023EAE68004002008B5FFF797
:10A65000FBFD05F0DFFCFFF737FE431CF9D008BD1A
:10A6600000B58BB06846D5F77BFD044B1968091A15
:10A670008908D5F749FF0BB000BD00BF800400205A
:10A68000014B1860704700BF7804002008B543688C
:10A6900080685B6800219847BDE80840E7F766BF1F
:10A6A000F8B50C68636807465B68A0680D46012131
:10A6B0009847E7F75BFF022F064608D16368686892
:10A6C000A4681F68E4F764FC01462046B84730469A
:10A6D000F8BD000038B5054614200C46D5F7E1FD5D
:10A6E000044B8460C0E900350623C3600023037473
:10A6F00038BD00BF0C57060870B5062892B0054655
:10A700000E4603D10024204612B070BDF2B1E3F72B
:10A71000B9FDD5F7A1FE6846D5F76AFD044650B9E4
:10A7200031462846E2F78CFED5F738FDD5F79CFE7A
:10A73000E3F7BEFDE7E707490748D7F75FFA019956
:10A740000548E4F77DFB4FF0FF34EFE7E3F7CEFD7C
:10A75000D8E700BF80AC0508E4D9050810B5027C35
:10A760000446D0E90210FFF7C7FF013006D1636845
:10A77000A0681B68002198470623E36010BD10B550
:10A780000446084611460022E3F7ECFF2046FFF797
:10A79000E5FF062010BD00002DE9F0439BB0044604
:10A7A000002608A8154688460996D5F721FD05F02C
:10A7B00001078146002862D115F0080330D010202F
:10A7C000D5F756FD534A12694260034694E80300E8
:10A7D0004A46C3E90201A0681946E2F7C1F8290612
:10A7E000064602D40320FFF74BFF05F033FD044675
:10A7F0003046E2F7F3FD4FF0FF30FFF741FF012055
:10A80000E3F7BCFDD5F7CAFC002F7DD042480121FB
:10A8100005F018FC012601213F4805F013FC6FE00C
:10A82000EA061CD5D4E90121E120D9F79EF80446B7
:10A83000B8F1010F266806D1F10041F0020140F2A3
:10A840001730E2F70FFC4246214606A8D9F7FAFC7A
:10A85000C5F38002314606A8DCF7A6FDBFE76E0609
:10A8600005D594E80E00E120D9F732F8DFE7A80615
:10A87000DED52046D6F70EFCD9F783F8D7E74FF0A0
:10A88000FF30FFF7FDFE3046E3F778FD6A0602D59C
:10A89000A368206898471FB11F48012105F0D2FB2B
:10A8A000099B1E491868EDF7B9F9044600282DD117
:10A8B00009991B48E4F7C4FA2646AB071ED5194B85
:10A8C0001B78DBB105F0C6FC1749021B1448D7F70B
:10A8D00095F906AB05AA04A903A8D6F715FC069BB3
:10A8E0000193059B114900930D48DDE90323D7F738
:10A8F00085F909F07DFA0A48D6F7E2F9002F8AD1E6
:10A9000030461BB0BDE8F0830126D6E700244FF4A3
:10A910008076D2E780040020ACAC05081CEE050868
:10A92000E4D905084C090020AEAC050846A9050885
:10A9300008B5E4F72DFB034B003818BF0120187051
:10A94000062008BD4C09002008B503784BB9012149
:10A950000170044805F076FB05F05CFB0338012824
:10A96000FAD808BDACAC050870B5067805461EB12E
:10A970004FF0FF34204670BD05F04CFBC31E012B89
:10A9800004460BD801210C48297005F05BFB032C11
:10A99000EED10A4846643C30D5F742FCAB88013B17
:10A9A0009BB2AB80002BE5D10548012105F04AFBA5
:10A9B0006B88AB80DEE700BFACAC050880040020EC
:10A9C000D6AC0508F0B58BB0202106A8D6F75CFC04
:10A9D0000027354800F05CFA0797344800F058FA31
:10A9E00005F018FB431E032B45D8DFE803F00236C1
:10A9F000414907990229ECD1089B1A78052AE8D128
:10AA00005E78412E05D02A4805F01CFB00230793F1
:10AA1000E3E7284805F016FB80240125032168465A
:10AA2000ADF800408DF8025005F00CFB00238DF8C6
:10AA3000043001AB0393204B049332461F4BADF817
:10AA40000640294603A8ADF808400593FFF7A4FE89
:10AA5000C205DBD54FF4807008E0194800F018FA01
:10AA600006A8D6F73BFC174B002018700BB0F0BDC2
:10AA700000230793B4E7C1B206A8D6F783FCAFE77B
:10AA8000114800F005FA079B33B90D4800F000FAB1
:10AA900006A8D6F723FCDDE71122012106A8FFF75F
:10AAA0007BFEC30598D5D5E7BAAC0508569D0508C9
:10AAB0007C570608D5AC050869A9040849A904080B
:10AAC0001FAD05084D090020D8AC050830B587B08A
:10AAD000202102A8D6F7D8FB3F48404C00F0D8F917
:10AAE0003F4800F0D5F93F4800F0D2F93E4800F069
:10AAF000CFF90025012025810395F1F76BF9014677
:10AB000002A8FFF7A3FD013804284AD8DFE800F0C7
:10AB1000030F27131C00334800F0BAF902A8D6F738
:10AB2000DDFB324B01221A70002007B030BD2D48EA
:10AB300000F0AEF9D0E72B4800F0AAF902A8D6F74A
:10AB4000CDFB4FF48070F0E7294800F0A1F90395A0
:10AB500005F060FAC1B203298DF8071003D121482E
:10AB600000F096F9C6E704290AD11E4800F090F9D2
:10AB70000121162202A8FFF70FFEC305BAD5E0E7B0
:10AB800002A8D6F7FFFB9DF807300D2B03D119481B
:10AB900000F07EF9DCE701210DF1070005F052FA23
:10ABA000D6E7039B002BA5D002A8D6F7DCFBF1F774
:10ABB0002BF970B10A2102A8D6F7E4FB0220F1F7C5
:10ABC00009F9014602A8FFF741FD0328C7D0042870
:10ABD000EAD10021CDE700BFB29F05088004002024
:10ABE000DBAC05081FAD0508FCAC05084D090020CD
:10ABF00022AD050852AD050820220121FFF7CCBD8A
:10AC000037B50C466A4601A90546F1F703FB0199E1
:10AC100084F0010201294FEAC2120BD0022906D0AA
:10AC2000074908482A46D6F7E9FF002005E042F028
:10AC3000080201210098FFF7AFFD03B030BD00BF4F
:10AC400059AD0508E4D90508002210B5114604469F
:10AC5000F1F7E0FA022805D120460121BDE81040B5
:10AC6000FFF7CEBF2046F9F7B9F8022804D12046F5
:10AC7000BDE81040FFF7C0BF012010BDEFF3108109
:10AC800072B6064B1B68C21A002A054ADABF0133A6
:10AC90001360106081F31088704700BF58090020CE
:10ACA0005409002040694B69C01AC00F704700006A
:10ACB0002DE9F843EFF31187F02383F312880E4E4A
:10ACC00000243568A04625B9346087F31188BDE8B3
:10ACD000F88369680948C5F80480E3F7CBFC2B8A40
:10ACE0009B07814605D4224604482946E3F7A1FC88
:10ACF00004464D46E7E700BF50090020A5AC040814
:10AD00002DE9F8431C4B1D4D1E682C6800274FF0A1
:10AD1000010913E061681A486760E3F7ABFC228A17
:10AD2000E369D107804613D5C2F380022146184655
:10AD3000FFF7E2FC78B1A4F812904446CCB1606908
:10AD4000831B002BE6DD2C60BDE8F843FFF796BFC0
:10AD50000BB120469847638A022BEED1D4E9053225
:10AD600013446361214606484246E3F762FC044609
:10AD7000CDE72C60BDE8F883580900205009002079
:10AD8000A5AC04082DE9F341EFF31187F02383F319
:10AD90001288114E00253468A8462CB9356087F317
:10ADA000118802B0BDE8F08161680C48C4F80480E5
:10ADB0000194E3F75FFC019B1B8A9B07044603D5C4
:10ADC000012101A8D5F7A0FB2A4601990348E3F722
:10ADD00030FC0546E1E700BF50090020A5AC04089F
:10ADE000002370B54360C3600C4B1B6819440446D4
:10ADF0004161EFF31186F02383F31288084D014679
:10AE00002A680848E3F715FC8442286002D160698B
:10AE1000FFF734FF86F3118870BD00BF580900208A
:10AE200050090020A5AC040838B50246EFF311859F
:10AE3000F02383F31288044C04482168E3F73BFCB9
:10AE4000206085F3118838BD50090020A5AC0408A6
:10AE500038B545180146A94206D1884215D2BDE849
:10AE60003840091A05F0EEB80C4614F8013B0A2BDD
:10AE700009D1884202D2091A05F0E4F803480221F8
:10AE800005F0E0F820462146E5E738BD1FAD05088E
:10AE900010B50446FFF78EF801462046BDE8104085
:10AEA00005F0D0B8032902D1104605F099B804295D
:10AEB0001DBF16224FF0FF301A6000207047084671
:10AEC000114605F0BFB870B515460C468E18B44251
:10AED00001D1284670BD05F09DF804F8010BF6E796
:10AEE00038B5054614466A68013A012A084604D86E
:10AEF0002146FFF7ADFF204638BD01221A604FF012
:10AF0000FF34F8E770B5054608460C46E3F76AFFDC
:10AF10006368034902462846BDE87040D6F76EBE16
:10AF200075AD050870B5154642686AB90C464E19EC
:10AF3000A64201D1284670BD05F06CF80D2808BF67
:10AF40000A2004F8010BF3E701221A604FF0FF35E5
:10AF5000F0E7830705D16422B0FBF2F302FB130391
:10AF60004BB94FF4C873B0FBF3F203FB1200B0FA15
:10AF700080F040097047012070470000074B4A1ECF
:10AF800010B533F9114033F912300229A4EB030450
:10AF900002D1FFF7DEFF0444204610BD64580608C6
:10AFA00010B5064B4C1E022933F91440144402D943
:10AFB000FFF7CFFF0444204610BD00BF64580608C9
:10AFC000F8B5154600233F4A0BF0EAFA002B044679
:10AFD00016461F4604DA3B4AB61843F10007013C07
:10AFE0004FF461620023304639460BF0D9FA3C2217
:10AFF00028710023304639460BF0D2FA002316465A
:10B000003C220BF0CDFAE31C6A71072293FBF2F2AB
:10B01000C2EBC2029B1A04F503342B4AAE7148BF3F
:10B02000073304F56A7448F6AC61EB7194FBF2F3F4
:10B0300002FB134292FBF1F4042C08BF032440F2FC
:10B04000B55001FB142292FBF0F1192908BF182119
:10B0500000FB112240F26D1092FBF0F0042808BFB3
:10B0600003206FF4B67606FB00226426734319268C
:10B0700006FB04330B4400EB830000F5C86080B28C
:10B080001249288000230C78944216DD991CC9B21D
:10B090000B2984BFA3F10A01013002F1010201F181
:10B0A000010188BF80B2D2B2C9B288BF2880EA70DD
:10B0B000A970FFF775FF2881F8BD0131121B01331C
:10B0C000E1E700BF80510100B13A0200585806087C
:10B0D000F8B51D46A0F2B27740F26D135F436FF4EE
:10B0E000C863C418A308DB194FEAE77646F10006E7
:10B0F0006427B4FBF7F7DB1B66F100064FF4C87753
:10B10000B4FBF7F4E41846F10006593C46F1FF366B
:10B11000FFF746FF0A4B01380019A0FB032146F157
:10B12000000603FB0611DDE906303C2404FB0300A6
:10B130004FF4616303FB0500801841F10001F8BD85
:10B14000805101002DE9F041079C069E4FF03C0C18
:10B1500094FBFCF50CFB15442E44002C04EB0C076F
:10B16000A8BF274606F1FF34B8BF264696FBFCF47D
:10B170000CFB14662344002E06EB0C04B8BF2646D5
:10B1800003F1FF34B8BF23464FF0180C93FBFCF4D7
:10B190000CFB1433A518002B03EB0C08A8BF984632
:10B1A00005F1FF33B8BF1D464B1E0C2193FBF1F296
:10B1B00001FB1233002B02EB00041944A8BF19460F
:10B1C00004F1FF33B8BF1C460131002D0DDD2046D0
:10B1D000FFF7D4FEA84213D3CDE9066743462A46BB
:10B1E0002046BDE8F041FFF773BF013904F1FF339A
:10B1F00004BF1C460C212046FFF7C0FE0544E4E7CF
:10B2000001310D2904F10103A5EB000504BF1C4623
:10B210000121DCE7044B00F00F0200099A5C185C86
:10B2200040EA0210C0B270477E5806082DE9F04F80
:10B23000D0F8009087B01F460B4404460393B9F141
:10B24000000F51D0BA4602F1FF38039B534551D04D
:10B25000A37918F8016F1BB93046FFF7DBFF0646EC
:10B260004FF0080B0025E268D388D268F10758BF79
:10B270001B0493616379002B40F08F80484605F0F2
:10B280000BF8A2682179D388D268012908BF1B0472
:10B2900093612269D36812891B69C2F34312D340B8
:10B2A00003F0010343EA4503DDB26379002B40F06C
:10B2B0008280484604F0F0FFA2682179D388D268E2
:10B2C000002976D09361BBF1010BC6F34706CAD1C2
:10B2D0003FB1A3791BB12846FFF79CFF05468AF8CA
:10B2E00000500AF1010AB0E7531E3D460293039B4A
:10B2F000AB4202D107B0BDE8F08F029AA379019367
:10B3000012F8013F0292019A1AB91846FFF782FF1C
:10B310000346226994F804E0D06812890490C2F3CD
:10B320004311E268B2F80690D2F80CA0A268B2F815
:10B3300006C0D6684FEA09424FF00808002005927F
:10B340004FEA0C4BDA075ABF059ACAF81820CAF818
:10B350001890049ABEF1010F14BFC6F818C0C6F8C1
:10B3600018B01269CA4002F0010242EA4002D0B2AB
:10B37000BEF1000F0ED0C6F818C0B8F10108C3F333
:10B380004703DFD127B1019B0BB1FFF743FF2870C3
:10B390000135ACE7C6F818B0EFE7A2682179D38889
:10B3A000D268012908BF1B049361484604F074FF6A
:10B3B0006FE71B0486E7A2682179D388D26821B1A0
:10B3C0009361484604F068FF7DE71B04F8E710B579
:10B3D0000446B1B980682179C388C26899B1936184
:10B3E00000231A46012104F077FE00231A46E06884
:10B3F000012104F071FE002320691A46194604F069
:10B400006BFE002010BD1B04E9E70000F0B585B01D
:10B410000C4606F071FC00231A460521054604F08F
:10B420005BFE062201A92046E3F7E4FF029B042B02
:10B4300002D82848E2F7CAFCEB68EA889A61FA2049
:10B4400004F0D6FEEB88EA681B049361122004F036
:10B45000CFFEEFF31186102383F31288EB68EA889E
:10B460009A610A2004F018FF04F0FAFE0746EB6820
:10B470001C692B89C3F34313DC4014F001041FD172
:10B48000962201212846F2F705F800281DDB019FCE
:10B49000642201212846F1F7FDFF002815DBE310A7
:10B4A0003028FA5C94BF00200120013440EA4200B9
:10B4B000282CF854ECD186F31188062005B0F0BD95
:10B4C00004F0CEFEC01B6428D1D986F311886E200B
:10B4D000E2F7A0FE8C9F050810B5084B04461868DB
:10B4E0004FF47A73B0FBF3F000F022FA0022214609
:10B4F0004FF0FF3000F0CEF9002010BD38040020DE
:10B50000014B1868000C7047002004E0024B1868DB
:10B51000C0F30B00704700BF002004E0704700003C
:10B5200010B50446002800F09F80036C23B94364E3
:10B5300080F83C30FFF7F2FF236CDB0600F19280CD
:10B54000236C23F4885323F0020343F002032364A3
:10B55000464B5A6822F440325A605A6861680A437E
:10B560005A60236821695A6822F480725A605A68C6
:10B5700042EA01225A605A68A16822F040725A6079
:10B580005A680A435A609A68E16822F400629A6035
:10B590009A680A439A603649A26A8A4256D09968E4
:10B5A00021F07061996099680A439A609A68E16A2B
:10B5B00022F040529A609A680A439A609A68A16998
:10B5C00022F002029A609A6842EA41029A60226A74
:10B5D000002A43D05A6842F400625A605A6822F442
:10B5E00060425A60626A5868013A4FF4604191FAC9
:10B5F000A1F1B1FA81F18A4002435A60DA6AE16945
:10B6000022F47002DA62DA6A013942EA0152DA623D
:10B610009A68216B22F400729A609A6842EA412289
:10B620009A609A68616922F480629A609A68002040
:10B6300042EA81229A606064236C23F0030343F0A2
:10B6400001032364002384F83C3010BD9A6822F083
:10B6500070629A609A6822F04052AEE75A6822F40B
:10B660000062CAE70120EDE70120EEE70023014078
:10B670000100000F82B00023019390F83C30012BB1
:10B680004ED0012380F83C3003689A68D10705D575
:10B690009A68D20714D4002002B070479A682149F2
:10B6A00042F001029A60204A1268B2FBF1F202EB0A
:10B6B00042020192019A002AEAD0019A013AF8E77F
:10B6C000026C22F4E06222F0010242F48072026411
:10B6D0005A68510541BF026C22F4405242F4805234
:10B6E0000264026C12F480521CBF426C22F006020B
:10B6F0004264002280F83C206FF022021A600B4A5C
:10B700005268D20608D19A6812F0405FC3D19A6895
:10B7100042F080429A60BEE7054A9342BBD1F2E70D
:10B720000220B9E740420F00380400200023014006
:10B730000020014090F83C30012B14D003689A6837
:10B7400022F001029A609B68DB0707D4036C23F4A4
:10B75000885323F0010343F001030364002380F8BE
:10B760003C3018467047022070470000F7B50023B0
:10B77000019390F83C30012B7FD00C6802688E68F2
:10B78000092CA5B231D9A5F10A03D76803EB43030D
:10B790004FF0070C0CFA03FC27EA0C07D760D768B8
:10B7A00006FA03F33B43D3604B68062B2CD8013BCE
:10B7B000516B03EB83031F269E4021EA0601516370
:10B7C000516B05FA03F30B4353632D4B9A4206D199
:10B7D000122C38D12B4A536843F480035360002362
:10B7E00080F83C30184603B0F0BD136904EB440CFC
:10B7F000072707FA0CF723EA07031361136906FA10
:10B800000CF61E431661CFE70C2B0ED8073B116BCD
:10B8100003EB83031F269E4021EA06011163116B8F
:10B8200005FA03F30B431363CFE70D3BD16A03EB38
:10B8300083031F269E4021EA0601D162D16A9D4002
:10B840000D43D562C1E7104A944201D0112CC6D1F4
:10B850000C494B68944243F400034B60BFD10B4B3F
:10B860000B4A1B68B3FBF2F30A2253430193019B7B
:10B87000002BB4D0019B013BF8E70220B3E700BFE7
:10B880000020014000230140120000103804002075
:10B8900040420F00144BDB68C3F3022330B5DD1EBA
:10B8A000042D94BFC3F1070304234FF0FF3488BF76
:10B8B000002504FA03F321EA0301AC40002822EA40
:10B8C000040201FA05F141EA0201AEBF00F1604055
:10B8D000064A00F00F004FEA0113AABF00F56140CD
:10B8E000135480F8003330BD00ED00E014ED00E0AB
:10B8F000002807DB044A4109012300F01F008340B0
:10B9000042F82130704700BF00E100E000280CDB66
:10B910004309064900F01F0020330122824041F80C
:10B920002320BFF34F8FBFF36F8F704700E100E01C
:10B930000138B0F1807F0BD24FF0E023054A586107
:10B94000F02182F823100020072298611A617047C5
:10B950000120704700ED00E070B590F83440012CF4
:10B9600001D1022070BD012480F8344090F83540A8
:10B97000866D012C4FF0000429D1022580F8355046
:10B9800044650468256825F4802525606360836824
:10B99000402B0EBFA260A160E260C26D08BFE160F3
:10B9A0003F239340B360236843F016032360636929
:10B9B00043F080036361036C1BB1236843F0080309
:10B9C0002360236843F0010323600020CAE780F866
:10B9D0003440C6E7F7B5002301935C4B856D1F68C3
:10B9E000C36D2E6808229A40324204460CD001688A
:10B9F0000868400708D5086820F004000860AA60BD
:10BA0000626D42F001026265514A9A40324208D0AA
:10BA100021684969090641BFAA60626D42F00202CD
:10BA200062654C4A9A40324208D02168096888070A
:10BA300041BFAA60626D42F00402626510229A4022
:10BA4000324210D02368196809070CD5AA601A6819
:10BA5000500337D51B68190301D4236C00E0A36C95
:10BA60000BB120469847E16D20228A4032423AD0FD
:10BA700023681868C60636D5AA6094F83520052ACA
:10BA80001A6827D122F016021A605A6922F0800241
:10BA90005A61226C0AB9A26C1AB11A6822F0080223
:10BAA0001A603F238B40AB60002384F834300123BD
:10BAB00084F83530236D002B45D0204603B0BDE817
:10BAC000F04018471A68D2055EBF1A6822F00802D3
:10BAD0001A60C2E7500327D51B68190331D4636C81
:10BAE0000BB120469847636D6BB3636DDA0719D5C8
:10BAF00022684FF41653B7FBF3F7052384F835306B
:10BB0000136823F001031360019B0133BB420193CF
:10BB100002D81368DB07F7D4002384F834300123FC
:10BB200084F83530E36CC6E71A6812F4807208D1E5
:10BB3000196821F010011960012384F8342084F879
:10BB40003530E36BCCE703B0F0BD00BF3804002014
:10BB50000100800004008000406D7047036810B54C
:10BB6000DAB2103A064C6FF309035F2A88BF043338
:10BB70001821B2FBF1F1615CC1658365184610BD07
:10BB80009858060870B504460AF0D2FE0546002C07
:10BB900060D0002384F834302268022384F83530E2
:10BBA000136823F00103136022681368D8072ED4AA
:10BBB00013683248A1691840D4E901352B43E56880
:10BBC0002B4325692B4365692B43E5690B432B43C5
:10BBD000256A2B430343606A042802BFD4E90B564D
:10BBE00035432B4313605369042823F0070343EACA
:10BBF000000335D1A06AE56A03438DB391B90128EA
:10BC000020D030F002012BD1E90129D51DE00AF046
:10BC10008FFE401B0528C7D920230320636584F8C5
:10BC2000350070BDB1F5005F16D1032818D801A109
:10BC300051F820F04BBC040809BC04084BBC0408B4
:10BC400045BC0408B5F1C07F0AD1402363650123D8
:10BC500084F835300120E4E70228F6D90328D3D050
:10BC600053612046FFF77AFFE26D3F2393408360E4
:10BC700000200123606584F83530D2E73F8010F062
:10BC800038B50546E8B190F83540022C17D0036866
:10BC90001A6822F001021A60002421221C605C60F4
:10BCA0009C60DC601C615A61FFF758FFEA6D3F231E
:10BCB000934083606C6585F8344085F835402046B4
:10BCC00038BD0124FBE700002DE9F74FDFF878814C
:10BCD0005B4C00234FF001090D6809FA03FA0AEAE8
:10BCE00005023AEA050540F09C804D6825F0100EEB
:10BCF000BEF1020F14D14FEAD30C00EB8C0C03F011
:10BD0000070BDCF820604FEA8B0B0F2707FA0BF7C5
:10BD100026EA07070E6906FA0BF63E43CCF82060C8
:10BD200007684FEA430C032606FA0CF627EA060BCF
:10BD300005F0030707FA0CF70EF1FF3E47EA0B0781
:10BD4000BEF1010F076010D8876827EA060ECF689A
:10BD500007FA0CF747EA0E078760476827EA0A0EDA
:10BD60002F099F4047EA0E074760C76827EA060782
:10BD70008E6806FA0CF63E43C660EE0051D50026EA
:10BD80000196D8F8446046F48046C8F84460D8F874
:10BD9000446023F0030707F1804706F4804607F567
:10BDA0009C37019603F0030C019ED7F808E04FEA98
:10BDB0008C0C0F2606FA0CF62EEA060E214EB04227
:10BDC00036D006F58066B04234D006F58066B042C3
:10BDD00032D006F58066B04230D006F58066B042BB
:10BDE00014BF0726042606FA0CF646EA0E06BE60C5
:10BDF0002668EF0354BF9643164326606668AF0378
:10BE000054BF964316436660A668EF0254BF96433C
:10BE10001643A660E668AD0254BF26EA020232432A
:10BE2000E2600133102B7FF457AF03B0BDE8F08F11
:10BE30000026D8E70126D6E70226D4E70326D2E774
:10BE4000003C014000000240003802400268536993
:10BE500013F480630DD06FF4806353610423036493
:10BE600020220023036380F83C3080F83D2001202D
:10BE70007047184670472DE9F04205460E461746B2
:10BE80001C464FEA11492B68B9F1010F1FD15869BF
:10BE900026EA000080B2B0FA80F04009874201D063
:10BEA000002012E0621CEFD02CB10AF041FD069B8D
:10BEB000C01AA042E7D9002320222B6385F83C302A
:10BEC00085F83D20032085F83E30BDE8F082986972
:10BED000C043C0F3400080F00100C0B2DEE72DE9AE
:10BEE000F04104460F46164698462568686927EAD9
:10BEF000000080B298B16B695A0512D52B6843F4E3
:10BF000000732B606FF480636B6104232364202231
:10BF10000023236384F83C3084F83D200120BDE8F1
:10BF2000F081731CE2D046B900232022236384F8F9
:10BF30003C3084F83D200320F1E70AF0F9FCA0EB47
:10BF40000800B042D1D9EFE770B504460D46164659
:10BF50002068436913F0400301D000200DE04269DE
:10BF6000D2060BD56FF0100242612022236484F8C0
:10BF70003C302363012084F83D2070BD5DB9236C03
:10BF800043F020032364202384F83D30002384F809
:10BF90003C300320F1E70AF0CBFC801BA842D7D944
:10BFA000EDE770B504460D46164623685B695B07EE
:10BFB00001D5002012E02046FFF748FF70B96A1C47
:10BFC000F3D065B9236C43F02003236420220023BF
:10BFD000236384F83C3084F83D20032070BD0AF0D0
:10BFE000A7FC801BA842E0D9ECE770B505460E46D9
:10BFF0002B689C69E44314F0020401D000200DE09A
:10C000000AF096FC801B1928F2D920232C6385F8AE
:10C010003C4085F83D30032085F83E4070BD70B54A
:10C0200004460D46164623685B691B0601D50020B1
:10C0300012E02046FFF70AFF70B96A1CF3D065B919
:10C04000236C43F02003236420220023236384F81D
:10C050003C3084F83D20032070BD0AF069FC801B51
:10C06000A842E0D9ECE700002DE9F043154602684C
:10C0700085B0DDE90C679946136843F4807313605B
:10C0800088460097334600224FF001110446FFF71F
:10C09000F2FE18B1032005B0BDE8F08322681C4908
:10C0A00008F0FE03136120463B463246FFF717FFB8
:10C0B00028B1236C042B0CBF01200320EBE723687D
:10C0C00003905A6903929B6903933A46314620468E
:10C0D000039BFFF7A4FF48B1236C042BDAD122683D
:10C0E000136843F4007313600120D4E7B9F1010F22
:10C0F000236802D1EDB21D61CDE72A0A1A613146EB
:10C100003A462046FFF78BFF0028E5D12368F1E788
:10C11000020001002DE9F0439946036817461A68AA
:10C1200042F4806285B01A601A68DDE90C5642F468
:10C1300080721A60884600962B4600224FF001114B
:10C140000446FFF798FE18B1032005B0BDE8F08360
:10C1500023682E4908F0FE021A61204633462A461B
:10C16000FFF7BDFE28B1236C042B0CBF0120032078
:10C17000EBE7236803905A6903929B690393324665
:10C1800029462046039BFFF74AFF48B1236C042B46
:10C19000DAD12268136843F4007313600120D4E7F6
:10C1A000B9F1010F236825D1FFB232461F6129463C
:10C1B0002046FFF734FF02460028E7D121680B68CC
:10C1C00043F480730B60204600962B464FF001111C
:10C1D000FFF751FE0028B7D1236848F00101C9B22A
:10C1E00019612A46094933462046FFF778FE0028A0
:10C1F000ABD0B8E73A0A1A61294632462046FFF723
:10C200000EFF0028C2D12368CEE700BF0200010064
:10C210007047000038B50446002866D090F83D30DD
:10C220001BB980F83C30FFF7F3FF2268242384F821
:10C230003D30136823F00103136001F0BDFC626818
:10C240002B4B25682B49B0FBF1F19A42696000F154
:10C25000FF3024D85200B0FBF2F2531C40F6FC72BF
:10C2600001311342296230D10423EB61D4E9073252
:10C2700013432B60D4E903231343AB60D4E90532A5
:10C280001343EB602B6843F001032B600020202355
:10C29000206484F83D30206384F83E0038BD4FF4BC
:10C2A000967359434FF47A73B1FBF3F1A3680131EC
:10C2B00029626BB119235A43B0FBF2F30133C3F384
:10C2C0000B036BB143F44043CFE7C3F30B03CCE75D
:10C2D00002EB4202B0FBF2F20132C2F30B030BB9E4
:10C2E0000123C2E743F40043BFE70120D6E700BFC4
:10C2F000A086010040420F00704710B5044698B177
:10C300000268242380F83D30136823F00103136092
:10C31000FFF7F2FF0020206484F83C0084F83D0021
:10C32000206384F83E0010BD0120FCE72DE9F043B6
:10C33000044685B098460C9F0D4691460AF0F8FADF
:10C3400094F83D30202B064604D101462046FFF7E5
:10C350004CFE20B10225284605B0BDE8F08394F8D4
:10C360003C30012BF6D0012384F83C3023681A6856
:10C37000D2075EBF1A6842F001021A601A6822F4FE
:10C3800000621A60212284F83D20102284F83E20A9
:10C3900000222264A2F58032A4F82A80E262628D33
:10C3A0002285E26AC4F82490042A04D0012A02D02B
:10C3B00012F5803F04D11A6842F480721A6002E0DC
:10C3C000226B122AF7D000963B4600224FF0011153
:10C3D0002046FFF750FD002833D123692268B3F5CA
:10C3E000804F20D105F0FE051561374933463A46A6
:10C3F0002046FFF774FD054610BB236803905A6979
:10C4000003929B690393039B238D3BBB21680A68BE
:10C4100042F400720A60202284F83D2084F83C3007
:10C4200084F83E3097E7EB1103F0060343F0F00386
:10C430001361264933463A462046FFF750FD48B17E
:10C44000236C236C042B4FF0000384F83C300ED196
:10C45000012580E72368EDB21D61C6E73246394603
:10C460002046FFF7DCFD50B1236C042B01D00325DF
:10C4700071E72268136843F400731360E8E7626AA7
:10C480002068531C636213780361638D013B6385ED
:10C49000238DD0F814C0591E89B21CF0040F2185D9
:10C4A00009D041B1911C616252780261628D023BF8
:10C4B000013A62852385324639462046FFF771FDF1
:10C4C0000028A1D0D0E700BF020001000800010051
:10C4D0002DE9F043044689B09846109F0D469146D9
:10C4E0000AF026FA94F83D30202B064604D1014686
:10C4F0002046FFF77AFD20B10225284609B0BDE8A5
:10C50000F08394F83C30012BF6D0012384F83C30C2
:10C5100023681A68D1075EBF1A6842F001021A60E8
:10C520001A6822F400621A60222284F83D20102248
:10C5300084F83E2000222264A2F58032A4F82A80EA
:10C54000E262628D2285E26A1968C4F8249041F49F
:10C550008061042A196004D0012A02D012F5803FBC
:10C5600004D11A6842F480721A6002E0226B112A28
:10C57000F7D000963B4600224FF001112046FFF70E
:10C580007AFC002830D122692368B2F5804F1CD193
:10C5900045F00105EDB21D61794933463A46204622
:10C5A000FFF79DFC0546F0B9228D2368002A4BD089
:10C5B000012A5DD11A6822F480621A6004905A69D7
:10C5C00004929A690492049A44E04FEAE51808F04C
:10C5D000060848F0F0021A616A4933463A46204696
:10C5E000FFF77DFC48B1236C236C042B4FF0000354
:10C5F00084F83C3026D101257FE723686049EDB2FD
:10C600001D613A4633462046FFF769FC0246002882
:10C61000E9D12368079059690791996907910799AA
:10C62000196841F480711960204600963B464FF02E
:10C630000111FFF720FC0028D6D1226848F0F10351
:10C640001361A9E7032558E703905A6903929A6991
:10C650000392039A1A6842F400721A60238D13BB86
:10C66000202284F83D2084F83C3084F83E3044E7B2
:10C67000022A1A680DD122F480621A601A6842F404
:10C6800000621A6005905A6905929B690593059BA3
:10C69000E4E742F480621A6006905A6906929B6948
:10C6A0000693069BDAE7032B50D8012B0BD13246B9
:10C6B00039462046FFF748FC08B3236C202B0CBFFB
:10C6C0000325012519E7022B2F4900963B464FF021
:10C6D0000002204620D1FFF7CEFB0028B2D123680C
:10C6E0001A6842F400721A601A69636A591C61621E
:10C6F0001A70238D013B2385638D013B638523687D
:10C700001A69636A591C61621A70238D013B238583
:10C71000638D013B6385A1E7FFF7ADFB024600286F
:10C7200090D12368196821F4806119601969636ADE
:10C73000581C60621970238D1349013B2385638D5A
:10C74000013B6385204600963B46C4E732463946A6
:10C750002046FFF7F9FB0028AFD123681A69636A06
:10C76000591C61621A70238D013B2385638D013B47
:10C77000638523685A6952077FF570AFC0E700BF31
:10C780000200010008000100040001002DE9FF4142
:10C7900004461D460F4690460AF0CAF894F83D300C
:10C7A000202B06460BD11FB9012004B0BDE8F08153
:10C7B000B8F1000FF8D094F83C30012B01D10220E1
:10C7C000F3E7012384F83C30236844491A68D20710
:10C7D0005EBF186840F0010018601868212220F43C
:10C7E0000060186084F83D20202284F83E2000225A
:10C7F0002264A4F82A80E162618D2185196867624C
:10C8000041F4806119602046354900962B46FFF7B8
:10C8100032FB024608B10320C7E72368029059693A
:10C8200002919B690293029B2369B3F5404F0ED19D
:10C830002B4900962B462046FFF71DFB0028EAD126
:10C84000236803905A6903929B690393039B228D8B
:10C85000C2B900962B464FF482312046FFF70BFBFE
:10C860000028D8D123686FF480625A611A6822F4D4
:10C8700080621A60202384F83D3084F83C0084F8FC
:10C880003E0092E7324629462046FFF7C8FB236860
:10C8900048B11A6822F480621A60236C042B0CBF22
:10C8A0000120032081E7616A4A1C62620A781A61EA
:10C8B000628D013A6285228D5F69501E80B27F07CA
:10C8C0002085C4D50028C2D0881C606249781961CF
:10C8D000638D023A013B63852285B8E70000FFFFC4
:10C8E000020001002DE9FF4104461E460D46904618
:10C8F0000AF01EF894F83D30202B07460CD125B9DC
:10C900000125284604B0BDE8F081B8F1000FF7D04A
:10C9100094F83C30012B01D10225F2E7012384F881
:10C920003C3023684B491A68D0075EBF186840F056
:10C93000010018601868222220F40060186084F852
:10C940003D20202284F83E2000222264A4F82A8080
:10C95000E162618D21851968656241F48061196029
:10C9600020463D4900973346FFF785FA05460028E3
:10C970006DD1236802905A6902929B690293029BCF
:10C98000238DC3B923685A69D20640D50022039289
:10C9900059690391196841F00101196003991968F7
:10C9A00021F480611960202384F83D3084F83C2014
:10C9B00084F83E20A5E73A4631462046FFF7C4FA00
:10C9C000236848B11A6822F480621A60236C202B15
:10C9D0000CBF0325012594E71A69636A591C61623B
:10C9E0001A70238D013B2385638D013B638523688A
:10C9F0005A695107C4D51A69636A591C61621A7071
:10CA0000238D013B2385638D013B6385B8E7204679
:10CA1000FFF71CFA80B926B109F08AFFC01B8642D5
:10CA2000B0D2236C43F0200323642022002323632D
:10CA300084F83C3084F83D202268136823F4806336
:10CA40001360236C042B0CBF0125032559E7032534
:10CA500057E700BF0000FFFF0200010073B50E465C
:10CA600011460022019290F83D20202A044602D06F
:10CA7000022002B070BD354A46F2A8101268B2FB1F
:10CA8000F0F2192042430192019A501E01903AB9E6
:10CA90002023226384F83C2084F83D300320E8E71B
:10CAA000226890698507EFD494F83C000128DFD014
:10CAB000012084F83C001068C0075EBF106840F099
:10CAC00001001060106820F400601060212084F8DC
:10CAD0003D000025102084F83E00256463851C4B32
:10CAE000E362638D61622385666403B3606B194EF4
:10CAF000C663194EC6641032C0E9105585640565D9
:10CB0000FEF72AFF23681A6842F480621A601A68E6
:10CB100042F480721A6084F83C505A6842F44072C1
:10CB20005A605A6842F400625A600020A1E7116816
:10CB300041F480611160116841F48071116084F8E2
:10CB40003C30536843F4E0635360EEE73804002060
:10CB50000000FFFF3BD5040807D5040873B5044661
:10CB60000020019094F83D00202802D0022002B05D
:10CB700070BD364846F2A8150068B0FBF5F01925DF
:10CB8000684301900198451E019538B92023206320
:10CB900084F83C0084F83D300320E8E72568A86964
:10CBA0008607EFD494F83C000128DFD0012084F8F8
:10CBB0003C002868C0075EBF286840F0010028607C
:10CBC000286820F400602860222084F83D000026B8
:10CBD000102084F83E00266463851D4BE362638D5C
:10CBE0006262238561640BB3A06B1A49C1631A4961
:10CBF000C164C0E910668664066505F11001FEF7A0
:10CC0000ABFE23681A6842F480621A601A6842F424
:10CC100080721A6084F83C605A6842F440725A602C
:10CC20005A6842F400625A600020A0E72A6842F481
:10CC300080622A602A6842F480722A6084F83C305C
:10CC40006B6843F4E0636B60EEE700BF38040020DC
:10CC50000000FFFF3BD5040807D5040873B5002387
:10CC6000019390F83D30202B0446164602D0022056
:10CC700002B070BD09B90120FAE7002AFBD02B4BA6
:10CC800046F2A8121B68B3FBF2F319225343019337
:10CC9000019B5A1E01923BB92022236384F83C3049
:10CCA00084F83D200320E3E723689A699007EFD4D6
:10CCB00094F83C20012ADAD0012284F83C201A683A
:10CCC000D2075EBF186840F00100186018681A4665
:10CCD00020F40060212342F8100B84F83D3020231B
:10CCE00084F83E300025124B2564606B6685E36254
:10CCF000638D104E23856162C6630F4EC664C0E922
:10CD0000105585640565FEF727FE23681A6842F40E
:10CD100080621A6084F83C505A6842F440725A604B
:10CD20005A6842F400625A602846A1E7380400209D
:10CD30000000FFFF3BD5040807D5040873B50023A6
:10CD4000019390F83D30202B04460E4602D002207D
:10CD500002B070BD09B90120FAE7002AFBD02C4BC4
:10CD600046F2A8111B68B3FBF1F319214B43019361
:10CD7000019B591E01913BB92022236384F83C306A
:10CD800084F83D200320E3E7236899698807EFD4FE
:10CD900094F83C100129DAD0012184F83C1019687C
:10CDA000C9075EBF196841F001011960186819468A
:10CDB00020F40060222341F8100B84F83D3020233A
:10CDC00084F83E300025134B2564A06B6285E36236
:10CDD000638D114A23856662C263104AC264C0E94A
:10CDE0001055324685640565FEF7B6FD23681A685E
:10CDF00042F480621A6084F83C505A6842F44072EF
:10CE00005A605A6842F400625A602846A0E700BFA0
:10CE1000380400200000FFFF3BD5040807D50408B4
:10CE20002DE9F34704469A460C9E8846914609F040
:10CE30007FFD94F83D30202B054603D0022002B040
:10CE4000BDE8F08701462046FFF7CFF80028F5D16E
:10CE500094F83C30012BF1D0012384F83C30236856
:10CE60001A68D2075EBF1A6842F001021A601A6897
:10CE700022F400621A60212384F83D30402384F8B4
:10CE80003E300A9B63620027BDF82C30276463851F
:10CE9000294BE362638D23854A46CDE900655346FD
:10CEA00041462046FFF7E0F800282ED0236C84F896
:10CEB0003C70042B07D10120C1E7FFF7B0F850B157
:10CEC000236C042B01D00320B9E72268136843F4D4
:10CED00000731360EFE7626A2068531C6362137883
:10CEE0000361678D238D013F67854769591E89B2AC
:10CEF0007F07218509D541B1911C61625278026199
:10CF0000023B2385638D013B6385238D2A46314691
:10CF10002046002BD1D1FFF744F80028D0D1226859
:10CF2000136843F400731360202384F83D3084F8C1
:10CF30003C0084F83E0082E70000FFFF2DE9F04747
:10CF4000044686B09A46109F0D46914609F0F0FCC3
:10CF500094F83D30202B064604D101462046FFF7C9
:10CF600044F820B10225284606B0BDE8F08794F8C1
:10CF70003C30012BF6D0012384F83C3023681A683A
:10CF8000D1075EBF1A6842F001021A601A6822F4E3
:10CF900000621A60222384F83D30402384F83E303A
:10CFA0000E9B63624FF00008BDF83C30C4F840802F
:10CFB0006385604BE362638D23852946CDE9007666
:10CFC00053464A462046FFF7A5F8054640B1236C74
:10CFD00084F83C80042B01D10125C4E70325C2E776
:10CFE000228D2368A2B902905A6902929A6902922C
:10CFF000029A1A6842F400721A60238D002B2CD119
:10D00000202284F83D2084F83C3084F83E30AAE7A2
:10D01000012A0AD11A6822F480621A6003905A69C0
:10D0200003929A690392039AE3E7022A0ED11A68DF
:10D0300022F480621A601A6842F400621A60049056
:10D040005A6904929B690493049BD6E705905A6938
:10D0500005929B690593059BCFE7032B50D8012BC5
:10D060000BD1324639462046FEF76EFF08B3236CDB
:10D07000202B0CBF0325012575E7022B2E490096B6
:10D080003B464FF00002204620D1FEF7F4FE002878
:10D09000A4D123681A6842F400721A601A69636A9C
:10D0A000591C61621A70238D013B2385638D013BFE
:10D0B000638523681A69636A591C61621A70238D3B
:10D0C000013B2385638D013B638596E7FEF7D3FE25
:10D0D0000246002882D12368196821F48061196012
:10D0E0001969636A581C60621970238D1249013BEB
:10D0F0002385638D013B6385204600963B46C4E74C
:10D10000324639462046FEF71FFF0028AFD123687C
:10D110001A69636A591C61621A70238D013B238569
:10D12000638D013B638523685A6952077FF565AFBC
:10D13000C0E700BF0000FFFF040001002DE9F04F31
:10D14000044685B09A46002302930E9FBDF83C60CA
:10D150008846914609F0ECFB94F83D30202B04D032
:10D160000225284605B0BDE8F08F384B1D6846F211
:10D17000A813B5FBF3F519235D430295029B5A1ED4
:10D1800002923BB92022236384F83C3084F83D208E
:10D190000325E6E72568AB699A07EFD494F83C309D
:10D1A000012BDDD0012384F83C302B68DB075EBF08
:10D1B0002B6843F001032B602B6823F400632B6082
:10D1C000212384F83D30402384F83E304FF0000B9B
:10D1D0001F4BC4F840B0676266852685E362002E67
:10D1E00032D02323019000934A46534641462046BD
:10D1F000FEF73AFF054630B1236C84F83CB0042BAF
:10D20000C6D10125ADE7606B124B2268C363124B98
:10D21000C36410323346C0E910558564056539464C
:10D22000FEF79AFB236803955A6903929A69039261
:10D2300084F83C50039A5A6842F480725A605A68E3
:10D2400042F400625A608CE735468AE738040020D1
:10D250000000FFFF3BD5040807D504082DE9F0477F
:10D26000044686B09A46002303930E9FBDF83C60A7
:10D270008846914609F05CFB94F83D30202B1CD188
:10D280004D4B1D6846F2A813B5FBF3F519235D431A
:10D290000395039D6B1E03933DB92023256384F8FA
:10D2A0003C5084F83D30032508E02568AB699A07B7
:10D2B000EFD494F83C30012B04D10225284606B067
:10D2C000BDE8F087012384F83C302B68DB075EBFA4
:10D2D0002B6843F001032B602B6823F400632B6061
:10D2E000222384F83D30402384F83E300023236419
:10D2F000A3F580336685E362628D6762232322850E
:10D30000CDE900305346002A3CD04A4641462046EB
:10D31000FEF700FF054640B1236C042B4FF00003DD
:10D3200084F83C30BFD10125C8E7A06B234B2168AE
:10D33000C363234BC3643A4633461031C0E91055EA
:10D3400085640565FEF708FB2368012E0BBF1A688C
:10D350005A6822F4806242F480520CBF1A605A600C
:10D3600000220492596904919969049184F83C203F
:10D3700004995A6842F480725A605A6842F4006212
:10D380005A609BE74A4641462046FEF7C3FE0546E3
:10D390000028C1D1236805905A6905929A690592BF
:10D3A000059A1A6842F400721A60202384F83D300E
:10D3B00084F83C0082E700BF380400203BD5040815
:10D3C00007D504082DE9FF47044698460F469146C5
:10D3D00009F0AEFA94F83D30202B054604D1014601
:10D3E0002046FEF702FE18B1022004B0BDE8F08727
:10D3F00094F83C30012BF7D0012384F83C302368AB
:10D400001A68D2075EBF1A6842F001021A601A68F1
:10D4100022F400621A60242384F83D300026374B42
:10D42000266407F0FE07E3622268136843F4807302
:10D4300013604FF001110095434600222046FEF78D
:10D440001AFD00284ED123681F6109F071FA226885
:10D450005369526994F83D100546C3F34003C2F383
:10D4600080224FF0A00A134301D1A0291DD12368C7
:10D470004FF0200A84F83DA05A6912F0020F1A6892
:10D4800042F400721A6025D0002203925A69039276
:10D490009B69039329462046039BFEF7A6FD08BB24
:10D4A00084F83DA084F83C009FE7B8F1000F0BD151
:10D4B00084F83DA022685369526994F83D10C3F383
:10D4C0004003C2F38022CEE709F032FA401B404508
:10D4D000EED8EFE76FF480625A6129462046FEF7E6
:10D4E00084FD08B1032080E70136B1459CD884F85B
:10D4F0003C0084F83DA0012077E700BF0000FFFF5B
:10D5000070477047704710B5846BFEF725FB022803
:10D5100012D02268136823F4806313600023202252
:10D52000638584F83D2084F83E30236C43F010037B
:10D5300023642046FFF7E6FF10BD08B5806B90F826
:10D540003D20036890F83E10212A03D0222A0CD1F6
:10D5500020290AD15A6822F400625A6000224285CA
:10D560005A6842F440725A6008BD1A6822F4806218
:10D570001A601A6842F400721A605A6822F48052E3
:10D580005A605A6822F400625A6000234385026C94
:10D5900012B1FFF7B7FFE7E7202280F83D2090F8AF
:10D5A0003E2080F83E30402A02D1FFF7AAFFDBE799
:10D5B000FFF7A6FFD8E790F83D0070474FF480735F
:10D5C00093FAA3F3B3FA83F303F1845303F56033BF
:10D5D0009B0001221A6070470B4A136823F0030373
:10D5E00003431360094B1A69012942F004021A61CE
:10D5F00005D130BF1A6922F004021A61704740BF9A
:10D6000020BF20BFF6E700BF0070004000ED00E043
:10D61000054A136843F002031360044A136943F098
:10D620000403136130BF70470070004000ED00E05C
:10D6300038B50E4B0E4C4FF4007292FAA2F2B2FAC9
:10D6400082F2D3189B0001221A6009F071F9054695
:10D6500063681B0701D5002038BD09F069F9401B3C
:10D66000B0F57A7FF4D90320F6E700BF208083105D
:10D67000007000404FF4007393FAA3F3B3FA83F3FE
:10D6800003F1845303F560339B0001221A60704755
:10D690000368F7B50446D80728D5A54B9A6802F069
:10D6A0000C02042A07D09A6802F00C02082A0BD157
:10D6B0005B68590208D59E4B1B689A0316D56368B0
:10D6C000A3B9012003B0F0BD6368994DB3F5803F65
:10D6D00040F0BA802B6843F480332B6009F028F9BE
:10D6E000934D06462B689B0340F1CE8023689E072E
:10D6F00021D58F4B9A6812F00C0F09D09A6802F06E
:10D700000C02082A40F0C8805B685D0200F1C4800A
:10D7100087490B68980702D5E368012BD1D10B68C4
:10D720002069F82292FAA2F2B2FA82F223F0F80308
:10D73000904003430B6023681B070FD562697D4B44
:10D74000002A00F0DE800122C3F8802E09F0F0F8F4
:10D75000774D06466B6F9F0740F1CC8023685907D1
:10D760002AD500230193724B734D1A6C42F08052FC
:10D770001A641B6C03F080530193019B2B6843F4E4
:10D7800080732B6009F0D4F806462B68DA0540F167
:10D79000C880A368664D012B40F0D0802B6F43F00A
:10D7A00001032B6709F0C4F8614D074641F2883642
:10D7B0002B6F9B0740F1E380A269002A42D05C4DA9
:10D7C000AB6803F00C03082B3FF47BAF594B022AE4
:10D7D0004FF000021A6640F0E78009F0A9F806460B
:10D7E0002B68990100F1D280D4E9073243EA0201A3
:10D7F000636A47F6C07292FAA2F2B2FA82F29340DA
:10D8000043EA0102A36A5B08013B4FF4403191FAFD
:10D81000A1F1B1FA81F18B401343E26A444C4FF01D
:10D82000706191FAA1F1B1FA81F18A4013436B6002
:10D83000404B01221A6609F07BF8054623689A01DD
:10D8400040F1AB8000203DE7B3F5A02F04D12B6859
:10D8500043F480232B603DE72A6822F480322A605B
:10D860002A6822F480222A60002B7FF437AF09F067
:10D870005FF806462B689F037FF538AF09F058F82C
:10D88000801B6428F6D905E009F052F8801B642853
:10D890007FF628AF032015E7E268264BDAB10122B4
:10D8A0001A6009F045F8224D06462B6899070CD5F9
:10D8B0002B682169F82292FAA2F2B2FA82F223F0DE
:10D8C000F80391400B432B6035E709F031F8801BDA
:10D8D0000228EAD9DEE71A6009F02AF8144D064654
:10D8E0002B689A077FF527AF09F022F8801B0228E2
:10D8F000F6D9CFE709F01CF8801B02287FF62AAF83
:10D90000C8E7C3F8802E09F013F8094D06466B6F7F
:10D9100098077FF523AF09F00BF8801B0228F6D992
:10D92000B8E709F005F8801B02287FF62EAFB1E7B3
:10D93000003802400000474200700040052B04D12F
:10D940002B6F43F004032B6728E72A6F22F00102B4
:10D950002A672A6F22F004022A67002B7FF422AF85
:10D9600008F0E6FF41F2883607462B6F98077FF5EF
:10D9700023AF08F0DDFFC01BB042F6D98AE708F0FC
:10D98000D7FFC01BB0427FF613AF83E708F0D0FF8C
:10D99000801B02287FF624AF7CE708F0C9FF401BFC
:10D9A00002287FF64BAF75E708F0C2FF04462B68EC
:10D9B0009B017FF547AF08F0BBFF001B0228F6D99B
:10D9C00068E700BF1E4B9A6802F00C02042A32D0AE
:10D9D000082A32D159685A6812F4800F01F03F01C9
:10D9E00047F6C0721BD0586892FAA2F31040B3FAFF
:10D9F00083F3D840134B5843B0FBF1F08000104B39
:10DA00005B684FF4403203F4403392FAA2F2B2FA68
:10DA100082F2D34001335B00B0FBF3F070470A4859
:10DA2000B0FBF1F1586892FAA2F31040B3FA83F315
:10DA3000D8404843E3E7054870470348704700BFB4
:10DA40000038024080841E000024F40000127A0096
:10DA5000524B1A6802F00F028A422DE9F041044647
:10DA60000D4605D219701B6803F00F038B4213D1CA
:10DA70002268960706D54A49A0688B6823F0F00310
:10DA800003438B60D00727D56268454B012A06D136
:10DA90001B6813F4003F0CD10120BDE8F081911EFA
:10DAA00001291B6802D813F0007FF4E713F0020F7E
:10DAB000F1E73B4EB36823F003031343B36008F070
:10DAC00037FF6368012B074641F2883841D1B368BC
:10DAD00003F00C03042B35D1304B1A6802F00F020F
:10DAE000AA4205D91D701B6803F00F03AB42D3D1C6
:10DAF0002268510706D52A49E0688B6823F4E05371
:10DB000003438B60130707D5254A2169936823F4E3
:10DB1000604343EAC1039360FFF754FF204B9B68C7
:10DB2000F02203F0F00392FAA2F2B2FA82F2D340AA
:10DB30001C4AD35CD8401C4B18600020FDF7CCFC7D
:10DB40000020AAE708F0F4FEC01B4045BFD903201F
:10DB5000A3E7022B0AD1B36803F00C03082BBBD058
:10DB600008F0E6FEC01B4045F5D9F0E7032B0FD1C6
:10DB7000B36803F00C030C2BAED008F0D9FEC01B29
:10DB80004045F5D9E3E708F0D3FEC01B4045DED899
:10DB9000B36813F00C0FF6D19EE700BF003C0240C3
:10DBA000003802405869050838040020014B186805
:10DBB000704700BF38040020084B1868084B9B686A
:10DBC0004FF4E05203F4E05392FAA2F2B2FA82F276
:10DBD000D340044AD35CD840704700BF38040020CB
:10DBE0000038024050690508084B1868084B9B68CC
:10DBF0004FF4604203F4604392FAA2F2B2FA82F266
:10DC0000D340044AD35CD840704700BF380400209A
:10DC10000038024050690508036813F0050FF7B596
:10DC2000044629D04E4B4F4D00229A6608F080FEE4
:10DC300006462B681B0175D4D4E9011347F6C07260
:10DC400092FAA2F2B2FA82F2934043EA0102E36846
:10DC50004FF0E04191FAA1F1B1FA81F18B40134309
:10DC6000C5F884303E4B3F4D01229A6608F060FEB5
:10DC700006462B681F015CD523689D074CD5002301
:10DC80000193384B384D1A6C42F080521A641B6C69
:10DC900003F080530193019B2B6843F480732B6046
:10DCA00008F046FE06462B68D80548D52D4D2B6F4B
:10DCB00013F440731AD0226902F44072934215D0D3
:10DCC0002B6F274A0121C2F8401E23F44073002124
:10DCD000C2F8401E2B672B6FD90707D508F028FE26
:10DCE00041F2883607462B6F9A072ED5236903F435
:10DCF0004072B2F5407F1B4A916808BF23F0704024
:10DD000021F4F81104BF20F4407001439160116FB9
:10DD1000C3F30B030B43136723681B071BD40020BB
:10DD200003B0F0BD08F004FE801B022881D9032057
:10DD3000F6E708F0FDFD801B02289AD9F7E708F006
:10DD4000F7FD801B0228AED9F1E708F0F1FDC01BFA
:10DD5000B042C8D9EBE7054B227DC3F8E021DEE7EE
:10DD60000000474200380240007000400010474267
:10DD7000026838B5D36823F0A003D360044608F0E6
:10DD8000D7FD05462368DB689B0601D5002038BD1A
:10DD900008F0CEFD401BB0F57A7FF3D90320F6E7FB
:10DDA00038B50368DA685206044601D5002038BD4C
:10DDB0004FF0FF32DA6008F0BBFD05462368DB68F0
:10DDC0005B06F3D408F0B4FD401BB0F57A7FF5D9BB
:10DDD0000320ECE70023092803D840EA0310C0B26F
:10DDE00070470A380133C0B2F5E72DE9F041037FEF
:10DDF000012B06460F464FF002052ED001684577ED
:10DE00000123037738787D78BC788B6842BB13F0A8
:10DE1000400308BFFB70FFF7DDFF80462846FFF791
:10DE2000D9FF02462046FFF7D5FFFB7840EA0343BF
:10DE300043EA084343EA0224CA234B6253234B625A
:10DE40003046FFF7ADFF32680546B0B1FF2353629D
:10DE5000042373770023337701252846BDE8F0813A
:10DE600013F0400308BFFB702D02FA7845EA004525
:10DE700045EA040343EA0244DEE704F07F3424F079
:10DE8000FE441460936823F480239360D7E9033041
:10DE9000916803430B439360D36823F08003D360FE
:10DEA000946814F020040AD13046FFF761FF30B1C6
:10DEB0003368FF225A62042373773477CCE73368E0
:10DEC000FF225A620123737700233377C5E7F8B541
:10DED000037F012B04464FF0020630D00123037765
:10DEE00046770D784E788F78C8786D034ABBF30675
:10DEF00041BF26F010060A36F6B24E70FFF76AFFF1
:10DF000001463046FFF766FF02463846FFF762FFDC
:10DF1000284340EA014040EA02252368CA225A62A7
:10DF200053225A622046FFF73BFF2268064670B133
:10DF3000FF235362042363770023237701263046AF
:10DF4000F8BD45EA00453D4345EA0625E5E725F0ED
:10DF50007F4525F0C0055560D36823F08003D3606A
:10DF6000956815F020050AD12046FFF701FF30B172
:10DF70002368FF225A62042363772577DEE723684C
:10DF8000FF225A620123637700232377D7E703092F
:10DF900003EB830300F00F0000EB4300C0B27047B7
:10DFA0000368986A70B5486018691C68C0F30E0071
:10DFB000C4F30645C4F30626886005F04003C4F3A5
:10DFC000054004F07F0408704E708C70CB7052B91D
:10DFD000FFF7DDFF08703046FFF7D9FF4870204695
:10DFE000FFF7D5FF8870002070BD38B503685B6807
:10DFF000C3F30740C3F3042503F03F04C3F34233E4
:10E00000C8704D708C700B7052B9FFF7C0FFC870AC
:10E010002846FFF7BCFF48702046FFF7B8FF88701E
:10E02000002038BD2DE9F0411F46037F012B044637
:10E030000E4615464FF0020029D060770123206874
:10E040002377CA23436253234362C368DA0306D5A6
:10E0500008F06EFC80462068C368DB0309D43D43AA
:10E06000FF233543C5634362012300206377207794
:10E070000DE008F05DFCA0EB0800B0F57A7FEAD96E
:10E080002368FF225A620320002360772377BDE8CC
:10E09000F0812DE9F041069E0446884617461D464C
:10E0A0002268936838EA03030CBF01230023BB42B4
:10E0B00001D100202BE06B1CF3D055BB23685A68BC
:10E0C00022F0E0025A606268B2F5827F0AD1A2684B
:10E0D000B2F5004F02D0B2F5806F03D11A6822F07A
:10E0E00040021A60A26AB2F5005F09D11A6822F4F0
:10E0F00000521204120C1A601A6842F400521A609C
:10E10000012384F85130002384F850300320BDE807
:10E11000F08108F00DFC801BA842C1D3CEE713B5F7
:10E120000B460092802100220446FFF7B2FF20B187
:10E13000636D43F020036365032002B010BD704798
:10E1400010B50446002834D00023836290F8513083
:10E150001BB980F85030FFF7F2FF2168A269022353
:10E1600084F851300B6823F040030B60D4E9013090
:10E170000343E06803432069034360690343E069A4
:10E180000343206A0343A06A034302F4007003437D
:10E190000B60120C636A02F004021A434A60CB69F6
:10E1A00023F40063CB6100200123606584F85130C3
:10E1B00010BD0120FCE7704710B5044680B102682D
:10E1C000022380F85130136823F040031360FFF7F7
:10E1D000F2FF0020606584F8500084F8510010BD03
:10E1E0000120FCE72DE9F0431F4690F85030012B49
:10E1F00085B004460D46914600F09880012380F8D2
:10E20000503008F095FB94F85160012E804640F0A4
:10E210008B80002D54D0B9F1000F51D0032384F826
:10E220005130A268256300236365C4E91033A4F864
:10E230003690A363E387A3872368A4F83490B2F5EC
:10E24000004F08BF1A68E16804BF42F480421A60B8
:10E250001A6852065EBF1A6842F040021A60B1F5B1
:10E26000006F626836D112B1E28E012A05D135F80D
:10E27000022BDA60E38E013BE386E38E93B9CDF89F
:10E2800000803B46012202212046FFF702FFB0B981
:10E29000424639462046FFF742FF002836D0202369
:10E2A00063650DE023689A689007E0D43FB1791C5C
:10E2B000E3D008F03DFBA0EB0800B842DDD3032615
:10E2C000012384F85130002384F85030304605B0E3
:10E2D000BDE8F08312B1E28E012A05D115F8012BB9
:10E2E0001A73E38E013BE386E38E002BC7D02368CD
:10E2F0009A689207F2D4002FE1D07B1CF4D008F08A
:10E3000017FBA0EB0800B842EED3D8E7A36833B9F7
:10E3100003932368DA6803929B680393039B666DFB
:10E32000003E18BF0126CBE70226C9E70226CDE74B
:10E330002DE9F043984690F8503085B0012B0C9FA2
:10E3400004460D46164600F0D580012380F8503073
:10E3500008F0EEFA94F8511062680129814610D055
:10E36000B2F5827F01D1A3684BB10220012384F86A
:10E370005130002384F8503005B0BDE8F083042903
:10E38000F3D1002D48D0002E46D0B8F1000F43D075
:10E3900094F85130A663012B04BF052384F8513053
:10E3A00000236365C4E910332368A4F83E80A4F811
:10E3B00036801968A4F83C80480658BF1968256360
:10E3C00058BF41F04001A4F8348058BF1960E1689B
:10E3D000B1F5006F4BD112B1E28E012A05D135F8AB
:10E3E000022BDA60E38E013BE3860123E28EAAB9B9
:10E3F000E28F9AB9CDF800903B46012202212046D7
:10E40000FFF747FE18BB4A4639462046FFF787FE0E
:10E41000002863D0202363650120A7E763B1E28E63
:10E4200052B122689168890706D535F8023BD3605E
:10E43000E38E013BE3860023E28F52B99846781CB5
:10E4400013D008F075FAA0EB0900B8420DD30320F1
:10E450008CE72268916811F00108EFD0D36826F8A4
:10E46000023BE38F013BE387E9E74346BEE712B196
:10E47000E28E012A05D115F8012B1A73E38E013BB8
:10E48000E3860123E28E12B9E28F002AB2D063B193
:10E49000E28E52B122689168890706D515F8013BD2
:10E4A0001373E38E013BE3860023E28F52B9984653
:10E4B0007B1C05D008F03CFAA0EB0900B842C6D29C
:10E4C0004346DFE72268916811F00108EFD0D36876
:10E4D00006F8013BE38F013BE387E9E7A368002BE4
:10E4E0007FF444AF23680390DA6803929B68039338
:10E4F000039B3BE702203FE72DE9F3411E464368BB
:10E50000B3F5827F04460D4617460CD1836853B994
:10E51000042380F85130134600960A46FFF708FF9F
:10E5200002B0BDE8F08194F85030012B79D001237E
:10E5300084F8503008F0FCF9804694F85100012826
:10E540006DD1002D59D0002F57D0042384F85130BD
:10E55000A268A78700236365C4E91033E7872363B4
:10E56000E386A3862368A563B2F5004F02BF1A684D
:10E5700022F480421A601A6857065EBF1A6842F099
:10E5800040021A60E368B3B1E38FBBB123689A68B5
:10E59000D20739D5DB6825F8023BE38F013BE387DF
:10E5A000F2E723689A68D0071DD51B7B05F8013B6D
:10E5B000E38F013BE387E38F002BF2D16368B3F570
:10E5C000827F0BD1A368B3F5004F02D0B3F5806F03
:10E5D00004D12268136823F040031360606D003893
:10E5E00018BF012009E03EB1711CE4D008F0A0F989
:10E5F000A0EB0800B042DED30320012384F85130A1
:10E60000002384F850308BE7002EF5D0731CBBD06C
:10E6100008F08EF9A0EB0800B042B5D3ECE7022079
:10E62000EBE702207CE7000010B590F85030012B9A
:10E63000044644D0012380F8503090F851009842AD
:10E640003BD1002935D0002A33D0032384F8513040
:10E6500000236365C4E91033E286A363E387A387DD
:10E66000A368A2862268A06C2163B3F5004F02BFA5
:10E67000136843F480431360124B0364124BC3636B
:10E68000124BC364002303650C32E38EFDF764F97B
:10E6900023681A6852065EBF1A6842F040021A6088
:10E6A0005A6842F020025A605A6842F002025A60E8
:10E6B0000020002384F8503010BD0220F9E702202A
:10E6C000FAE700BF89E80408CFE80408ADE80408C9
:10E6D00038B5044690F85000012861D0012084F834
:10E6E000500094F8510001280DD06568B5F5827F7F
:10E6F00004D00220002384F8503038BDA568002DD6
:10E70000F7D10428F5D109B90120F3E7002AFBD09D
:10E71000002BF9D094F85100A386012804BF0520EE
:10E7200084F8510000206065E386E387A38794F8AE
:10E7300051302163042BC4E9100019BF19491A4B49
:10E740001A491B4BE06CA263C0E90F312168194BD9
:10E75000C3640025E38F05650C31FDF7FDF82268E1
:10E76000A06C5368216B43F001035360E38E0C32BD
:10E77000C0E90F55C0E91355FDF7EEF823681A6894
:10E7800052065EBF1A6842F040021A605A6842F0B0
:10E7900020025A605A6842F002025A600020A9E73B
:10E7A0000220AAE7A1E8040881E9040895E8040822
:10E7B00031E90408ADE804081346826870B50446E0
:10E7C0000D465AB94668B6F5827F07D1042280F813
:10E7D0005120BDE870400A46FFF77ABF94F8501008
:10E7E000012944D094F851000121884284F8501046
:10E7F0003BD1002D35D0002B33D0042184F85110AB
:10E8000000216165C4E91011E387A186E1862168D2
:10E81000A387B2F5004F08BF0B68E06CA56304BF87
:10E8200023F480430B60134B0364134BC363134BFC
:10E83000C364002303652A46E38F0C31FDF78CF88F
:10E8400023681A6852065EBF1A6842F040021A60D6
:10E850005A6842F020025A605A6842F001025A6037
:10E860000020002384F8503070BD0220F9E7022018
:10E87000FAE700BF95E8040831E90408ADE80408A8
:10E88000704770477047704708B5806BFFF7FBFF14
:10E8900008BD704708B5806BFFF7FBFF08BD7047E8
:10E8A00008B5806BFFF7FBFF08BD7047806B0268FF
:10E8B00008B5536823F003035360436D43F010031E
:10E8C0004365012380F85130FFF7EFFF08BD37B5EE
:10E8D0000546846B08F02CF82B681B68DB050246A4
:10E8E00022D421684B6823F002034B602046642148
:10E8F000FFF715FC18B1636D43F020036365A3684F
:10E9000033B901932368DA6801929B680193019BF4
:10E910000023E386012384F85130636D23B1204640
:10E92000FFF7C3FF03B030BD2046FFF7A9FFF9E7AB
:10E9300008B50346806B1B681B68DB051DD40368A4
:10E940005A6822F003025A604268B2F5827F0AD107
:10E950008268B2F5004F02D0B2F5806F03D11A6819
:10E9600022F040021A600023C387012380F851304F
:10E97000436D13B1FFF799FF08BDFFF782FFFBE777
:10E9800038B50546846B07F0D3FF2B681B68DB05A1
:10E99000024619D464212046FFF7C1FB18B1636D0C
:10E9A00043F0200363652268536823F00303536038
:10E9B0000023E386E387012384F85130636D1BB1A4
:10E9C0002046FFF772FF38BD2046FFF75BFFFAE7EE
:10E9D000036A23F0010370B50362036A4468826925
:10E9E0000D6822F073022A438D6823F002032B4343
:10E9F0000A4DA8420BD1CD6823F008032B43D1E97F
:10EA0000055624F44074354323F004032C4344603A
:10EA100082614A684263036270BD00BF000001402A
:10EA2000036A23F4807370B50362036A4468C269A1
:10EA30000D6822F073022A438D6823F4007343EAC1
:10EA400005230B4DA8420DD1CD6823F4006343EAA2
:10EA50000523D1E9055624F44054354323F480635B
:10EA600044EA05144460C2614A68C263036270BD2F
:10EA700000000140036A23F4805330B50362036A47
:10EA80004468C2690D6822F4E64242EA05228D68B4
:10EA900023F4005343EA0533064DA84202BF4D69F3
:10EAA00024F4804444EA85144460C2614A680264E4
:10EAB000036230BD0000014070470268022380F805
:10EAC0003930136843F001031360012380F83930B3
:10EAD00000207047022380F839300368196A41F238
:10EAE0001112114208D1196A40F24442114202BF88
:10EAF0001A6822F001021A60012380F839300020E0
:10EB000070470368DA6842F00102DA601A6842F07E
:10EB100001021A600020704770477047036889B18E
:10EB2000042907D01A6A22F001021A621A6A42F016
:10EB300001021A621A6A22F010021A621A6A42F07C
:10EB4000100206E01A6A22F001021A621A6A42F002
:10EB500001021A621A6842F001021A60002070472E
:10EB6000704770477047704703681A69910710B57E
:10EB700004460ED5DA6892070BD56FF002021A61CF
:10EB8000012202769B699B0777D0FFF7EAFF0023FB
:10EB9000237623681A69500710D5DA6851070DD516
:10EBA0006FF004021A61022222769B6913F4407FFF
:10EBB000204668D0FFF7D5FF0023237623681A6923
:10EBC00012070FD5DA6810070CD56FF008021A612A
:10EBD00004222276DB69990720465AD0FFF7C1FF4D
:10EBE0000023237623681A69D20610D5DA68D00686
:10EBF0000DD56FF010021A6108222276DB6913F43A
:10EC0000407F20464BD0FFF7ACFF002323762368DC
:10EC10001A69D10708D5DA68D20705D56FF0010265
:10EC20001A61204601F036FF23681A69100608D5DC
:10EC3000DA68110605D56FF080021A61204600F0EF
:10EC400078FB23681A69520608D5DA68500605D59C
:10EC50006FF040021A612046FFF785FF23681A69AA
:10EC6000910622D5DA6892061FD56FF02002204661
:10EC70001A61BDE8104000F05BBBFFF771FF204652
:10EC8000FFF770FF83E7FFF76BFF2046FFF76AFF90
:10EC900092E7FFF765FF2046FFF764FFA0E7FFF765
:10ECA0005FFF2046FFF75EFFAFE710BD1D4A036818
:10ECB00090420ED0B0F1804F0BD0A2F57C42904232
:10ECC00007D002F58062904203D002F58062904244
:10ECD00026D14A6823F070031343124A90420ED0A3
:10ECE000B0F1804F0BD0A2F57C42904207D002F5E4
:10ECF0008062904203D002F58062904203D1CA68DC
:10ED000023F44073134303608B68C3620B68836210
:10ED1000044B984204BF0B690363012343617047AE
:10ED2000014AE2E7000001400040014010B50446FE
:10ED300090B190F839301BB980F83830FFF7BCFE3D
:10ED40000223206884F83930211DFFF7AFFF01232B
:10ED500084F83930002010BD0120FCE710B50446CE
:10ED600090B190F839301BB980F83830FFF7D4FEF5
:10ED70000223206884F83930211DFFF797FF012313
:10ED800084F83930002010BD0120FCE7F8B50546B5
:10ED90000C4600283ED090F839301BB980F8383046
:10EDA000FFF7BBFE2946022385F8393051F8040BE2
:10EDB000836823F007038360FFF778FF8168226888
:10EDC0008369A669076A1143A26823F4407323F09C
:10EDD000030342EA06221A432369E6691B0143EA58
:10EDE0000623E6683343266A22F47C4222F0FC02C2
:10EDF00043EA0633134366696268816027F0AA0715
:10EE000042EA0612836117430123076285F839300D
:10EE10000020F8BD0120FCE770B5046A154E24F00F
:10EE2000010404628469056AB04224F003041ED020
:10EE3000B0F1804F1BD0A6F57C46B04217D006F546
:10EE40008066B04213D006F58066B0420FD006F55A
:10EE50009A36B0420BD044F0010425F00A0501F0C7
:10EE60000A0163F3071429438461016270BD1443EE
:10EE7000F3E700BF00000140F8B590F83830012BEF
:10EE800004460D4617464FF0020016D084F83900AC
:10EE9000D1E900122068EB6887B9FFF7BDFF8369ED
:10EEA000AA6823F00C038361836913438361012300
:10EEB000002084F8393084F83800F8BD042FAE689B
:10EEC000056A1AD125F0100505628569076A25F4DF
:10EED0004075090145EA022527F0A00701F0A001CD
:10EEE00063F30F35394385610162836923F440631D
:10EEF0008361836943EA0623D8E7082F19D125F4F3
:10EF000080750562C569076A25F003050902154386
:10EF100027F4206701F4206163F307153943C561C5
:10EF20000162C36923F00C03C361C3693343C36146
:10EF3000BDE725F480550562C569076A25F440756B
:10EF4000090345EA022527F4204701F4204163F331
:10EF50000F353943C5610162C36923F44063C3615E
:10EF6000C36943EA0623E2E7036A23F0100370B59E
:10EF70000362036A446882690D6822F4E64242EA49
:10EF800005228D6823F0200343EA05130B4DA842A8
:10EF90000DD1CD6823F0800343EA0513D1E905566E
:10EFA00024F44064354323F0400344EA850444607C
:10EFB00082614A688263036270BD00BF0000014045
:10EFC00010B590F83830012B04464FF002000DD0F8
:10EFD000082A84F8390018D009D872B1042A10D050
:10EFE0000123002084F8393084F8380010BD0C2A41
:10EFF000F6D12068FFF73EFDF2E72068FFF7E8FC56
:10F00000EEE72068FFF7B0FFEAE72068FFF708FDAA
:10F01000E6E738B590F83830012B04464FF002008F
:10F020000DD0082A84F839003CD009D8D2B1042A7E
:10F0300028D00123002084F8393084F8380038BD06
:10F040000C2AF6D12068FFF715FDC3690A6943F45D
:10F050000063C361C36923F48063C361C36943EA86
:10F0600002232DE02068FFF7B3FC83690A6943F0AF
:10F0700008038361836923F0040383618369134375
:10F080008361D6E72068FFF76FFF83690A6943F45D
:10F0900000638361836923F480638361836943EA46
:10F0A0000223EDE72068FFF7BBFCC3690A6943F060
:10F0B0000803C361C36923F00403C361C369134335
:10F0C000C361B6E7036A10B501248C4023EA040348
:10F0D0000362036A8A401A43026210BD006808B5E1
:10F0E0000122FFF7EFFF064B984202BF436C43F447
:10F0F00000434364036843F001030360002008BD3C
:10F1000000000140FFF7EABF082908B5006822D0D7
:10F1100012D8B9B104291AD00122FFF7D3FF104B3E
:10F12000984202BF436C43F400434364036843F0D6
:10F1300001030360002008BD0C29EDD1C36843F032
:10F14000100302E0C36843F00203C360E4E7C3684E
:10F1500043F00403F9E7C36843F00803F5E700BF91
:10F1600000000140FFF7D0BF082908B5006836D07D
:10F1700026D859B304292ED00022FFF7A3FF1A4B3B
:10F1800098420DD1026A41F211131A4208D1026A63
:10F1900040F244431A4202BF436C23F400434364E9
:10F1A000026A41F211131A4208D1026A40F2444342
:10F1B0001A4202BF036823F001030360002008BD68
:10F1C0000C29D9D1C36823F0100302E0C36823F0EF
:10F1D0000203C360D0E7C36823F00403F9E7C36800
:10F1E00023F00803F5E700BF00000140FFF7BCBFB4
:10F1F000006808B50122FFF765FF036843F00103CB
:10F200000360002008BD082908B500681BD00BD892
:10F2100081B1042913D00122FFF754FF036843F0A2
:10F2200001030360002008BD0C29F4D1C36843F03A
:10F23000100302E0C36843F00203C360EBE7C36856
:10F2400043F00403F9E7C36843F00803F5E708292E
:10F2500008B5006825D015D8D1B104291DD00022E9
:10F26000FFF730FF026A41F211131A4208D1026A15
:10F2700040F244431A4202BF036823F001030360D3
:10F28000002008BD0C29EAD1C36823F0100302E076
:10F29000C36823F00203C360E1E7C36823F00403FB
:10F2A000F9E7C36823F00803F5E7036A10B50424FF
:10F2B0008C4023EA04030362036A8A401A43026211
:10F2C00010BD006808B50422FFF7EFFF436C43F45C
:10F2D00000434364036843F001030360002008BD5A
:10F2E000FFF7EFBF90F83830012B1FD0CB688A684A
:10F2F00023F4407313434A6823F4806313430A687A
:10F3000023F4006313430A6923F4805313434A69C7
:10F3100023F4005313438A6923F4404313430268E0
:10F320005364002380F83830184670470220704735
:10F33000704770472DE9F8430368C1681A690446AD
:10F3400022F440520A431A612569A268D968C0694B
:10F350002A43656921F416412A4321F00C01024336
:10F360000A43DA605A69A16922F440720A43B0F58F
:10F37000004F5A61824A40F08480934203D002F5E4
:10F380008062934249D1FEF72FFC63684FF0190960
:10F390005B0009FB00F7B7FBF3F7FEF725FC63689A
:10F3A00009FB00F55B00B5FBF3F5FEF71DFC636898
:10F3B0004FF064085B0009FB00F0B0FBF3F0B0FB1A
:10F3C000F8F008FB1056FEF70FFCB7FBF8F7636880
:10F3D000F6003236B6FBF8F6760009FB00F55B0066
:10F3E00006F4F876B5FBF3F5FEF7FEFB63682268DA
:10F3F0005B0009FB00F0B0FBF3F0B0FBF8F008FB9A
:10F400001053DB003233B3FBF8F303F0070303EBD5
:10F41000071333449360BDE8F883FEF7CDFB6368C0
:10F420004FF0190909FB00F75B00B7FBF3F7FEF794
:10F43000C3FB636809FB00F55B00B5FBF3F5FEF762
:10F44000BBFB63684FF064085B0009FB00F0B0FB96
:10F45000F3F0B0FBF8F008FB1056FEF7ADFBB7FB7E
:10F46000F8F76368F6003236B6FBF8F6760009FB6B
:10F4700000F55B0006F4F876B5FBF3F5FEF79CFBB0
:10F48000B4E7934202D03F4A934246D1FEF7ACFB29
:10F4900063684FF019099B0009FB00F7B7FBF3F70E
:10F4A000FEF7A2FB636809FB00F59B00B5FBF3F5D3
:10F4B000FEF79AFB63684FF064089B0009FB00F0BD
:10F4C000B0FBF3F0B0FBF8F008FB1056FEF78CFB36
:10F4D000B7FBF8F763683601323609FB00F59B008D
:10F4E000B6FBF8F6B5FBF3F506F0F006FEF77CFB8D
:10F4F000636822689B0009FB00F0B0FBF3F0B0FBEF
:10F50000F8F008FB10531B013233B3FBF8F303F0A0
:10F510000F03334303EB07137CE7FEF74DFB6368F0
:10F520004FF0190909FB00F79B00B7FBF3F7FEF753
:10F5300043FB636809FB00F59B00B5FBF3F5FEF7A1
:10F540003BFB63684FF064089B0009FB00F0B0FBD5
:10F55000F3F0B0FBF8F008FB1056FEF72DFBB7FBFD
:10F56000F8F76368360109FB00F59B003236B5FBFE
:10F57000F3F5B6FBF8F606F0F006FEF71DFBB7E76D
:10F580000010014000140140704710B5044630B32C
:10F5900090F839301BB980F83830FFF7F5FF226852
:10F5A000242384F83930D36823F40053D3602046F1
:10F5B000FFF7C0FE23681A6922F490421A615A6963
:10F5C00022F02A025A61DA6842F40052DA6000201E
:10F5D0002023E06384F8393084F83A3010BD0120EC
:10F5E000FCE70000084910B50C6924F440740C6174
:10F5F0000C6944F440740C610C6944F001040C6122
:10F600000260436010BD00BF003C0240074B1A6916
:10F6100022F440721A611A6942F400721A611A697E
:10F6200042F001021A610160704700BF003C0240D5
:10F63000074B1A6922F440721A611A6942F4807207
:10F640001A611A6942F001021A610180704700BF15
:10F65000003C0240204BDA68D00606D51F49CA6933
:10F6600042F01002CA611022DA60DA68910606D50B
:10F670001A49CA6942F00802CA612022DA60164BB0
:10F68000DA68520606D51549CA6942F00402CA6111
:10F690004022DA60DA68100606D51049CA6942F0DD
:10F6A0000202CA618022DA600B4BDA68D10507D505
:10F6B0000A49CA6942F00102CA614FF48072DA60F5
:10F6C000DA68920706D50549CA6942F02002CA6184
:10F6D0000222DA60704700BF003C02405C09002053
:10F6E000064B1A69002ABFBF054A5A6002F18832E8
:10F6F0000020B4BF5A600120704700BF003C0240A8
:10F7000023016745034A136943F000431361002056
:10F71000704700BF003C02402DE9F0411F4E984663
:10F72000337E012B07460C46154634D001234CF29C
:10F730005030337607F008F9A8B9C7B9184B1A69E1
:10F7400022F440721A611A691A611A6942F00102C0
:10F750001A6125704CF2503007F0F6F8104A136920
:10F7600023F00103136100233376BDE8F081012FFC
:10F7700004D1A9B22046FFF75BFFEBE7022F04D1CB
:10F7800029462046FFF742FFE4E72A464346204643
:10F79000FFF728FFDEE70220E7E700BF5C09002053
:10F7A000003C0240074B1A6922F440721A611A6940
:10F7B00042F004021A611A6942EA002242F48032DD
:10F7C0001A617047003C0240104B1A6922F44072E3
:10F7D0001A611A69022994BF09024FF440710A4361
:10F7E0001A611A6922F0F8021A611969F82292FA6C
:10F7F000A2F2B2FA82F29040084340F0020018618F
:10F800001A6942F480321A61704700BF003C02401E
:10F81000144B1A6891050FD51A6822F400721A6009
:10F820001A6842F400621A601A6822F400621A60D0
:10F830001A6842F400721A600A4B1A6852050FD512
:10F840001A6822F480621A601A6842F480521A60C0
:10F850001A6822F480521A601A6842F480621A60B0
:10F86000704700BF003C024038B505460024012126
:10F87000084601F0E9FF0021022001F0E5FFFA202F
:10F8800000F0B6FC0021012001F0DEFF0121022082
:10F8900001F0DAFF0134FA2000F0AAFCA542E6D11B
:10F8A000BDE838400021022001F0CEBF07B500239B
:10F8B0001C4A00930446009B93422BD30121084627
:10F8C00001F0C2FF0121022001F0BEFF012103204F
:10F8D00001F0BAFF0121042001F0B6FF0E21124809
:10F8E000104E00F0AFFB2046FAF764FB01462046BD
:10F8F00000F0A8FB0024254604F00300013001F0CD
:10F90000B7FF0195019BB34208D301340F2CF3D903
:10F9100030BFF1E7009B01330093CCE7019B01333B
:10F920000193EFE78096980080AD0508F8B507468B
:10F9300004F060FF002842D00A25012400210120A4
:10F9400001F082FF002604F055FF80B10121084636
:10F9500001F07AFF642000F061FC0021012001F039
:10F9600073FF0136C82000F059FCA642EBD14FF4DA
:10F97000C87000F053FC04F03DFF28B10134042CA2
:10F9800008BF0124013DD9D10226002501210846E6
:10F9900001F05AFF642000F041FC0021012001F039
:10F9A00053FF0135C82000F039FCA542EED14FF4D9
:10F9B000C87000F033FC012E02D00126E5E70124D7
:10F9C0003C70F8BD08B50121084601F03DFF00215B
:10F9D000022001F039FF0021032001F035FFBDE8CE
:10F9E00008400021042001F02FBF000010B503786B
:10F9F000022B04460AD00F48FBF726F9C30517D49B
:10FA000020B9022323700420FFF72EFF00210120DC
:10FA100001F01AFF0021022001F016FF002103204F
:10FA200001F012FF0420002101F00EFF002010BDA4
:10FA30000120FCE78FAD050810B50378022B02D03A
:10FA40000D4B1B7813B10024204610BD0B4BD3F88F
:10FA5000D80060B1E5F790FDFBF7F6F810F480747C
:10FA600007D10028F0D10320FFF7FEFEECE70448A1
:10FA7000F2E70124E8E700BF4D09002080040020E0
:10FA800097AD050801234370704701230370704749
:10FA900030B50B6803F00704022C85B005D09C0735
:10FAA00012D11D680A4CA5420ED10A4CC4F8D830B8
:10FAB00003AB0193084B0093043101230138DEF7B7
:10FAC0007FFE039BC4F80032062005B030BD00BFA6
:10FAD000DCFA050880040020A0580608032810B5A9
:10FAE000044601D100F0A6FD0E4840F2EA61F4F7A9
:10FAF000B1F910F1130F10D1032C05D10A490B48AD
:10FB0000D2F77CF8002010BD00F094FD0028F5D15C
:10FB1000044840F2EA61F4F79DF90028EED1012093
:10FB2000F1E700BFF47D06089FAD0508E4D905089C
:10FB3000014608B504460548F4F7B8FE04482146D6
:10FB4000DFF77EF90348FFF7B1FE00BFB7AD050848
:10FB5000E4D90508D7AC05082DE9F04186B0074681
:10FB6000D0F750FA6F4B704A7049714C714DD21AF0
:10FB70001846FAF797F9A060636943F4007363616C
:10FB800000F0CAFB6C4B1A6842F400721A601A68E3
:10FB900042F480621A601A6842F480721A60E26865
:10FBA000664B22F4E0621204120C1343E36000205F
:10FBB000634CFBF791FCD0F74BFA00F0F7FA01F039
:10FBC0002FFE04F00FFEF1F79DFA002004F084FEF2
:10FBD000EDF75EFC03F010FF5A4B236023896FF3AF
:10FBE000080343F48173002623810223E6812382E4
:10FBF00032463346CDE9016600964FF4E1312046A6
:10FC000003F006FF504A4FF48271204603F0DBFFF9
:10FC10000121204604F02CF8C5F88C41C5F8A0411C
:10FC200003F050FA02F04AFE05F022FB05A88DF819
:10FC300014708DF81560454F454EFFF777FEBE1BDB
:10FC400005A8FFF7BFFE43484349C5E90076D0F752
:10FC5000D5FBDDF77FF9FAF7EFFA02F041F804F08F
:10FC6000EFFC00F001FFF1F7CBFA9DF81400FFF76D
:10FC700035FF58B140F2EA61D5F83C01E2F713FFD5
:10FC8000D5F83C0140F2F261E2F70DFF002305A830
:10FC9000C5F8D830FFF7AAFE01282ED105A8FFF736
:10FCA000F1FE9DF815301BB12C492D48D1F7A6FF68
:10FCB00005F008FB9DF815301BB12A492848D1F7FB
:10FCC0009DFFF1F7A3FAFAF7F3FF00F0D5FE03F07A
:10FCD000BDFF03F0F3FB03F017F9EDF763FBEDF75E
:10FCE000F9FEF1F739FA05A8C5F8A041FFF7CDFEF6
:10FCF000D0F70EFDDDF78AF9A2E705F0FFFD05A8B4
:10FD0000FFF79AFE0128C9D0DFF85C8098F8003030
:10FD1000012B04D1FAF756FE0028F7D0BEE7FAF718
:10FD2000D5FEF9E70000002038040020000000089C
:10FD300000ED00E080040020003C02400003FA05D2
:10FD4000800A0020E83606087C090020F8BF012060
:10FD5000F8830120340F0020F87F0120D5AD05087D
:10FD6000E4D90508ECAD05084D090020114B020F40
:10FD70009A5C0A70C0F303629A5C4A70C0F3035243
:10FD80009A5C8A70C0F303429A5CCA70C0F3033273
:10FD90009A5C0A71C0F303229A5C4A71C0F30312A1
:10FDA00000F00F009A5C1B5CCB7100238A710B7210
:10FDB00008467047FEAD05081FB50C46FBF768F80E
:10FDC00001A92046FFF7D2FFFBF762F80248FBF7D4
:10FDD0005FF804B010BD00BF1FAD05087FB5374BFD
:10FDE0001B6804460BB900F081FA3548354DFBF726
:10FDF0004FF821683448FFF7DFFF61683348FFF7A9
:10FE0000DBFFA1683248FFF7D7FFE1683148FFF711
:10FE1000D3FF21693048FFF7CFFF30482146FFF775
:10FE2000CBFF61692E48FFF7C7FFA1692D48FFF797
:10FE3000C3FFE1692C48FFF7BFFFAE6A2B48E96AB0
:10FE4000FFF7BAFF2A483146FFF7B6FF320603D55F
:10FE5000696B2848FFF7B0FF330403D5A96B264828
:10FE6000FFF7AAFF254B9C4202D22548FFF71EFD53
:10FE7000244B9C42F9D22448FBF70AF8234B9C42BE
:10FE80002CBF234D04F18005A542EED921482668F8
:10FE9000FAF7FEFF01A92046FFF768FFFAF7F8FF1F
:10FEA0001C48FAF7F5FF01A93046FFF75FFFFAF7A4
:10FEB000EFFF1948FAF7ECFF0434E5E7A40A002045
:10FEC0000FAE050800ED00E01BAE050822AE0508E8
:10FED00029AE050830AE050837AE05083EAE050868
:10FEE00045AE05084CAE050853AE05085AAE0508E8
:10FEF00061AE050868AE05086FAE05080000002079
:10FF000076AE050800C0012080AE0508F87F01200C
:10FF1000F8BF01205FAC05081FAD05081EF0040FF7
:10FF20000CBFEFF30880EFF30980FFF757BF70476E
:10FF300008B50148FFF7BAFC89AE050808B50148C5
:10FF4000FFF7B4FC93AE050808B50148FFF7AEFC17
:10FF50009CAE050870477047102004F087BB112045
:10FF600004F084BB152004F081BB0000034AD36871
:10FF700023F48063D360162004F078BB002800408F
:10FF8000092001F0E9BB08B5012001F0E5FBBDE85F
:10FF900008400A2001F0E0BB0B2001F0DDBB01208E
:10FFA00001F0DABB022001F0D7BB032001F0D4BB83
:10FFB000042001F0D1BB000008B5052001F0CCFB06
:10FFC000BDE808400148FEF7CFBD00BFB80A0020D9
:10FFD00008B5024B185CDEF71DF900BFB4580608DF
:10FFE0000B4B37B50546D3F8A00148B103685A7CDE
:10FFF00003EB820303211B692A469C6801ABA047DF
:020000040805ED
:1000000004462846F3F730FB204303B030BD00BF61
:100010008004002010B50A4CD4F8A00140B103F0D0
:100020003DFE28B1D4F8A001BDE8104003F060BE49
:10003000F3F75CFB031E02DADEF7FFF9ECE710BD15
:10004000800400200E4B70B50646D3F8A0010C4684
:1000500078B10A46314603F0C5FE012521463046F7
:10006000F3F7A4FB002806DB844228BF04462046A1
:1000700070BD0546F2E7002D08BF0024F7E700BF7A
:1000800080040020084B1A6812F001020BD10748C7
:10009000D0F8FC1041F08071C0F8FC105A601A686A
:1000A00042F001021A607047001000E000ED00E02D
:1000B000084A00F13F4000F57E00116B800A0123E1
:1000C00083400B4382B01363136B0193019B02B017
:1000D000704700BF003802402DE9F041C46806892E
:1000E0000D46204698461746FFF7E2FF25F0040329
:1000F000022BC6F343160FD1F10804EB810106F081
:1001000007030A6A9B000F20984022EA000208FABF
:1001100003F842EA08020A62206872000321914053
:1001200005F0030320EA0100934003432360636862
:100130000120B040AD0823EA0003B5402B436360C3
:10014000A368022023EA010390400343A360E3680D
:10015000974023EA01033B43E360BDE8F08170B5BB
:100160000D46164619469DF81020044601F0B7FECC
:1001700030B1037A324620462946FFF7ADFF012011
:1001800070BDEFF3108372B6002B14BF0E201E203B
:10019000704708B528B10868DFF73EF880F0010025
:1001A000C0B280F31088062008BD0000034B002277
:1001B0001A60034BF02283F822207047AC0A00201B
:1001C00000ED00E0034A136813B1002111601847E5
:1001D000704700BFA80A002004490868002804D01E
:1001E0004FF000020A60FFF7EDBF7047AC0A002035
:1001F00070B50546EFF310834BB9074C2668012014
:10020000DEF720F923689B1B9D42F8D870BDBDE83E
:100210007040FDF7D7BB00BF58090020EFF31083F3
:1002200043B9054A116813685B1A834200D37047CB
:1002300030BFF8E7FFF7DCBF5809002038B50546A6
:100240000C4606F075FB401B844200D838BD30BF19
:10025000F7E70000014B1868704700BF58090020FD
:1002600070B5EFF3108672B64FF0E025AC6906F07A
:100270005FFB2B6986F31088DB0302D5322C88BF25
:1002800001306B694FF47A721C1B54430133B4FB89
:10029000F3F402FB004070BD38B50446EFF3108361
:1002A00043B9FFF7DDFF0546FFF7DAFF401BA04229
:1002B000FAD338BDBDE83840FDF784BBBFF34F8F9C
:1002C0000549064BCA6802F4E0621343CB60BFF3F2
:1002D0004F8F00BFFDE700BF00ED00E00400FA050E
:1002E0000A6882F308884A681047000008B5034B83
:1002F00000200021C3E90001FFF7E0FFF8BF012063
:1003000008B541F4B461034B41F00501C3E90001B4
:10031000FFF7D4FFF8BF012038B5114BD3E9000136
:1003200000240025C3E90045C1F30B0240F2A553A8
:100330009A4214D10B4B5A6FD20010D54FF08072F5
:100340005A67A3F580336FF30B011A6822F003029A
:100350001A601A6842F001021A60FFF7C1FF38BD47
:10036000F8BF01200038024008B502234360052190
:10037000FDF76EFB10B9034B186008BD6FF0040069
:10038000FBE700BF000047422DE9F04F95B08246E1
:100390000C4616460193FDF715FB50456FD0664994
:1003A000664BBAFBF3F301F12C02009332F8025DC5
:1003B0000098EBB29842C0F09580C5F30127013751
:1003C000AD0A4FEA470769D0012D67D07B4303FB95
:1003D00005F24FEAD20B4FF002093021B3FBF1F8DE
:1003E0000520FFF705FFBAFBF4F40F2103914946FE
:1003F000012928BF0121012C049155D9022C55D087
:10040000042C55D9082C55D9102C55D9402C55D928
:10041000802C55D9B4F5807F8CBFF021E02148486D
:1004200005910909415C2AFA01F1B1FBF6F6012EAA
:1004300048D9022E48D0042E49D9082E8CBF4FF43B
:10044000E0504FF4C050019BB1FBF3F1012906903D
:1004500040D9022940D0042941D908298CBF4FF442
:10046000E0514FF4C051079103A80121FDF7F0FAC4
:1004700000283DD06FF0040015B0BDE8F08FFDF707
:1004800095FBA0428BD1FDF797FBB04287D1FDF7DA
:10049000ABFB019B984282D10020EDE7A9464FF0CB
:1004A00007084FF4A87B9BE70021B8E78021B6E757
:1004B0009021B4E7A021B2E7B021B0E7C021AEE7B8
:1004C000D021ACE70020BEE74FF48050BBE74FF4EB
:1004D000A050B8E70021C6E74FF48051C3E74FF4BE
:1004E000A051C0E791427FF461AF6FF01500C3E700
:1004F0004FF480310124CDE90841102102220B90F4
:100500000C9108A84FF48001CDE90E21CDE9105BD4
:10051000CDE91278FDF7BCF802460028AAD1B9F15E
:10052000020FB9D10099039403A8FFF71DFF00281B
:1005300018BF6FF004009FE7CC58060840420F0038
:100540005869050810B5EFF3108472B6FDF792F8FC
:1005500001210846FDF740F80F4B1A6842F480323B
:100560001A601A689203FCD50C4B01221A660A4ADB
:1005700013689B01FCD5936823F0030343F0020347
:100580009360936803F00C03082BFAD1034B00220D
:100590001A6084F3108810BD003802400000474202
:1005A00008B504F02DFA104B10489A68CA21596218
:1005B00053215962996821F470419960D96821F4F6
:1005C0007061D960016841F004010160996802F42A
:1005D00070420A439A60FF225A62054B00225A6019
:1005E000FDF716F8FFF782FE00280040007000407B
:1005F000002004E070B50E4C8CB00646022522683F
:100600000A2302A93046F5F7C3FA40B9D4E901211B
:1006100001AB02A8F5F727FC02A8F5F71AFD012D9A
:1006200004F10C0401D10CB070BD0125E7E700BF57
:10063000F858060830B50121ADF28C4D022001F0CA
:1006400003F906F075F90024054682A8ADF80C42BE
:1006500005F004F84FF400730093224602AB012129
:1006600093A8F6F749F9044640B10D490D48D1F772
:10067000C5FA6FF012000DF28C4D30BD0A4993A8F7
:10068000F6F7B6F893A8FFF7B5FFC8212846FFF79D
:10069000D5FD0220214601F0D7F82046EBE700BF48
:1006A000A7AE0508E4D9050800AC0508036942793E
:1006B000DB6A32B99BB2826932F0100208BF0133A3
:1006C00001E05A1CF7D118467047012870B50C6834
:1006D0000E460DD12369D86A6379002B4FF6FF735C
:1006E00018BF4FF0FF33BDE870401840E1F73EBF40
:1006F0004868DEF74DFC63794FF6FF75002B08BFA5
:100700002A46236918BF4FF0FF321040D862706844
:10071000DEF73EFC6379002B18BF4FF0FF35284011
:10072000E061062070BD012810B50C6806D1236970
:10073000986ABDE8104080B2E1F718BF4868DEF75C
:1007400027FC236980B29862062010BD012810B5ED
:100750000C6805D12369BDE81040586AE1F706BF6F
:100760004868DEF715FC23695862062010BD012891
:1007700010B50C6811D16268217A136903EB81030B
:10078000BDE81040186B5379002B4FF6FF7318BF6C
:100790004FF0FF331840E1F7E9BE4868DEF7F8FB99
:1007A0006368217A5A791B69002A03EB81034FF6AB
:1007B000FF7218BF4FF0FF3210401863062010BDC3
:1007C00013B54B684C7A1A79044B53F834300093C4
:1007D0000B7A0349D1F712FA02B010BD785D060812
:1007E000CBAE050838B50546012303FA01F12B69A4
:1007F0001C69104604EA0102A14312D1D96801EA3A
:1008000002048A430DD1E4432A7B1C612946F9F78F
:1008100073FF002805DA0623AB602B69DA68144001
:10082000DC6038BD062938B504460D4607D102699B
:10083000D36823F00103D3608160062038BD0846E9
:10084000DEF742FBA8B12369DA6822F00102DA6020
:100850006FF00102A56004F110001A61FEF73AF989
:1008600004F11000FEF74DF994F94C00FBF740F845
:10087000E3E70148DDF7AAFAF7AE0508062938B51F
:1008800004460D460BD14368007A19690122CB68F2
:10089000824023EA0203CB60E560062038BD0846AB
:1008A000DEF712FB002841D06268207A1169E5600A
:1008B00001238340DB430B611379012B14BF92F9B1
:1008C0004C001B20FBF714F8637A072B10D8012B80
:1008D0006068217A1DD9013989001030FEF744FC87
:1008E000217A6068013989001030FEF70DFCD4E7E9
:1008F000082BD2D1217A6068013989001030FEF7C7
:10090000A6FC217A6068013989001030FEF77BFC73
:10091000C3E7013989001030FEF768FC217A60686E
:10092000013989001030FEF71DFCB6E70148DDF7FC
:100930004DFA00BFF7AE050870B505460621002642
:10094000FFF770FF2C6D2E6534B92B6985F849408F
:1009500006201C621C6070BD20460621FFF78EFF3A
:10096000236926611C46EFE78B0710B5044608464D
:1009700021D10A68194B9A421DD1DEF75FFBB5EE13
:10098000C00AF1EE10FA02D80024204610BDDFEDB7
:10099000147AB4EEE70AF1EE10FAF6DA80EE277A6E
:1009A00007EE904AF8EE677A27EE277AFCEEC77AD0
:1009B00017EE904AE9E7DEF7EBFA0028E4DD63285A
:1009C000E3DC084B9C4298BF44434FF064038ABF6A
:1009D000B4FBF3F4B4FBF3F44443D6E77CEE050830
:1009E0000000C842285C8F0270B50C686568064636
:1009F0002846FFF75BFE012E20D1227A2B699FED5E
:100A0000190A03EB82036A791B6B002A4FF6FF7207
:100A100018BF4FF0FF32134098420BD907EE903ABF
:100A200007EE100AF8EE677AB8EE477A67EE807A3A
:100A300087EE870ABDE87040E0F72CBD4968FFF7F4
:100A400093FF6268217A53791269002B02EB8102CD
:100A50004FF6FF7318BF4FF0FF33034013630620B8
:100A600070BD00BF0000C842024838220021F9F7DB
:100A700063BA00BF2C06002038B5054D002455F898
:100A8000040F08B1FFF758FF01340E2CF7D138BD21
:100A900028060020024B984201D104F061BF704744
:100AA000B80A0020034B013853F8200020F0FF0063
:100AB000704700BF405D0608013888B00A2813D887
:100AC000DFE800F00614212E3B1212124855620096
:100AD00000230093334B5A6C42F001025A645B6C62
:100AE00003F001030093009B08B0704700230193BB
:100AF0002C4B1A6C42F001021A641B6C03F00103C8
:100B00000193019BF0E700230293264B1A6C42F0FD
:100B100002021A641B6C03F002030293029BE3E7D8
:100B2000002303931F4B1A6C42F004021A641B6CDF
:100B300003F004030393039BD6E700230493194BAC
:100B40001A6C42F008021A641B6C03F00803049349
:100B5000049BC9E700230593124B5A6C42F4803280
:100B60005A645B6C03F480330593059BBCE7002358
:100B700006930C4B5A6C42F400325A645B6C03F4DB
:100B800000330693069BAFE700230793054B5A6C8F
:100B900042F480225A645B6C03F480230793079B22
:100BA000A2E700BF00380240142808B50CD80A4B51
:100BB000C340DB0708D5FDF717F8084B9B6803F423
:100BC000604303B1400008BDFCF7F6FF034B9B6890
:100BD00003F4E053F5E700BF020F100000380240B5
:100BE00037B5144B144D002401941A6C42F00802DE
:100BF0001A641B6C03F008030193019B0F4B6022E6
:100C000083F832233220FAF773FE0D4B2B60052058
:100C100040F2CF73EB60FFF7C7FF0A4BB0FBF3F076
:100C20000138686028462C61AC6003B0BDE83040F4
:100C3000FEF794B800380240B80A002000E100E056
:100C4000000C0040A0860100F8B5064600790F466A
:100C50001546FFF7A9FFBB07044638463AD13A6864
:100C60003D4B9A4236D1DEF7E9F9B5EEC00AF1EE16
:100C700010FA33D905220123F7EE007A0A21B2EEE9
:100C8000047AB4EEE70AF1EE10FA03D5013A1DD169
:100C900042F2107307EE904AF8EE677A87EE807A98
:100CA000FCEEC77A17EE900A7279012838BF01204E
:100CB000002A49D1294C2A4E03274FF0050CB0F5E4
:100CC000803F12D201384FF6FF7240E020EE070A53
:100CD0004B43D6E7DEF75CF9002802DC2148DDF75C
:100CE00075F80123B4FBF0F0DEE704FB00F2B2F18B
:100CF000333F08D803EB8302B2F5803F03D8B0FB43
:100D0000FCF01346DBE706FB00F2B2F1553F4FEA79
:100D1000430106D8CA18B2F5803F02D8B0FBF7F0FD
:100D2000EFE7B1F5803F0A4601D84008E9E7B3F59F
:100D3000803F07D0A0FB03301B0C43EA00404FF478
:100D40008032DEE70848CAE701384FF0FF32024040
:100D5000581E2A6080B2F8BD7CEE0508CDCCCCCC04
:100D6000ABAAAAAA0BAF0508E3A50508012873B52D
:100D70000E683FD1336972799D6ADC6A3079002A46
:100D80004FF6FF7218BF4FF0FF321440FFF70CFF11
:100D9000ADB26A1C631CB0FBF2F102FB1104A4B1FA
:100DA00007EE900AB8EE677A07EE902AF8EEE77A37
:100DB000C7EE276A07EE903AB8EE670A86EE800A19
:100DC00002B0BDE87040E0F765BBB1FBF3F003FB98
:100DD000101252B107EE901A07EE103AF8EE677A49
:100DE000B8EE470A87EE800AEAE702B0BDE8704035
:100DF000E1F7BCBB01AA49683046FFF725FF32691D
:100E0000019B90620620D362F36102B070BD08B509
:100E10000079FFF7C9FEBDE80840E1F7A7BB000075
:100E200038B5044600790D46FFF7BEFE23699B6A7C
:100E30009BB20133B0FBF3F42846DEF7A9F8C517DF
:100E4000A0FB0401034A002304FB051105F0F8FB95
:100E500038BD00BF40420F0038B50C6801286568F6
:100E60001FD1227A2B69287903EB82031C6B6B79E3
:100E7000002B4FF6FF7318BF4FF0FF331C40FFF7F6
:100E800093FE2B6911499B6A9BB20133B0FBF3F2CD
:100E90000023A4FB010105F0D3FBBDE83840E1F7D6
:100EA00080BB49682846FFF7BBFF6268217A537907
:100EB0001269002B02EB81024FF6FF7318BF4FF04F
:100EC000FF3303401363062038BD00BF40420F00CC
:100ED00038B5044600790D46FFF766FE23699B6A24
:100EE0009BB20133B0FBF3F42846DEF751F8C51787
:100EF000A0FB040104A3D3E9002304FB051105F0C2
:100F00009FFB38BDAFF3008000CA9A3B0000000091
:100F10002DE9F047804694B0D1E9005089469246C9
:100F2000DEF736F8431E032B064604D99B490246DA
:100F30009B48DCF758F92C6D00276CB9B8F1020F0B
:100F40001DD1DAF80030072B0DD8002C08BF06247D
:100F5000204614B0BDE8F087237AB34200F07F81C9
:100F600027462469E9E754B106212046FFF786FCAD
:100F70000FB123693B6123692B650023236102AB19
:100F80000193884B00935246092309F10801A8F107
:100F90000200DDF715FC1420CFF76AF90023C0F832
:100FA0000A30C0F80E3043827F4B0672C0E900352C
:100FB000029B4372049E039BC360062E04462AD004
:100FC00016F0030703D13268784B9A4202D0784872
:100FD000DCF7FCFE2A793946304600F080FF28B95C
:100FE0002B79B28873496E48DCF7FDF8724B42F2F8
:100FF0007A18CDE90B360523CDE90D8341F6A2130E
:101000000F93037A5B0043F001030BAA02213846D9
:101010001093DCF71EFA2B6D23612C65627A05F1C3
:1010200010060B2A00F21981DFE802F00606515182
:101030005151515192CECECE604B069903EBC20373
:1010400006295B680B932ED02846FFF72FFBFFF78E
:101050008BFC0023CDE90E330D934FF4807E4FF4CB
:101060000073CDE910E30C90227A013A0BA99200AB
:101070003046FDF7CEFFE168062924D1217A0139F7
:1010800089003046FEF73EF82A694D4B9A427FF4BC
:101090005FAF217A0139890008293FF659AF304600
:1010A000FEF71EF954E70799062903D02846FFF7F3
:1010B000B7FECEE70899062903D02846FFF708FFB8
:1010C000C7E70598C5E72046FFF7D8FBDCE73B4BB1
:1010D00003EBC2030A9A5B680B93571C099B0C93A2
:1010E00008BF002200230F93D31A18BF0123DB008F
:1010F0000E934FF4807C4FF40073CDE910C332F0AF
:1011000002030D9201D02F4912E7227A013A0BA96E
:1011100092003046FDF754FFE168062914D1217A88
:10112000013989003046FDF7D9FF2A69244B9A42DC
:101130007FF40EAF217A0139890008293FF608AF04
:101140003046FEF7BEF803E72046FFF797FBECE7D3
:101150000A9A511C4FF0000308BF00220120CDE97C
:101160000C030E9332F002030B9201D00A2ACAD16B
:10117000227A013A0BA992003046FDF77DFEE16824
:10118000062906D1217A013989003046FEF730F868
:10119000DEE62046FFF772FBDAE600BF18AF05086F
:1011A00098EA0508CC5A0608245D060890610608EE
:1011B00027AF050833AF050848610608785D0608C3
:1011C000000001403EAF0508274B03EBC2030A9A1B
:1011D0005B680B93531C4FF0010308BF00220D9373
:1011E000119300230E9312930F93139332F0020383
:1011F0000C92109201D00A2A85D12B691B4A934286
:1012000011D0B3F1804F0ED0A2F57C4293420AD0A8
:1012100002F58062934206D002F58062934202D0CA
:101220002A79134984E6DA6822F00102DA600BA910
:101230003046FDF7ABFD2B6900225A62AA68062AE8
:1012400006D06FF001021A61DA6842F00102DA603A
:1012500018213046FDF762FC7AE6064968E6B8F1E7
:10126000020F7FF481AE6CE6785D06080000014055
:101270004EAF050862AF050838B50C6801286568EF
:101280001FD1227A2B69287903EB82031C6B6B79BF
:10129000002B4FF6FF7318BF4FF0FF331C40FFF7D2
:1012A00083FC2B6911499B6A9BB20133B0FBF3F2BB
:1012B0000023A4FB010105F0C3F9BDE83840E1F7C4
:1012C00070B949682846FFF703FE6268217A5379AE
:1012D0001269002B02EB81024FF6FF7318BF4FF02B
:1012E000FF3303401363062038BD00BF00CA9A3B9A
:1012F0002DE9F04F97B00446084611461A460CAB4C
:101300000193824B00930A23DDF75AFA0C990629C0
:1013100014D004F11C022046FFF796FC6061109A7D
:10132000A26132F010037DD022F04003202B79D04F
:10133000402A77D076497748DBF755FFDDE90D3550
:101340005E1C04D0681C6AD06361E561E7E7691C34
:1013500065D020790F9EFFF727FC002D01DD002EC0
:1013600002DC6D48DCF732FD3246F317A5FB0001C5
:1013700005F066F994F8059006460F46B9F1000F9E
:101380001BD04FF0FF3800230393012543F2333A7B
:1013900045F2555B039BB045BB4112D3B9F1000F39
:1013A0004FF6FF7306F1FF3618BF4FF0FF33013DD4
:1013B0001E40ADB2E6616561B1E74FF6FF784B467E
:1013C000E2E755450CD8052200233046394605F0A2
:1013D00037F91A4306D105EB850506460F46D9E7CE
:1013E0005D450AD8032200233046394605F028F926
:1013F0001A4302D105EB4505EFE770086D0040EA9E
:10140000C770A8424FEA570171F100033CBF06F0D4
:1014100001063543B5F5803FDFD94048A2E7404893
:10142000DCF7AEFE119B022B52D01A1F53425341E0
:101430005B0221792362002363620846FFF73CFBCD
:1014400005290CD094F84C30364A03F07F0313443E
:10145000D020012983F8000308BF82F81B0304F1A0
:1014600010063046FDF762FC22692F4B9A421ED1CE
:10147000DDE913571C22002105A8F8F75DFD002DBA
:1014800039DD7F2D05DDFF2D25DC6D10403D45F05C
:10149000800508959FB3013F4FF4805318BF012783
:1014A00009937F0305A930460A97FDF71BFF2269C0
:1014B0001299136843F08003136006299DF8543095
:1014C00023731FD13046FDF7F8FA17B0BDE8F08F4F
:1014D0004FF48073ADE7B5F5007F04DAED10203DE1
:1014E00045F0C005D5E7B5F57C7F06DA2D11203D26
:1014F00045F0E005CDE70025CBE7FF25C9E74FF430
:101500000057CFE72046FFF78DF9DEE77C5A060843
:1015100062AF050898EA05080BAF050894A6050810
:101520006EAF050800E100E0000001402DE9FF4733
:1015300098460D4691464946284A2846DDF712F955
:10154000D8F80000DDF724FD431E0D2B074605D813
:10155000234A52F823A0BAF1000F04D121492248AE
:101560003A46DBF740FE214E00F1690306EB8306A5
:101570007468E4B95420CEF77BFE4E220446002165
:101580000630F8F7D9FC1A4B23601A4A2771062354
:10159000A3602AF0FF03B3F1804F18BF9342236189
:1015A0000CBF0123002384F84CA063717460012DEB
:1015B00002D8B9F1000F0CD008EB8502494601A80A
:1015C000DDF797F901AB08F10402691E2046FFF729
:1015D0008FFE204604B0BDE8F08700BFFFFF030088
:1015E000405D06089EAF050898EA050880040020C3
:1015F000945B0608000C004010B50C4613460A1D0B
:10160000411E2068FFF774FE062010BDF0B591F86A
:1016100049300A7985B005460C462BB9394905B0E1
:10162000BDE8F040D0F7EABA0B699E6ADF6A4B79F1
:10163000002B10464FF6FF7318BF4FF0FF331F40CB
:10164000FFF7B2FAB6B27A1C06FB0222B0FBF2F345
:10165000A0692279002839D02B49DFF8D4C010289E
:1016600008BF6146206AB0F5007F31D0B0F5807FB9
:1016700014BF01200220CDE90210CDE90067234903
:101680002846D0F7BBFA2369214A934217D15B6CF5
:1016900019061FD403F07F021E492846D0F7AEFA80
:1016A00023695A6CD20428D55B6C1B4A1B4913F47E
:1016B000005F1B4B284618BF1A46D0F79FFA1949FE
:1016C000284605B0BDE8F040CFF7E3BE1649C9E7AC
:1016D0000420D0E703F0C002802A04D103F03F03C6
:1016E00040335A00D8E703F01F0203F0E003203232
:1016F000C02B0CBFD2001201CEE70C492846D0F710
:101700007DFADCE7A3AF05083D6F0508ADAF05081E
:1017100000000140E9AF05082D6F0508F7AF050887
:10172000246F050804B40508E675050800B005082F
:101730000176050810B50446DDF748FB044B9842D6
:1017400002D00448DCF742FB04F1100010BD00BFDA
:10175000945B06080EB00508F8B5431E0D2B2CD877
:10176000164B03EB8003D3F8A84134B3A2680021E1
:101770002046FFF737F80126256D374695B92369CE
:10178000DA6822EA060212F0FF0216D0D968D043C6
:1017900021EA0201D960186109490A48BDE8F84008
:1017A000D0F72CBAEA68297A2046FFF71BF82B7A83
:1017B0002D6907FA03F31E43E0E7F8BD800400201B
:1017C00018B00508E4D905084A680149D0F716BAE7
:1017D00046B0050810B51C46084611464FF00212E7
:1017E000DCF7C0FF2068DDF7D3FB0128024603D0F9
:1017F00002490348DBF7F7FC024810BD4EB005086C
:1018000098EA05084C5E06080379012B04D1034BC6
:10181000DA68DB881B04936106207047FC860608A3
:1018200070B5084CE5682846FEF742FCE3881B04C7
:10183000AB61002320461A46BDE870400121FEF747
:101840004BBC00BFFC860608012805D1034BDA68B3
:10185000DB8801B91B049361704700BFFC86060852
:1018600008B500790121FFF7EFFF062008BD000051
:10187000012805D1034BDA68DB8851694B4053617D
:10188000704700BFFC86060808B50079FFF7F0FF37
:10189000062008BD012808D1054BDA68DB885269AB
:1018A000134214BFFF20002070470020704700BF84
:1018B000FC8606080029D4BF00210121FFF7C4BF20
:1018C0000B68012810B51C7906D12046FFF7E2FF0E
:1018D000BDE81040E0F74ABE4868DDF759FB014615
:1018E0002046FFF7E7FF062010BD00000128044B4B
:1018F00083BF4A68C3F8D4200620D3F8D4007047C9
:10190000800400200128044B83BF4A68C3F8D0201C
:101910000620D3F8D000704780040020C388C26836
:101920001B04936106207047C368C2889A61062031
:1019300070478088C00040F002007047007A00F0D5
:101940001F00400040F0010070470089C0F34310C1
:10195000400040F001007047C068400040F00100C6
:101960007047007A400040F0010070474068C000B6
:1019700040F002007047C068400040F0010070472E
:1019800008B500F096FA400040F0010008BD08B527
:1019900000F084FA400040F0010008BD08B500F0F6
:1019A00069FA400040F0010008BD0021F8B5064684
:1019B0000846E1F709FB376905460024737AC3F34B
:1019C0004303A34201D82846F8BD07EB041128467B
:1019D000E1F769F80134F1E72DE9F0410021804693
:1019E0000846E1F7F1FAB8F80410C90041F0020125
:1019F0000746E1F758F80C4BDC685B6808340025B3
:101A0000C3F3DC06AE4202D83846BDE8F08154F894
:101A1000043C434504D154F8081C3846E1F743F828
:101A200001350834EEE700BFBC7F060870B586B00C
:101A300003AB51F8045B01930B4B00930446032363
:101A400001381646DCF7BCFE012C02D83368072BA0
:101A500006D9039B9DF814200499284602F054FDF2
:101A6000062006B070BD00BF805E06084A680149C6
:101A7000D0F7C4B882B0050870B58A880D462A49E7
:101A80000446D0F7BBF8284600F0F4F903280AD83A
:101A90000138022839D8DFE800F002352F0040F283
:101AA0001120002604E0112832D040F22510012632
:101AB000CFF70FFB01462046CFF7EBFC284600F09E
:101AC000EDF9012827D0022805D14FF413721749E8
:101AD0002046D0F793F826B3284600F0EAF90646E8
:101AE0000146284600F00FFAC0B911493246204697
:101AF000BDE87040D0F782B80E492046BDE870407E
:101B0000CFF7C7BC4FF49270D1E740F2DF10C8E7BF
:101B10004FF40470C5E740F24E22D8E74268064908
:101B2000E5E70649E9E700BF59B005087BB00508BD
:101B300089B0050873B0050893B0050804B405081A
:101B4000012905D002290CD04FF0FF321046704712
:101B5000C3681A690389C3F34313DA4002F0010230
:101B6000F4E7C388C16812B18B610022EEE71B0461
:101B70008B61EBE7012810B5064C05D94868DDF705
:101B80004BFB2070062010BD2378002B0CBF0E20CD
:101B90001E20F8E7F40A002070B50D4604461146F1
:101BA000284602221E46DCF7DDFD5DB9E3681869B0
:101BB0002389C3F34313D840400000F0020040F0F3
:101BC000010070BD3068DDF727FBE388E26810B1E3
:101BD00093610620F5E71B04FAE710B40C460B1DD1
:101BE0000022411E206810BCFFF7D6BFF0B58DB0B3
:101BF0000646084611461A4602AB01932C4B009349
:101C00000523DCF7DDFD029C032C18D9A4F1110398
:101C1000012B14D9274A24F4001393420FD002F564
:101C2000801294420BD0A2F57022934207D0224B2F
:101C30009C4204D0214922462148DBF7D4FA03987C
:101C4000062807D0DDF7A4F902280246074602D984
:101C50001C49F1E70027069D24F010036A1C08BF09
:101C6000049D022B09D10F2D04D849F2F773EB40E4
:101C7000DB0702D414492A46DEE7F068FEF718FABB
:101C8000059828B1DDF7C8FAF388F26868B1936166
:101C9000F388F0680997CDE9073407A90223CDE955
:101CA0000A35FAF711F80DB0F0BD1B04EFE700BFDD
:101CB000585E06080000111000002210A1B00508AF
:101CC00098EA0508ABB00508B5B0050810B50C4694
:101CD00013460A1D411E2068FFF788FF062010BD2D
:101CE000034B0622C3E93422024B00221A707047CC
:101CF00080040020F40A0020F8B510F003043A4FE5
:101D0000064615D10268394B9A4211D13B7813B976
:101D100034462046F8BD36493648CFF76FFF214696
:101D20003046DDF785F834493248CFF767FFEFE7F3
:101D3000324DD5F8D400062827D03146DBF780FB9A
:101D40000628044621D010F0030503D10268274B72
:101D50009A4202D02A48DCF739F83B78002BD8D0D9
:101D600028492448CFF74AFF30460121DDF760F8C3
:101D700025492048CFF742FF20460021DDF758F8DB
:101D80001D491C48CFF73AFFC3E7D5F8D000062815
:101D90000CD0002231460430DCF7D4FD30B1446869
:101DA00024B13B78002BB4D01849DAE71848314603
:101DB00000F08DF8044620B13B78002BA9D01549DE
:101DC000CFE71548314600F082F8044620B13B7851
:101DD000002B9ED01149C4E73046E3F7CDFB1049F4
:101DE00002461048DBF7FFF9F40A0020906106086C
:101DF000BDB00508E4D9050820AD05088004002021
:101E0000D1B00508EAB00508FBB0050800B1050827
:101E1000BC7F060813B105082482060823B1050813
:101E200031B1050898EA0508F0B50C461E4617467C
:101E300085B00F4A39462046DCF794FC3068FFF73E
:101E40005BFF012C054600D877B106EB84023946CA
:101E500001A8DCF74EFD01AB321D611E2846FFF7DD
:101E6000C5FE284605B0F0BDC068FEF721F9F8E7C9
:101E7000FFFF0300C16802890B68C2F343125200DE
:101E8000D34003F003035A1E012A05D84A68C188CB
:101E9000114218BF43F0100318467047C368DA6850
:101EA0000389C3F343135B0022FA03F000F003003D
:101EB00070470389C168C3F300220832C3F3421399
:101EC00051F822009B00D84000F00F00704708B581
:101ED00000220430DCF736FD00B1406808BD30B5A3
:101EE000447A0369C4F343040020844202D80023E7
:101EF000184630BD5D7A8D4202D19D7A9542F7D069
:101F000001301033F1E710B50369407A0022C0F3C5
:101F10004300904202D80023184610BD1C7A8C4220
:101F2000FAD001321033F4E738B5C3070C46154632
:101F300005D481070CD10268084B9A4208D1DDF71D
:101F400027F8012228704223C4E90123256038BD07
:101F500021460522BDE83840DDF74CBADCF0050823
:101F600030B5C20785B004460D4605D483070ED1AF
:101F700002680C4B9A420AD12046DDF709F8014667
:101F80002846CFF78FF90024204605B030BD062241
:101F900001A92046DDF72EFA019BAB60029B6B6026
:101FA000F2E700BFDCF0050837B5EFF3108472B636
:101FB0001B4901230A680D6883402B430B6084F39F
:101FC0001088072817DCD2B29AB9164B1A6B12F494
:101FD00000120ED100921A6B42F400121A631B6BAE
:101FE00003F400130093009B0F4B4FF0FF321A6075
:101FF0005A6003B030BD12F47F4FFAD1094B1A6B0F
:1020000012F48002F5D101921A6B42F480021A6335
:102010001B6B03F480030193019B044BE5E700BFB6
:10202000F80A002000380240FC0A0020040B0020BF
:1020300007280849D4BF0022012201238B54064AF5
:102040000649116006490A68834022EA03020A60D1
:10205000704700BFF60A0020B00A0020652005087E
:10206000F80A0020124B1A8802B310F0060F1DD197
:10207000C0F3C0001A5CCAB11A5C0132D2B2082A9D
:102080001A5413D90B4A0C49126851F820100A400F
:102090000AD11A54094B1A6B18B922F400121A63A8
:1020A000704722F48002FAE701221A54704700BFF9
:1020B000F60A0020F80A0020E8610608003802400D
:1020C000024B186808B1F9F785BC70470C0B00206B
:1020D000024B586808B1F9F77DBC70470C0B002023
:1020E000024B986808B1F9F775BC70470C0B0020DB
:1020F000024BD86808B1F9F76DBC70470C0B002093
:10210000024B186908B1F9F765BC70470C0B002049
:10211000024B586908B1F9F75DBC70470C0B002001
:10212000024B986908B1F9F755BC70470C0B0020B9
:10213000024BD86908B1F9F74DBC70470C0B002071
:10214000024B186A08B1F9F745BC70470C0B002028
:10215000024B586A08B1F9F73DBC70470C0B0020E0
:10216000024B986A08B1F9F735BC70470C0B002098
:10217000024BD86A08B1F9F72DBC70470C0B002050
:10218000024B186B08B1F9F725BC70470C0B002007
:10219000024B586B08B1F9F71DBC70470C0B0020BF
:1021A000024B986B08B1F9F715BC70470C0B002077
:1021B000024BD86B08B1F9F70DBC70470C0B00202F
:1021C000F0B5CD6804469C460B6844F8043B0646CF
:1021D0000F4696460FCD0FC40FCD0FC495E80F00E4
:1021E00084E80F007B68C6F808E07360C6F838C062
:1021F000F0BD00002DE9F0410F4616460021602297
:1022000005469846F7F798FEBFB397F9084032465F
:10221000394643462846FFF7D3FF194B204643F87B
:102220002450FFF7C1FE7A68B6FA86F35B09C2F361
:10223000426242EAC312134B134E195D914215D00C
:1022400028461A55F9F71CFD2846F9F79BFC335D23
:1022500003F07F0303F1604303F56143502283F8E9
:1022600000233057BDE8F041F9F742BB012385F860
:1022700035302846F9F772FCF3E7BDE8F08100BF7E
:102280000C0B0020FC0A0020F061060810B5044683
:1022900078B190F90830074AD056F9F737FB94F92E
:1022A0000800054B0022BDE8104043F82020FFF74E
:1022B000BFBE10BDF06106080C0B002010B560B168
:1022C00090F90810054C4368625CC3F3426302F066
:1022D0007F029A4204BFFF23635410BDFC0A002012
:1022E00000F140432DE9F041A3F5A84305460E4611
:1022F0009C0A04F01DFB0B4F80466B69334201D0F2
:1023000000200DE004F014FB37F81430A0EB0800B7
:102310009842F2D32B6823F001032B606FF06D001D
:10232000BDE8F0814E0B0020F8B500F14043A3F565
:10233000A84304469D0A04F0FBFA0C4E07462068A9
:1023400010F4007004D1236823F0010323600CE033
:1023500004F0EEFA36F81530C01B9842EFD323682C
:1023600023F0010323606FF06D00F8BD4E0B0020D9
:102370002DE9FF41044604F14046A6F5A846B60AF9
:10238000771C1D46FFB201230846904600971A4667
:102390000621FDF7E4FE20B94FF0FF3004B0BDE8A0
:1023A000F081012300971A4606214046FDF7D7FE2B
:1023B0000028F1D0214BBDF8282023F81620204B0F
:1023C0004FF40012196AB24011431962196A21EAE6
:1023D00002011962196C0A431A641B6C0393039B74
:1023E000FBF7EAFB00222260164BB0FBF3F36360BD
:1023F000A260E260144A1549AA4228BF2A468D42CB
:1024000000F1FF300CD85200B0FBF2F0013004288C
:1024100038BF0420E0610133002023626062BDE721
:1024200019214A43B0FBF2F0013040F4404003EB85
:1024300043030A22E061B3FBF2F3ECE74E0B00200A
:102440000038024040420F00801A0600A0860100BA
:10245000F8B51E4603689DF818C00D46D907044616
:10246000174613D48369DA0710D52A4900F140438F
:10247000A3F5A8430A6A9B0A4FF4001000FA03F37D
:102480001A430A620A6A22EA03030B6215B1BCF11D
:10249000000F3BD0C4F808C0236843F00103236059
:1024A000236843F48073236001212046FFF718FF5F
:1024B00010B16FF06D00F8BD45EA4707276140F2A3
:1024C00002412046FFF70CFF0028F2D163695B054B
:1024D00009D5236843F4007323602046FFF724FFE7
:1024E0006FF01200E7E72DB1012E236804D823F422
:1024F00080632360A369DEE7022E04D143F4006306
:1025000023602368F3E743F48063F2E76FF015007C
:10251000D1E700BF003802402DE9F04104460D46E6
:1025200098461AB96FF01500BDE8F081012BF9D07B
:10253000D718012F14D1036843F4007303604021BE
:10254000FFF7CEFE10B16FF06D00EDE723692B7041
:10255000B8F1000F24D12046BDE8F041FFF7E4BEFA
:102560008E1804212046FFF7BBFE0028EBD1022F76
:1025700008D1236843F40073236023692B70236917
:102580006B70E5E7032F02BF236823F480632360A9
:10259000236905F8013BB54207F1FF37E1D1D7E7E1
:1025A0000020C1E72DE9F04188464FF490610546CF
:1025B00017461E46FFF794FE044628B16FF06D04DF
:1025C0002046BDE8F0810134BC420CD018F804303C
:1025D0002B6140F204412846FFF782FE0028EDD12E
:1025E0006B695B05EFD5002EEAD1AB68002BE7D015
:1025F0002B6843F400732B602846FFF795FE0028F4
:1026000018BF6FF06D04DBE708B500F00703022B7D
:1026100005D082070AD102680B4B9A4206D1E2F735
:10262000ABFF0A4902460A48DAF7DDFDDCF7B0FCE9
:10263000431E062B024603D80E230341DB0701D4B9
:102640000449F0E708BD00BFDCFA05083CB1050805
:1026500098EA050847B10508044B1B78DB0702D54B
:10266000034800F05AB8012000F05CBC4C0B00207D
:1026700000540040044B1B78DB0702D5034800F0F0
:102680004CB8012000F0BABC4C0B002000540040B4
:10269000044B1B789B0702D5034800F03EB802208C
:1026A00000F040BC4C0B002000580040044B1B784D
:1026B0009B0702D5034800F030B8022000F09EBC12
:1026C0004C0B002000580040044B1B785B0702D5E0
:1026D000034800F022B8032000F024BC4C0B00207B
:1026E000005C0040044B1B785B0702D5034800F0F8
:1026F00014B8032000F082BC4C0B0020005C0040AA
:1027000040F204734900436041F48041002381603A
:10271000C36040F201430360704738B545694369BF
:1027200023F45F4343616B05044601D5EAF738FEA5
:10273000A80706D56569A1692046C1F38001EAF7BB
:102740005FFD290602D52046EAF7E6FD6A0602D5B6
:102750002046EAF777FDEB060BD56369236823F47F
:10276000806323602046EAF7C9FD236843F4806351
:10277000236038BD70B504460D4604F0D9F806460E
:102780002046FAF718FF202801D1002070BD04F080
:10279000CFF8801BA842F3D30320F7E74368DB6838
:1027A000FE2B70B5064602D00C48DBF7E9FC002191
:1027B0000846E0F709FC102405467068C82301228A
:1027C000A1B2FAF7FFFD20B944F001012846E0F775
:1027D0006AF90234F02CF0D1284670BD52B10508D8
:1027E0004368DB68FE2B70B5064602D00A48DBF76B
:1027F000C7FC0846DCF7CCFB4400A4B20A2570688D
:10280000C8230A222146FAF7DDFD18B1013DF6D1B1
:102810000E2070BD1E20FCE752B105080268536807
:10282000D069D269120454BF054A49F6404203F008
:102830003F035343C0F30B00B3FBF0F0704700BFFE
:1028400020A1070010B504464868174A0368934260
:1028500012D002F58062934210D014498B420CBF13
:102860000321002190F83D2052B90A462046104924
:10287000BDE81040CFF7C2B90121F3E70221F1E72B
:10288000C268FE2A09D1FFF7C9FF0A460949034673
:102890002046BDE81040CFF7B1B99B680A46C3F3A4
:1028A00046030549F4E700BF00540040005C0040C7
:1028B00064B105086CB1050891B10508054B064ADD
:1028C0001A60064B02F580621A60054B02F58062C1
:1028D0001A607047000C002000540040AC0B002030
:1028E000580B0020F0B53D4B984287B0054639D1D2
:1028F000002303933A4B3B4E1A6C3B4842F40012C0
:102900001A641B6C03F400130393039B0124E7B2C6
:102910000123002206210097FDF721FC00970123E7
:10292000002206213046FDF71AFC2846F9F772FC12
:10293000002850D12D4B1422013C02FB0434A06826
:10294000FFF7BCFCE068FFF7B9FC2B68284A93420C
:102950002ED11F20F8F7CCFF2020F8F7C9FF002068
:1029600007B0F0BD234B98420FD1002304931C4BBA
:10297000214E1A6C214842F480021A641B6C03F445
:1029800080030493049B0224C1E71D4B98421FD18E
:1029900000230593124B1B4E1A6C1B4842F4000295
:1029A0001A641B6C03F400030593059B0324AEE734
:1029B000164A934204D12120F8F79AFF2220CCE74F
:1029C000134A9342CBD14820F8F792FF4920C4E73D
:1029D0006FF01500C4E76FF00400C1E7000C0020A1
:1029E0000038024094850608A8850608A0640608F9
:1029F00000540040AC0B00200C86060880850608B9
:102A0000580B002068840608C0860608005800405D
:102A1000005C004010B50446F9F76FFC2368214ABA
:102A2000934214D1204B1A6A42F400121A621A6AB5
:102A300022F400121A621A6C22F400121F201A6487
:102A4000F8F764FF2020BDE81040F8F75FBF174A91
:102A5000934211D1144B1A6A42F480021A621A6A24
:102A600022F480021A621A6C22F4800221201A6475
:102A7000F8F74CFF2220E6E70D4A934211D10A4BAA
:102A80001A6A42F400021A621A6A22F400021A62F6
:102A90001A6C22F4000248201A64F8F737FF492024
:102AA000D1E710BD005400400038024000580040FB
:102AB000005C004038B50446322523689B699B07BB
:102AC0000CD50120FDF794FB013DF6D12046FFF720
:102AD000A1FF2046BDE83840FFF704BF38BD000025
:102AE0002DE9F043A7B009AB51F8045B01932F4BDC
:102AF000009301380523DBF763FE6B68DB68FE2B70
:102B000002D02B48DBF73CFB099805AA06A9FFF782
:102B10000BFA0D9B0A9C6868BDF82C60082B2B698A
:102B20001B784FEA4404A4B214BF1027012723B333
:102B3000EFF31088B8F1000F1FD10DF138090346EB
:102B4000A96840224846FFF755FB6868BDF81C306D
:102B5000C0E90D980193069B009321463B463246FF
:102B6000FAF7ECFA044620B90C996868FFF702FE00
:102B70000446A868FFF78AFB0CE00C9B0293BDF8A3
:102B80001C300193069B009321463B463246FAF7E0
:102B900047F904462CB16868FFF78CFF2046FDF723
:102BA00017FA062027B0BDE8F08300BF3C64060892
:102BB00052B105082DE9F047A6B009AB51F8045B06
:102BC0000193314B009301380523DBF7F9FD6B6866
:102BD000DB68FE2B02D02D48DBF7D2FA099805A955
:102BE000FFF7BEF90D9B0A9CBDF82C80082B2B69C2
:102BF0001B784FEA44040646A4B2686814BF4FF03D
:102C000010094FF0010913B3EFF31087FFB90DF16D
:102C1000380A0346E9683A465046FFF7EBFA686817
:102C2000BDF81830C0E90D7A0193079B0093214647
:102C30004B464246FAF712FB044620B90C996868E5
:102C4000FFF798FD0446E868FFF720FB0CE00C9BBB
:102C50000293BDF818300193079B009321464B4621
:102C60004246FAF76BF904462CB16868FFF722FF79
:102C70002046FDF7ADF91EB905A8E2F783F8064630
:102C8000304626B0BDE8F0873C64060852B105081E
:102C90002DE9F041A2B003AB51F8045B01932D4B39
:102CA000009301380323DBF78BFD039806A9FFF798
:102CB00057F92B691C7806466CB1EFF31087A7B95A
:102CC0000DF128086B68E9683A464046FFF792FA2A
:102CD0006B68C3E90D786868C368FE2B26D1049938
:102CE000FE2904D11C48DBF74BFA0024F3E7490026
:102CF000089ABDF81C3089B25CB9059C0094F9F7BC
:102D0000E7FB0446ECB16868FFF7D4FE2046FDF708
:102D10005FF9F9F723FF044620B905996868FFF7C2
:102D200029FD0446E868FFF7B1FAEBE70899BDF81A
:102D30001C201CB9059BF9F7D5FDE2E7F9F7FEFF6A
:102D4000E9E71EB906A8E2F71DF80646304622B0AC
:102D5000BDE8F0817C630608B6B10508F0B5A3B004
:102D600004AB51F8045B01932B4B00930138032310
:102D7000DBF726FD049803AA07A9FFF7D5F82B690E
:102D80001C7864B1EFF31086BEB90AAF6B68A9680E
:102D900040223846FFF72EFA6B68C3E90D76686863
:102DA000C368FE2B2AD10599FE2908D114B1A86861
:102DB000FFF76CFA1948DBF7E3F90024EFE7490065
:102DC000079ABDF8203089B25CB9069C0094F9F7E7
:102DD000ADFA0446ECB16868FFF76CFE2046FDF7DB
:102DE000F7F8F9F73BFE044620B906996868FFF743
:102DF000C1FC0446A868FFF749FAEBE70799BDF85C
:102E000020201CB9069BF9F7C1FCE2E7F9F726FF81
:102E1000E9E7062023B0F0BD64630608B6B10508F3
:102E200008B54068FFF7F6FD062008BD10B588B06C
:102E30000446084611461A4603AB0193174B00930C
:102E40000523DBF7BDFC039B606813B3049B5B00A9
:102E5000DBB2059AC360124B9A42D4BF4260436012
:102E60009DF818204FF48043836003619201002392
:102E7000C0E906324361036223699DF81C201A7081
:102E8000FFF7C8FD6068FFF72DFD20B14042DBF77A
:102E9000C1F9FE23DDE708B010BD00BF3C630608A2
:102EA000801A0600F0B51E460D46174685B00F4A3B
:102EB0000F4C39462846DBF755FC3068FFF7A4FB7A
:102EC00014230138012D03FB004400D85FB106EB49
:102ED0008502394601A8DBF70CFD01AB321D691EE6
:102EE0002046FFF7A3FF204605B0F0BDFFFF03001B
:102EF000A064060810B50C4613460A1D411E206842
:102F0000FFF794FF062010BD38B5054D042468680E
:102F100008B1FFF77FFD013C05F11405F7D138BD7D
:102F2000A06406080138022882B016D8304B53F846
:102F300020201368596911F0011F10D092F83D103C
:102F4000526C212916BF42F0010202F0FE02D2B2F9
:102F50001A615A6842F400625A6002B070475869B8
:102F600024490140F1B192F83D10222906D1518D3A
:102F7000012907D11A6822F480621A609B690193C3
:102F8000019BEAE7528D022A07D11A6822F4806277
:102F90001A601A6842F400621A605A6842F4805259
:102FA0005A60EBE75869144901400029D5D092F8DE
:102FB0003D102129D1D1518D41B1516A481C506237
:102FC00009781961538D013B5385C6E7596821F48F
:102FD000E0615960D16A01291EBF196841F400718E
:102FE0001960002382F83E30202382F83D30B4E798
:102FF00030630608020001000400010001380228C5
:1030000030D8194B53F8203018481A6851690142DA
:1030100006D0186C40F0010018646FF480705061A5
:1030200011F4813F06D0186C40F0020018646FF470
:103030000070506111F4823F0AD0186C40F0040017
:103040001864106840F4007010606FF48060506184
:1030500011F4843F06D0196C41F0080119646FF433
:1030600000635361704700BF306306080001010030
:103070000368054A934201D1FAF79EBD034A934281
:10308000FAD0FAF7B1BD00BF00380040003C004064
:1030900070B506460D461446EFF3108372B696F8E7
:1030A0005120012A03D183F31088002070BD30BF66
:1030B00083F3108803F03CFC401BA042ECD30320B8
:1030C000F4E70000094B0A4A1A600A4BA2F578425D
:1030D0001A60094B02F580621A60084B02F57842CB
:1030E0001A60074B02F5E0521A607047B40D0020D9
:1030F000003001405C0D0020040D0020AC0C0020CD
:10310000540C002008B500F00703022B05D08307FC
:103110000AD102680B4B9A4206D1E2F72DFA0A490E
:1031200002460A48DAF75FF8DBF732FF431E052B49
:10313000024604D80C214B430549CB580BB905492D
:10314000EFE708BDDCFA0508BEB1050898EA0508F6
:10315000F0640608C9B105082DE9F8431F464B1C69
:10316000DDE908850A9E046891460AD1B2F1FF3F65
:103170000BD02046FFF77CFF09F1FF310144B1FB82
:10318000F9F102291DD80023E361781C04D0003F27
:1031900018BF01277F002761B8F1FF3F04D0B8F1C5
:1031A000000318BF01236361691C05D0A5F110025B
:1031B00055425541ED02E560731C18BF2662BDE81B
:1031C000F883042901D80823DEE7082901D8102351
:1031D000DAE7102901D81823D6E7202901D82023BF
:1031E000D2E7402901D82823CEE7802994BF302395
:1031F0003823C9E72DE9F0438DB007680DF12008A9
:10320000102206460D4640460021F6F795FE3B6823
:10321000584A93423CD1584B0893584B0993584B0A
:103220000A93584B0B9300230393574B5A6C42F469
:1032300080525A645B6C03F480530393039B3B6995
:10324000524C002BA6EB0404514B4FEAA40403FBA1
:1032500004F404F1010414BF4FF001094FF0020916
:1032600085F00105E4B258F82500002875D1013534
:10327000042DF8D13846FAF763FF0446002875D1CB
:103280007068FFF71BF8B068FFF718F820464CE0AD
:10329000404A934214D1404B0893404B0993404B12
:1032A0000A93404B0B9300230493374B1A6C42F460
:1032B00080421A641B6C03F480430493049BBEE7B2
:1032C000394A934214D1394B0893394B0993394BFE
:1032D0000A93394B0B93002305932B4B1A6C42F442
:1032E00000421A641B6C03F400430593059BA6E798
:1032F000324A934214D1284B0893284B0993304B00
:103300000A93304B0B93002306931F4B5A6C42F4E5
:1033100000525A645B6C03F400530693069B8EE7DD
:10332000294A934204D06FF015000DB0BDE8F08338
:10333000264B0893264B0993264B0A93264B0B9357
:1033400000230793104B5A6C42F480125A645B6C52
:1033500003F480130793079B71E7009404234A4604
:103360000221FCF7FCFE002881D1DCE76FF00400AD
:10337000DBE700BF003001405C860608FC860608DB
:10338000E8860608D486060800380240F06406087D
:10339000ABAAAAAA003800406C8506085885060822
:1033A0004485060830850608003C00401087060862
:1033B0000C860608F8850608E485060800340140F6
:1033C0004C870608848606080050014034860608AB
:1033D00098860608708606084886060810B50468B0
:1033E0002046FAF7E9FE23682E4A934211D12E4B6C
:1033F0005A6A42F480525A625A6A22F480525A62DD
:103400005A6C22F480525A642320BDE81040F8F729
:103410007DBA264A93420ED1234B1A6A42F4804267
:103420001A621A6A22F480421A621A6C22F48042EA
:103430001A642420E9E71E4A93420ED11A4B1A6AF5
:1034400042F400421A621A6A22F400421A621A6CAA
:1034500022F400421A643320D7E7164A93420ED171
:10346000114B5A6A42F400525A625A6A22F40052CC
:103470005A625A6C22F400525A645420C5E70E4A2C
:1034800093420ED1084B5A6A42F480125A625A6A29
:1034900022F480125A625A6C22F480125A64552027
:1034A000B3E710BD00300140003802400038004052
:1034B000003C0040003401400050014038B5064C4B
:1034C0000625236813B12046FFF788FF013D04F16C
:1034D0000C04F6D138BD00BFF06406082DE9F04FAA
:1034E000B5B00446DDF8F88000680D4617461E4664
:1034F000002B3ED1012903D0EFF31083012B0CD117
:103500004346AAB23946FAF76DFE8346BBF1000F77
:1035100000F0BE805846FCF75BFD0DF170090346D4
:10352000616848464022FEF765FE2368C3E91296AB
:1035300003F0FEF94FF6FF7982464D452E4628BF2F
:103540004E462068B2B23946FBF76EF8834648B95A
:10355000206842465146FFF79BFD834630B9AD1BBC
:103560003744EAD16068FEF791FECFE74FF0030BD6
:10357000F8E7002A46D1012903D0EFF31083012B8D
:1035800005D14346AAB23146FAF7B6FFBDE7436814
:10359000B3F5827F07D104AF034661683846402205
:1035A000FEF728FE206887641CAF0346A16800224E
:1035B0003846FEF71FFE2368DF6403F0B9F94FF6C3
:1035C000FF7982464D452F4628BF4F462068BAB244
:1035D0003146FBF7F1F8834648B920684246514628
:1035E000FFF756FD834650B9ED1B3E44EAD12268F1
:1035F000926C12B16068FEF749FEA068B3E74FF025
:10360000030BF4E7012903D0EFF31083012B07D15B
:10361000CDF80080ABB232463946FAF789FE74E73E
:103620000DF110090346616848464022FEF7E2FDAD
:103630002368A168C3F848900DF17009002248463C
:10364000FEF7D8FD2368C3F84C9003F071F94FF6EC
:10365000FF7A03905545A94628BFD14620681FFA36
:1036600089F332463946FBF733F883460028C1D147
:10367000039920684246FFF70BFD834628B9B5EB56
:1036800009054F444E44E5D1B4E74FF0030BB1E7D1
:1036900035B0BDE8F08F00002DE9F3410C68334BE5
:1036A000174622689A42054654D003F580639A4231
:1036B00052D003F578439A4250D003F5E0539A4232
:1036C0000CBF052201222A492846CEF797FA94F822
:1036D0005130002B37D06368B3F5827F40D1E66963
:1036E0002046FFF7C5FCF608013620FA06F81FB1A0
:1036F00020492846CEF782FA1F4942462846CEF78F
:103700007DFA2FB101221D49B2402846CEF776FA44
:10371000E168D4E90423002914BF10210821003BEB
:1037200018BF0123003A009118BF0122144928460E
:10373000CEF764FAA36AB3F5005F04D1E26A1149D7
:103740002846CEF75BFA1049284602B0BDE8F041A2
:10375000CDF79FBE0222B6E70322B4E70422B2E708
:103760000A492846CEF74AFAD2E700BF003800409F
:10377000D4B10508DBB10508ECB10508FAB10508BC
:103780001AB205083BB2050804B4050809B20508D9
:1037900010B588B003AB51F8044B01930A4B00936A
:1037A00001380223DBF70CF8039802AA05A9FEF7FB
:1037B000BBFB049B00936068DDE905210023FFF754
:1037C0008DFE062008B010BD9065060813B501F106
:1037D000640400944068FFF781FE02B010BD000051
:1037E00030B591B003AB51F8045B0193204B0093CB
:1037F00001380323DAF7E4FFDDE90303984206AC5E
:1038000019D121460722DBF7F5FD94E8070009AB43
:1038100083E80700039C059B0093DDE90621099BD3
:103820006868FFF75BFE1CB90CA8E1F7ABFA044629
:10383000204611B030BD214602AAFEF775FB049C5C
:1038400044B907990CA8CDF72DFD0D9B0A930E9B4B
:103850000993E0E7062209A92046DBF7CBFD0A9A87
:10386000079B9A4202D00348DAF7B0FA049CD2E7E9
:10387000B065060846B2050830B589B002AB51F80C
:10388000045B01930D4B009301380223DAF798FF94
:1038900004A90298FEF764FB039B00930446069B71
:1038A000059968680022FFF719FE1CB904A8E1F722
:1038B00069FA0446204609B030BD00BFA06506087D
:1038C00008B54068FFF78AFD062008BD4968012257
:1038D000FFF7E2BE30B591B00546084611461A46DC
:1038E00005AB01931B4B00930B23DAF769FF686864
:1038F000059B046863600D9B02930B9B0193099BDE
:103900000093DDE90621089BFFF726FC0A9BA360D4
:103910000C9B0F98A3619DF8383006284FEA0313DB
:1039200063620ED10020A062A169E062B1F500716E
:1039300018BF01216868FFF75DFC40B14042DAF72B
:1039400069FC4FF40053A362DBF722FBECE711B0F4
:1039500030BD00BF38650608F0B50D461E46174657
:1039600085B00F4A0F4C39462846DAF7FBFE30681F
:10397000FFF7C8FB012D00F1FF3004EBC00400D8B5
:103980005FB106EB8502394601A8DAF7B2FF01AB59
:10399000321D691E2046FFF79DFF204605B0F0BD91
:1039A000FFFF0300B866060810B50C4613460A1D53
:1039B000411E2068FFF78EFF062010BD09B9C08B9D
:1039C000704701290CBF808B00207047F8B5064670
:1039D0000F46144602F0ACFF054673681B683B4275
:1039E00008D10CB90020F8BD02F0A2FF401BA04294
:1039F000F3D3F7E70120F6E77047062805D820F053
:103A00000400831E58425841704700207047000050
:103A10002DE9F04F9FB004460391924600211022F9
:103A200006A81F46F6F788FA4B4B0FCB0AAD85E880
:103A30000F00237A022B05D0062B6FD000201FB079
:103A4000BDE8F08F454A0692454A0792002204924B
:103A5000444ADFF81C91116C41F400311164126C7E
:103A600002F400320492049A4FF02608DBB206AD4D
:103A700000260DF1280B0293286848B1029B0093A1
:103A800002235BF826201946FCF769FB0028D6D0F4
:103A90000136042E05F10405EED124220021C4F8DC
:103AA000049015A8F6F748FA039BCDF83890CDE9B5
:103AB0000F3A289BCDE911370C2313930EA8299BAD
:103AC0001493FBF762FD6368DA6822F4F872DA6037
:103AD0001A6922F040021A615A6922F4806222F0C7
:103AE00001025A6108F1604303F56143102283F833
:103AF00000234046F7F7FCFEBAF5805F23D13FB3C1
:103B0000FF210022637AA18143F006036372002340
:103B1000A372E272A3832362012090E7124A069205
:103B2000124A0792002205920E4ADFF84890516C23
:103B300041F020015164526C02F020020592059A76
:103B40004FF0470892E7002F0CBFFF217F21D8E7F5
:103B500040F2FF110122D5E70467060838870608FE
:103B60002487060800380240A484060890840608CA
:103B70000044004000140140F0B5878B8FB10B4B1F
:103B800000255A88940607D4174205D042681C883D
:103B9000D66839B13443D4600135052D03F10403EF
:103BA000EFD1F0BD26EA0404F5E700BFF066060891
:103BB00010B50C460021FFF7DFFF84830121FFF7DA
:103BC000DBFF002010BD00238382C3824368826133
:103BD0004182DA6819B922F02002DA60704742F0B7
:103BE0002002FAE708B5437A426823F002034372E1
:103BF000D36823F40053D360037A012B10D125201E
:103C0000F7F784FE104B5A6A42F010025A625A6A61
:103C100022F010025A625A6C22F010025A6408BD57
:103C2000022BFCD12620F7F771FE074B1A6A42F4EB
:103C300000321A621A6A22F400321A621A6C22F4F2
:103C400000321A64EBE700BF0038024070B5074E3F
:103C5000062556F8040F30B1437A13F0010402D15F
:103C6000FFF7C0FF3460013DF3D170BD04060020B2
:103C700081727047037A012B01D0062B01D1F9F72D
:103C8000B3BFF9F799BF10B54468FFF7F3FFA26817
:103C900093B20BB1B0FBF2F3184610BD838AC28A0F
:103CA0009B1A02D5428AD018704705BF436818682E
:103CB0001846C0F340107047F8B505460E4602F0AE
:103CC00037FE0746AB8AEA8A9A420DD16B681C68B8
:103CD00014F0200408D102F02BFEC01BB04205D224
:103CE0000120DAF7AFFBEDE70120F8BD2046FCE745
:103CF000C28A0346808A5968824230B515D0DC7A80
:103D00009869012C5C8A0CBF30F81200805C01328B
:103D1000B2FBF4F504FB1522DA820B689D0603D58D
:103D2000CB6843F02003CB6030BD98894A681040CF
:103D30009A8B940642BFCB6843F02003CB60D30636
:103D4000F2D5CB6843F01003EDE7F8B505460E4613
:103D500002F0EEFD07466B681C6814F0800408D181
:103D600002F0E6FDC01BB04205D20120DAF76AFB83
:103D7000F1E70120F8BD2046FCE72DE9F0470646B3
:103D80000C469146984642B3078AD0F804A07F00BB
:103D900000253A4680213046FFF718FE00B3F37A3B
:103DA000012B0CBF34F8023B14F8013B05F101056F
:103DB00008BFC3F30803A945CAF80430E9D13A465D
:103DC00040213046FFF702FE00280CBF6E2300237F
:103DD000C8F800302846BDE8F08715461346F7E7D7
:103DE0006E23F5E707B501ABFFF7C7FF03B000BDD2
:103DF00008B5CCF749FBF6F733FCF6F7C3FFBDE88F
:103E00000840CCF7BDBB00002DE9F84FB0F8069094
:103E1000DFF8B0C0D0F80C800F460D1F27491446BC
:103E20001E464FEA094A00204FF47A7E41F6573B7E
:103E300055F8043F0A68B2FBFCF253435B45B3FB01
:103E4000FEF288BF063AC3072A6001D40130EFE7CB
:103E500055F8043C03281A442A6001D00220E7E701
:103E6000FCF710F9EFF3108572B6154926444FF0B0
:103E7000000CA64203D185F31088BDE8F88F14F832
:103E8000013B08209A0902F00202C1F804C0C8F8F8
:103E9000189007EB820E57F82220D1F804B0934512
:103EA000FBD3C8F818A05B00DEF80420DBB2D1F821
:103EB00004E09645FBD30138E4D1DAE7380400206A
:103EC000001000E040420F002DE9F74316461C4663
:103ED0000A9A002380461D46B34215D102F001071D
:103EE000C2F340020092D8F804000A462B46394635
:103EF000FEF7AEFA002804DB08344FF0000946B99B
:103F0000484603B0BDE8F08354F83300013305445C
:103F1000E2E754F8082CD8F8040054F8041CAD1A51
:103F20002B463FB1FEF7F8FA0028EADB0834013EE1
:103F30008144E4E7FEF736FBF6E700004A68536881
:103F4000D26913B5C2F30B04120454BF0B4A49F6ED
:103F5000404203F03F035343B3FBF4F48B68084A39
:103F60009B8801948A1AC9681211898800910132CC
:103F70000449CDF743FE02B010BD00BF20A10700E9
:103F8000646E06085AB2050807B50B4602F2E7321E
:103F90004FF47A71B2FBF1F292B20092D0E90212C0
:103FA0004068FEF7E5F903B000BD0000F0B50C462F
:103FB00089B016461D4611B11B68013316D11B4945
:103FC0001B48CDF766FA1B48027A00EB8202002CF0
:103FD000176904F1FF3105F10403324604BF2B4693
:103FE0002146BC4609B0BDE8F040604703AB0193F1
:103FF000114B00932A46052331462046DAF73EFC52
:104000000398FEF701FB049B0BB9059B13B10B480A
:10401000D9F7DCFE0A4C013804EB00142046DDE938
:104020000612FFF7B1FF204609B0F0BD7BB20508CC
:10403000E4D90508982F0608F86D0608BAB20508F5
:10404000646E0608F0B50C468FB016461D4611B1D9
:104050001B68013316D12A492A48CDF71AFA2A4893
:10406000027A00EB8202002C176904F1FF3105F19E
:104070000403324604BF2B462146BC460FB0BDE8C0
:10408000F040604705AB0193204B00932A4609237B
:1040900031462046DAF7F2FB0598FFF733F80B9B21
:1040A0001BB90C9B0BB90D9C14B11948D9F78EFEA6
:1040B000184D013805EBC0054FF482726E68336805
:1040C000C3E901244FF400729A61C3E90944DC6238
:1040D0000A9B0293099B0193089B00934FF0FF31C9
:1040E0003046DDE90623FFF737F821463046FFF773
:1040F00081F810B14042DAF78DF828460FB0F0BDD4
:10410000D6B20508E4D9050850350608BC6E060885
:1041100015B30508346F060813B501F16404009463
:104120004068FFF7DBF902B010BD4068FFF756B9F1
:1041300010B58AB00446084611461A4605AB0193ED
:104140000D4B00930523DAF73BFB099B0293089B79
:104150000193079B009360684FF0FF31DDE9052371
:10416000FEF7FAFF60680021FFF744F810B1404203
:10417000DAF750F80AB010BD946E060849680022BC
:10418000FFF78ABA30BF06207047000010B5DAF793
:10419000FFFE0446FCF764F8031B034800EA4300F3
:1041A00040F0010010BD00BFFEFFFF7F10B5DAF741
:1041B000EFFE0446FCF74EF8031B034800EA4300F9
:1041C00040F0010010BD00BFFEFFFF7F08B5DBF728
:1041D00023F8024B1860062008BD00BFA40A002087
:1041E00038B5134C0D4628B9D4F8A001002808BFF3
:1041F000062038BD086806280AD1D4F8A00128B1E5
:104200000021FFF735FD0023C4F8A0310620F0E7B8
:10421000DAF7DCFD074B984206D12868C4F8A00104
:104220000121FFF725FDF1E70348D9F7CFFD00BFD6
:1042300080040020E83606082BB3050840684000DB
:1042400040F001007047000010B5104C1049226882
:104250001048CDF7D3FC62680F490E48CDF7CEFC6D
:10426000A2680E490B48CDF7C9FCE2680C49094821
:10427000CDF7C4FC22690B490648CDF7BFFC626943
:1042800009490448CDF7BAFC062010BD003C0140A6
:1042900034B30508E4D9050845B3050856B3050845
:1042A00067B3050878B3050889B305084A6801496A
:1042B000CDF7A4BC9AB3050816280AD8054B1B5C99
:1042C00003F1047303F59E3300EBC3008000012368
:1042D000036070477F0E002008B54068FFF7ECFFD1
:1042E000062008BD162808D800F1845000F51E20CD
:1042F000800000230360C0F88030704708B5406834
:10430000FFF7F0FF062008BD16280AD8054A01234A
:10431000116903FA00F021EA0001116113691843E1
:1043200010617047003C014008B54068FFF7ECFFA2
:10433000062008BD162810D8084B094AC3188A431E
:104340004FEA83030CBF012200221A60054A8A4308
:104350000CBF01220022C3F88020704740E0891082
:1043600000001110000021102DE9F04387B017461E
:10437000C2079DF838900E46984605D4830715D19C
:104380000268434B9A4211D1DAF702FE0F28044625
:1043900004D8404902464048D8F725FF16281ED9C0
:1043A00002463E493C481723D8F71DFFFDF7A4FC01
:1043B00004890546C4F34314394A26F40013934292
:1043C0000FD002F5801296420BD0A2F570229342D4
:1043D00007D0344B9E4204D033493246DBE70025F8
:1043E000EAE7022F02D931493A46D4E7304A04F1CC
:1043F0003601B9F1000F0AD102EB81035B68062B8D
:1044000005D0B8F1060F02D02A492246C3E702EBD5
:1044100081022046FFF766FFC6F30043C2F804801E
:1044200083F00103244A9B00B8F1060F13551DD0F9
:10443000224B01221A5504FA02F31343204A42F890
:104440002430BDB920463146FFF774FFFFF734FF33
:104450001C4B185D00F07F0303F1604303F56143DB
:10446000E02283F8002340B2F7F742FA204607B073
:10447000BDE8F083E868FBF71BFEEB88E86803976C
:10448000CDE9013601A902230493F7F71DFCDFE70C
:10449000DCF00508ABB3050898EA0508BBB30508CE
:1044A0000000111000002210C8B30508D2B305089F
:1044B00080040020DCB305087F0E0020680E002079
:1044C0000C0E0020547C060810B586B00446084641
:1044D00011461A4602AB01930A4B00930423DAF704
:1044E000CDF921460820DAF764FC00230446009346
:1044F000DDE90201DDE90423FFF736FF60602046B5
:1045000006B010BD047C06082DE9F3410489424E33
:10451000C4F3431404F136081F4606EB880305462E
:104520005B68062B0ED03D4B53F82400A84209D0FF
:10453000C30756BF82883A493A493B4848BF22469A
:10454000D8F751FE2046FFF7CDFEC1F30040374BB0
:1045500006EB880680F001008000062F1855776072
:1045600056D0334B1A552D4B324A43F82450002372
:104570000193506C40F480405064526C02F48042CD
:104580000192019A04F00C0202F1804202F59C3281
:1045900004F003069768B6000F20B04027EA000732
:1045A000E868254DA84213D003F1804303F5013399
:1045B000984227D003F58063984225D003F58063A5
:1045C000984223D003F58063984214BF0723042345
:1045D000B3403B4393602046FFF7ACFE174B185D9A
:1045E00000F07F0303F1604303F56143E02283F8A9
:1045F000002340B2F7F77CF9204602B0BDE8F04155
:10460000FFF75ABE0123E3E70223E1E70323DFE7D5
:1046100002B0BDE8F08100BF800400200C0E002035
:10462000DCB30508E5B3050894EB05087F0E002010
:10463000680E00200038024000000240547C06084A
:104640000023084A084830B506211C4652F8045F8A
:10465000042D18BFC45403F1010318BF1160172BB8
:10466000F4D130BD580500207F0E002030B5214A1E
:10467000012351698340194293B0044629D016287A
:10468000536126D81C4D00F1360305EB830568689D
:1046900006281ED0194B1B5D3BB9194B53F824104B
:1046A00013B0BDE83040D9F721BED9F7EBFDCBF709
:1046B000D3FE6846CBF79CFD68B9114B686853F888
:1046C0002410D8F7BDFECBF769FDCBF7CDFED9F7A7
:1046D000EFFD13B030BD062320466B600949FFF79C
:1046E00001FE22460848CDF789FA01990648DAF713
:1046F000A7FBEAE7003C014080040020680E002090
:104700000C0E002006B40508E4D905080020FFF7C8
:10471000ADBF0120FFF7AABF0220FFF7A7BF03200C
:10472000FFF7A4BF0420FFF7A1BF08B50520FFF7DE
:104730009DFF0620FFF79AFF0720FFF797FF08204D
:10474000FFF794FFBDE808400920FFF78FBF08B5C9
:104750000A20FFF78BFF0B20FFF788FF0C20FFF7E5
:1047600085FF0D20FFF782FF0E20FFF77FFFBDE8DA
:1047700008400F20FFF77ABF0149CCF78ABE00BF7F
:104780003EB4050808B5084611460022D9F7EAFFED
:10479000004808BDC87C060807B5084B0848C3F8A0
:1047A000381101230093074B0022062908BF0B464E
:1047B0000549FFF7D9FD062003B000BD80040020A5
:1047C00018840608B87C06080000211008B5044BC0
:1047D000D3F83801062801D0D8F700FE062008BD1E
:1047E00080040020002302481A461946FBF774BCD7
:1047F00018840608044BDA68DB88126913420CBF80
:1048000001200020704700BF1884060808B508463C
:1048100011460022D9F7A6FFFFF7ECFF00280CBFD6
:104820000E201E2008BD08B5FFF7E4FF00280CBFCE
:104830000E201E2008BD0000014B1868DDF796BE53
:10484000A00E002008B5084611460022D9F78AFFBD
:10485000004808BD547D060873B51B4B0124F0B118
:104860000021C3F8801E00230193184B184D1A6CC9
:1048700042F080521A641B6C03F080530193019B39
:10488000F8F79CFE02F054F806462B68DB050AD5C3
:104890000E4B1A6F8CB142F001021A6708E0C3F8A0
:1048A000804E0446DFE702F043F8801B0228ECD973
:1048B000084B01221A7002B070BD22F001021A6783
:1048C0001A6F22F00402E8E7000047420038024075
:1048D00000700040960E0020424B4349002270B504
:1048E000C3E900127F24FF21C3E90241C3E9042286
:1048F0009A613E4B3E4D1A70002864D13D4C236FA7
:1049000048F20331194048F20312914248D1F8F7B6
:1049100055FE636F2A6843F08073636742F4802218
:10492000344B196F5B6F1B0203F4407301F00701F6
:104930000B4313432B602C4B1A69C2F30E02FF2A60
:1049400005D11A6902F4FE02B2F5FE0F27D0CA2281
:104950005A6253225A624FF0FF32DA6001F0E8FFE8
:10496000214C064601F0E4FF801BB0F57A7F0FD2A0
:10497000E3685B06F6D523696FF30E0343F0FF038C
:104980002361236943F4FE0323616FF08003E36036
:10499000154BFF225A622B6843F480132B6070BDC5
:1049A00003F40343B3F5024F0DD1F8F707FE636F2D
:1049B0002A6843F080736367636F43F001036367A2
:1049C00042F40022ACE701F0B3FF0B4B18600B4B35
:1049D00020F07F4040F07C502860BDE8704018789F
:1049E000FFF73ABFA40E002000280040960E0020DA
:1049F000A00E002000380240980E00209C0E0020DF
:104A00002DE9F043644E337889B0002B3DD0634DDF
:104A1000634C644F00232B60637FF3B92377624BB1
:104A2000DFF89091D3F800803B78002B55D0D9F86F
:104A300070309B072CD5022302933B78002B0CBFD0
:104A40004FF400734FF4807302A80693F9F7E4F86B
:104A500028BB564B0122C3F83C2E02236377236800
:104A6000CA225A6253225A622046F9F799F92368FA
:104A70008046002836D0FF225A62042363770EE076
:104A80006FEA13436FEA03432B6009B0BDE8F0837C
:104A900001F04EFFA0EB0800B0F57A7FC7D93A7855
:104AA0002B68002AECD043F080734FF000082B6095
:104AB00087F8008001F03CFF3B4B18603878FFF727
:104AC000CBFEF8F77BFD84F81D80A5E701F030FFF1
:104AD000A0EB0800B0F5FA7FE1D8D9F87430980758
:104AE000F4D5A8E79A68616822F4E00222F0400257
:104AF0009A60226998681143626911430143E26830
:104B000099601A611A69A16842EA01421A616FF05C
:104B10008002DA601A6CA16922F480221A641A6C8D
:104B20000A431A64FF225A62012363773B781B070A
:104B300043F000532B6001F0FBFE1B4B1B68C01AB7
:104B40002B6880B218432860194B154801934246E0
:104B500001A9F9F7BCF9024630B9CDE90500029088
:104B600002A90F48F9F741F9124A536F190142BFE0
:104B70002B6843F480332B60536F0E4A5B0142BFB6
:104B80002B6843F400332B60536F43F080735367FB
:104B90000023337079E700BF960E0020A00E00209E
:104BA000A40E00209C0E0020980E0020000047421A
:104BB0000401010F0038024008B50120FFF78CFE08
:104BC000FFF71EFF062008BD30B505468FB00C4626
:104BD000FFF716FF012D38D1002201A93C48F9F753
:104BE000DFF9694600223A48F9F7FFF99DF803001A
:104BF00000F5FA60DDF7BAFC06909DF80100DDF7DC
:104C0000B5FC07909DF80200DDF7B0FC08909DF818
:104C10000000DDF7ABFC09909DF80400DDF7A6FC71
:104C20000A909DF80500DDF7A1FC0B909DF80600A9
:104C3000DDF79CFC0C900298DDF798FC06A90D901E
:104C40000820E2F725F80FB030BD6A4608216068F9
:104C5000DAF768FA009B1868DAF79AF9009B3030A7
:104C60008DF807005868DAF793F9009B8DF8050076
:104C70009868DAF78DF9009B8DF80600D868DAF7A6
:104C800087F9002201A98DF804001148F9F71FF9EE
:104C9000009B1869DAF77CF9009B8DF818005869B9
:104CA000DAF776F9009B8DF819009869DAF770F950
:104CB00000228DF81A004FF4802305488DF81B2040
:104CC00006A909920A93F9F790F80620BBE700BFFE
:104CD000A40E0020F8B507460E46FFF791FE03200C
:104CE000F6F714FE032F70687BD8062877D0DAF722
:104CF0004FF9B0F57A6F12DDB0F5FA5F5CDDB0F513
:104D00007A5F5CDDB0F5FA4F5CDD424B98424FF4C0
:104D10007A74B0FBF4F458DC0425013C0DE0032563
:104D200002224FF40043B3FBF2F34343B3F57A7F1F
:104D30004FF47A7493FBF4F4EFDA0122032F5AD183
:104D4000B3683549C1F83431344B2D219965344B62
:104D5000CA21596253215962996821F4806199608E
:104D6000D9684907FCD5002A47D05C619A6822F4CB
:104D7000884222F0070205F007052A4342F48842E0
:104D80009A60FF225A62274A116841F4800111603B
:104D9000916841F480019160D96821F48061D96003
:104DA0004FF480035361204BF02283F80323032048
:104DB000F6F79EFD0620F8BD02250422B1E7012585
:104DC0000822AEE700251022ABE7A4F58034B4F545
:104DD000803F02DD1548D8F7F9FF06259DE7002240
:104DE000ACE7DAF7D5F80546B068DAF7D1F8F3683A
:104DF00004460122A5E70623A3E79A6822F480422D
:104E00009A60FF225A62074A136823F480031360F2
:104E1000D0E700BFE703E803800400200C0E002069
:104E200000280040003C014000E100E047B40508D4
:104E300038B505460C46FFF7E3FD022D18D1606832
:104E4000DAF7A6F800F2FF13B3F5806F02D310482B
:104E5000D8F7BCFF0028CBBFC0F5007343424FF426
:104E60000042002200210B48F9F7DCF8062038BD8B
:104E7000084B1B68DA6BD86B1304C0F30800BDE85D
:104E800038404CBFC0F500704042DDF76FBB00BF3B
:104E900052B40508A40E002010B588B0FFF7B0FD8D
:104EA00003A9002219481A4CF9F77AF802A900223E
:104EB0001648F9F79AF89DF80E309DF80B0001930B
:104EC0009DF80D309DF80A2000939DF809109DF87B
:104ED0000C3000F5FA60F6F7FBF80E4BC01861F1E4
:104EE0000003A0FB042104FB03110B48049B58435F
:104EF00000F5731000F6F7304FF47A7380085843CA
:104F0000801841F1000108B010BD00BFA40E0020C0
:104F100000CA9A3B80BC92C7F7C2FFFFB0F1006F96
:104F20002DE9F047964626D3144E03274FF0000C88
:104F3000D6F8089000254D4505EB0C0405D1013F3E
:104F400006F10C0617D0A446F2E77268D6F8008086
:104F5000013502FB05F308EB030A5045EBD211B112
:104F60009B1A43440B60BEF1000F01D0CEF8002025
:104F70002046BDE8F0874FF0FF30FAE7587D06087D
:104F800010B586B00446FAF7ABFB0D4BF322DA609E
:104F9000002102230122CDE9042320460A46019183
:104FA000FFF7BCFF00910390694601A801F0C8FC1F
:104FB0000446FAF7A7FB034B185D404206B010BD4C
:104FC000003C0240B45806082DE9F04107468846E7
:104FD0001646FAF785FB0025B54207D10024FAF7FB
:104FE00091FB094B185D4042BDE8F08158F825203F
:104FF000002307EB85010220FAF78EFB0446002808
:10500000EDD10135E8E700BFB458060813B501AA91
:1050100069460446FFF782FF054B009A1B689342DE
:1050200003BF0448E41A0019204602B010BD00BFB7
:10503000CC0E002000C0012010B5164C2378D907F3
:105040000AD523785A0708D4134B1868FFF798FF3E
:10505000237843F00403237010BD23789B070ED5FB
:105060000E4B0F491A680C4B92081868FFF7ACFFFB
:1050700000212170BDE810400120FCF7E5BB01F0E4
:1050800057FC084B1B68C01A41F287339842E7D897
:10509000E2E700BFD00E0020CC0E0020C80E00209A
:1050A00000C00120C40E002038B5EFF31185602345
:1050B00083F31288084C2378DA0706D5237843F067
:1050C000020323702378DB0703D485F311880020C3
:1050D00038BDFFF7B1FFF5E7D00E00202DE9F34111
:1050E00001AA6946174D184F0446FFF717FF174BE3
:1050F000019A5B1B9A4288BF01933A68009B9A42CF
:105100000CD0FFF7D1FFDDE900860E48324641465C
:10511000F4F7C8FE0E4BC7F800801E600D4A1378E6
:10512000012143F0010308461370FCF78DFB01F0E9
:10513000FFFB094B1860009BE01A284402B0BDE851
:10514000F08100BF00C00120CC0E00200000022032
:10515000C80E0020D00E0020C40E0020013808B573
:1051600006281FD8DFE800F0041E1A0F1E1E1700C5
:105170000E4A002313700E4A4FF0FF3111600D4AA2
:105180001360002006E00C480C4BC01A48BF00F228
:10519000FF10401208BDFFF74FFFF2E7BDE80840DF
:1051A000FFF782BF6FF01500F4E700BFD00E0020BC
:1051B000CC0E0020C40E0020004001080040000872
:1051C00010B50D4B04460D481B1A48BF03F2FF13E0
:1051D000B1EB632F01D3002010BD00EB4120431C35
:1051E000F9D0FFF713FF4FF4007201462046F4F7A1
:1051F00059FE0120F0E700BF004001080040000810
:1052000038B5104B054610481B1A48BF03F2FF1370
:10521000B1EB632F01D3002038BD00EB4120431CCC
:10522000F9D0EFF31184602383F31288FFF756FF60
:105230004FF400722946F4F735FE84F311880120FB
:10524000EAE700BF0040010800400008054B994212
:1052500002D10549CCF7D2BCD1E901230349CCF7EF
:10526000CDBC00BFF47D060859B4050861B405083B
:1052700008B50A4B197879B901201870084B094A0A
:105280005A60FFF76BFF084B602283F80423BDE8E8
:1052900008400420F6F72CBB08BD00BFD10E00204B
:1052A000B00A0020CD01002000E100E008B5002197
:1052B0000420FFF753FF00F5807008BD0021072090
:1052C000FFF74CBF00210320FFF748BF38B5044665
:1052D00008461546D9F75CFE0138052828D8DFE8CE
:1052E00000F0061A1A1E031C40F2014038BDFFF7F9
:1052F000BFFF2846D9F74CFE012804D0002040000B
:1053000040F00100F2E70B4B9C4201D02073F5E71F
:105310004FF0FF30F3E7FFF7D5FF0120E6E7054B3D
:105320009C4202D1FFF7C2FFE9E7A068400AE6E726
:105330000620DBE7F47D060838B504460D46002953
:1053400040F098804FF4DF72F4F7F6FD2946042010
:10535000FFF704FF431B18BF4FF0FF3384F8BF3142
:1053600084F8C03184F8C13184F8C33184F8C43181
:1053700084F8C531030A84F8CB31030C012284F888
:10538000CA0184F8CC31000E552384F8BE5184F84C
:10539000C22184F8C65184F8C72184F8C85184F822
:1053A000C95184F8CD0184F8CE5184F8CF5184F8E6
:1053B000D05184F8D15184F8D25184F8D35184F873
:1053C000D45184F8D55184F8D65184F8D75184F853
:1053D000D85184F8D95184F8DA5184F8DB5184F833
:1053E000DC5184F8DD5184F8DE5184F8FE31AA23C3
:1053F00084F8DF5184F8E05184F8E15184F8E251F7
:1054000084F8E35184F8E45184F8E55184F8E651D6
:1054100084F8E75184F8E85184F8E95184F8EA51B6
:1054200084F8EB5184F8EC5184F8ED5184F8EE5196
:1054300084F8EF5184F8F05184F8F15184F8F25176
:1054400084F8F35184F8F45184F8F55184F8F65156
:1054500084F8F75184F8F85184F8F95184F8FA5136
:1054600084F8FB5184F8FC5184F8FD5184F8FF3135
:10547000012038BDFF2905D84FF400720021F4F750
:105480005BFDF5E700210420FFF768FE00F5807062
:10549000A84206D9A5F580712046BDE83840FFF73F
:1054A0008FBE0020E5E770B50C4605465618B4429D
:1054B00001D1002070BD21462846FFF73DFF05F5CC
:1054C000007501340028F2D16FF00400F2E7F0B566
:1054D000074685B0D1E900600D46D9F759FD06228F
:1054E000044601A9A868D9F785FF032F12D1716876
:1054F000029A01980029B8BF01F2FF1104EB612163
:10550000520A01F58071FFF7CEFF400040F0010024
:1055100005B0F0BD6FF00400F7E7FF2938B5054688
:105520000C460ED900210420FFF718FE00F580700C
:10553000A04208D9A4F580712846BDE83840FFF79D
:105540005FBE012038BD0020FCE770B50C46054663
:105550005618B44201D1002070BD21462846FFF7FD
:10556000DCFF05F5007501340028F2D16FF004006E
:10557000F2E7F0B5074685B0D1E900600D46D9F7EE
:1055800007FD0522044601A9A868D9F733FF032FB8
:1055900012D17168029A01980029B8BF01F2FF1177
:1055A00004EB6121520A01F58071FFF7CEFF400044
:1055B00040F0010005B0F0BD6FF00400F7E7000017
:1055C00038B504460D46FFF771FE621CA0F58070E9
:1055D0004FEA402012D00F4B23400BB1062038BDBC
:1055E000A042FBD96B1C0BD1051B0B491020D9F72E
:1055F000E0FB0023C0E901450373F0E70024F1E775
:10560000002DEBDD63198342E8D8C5F30803002BB6
:10561000EBD0E3E7FF0100808C7D06081FB508464C
:1056200011461A4602AB01930A4B00930223D9F7A5
:1056300025F9DDE9020100EA0103013306D0FFF795
:10564000BFFF062803D10020D8F7C0FB024805B0F1
:1056500000BD00BF7C7D0608F47D06080C4B03608E
:1056600083880C4A426143F005038380012380F85C
:105670004830094B094AC360094B4064C0E908231C
:10568000084A8262084A0361C0E90D23704700BFDF
:10569000CC4E0608A7540508E87D0608DC7D060800
:1056A000F47D06084B550508D47D06087FB5FFF745
:1056B000A7F901A900221148F8F772FC00226946F7
:1056C0000E48F8F792FC9DF802309DF801209DF8F5
:1056D00003001B0443EA42539DF8042043EAC2231B
:1056E0009DF8052043EA42139DF80620143043EA52
:1056F000520343EA406007B000BD00BFA40E002083
:1057000038B50D46D9F744FC04462846D9F740FC85
:10571000FA28A8BFFA20322804F1FF33B8BF32209C
:10572000032B05D8DFE803F00206090C064B58638B
:10573000062038BD044B9863FAE7034BD863F7E7BC
:10574000014B1864F4E700BF000C004038B50D466B
:10575000D9F71EFC04462846D9F71AFC024BDC6236
:10576000D863062038BD00BF000C0040F0B501280A
:105770000C6887B006460D462CD1207A00EB8000DD
:105780004000DCF7F3FE0190607A00EB80004000FF
:10579000DCF7ECFE0290A07A00EB80004000DCF722
:1057A000E5FE0390A37AE07A184400EB8000400005
:1057B000DCF7DCFE0490207BA37A184400EB800029
:1057C0004000DCF7D3FE01A905900520E1F760FA5F
:1057D00007B0F0BD032828D94868D9F7D9FB0A27B4
:1057E00090FBF7F02072A868D9F7D2FB90FBF7F096
:1057F0006072E868D9F7CCFB042E90FBF7F0A0723A
:1058000011D0062E11D12869D9F7C2FBA37A90FBDB
:10581000F7F0C01AE0726869D9F7BAFBA37A90FB77
:10582000F7F0C01A20730620D2E702490248324638
:10583000D7F7D9FC79B40508E0EA0508054ACB8911
:105840008A1A0549D2104A430A214B4301320349BF
:10585000CCF7D4B9D40E0020ABAAAAAA86B4050806
:10586000F0B51C46084689B011464FF00212D8F731
:1058700079FF2068D9F78CFB461E032E024603D918
:1058800018491948D7F7AFFC184D1949182404FBDB
:10589000065400226068E38923820389A282C3F34D
:1058A0004313CF5C02231946FAF716FC114B1B6C0D
:1058B0001B0701D4FBF794F960230193182303FB22
:1058C00006553A46EB89029301A900230A4803933F
:1058D0000593F9F79EFB39460748F9F713FC204674
:1058E00009B0F0BD99B4050898EA0508D40E002067
:1058F000047E060800380240B80A0020124BF0B5BA
:10590000DFF858E004211A464FF0400CF2279624A5
:105910006126462500200139C3F800E083F808C05D
:105920005F729C72DE721D73DC811882988203F1B3
:105930001803F0D1054B5360054BD361054B5363FE
:10594000054BD364F0BD00BFD40E0020608706086D
:105950004C8706083887060824870608087E06084C
:105960001E4B30B504240025D8891A8A904218D0DD
:10597000197A8A4202D219820A4602E0597A8A4288
:10598000F9D8998A012918D8DA8100215A689982B0
:105990001289D989C2F34312920002F18042C2F8FF
:1059A000341C013C03F11803DED10D4B1B68DA688F
:1059B0008DB142F00102DA6030BD5D8A2D1A2A44B1
:1059C00012B292FBF1F501FB15222844D8815A82CC
:1059D00001390125DAE722F00102ECE7D40E0020BC
:1059E000B80A0020F8B52DED028B0C680746012F90
:1059F000A57A207B0E460BD1BDEC028BE389642295
:105A00005B1B534393FBF0F0BDE8F840DCF7AEBD01
:105A100007EE900A4868B8EE678AD9F70FFB9FED4A
:105A2000107A28EE008A022FC8EE077AFDEEE77A98
:105A300017EE903A1D44258207D10023A382FFF779
:105A40008FFFBDEC028B0620F8BDB068D9F7A0FA35
:105A5000142390FBF3F00023A0826382EFE700BFE2
:105A60000000C842F8B52DED028B0C680746012FE7
:105A7000A57AE07A0E460BD1BDEC028BE3895A225F
:105A80005B1B534393FBF0F0BDE8F840DCF76EBDC1
:105A900007EE900A4868B8EE678AD9F7CFFA9FED0B
:105AA000107A28EE008A022FC8EE077AFDEEE77A18
:105AB00017EE903A1D44258207D10023A382FFF7F9
:105AC0004FFFBDEC028B0620F8BDB068D9F760FA35
:105AD000142390FBF3F00023A0826382EFE700BF62
:105AE0000000B442012838B50C684FF00A0505D112
:105AF000E0896843BDE83840DCF738BD4868D9F72D
:105B000047FA002390FBF5F0A3822082FFF728FFDD
:105B1000062038BD1FB50123CDE90013A1F1110303
:105B2000012B0AD9064B99420CBF07210121029192
:105B30006946F5F71BFE05B000BD0721F7E700BF7A
:105B40001200001038B50D4604460749CBF7A1FCFA
:105B5000696820460022D9F74DF9AA680349204612
:105B6000BDE83840CCF74AB8A6B4050805A5050835
:105B700038B5044600F0DCFE054623681B689B0729
:105B800004D400F0D5FE401B0A28F6D938BD2DE913
:105B9000FF47064614460846062201A9D9F72AFC03
:105BA0009DF80C1000224020E2F740FD8046204680
:105BB000FBF7C0FD0024B16882466FF0010906F1D1
:105BC0000C00FFF7A7FF029FB7FBF8F7BC4209D113
:105BD00006F10C00F5F7AEFD0298DCF7C7FC04B047
:105BE000BDE8F087DAF800301A69D207FCD5C3F8AF
:105BF0001090C4B906F10C00F5F73CFD06F10C005D
:105C0000FFF7B6FFF3680199DB6C9DF80C00B8F163
:105C1000010F08BF1B095B00224643F00103E2F7B6
:105C20004FFF0134D2E7F268936843F080439360FA
:105C3000E4E700002DE9F04F8FB000AF0D461446A9
:105C400007F1100107F11802D9F74AFA07F11C020F
:105C500007F114012846D9F743FA3B6913B95448B0
:105C6000D8F7B4F87A69934201D05248F8E7FB6953
:105C70000622186807F12001D9F7BCFB97F8281015
:105C800000224020E2F7D2FC7B69F8609B000733DA
:105C900023F00703ADEB030DE94600257B69AB421A
:105CA00039D82046FBF746FDBB691C688346A168CE
:105CB00004F10C00FFF72EFF04F10C00F5F7DAFCFD
:105CC00004F10C00FFF754FFE368DB6CDBF80030F5
:105CD0006FF001021A611A69D007FCD56FF0010A52
:105CE0007D6AC3F810A04FF00108FB68B5FBF3F321
:105CF0000025BB60BB689D4224D1BB6918680C308D
:105D0000F5F718FDB8F1000F0CBF0E201E203C3730
:105D1000BD46BDE8F08FFB69062253F8250007F168
:105D20002C01D9F767FB7A6A3B6B9A4203D1BA6AB6
:105D30007B6B9A4201D0204892E7FB6A49F82530F4
:105D40000135ABE7DBF800301969C9070AD41969D6
:105D5000CA07FCD5C3F810A000243B69A34204D8AD
:105D60000135C7E74FF00008F4E7BB6953F824603A
:105D700006F10C00B1687860FFF7CCFEF368786834
:105D8000996841F080419960FFF7F2FEF368FA6884
:105D9000DB6C59F8241097F82800012A08BF1B096A
:105DA0005B0043F001032A46E2F78AFE0134D4E7A0
:105DB000AFB40508BBB40508CEB4050817B400237A
:105DC0000E4A0193546C44F480745464526C8160A4
:105DD00002F480720192019A83610122C2614261E0
:105DE00002F17062C0E90833C0E90A23C0E9033355
:105DF0004360036303B010BCF5F792BB0038024068
:105E000070B51C46084611464FF00212D8F7AAFC9E
:105E10002668F10705D4B2070BD13268224B9A42AB
:105E200007D13046D9F7B4F81028044614D11F4CD6
:105E300017E03046FBF760FF837A5B0704D4828863
:105E40001B491C48D7F7CFF98468C4F34434122C9B
:105E50001DD919492246F4E7122818D9134B984244
:105E6000F7D15420CAF704FA442205460021103025
:105E7000F4F762F8114BAC602846C5E90036104BC8
:105E800040F80C3F0021FFF799FF284670BD0F2C0A
:105E9000E7D80C4B53F824000028E2D000231A4620
:105EA0000321FAF719F9DCE7DCF00508120000100D
:105EB000E4B4050898EA0508EBB40508147F060861
:105EC000002001407C7F060870B504460E46FFF7AF
:105ED00021FE2046F5F7CEFB2046FFF749FE23685A
:105EE0002046DD6CF5F726FC122E01BF034A5368ED
:105EF00023F480035360284670BD00BF0023014097
:105F000008B581680C30FFF7DFFFBDE80840DCF71B
:105F10002DBB000010B504460846D9F739F8102803
:105F200002460CD0122802D9084B984209D1201DF4
:105F30001146FFF7C9FFBDE81040DCF717BB034A65
:105F4000F5E703490348D7F74EF900BF12000010E8
:105F5000EBB4050898EA05082DE9F8438B1F0446C1
:105F60009046062B26D8DFE803F02A252D250425A8
:105F700023004FF08076DFF860900025012707FAB4
:105F800005F313EA080F07D059F8250020B10023C4
:105F90001A460321FAF7A0F80135102DEFD120465B
:105FA0000A4B40F8043F3146BDE8F843FFF706BF0F
:105FB0000026E0E70A4606480649D7F714F94FF0ED
:105FC0004076D8E74FF00076D5E700BF00200140CB
:105FD00098EA0508FEB405087C7F0608F8B50E4669
:105FE000304611460D4A1D46D8F7BCFB0C494C20E3
:105FF000D8F7DFFE04462868D8F7CAFF012E074607
:1060000009D96868D8F7C4FF024620463946FFF729
:10601000A3FF2046F8BD4FF0FF32F6E70400020070
:10602000987E060803685B6803F04073B3F1007F55
:1060300008D0B3F1407F07D0B3F1807F0CBF0A20B6
:106040000C207047082070470620704710B50446A2
:10605000FFF73AFF02462046FFF7E4FFC0F10C00CD
:1060600002FA00F010BD000008B51149FFF7EEFF7D
:10607000104A9FED116A938DD28DD21A07EE902AA5
:10608000F8EEE77A07EE100AC7EE866A0B4A07EECB
:10609000903A92ED006AB8EEC77AF8EEE77AD7EE5A
:1060A000067A87EEA60AF3EE0E7A30EE270A08BDCE
:1060B00012000010007AFF1F0000A0427C040020A4
:1060C00008B50430FFF7D0FFBDE80840DBF7E2B9C0
:1060D00008B51221FFF7BAFF074B9FED087A93ED41
:1060E000000A830007EE903AF8EE677A67EE877A47
:1060F00027EE800A08BD00BF7C0400206740533AA9
:1061000008B50430FFF7E4FFBDE80840DBF7C2B98B
:1061100008B51121FFF79AFF0A4B5B8D07EE900A35
:1061200000EE103AF8EE677AF8EE406A064B86EE1B
:10613000A77AB8EEC00ADFED057A83ED007A20EE8B
:10614000270A08BD007AFF1F7C0400206740533AED
:1061500008B50430FFF7DCFF054BDFED067A93ED61
:10616000000ABDE8084020EE270ADBF793B900BF1C
:106170007C0400203333534008B50430FFF7C8FFD8
:10618000BDE80840DBF786B981F0004102E000BFBE
:1061900083F0004330B54FEA41044FEA430594EAE7
:1061A000050F08BF90EA020F1FBF54EA000C55EA22
:1061B000020C7FEA645C7FEA655C00F0E2804FEAF3
:1061C0005454D4EB5555B8BF6D420CDD2C4480EAD5
:1061D000020281EA030382EA000083EA010180EA05
:1061E000020281EA0303362D88BF30BD11F0004F53
:1061F0004FEA01314FF4801C4CEA113102D0404289
:1062000061EB410113F0004F4FEA03334CEA1333C3
:1062100002D0524263EB430394EA050F00F0A780DB
:10622000A4F10104D5F1200E0DDB02FA0EFC22FAD6
:1062300005F2801841F1000103FA0EF2801843FACA
:1062400005F359410EE0A5F120050EF1200E012ABB
:1062500003FA0EFC28BF4CF0020C43FA05F3C018F9
:1062600051EBE37101F0004507D54FF0000EDCF172
:10627000000C7EEB00006EEB0101B1F5801F1BD31B
:10628000B1F5001F0CD349085FEA30004FEA3C0C1F
:1062900004F101044FEA445212F5800F80F09A8015
:1062A000BCF1004F08BF5FEA500C50F1000041EB19
:1062B000045141EA050130BD5FEA4C0C404141EB1D
:1062C0000101013C28BFB1F5801FE9D291F0000F18
:1062D00004BF01460020B1FA81F308BF2033A3F1C7
:1062E0000B03B3F120020CDA0C3208DD02F1140CBE
:1062F000C2F10C0201FA0CF021FA02F10CE002F1F9
:106300001402D8BFC2F1200C01FA02F120FA0CFCF1
:10631000DCBF41EA0C019040E41AA2BF01EB04513A
:10632000294330BD6FEA04041F3C1CDA0C340EDC38
:1063300004F11404C4F1200220FA04F001FA02F37B
:1063400040EA030021FA04F345EA030130BDC4F139
:106350000C04C4F1200220FA02F001FA04F340EA2E
:106360000300294630BD21FA04F0294630BD94F0DF
:10637000000F83F4801306BF81F480110134013DC6
:106380004EE77FEA645C18BF7FEA655C29D094EA37
:10639000050F08BF90EA020F05D054EA000C04BFB5
:1063A0001946104630BD91EA030F1EBF00210020A0
:1063B00030BD5FEA545C05D14000494128BF41F03F
:1063C000004130BD14F580043CBF01F5801130BDA3
:1063D00001F0004545F0FE4141F470014FF000002E
:1063E00030BD7FEA645C1ABF194610467FEA655CDF
:1063F0001CBF0B46024650EA013406BF52EA033581
:1064000091EA030F41F4002130BD00BF90F0000F6E
:1064100004BF0021704730B54FF4806404F13204AA
:106420004FF000054FF0000150E700BF90F0000F63
:1064300004BF0021704730B54FF4806404F132048A
:1064400010F0004548BF40424FF000013EE700BF5A
:1064500042004FEAE2014FEA31014FEA02701FBFEA
:1064600012F07F4393F07F4F81F06051704732F01C
:106470007F4208BF704793F07F4F04BF41F4002173
:10648000704730B54FF4607401F0004521F00041D1
:106490001CE700BF50EA010208BF704730B54FF05B
:1064A00000050AE050EA010208BF704730B511F05C
:1064B000004502D5404261EB41014FF4806404F194
:1064C00032045FEA915C3FF4D8AE4FF003025FEA1A
:1064D000DC0C18BF03325FEADC0C18BF033202EB9E
:1064E000DC02C2F1200300FA03FC20FA02F001FAF8
:1064F00003FE40EA0E0021FA02F11444BDE600BF9B
:106500004FEA4102B2F1E04324BFB3F5001CDCF1D5
:10651000FE5C0DD901F0004C4FEAC0024CEA50700D
:10652000B2F1004F40EB830008BF20F0010070473C
:1065300011F0804F21D113F13872BCBF01F000403F
:10654000704741F480114FEA5252C2F11802C2F171
:10655000200C10FA0CF320FA02F018BF40F00100F2
:106560004FEAC1234FEAD32303FA0CFC40EA0C00A4
:1065700023FA02F34FEA4303CCE77FEA625307D1E1
:1065800050EA01331EBF4FF0FE4040F44000704718
:1065900001F0004040F0FE4040F40000704700BFB2
:1065A0007BB972B90029BEBF00204FF0004106E060
:1065B00008BF00281CBF6FF000414FF0FF3000F013
:1065C000B3B9ADF1080C6DE904CE002909DB002B4D
:1065D0001ADB00F04DF8DDF804E0DDE9022304B039
:1065E0007047404261EB4101002B1BDB00F040F89B
:1065F000DDF804E0DDE9022304B0404261EB410133
:10660000524263EB43037047524263EB430300F093
:106610002FF8DDF804E0DDE9022304B0404261EB2D
:1066200041017047524263EB430300F021F8DDF86B
:1066300004E0DDE9022304B0524263EB43037047F8
:1066400053B94AB9002908BF00281CBF4FF0FF31D9
:106650004FF0FF3000F068B9ADF1080C6DE904CEE1
:1066600000F006F8DDF804E0DDE9022304B070472D
:106670002DE9F047089F154604468E461E46002B1E
:1066800040F0D2808A424DD9B2FA82FCBCF1000FB0
:1066900002FA0CF3CCF1200E18BF1D4620FA0EFEB4
:1066A00001FA0CF34EEA030E00FA0CF30CBF8E460F
:1066B0001C464FEA1548A8B2BEFBF8F1220C08FBB5
:1066C00011EE01FB00F342EA0E42934206D9AA18EA
:1066D00001F1FF3E01D293421ED87146D21AA4B2F4
:1066E000B2FBF8F308FB1322584344EA0244A042E9
:1066F00006D92C1903F1FF3201D2A0420FD813465C
:10670000241A43EA014027B124FA0CF400233C6028
:106710007B603146BDE8F08702392A44DEE7023B60
:106720002C44EDE7002A71D0B2FA82F3DBB31E46A7
:10673000C6F1200302FA06F521FA03F2B14020FA6D
:1067400003F30B434FEA154E00FA06F41FFA85FCDB
:10675000B2FBFEF00EFB10211A0C00FB0CF842EA13
:106760000142904506D9AA1800F1FF3101D29045A7
:106770004ED80846A2EB08029BB2B2FBFEF10EFB1C
:10678000112201FB0CFC43EA02439C4506D9EB189D
:1067900001F1FF3201D29C453DD81146A3EB0C0319
:1067A00041EA004101E08B1A01214FEA154E1FFA20
:1067B00085FCB3FBFEF0220C0EFB103300FB0CF843
:1067C00042EA0342904506D9AA1800F1FF3301D2EC
:1067D000904523D81846A2EB0802A4B2B2FBFEF300
:1067E0000EFB132203FB0CFC44EA0244A44506D929
:1067F0002C1903F1FF3201D2A44512D81346A4EBA1
:106800000C0443EA0040B4460E467CE71F268FE79F
:1068100002382A44AEE702392B44BFE702382A4443
:10682000D9E7023B2C44EAE78B4205D90FB1C7E90F
:106830000001002630466CE7B3FA83FCBCF1000F80
:106840000FD18B4201D3824209D8841A61EB030332
:1068500001209E460FB1C7E9004E002659E7604669
:10686000F8E7CCF1200E03FA0CF322FA0EF521FA28
:106870000EF41D4301FA0CF320FA0EF119434FEA0E
:10688000154900FA0CF61FFA85F8B4FBF9F009FB7C
:10689000104A0C0C00FB08F344EA0A44A34202FA33
:1068A0000CF206D92C1900F1FF3A01D2A34235D8D7
:1068B0005046E41A89B2B4FBF9F309FB134403FB15
:1068C00008F841EA0441884506D9691803F1FF3404
:1068D00001D2884525D8234643EA0040A1EB0801B0
:1068E000A0FB029841454C46434602D306D14E4593
:1068F00004D2B9EB020468EB05030138002FACD0D9
:10690000321B61EB030101FA0EFE22FA0CF34EEA90
:10691000030321FA0CF1C7E900319EE702382C4449
:10692000C7E7023B2944D7E7704700BF00000000DB
:106930005FF800F0F90300205FF800F099010020F3
:106940005FF800F05D0300205FF800F00D03002009
:10695000000000000102030400000000000000002D
:10696000010203040607080948414C5F5243435F94
:106970004F7363436F6E6669670048414C5F5243D3
:10698000435F436C6F636B436F6E66696700FFCB59
:106990009C6C6F6E670051282573290A0063616E35
:1069A00027F46F626A6563F4646F65736E27F46140
:1069B0007267756D656EF4696E76616C69E42725A2
:1069C00071A76D7573F4617267756D656E74F366AA
:1069D000756E6374696FEE6E6FF4272573A7666F2B
:1069E000726D61F425E462E565786973F46FE674AD
:1069F000EF756E737570706F727465E4747970E51D
:106A0000636F6E766572F4657870656374F37265B2
:106A10007175697265E4696D706C656D656E74653C
:106A2000E46B6579776F72E4737472696EE7706F07
:106A3000736974696F6E61ECE1666FF2746FEF7386
:106A400070656369666965F2737570706F727465FD
:106A5000E46C656E6774E8696E6465F869EE776981
:106A600074E861EE69F36172E7617474726962756A
:106A700074E5657870656374696EE7696E7465675F
:106A800065F2656D7074F969736E27F472616E67F3
:106A9000E572657175697265F376616C75E56173B0
:106AA0007369676E6D656EF46964656E74696669B5
:106AB00065F2616EE4636F6D706C65F86F75747389
:106AC0006964E567656E657261746FF2686176E5A9
:106AD000457874496EF46E61746976E573796E7405
:106AE00061F865787065637465E46EEF6FF26F76D8
:106AF0006572666C6FF772657365727665E47365CF
:106B00007175656E63E56361706162696C69746972
:106B100065F366726FED50696E282571A961667420
:106B200065F26861F3696EF46D697373696EE76E9F
:106B3000656564F3756E6B6E6F77EE62756666659C
:106B4000F27265747572EE4144C354696D657228C2
:106B50002564A96E616DE56F7065726174696FEE91
:106B60006F75F47265646566696E65E463616C6C8B
:106B700061626CE56572726FF26669656CE46C6106
:106B80007267E56D756C7469706CE56E656761744C
:106B90006976E56E6F6E6C6F6361EC726567697341
:106BA0007465F27475706CE5616C6C6F7765E461A7
:106BB0006C72656164F96275F464656661756CF4A4
:106BC000737472756374BA74696D656F75F425F1C9
:106BD00061F4636F64E5667265F16C6973F46E6508
:106BE00065E47A6572EF696D706F72F46E756D624F
:106BF00065F273636B2F6D6F73692F6D6973EF733C
:106C0000706563696669636174696FEE76616C755E
:106C100065F3766563746FF2696E636F6D706174AE
:106C200069626CE56973737562636C61737328A93B
:106C300025F363616C6962726174696FEE636C6104
:106C400073F3666F756EE467697665EE676FF46976
:106C50006E737472756374696FEE6C616265EC6C6F
:106C60006F6361EC7069EE7365F473746F72E57550
:106C700073E577726F6EE7616E6E6F746174696F42
:106C8000EE617267756D656E7473AC636F6E766579
:106C90007273696FEE65787072657373696FEE6910
:106CA0006D706C696369746CF90025236F0025238E
:106CB00078002E2E2E20002E66726F7A656E002FC1
:106CC000666C617368002F666C6173682F6C696213
:106CD000002F7364002F73642F6C6962003C73741F
:106CE00064696E3E003C737472696E673E003E3E9E
:106CF0003E2000414443004144433100414443317C
:106D00005F434F4D4D4F4E00414443416C6C004139
:106D100044435F435231004144435F435232004198
:106D200044435F4452004144435F4854520041444D
:106D3000435F4A445231004144435F4A4452320067
:106D40004144435F4A445233004144435F4A445202
:106D500034004144435F4A4F465231004144435F4F
:106D60004A4F465232004144435F4A4F4652330035
:106D70004144435F4A4F465234004144435F4A53C3
:106D80005152004144435F4C5452004144435F53CD
:106D90004D505231004144435F534D5052320041F7
:106DA00044435F53515231004144435F5351523287
:106DB000004144435F53515233004144435F5352B7
:106DC000004146315F54494D31004146315F5449DD
:106DD0004D32004146325F54494D33004146325FE7
:106DE00054494D34004146325F54494D35004146C7
:106DF000335F54494D3130004146335F54494D3182
:106E000031004146335F54494D39004146345F49B2
:106E1000324331004146345F493243320041463407
:106E20005F49324333004146355F53504931004199
:106E300046355F53504932004146355F535049341F
:106E4000004146365F53504933004146365F535048
:106E50004934004146365F53504935004146375F5B
:106E600053504933004146375F5553415254320025
:106E70004146385F555341525436004146395F49C7
:106E8000324332004146395F493243330041465F65
:106E9000494E45540041465F494E455436004146EF
:106EA0005F4F440041465F505000414C5400414CFC
:106EB000545F4F50454E5F445241494E00414E4150
:106EC0004C4F470041505F494600415252415900E2
:106ED0004155544F004246494E54313600424649CE
:106EE0004E543332004246494E54380042465549CA
:106EF0004E54313600424655494E543332004246D4
:106F000055494E54380042465F4C454E0042465F5C
:106F1000504F53004249475F454E4449414E00425D
:106F20004F54480042524B5F484947480042524B39
:106F30005F4C4F57004279746573494F0043454E8B
:106F400054455200434F52455F54454D5000434F06
:106F500052455F5642415400434F52455F56524599
:106F60004600435243004352435F4352004352435F
:106F70005F4452004352435F49445200435453001C
:106F800043616E63656C6C65644572726F72004438
:106F9000300044310044313000443131004431325A
:106FA000004431330044313400443135004433006F
:106FB000443400443500443600443700443800442B
:106FC00039004442474D4355004442474D43555FC5
:106FD00041504231465A004442474D43555F41506B
:106FE0004232465A004442474D43555F43520044A3
:106FF00042474D43555F4944434F4445004445454E
:1070000050534C4545505F524553455400444D4103
:107010003100444D413200444D415F48494643529E
:1070200000444D415F4849535200444D415F4C4933
:1070300046435200444D415F4C49535200446566FB
:107040006C617465494F00454143434553004541D8
:10705000444452494E5553450045414741494E002D
:1070600045414C5245414459004542414446004542
:10707000434F4E4E41424F525445440045434F4EBC
:107080004E524546555345440045434F4E4E52459A
:10709000534554004545584953540045484F5354AF
:1070A000554E52454143480045494E50524F475274
:1070B0004553530045494E56414C0045494F004504
:1070C000495344495200454E435F4100454E435F9A
:1070D000414200454E435F4200454E4F42554653A4
:1070E00000454E4F44455600454E4F454E540045D1
:1070F0004E4F4D454D00454E4F54434F4E4E00456B
:107100004F504E4F545355505000455045524D002E
:107110004554494D45444F5554004556545F4641EA
:107120004C4C494E47004556545F524953494E47CF
:10713000004556545F524953494E475F46414C4CB7
:10714000494E47004558544900455854495F454DFC
:107150005200455854495F465453520045585449CB
:107160005F494D5200455854495F505200455854AC
:10717000495F5254535200455854495F535749454B
:107180005200457874496E7400464C41534800469D
:107190004C4153485F41435200464C4153485F4382
:1071A0005200464C4153485F4B45595200464C41B2
:1071B00053485F4F5054435200464C4153485F4F31
:1071C000505443523100464C4153485F4F50544B4A
:1071D00045595200464C4153485F535200464C4F6C
:1071E0004154333200464C4F415436340046696CAA
:1071F00065494F00466C617368004672616D654277
:107200007566666572004672616D65427566666593
:107210007231004750494F41004750494F420047A3
:1072200050494F43004750494F44004750494F454C
:10723000004750494F48004750494F5F4146523040
:10724000004750494F5F41465231004750494F5F18
:1072500042535252004750494F5F425352524800E6
:107260004750494F5F425352524C004750494F5F7D
:10727000494452004750494F5F4C434B52004750DE
:10728000494F5F4D4F444552004750494F5F4F446F
:1072900052004750494F5F4F5350454544520047B5
:1072A00050494F5F4F5459504552004750494F5F26
:1072B0005055504452004753325F484D53420047A7
:1072C00053345F484D53420047533800475A4950A2
:1072D00000484152445F524553455400493243549B
:1072E0006172676574004932435F4343520049321B
:1072F000435F435231004932435F435232004932C7
:10730000435F4452004932435F464C545200493275
:10731000435F4F415231004932435F4F4152320087
:107320004932435F535231004932435F5352320076
:107330004932435F5452495345004932533245580C
:1073400054004932533345585400494F42617365E4
:10735000004952515F414444525F4D415443485F9C
:1073600052454144004952515F414444525F4D41AE
:107370005443485F5752495445004952515F454E66
:10738000445F52454144004952515F454E445F5766
:1073900052495445004952515F46414C4C494E4771
:1073A000004952515F524541445F52455100495294
:1073B000515F524953494E47004952515F52495318
:1073C000494E475F46414C4C494E47004952515F38
:1073D0005258004952515F525849444C4500495255
:1073E000515F57524954455F5245510049574447F0
:1073F00000495744475F4B5200495744475F50523A
:1074000000495744475F524C5200495744475F5325
:1074100052004C4544004C45445F424C5545004C9D
:1074200045445F475245454E004C45445F4F5241ED
:107430004E4745004C45445F524544004C49545426
:107440004C455F454E4449414E004D4153544552D1
:10745000004D4F4E4F5F484C5342004D4F4E4F5FD3
:10746000484D5342004D4F4E4F5F564C5342004DD6
:10747000564C5342004E4154495645004E6F6E657E
:10748000004E6F74496D706C656D656E7465640057
:107490004F435F414354495645004F435F464F5267
:1074A0004345445F414354495645004F435F464F6F
:1074B000524345445F494E414354495645004F436A
:1074C0005F494E414354495645004F435F54494D2F
:1074D000494E47004F435F544F47474C45004F4E7E
:1074E000455F53484F54004F55545F4F44004F552C
:1074F000545F5050004F72646572656444696374F0
:107500000050413000504131005041313000504175
:10751000313100504131320050413135005041325B
:107520000050413300504134005041350050413645
:10753000005041370050413800504139005042302E
:107540000050423100504231300050423132005040
:107550004231330050423134005042313500504204
:107560003200504233005042340050423500504205
:1075700036005042370050423800504239005043E4
:10758000300050433100504331300050433131001E
:1075900050433132005043313300504331340050B6
:1075A00043313500504332005043330050433400E0
:1075B00050433500504336005043370050433800A5
:1075C0005043390050443200504552494F444943DA
:1075D000005048300050483100504F4C4C455252FA
:1075E00000504F4C4C48555000504F4C4C494E00A9
:1075F000504F4C4C4F5554005054520050554C4C29
:107600005F444F574E0050554C4C5F4E4F4E450017
:1076100050554C4C5F55500050574D0050574D5FE2
:10762000494E564552544544005057520050575207
:107630004F4E5F5245534554005057525F435200DE
:107640005057525F4353520050696E0050696E416B
:107650004600524343005243435F41484231454E46
:1076600052005243435F414842314C50454E520014
:107670005243435F414842315253545200524343B4
:107680005F41484232454E52005243435F414842B7
:10769000324C50454E52005243435F4148423252B1
:1076A000535452005243435F41484233454E5200C7
:1076B0005243435F414842334C50454E520052437F
:1076C000435F4148423352535452005243435F4157
:1076D000504231454E52005243435F415042314C7B
:1076E00050454E52005243435F4150423152535431
:1076F00052005243435F41504232454E5200524382
:10770000435F415042324C50454E52005243435F1A
:107710004150423252535452005243435F42444319
:1077200052005243435F43464752005243435F4334
:107730004952005243435F4352005243435F435315
:1077400052005243435F44434B4346475200524327
:10775000435F504C4C43464752005243435F504CAA
:107760004C49325343464752005243435F535343BD
:107770004752005247423536350052544300525466
:10778000435F414C524D4152005254435F414C5271
:107790004D41535352005254435F414C524D42525B
:1077A000005254435F414C524D4253535200525485
:1077B000435F424B503052005254435F424B503172
:1077C0003052005254435F424B50313152005254B8
:1077D000435F424B50313252005254435F424B5050
:1077E000313352005254435F424B503134520052B5
:1077F00054435F424B50313552005254435F424B29
:1078000050313652005254435F424B503137520090
:107810005254435F424B50313852005254435F42FE
:107820004B50313952005254435F424B5031520059
:107830005254435F424B503252005254435F424BCA
:10784000503352005254435F424B50345200525412
:10785000435F424B503552005254435F424B5036C7
:1078600052005254435F424B503752005254435FD0
:10787000424B503852005254435F424B50395200F1
:107880005254435F43414C494252005254435F4378
:10789000414C52005254435F4352005254435F44A0
:1078A00052005254435F495352005254435F505266
:1078B0004552005254435F53484946545200525473
:1078C000435F535352005254435F54414643520066
:1078D0005254435F5452005254435F545344520035
:1078E0005254435F5453535352005254435F5453C2
:1078F0005452005254435F575052005254435F5702
:10790000555452005254530052696E67494F005308
:1079100044494F00534C41564500534F434B5F443D
:107920004752414D00534F434B5F52415700534F15
:10793000434B5F53545245414D00534F46545F52A1
:107940004553455400534F4C5F534F434B455400F0
:10795000534F5F42524F41444341535400534F5F92
:107960004B454550414C49564500534F5F52435695
:1079700054494D454F00534F5F524555534541447F
:10798000445200534F5F534E4454494D454F0053AA
:1079900050495F435231005350495F4352320053C4
:1079A00050495F4352435052005350495F44520084
:1079B0005350495F49325343464752005350495F41
:1079C0004932535052005350495F52584352435228
:1079D000005350495F5352005350495F545843522B
:1079E0004352005354415F49460053570053595383
:1079F000434647005359534346475F434D50435214
:107A0000005359534346475F455854494352300049
:107A10005359534346475F455854494352310053E5
:107A200059534346475F45585449435232005359CE
:107A3000534346475F4558544943523300535953C3
:107A40004346475F4D454D524D50005359534346B1
:107A5000475F504D4300536572766F005369676E00
:107A6000616C00536F667449324300536F66745300
:107A700050490053746F704173796E634974657235
:107A80006174696F6E00537472696E67494F005379
:107A900077697463680054494D5F415252005449FC
:107AA0004D5F424454520054494D5F434345520098
:107AB00054494D5F43434D52310054494D5F434358
:107AC0004D52320054494D5F434352310054494DA9
:107AD0005F434352320054494D5F43435233005495
:107AE000494D5F434352340054494D5F434E540067
:107AF00054494D5F4352310054494D5F4352320067
:107B000054494D5F4443520054494D5F44494552E6
:107B10000054494D5F444D41520054494D5F454723
:107B2000520054494D5F4F520054494D5F505343EA
:107B30000054494D5F5243520054494D5F534D43E9
:107B4000520054494D5F5352005461736B005461AD
:107B5000736B51756575650054657874494F57723C
:107B600061707065720054696D65720054696D656D
:107B7000724368616E6E656C005541525400554900
:107B80004E540055494E54363400554C4F4E470024
:107B9000554C4F4E474C4F4E470055534152543170
:107BA0000055534152545F42525200555341525472
:107BB0005F4352310055534152545F435232005596
:107BC000534152545F4352330055534152545F4422
:107BD000520055534152545F47545052005553413F
:107BE00052545F5352005553425F4F54475F4653C0
:107BF000005553484F525400556E69636F64654594
:107C000072726F7200564F49440056667346617433
:107C1000005669706572547970654572726F7200B2
:107C2000574454005744545F5245534554005757E6
:107C3000444700575744475F43465200575744470D
:107C40005F435200575744475F5352005A4C4942D2
:107C5000005F5F61656E7465725F5F005F5F6165A5
:107C60007869745F5F005F5F61697465725F5F0070
:107C70005F5F616C6C5F5F005F5F616E6578745F12
:107C80005F005F5F62617365735F5F005F5F627576
:107C9000696C645F636C6173735F5F005F5F6465F1
:107CA0006C5F5F005F5F64656C617474725F5F003E
:107CB0005F5F646963745F5F005F5F66696C655FE7
:107CC0005F005F5F676C6F62616C735F5F005F5F37
:107CD000696D706F72745F5F005F5F706174685F81
:107CE0005F005F5F7265706C5F7072696E745F5F7A
:107CF000005F5F72657665727365645F5F005F5FEA
:107D00007365745F6E616D655F5F005F5F7365745F
:107D1000617474725F5F005F5F747261636562615A
:107D2000636B5F5F005F6173796E63696F005F62B1
:107D300075696C64005F6D616368696E65005F6D95
:107D40007079005F6F6E6577697265005F7461734B
:107D50006B5F7175657565006132625F6261736545
:107D60003634006162735F746F6C006163636570C9
:107D7000740061636F730061636F736800616464B2
:107D8000725F73697A6500616464726573736F66AC
:107D90000061660061665F6C69737400616C69679D
:107DA0006E00616C6C6F635F656D657267656E63B5
:107DB000795F657863657074696F6E5F6275660080
:107DC000616C7400616E645F00616E676C65006178
:107DD0007070656E646C65667400617267760061D0
:107DE00073696E006173696E680061736D5F7468BA
:107DF000756D6200617372006174616E006174611F
:107E00006E32006174616E68006232615F6261733C
:107E10006536340062617564726174650062696719
:107E20000062696E0062696E61736369690062690C
:107E30006E640062697473747265616D00626C00D7
:107E4000626C697400626F6F746C6F61646572005C
:107E5000626F756E645F6D6574686F640062726BEB
:107E60000062756666657200627566666572696E47
:107E700067006278006279746561727261795F612E
:107E80007400627974656F726465720062797465FA
:107E9000735F61740063616C6373697A6500636129
:107EA0006C6962726174696F6E0063616C6C6261AF
:107EB000636B0063616E63656C00636170747572FF
:107EC00065006365696C0063656E74657200636864
:107ED0006469720063686F69636500636C6F7375D2
:107EE000726500636C7A00636D61746800636F6C27
:107EF0006C65637400636F6C6C656374696F6E733B
:107F000000636F6D7061726500636F6D70696C65A1
:107F100000636F6D706C657800636F70797369676B
:107F20006E00636F726F00636F756E7465720063CD
:107F30006F756E7472790063707369640063707337
:107F40006965006372630063726333320063726356
:107F500038006375725F7461736B006461746100F3
:107F60006461746574696D65006465616474696DEC
:107F700065006465636F64650064656570736C6556
:107F80006570006465666C61746500646567726540
:107F90006573006465696E69740064656C6174740E
:107FA000720064656C657465720064657175650066
:107FB0006468745F72656164696E746F006469639C
:107FC000745F7669657700646967657374006469D6
:107FD0007361626C650064697361626C655F69728C
:107FE00071006469736361726400646D6100646F41
:107FF000630064756D700064756D707300647570F6
:108000007465726D00647574795F6E730064757465
:10801000795F75313600656C61707365645F6D6999
:1080200063726F7300656C61707365645F6D696C1A
:108030006C697300656C6C6970736500656E616274
:108040006C6500656E61626C655F69727100656E7A
:10805000636F646500656E756D657261746500655A
:1080600072660065726663006572726E6F0065729B
:10807000726F72636F6465006578656366696C65CD
:108080000065786974006578706D310066616273AF
:10809000006661756C745F6465627567006665652E
:1080A000640066696C6C0066696C6C5F7265637411
:1080B0000066696C746572006669727374626974D3
:1080C00000666C61677300666C6F6F7200666C6F40
:1080D0007700666C75736800666D6F640066726128
:1080E0006D656275660066726578700066726F6DA8
:1080F0006865780066726F6D6B6579730066726F84
:108100007A656E7365740066756E6374696F6E0070
:1081100067630067656E63616C6C0067656E6572AE
:1081200061746F720067657461646472696E666F12
:10813000006765746377640067657472616E64627A
:10814000697473006765747465720067657476613D
:108150006C756500676D74696D65006770696F00A7
:1081600067726F7570006861726400686172645F45
:10817000726573657400686173686C696200686534
:1081800061705F6C6F636B00686561705F756E6CCA
:108190006F636B006865617069667900686561701E
:1081A000706F7000686561707075736800686561F4
:1081B00070710068656C70006869676800686C6958
:1081C0006E650069646C650069676E6F7265006951
:1081D0006C69737464697200696D616700696D70C0
:1081E0006C656D656E746174696F6E00696E64694B
:1081F00063657300696E70757400696E74656E7383
:1082000069747900696E74657273656374696F6E01
:1082100000696E74657273656374696F6E5F757003
:108220006461746500696E7665727400696F637469
:108230006C0069706F6C6C0069735F726561647962
:10824000006973636C6F73650069736469736A6F47
:10825000696E74006973656E61626C656400697350
:1082600066696E697465006973696E660069736E2C
:10827000616E0069737375627365740069737375F9
:10828000706572736574006974656D73697A6500F1
:108290006A736F6E006B62645F696E7472006B6507
:1082A0006570656E6473006C6162656C006C64651A
:1082B0007870006C647262006C64726578006C6443
:1082C0007268006C656E677468006C67616D6D61E3
:1082D000006C6962635F766572006C6967687473CD
:1082E0006C656570006C697374656E006C6F6164B9
:1082F000006C6F616473006C6F63616C74696D65B1
:10830000006C6F673130006C6F6732006C736C000B
:108310006C7372006D616B6566696C65006D617090
:10832000706572006D6178006D6178696D756D20A2
:10833000726563757273696F6E206465707468200E
:108340006578636565646564006D617873697A65F5
:10835000006D656D3136006D656D3332006D656D94
:1083600038006D656D5F6164647273697A65006D74
:10837000656D5F616C6C6F63006D656D5F626163FD
:108380006B7570006D656D5F66726565006D656D1E
:108390005F696E666F006D656D5F72656164006D2B
:1083A000656D5F7772697465006D656D6164647297
:1083B000006D656D6F727976696577006D696E0025
:1083C0006D69736F006D6B646972006D6B6673002D
:1083D0006D6B74696D65006D6F6466006D6F6469C7
:1083E0006679006D6F64756C65006D6F64756C65A2
:1083F00073006D6F7369006D6F7674006D6F7677C3
:10840000006D6F767774006E616D65647475706C65
:1084100065006E616D6573006E6174697665006EEE
:108420006574776F726B006E65776C696E65006E50
:108430006F64656E616D65006E6F70006E737300C2
:108440006F6374006F6666006F70745F6C6576654D
:108450006C007061636B5F696E746F00706174684B
:10846000007065656B0070656E645F7468726F772D
:108470000070685F6B657900706861736500706992
:108480000070696E00706978656C00706C6174666C
:108490006F726D00706F6C617200706F6C617269E9
:1084A000747900706F6C7900706F706C6566740021
:1084B0007072657363616C6572007072696E745F6F
:1084C000657863657074696F6E0070726F70657245
:1084D00074790070733100707332007074720070C0
:1084E00074723136007074723332007074723800F6
:1084F00070756C6C0070756C73655F776964746817
:108500000070756C73655F77696474685F6E730083
:1085100070756C73655F77696474685F70657263AA
:10852000656E740070756C73655F77696474685FFD
:1085300075730070776D0070796200707974686F80
:108540006E5F636F6D70696C657200717374725FDA
:10855000696E666F0072616469616E730072616E4C
:1085600064696E740072616E646F6D0072616E6436
:1085700072616E6765007262697400726561645F42
:108580006275665F6C656E00726561645F636861E9
:108590006E6E656C00726561645F636F72655F74B7
:1085A000656D7000726561645F636F72655F7662AE
:1085B000617400726561645F636F72655F76726596
:1085C0006600726561645F74696D656400726561FF
:1085D000645F74696D65645F6D756C746900726564
:1085E00061645F75313600726561645F76726566DD
:1085F00000726561646269740072656164626C6FC7
:10860000636B7300726561646279746500726561A1
:108610006463686172007265616466726F6D007296
:1086200065616466726F6D5F696E746F007265611B
:108630006466726F6D5F6D656D0072656164667210
:108640006F6D5F6D656D5F696E746F0072656164FB
:108650006C696E657300726561646F6E6C7900722F
:1086600065616C007265637666726F6D0072656736
:1086700000726567730072656C5F746F6C00726581
:108680006C656173650072656E616D650072657021
:108690006C5F696E666F007265706C5F7561727495
:1086A0000072657365745F636175736500726576EA
:1086B000657273656400726D64697200726F7574BF
:1086C000650072706172746974696F6E00727862AD
:1086D0007566007363616E007363686564756C65CD
:1086E0000073636B0073636C007363726F6C6C0078
:1086F0007364610073646976007365617263680016
:108700007365656B0073656C6563740073656E6497
:108710005F726563760073656E64616C6C0073658F
:108720006E64627265616B0073656E64746F007372
:108730006570617261746F727300736572766F0039
:10874000736574626C6F636B696E670073657473D5
:108750006F636B6F7074007365747465720073651A
:108760007474696D656F75740073686132353600B5
:1087700073696E676C650073697A656F6600736C08
:108780006565705F6D7300736C6565705F75730010
:10879000736C69636500736F66745F72657365748B
:1087A00000736F757263655F6672657100737065E3
:1087B00065640073706C69746C696E6573007374C2
:1087C00061636B5F757365007374616E64627900D9
:1087D000737461740073746174650073746174768A
:1087E00066730073746465727200737464696E00FA
:1087F0007374646F75740073746D007374726200C7
:108800007374726578007374726800737472756340
:108810007400737562007377696E740073796D6D9F
:1088200065747269635F646966666572656E6365C7
:108830000073796D6D65747269635F6469666665FE
:1088400072656E63655F75706461746500737973DA
:108850006E616D65007461750074656C6C007468A0
:10886000726573686F6C64007469636B5F687A002B
:108870007469636B735F616464007469636B735FD5
:10888000637075007469636B735F64696666007416
:1088900069636B735F6D73007469636B735F75738A
:1088A0000074696D655F6E730074696D655F7075E6
:1088B0006C73655F75730074696D656F75745F6364
:1088C00068617200746F67676C65007472696767CE
:1088D0006572007472756E63007478646F6E650003
:1088E00075637479706573007564656C6179007582
:1088F00064697600756D6F756E7400756E616D6577
:1089000000756E6865786C69667900756E69666F6A
:10891000726D00756E696F6E00756E697175655F59
:10892000696400756E6C696E6B00756E7061636B67
:108930005F66726F6D00756E7265676973746572DC
:10894000007573797300757466380076636D700016
:10895000766376745F6633325F73333200766376A4
:10896000745F7333325F6633320076657273696F9A
:108970006E0076657273696F6E5F696E666F007602
:108980006970657200766C647200766C696E650061
:10899000766D6F7600766D727300766E6567007621
:1089A0007371727400767374720077616B657570A1
:1089B000007766690077726974655F7265616469E2
:1089C0006E746F007772697465626974007772699A
:1089D0007465626C6F636B7300777269746562793A
:1089E0007465007772697465636861720077726993
:1089F0007465746F007772697465746F5F6D656D0F
:108A000000777269746576746F007B3A23627D002B
:108A10005F5F6469725F5F003C6D6F64756C653E9B
:108A2000005F5F63616C6C5F5F005F5F636C6173CD
:108A3000735F5F005F5F64656C6974656D5F5F00A5
:108A40005F5F656E7465725F5F005F5F6578697414
:108A50005F5F005F5F676574617474725F5F005F82
:108A60005F6765746974656D5F5F005F5F68617300
:108A7000685F5F005F5F696E69745F5F005F5F6979
:108A80006E745F5F005F5F697465725F5F005F5F58
:108A90006C656E5F5F005F5F6D61696E5F5F005F59
:108AA0005F6D6F64756C655F5F005F5F6E616D65C4
:108AB0005F5F005F5F6E65775F5F005F5F6E657829
:108AC000745F5F005F5F7175616C6E616D655F5FA4
:108AD000005F5F726570725F5F005F5F73657469EE
:108AE00074656D5F5F005F5F7374725F5F004172FA
:108AF0006974686D657469634572726F7200417361
:108B000073657274696F6E4572726F72004174742E
:108B10007269627574654572726F7200454F4645A1
:108B200072726F7200456C6C697073697300496D85
:108B3000706F72744572726F7200496E64656E7404
:108B40006174696F6E4572726F7200496E64657808
:108B50004572726F72004B65794572726F72004B8D
:108B60006579626F617264496E7465727275707452
:108B7000004C6F6F6B75704572726F72004D656D52
:108B80006F72794572726F72004E616D65457272D7
:108B90006F72004E6F6E6554797065004E6F744948
:108BA0006D706C656D656E7465644572726F720090
:108BB0004F534572726F72004F766572666C6F77B5
:108BC0004572726F720052756E74696D654572728E
:108BD0006F720053796E7461784572726F720053D0
:108BE000797374656D457869740056616C75654577
:108BF00072726F72005A65726F4469766973696F39
:108C00006E4572726F7200616E7900617070656E90
:108C10006400626F6F6C006275696C74696E7300DA
:108C20006279746561727261790062797465636FEB
:108C300064650063616C6C61626C650063687200FE
:108C4000636C6173736D6574686F6400636C6561F8
:108C50007200636F6E737400636F7079006469767D
:108C60006D6F6400656E6473776974680065766122
:108C70006C006578656300657874656E6400666F86
:108C8000726D61740066726F6D5F627974657300F6
:108C90006765746174747200676C6F62616C7300F5
:108CA00068617361747472006861736800696E73DF
:108CB000657274006973616C7068610069736469DE
:108CC000676974006973696E7374616E63650069C6
:108CD000736C6F77657200697373706163650069A7
:108CE00073737562636C617373006973757070651B
:108CF00072006A6F696E006C6974746C65006C6FE9
:108D000063616C73006C7374726970006D61696E7D
:108D1000006D6170006D6963726F707974686F6E59
:108D2000006E657874006F626A656374006F7065C9
:108D30006E00706F706974656D00706F770070728F
:108D4000696E7400726561646C696E650072656D50
:108D50006F7665007265706C616365007265707234
:108D60000072657665727365007266696E64007282
:108D7000696E64657800726F756E64007273706CF2
:108D80006974007273747269700073657000736542
:108D900074617474720073657464656661756C7473
:108DA00000736F727400736F727465640073746122
:108DB0007274007374617274737769746800737489
:108DC000617469636D6574686F640073746F7000BB
:108DD00073756D00737570657200746F5F6279747E
:108DE0006573007574662D38007A6970003C64699B
:108DF0006374636F6D703E003C67656E657870727A
:108E00003E003C6C616D6264613E003C6C69737451
:108E1000636F6D703E003C736574636F6D703E00F0
:108E20005F5F6162735F5F005F5F6164645F5F00EB
:108E30005F5F616E645F5F005F5F626F6F6C5F5F5B
:108E4000005F5F636F6D706C65785F5F005F5F638D
:108E50006F6E7461696E735F5F005F5F64656C6500
:108E600074655F5F005F5F6469766D6F645F5F006C
:108E70005F5F65715F5F005F5F666C6F61745F5F0E
:108E8000005F5F666C6F6F726469765F5F005F5F43
:108E900067655F5F005F5F6765745F5F005F5F6767
:108EA000745F5F005F5F696164645F5F005F5F695B
:108EB0006E766572745F5F005F5F697375625F5F96
:108EC000005F5F6C655F5F005F5F6C73686966740D
:108ED0005F5F005F5F6C745F5F005F5F6D61746D0B
:108EE000756C5F5F005F5F6D6F645F5F005F5F6DFC
:108EF000756C5F5F005F5F6E655F5F005F5F6E65F3
:108F0000675F5F005F5F6F725F5F005F5F706F73CF
:108F10005F5F005F5F706F775F5F005F5F726164CC
:108F2000645F5F005F5F72616E645F5F005F5F72CE
:108F3000666C6F6F726469765F5F005F5F726C73FF
:108F4000686966745F5F005F5F726D61746D756CF8
:108F50005F5F005F5F726D6F645F5F005F5F726D88
:108F6000756C5F5F005F5F726F725F5F005F5F7263
:108F7000706F775F5F005F5F727273686966745FBE
:108F80005F005F5F7273686966745F5F005F5F7246
:108F90007375625F5F005F5F727472756564697696
:108FA0005F5F005F5F72786F725F5F005F5F736526
:108FB000745F5F005F5F7375625F5F005F5F747215
:108FC00075656469765F5F005F5F786F725F5F00F1
:108FD000747275650066616C73650028295B5D7B42
:108FE0007D2C3B7E3A653D3C653D633C653D3E6581
:108FF0003D633E653D2A653D632A653D2B653D2DFC
:10900000653D653E26653D7C653D2F653D632F656D
:109010003D25653D5E653D40653D3D653D212E003C
:109020002E666F726D61742800FF756E69636F64E0
:1090300065CB657363617065730046616C73650031
:1090400054727565005F5F64656275675F5F00619C
:109050006E6400617300617373657274006173798B
:109060006E6300617761697400636F6E74696E7519
:10907000650064656C00656C696600656C7365000D
:109080006578636570740066696E616C6C790069FF
:109090006D706F7274006C616D626461006E6F6EF2
:1090A0006C6F63616C006E6F74007061737300723B
:1090B000657475726E007768696C6500FF899A63E4
:1090C0006F6E7374616E7400756E6578706563742D
:1090D000656420696E64656E7400FF756E696E6408
:1090E000656E74826D6174636820616E79206F753E
:1090F00074657220696E64656E74206C6576656C4B
:10910000006D616C666F726D656420662D7374729C
:10911000696E6700FF84B700FF2A78868DAE7461A0
:109120007267657400FF27627265616B272F276382
:109130006F6E74696E756527B26C6F6F7000FFAFEC
:10914000CE617320676C6F62616C00FFB962696EFB
:1091500064696E679BD5F000FFAFCE6173D500FFE9
:10916000C6928500FFFB868DA3AF00FF8064656318
:109170006C617265D5A16F75746572E000FF277927
:1091800069656C6427B28800FFA76B65793A7661E0
:109190006C75659B6469637400FFA76A7573749A44
:1091A000AD9BF700FF6E6F6E2D64656661756C7424
:1091B00083666F6C6C6F7773DB8300FF2772657457
:1091C00075726E27B28800FF8064656C657465FEF9
:1091D00000FF83CB72657573656400FF696E6C690F
:1091E0006E6520617373656D626C6572868D9A8899
:1091F00000FFC69200FFC8FB868DA3AF00FFA7A3A8
:10920000617373656D626C6572F300FF276C616258
:10921000656C27AC318300FFF4CE00FF27616C69D9
:10922000676E27AC318300FF276461746127ACDF70
:109230006C6561737420328700FF27646174612755
:10924000ACA88700FF8061737369676E90FE00FFB2
:10925000D32A78A1AE00FF6173796E6320666F72C6
:109260002F77697468B26173796E638800FFDB27BA
:1092700065786365707427868D6C61737400FF2A4E
:10928000A5C12A2A00FF2AA5C16B7761726700FF7A
:109290009C6D616E79206172677300FF4C48538F3B
:1092A00097A5868DA3696400FF99A5C12A2A00FFAE
:1092B00099A5C197A500FF7375706572282980660E
:1092C000696E642073656C6600FF2761776169745D
:1092D00027B28800FF846D6963726F707974686F5C
:1092E0006E206465636F7261746F7200FFE52A8996
:1092F000DF6D6F64756C65206C6576656C00FF6270
:10930000797465636F6465BB00FF9C6D616E792045
:109310006C6F63616C739BB66D6574686F6400FFFE
:10932000F58575736564206265666F7265926B6E14
:109330006F776E00FFFD908100FFF585C29285DAA0
:10934000736F75726365A48500FF276E6F7427893C
:109350009600FF80646F20756E617279206F708F48
:109360008500FFB6726169736500FF86726169737B
:1093700065A38100FF80FF93859027626F6F6C2744
:1093800000FFC8B885DAF2850063617374696E679F
:1093900000FF6469762F6D6F6489969B75696E74A2
:1093A00000FF636F6D70617269736F6E8FC3B0750C
:1093B000696E7400FF62696E617279206F70DE8978
:1093C0009600FF80646F2062696E617279206F7011
:1093D000206265747765656E85B08500FFB6796932
:1093E000656C6400FF806C6F6164BF8500FF806CFA
:1093F0006F6164A285A000FF80F88500FF80F8906F
:109400008500FF80F8A285A000FF8A94A3616464B0
:10941000726573738F74686520666F726D205B610F
:109420002C20625D00FF8A94A3A800FF8AA83078F0
:10943000257882666974A16D61736B203078257818
:1094400000FF8A949AF400FFF48589646566696E6A
:10945000656400FF8A94DF6D6F7374207225640069
:10946000FF8A94A3465055D600FF8A949AD600FFEF
:109470008A947B72302C2072312C202E2E2E7D006F
:10948000FF63616E206F6E6C79B4757090342070DC
:109490006172616D6574657273905468756D622058
:1094A000617373656D626C7900FF706172616D65E7
:1094B00074657273868D726567697374657273A162
:1094C000BD723090723300415053525F6E7A6376B2
:1094D00000465053435200FF8A949A737065636943
:1094E000616CD600FF915468756D62F38AA28C8717
:1094F00000FF6272616E636889A1AB00FF696E74E0
:109500002829A532868D3E3D2032B03C3D203336A1
:1095100000FF84B79BA8A2626173658C00FF84B7CB
:109520009BE600FFEB2E6D70792066696C6500FF8D
:10953000EB2E6D7079206172636800FFCB85AA64A1
:109540006566696E656400FF91929B25713A8A0099
:10955000FF8A81AACF00FF657863657074696F6EBA
:109560007386646572697665BF4261736545786329
:10957000657074696F6E00FF928185C2B9A685001F
:10958000FF8A81C2B9A68500FFB372616973656401
:109590002053746F70497465726174696F6E00FF57
:1095A0008A81AA6974657261626C6500FF8A81AA0A
:1095B000A36974657261746F7200FFE36D6F726509
:1095C000207468616E8CE990756E7061636B00FF4A
:1095D0009C6D616E79E990756E7061636B20286592
:1095E000787065637465642025642900FF80E5CB8D
:1095F000DE00FF6D656D6F727920616C6C6F636169
:1096000074696F6E206661696C65642C20686561A1
:1096100070A46C6F636B6564006D656D6F7279200B
:10962000616C6C6F636174696F6E206661696C65F3
:10963000642C20616C6C6F636174696E67202575A2
:1096400020627974657300FFD4736869667420635F
:109650006F756E7400FF9174797065739B25713A14
:1096600020272573272C8A00FF64697669646520AA
:109670006279E400FF83C2FA9200FF8093ED90C309
:1096800000FF888274616B65978700FF8874616B47
:1096900065738C9987DA8C77657265F100FF88C4F1
:1096A0008C95998700FF88B8DF6D6F73748CFCF21E
:1096B0008C00FF85839500FF65787472619987F14E
:1096C00000FF65787472619787F100FF9761726798
:1096D000756D656E7428732989962DF96E6F726D9C
:1096E000616C206172677320696E737465616400D8
:1096F0003C25713E0054726163656261636B202892
:109700006D6F737420726563656E742063616C6C39
:10971000206C617374293A0A00202046696C652028
:10972000222571222C206C696E65202564002C2076
:10973000696E2025710A00FF8093ED90666C6F6161
:109740007400FF8093ED90B100FF818AAA9AD7BA86
:10975000E200FF7265717565737465649F8CDA81D0
:10976000C29F8C00FFDE696E6469636573868D69D4
:109770006E7465676572732C89ED00FFDEA0CD8F76
:10978000AB00FF818F928AC2B96C656E282900FFF9
:109790008A8182737570706F7274206974656D2030
:1097A00064656C6574696F6E00FF8A81AA73756267
:1097B00073637269707461626C6500FF8A81827381
:1097C0007570706F7274206974656DAE00FF81A250
:1097D000C770726F746F636F6C95006279746561A6
:1097E000727261792862006172726179282725633B
:1097F00027002C205B002C2000FF6F6E6C792073FB
:109800006C69636573A2737465703D312028616B68
:1098100061204E6F6E6529206172659E00FF6C6845
:1098200073B07268732073686F756C648D636F6D4D
:1098300070617469626C6500FF61727261792F6298
:1098400079746573956F6E207269676874207369A7
:10985000646500FF6D656D6F727976696577206F5D
:1098600066667365749CD200FF9883776974686F2D
:109870007574A3656E636F64696E670025713D0042
:109880006A29006A00FF807472756E636174652DC9
:109890006469766964659AB1E600FFB164697669C6
:1098A0006465206279E400FF302E30909AB1706FC9
:1098B00077657200FFA900285B005D2900FF706FCB
:1098C000706974656D28293A2064696374696F6EE4
:1098D000617279A4A900257128007B002200FF6431
:1098E00069637420757064617465BDC2FA9F006419
:1098F0006963745F6974656D7300646963745F6B39
:1099000065797300646963745F76616C7565730073
:109910005B4572726E6F2025645D202571003C6688
:10992000756E6374696F6E202571206174203078C4
:1099300025703E00FFB3D9657865637574696E67FD
:10994000003C67656E657261746F72206F626A6554
:10995000637420272571272061742025703E00FF45
:109960008073656E64206E6F6E2D4E6F6E65AD9068
:109970009A6A7573742D73746172746564B300FFB1
:10998000B369676E6F7265642047656E6572617456
:109990006F724578697400FF8093696E6690C300AA
:1099A000FF80934E614E90C300FF706F772829A20D
:1099B0003387AC696E74656765727300FFBB636F54
:1099C0006E76657274696E67206C6F6E67C3906D9A
:1099D000616368696E6520776F726400FF8093D45D
:1099E000C390756E7369676E656400FFAD776F75C0
:1099F0006C64BB9A8C62797465C700FF706F70BF2E
:109A0000A9E2003C6D6F64756C65202725732720E3
:109A100066726F6D20272573273E003C6D6F64755D
:109A20006C6520272573273E00FFA5868D7573651D
:109A3000722D7479706500FFB973756368A6006E46
:109A4000756C6C00FF80F7A600FF756E6578706519
:109A50006374656497838500FF88F2D3E99B8385EF
:109A600000FFE4737465700072616E676528256499
:109A70002C202564002C2025642900FF706F70BF06
:109A8000A3A9F70073657428290066726F7A656E62
:109A90007365742800736C6963652800FF736C69D3
:109AA00063652073746570808DE400FF8093858109
:109AB00090DEFF00FF6A6F696E949AE28F73747292
:109AC0002F6279746573206F626A656374732063B3
:109AD0006F6E73697374656E74A273656C668100D2
:109AE0006E6F6E2D68657820646967697400FFC6C3
:109AF000656E636F64696E673ADE00FF636861726A
:109B000089A172616E67652830783131303030302C
:109B100029005C2563005C5C005C6E005C72005C8C
:109B200074005C7825303278005C7525303478001C
:109B3000FF6279746573ADCD8FAB00FF737562738F
:109B40007472696E6789F000FFA973657061726154
:109B5000746F7200FFFAE68F8700FF8BC59A646905
:109B6000637400FF696E636F6D706C6574658B6BF9
:109B7000657900FF696E636F6D706C6574658B004D
:109B8000FF8B98C56D6F72658700FF2563C5C3BAEB
:109B90006368617200FFA86E656564656400FF918B
:109BA0008B63686172616374657220272563272067
:109BB000283078257829DFA08C00FF8B98646964B1
:109BC0006E277493616C6C87007273706C69742873
:109BD0004E6F6E652C6E2900FF73696E676C652091
:109BE000277D2720656E636F756E7465726564A14D
:109BF0008B9800FF626164FD9D00FF756E6D61745E
:109C00006368656420277B27A18B00FFB8273A276C
:109C1000C18B9D00FF80737769746368BF61757441
:109C20006F6D61746963D16E756D626572696E671F
:109C3000906D616E75616CD1E800FFD7A0CD8FABE0
:109C400000FF61747472696275746573899E00FFA8
:109C500080737769746368BF6D616E75616CD1E8FC
:109C6000906175746F6D61746963D16E756D6265B5
:109C700072696E67003C3E3D5E00626364654566E6
:109C80004667476E6F7378582500FF848B9D00FFF1
:109C90007369676E89D8A1988B9D00FF7369676EA1
:109CA00089D8A2A88B9D27632700FFC68BE02725B4
:109CB00063279B818F928A00FF273D2720616C6973
:109CC000676E6D656E7489D8A1988B9D005C552573
:109CD00030387800FF98696E6469636573868D69B2
:109CE0006E7465676572732C89ED00FF98A0CD8F47
:109CF000AB003C696F2E537472696E67494F203018
:109D00007825783E003C696F2E4279746573494F1F
:109D100020307825783E00FF492F4FCC6F6E2063AE
:109D20006C6F7365642066696C65002C0063616C00
:109D30006C20737570657228292E5F5F696E697477
:109D40005F5F2829206669727374003C636C6173DD
:109D50007320272571273E00FF756E72656164616F
:109D6000626C65A6003C2573206F626A656374208F
:109D700061742025703E003C73757065723A200056
:109D8000FF8063726561746585696E7374616E636B
:109D9000657300FF80616464207370656369616C42
:109DA000206D6574686F6490616C72656164792D73
:109DB000737562636C6173736564EF00FF9285AACB
:109DC000A361636365707461626C65206261736531
:109DD0009200FFD36261736573B4696E7374616ED0
:109DE0006365206C61792D6F757420636F6E666C8E
:109DF00069637400FF9274616B65732031BA3387B5
:109E000000FF5F5F696E69745F5F28292073686F68
:109E1000756C64C84E6F6E652C898A00FFECA532A4
:109E2000868D9AEFBA9AD78F636C617373657300EE
:109E3000FFECA531868D9AEF00FF8189A1BD00FF5F
:109E400073747265616DCC899E006261642074795F
:109E50007065636F646500FF80706572666F726D18
:109E60002072656C6174697665E5002E66726F7AA2
:109E7000656E2F00FFB96D6F64756C65206E616D46
:109E80006564850062616420636F6D70696C652034
:109E90006D6F646500506C757320616E79206D6F15
:109EA00064756C6573206F6E207468652066696CDC
:109EB0006573797374656D0A006F626A65637420F7
:109EC00000206973206F6620747970652025710AFF
:109ED00000202D2D2000FFA5A4A3A9BD00FF6F72B7
:109EE000642829B89A6368617261637465722CDAB8
:109EF000988F9F8CF000FF86F997839B6B6579881C
:109F000000FF6D61746820646F6D61696ED000FF41
:109F1000D4666163746F7269616C00737461636BA2
:109F20003A202575206F7574206F662025750A000C
:109F30007173747220706F6F6C3A206E5F706F6F08
:109F40006C3D25752C206E5F717374723D25752CE8
:109F5000206E5F7374725F646174615F62797465AF
:109F6000733D25752C206E5F746F74616C5F627930
:109F70007465733D25750A007363686564756C6567
:109F80002071756575652066756C6C00FFC79C73E4
:109F90006D616C6C007079626F617264004E554344
:109FA0004C454F5F46343131524500332E342E300C
:109FB0003B204D6963726F507974686F6E20763103
:109FC0002E32392E30206F6E20323032362D30381E
:109FD0002D323400FF88C495998323256400FF88BF
:109FE000C49597838500FF88C46B6579776F726429
:109FF0002D6F6E6C7983000A2573005461736B209A
:10A00000657863657074696F6E207761736E27740D
:10A010002072657472696576656400302E312E3069
:10A0200000444854313100444854323200444854CA
:10A0300042617365004576656E7400494F517565E0
:10A040007565004C6F636B004C6F636B206E6F74B3
:10A05000206163717569726564004C6F6F70004DAB
:10A06000415443485F524F4D004F6E6557697265CA
:10A07000004F6E65576972654572726F720050527B
:10A080004F544F434F4C5F544C535F434C49454EE4
:10A0900054005345415243485F524F4D00534B4982
:10A0A000505F524F4D0053534C436F6E746578743C
:10A0B000005365727665720053696E676C65746FE4
:10A0C0006E47656E657261746F720053747265617C
:10A0D0006D0053747265616D526561646572005301
:10A0E000747265616D577269746572005468726547
:10A0F000616453616665466C61670054696D656FA4
:10A1000075744572726F72005F52656D6F7665008F
:10A110005F5F76657273696F6E5F5F005F61747415
:10A120007273005F64657175657565005F656E715A
:10A1300075657565005F6578635F636F6E746578DC
:10A1400074005F6578635F68616E646C6572005F60
:10A15000696F5F7175657565005F6F77005F70721D
:10A160006F6D6F74655F746F5F7461736B005F72A6
:10A17000756E005F7365617263685F726F6D005F1B
:10A180007365727665005F73746F705F7461736B73
:10A19000005F73746F707065720061636C6F7365DC
:10A1A0000061637175697265006173796E63696FCF
:10A1B0002F5F5F696E69745F5F2E707900617379DC
:10A1C0006E63696F2F636F72652E707900617379AA
:10A1D0006E63696F2F6576656E742E70790061739A
:10A1E000796E63696F2F66756E63732E7079006187
:10A1F00073796E63696F2F6C6F636B2E707900617A
:10A2000073796E63696F2F73747265616D2E7079E7
:10A2100000617700617772697465737472006261BE
:10A22000636B6C6F670063616C6C5F65786365700E
:10A2300074696F6E5F68616E646C65720063616EF5
:10A2400027742067617468657200636200636865E3
:10A25000636B73756D206572726F7200636F7265E8
:10A2600000636F726F3D00636F726F7574696E6526
:10A2700020657870656374656400637265617465F8
:10A280005F7461736B0063757272656E745F746185
:10A29000736B0064656661756C745F657863657087
:10A2A00074696F6E5F68616E646C65720064687477
:10A2B0002E707900646F5F68616E647368616B65AE
:10A2C0005F6F6E5F636F6E6E656374006472616969
:10A2D0006E00647400657370006578630065786370
:10A2E0005F747970650066756E637300667574756A
:10A2F0007265006675747572653A006765745F65AE
:10A3000076656E745F6C6F6F70006765745F6578FB
:10A3100063657074696F6E5F68616E646C6572000E
:10A320006765745F65787472615F696E666F0068F7
:10A330006F73740068756D69646974790069647815
:10A340000069735F736574006C5F726F6D006D619F
:10A35000696E5F7461736B006D6561737572650022
:10A360006D657373616765006E65775F6576656EB1
:10A37000745F6C6F6F70006E6F2072756E6E696EB9
:10A3800067206576656E74206C6F6F70006F6E6508
:10A39000776972652E7079006F70656E5F636F6E9E
:10A3A0006E656374696F6E006F75745F62756600C9
:10A3B000706565726E616D6500706F6C6C657200C2
:10A3C00071756575655F7265616400717565756548
:10A3D0005F77726974650072656164657861637442
:10A3E0006C79007265717569726564007265747567
:10A3F000726E5F657863657074696F6E73007275F5
:10A400006E5F666F72657665720072756E5F756EEF
:10A4100074696C5F636F6D706C6574650072756EE6
:10A42000715F6C656E0073656C6563745F726F6DF0
:10A43000007365727665725F686F73746E616D65C7
:10A44000007365727665725F736964650073657425
:10A450005F657863657074696F6E5F68616E646C68
:10A460006572007367656E0073736C00737461725C
:10A47000745F7365727665720073747265616D5F87
:10A4800061777269746500737A0074620074656D37
:10A490007065726174757265007469636B730075C1
:10A4A0006173796E63696F2E707900776169745F8B
:10A4B000636C6F73656400776169745F666F7200C7
:10A4C000776169745F666F725F6D7300776169743D
:10A4D0005F696F5F6576656E740077616974657238
:10A4E0000077616974696E670077616974715F6C88
:10A4F000656E00777261705F736F636B6574003CAB
:10A500004144432575206368616E6E656C3D257519
:10A510003E00FFC0646F657389B4C9BE00FF493255
:10A5200043CC899E00FF846164647273697A65001C
:10A53000536F66744932432873636C3D25712C2038
:10A540007364613D25712C20667265713D25752906
:10A5500000FF6861726420495251950049324354AA
:10A5600061726765742825752C20616464723D25CD
:10A570007529006D656D5F6164647273697A652029
:10A580006D75737420626520302C20382C20313694
:10A590002C203234206F7220333200FF61646472E9
:10A5A0006573732025303878A489616C69676E659E
:10A5B00064908C6279746573003C25752D626974B2
:10A5C000206D656D6F72793E00FF84726567696FFB
:10A5D0006E003C50574D2054494D25755F4348252A
:10A5E000753E00FFE19C736D616C6C00FFE19CD2D5
:10A5F00000FFC082B450574DBE00FF6275666665AD
:10A600007273868D7468652073616D659F00536FEA
:10A6100066745350492862617564726174653D25A2
:10A62000752C20706F6C61726974793D25752C20D2
:10A6300070686173653D25752C206669727374625C
:10A6400069743D25752C2073636B3D25712C206D3D
:10A650006F73693D25712C206D69736F3D257129DC
:10A6600000FF62697473868D3800FF8673706563BE
:10A6700069667920616C6C8FE70054696D6572289A
:10A680006D6F64653D25712C20706572696F643D46
:10A6900025752900FF706572696F649CD200FF54B4
:10A6A000696D6572828E00FF91636F6D62696E6184
:10A6B00074696F6E8F62697473B070617269747956
:10A6C00000FF5541525428256429828E00FF5541D0
:10A6D0005254A4737461746963B072786275668051
:10A6E0008D6368616E67656400FFF762617564720F
:10A6F0006174658CA48977697468696E2035252535
:10A700008F64657369726564AD00FF68616E646C27
:10A710006572868D4E6F6E65BACF00FF7472696781
:10A72000676572203078253038789100FF554152A6
:10A730005428257329828E005541525428257529A5
:10A7400000554152542825752C2062617564726150
:10A7500074653D25752C20626974733D25752C2028
:10A760007061726974793D002C2073746F703D259F
:10A77000752C20666C6F773D007C002C2074696D11
:10A78000656F75743D25752C2074696D656F7574E2
:10A790005F636861723D25752C2072786275663D35
:10A7A0002575003B206972713D3078257800FF5790
:10A7B0004454DD9C73686F727400FF574454DD9CF1
:10A7C0006C6F6E6700FF574454DD9C6C6F6E672C96
:10A7D000206D61782025756D7300FF57445428253E
:10A7E0007129828E00FF57445428256429828E00E7
:10A7F000FF807761697400FFA96865617000FF8060
:10A8000063616E63656C2073656C6600696E636F6F
:10A8100072726563742070616464696E6700FF8B97
:10A8200000776269747300FF848B00FF686173684E
:10A83000A466696E616C00FF68656170868D9AE23E
:10A8400000FFB7D0A14A534F4E0049443D25303256
:10A85000782530327825303278253032783A2530F4
:10A8600032782530327825303278253032783A25E2
:10A870003032782530327825303278253032780AF7
:10A880000044455649443D3078253034780A5245D5
:10A890005649443D3078253034780A00533D2575BB
:10A8A0000A483D25750A50313D25750A50323D252F
:10A8B000750A005F65746578743D25700A005F73E2
:10A8C00069646174613D25700A005F73646174613D
:10A8D0003D25700A005F65646174613D25700A0062
:10A8E0005F736273733D25700A005F656273733D29
:10A8F00025700A005F73737461636B3D25700A00F5
:10A900005F65737461636B3D25700A005F72616DF2
:10A910005F73746172743D25700A005F68656170D1
:10A920005F73746172743D25700A005F68656170C1
:10A930005F656E643D25700A005F72616D5F656ED4
:10A94000643D25700A00717374723A0A20206E5FAC
:10A95000706F6F6C3D25750A20206E5F7173747285
:10A960003D25750A20206E5F7374725F64617461A7
:10A970005F62797465733D25750A20206E5F746F80
:10A9800074616C5F62797465733D25750A00474395
:10A990003A0A002020257520746F74616C0A00202B
:10A9A000202575203A2025750A002020313D257587
:10A9B00020323D2575206D3D25750A004C465320FB
:10A9C000667265653A2025752062797465730A00A0
:10A9D000FF84E10063616E2774206368616E6765C0
:10A9E000206672657100FFB9617661696C61626CA5
:10A9F00065204E494300312E32392E30006E657786
:10AA00006C6962004743432031362E312E30004DB1
:10AA10006963726F507974686F6E2D312E32392EE2
:10AA2000302D61726D2D48414C312E31362E302D36
:10AA3000776974682D6E65776C6962342E362E30B6
:10AA400000FFB9DB7365656400FF62697473868D0E
:10AA50003332BA6C657373003C6D61746368206E49
:10AA6000756D3D25643E003C72652025703E00FFFB
:10AA700072656765789CB100FFD0A17265676578E3
:10AA800000FF73706C697474696E67A27375622DD0
:10AA90006361707475726573003C736F636B65748A
:10AAA0002066643D25642074696D656F75743D256D
:10AAB0006420646F6D61696E3D25642074797065F2
:10AAC0003D25642070726F746F3D256420626F7540
:10AAD0006E643D25623E00FF6D6B74696D65C59ABD
:10AAE000D78F9F38BA3900FF7469636B7320696E22
:10AAF00074657276616CBB00FFB7D0A17563747921
:10AB00007065732064657363726970746F7200534B
:10AB10005452554354004552524F5200756E6B00CB
:10AB20003C7374727563742025732025703E00FF9A
:10AB300080756E616D626967756F75736C7920677A
:10AB400065742073697A656F66207363616C6172E6
:10AB500000FFDC80A000FFDCA0CD8FAB00FFDCB9E4
:10AB60006669656C647300FF846475707465726DEA
:10AB7000A0006475707465726D3A20454F4620726E
:10AB8000656365697665642C2064656163746976C4
:10AB90006174696E670A006475707465726D3A203D
:10ABA000457863657074696F6E20696E20726561A7
:10ABB000642829206D6574686F642C206465616366
:10ABC0007469766174696E673A20006475707465A3
:10ABD000726D3A20457863657074696F6E20696E96
:10ABE0002077726974652829206D6574686F642CFC
:10ABF00020646561637469766174696E673A2000E8
:10AC0000707962666C617368003C696F2E257320F1
:10AC100025703E0046415400464154333200222AFA
:10AC20003A3C3E3F7C7F002B2C3B3D5B5D00EBFEC6
:10AC3000904D53444F53352E30004E4F204E414DD2
:10AC400045202020204641543332202020004E4F02
:10AC5000204E414D452020202046415420202020D8
:10AC6000200025752E25752E25752E257500FF844F
:10AC7000870008080808001B5B2575001B5B4B005C
:10AC8000556E636175676874206578636570746973
:10AC90006F6E20696E204952512063616C6C626155
:10ACA000636B2068616E646C65720A000400746FE7
:10ACB0006F6B202575206D730A00726177205245F5
:10ACC000504C3B204354524C2D4220746F206578E9
:10ACD00069740D0A005201004F4B003B204E554352
:10ACE0004C454F2D463431315245207769746820E8
:10ACF00053544D33324634313178450054797065C0
:10AD0000202268656C7028292220666F72206D6F82
:10AD1000726520696E666F726D6174696F6E2E0D5B
:10AD20000A000D0A7061737465206D6F64653B20C5
:10AD30004374726C2D4320746F2063616E63656C85
:10AD40002C204374726C2D4420746F2066696E69E8
:10AD500073680D0A3D3D3D2000636F756C64206E85
:10AD60006F742066696E64206D6F64756C65202752
:10AD70002573270A003C696F2E25732025643E0049
:10AD80000A464154414C204552524F523A0A006201
:10AD90006F6F742E7079006D61696E2E7079004D41
:10ADA00050593A2063616E2774206D6F756E742060
:10ADB000666C6173680A00464154414C3A20756ED6
:10ADC00063617567687420657863657074696F6E18
:10ADD0002025700A004D50593A2073796E63206621
:10ADE000696C6573797374656D730A004D50593AD7
:10ADF00020736F6674207265626F6F740A00303161
:10AE000032333435363738396162636465660048F9
:10AE10006172644661756C740D0A00523020202006
:10AE200020005231202020200052322020202000FB
:10AE30005233202020200052313220202000535055
:10AE400020202020004C5220202020005043202091
:10AE500020200058505352202000484653522020B2
:10AE600000434653522020004D4D4641522000429F
:10AE7000464152202000486172644661756C74003E
:10AE8000537461636B3A0D0A004D656D4D616E61DF
:10AE90006765004275734661756C74005573616730
:10AEA000654661756C74004D50593A2063616E2798
:10AEB000742063726561746520666C6173682066D6
:10AEC000696C6573797374656D0A0054696D657298
:10AED0004368616E6E656C2874696D65723D257599
:10AEE0002C206368616E6E656C3D25752C206D6F3E
:10AEF00064653D25712900FF63616C6C6261636B61
:10AF0000868D4E6F6E65BA9ACF8100FF86B4706FE2
:10AF1000736974697665E100FF846368616E6E65CC
:10AF20006C202825642900FFF683C5908D9A50690E
:10AF30006E9200FFC082B4A3616C749BCA00FF8450
:10AF4000706F6C6172697479202825642900FF652F
:10AF50006E636F646572899E6F6E2074696D657231
:10AF60008C00FF846D6F6465202825642900FF86AE
:10AF700073706563696679206569746865722066B7
:10AF80007265712C20706572696F642CBA7072657D
:10AF90007363616C6572B0706572696F6400FFCA3B
:10AFA000828E0054696D6572282575290054696D7B
:10AFB00065722825752C20667265713D25752C20DB
:10AFC0007072657363616C65723D25752C207065C8
:10AFD00072696F643D25752C206D6F64653D257326
:10AFE0002C206469763D2575002C206465616474AD
:10AFF000696D653D2575002C2062726B3D257300DF
:10B000002C2062726B3D42524B5F4F464600FFE37D
:10B010009A54696D65728100756E68616E646C65C5
:10B020006420696E746572727570742053523D307D
:10B03000782530327820286E6F77206469736162DA
:10B040006C6564290A004C45442825752900FF4C8D
:10B05000454428256429828E0050696E2850696E07
:10B060002E6370752E25712C206D6F64653D5069BF
:10B070006E2E00414E414C4F4729002C2070756CBC
:10B080006C3D50696E2E2571002C20616C743D253D
:10B090006429002C20616C743D50696E2E25712945
:10B0A00000FF84F66D6F64653A8C00FF84F670755E
:10B0B0006C6C3A8C00FF84F661663A8C0050696EC5
:10B0C000206D6170207061737365642070696E20FB
:10B0D00000FF50696E2E6D61707065722064696446
:10B0E0006E2774C89A50696E810050696E2E6D612A
:10B0F00070706572206D617073200020746F200085
:10B1000050696E2E6D61705F64696374206D61704B
:10B1100073200050696E2E626F617264206D6170E1
:10B1200073200050696E2E637075206D61707320FE
:10B1300000FF50696E28257329828E00FF49324333
:10B1400028257329828E00FF4932432825642982ED
:10B150008E00FF493243868D9A636F6E74726F6CF6
:10B160006C6572004932432825752900493243280D
:10B1700025752C204932432E434F4E54524F4C4C90
:10B1800045522C2062617564726174653D25752994
:10B19000004932432825752C204932432E50455210
:10B1A0004950484552414C2C20616464723D3078CE
:10B1B000253032782900FF61646472839500FF5363
:10B1C000504928257329828E00FF53504928256451
:10B1D00029828E00535049282575002C2053504950
:10B1E0002E434F4E54524F4C4C4552002C2062611E
:10B1F0007564726174653D2575002C2070726573ED
:10B2000063616C65723D2575002C205350492E50AA
:10B2100045524950484552414C002C20706F6C619A
:10B22000726974793D25752C2070686173653D25C0
:10B23000752C20626974733D2575002C2063726340
:10B240003D3078257800FF72656376868D73616D79
:10B25000659F61732073656E6400493243282575CC
:10B260002C2073636C3D25712C207364613D257126
:10B270002C20667265713D257529005761726E69D3
:10B280006E673A20493243282D312C202E2E2E294C
:10B2900020697320646570726563617465642C2035
:10B2A00075736520536F6674493243282E2E2E29FC
:10B2B00020696E73746561640A00FF6578706C695B
:10B2C0006369742063686F6963658F73636C2F7340
:10B2D0006461A48996005761726E696E673A205363
:10B2E0005049282D312C202E2E2E292069732064C0
:10B2F0006570726563617465642C20757365205395
:10B300006F6674535049282E2E2E2920696E73744F
:10B310006561640A00FF6578706C69636974206315
:10B32000686F6963658FE7A4899600FFE39A5541CA
:10B3300052548100455854495F494D5220202025E0
:10B340003038780A00455854495F454D5220202036
:10B35000253038780A00455854495F5254535220DA
:10B3600020253038780A00455854495F46545352D6
:10B370002020253038780A00455854495F535749F2
:10B38000455220253038780A00455854495F5052BC
:10B3900020202020253038780A003C457874496EFA
:10B3A00074206C696E653D25753E00FFB5EA8C3CE6
:10B3B0002031362CF99A50696E8100FFB5EA8C3E37
:10B3C0003D206D61788F8C00FF84B54D6F64653AC8
:10B3D0008C00FF84B550756C6C3A8C00FFB5EA8C1C
:10B3E000A4D9A1F900FF495251207265736F75729B
:10B3F0006365D974616B656E2062792050696E282F
:10B40000272571272900756E63617567687420654B
:10B410007863657074696F6E20696E204578744931
:10B420006E7420696E746572727570742068616ED6
:10B43000646C6572206C696E652025750A0053770F
:10B4400069746368282900FF77616B657570AD9C2E
:10B45000D200FFEEADCD8FAB00466C61736828293A
:10B4600000466C6173682873746172743D25752C95
:10B47000206C656E3D25752900FFEEA7312C203428
:10B48000BA36FCF28C003C536572766F202575202D
:10B49000617420257575733E00FF536572766F28C1
:10B4A000256429828E003C414443206F6E2000FFBA
:10B4B000E3DF6C656173742031C900FF9F8FC9B0F1
:10B4C000C76C697374732064696666657200FF7384
:10B4D000697A65B0928F62756666657273866D6112
:10B4E00074636800FFC082B4C9BE00FF899A7661A8
:10B4F0006C6964C94368616E6E656C3A8C00FF725A
:10B5000065736F6C7574696F6E8C899E00000000A6
:10B5100047433A20746F74616C3A2025752C20756E
:10B520007365643A2025752C20667265653A20257E
:10B53000750000000A204E6F2E206F6620312D62AC
:10B540006C6F636B733A2025752C20322D626C6F03
:10B55000636B733A2025752C206D617820626C6BCB
:10B5600020737A3A2025752C206D617820667265EB
:10B570006520737A3A2025750A0000004743206D44
:10B58000656D6F7279206C61796F75743B2066729E
:10B590006F6D2025703A00000A20202020202020F6
:10B5A000282575206C696E657320616C6C2066724D
:10B5B000656529000A253038783A200025630000A7
:10B5C000FFF57661726961626C652072656665720D
:10B5D000656E636564206265666F7265AE0000002B
:10B5E000FFB9616374697665206578636570746915
:10B5F0006F6E907265726169736500006F70636F42
:10B6000064650000DCD30508D90000800A00000052
:10B61000400400005CCB05081CC70508AA6C05089F
:10B62000AE6C0508B26C0508B76C0508BF6C050860
:10B63000C66C0508D16C0508D56C0508DD6C0508DD
:10B64000E56C0508EE6C0508027505080F70050825
:10B650000A7505080F75050814750508197505089C
:10B660001470050822750508267505082A75050851
:10B670002E75050832750508367505083A750508F2
:10B68000F36C0508F76C0508FC6C0508086D0508E7
:10B690000F6D0508176D05081F6D0508266D050857
:10B6A0002E6D0508376D0508406D0508496D0508C4
:10B6B000526D05085C6D0508666D0508706D05081E
:10B6C0007A6D0508836D05088B6D0508956D050875
:10B6D0009F6D0508A86D0508B16D0508BA6D0508D0
:10B6E000C16D0508CA6D0508D36D0508DC6D050838
:10B6F000E56D0508EE6D0508F86D0508026E050894
:10B700000B6E0508146E05081D6E0508266E0508EB
:10B710002F6E0508386E0508416E05084A6E05084B
:10B72000536E05085C6E0508656E0508706E0508A9
:10B730007B6E0508846E05088D6E0508956E0508FC
:10B740009E6E0508A46E0508AA6E0508AE6E050873
:10B75000BD6E0508C46E0508CA6E0508D06E0508E2
:10B760003E75050842750508467505084B750508C0
:10B7700050750508557505085A7505085F75050863
:10B7800063750508677505086B7505086F7505080D
:10B7900073750508777505087B750508D56E05086E
:10B7A000DD6E0508E56E0508EC6E0508F56E05080A
:10B7B000FE6E0508066F05080D6F0508146F050875
:10B7C0001F6F0508246F05082D6F050806B00508D2
:10B7D000356F05087F750508116E05088775050822
:10B7E0008C75050891750508967505089B75050803
:10B7F000A07505081A6E0508236E0508AD750508C5
:10B80000B1750508B5750508B9750508BD75050854
:10B81000C17505083D6F0508E1B10508446F0508CD
:10B820004E6F0508586F0508626F0508666F0508BA
:10B830006D6F0508746F05087C6F0508806F05083B
:10B840008F6F0508926F0508956F0508996F0508B9
:10B850009D6F0508A16F0508A56F0508A96F05086C
:10B86000C5750508AD6F0508B06F0508B36F05080D
:10B87000B66F0508B96F0508BC6F0508BF6F0508EE
:10B88000C26F0508C96F0508D76F0508E56F050881
:10B89000EF6F0508FD6F05080D70050812700508AB
:10B8A00017700508217005082A700508347005080E
:10B8B000017605083D700508477005084E700508BB
:10B8C0005970050860700508697005086F700508F3
:10B8D0007C70050889700508947005089B70050840
:10B8E000A8700508B4700508BB700508BF7005088E
:10B8F000C6700508CC700508D3700508D970050816
:10B90000E1700508E8700508EF700508F670050895
:10B91000FF7005080A710508107105081A710508FD
:10B92000267105083171050844710508497105083B
:10B93000527105085C710508657105086D7105088F
:10B940007771050882710508C473050889710508B7
:10B950008F71050899710508A2710508AD71050878
:10B96000B9710508C6710508D4710508DD710508AF
:10B97000E5710508ED710508F4710508FA7105080F
:10B980000672050813720508197205081F7205086A
:10B99000257205082B7205083172050837720508F3
:10B9A000417205084B72050855720508607205085A
:10B9B0006B720508747205087E72050889720508A5
:10B9C000927205089F720508AB720508B6720508E9
:10B9D000BF720508C8720508CC720508D275050843
:10B9E000D6750508D1720508286F0508677A05081D
:10B9F0000F6E0508186E0508216E0508DC72050833
:10BA0000E6720508EE720508F6720508FE72050872
:10BA1000057305080E7305081773050820730508DC
:10BA200028730508307305083A7305084273050842
:10BA3000CE7505085D7005087F7B0508D76E050883
:10BA4000DF6E0508847B0508E76E05084A73050864
:10BA500051730508657305087A730508877305082F
:10BA600095730508A1730508AE730508B973050839
:10BA7000CC730508D3730508DE730508EC7305085D
:10BA8000F1730508F9730508017405080A740508BF
:10BA900012740508167405081F7405082974050832
:10BAA000347405083C740508957B0508917B0508EE
:10BAB000316F0508577405084A7405085174050864
:10BAC0005B74050865740508BB7205086F7405088A
:10BAD000757405087C740508817405089074050860
:10BAE0009A740508AB740508BE740508CA74050885
:10BAF000D4740508DE740508B26E050816710508D1
:10BB0000E7740508EE740508F57405080175050865
:10BB100005750508097505080E75050813750508EE
:10BB2000187505081D750508217505082575050892
:10BB3000297505082D750508317505083575050841
:10BB4000397505083D7505084175050845750508F1
:10BB50004A7505084F750508547505085975050897
:10BB60005E75050862750508667505086A7505083D
:10BB70006E75050872750508767505087A750508ED
:10BB80007E75050882750508867505088B7505089C
:10BB900090750508957505089A7505089F7505083F
:10BBA000A4750508A8750508AC750508B0750508E5
:10BBB000B4750508B8750508BC750508C075050895
:10BBC000C4750508C87505080FB20508D1750508C4
:10BBD000D5750508D9750508E1750508E9750508E5
:10BBE000F0750508F8750508FC7505080676050862
:10BBF00010760508187605081C76050829760508CC
:10BC00002D7605083976050840760508487605083A
:10BC10004C7605082A7905085276050856760508F7
:10BC200062760508707605087D7605088976050830
:10BC300097760508A4760508B0760508BE7605084F
:10BC4000CB760508D7760508E5760508F27605086F
:10BC5000FE7605080C770508197705082277050890
:10BC60002B770508337705083A77050842770508EA
:10BC70004E7705085A770508697705087377050830
:10BC8000B27305087A7705087E7705088977050875
:10BC900096770508A1770508AE770508B8770508F7
:10BCA000C3770508CE770508D9770508E477050836
:10BCB000EF770508FA770508057805081078050874
:10BCC0001B78050826780508307805083A780508B5
:10BCD000447805084E780508587805086278050804
:10BCE0006C78050876780508807805088B78050853
:10BCF000947805089B780508A2780508AA780508B5
:10BD0000B3780508BE780508C6780508D078050818
:10BD1000D7780508E0780508EA780508F37805087B
:10BD2000FB78050804790508087905080F790508E6
:10BD3000F27B0508147905081A79050825790508A4
:10BD40002E7905083A7905084579050850790508DE
:10BD50005D7905086A79050876790508837905080B
:10BD60006F7A05082A6E0508336E0508456E0508CA
:10BD70003C6E0508576E05088F7905089779050808
:10BD80009F790508A9790508B0790508BC790508E7
:10BD9000C6790508D1790508D8790508E379050839
:10BDA000EA790508ED790508F4790508017A0508AE
:10BDB000107A05081F7A05082E7A05083D7A0508CD
:10BDC0004B7A0508567A05085C7A0508637A0508F7
:10BDD0006B7A0508737A0508867A05088F7A050854
:10BDE000C56D0508F26D0508FC6D0508CE6D0508EA
:10BDF000D76D0508E06D0508E96D0508066E0508B4
:10BE0000967A05089E7A0508A77A0508B07A05088B
:10BE1000BA7A0508C47A0508CD7A0508D67A0508E5
:10BE2000DF7A0508E87A0508F07A0508F87A050847
:10BE3000007B0508087B0508117B05081A7B0508AF
:10BE4000227B0508297B0508317B0508397B05081D
:10BE5000427B0508497B05084E7B0508587B050891
:10BE6000667B05086C7B0508797B05087E7B0508E9
:10BE7000EE6E0508F76E0508837B0508006F050860
:10BE80008A7B0508907B0508E67505089A7B0508FE
:10BE9000696E0508746E0508A17B0508AB7B050873
:10BEA000B57B0508BF7B0508C97B0508D27B050863
:10BEB000DD7B0508E67B0508F17B0508F87B0508B6
:10BEC000057C05085D6F05080A7C0508117C0508DE
:10BED000207C0508247C05082E7C0508337C050899
:10BEE0003C7C0508447C05084C7C0508517C050811
:10BEF0005C7C0508667C0508707C0508787C050874
:10BF0000827C05088C7C05089C7C0508A47C0508BF
:10BF1000B07C0508B97C0508C27C0508CE7C050804
:10BF2000D97C0508E27C0508F17C0508FE7C050843
:10BF30000B7D0508177D0508257D05082E7D050864
:10BF4000357D05083E7D0508437D05084C7D0508C7
:10BF5000587D0508637D05086B7D0508727D050821
:10BF6000777D050876880508AC8305087D7D050882
:10BF7000877D050866830508917D0508947D050881
:10BF80009C7D0508A27D0508C07D0508C47D0508C7
:10BF9000C97D0508CF7D05088B920508DA7D050867
:10BFA000248C0508287E0508DF7D0508E47D05084A
:10BFB000EA7D0508F47D0508F87D0508FD7D050886
:10BFC000037E0508E5970508097E0508147E050827
:10BFD0001D7E0508217E0508257E05082E7E0508A4
:10BFE0003F810508337E05083D7E0508407E050833
:10BFF000979F0508457E0508507E05085D7E05086B
:10C00000617E0508687E0508727E0508757E050854
:10C01000827E05088C7E0508957E05089E7E0508B3
:10C02000AA7E0508B37E0508BA7E0508C27E05080B
:10C03000C77E05088D850508CE7E0508D47E0508D7
:10C04000DB7E0508E37E0508E77E05084C890508C8
:10C05000747F0508ED7E0508F57E0508017F05085B
:10C06000097F0508117F0508C4A20508197F050886
:10C07000227F0508737D0508787D0508277F050860
:10C080002F7F0508377F05083D7F05088088050854
:10C09000437F0508477F05084D7F0508527F050847
:10C0A0005B7F0508607F0508697F050897800508A4
:10C0B000727F0508797F0508998D0508837F05083B
:10C0C0008B7F0508937F05089A7F0508E988050896
:10C0D000A27F0508AA7F0508B07F0508BD7F050877
:10C0E000268805083B880508C77F0508CE7F050818
:10C0F000D67F0508E27F0508F5860508EA7F050872
:10C10000EE7F0508DB880508F27F0508F77F050844
:10C11000FD7F0508058005080D8005085A8D050876
:10C120001680050825800508348005083C80050830
:10C13000438005084E80050873980508558005085A
:10C140005F80050863800508688005086E80050823
:10C150007880050881800508AF820508868005087B
:10C160008C800508119F0508918005089D800508B1
:10C17000269D0508A2800508A7800508B18005084E
:10C18000B8800508C18005083C970508C7800508E8
:10C19000CD800508D2800508D8800508DD80050817
:10C1A000E1A90508E6800508EC800508F48005088B
:10C1B000FD80050807810508CB8205081081050868
:10C1C000138105081B8105082581050831810508B3
:10C1D00038810508448105084B810508548105080C
:10C1E0005B8105086081050847A10508668105088F
:10C1F0006B810508768105087E8105088881050820
:10C20000948105089C810508A4810508AD81050875
:10C21000B3810508F080050803890508B881050881
:10C22000BD81050838A40508C3810508C881050833
:10C23000CF810508D8810508DD810508EC81050856
:10C24000698205082AA30508957F0508F481050879
:10C25000FA8105080482050811820508258205086F
:10C260002B7D05082C820508328205084A800508C6
:10C27000388205084182050849820508548205086C
:10C280005E820508678205086D82050873820508CD
:10C290007C82050887820508A3950508B1950508E5
:10C2A00090820508958205089E820508A7820508E8
:10C2B000AD82050886890508B3820508B88205089D
:10C2C000BE820508C3820508CA820508D182050816
:10C2D000DA820508488D0508D0810508E582050841
:10C2E000EC820508F1820508F782050822A20508FC
:10C2F0000183050807830508CE8005080C8305081F
:10C3000010830508367D0508148305081D8305087C
:10C31000DEB40508E87E050824830508288305089F
:10C3200049830508368605085183050857830508A3
:10C330005D830508628305086F8305087983050816
:10C34000848305088D830508968305089F83050867
:10C35000A9830508B18305081E8005082D800508FE
:10C36000BC830508C0830508C5830508CB83050881
:10C37000D0830508909E0508D7830508DC8305084F
:10C38000E3830508EA830508F2830508F5880508B4
:10C3900091890508F7830508FC83050801840508D1
:10C3A0009689050833840508078405081284050862
:10C3B0006F820508188405081F840508278405086E
:10C3C0002F840508388405083C8405084084050846
:10C3D000448405081E8D0508447D0508538705081B
:10C3E00048840508747D0508CA9505085284050827
:10C3F000BAA60508C38605085C840508618405089B
:10C400006684050897AF05087184050878840508D7
:10C410007E84050881840508858405088B840508C9
:10C42000948405089A84050833820508A3840508C6
:10C43000A884050891900508B0840508BA84050809
:10C44000CA840508D3840508D7840508DB84050859
:10C45000DF840508E5840508EB840508F0840508F9
:10C46000F58405080185050810850508248505085B
:10C47000A881050833850508378505083B8505082B
:10C480004B8505081D9B0508558505085D85050834
:10C49000658505086C850508B5820508768505085B
:10C4A000067F05087B8505088885050895850508AC
:10C4B000A4850508B3850508C2850508CD8505084E
:10C4C000DE850508E7850508F1850508F985050875
:10C4D000048605080D860508168605081F860508CA
:10C4E0002D8605083A8605084C86050856860508F7
:10C4F0005F860508AC800508118705086486050875
:10C500006D86050838890508718605087686050850
:10C510007E860508868605088D86050897860508A7
:10C5200070810508A1860508AD860508B686050850
:10C53000BC860508C2860508CD860508D386050891
:10C54000D8860508E1860508E5860508E986050818
:10C55000F0860508F4860508F986050844AA05084A
:10C5600000870508058705080C8705081687050854
:10C570001E870508288705082F8705083A870508BC
:10C58000408705084C870508578705085E8705081A
:10C5900069870508E4990508E07D050870870508A6
:10C5A000E57D0508778705087D7F05087E870508F6
:10C5B0008787050890870508F8A405089687050869
:10C5C000A1870508AD870508B3870508A089050878
:10C5D000BE870508C8870508D0870508D5870508E0
:10C5E000DB870508E3870508EA870508F087050863
:10C5F000F7870508FB8705080088050806880508F1
:10C600000B88050812880508168805081C88050887
:10C61000318805085E900508428905084D8805089F
:10C62000F97D0508047E0508558805085988050820
:10C63000ACA005085E880508DB8505086888050844
:10C64000708805087A880508848805088F88050899
:10C65000988805086D7F0508A1880508A988050840
:10C6600061870508B7880508C4880508CB880508D0
:10C67000D3880508D9880508E0880508E8880508F2
:10C68000EF8805089C930508F4880508FB880508D1
:10C69000018905080B89050813890508198905080A
:10C6A00023890508C89505082A89050836890508DB
:10C6B00041890508468905084B8905085089050800
:10C6C0005D8905086A89050872890508DF870508FC
:10C6D0007F890508858905088A89050890890508E4
:10C6E000958905089A8905089F890508A58905087F
:10C6F000AA890508B1890508B5890508C48905080E
:10C70000CD890508D9890508E3890508ED8905085B
:10C71000F5890508018A05080A8A05080303040744
:10C72000060A0307070804020203030303020202C6
:10C73000020202020203040B0607070607080808A4
:10C740000809090909080709090808080608080866
:10C750000808090908080808080808080808080A55
:10C760000A080807080505030E060505040202036A
:10C770000303030302020202020202020707060881
:10C78000080706060A040807070702020303030353
:10C7900003030202020202020202060A0909090355
:10C7A000060607030E020203030303030302020249
:10C7B0000202020202060D0D090D0F040409080908
:10C7C000080409060A0608050C0C0A060C0B0603E9
:10C7D0000605060507060606080A05090B0A1204DF
:10C7E00008090807090A06070509080A0B0C0D08BD
:10C7F000070706050B0C0505050505050909090AC6
:10C800000A08090A080C0B0A0808030402020A04B1
:10C8100003040404090707070608080807070907AF
:10C8200007020203050505040613140C0D0B0C0A80
:10C8300012060A0D04070708070308090A070D0472
:10C8400008030306090909030506040E0910120B63
:10C850000909080A0306060B03030404040403037E
:10C860000303030303030303040404040403030393
:10C870000303030303030304040404040403030382
:10C88000030303030303080A030307070607030957
:10C890000907030C030B0607030503030B0D0C0B21
:10C8A0000D0C0B0D0C0B0D0C0B0D0C0808070607DF
:10C8B0000B0B0E090606030A0C0A0C090A0A0A0ADF
:10C8C0000A0A0A0A0A0A0909090909090909090AD1
:10C8D00008060607080A07090608090807080306E4
:10C8E0000405050A080B0A0A0C0C0B0C0B030404C4
:10C8F000040404070709060B090A060A0602060CC7
:10C900000E0E0E0E0D0A0506070712080604050591
:10C9100004040404040708080909080808080707AC
:10C920000707080807060707080604090D050C0491
:10C93000040606060505090206060609090909088E
:10C940000A080A060C0404060E0309040807070473
:10C950000A09090709090F070B08080B0A080E0C3A
:10C960000C0B0D08060804080B0A0706040503044F
:10C970000909080207051D0304050A030405050447
:10C98000050903040505010A080303080404090254
:10C9900004050A0C030609020C0908080B0806071F
:10C9A00004060705060703050304070B0707070727
:10C9B0000804030407070505030305040804080821
:10C9C00005060907070706070507050C090A1106EA
:10C9D000070B07030303040405070708010E0E07EE
:10C9E000060A060809030405090804030504090BDF
:10C9F00004040409060805050504050408040507E0
:10CA0000080908050207090B060B060806040507B6
:10CA1000040A07090B0707080504030704050804AF
:10CA20000608040E0703040405090C130602050595
:10CA30000308070A09080505080A08080804080881
:10CA40000505030405040606080A0407060405098B
:10CA50000305040303030708060504032007030571
:10CA600005040C090A08080809070A060603040554
:10CA70000406040406060704050304040503040A67
:10CA8000050306070708030303030207030902045B
:10CA900009060904040A0606050203050805080438
:10CAA000040704090F08030303050504040B0E1310
:10CAB0000E0403030F0901070706090204020C0C08
:10CAC0000E0E0E0A100809070A0808080D0C1109B5
:10CAD00008040404080308040707060909050B08ED
:10CAE00005050A05040803030603040604040609F1
:10CAF0000709060A050B0A060A06060306040605C8
:10CB0000080805060A0B050A0409070405070605B7
:10CB10000603040504060305141B040307030403AA
:10CB2000040409020709090A080804070D070C068E
:10CB30000705060706040406050907050906060B8E
:10CB40000A0404040C0C070C030504050404040582
:10CB50000406030E080B0909070B08056C1A7B1A5B
:10CB60008B2881F41A4E924DBD3DB51EE36352539E
:10CB70009BAC54725572C5BCC4BCC7BCC0BC567219
:10CB8000577250725172527253725C725D7263B618
:10CB9000F282408D02283CF03FF00AA1D2B0F1436E
:10CBA000F243F343F443DCDDDFDDDEDDD9DD660097
:10CBB000D6A051B752B7DDBDDEBDDFBD7DA06D8F04
:10CBC0006E8F8C5F8B5F8A5F3F253E25273F00B2CB
:10CBD00003B202B2931B901B961BF299F599F4993C
:10CBE000D399D91972072E772F77EBB77DB5962F8A
:10CBF0007D2F7CB7F8EBAFF204965C7AEAB8F77257
:10CC0000F67286D184D185D182D183D1F572F47246
:10CC1000F372F272F172F072FF72FE7295E253E2F9
:10CC20004A9A40A606A6BFAF19B0529DFF51143FC5
:10CC30008F8B35BF8ED41AB79672977247C546C58B
:10CC400045C544C543C542C59472957292729372AC
:10CC5000907291729E729F728EDB990DCD58809C5E
:10CC6000065837D13922DE22574E61D1F69B3172F8
:10CC7000307200B801B802B803B804B805B833720E
:10CC800032723572347237723672397238721F7D71
:10CC90007E4A3D4611D1E055140E1C2D1F2D648B8C
:10CCA000D2F960CB562B3747B82E37C2171120EC7C
:10CCB000461561A327AB3A2C19FB53AD86259AA0E4
:10CCC0005CFF86A6A54F931EB1F0901EE387B66762
:10CCD0005E65A48579D7AC97EA7FFFF83A5D55FE8B
:10CCE000CD0825C620B729FD2C87988EBDAB80FFC7
:10CCF0007F5C026995505AAF5BEE6F49102C21AEF4
:10CD000024A54BF0B4871787C5159591D8BEE9992E
:10CD1000D5E2D6E2D7E2D0E2D1E2DCE2CEEECFEE4F
:10CD20001AAE12711671F4E5FD237AD5F2DC31E208
:10CD3000EE2E88F328C36E73A9C001E7BD73BC73E0
:10CD4000B0512B6C5DDFCCCACFCACECA0CCF90429B
:10CD5000C244C14434F3EE67AF31AC31D284D184E4
:10CD6000DBD3F610978C2F73227336D791765776D4
:10CD7000F475CEBD36BE82A8ED3212047D7837C080
:10CD8000BBB178ED60D59A9A7E7294AEF8361E24C7
:10CD9000E5250BCC062588DC69984C68A76E84FDD8
:10CDA000BF5B0F6585D451DCD8DE398D4C98CD83BF
:10CDB00012FC59CA0314048E6FD13EC6FA02FC6FEE
:10CDC0001B511D9CE62864085EFF5E480BE31F2A8A
:10CDD0003427F07E640F650F35FC34FC37FC30FCE3
:10CDE000660F670F600F610F620F630F6C0F6D0F9F
:10CDF000870F860F76007400750072007300850F30
:10CE0000840F830F820F810F800F8F0F8E0FA60F5D
:10CE1000A70FB704B604B504B404B304B204A40F56
:10CE2000A50FA20FA30FA00FA10FAE0FAF0FC30E40
:10CE30000A3589914D104C10DFC0778A7D61748569
:10CE4000B30CADFB55B5BA5E4F0DE3FF500DDBCB18
:10CE50007EAE0D7E12143558010757076B01772BF4
:10CE6000F5DA886C54BA76EA29C83579778973423D
:10CE70006F12ED8490AD4CA16E941FDF388350BDCE
:10CE8000D9248ABFD421684E00B37E0664CC2D0B12
:10CE9000A0047ECDDE1EDDCDBDAA84CAF523D42339
:10CEA0003723162371235023B3229222FD24DC243E
:10CEB000A5CAC6CAE7CA00CA21CA42CA63CA8CCB7D
:10CEC000ADCB481C834D4ECCA9CBF72BCA442D25A6
:10CED0006D161D62B9C92E204AE13E1E8A041BAAA6
:10CEE000B00491009482F71B6815B314CA9632BE41
:10CEF00001C60FDFF9C62AA3DB28215325FFEF1156
:10CF0000FE4FFD4FFC4FFB4FFA4FB008B308C04B2C
:10CF1000067C282F7A8A1A5F717ADCB1B31BE17420
:10CF2000DE812EDBE06DE16DE26DE36DAB465F9F70
:10CF300098D99BE413F22158ECF07676970084E1BF
:10CF40003412351287E186E181E180E18CE1EB9FCB
:10CF5000AAD07D70245E275E69716A716B716C71F5
:10CF6000F3A50AA809A85FBB10FA90E95AAE570CBE
:10CF70004AECC9D5A50BCB0E0842995CAD8DA21F1A
:10CF80004199B719233DC41782176118BBE17A8D07
:10CF900070C6A073355B365B325BF96FDB5AD85ACB
:10CFA000D95A8DA62ADABAA36826A2F422D131F280
:10CFB000A280159BDD056203087226294E8B889797
:10CFC0009895B81E4C84C4CF4E2BC4C383B4033091
:10CFD000428868375B777F5403549DAE383EC82340
:10CFE00000BB61FFBF5454194FCFDA492C23BF4B0C
:10CFF0005E29F779D9C53C0B7D6D85891BA013A3EC
:10D000004432B67A4C405AF99391226E5F80A8FB65
:10D01000782A5C339194842CB01E9134C7C67C72FC
:10D02000545750E5388F436D65351FBECD819781CC
:10D03000C7B53C8FF5D8E948E048913C846449681D
:10D04000A615CB6EF6507FD4E2EF97A21E49E5A05D
:10D0500025DBDF6E9C5C6199B65D4D38AF334CF0DB
:10D06000038761B606B04EBF2691B1B22E3374CAA3
:10D07000504CB6F43B4C68DA9B65E0C822A7F4C973
:10D08000C59DDB3D3314B4DB7A4CD2DB1142ED4459
:10D09000E8C7E9C7C34D174D76E8CFEFF32D15DC90
:10D0A000E40454F8D455A9599ED2CE7D7E3A02416B
:10D0B0009E8DDBC8504C6EDB0599EC622DA9722465
:10D0C0009CFACDC49176043A0F71FE1E6D1F2D1F80
:10D0D0004503E92F7A2DAA5A3B25F4F6C0B539FA53
:10D0E0008EC20FDC04DE916043CA069C71BA9423A1
:10D0F0007796C11110DD582885BEC824747293122A
:10D10000CC3261C1A723C334CA3435ED25BE2039E2
:10D11000FA8F35447D46374061C1E5446982E53A7E
:10D120001C98063937BDED9C27020290616E8B0674
:10D1300096C36E1803D0667D90B278AC5A8E54D8E0
:10D14000BAB0DD5DDA70D051106DAD8C562DAF2DBB
:10D15000D627876B681D945C70502A7F2B4C833CCC
:10D16000C295A1DC3D1A716A47B7172D5A4804537E
:10D17000EBB31FB4735ACA3D282A06DDB700236FEC
:10D1800078C2535D8F560B00494EF7689AE5A6ABFF
:10D190003E119E03B9C1FCEC7577259247BEFDD1C7
:10D1A000F613628B43E7406F5F405D4CE2D7574C0C
:10D1B0005987CE6CFFB954E7CB1C98E3CC0E63249F
:10D1C000B0B07D46213F40917323313FB641A84125
:10D1D00060ABC1D55E05962235BBB143731ED470DA
:10D1E000204407CA41CA18C8E9A3522BB1E1CB6257
:10D1F000D1F18DEB628C93E86944AC885B21AF423E
:10D200009D989CB576B0962B26C025C0F566BF9933
:10D21000ECD11DC2A80DF14365C266C2520F89450B
:10D22000A2751E169129E458840B5B28378962ABDE
:10D23000B4572B5AFD5C8A5C646F28FCCE5E87670E
:10D24000796FBCD11FA9420587E588CE7EC1F374F2
:10D25000A0A0F51A6AD51C70F2734DF03A19050CAE
:10D2600041ED9AD98FD9719A5CD828151C22C22910
:10D27000F770F4705370F4CAB2CA8B7A807D2314AD
:10D28000013A27B73A39BB7E2F70EE718D95B08188
:10D29000D7B5873FAFDCBE2CA33ED570E8EED27089
:10D2A000A109CBB6E0C2EDB76B74F9FE8F72DAAEAE
:10D2B0006F00084F2D1C7DF0EF9241B1823F3B651E
:10D2C000388E6A590389BFF9E5F9E7F99190758BB2
:10D2D000ACA166FA5646EC8F3518BF37235810F4C8
:10D2E000CE2FA16E45A73C2815D07E671A8EE0ACE4
:10D2F000FE8FF98F285A538FCD7AABC192759D75E9
:10D300008D41A430389FC6112203EB0C78DA6E18D9
:10D3100038E80459DC8A2E013701B1903F20B9A6C4
:10D320004973EA270B631360B5F460CCE1654726C7
:10D33000620F6AD3214497F7D2D9D735D2F01419A6
:10D34000A358210408834F8D3237AD1D3837129012
:10D35000218DB27ACE6760F8A262BC8E9B36FE61E8
:10D36000D6A1E56114B198AFF22F986F7DDB9DAE29
:10D370001AA5B1E042325A31F0C172B2890C3E5462
:10D38000794AB7439D8C5B99C9FFF87125AF8B3102
:10D39000E33DDD9EB79CB1B901F5F67C0489FE8FB3
:10D3A000073C0E6D17D4C9F3BAECADC147C90733BA
:10D3B000BFD36E0A867A5D23C9071DF6E70A9F0967
:10D3C000FFEEF742C67E78329D7E8984C7A502DFD4
:10D3D000D21E40E0033979ED757558370000000022
:10D3E000000000000A000000D900000032D8050843
:10D3F00058D70508D7AC0508D7AC0508108A05082A
:10D4000020AD050860AC050883920508729E0508EA
:10D41000188A0508BA8F0508218A05082A8A05088E
:10D42000348A0508408A05084A8A0508538A05088F
:10D430005F8A05086B8A0508748A05087D8A0508D5
:10D44000858A05088E8A0508968A05089F8A050838
:10D45000AA8A0508B38A0508BB8A0508C48A050894
:10D46000D18A0508DA8A0508E68A0508EE8A0508E1
:10D47000FE8A05080D8B0508699505081C8B0508B3
:10D48000258B05086D950508899905082E8B0508DB
:10D490003A8B05084B8B0508568B05085F8B0508F2
:10D4A000718B05087D8B0508898B0508938B050812
:10D4B0009C8B0508B08B0508B88B0508C68B050842
:10D4C00091950508D38B0508DF8B0508167C0508A8
:10D4D000EA8B0508F58B05088D800508178105087E
:10D4E000078C05080B8C050896920508128C050818
:10D4F000178C0508208C05082A8C0508419605081C
:10D50000338C05083C8C0508408C05084C8C0508BC
:10D510009BA10508528C0508588C05084F960508F4
:10D520005E9B0508D07E05085D8C05080E8C0508FD
:10D53000648C05086D8C0508728C0508778C0508CD
:10D540006A8D05087E8C0508858C0508E272050841
:10D55000908C0508988C0508A08C0508A88C0508F7
:10D5600020890508708D0508AD8C050861850508C2
:10D57000B48C0508BC8C0508C48C0508CF8C050844
:10D58000D78C0508DF8C0508EA8C0508F498050897
:10D59000DCA40508F28C050874840508FF980508CA
:10D5A00084850508977D0508F78C0508FE8C05081D
:10D5B000D18C0508058D05080C8D0508118D050811
:10D5C000158D0508218D0508268D05082D8D05086A
:10D5D000D8990508A0810508328D05083A8D0508FF
:10D5E0003E8D050870850508C6A30508BB8905089A
:10D5F000448D05084D8D0508548D05085C8D050882
:10D60000618D0508698D05086F8D0508768D050803
:10D610007C8D0508838D0508C492050855B2050860
:10D620008A8D050844A305088E8D0508968D05088A
:10D63000A18D0508A68D05087D8D0508AD8D050811
:10D64000B38D0508BE8D0508639A0508CB8D0508C6
:10D650001AA20508068D0508D08D0508D48D050889
:10D660006B840508DA8D05080C840508329A0508D4
:10D6700046880508EC8C0508E38D05084E810508F1
:10D6800009990508D1A30508E98D0508ED8D050860
:10D69000F88D0508028E05080B8E0508168E050804
:10D6A000208E0508288E0508308E0508388E05085E
:10D6B000418E05084D8E05085A8E0508658E0508B1
:10D6C000708E0508778E0508818E05088E8E0508F8
:10D6D000958E05089D8E0508A48E0508AD8E05085B
:10D6E000B88E0508C18E0508C88E0508D38E0508BA
:10D6F000DA8E0508E58E0508ED8E0508F58E05081D
:10D70000FC8E0508048F05080B8F0508138F05088C
:10D710001B8F0508248F05082D8F05083B8F0508F2
:10D72000478F0508538F05085C8F0508658F05082E
:10D730006D8F0508768F0508828F05088D8F050887
:10D74000968F0508A38F0508AC8F0508B48F0508D0
:10D75000BC8F0508C88F05080000070101010108FA
:10D760000108090B09080B0B0808070807080A0835
:10D7700007080C080B070F0E0E0D0808090D0B10FB
:10D780000A08110B0B090813070D0C0D0B0A090AE7
:10D79000110303030604040809080508030B050523
:10D7A000050405040306030804040604060A030727
:10D7B0000707040205060307070A07070A07050407
:10D7C00004030403040606050604030B040604030D
:10D7D00003070305050408080607040705060506F0
:10D7E0000604040303070A040605050A0C040403DF
:10D7F00005030505080504060505050605030A09D0
:10D80000080A09070707080B0C0A0A06090C06078D
:10D8100006080A08060A060A070706070607070891
:10D82000080D0B0B080807080B0A080C0807070B64
:10D830000700000005157A8FAFB585B58FB58AB59D
:10D84000BD94FAB5A7F92BC5FD356DBA45F840F87A
:10D850002639F7C85FA5161BCF32E2B08E13FF3012
:10D86000E238791502736B00100B323ED0CD2D8C4F
:10D87000975A21DE079291BFF0E0F2291662209CB0
:10D880005C2083ADEA00AFE2FF69DC83BA2D176844
:10D89000C698A16581E161F1EA1C948F20FF25966D
:10D8A0009687B6279532443313336B97C2C6EB3C49
:10D8B000F73176A3227D5CB20D70DC4CB48C7CA079
:10D8C0003367C0FFE0DBA64D3FFCFA1EB8040A2315
:10D8D0001BA39BA61EC063E8003426333574333B7C
:10D8E000C0179D498CB0B770286F7B28125416530F
:10D8F000EB37A89AB6BEFC805BF8B57FDDA7E35393
:10D900008F21A75C326D01136240271D896A3BA1FC
:10D91000C6CBE5B9CEB7B9430B7C4288908DD13ADE
:10D920001C5E2A73BF2C2D7354C61A5EB7F94BBF09
:10D93000F919638A4925D0F7252AD29CE92BE725D6
:10D94000A5003B957977B976238F278FD4A86CA350
:10D95000BF9D5E15B73385EF74E862AF57369D36CD
:10D96000508D291E2E8DC4B2B344D83EFD419D7FFB
:10D97000B4762794B7824E347DBE98A8E6ACCC8DA1
:10D98000346A808CD415545195D6C4820EDB2B6535
:10D99000C5E2C65FDCED7811713E3570465FA74683
:10D9A000B38FB6826D4AF7770878CC1309885D6823
:10D9B00049F3633731420E0B69D538BB29F02D008E
:10D9C00016C5DC2E54981BD1DB03318A63012ADC97
:10D9D000FF9AC59D579873775AD7F286A7B3210946
:10D9E00088EF20EC000000008B140208303030304B
:10D9F0003030303030303030303030305F303030F8
:10DA00002C303020202020202020202020202020EA
:10DA1000202020000000000000000000030303039A
:10DA200003000000000000000000000000000000F3
:10DA300000000003010101010101010101010101D7
:10DA4000010101454545454545454545450101011E
:10DA50000101010159595959595919191919191916
:10DA60001919191919191919191919191919010156
:10DA70000101010169696969696929292929292936
:10DA80002929292929292929292929292929010156
:10DA9000010100003A9005087C74050840900508D3
:10DAA000459005084F9005085390050856900508C5
:10DAB0005D9005086390050822870508E48C050839
:10DAC000699005080BAE0508729005087690050868
:10DAD0007B9005088090050887900508BCA4050880
:10DAE0003189050844910508789005088F9005084C
:10DAF0004976050831800508969005089D9005082F
:10DB0000A6900508BDA40508AA9005086493050819
:10DB1000AF900508337F0508B6900508688C0508A6
:10DB2000DE9305085455565758595A5D335B3234C5
:10DB3000373D4A35383E4B414E46533F4C404D5F92
:10DB40003C493A474451435045523B48424F5E3668
:10DB50000E000000060000001E000000370000005C
:10DB60000600000068DB0508221D00004C0A0608BC
:10DB700082270000284C0608BA2000002C04060862
:10DB80009A2000005042060882230000646F0608B5
:10DB900072260000E0700608000102040C0E10124C
:10DBA00014151617191A1C1E222426292B31363D4E
:10DBB000414546484A4E525456585A5C5E6062642B
:10DBC00066686A6C6F7174777A7D80828486888AD1
:10DBD0008C91009395979A9C9E9FA3A4A7A9ABAD07
:10DBE000B0B3B5B8BABCBFC1C3C5C6C8CAD2D5D711
:10DBF000D8DADCDEE1EEF3F5F7F9FBFD000304060D
:10DC0000080A0C0E101214161F222327292C30325A
:10DC10003336393B3D3F414547494D4F515A5C5E94
:10DC20005F6163686A6D6F70727E80828486888AA5
:10DC30008D8F91939597999B9D9FA1A3A6A8ABAD1E
:10DC4000AFB1B4B6B8BDC0C201303E2042204320BF
:10DC50001A10081054104630551045305B107D20C6
:10DC600054205D10062055305A205A101B109D205C
:10DC70002B10171019102D10363039202C105E3053
:10DC800024106B20211061202410632022106D20AD
:10DC900028106D20141080206E3015107020231075
:10DCA0001A205B107D20713079302F101A205B1004
:10DCB0007D20793020109D20251036205B107D209E
:10DCC00079302E105B107D20732030107A205B108D
:10DCD0007D20522080207F301E20813027104C3044
:10DCE0005B10802027104C305B1082201F202A10F0
:10DCF0008320121029108320232084204110232008
:10DD000024203A1025203B1026203C102720882074
:10DD1000282089208B208A208C208B208D208F30FA
:10DD2000161090208E3090208E3054109130551067
:10DD300056109230571058109F3059105410A4307C
:10DD400055105610332057105C10081098205A10A8
:10DD5000802035305B10993080205A1080203B3075
:10DD600018100810A3305B107D203110AE305B100E
:10DD700080205E108020051053206F200510522057
:10DD800036204030051042106C2030300510412004
:10DD9000382003204420151003205F1080204720E6
:10DDA0005A10482049204A2008103B303C3041108E
:10DDB0004B30461008103B3008103B304D205A10B5
:10DDC0004E204F20502008103C304110513046105A
:10DDD000081008106F205320042005100720082089
:10DDE0005D20602010201120122005205B2056208D
:10DDF00057205C20592058205E10592039200620D9
:10DE0000222080205B10802058304C104D104E1086
:10DE10004F10511052104910471048104A104B1023
:10DE20005310501009200A200B200D200C208020B8
:10DE30005F30211080200E200F206C206220652092
:10DE40006C30411064206A2054106A2055106620FE
:10DE50005C100D10081069306C2069301310081028
:10DE600067205A1068205A1008105C1008105A10C9
:10DE70005A10802014201520162017201820032067
:10DE800038200220132003201820162072201C1096
:10DE90001A205B107D20742078207720793078302C
:10DEA0001E1076305B107D208020693075201F1099
:10DEB0005B107D201D105B107D207B205A10802080
:10DEC0007C30131023207E205320051006101920CB
:10DED0000710321080201C201B2023101E201D1034
:10DEE00080201D201E2020202120341035103610C7
:10DEF000371038103910251085208620291025105C
:10DF00002610873029103D103E103F104010411060
:10DF1000421044104510431029202A203F10401081
:10DF200033102B202C20972046108B20081009102E
:10DF30000A100B100C100D100F1010100E102D20C9
:10DF40002E202F20392092209320943022201A2036
:10DF5000AC2095205A10963093205A103020312052
:10DF60003220352034209A209B205B108030802086
:10DF70009C305B1080309E205A10222023203720B6
:10DF8000A030AC20A1205A10A23037205A105410D3
:10DF9000A4305510A5205A10A620A720A820411073
:10DFA0008020461080208020A930AC203C20AA2070
:10DFB00032108020AC20AD2020109D2025101E2086
:10DFC000AB3023108220AB30AF20362021108020D0
:10DFD000613262A8332233222121212221222224EC
:10DFE000222223222625272424326262A4A431314E
:10DFF00022312231313131313162622362232323D4
:10E000002323223362223362A5220062621312624A
:10E010002124321322623313632223223313622218
:10E020002261126218136232621212231D1562629B
:10E030001212621363321222626233313131621979
:10E0400013322412632462322363316262126462E7
:10E0500012241212192222211212151213123262E4
:10E060001C126212126233131212226222331262E3
:10E07000122233633313222262132212A5231222A7
:10E080000700A8A9A6AAA7001F5702081F57020841
:10E090000D710208816802081F5702089764020880
:10E0A000AD560208F94A02081F5702084D4B0208F4
:10E0B0004D4B02082D56020815560208C955020894
:10E0C000094B020835720208214C0208214C020853
:10E0D000615502089968020889540208FF53020832
:10E0E000D75F0208956C0208B55F02081F57020847
:10E0F000ED700208A5530208A54A0208A54A0208C5
:10E100008F5202088F520208755202089551020878
:10E11000414B020855510208555102085551020859
:10E120001B5102081B5102081B510208EF50020844
:10E130005B570208B97002084D6F0208E1560208E9
:10E1400073570208E9500208416F0208734F020832
:10E15000C1480208AD560208EB4E0208EB4E020819
:10E16000AD560208D34E0208F5700208114E02089F
:10E17000CF480208D5800208358002081D790208C0
:10E18000857C02080D7E0208977A0208357E020817
:10E19000B97A0208F37A0208C77A020835790208C8
:10E1A000AF7D02088D7F0208C57E02088D7A0208C5
:10E1B000AB7E0208A3790208A37A0208AB790208B1
:10E1C000257D0208DD7D0208B3790208BB790208CB
:10E1D000C3790208CD790208D5790208E57B0208E7
:10E1E000517D0208637D0208F97B02084D7C02081C
:10E1F000C17F0208EB7F0208DD790208E779020897
:10E20000657C0208497902086F7C0208F5790208EA
:10E21000757D0208017B0208017A0208177B02085B
:10E220003F7B0208497B0208777F02084F7F020884
:10E23000817E0208957E02080B7A02081F7A020886
:10E24000357A020851790208577902080E100C003D
:10E2500075003E005E00F30465046804660467040C
:10E2600034BF8CBF0CBF94BF2CBF14BFB4BFCCBF96
:10E270000CBFD4BFACBF14BF6DA90208EDA2020849
:10E28000D58902083589020817A00208D38D020833
:10E29000A59F020811920208F1910208C18D02089F
:10E2A000E5930208FB900208318D0208CD8902082F
:10E2B000C78B0208C98C0208C5890208839C020822
:10E2C000418B0208A1AD020821A502089D9E02080B
:10E2D000838F02083F890208C99C0208FB8F02084D
:10E2E000CF8E020807960208019602087D94020864
:10E2F000D59E020891990208FF9C02080D9602081B
:10E300003B9C020855990208438902084D94020873
:10E310007192020871A00208CF9802084D9002087D
:10E3200085900208119C0208E19B0208619802088E
:10E33000BD9702086D9D020879970208C19A0208EC
:10E3400029930208D1A50208C59302084B89020847
:10E3500004050600ABB20208A7B20208D5B4020851
:10E3600079B2020839B502083061646434737562A9
:10E37000206D756C806469760068FF030078000486
:10E3800000880204006097000070CF040080D10470
:10E3900004656F72086C736C0C6C7372106173722D
:10E3A00014616463187362631C726F7220747374F7
:10E3B000246E656728636D702C636D6E306F7272AA
:10E3C000346D756C386269633C6D766E7165656E2F
:10E3D00073636363696D6C70737663766968736C7D
:10E3E0006567746C7467656C054950535200000092
:10E3F00000114241534550524900007230000172F1
:10E40000310002723200037233000472340005726C
:10E41000350006723600077237000872380009723C
:10E4200039000A7231300B7231310C7231320D7297
:10E4300031330E7231340F7231350A736C000B6652
:10E4400070000D7370000E6C72000F70630000009E
:10E4500084E40508060000000E0000001E00000015
:10E46000B4F70508B8FC05082000BF030000010050
:10E47000000000000000000091E1020870F30508B0
:10E48000DC040020060000000E0000001E0000005A
:10E4900067E5020869E4020851E4020859D202085B
:10E4A000FDD1020815D002083DD50208F5D40208B6
:10E4B000FD7B03083DD0020865D00208EDD60208B6
:10E4C0009DF3020819F2020889D20208DDDD020874
:10E4D000916C0308C92F0308150B0308253D030899
:10E4E000DB3D0308A72A03081D0D030861C90208C4
:10E4F0005BE5020853D40208B5D80208B9E5020862
:10E5000051E50208F10102089D010208A7E5020891
:10E51000ADD40208E5DC02085DD602080541030817
:10E5200051DB0208E9DB020851D0020879D0020869
:10E5300075FF020865E7020841BD0308EDC1030845
:10E54000D1C10308CDE4020800000000399F04088F
:10E550000D9F0408D90A0208FD1B0208A118020831
:10E56000D5D10208CDED0208914D0308E94D03080D
:10E57000C5FC0208C7E40208B1E40208ADE40208E1
:10E5800099E402080DD10208F5F302086584030836
:10E59000C1E702087DE802082D8603080D870308FD
:10E5A000C18A0308E4D90508B8FC0508DCFA0508A7
:10E5B00004F20508D4E9050898EF050880EF05087E
:10E5C00068EF050850EF050838EF0508B0ED0508BD
:10E5D000E4FD0508B4FD05089CFD0508CCFD050813
:10E5E000000002000400060008000A000C001100F0
:10E5F00017001D0025002F003B00490061007F002F
:10E60000A700DF00250185010902B3029703C704B3
:10E610005B0671089D0CDF124B1C6D2A913F575F02
:10E62000FF8E7BD600000000DCF00508DCFA050850
:10E63000DCF0050800000000DCF00508D0F4050857
:10E64000DCF0050800000000DCF00508DCFA050835
:10E65000DCF0050800000000DCF005085CE70508B8
:10E66000DCF0050880EF0508B1ED0208B8FC0508EC
:10E670008000F9030000000000000001000000001D
:10E6800011F50208B8FC050800003A030102000475
:10E690000500060307000008CDF9020899F50208F5
:10E6A00051F402082DF402089DFA020851F60208FE
:10E6B00079F402082CF80508B8FC050808042704BA
:10E6C0000100000304060702080000052DFC0208F3
:10E6D00051F402082DF402089DFA02081CF80508FE
:10E6E00025F6020851F6020879F4020868EF0508D9
:10E6F00001FA020868EF050839F50208B8FC0508B8
:10E700000804400001020004050006030700000899
:10E7100065F9020899F5020851F402082DF402087F
:10E720009DFA020851F6020879F402083CF805083F
:10E73000B8FC050800009D00000100020304050666
:10E740000000000065FD0208416C0308456D0308E8
:10E75000E1FC02080D6E0308556B0308B8FC0508C0
:10E7600008003E0001020003040000000000000059
:10E77000C9FD02089DFD020883FD020873FD020821
:10E78000B8FC05080000500300000203040100006B
:10E790000000000027FE02089DFE0208EFFD0208AF
:10E7A00005FE0208B8FC050800000100000000009A
:10E7B0000000000000000000B8FC05082000620313
:10E7C0000000020000010000000000006DFF0208D0
:10E7D000DDFE0208B8FC050800006603000000002A
:10E7E0000000000000000000B8FC05080C006B03EE
:10E7F000010200030405000000000000F900030806
:10E80000A1FF02086500030825040308110003089E
:10E81000B8FC0508000087030100000200000304A3
:10E820000000000569050308F50503082505030830
:10E830005904030838E80508D4E905082F0000004A
:10E840000500000048E80508E201000090E805081E
:10E85000BA19000088E805089202000080E805085F
:10E86000C203000070E80508F222000078E80508FD
:10E8700080EF0508C505030880EF05082506030895
:10E8800068EF0508FD04030868EF0508B9040308EC
:10E8900068EF050875040308D4E90508770000004F
:10E8A0000E000000A8E8050832020000CCE90508C7
:10E8B0004A020000C4E90508EA1D0000B0E90508A5
:10E8C000B2020000A4E905083203000028E90508A7
:10E8D0005203000020E90508C203000098E905087A
:10E8E000CA03000084E90508720400008CE90508E9
:10E8F000FA04000078E905081A05000018E905087F
:10E900007A0000005CFD0508E200000054FD0508E7
:10E910005A0000004CFD050880EF0508CD060308ED
:10E9200080EF0508C109030880EF0508A90903085D
:10E93000EF980508FA98050804990508B8FC050839
:10E940008000F9030000000000000001000000004A
:10E9500091070308B8FC05080000890300010002C4
:10E960000300000400000000C90703089D06030817
:10E97000FD0C03088506030838EF0508FFFF0300B8
:10E98000010A030880EF05083D08030838EF050871
:10E99000060004004507030838EF050806000400D8
:10E9A0004B07030838EF0508060004005107030869
:10E9B00058FC0508B8E9050838EF0508060004000A
:10E9C000850B030880EF0508CB0B030880EF0508D3
:10E9D00057070308B8FC050800004B0001020003BC
:10E9E00004000506000000072D0B03089908030822
:10E9F0005D060308FD0B0308510D0308B506030867
:10EA000098E80508B8FC050800001402010200039C
:10EA100004000506000007082D0B030899080308E9
:10EA20005D060308FD0B0308510D0308B506030836
:10EA3000D4E9050898E80508D4E9050806000000AF
:10EA40000000000000000000F803030100000000C7
:10EA50009200020000000000B8FC05088000A1033D
:10EA6000010000000000000200000000AD0D0308DE
:10EA7000850D0308B8FC0508000001030102000031
:10EA80000003000000000400290F0308610E0308C2
:10EA9000A110030898EA0508B8FC05080000370033
:10EAA000010200000003000000000400290F030819
:10EAB000610E0308A1100308B0ED0508B8FC0508B5
:10EAC0000000050301020000000300000000040034
:10EAD000290F0308610E0308A1100308E0EA0508E6
:10EAE000B8FC050800003600010200000003000029
:10EAF00000000400290F0308610E0308A110030899
:10EB0000B0ED0508B8FC0508000027000102000070
:10EB10000003000000000400290F0308610E030831
:10EB2000A110030828EB0508B8FC05080000340014
:10EB3000010200000003000000000400290F030888
:10EB4000610E0308A1100308B0ED0508B8FC050824
:10EB500000002F000102000000030000000004007C
:10EB6000290F0308610E0308A110030870EB0508C4
:10EB7000B8FC05080000320001020000000300009C
:10EB800000000400290F0308610E0308A110030808
:10EB9000B0ED0508B8FC05080000300001020000D7
:10EBA0000003000000000400290F0308610E0308A1
:10EBB000A1100308B0ED0508B8FC050800002D0001
:10EBC000010200000003000000000400290F0308F8
:10EBD000610E0308A1100308B0ED0508B8FC050894
:10EBE00000002C00010200000003000000000400EF
:10EBF000290F0308610E0308A1100308B0ED0508F2
:10EC0000B8FC050800002900010200000003000014
:10EC100000000400290F0308610E0308A110030877
:10EC200048EC0508B8FC05080000280001020000B7
:10EC30000003000000000400290F0308610E030810
:10EC4000A110030848EC0508B8FC050800002B00DB
:10EC5000010200000003000000000400290F030867
:10EC6000610E0308A1100308B0ED0508B8FC050803
:10EC70000000260001020000000300000000040064
:10EC8000290F0308610E0308A1100308B0ED050861
:10EC9000B8FC05080000220001020000000300008B
:10ECA00000000400290F0308610E0308A1100308E7
:10ECB000B0ED0508B8FC05080000200001020000C6
:10ECC0000003000000000400290F0308610E030880
:10ECD000A1100308B0ED0508B8FC050800001F00EE
:10ECE000010200000003000000000400290F0308D7
:10ECF000610E0308A1100308B0ED0508B8FC050873
:10ED000000003800010200000003000000000400C1
:10ED1000290F0308610E0308A110030844ED05083C
:10ED2000B8FC0508000031000102000000030000EB
:10ED300000000400290F0308610E0308A110030856
:10ED400044ED0508B8FC050800001E0001020000A3
:10ED50000003000000000400290F0308610E0308EF
:10ED6000A1100308B0ED0508B8FC05080000330049
:10ED7000010200000003000000000400290F030846
:10ED8000610E0308A1100308B0ED0508B8FC0508E2
:10ED90000000C702010200000003000000000400A0
:10EDA000290F0308610E0308A1100308B0ED050840
:10EDB000B8FC050800002400010200000003000068
:10EDC00000000400290F0308610E0308A1100308C6
:10EDD00040EE0508B8FC050800002500010200000F
:10EDE0000003000000000400290F0308610E03085F
:10EDF000A110030840EE0508B8FC050800002A0031
:10EE0000010200000003000000000400290F0308B5
:10EE1000610E0308A110030840EE0508B8FC0508C0
:10EE200000003500010200000003000000000400A3
:10EE3000290F0308610E0308A110030840EE05081E
:10EE4000B8FC0508000021000102000000030000DA
:10EE500000000000290F0308610E0308A110030839
:10EE6000B8FC05088000B1030100000000000002AA
:10EE7000000000007113030843130308B8FC0508E1
:10EE80000C00B403010200030400000000000000B5
:10EE9000B91403089F130308191503081D18030864
:10EEA0007CEE05080000C07F7CEE05080000807F36
:10EEB0007CEE0508DB0FC9407CEE0508DB0F4940FE
:10EEC0007CEE050854F82D40B8FC05082000BF036F
:10EED000000001000000000000000000D11A03083B
:10EEE000B8FC05082000BF0300000100000000007E
:10EEF00000000000E7180308B8FC05082000BF0365
:10EF0000000103000002000000000000E91B0308EC
:10EF1000C11B0308C1180308B8FC05082000BF0383
:10EF2000000103000002000000000000E91B0308CC
:10EF3000C11B03080D190308B8FC05086000BF03D6
:10EF40000000010000000000000000008D1A03080E
:10EF5000B8FC05086000BF030000010000000000CD
:10EF600000000000A1180308B8FC05086000BF03FA
:10EF700000000100000000000000000083180308EA
:10EF8000B8FC05086000BF0300000100000000009D
:10EF90000000000067180308B8FC05086000BF0304
:10EFA00000000100000000000000000051180308EC
:10EFB000B8FC05088000C303000100000000000247
:10EFC000000000036D1D0308BF1E0308D0EF0508F5
:10EFD000D4E905082700000004000000E0EF050860
:10EFE0003A02000008F00508520400001CF0050871
:10EFF000DA04000010F005089222000000F0050875
:10F0000068EF0508551D030880EF0508C91E0308B1
:10F0100038EF050808000400991E030868EF05088A
:10F02000B71E0308B8FC05082000C3030000010058
:10F030000002000000000000DD1C0308C11B0308E3
:10F04000B8FC05082000C303000002000001000016
:10F0500000000000C11B0308651C0308D4ED05086F
:10F060000000000000000000E8FB0508B8FC0508EF
:10F070008000F90300000000000000010000000013
:10F08000151F0308030402000100000056030300DB
:10F09000321A0000B704010200000000D4E905089C
:10F0A0001700000002000000ACF00508AA020000F2
:10F0B000C8F00508E2040000BCF0050838EF0508B8
:10F0C000FFFF0300811F030858FC0508D0F0050866
:10F0D00038EF050808000400DD1F0308B8FC050828
:10F0E00000005E00010200030400000000000005B3
:10F0F000BD2003089F220308FF23030821260308DD
:10F100009CF005080001010202020203030303034D
:10F1100003030304DCF005080A00000002000000FD
:10F1200024F10508FFFFFF7F6900030206000000CD
:10F130008300010200000000D4E905085F00000020
:10F140000B00000048F10508E2010000FCF1050891
:10F1500032020000ECF105084A020000E4F1050863
:10F1600052020000DCF1050892020000F4F10508EB
:10F17000E2020000D0F10508EA020000C8F105082B
:10F18000C2030000BCF1050802040000B4F1050848
:10F190001A040000ACF105087A040000A0F105088B
:10F1A00038EF0508FFFF0300752C030880EF050802
:10F1B0009529030868EF0508672A030838EF050852
:10F1C00004000200DD29030850EF05080B2B03089B
:10F1D00038EF050808000400552A030868EF050801
:10F1E000572B030880EF0508ED2F030880EF050873
:10F1F000852A030868EF0508C52C030868EF050891
:10F20000A72A0308B8FC050800006C0001020003EF
:10F2100004000506000000079D2F0308612B03086A
:10F2200055290308D12E0308852D030879290308E1
:10F2300038F10508B8FC05088000720001000000E4
:10F24000000000020000000041300308F52F030811
:10F250008F000000110000005CF20508D2190000C8
:10F2600038FE0508421A000034390608421B000027
:10F27000E0020608221D00004C0A06087A1E000063
:10F280001C400608AA1E000090410608521F0000FC
:10F29000AC030608D21F0000E84106089A200000CF
:10F2A000504206085A220000E4440608CA22000020
:10F2B00028460608B2230000D0460608D2230000E4
:10F2C000684706085A2500006C4806080226000018
:10F2D0005849060892260000880806083A270000C8
:10F2E0003C4B06088700000010000000F0F2050803
:10F2F000FA01000078FE0508221B0000FC06060843
:10F300000A1C00007C3A0608CA1D0000343B0608AF
:10F310000A1E000018030608BA2000002C04060884
:10F320009A030000BC07060802220000FC430608FE
:10F3300082230000646F060872260000E070060851
:10F34000C2260000FC08060882270000284C060898
:10F350002A280000D04D060802190000543806087B
:10F360002219000064440608AA0000007CE4050895
:10F37000B8FC050800003204000100000002000093
:10F380000000000039310308A1300308B8FC05086B
:10F3900000007500010000000000000000000002F5
:10F3A0005D330308A8F30508D4E905082700000029
:10F3B00004000000B8F305088A000000F8F305080F
:10F3C000C2000000E8F30508F2180000E0F30508A9
:10F3D000AA180000D8F3050868EF0508D932030819
:10F3E00050EF05089132030870FC0508F0F305089A
:10F3F00080EF05083133030880EF05088D320308DC
:10F40000B8FC05088000F9030000000000000001BE
:10F4100000000002773303081CF40508D4E905084E
:10F420000F000000010000002CF40508A2180000E5
:10F4300034F4050880EF05087B330308B8FC0508A1
:10F440008000F9030000000000000001000000003F
:10F4500077330308010003000600000001000300E9
:10F4600006000000010003000600000092030300F4
:10F4700006000000B8FC050800006204010000005E
:10F480000000000000000002D533030890F40508D6
:10F49000D4E905081F00000003000000A0F40508DF
:10F4A0003A1E0000C8F40508A2250000C0F40508B3
:10F4B000321C0000B8F4050868EF05087F33030824
:10F4C00068EF05089B33030868EF0508B7330308A6
:10F4D000B8FC050800002E0000010000000000003C
:10F4E000000000001134030868EF050871350308B7
:10F4F000B8FC050800007C000103000400020506BA
:10F50000000000008D360308ED36030815370308A8
:10F51000573603085137030815360308B8FC0508A9
:10F520008000F9030000000000000001000000005E
:10F5300031360308B8FC050880009C040100000077
:10F540000000000200000000F3370308D937030869
:10F55000B8FC050800009C0201000000000000004B
:10F56000000200034138030870F5050880F505081E
:10F5700061390308FD380308A538030800000000BE
:10F58000D4E90508370000000600000090F50508E2
:10F59000DA010000C0F50508EA030000E4FD0508F3
:10F5A000FA0300009CFD0508F2030000B4FD050805
:10F5B00022050000CCFD05083A0200008CFD05087C
:10F5C00080EF0508C5390308D4E905084F0000009D
:10F5D00009000000D8F505084A0200003CF70508BC
:10F5E000521C000028F705083A1F000014F7050810
:10F5F000821F000004F70508AA1F0000FCF605089A
:10F60000B21F0000F4F60508AA260000D4F605088B
:10F61000C2270000C0F605088205000044FD050869
:10F62000D4E90508970000001200000030F6050834
:10F630005A1900004CF705083202000044F705088B
:10F640004A0200003CF705087A1C000034F7050860
:10F65000521C000028F705085A1C00001CF705087A
:10F660003A1F000014F70508421F00000CF70508B8
:10F67000821F000004F70508AA1F0000FCF6050819
:10F68000B21F0000F4F60508C2030000ECF60508FE
:10F6900002040000E4F60508AA260000D4F60508D6
:10F6A000B2260000DCF60508C2270000C0F60508F7
:10F6B000FA040000C8F605088205000044FD0508AC
:10F6C00068EF0508033B030838EF0508FEFF030059
:10F6D000653A030868EF0508173B030868EF05085B
:10F6E000833A030868EF05082D3B030880EF0508FF
:10F6F000BD3B030868EF0508DD3E030868EF050819
:10F70000E93E030868EF0508A93A030868EF050811
:10F71000CF3D030868EF0508D53D030838EF05081D
:10F72000FEFF0300AB3B030838EF0508FEFF0300B4
:10F73000B73B030868EF0508333A030880EF050874
:10F74000D93A030880EF05084D3B030868EF050828
:10F75000253A0308B8FC05080800BE0301020003AF
:10F760000400000500000006E33D0308ED3B03082C
:10F77000953C0308F13E0308093A0308C8F505085B
:10F78000B8FC050800008C0001020003040000051D
:10F7900000000006E33D0308ED3B0308953C030829
:10F7A000F13E0308093A030820F60508BCF70508EE
:10F7B00008020000BCF7050823000000B8FC05089B
:10F7C0000000010000010000000000000000000037
:10F7D0006D400308B8FC05080000BF0400030001E9
:10F7E000000200000000000079400308D140030837
:10F7F0007D40030868EF0508D541030820090A0D7C
:10F800000B0C0000FC03010000000000ACFA05082E
:10F810000000000000000000D7AC0508D4E905088E
:10F820000F000000010000007CF80508D4E905087D
:10F8300017000000020000006CF80508D4E9050874
:10F84000FF0000001F0000006CF80508D4E905085F
:10F85000EF0000001D0000007CF80508D4E9050851
:10F86000DF0000001B00000094F80508E201000022
:10F87000F4E6050892020000ECE60508BA1E000056
:10F880007CF90508E21D00006CF90508F21B000078
:10F8900094F905089A02000074FA05082204000091
:10F8A00068FA0508E20200005CFA05082A04000074
:10F8B00050FA050842030000A4FA05088A04000073
:10F8C00098FA0508222600008CFA05083A04000080
:10F8D00080FA05089A04000044FA05087A0200003C
:10F8E00038FA0508C20400002CFA0508820300005B
:10F8F00020FA05084204000014FA0508A2020000DC
:10F9000000FA05080A040000F4F905085202000094
:10F91000E8F905087A220000E0F90508FA24000059
:10F92000D8F90508F21A00000CFA05087A0300005D
:10F93000D0F9050802050000C8F905081A030000FF
:10F94000C0F90508FA020000B8F905080203000032
:10F95000B0F905082A030000A8F905081203000001
:10F96000A0F90508FA1C000088F9050858FC0508EC
:10F9700074F9050868EF05083947030838EF0508EA
:10F98000040002005156030838EF05080600020083
:10F990007D53030838EF050806000200515503089F
:10F9A00080EF05082D47030880EF0508214703086D
:10F9B00080EF05081547030880EF0508094703088D
:10F9C00080EF0508FD46030880EF0508F1430308B2
:10F9D00080EF0508E543030868EF05085F51030859
:10F9E00068EF05085951030838EF050808000400BE
:10F9F0009545030838EF050808000600B94B0308D1
:10FA000038EF0508FFFF03001965030868EF0508D4
:10FA10002545030838EF0508040002007550030867
:10FA200038EF0508040002006B50030838EF0508A2
:10FA3000040002006150030838EF050808000400C4
:10FA40004F5F030838EF050808000400495F03080A
:10FA500038EF050808000400AF4B030838EF05082D
:10FA600008000400A74B030838EF0508080004004D
:10FA70009D4B030838EF050808000400954B030868
:10FA800038EF050806000200615D030838EF05083D
:10FA9000FFFF0300AD4E030838EF05080600020023
:10FAA000295C030868EF0508FD430308B8FC050856
:10FAB00000004200010200000300040506000007E8
:10FAC0005D530308D9490308A15603082D4E0308C6
:10FAD00065420308F74703084CF80508B8FC050819
:10FAE000000097000102000304000506070000085B
:10FAF000A553030821660308DB650308A156030824
:10FB00002568030879650308F74703085CF80508CA
:10FB1000B8FC050880014601010200000000000059
:10FB2000000300041D6A0308F968030834FB050894
:10FB300078FB0508C56A0308916903082169030871
:10FB400000000000B8FC05088001C80201020000A6
:10FB500000000000000300041D6A0308F9680308A0
:10FB600068FB050878FB0508C56A03089169030866
:10FB70002169030801000000D4E905085F000000C6
:10FB80000B00000088FB0508EA030000E4FD0508FF
:10FB9000F2030000B4FD0508FA0300009CFD05080F
:10FBA00022050000CCFD05085225000074FD050863
:10FBB000EA2600006CFD0508BA1D000064FD05087A
:10FBC0003A0200008CFD0508421E0000E0FB05081B
:10FBD0006200000064E605086A00000080FD050878
:10FBE00080EF0508056B030824FC050800000000F1
:10FBF000D4E90508170000000200000000FC050819
:10FC0000520200001CFC0508E202000010FC05087E
:10FC100038EF050808000400F56B030868EF0508D5
:10FC2000056C0308B8FC050800009D0001020003F4
:10FC30000400050600000007C96C0308716B030887
:10FC4000416C0308456D03080D6E0308556B0308EE
:10FC5000F0FB0508B7D5B100B8FC05080000450069
:10FC600001000000000000000000000025710308F2
:10FC7000B8FC05080000940001000000000000002E
:10FC8000000000002571030868EF0508497D03089E
:10FC900068EF0508257D0308B8FC050800009A00F8
:10FCA000010200000003000000000000DD7C0308EA
:10FCB0008575030811700308B8FC050800009E0054
:10FCC000010203000004000000000000C1770308E7
:10FCD00019710308C575030891760308BEB8B3BC53
:10FCE000B6C20000000000000000B9BB0000000028
:10FCF0000000C4D8ADBDD1ACD6C1BFB5D7C0C6B267
:10FD0000B0CED4C8CAD0C7D2CDCBC9D3CCCFC5C34F
:10FD1000BA00AE1410AB12B4AF00000038EF050803
:10FD2000FFFF0300D56E0308B8FC05088000A5009E
:10FD3000010000000000000200000000BD7D03087B
:10FD40007B7D030868EF0508617E030868EF0508FE
:10FD5000437E030850EF0508237E030868EF05087B
:10FD6000057E030880EF05089F81030880EF0508E2
:10FD70004F84030838EF05080600040005840308D3
:10FD800038EF0508080008009981030880EF05088E
:10FD90007381030880EF0508C581030838EF050863
:10FDA00004000200D380030838EF050806000400B1
:10FDB0004785030838EF050806000400418503085D
:10FDC00038EF0508080004003B85030838EF0508F4
:10FDD000080004003585030838EF05080400020018
:10FDE000DB83030838EF050804000200D58303080D
:10FDF00038EF05080A000200C18D030838EF050836
:10FE0000060002005591030838EF050806000200BD
:10FE10004F91030838EF05080600020049910308D6
:10FE200038EF05080C000600F98F030838EF0508C5
:10FE3000020000008191030870F3050840FE0508E8
:10FE4000D4E90508170000000200000050FE050874
:10FE5000BA000000D2190000D219000084E605089B
:10FE60008B000302220000004E0003021A00000073
:10FE7000AE030302B857060870F3050880FE0508B4
:10FE8000D4E905081F0300006300000090FE050888
:10FE9000BA000000FA0100009A180000D402060817
:10FEA000CA180000F0FD0508DA180000180206085C
:10FEB000F20100005CE7050812020000ACFA050838
:10FEC00002020000FCE605085A1B0000E8E70508EE
:10FED0005A020000D4E905080A1D000058EA050886
:10FEE0008A1D000060EE0508A21D00007CEE0508DA
:10FEF000F21D000054F70508F2020000DCF00508CE
:10FF00006203000004F205089203000034F20508C1
:10FF10003A210000B8E60508AA0300008CF30508A2
:10FF20001223000074F40508E2030000F0F4050851
:10FF3000E224000034F505086204000080F705089B
:10FF4000FA250000D4F70508BA040000DCFA050819
:10FF5000D204000098FC0508EA04000024FC05080F
:10FF6000F2040000B8FC05082A05000028FD050879
:10FF70002A02000058FC0508A204000070FC0508D5
:10FF80001A010000B4F7050842100000ACF705089C
:10FF9000CA010000CC020608D2010000C402060813
:10FFA000DA010000BC0206083A1A0000B402060892
:10FFB0001A020000AC020608521B000020FE0508D1
:10FFC00022020000A4020608221C0000D00106083C
:10FFD00062020000980206086A0200009002060809
:10FFE0008202000014FE05088A02000008FE0508CF
:10FFF000321D0000FCFD0508BA020000E001060801
:020000040806EC
:100000006A040000D8010608C2020000C001060808
:10001000CA020000C8010608D202000088020608D1
:10002000B21E00002CFE0508BA1E00008002060861
:10003000DA020000B00106082A1F00007402060858
:100040000A03000088FC05082203000090FC050854
:100050003A0300006C0206085A030000A8010608D3
:1000600072030000B8010608C22000006002060802
:100070005221000054020608A203000048020608AC
:100080002A22000040020608B2030000AC4E060817
:10009000BA03000038020608D20300002C0206084A
:1000A000DA0300002002060812040000100206080D
:1000B000320400000402060882040000EC01060875
:1000C000CA040000F80106080A01000040EE050815
:1000D000F200000044ED0508FA000000D8EC050825
:1000E00002010000B4EC05081201000090EC0508C4
:1000F00022010000B0ED05082A010000D4ED05083A
:10010000320100006CEC05083A01000004EB050820
:100110004201000024EC050852010000F8ED05083A
:100120004A01000000EC05085A01000048EC0508EF
:1001300062010000DCEB05086A010000B8EB05086D
:100140007A0100004CEB05088201000094EB0508E1
:100150008A01000020ED05089201000070EB0508FF
:100160003A1600008CED05089A01000068ED0508BC
:10017000A201000028EB0508AA0100001CEE0508FA
:10018000B2010000E0EA05080A18000074EA050858
:10019000BA01000098EA05082A180000BCEA050820
:1001A000C2010000FCEC050880EF050879F30208A5
:1001B00080EF0508C5F1020898EF05080D930308C4
:1001C00098EF05080193030868EF050811980308E4
:1001D00068EF05088D98030850EF05087398030829
:1001E00038EF0508060004003598030838EF0508C5
:1001F000FFFF0300DD97030838EF05080400020045
:100200006794030838EF050804000200CD96030840
:1002100080EF0508A996030880EF0508DD9803081C
:1002200038EF0508FFFF01002996030838EF05089D
:1002300006000400BD98030880EF0508C595030873
:1002400080EF05085B94030838EF050804000200FE
:100250009598030838EF0508FFFF0300BF950308D2
:1002600038EF0508FFFF0300B995030880EF050884
:100270009593030838EF0508020000009D940308D9
:1002800080EF05084F94030880EF05088D9303085D
:1002900068EF05084594030838EF050802000000E0
:1002A0002599030880EF05080D94030880EF0508E1
:1002B000FB93030880EF0508E393030880EF05082C
:1002C000BF93030880EF05089B93030880EF0508A0
:1002D0008593030838EF0508FEFF0500199303080E
:1002E00070F30508E8020608D4E9050827000000B5
:1002F00004000000F8020608BA000000421B0000DB
:100300003A1C000010E80508E2210000E8F40508A6
:10031000A210000004EA050870F30508200306088F
:10032000D4E9050847000000080000003003060873
:10033000BA0000000A1E00003A1B0000A4030608D1
:100340006A1C00009C030608EA1C000094030608CF
:100350008A1F00008C03060812210000840306088F
:10036000022100007C030608FA260000700306083C
:1003700038EF050802000000159A030898EF0508F9
:10038000FD99030898EF0508E799030898EF050819
:10039000C999030898EF0508B999030898EF05086B
:1003A000A999030898EF0508DD99030870F305087B
:1003B000B4030608D4E905082F000000050000007A
:1003C000C4030608BA000000521F0000B203000078
:1003D000AC4E06082A0F0000000406084216000072
:1003E00044FB0508320A000010FB0508FF9A0308C9
:1003F000F19A0308599A0308000000000004060857
:10040000B8FC05080000E501010000000000000044
:1004100000020000519A0308EC0306089504030249
:1004200000000000270303020100000070F305082C
:1004300034040608D4E90508770100002E00000006
:1004400044040608BA000000BA200000CA1C0000DC
:10045000C0EE0508B2220000B8EE0508E226000052
:10046000B0EE0508121F0000A8EE0508F2210000FA
:10047000A0EE05082A260000F4060608D2030000B4
:10048000EC060608421D0000E40606084A1D0000AE
:10049000DC0606086A200000DC0506087A20000059
:1004A000D406060872200000CC060608821B000055
:1004B000C4060608D2250000BC060608DA2600009D
:1004C000B406060852190000AC060608EA19000036
:1004D000A4060608121A00009C0606087A1B0000F3
:1004E00094060608C22500008C060608D2260000E5
:1004F000840606084A1900007C060608E219000076
:1005000074060608021A00006C0606080A1A0000A3
:1005100064060608EA1A00005C0606086A1B00006A
:1005200054060608521D00004C060608AA1D0000CD
:1005300044060608C21D00003C060608DA1D00003D
:10054000D4050608F21F00001406060882210000E8
:10055000CC050608921F0000340606089A1F00000A
:100560002C060608A21F0000240606087A1F0000B9
:10057000E8050608722700001C060608A2230000F2
:10058000C4050608121C0000BC0506085A1D000020
:10059000B4050608121D00000C0606081A1D00000E
:1005A00004060608021E0000FC05060822200000C2
:1005B000F405060880EF0508219F030880EF050871
:1005C000C99D030880EF0508E59D030880EF050835
:1005D000579F030880EF0508AD9F030838EF050813
:1005E000040002000DA0030838EF0508FFFF050016
:1005F000959B030880EF0508C19C030880EF050860
:10060000CD9C030880EF0508D99C030880EF0508FE
:10061000E59C030868EF0508839F030880EF050841
:10062000459F030880EF0508299B030880EF050814
:10063000659B030880EF0508419B030868EF0508E8
:10064000899E030880EF0508D79F030880EF0508FF
:10065000F19C030868EF0508959E030880EF0508E4
:10066000FB9F030868EF0508A19E030880EF0508BB
:10067000FD9C030880EF0508099D030880EF05082D
:10068000159D030880EF0508219D030880EF0508EC
:100690002D9D030880EF0508399D030880EF0508AC
:1006A000459D030880EF0508519D030880EF05086C
:1006B0005D9D030880EF0508699D030880EF05082C
:1006C000759D030880EF0508819D030880EF0508EC
:1006D0008D9D030880EF0508999D030880EF0508AC
:1006E000A59D030880EF0508B19D030868EF050884
:1006F000AD9E030880EF0508BD9D030870F3050853
:1007000004070608D4E90508670000000C00000093
:1007100014070608BA000000221B0000CA1C0000D3
:10072000C0EE0508B2220000B8EE0508AA220000BB
:10073000B4070608D2220000AC0706087A2400009D
:10074000A4070608421D00009C0706086A20000056
:1007500094070608722000008C0706082A2600006D
:10076000840706087A1B00007C070608C2250000E3
:100770007407060880EF05087DA0030880EF0508D0
:10078000D5A0030880EF05082DA1030880EF050818
:1007900095A1030880EF0508E9A1030880EF05088B
:1007A00035A2030868EF050879A2030880EF050861
:1007B000D5A2030880EF0508B7A2030870F3050867
:1007C000C4070608D4E90508670000000C00000013
:1007D000D4070608BA0000009A0300004202000095
:1007E00064E60508522200007C0806081A21000071
:1007F00070080608922300006408060832260000EC
:100800005C0806089A19000044080608821E0000C9
:10081000540806088A1E00004C080608DA1F00006B
:100820003C080608E214000050F5050812250000F7
:100830003408060868EF0508D1A3030880EF05080F
:1008400061A3030880EF05080D10030898EF050861
:1008500071A3030898EF050889A3030898EF05081A
:1008600017A3030838EF05080200000095A303084A
:1008700038EF05080200000025A3030838EF05083B
:100880000200000009A4030870F305089008060898
:10089000D4E905083700000006000000A00806089B
:1008A000BA00000092260000C21A0000F4080608F0
:1008B00062220000DC0806086A220000D008060850
:1008C000DA270000E8080608E2270000E808060822
:1008D00038EF0508FEFF070009A7030838EF0508F1
:1008E000FEFF0300C5A6030838EF05080600040054
:1008F00011A5030880EF0508F7A4030870F30508A5
:1009000004090608D4E90508770000000E0000007D
:1009100014090608BA000000C2260000CA19000027
:10092000200500201A280000340A060822280000AA
:10093000200A0608021F0000B4090608CA220000A7
:10094000A4090608B21A00006A030000D2200000C1
:1009500014F105083A1D00009809060862260000F7
:10096000C05706086A260000B85706085A26000035
:10097000B05706089A210000CC0400200A2300008A
:100980008C090608500463046404000038EF05086D
:100990000400020075A7030838EF050802000000F4
:1009A0005DA70308DCFA050800000000070000004E
:1009B000959F050830E70508050000009A03000030
:1009C000080A0608F80906080D3E0000E8090608AE
:1009D000D40906083B0400000305000022030000C0
:1009E0002303000021030000DCFA050800000000DA
:1009F0000D0000009D9F0508DCFA050800000000BE
:100A00001E000000DDAC050824FC05080400000001
:100A1000030000003B000000010000000A0000008D
:100A200024FC050803000000070000000900000086
:100A300001000000DCFA05080000000028000000AA
:100A4000AB9F0508B85706084D85030870F30508E5
:100A5000540A0608D4E90508C70000001800000081
:100A6000640A0608BA000000221D00002A1D0000CA
:100A7000240B0608BA0C0000030000009A0C0000CA
:100A800005000000620C00000B000000220C0000BA
:100A900013000000120C000017000000A20C000060
:100AA00019000000020C00001B000000420C0000B6
:100AB00023000000920C0000270000006A0C0000D8
:100AC0002B0000005A0C00002D000000B20C0000AA
:100AD000BF0000000A0C0000C50000002A0C000046
:100AE000CF0000003A0C0000D10000008A0C00008A
:100AF000D3000000AA0C0000D7000000C20C0000C8
:100B0000DD000000320C0000DF0000004A0C000095
:100B1000E30000001A0C0000E5000000520C000089
:100B2000E7000000D4E90508B60000001600000048
:100B3000340B060803000000BA0C0000050000009A
:100B40009A0C00000B000000620C00001300000073
:100B5000220C000017000000120C00001900000019
:100B6000A20C00001B000000020C0000230000008B
:100B7000420C000027000000920C00002B00000037
:100B80006A0C00002D0000005A0C0000BF0000009D
:100B9000B20C0000C50000000A0C0000CF000000ED
:100BA0002A0C0000D10000003A0C0000D300000025
:100BB0008A0C0000D7000000AA0C0000DD00000035
:100BC000C20C0000DF000000320C0000E300000057
:100BD0004A0C0000E50000001A0C0000E7000000CD
:100BE000520C00000AAB03080AAB03080AAB030867
:100BF0000AAB03080AAB03080AAB03080AAB0308F5
:100C00000AAB03080AAB03080AAB03080AAB0308E4
:100C10000AAB03080AAB03080AAB03080AAB0308D4
:100C20000AAB030888B60308EAB50308C8B5030889
:100C300076B5030840B503080CB503085AB4030899
:100C400026B40308EEB303082CB30308FCB2030870
:100C500054AD03081EAD03080AAB03080AAB030832
:100C60000AAB030842AE0308F8AD0308AAB60308AE
:100C700054B603082EB603080CB60308C2B4030822
:100C80008EB4030896B303085CB3030848B00308A6
:100C900022B0030806B00308C4AF030880AF0308FE
:100CA00048AF03080AAF0308CAAE0308A2AE0308A0
:100CB00078AE0308C4AD030894AD030820AC030864
:100CC000DCAB03080AAB03080AAB03080AAB030852
:100CD0000AAB03080AAB03080AAB03080AAB030814
:100CE0000AAB0308FEB003080AAB0308F0A8030828
:100CF00076B203084EB203082AB2030808B203080A
:100D0000A0B1030826A9030826A903086EB00308AA
:100D100084B003080AAB03080AAB03080AAB030854
:100D20000AAB0308D8B60308D2B60308CCB603084A
:100D30004EB60308F4B40308E2B40308D0B30308C2
:100D4000F8B20308DCB20308DAB20308C2B203083F
:100D5000A4B203085AB10308DEB00308D4B00308F4
:100D6000B4B003080AAB03080AAB0308EAAF0308F0
:100D7000DEB70308BCAB0308ACAB03089AAB0308AF
:100D8000EAAA030840AB030806AD03080AAB030850
:100D90000AAB03080AAB03080AAB03080AAB030853
:100DA0000AAB0308E6AC0308E6AC0308E6AC0308AC
:100DB000E6AC0308E6AC0308E6AC0308E6AC0308BF
:100DC000E6AC0308E6AC0308E6AC0308E6AC0308AF
:100DD000E6AC0308E6AC0308E6AC0308E6AC03089F
:100DE000E6AC0308E6AC0308E6AC0308E6AC03088F
:100DF000E6AC0308E6AC0308E6AC0308E6AC03087F
:100E0000E6AC0308E6AC0308E6AC0308E6AC03086E
:100E1000E6AC0308E6AC0308E6AC0308E6AC03085E
:100E2000E6AC0308E6AC0308E6AC0308E6AC03084E
:100E3000E6AC0308E6AC0308E6AC0308E6AC03083E
:100E4000E6AC0308E6AC0308E6AC0308E6AC03082E
:100E5000E6AC0308E6AC0308E6AC0308E6AC03081E
:100E6000E6AC0308E6AC0308E6AC0308E6AC03080E
:100E7000E6AC0308E6AC0308E6AC0308E6AC0308FE
:100E8000E6AC0308E6AC0308E6AC0308E6AC0308EE
:100E9000E6AC0308E6AC0308E6AC0308E6AC0308DE
:100EA000E6AC0308BEAC0308BEAC0308BEAC030846
:100EB000BEAC0308BEAC0308BEAC0308BEAC03085E
:100EC000BEAC0308BEAC0308BEAC0308BEAC03084E
:100ED000BEAC0308BEAC0308BEAC0308BEAC03083E
:100EE000BEAC03089EAC03089EAC03089EAC03088E
:100EF0009EAC03089EAC03089EAC03089EAC03089E
:100F00009EAC03089EAC03089EAC03089EAC03088D
:100F10009EAC03089EAC03089EAC03089EAC03087D
:100F20009EAC03087EAC03087EAC03087EAC0308CD
:100F30007EAC03080AAB03080AAB03080AAB03083C
:100F400056AC030856AC030856AC030856AC03086D
:100F500056AC030856AC030856AC030856AC03085D
:100F600056AC030856AC030856AC030856AC03084D
:100F700056AC030856AC030856AC030856AC03083D
:100F800056AC030856AC030856AC030856AC03082D
:100F900056AC030856AC030856AC030856AC03081D
:100FA00056AC030856AC030856AC030856AC03080D
:100FB00056AC030856AC030856AC030856AC0308FD
:100FC00056AC030856AC030856AC03080AAB03083A
:100FD0000AAB03080AAB03080AAB03080AAB030811
:100FE0000AAB0308696D706F727420001C2A060832
:100FF0006422060888200608501D0608C41B06083F
:10100000E4150608A01506088813060898100608B7
:101010006173796E63696F2F5F5F696E69745F5F7B
:101020002E7079006173796E63696F2F636F7265DB
:101030002E7079006173796E63696F2F6576656EC6
:10104000742E7079006173796E63696F2F66756EA7
:1010500063732E7079006173796E63696F2F6C6FA3
:10106000636B2E7079006173796E63696F2F73748F
:101070007265616D2E707900756173796E63696F49
:101080002E7079006468742E7079006F6E657769D0
:1010900072652E7079000000B8100608A4100608CA
:1010A0000C110608A810060824FC05080200000020
:1010B0000600000001000000790507002403240554
:1010C0002305190511005704E40310024E029A0487
:1010D000840486047E0011051305A4008B052205F7
:1010E000A1043B05260578033805240031051700C7
:1010F00016001A002705890083054D056B00A20024
:1011000085056F055A0540007A03000000000200C3
:10111000651306081811060858130608201106085A
:1011200000000200081306082C110608EF1206083A
:10113000D4120608C6120608B8120608921206084B
:101140008212060872120608591206083C12060896
:1011500003120608691106085C1106082206171F0B
:101160002812181417B13601637308151F2526B00D
:10117000140B36004343230063B01410B01316362B
:101180000159B143461227883401C112278834011E
:10119000C380C4228040C58042DC8057C680C7809F
:1011A00042C78057C8B0140C3600C9B0140C3600C2
:1011B0004448B94443230063425AB94357B2B5D8AF
:1011C000434EB1B65581B8F0EF4449B2B5DC444462
:1011D00081C9B5C4B0140FB9360159B94446B781B5
:1011E000B8F0E0C7B581E6C581E55788D743B37F3E
:1011F00059B7B3B65681E55788D7439E7F59B3B4E4
:101200002A02634904141F2B00C1228041C250C32B
:1012100080425F57C4B01415B3B236023002C3C265
:10122000B34446B1B32B01E5C1B280D9444242492F
:1012300081E55722817FD7431A59B1632206121FD5
:1012400024B0140B360059B01410B01313360159E2
:10125000B01411B136015951635206111F21B15F0B
:101260004B0EC212181410B01307B2360259423096
:1012700051632A06101F2312181410B01307B13639
:1012800002632A060F1F231218140FB01307B1367A
:1012900002633A060E1F211222B1340180425057D8
:1012A000C21218140DB013073601B1B25681E558B9
:1012B0005AD7432B5959516319040D1F1218140D95
:1012C000B0130736016319040C1F1218140CB01365
:1012D00007360163AA01060B1F201218140BB01366
:1012E000073601C2B14446B24343120365B2632AD2
:1012F00006061F07B1B01807B013071408B1130989
:10130000B1130A3602595163080204111B161C104E
:1013100004161D2281701616228055161322814C48
:10132000161E32001606502A01533301160B3202E4
:10133000160C3203160D3204160E3205160F320645
:101340001610320716113208161232091614320A14
:101350001615320B16175163000203111B161C10D1
:1013600003161D516318020180511B0216185432D6
:10137000001003111934031603543201100434020F
:1013800016041005161A5163A813060894130608CC
:10139000E4130608421C00008A2A0000A013060875
:1013A0007CEE0508CDCCCC3D59050700D8041304CC
:1013B0008803590493005F057E0570041C051A0517
:1013C0001B051905110057044D0574056C0598059A
:1013D000590019033105170016001A008900400052
:1013E000240000000000020013150608F013060890
:1013F000A414060864140608FC1306080000020082
:101400004E140608081406083914060810140608B5
:101410002104131AB01310825522807FEF88F0B098
:1014200013108355ED2302F4C1B0131082552281AD
:1014300000EF4443B1D1C1B1631904121AB01310C3
:10144000805588F0B013108155ED2302F46300023B
:101450000C11171618100C1619320016123201163C
:1014600013516300000002008C1406087014060873
:1014700082140608781406081104131AB013108297
:1014800055631104121AB0131080556300020B113A
:10149000171618100B1619320016123201161351B6
:1014A0006300000000000200FE140608B0140608E5
:1014B000EB140608B81406082104111AB01310C161
:1014C0001204B0130FB1340259B18055B18155F2F5
:1014D000B18255F2B18355F222817FEFB18455DCA0
:1014E0004447121C230134016551631A060E1A0F7A
:1014F000B1B0180F121B853401B0181051630002EF
:101500000A11171618100A16193200160E32011693
:1015100011516318020180511B02160280511B03F6
:1015200016031114110323003402444E8010042AC0
:10153000011B031C04160459427D110213051406F5
:1015400010073601444E8010042A011B071C0416A4
:1015500004594263110213051008D9444E80100447
:101560002A011B091C04160459424C1115110213BF
:10157000053401130416041903543200100A34020E
:10158000160A543201100B110A3403160B5432029E
:10159000100C110A3403160C100D161651630000BE
:1015A000AC15060800000000B81506089A050700EB
:1015B0000E0041054805570000000200D815060836
:1015C000C4150608C81506082104020480511B032F
:1015D000C11205B1B034026300020132001602519B
:1015E00063000000F4150608F015060898160608B2
:1015F0000CF8050847050700530501002B052905D0
:101600009D053F054A054B057A058A01A403C004E0
:10161000C403A202B2046C03900528052505A405A5
:101620008C055B05370580059105B304A402A8026B
:101630004903090456053C059605BD0461015B0399
:101640009305A4005C0511008A0599037B056A05D2
:1016500047007D007F057E0081057F000D030E039E
:10166000C90428038D05D80461047C052C052D05CB
:10167000170016001A006B055F04300050054C057A
:1016800089004D054604940527046B009B057605EB
:10169000220062056105970500000200671B06082D
:1016A000A416060860190608B31806088417060869
:1016B000F7160608B8160608B8C4010A26464748B1
:1016C00049B280DC4345B37FDC445A124AB134014D
:1016D000C1B37FD94446124BB13401C3B1B2B2B3E6
:1016E000F22E0255C1B01427B1360159B014283674
:1016F000005E516859516381D6010C1A444142453C
:101700001280511B0DC5B5140EB1B236028055C6FC
:10171000B5140DB680553601C7B7141050360159AF
:10172000B7141BB5131CB5131D81360359B7141E0E
:10173000B67F55360159B7141FB336015912053417
:1017400000C812021420B81421B7B0B43603360111
:10175000B81822480D120214238036015E516859D0
:101760004A1D5712021324DF4454C9490AB81322F0
:101770001425360059B96551C928095D4A015DB87B
:101780006300000000000200921806089017060887
:101790008B18060872180608601806085218060802
:1017A000A4170608F8460A21462A441250B01836F3
:1017B000480D120213181430B1360167594A2357E5
:1017C00012021324DF445AC44910B1142E360059B2
:1017D000B0133644425163B4655151C428045D4A84
:1017E000015D480BB1143736003002C5C64A0659B0
:1017F00040DA80015DB344764810B31415B5103853
:1018000052101750368401C54A24571243DF445DF5
:10181000C7491312021339143AB7360159B5142EB9
:1018200036005940680251C728075D4A015DB5146A
:1018300010503601591204B52C01B6103B62340227
:10184000C812021420B2B8B8340236015942E07E00
:1018500051639140040646B013225E5168595163AA
:1018600011042E4652B01836B013221425360059F2
:101870005163A8440A35464F5051B0142E360059D2
:10188000B0140636005E51685951638940043446ED
:10189000B063000205113E163F10051640320016D7
:1018A00034320116353202162E3203160632041671
:1018B00021516388D6010A0A4142121680100B2A70
:1018C000011B0C1C0BC45980511B0DC5B5140EB067
:1018D000B180B5130F36048055C6B5140DB68055CA
:1018E000B68155B682553603C7B714105036015924
:1018F000480BB71411B67F553601594A1B5712438E
:10190000DF4454C8490AB8130CB4DC4442B86551EA
:1019100051C828085D4A015DB2446DB252DE444EA2
:1019200080511B12C9B91413B913143601C2B34341
:1019300042B0C3B21415B71016B310175036840155
:10194000C7B71410503601591204B73401CA120235
:1019500013181419B736016759BABA2A026300007E
:1019600000000200291B06086C190608131B060854
:10197000081B0608021B0608F31A0608B61A060812
:101980009A1A0608581A0608201A0608EA190608BC
:1019900094190608C140042846B0132C434B120288
:1019A00014238036015E516863124AB0132C34014F
:1019B000C180C24265120213181419B0132A3601ED
:1019C0006759B0132A1427B1B2512E02553601C3FC
:1019D000B351DED34444B2B3E5C2B2124BB13401C9
:1019E000D743122300B0182C51632A06274647B06C
:1019F000132C4361B0132A1427B13601C2B2124B23
:101A0000B13401D944425163B251DED34447B1B23B
:101A1000512E0255C1B057132CB1E55A182C516301
:101A2000A9400433462300C1120213181430B01326
:101A30002A36016759B0132A14333600C2B251DE78
:101A400044424250B1B2E5C1B24447B17F558AD950
:101A50004442B16342125163B2400632464D230004
:101A6000C24272120213181430B0132A3601675999
:101A7000B0132A142FB13601C3B351DED34456122A
:101A80004BB334014343124E65B2B3E5C2B1124BBE
:101A9000B33401E6C1B1430BB263A24006314647FD
:101AA000120213181430B0132A36016759B0132AE2
:101AB0001431B1360163B241062F464D2300C212E4
:101AC0000213181430B0132A36016759B0132A14C0
:101AD0002FB13601C3B351DED34454B180DB44424D
:101AE000B363124BB334014342B263B2B3E5C242B3
:101AF0000E51639140040646B0132A142E36005945
:101B0000516309042E4651631A062D464CB0132B1F
:101B1000B15563A3010829462A2BB1B0182AB2B0E7
:101B2000182B2300B0182C5163080204113E163FF5
:101B3000100416402C002A015333001629320116D6
:101B40002D3202162E320316067F2A015333041655
:101B50002F32051631320616323207163332081686
:101B6000273209162851631002018110022A011B35
:101B7000031C0216025954320010043402160411D8
:101B800004163C1104163D51512A02533301160A22
:101B900054320210053402160585512A02533303CC
:101BA000161A807F2A0253330416261104130611D5
:101BB00004180711261104180811261104180951D8
:101BC00063000000D41B0608D01B0608101C060882
:101BD0000229000046050700530501001F051100FA
:101BE000C904E802A2057105960451047800250392
:101BF0006E04400579037A0361010D030E0317009B
:101C000016001A0089003200620561059705000080
:101C100000000200331D06081C1C0608201C0608D4
:101C2000000002000E1D06082C1C0608FB1C0608FE
:101C3000F11C0608B81C0608601C0608521C0608A1
:101C4000441C0608A8440A14181A1B1CB0140A36AF
:101C500000639140041318B0140F36005E5168639E
:101C6000B942040F18B0130680DC44C580B01308D5
:101C7000140E12021310360159B013081202131079
:101C8000181148055167594A295712021312DF44A7
:101C900060C14916B0130612021310D9444A81B02C
:101CA0001806B0140A360059B16551C128015D4AC1
:101CB000015D81B01806526319040A18B013068139
:101CC000DC444712192300340165B01308140B36A5
:101CD000004458B01308140C3600B0180612021352
:101CE0000D140EB01306360159424480B018065147
:101CF0006311040918B0130681D963110405188013
:101D0000B01806120214073600B01808516300021A
:101D10000411151616100416173200160532011696
:101D2000093202160A3203160F3204161332051650
:101D30001451631002018110022A011B031C0216B8
:101D4000025954320010043402160451630000009A
:101D5000601D06085C1D0608B81D06087A2A0000EA
:101D60004505070053050100BC04300584053A050C
:101D70007A035B0361019E05390556057903A200CC
:101D80003D002F059F05BD046705C904800093032E
:101D900025036E04A900A10549052100EA041700E6
:101DA00016001A0094006B006100330032005E00E0
:101DB000950505005E0500000000020050200608A1
:101DC000C41D06080E200608971F0608871F060870
:101DD0005C1F0608D81D060800000201431E060805
:101DE000E41D0608031E0608EC1D060849041A290E
:101DF0002B00B05F4B0CC11202140CB136012F1432
:101E0000423263B9040C17292929282A250213080C
:101E10001205DED3444251632500434E1224B4120E
:101E20002534024345B42701424C250181E62701B0
:101E30002501444251631202131814192502360178
:101E4000595163F0CA80C04085011406000708B0EC
:101E5000B7B8200003C23201B13401C38027071292
:101E600023B334018042C48057C4B3B45513155210
:101E7000DE444EB2B3B4551815250781E527074255
:101E800069B3B4551315435B1224B3B45513081248
:101E9000253402434C250043481223B33401D12793
:101EA0000742471226230034016581E5585AD7437B
:101EB000B67F59591202130E270850C5250780D83E
:101EC000446612052508180848055167594A1957EC
:101ED0001202130ADF4450C6490652C5B6270751FD
:101EE00051C628065D4A015D1223B334018042DAEF
:101EF0008057C4B3B4551315B2DE445352B3B4552E
:101F00001815B54448B3B4551409360059427A122D
:101F100024B3B455130812253402444CB3B45513FA
:101F200008130FB3B45642612500444AB3B45513A5
:101F300008B3B456425312242507122734024449E9
:101F4000B3B45513082707424081E5585AD743A038
:101F50007F595925074443250765B36300000200F4
:101F6000721F0608681F06086C1F06080904162859
:101F70005163080205111F16201005162111223287
:101F8000003401161651632A06121C1E120BB0B142
:101F900012021313340363DB43080B1C1E041202EA
:101FA000140CB03601C0B151DE4445B05E516863D7
:101FB0001202140D12071202130EB034023601C3BE
:101FC000480AB2B134015E5168594A3257120213BD
:101FD0000ADF4469C4491FB4130FC5B551DE444834
:101FE000B31409360059B465B552DE4446B4131033
:101FF000815563B5655151C428045D4A015DB31430
:1020000009360059B35E5168591202131165D24264
:1020100006071B1C4809B15E5168C252C34A1657D5
:10202000121DDF444FC4490551C2B4C35151C428E5
:10203000045D4A015DB0130851DE4452B014093604
:1020400000444B1202140AB3B23602B018085163AE
:102050001802018110022A011B031C0216025932C8
:10206000001607110213042A01533301160B320222
:102070001612543203100534021605532C0050106A
:102080000662330416145163942006080000000011
:10209000D420060844050700530501001D05EA0386
:1020A0002E05E5011100C904E802A2056E058C00A9
:1020B00025036E047800510446009C0579037A03D9
:1020C000EB0337057F052600170016001A0089006C
:1020D0008205B3030000020027220608E02006085C
:1020E00078210608E82006080000020054210608AE
:1020F000F42006084A210608372106082D21060883
:102100002321060808210608994004131DB013096D
:10211000434B120213171418B03601675980B018D8
:102120000951631104121D80B01809516311040D87
:102130001D81B0180951632308161D1E1FB183D9D4
:102140004446B01309B2F4637F631104081D80B0E4
:1021500018095163000206111A161B1006161C32CC
:10216000001608320116163202160D32031612320C
:102170000416135163000000000002000622060846
:1021800084210608F3210608EB210608C62106086B
:10219000BC21060898210608994004131DB01309B4
:1021A0004358B0130B140F12021314360159B01315
:1021B0000B12021314181551675952631104121DA2
:1021C00050B01809516321040D1D42501202130E24
:1021D000140FB0130B14103600360159B0130B1442
:1021E000113600432752B01809516309040C1DB081
:1021F0001309631104081D50B018091202140A369D
:1022000000B0180B5163000204111A161B100416BB
:102210001C320016083201160C3202160D3203165B
:10222000123204161351632C02018110022A011B81
:10223000031C0216025954320010043402160448DA
:102240001580511B051605543201100611051307A0
:10225000340316064A0A571119DF4443594A015DEF
:10226000516300008C2206087022060864230608C9
:102270007C220608AA2A0000C22B0000DCFA05080E
:10228000CDFD00001F000000FB9F0508430507006F
:10229000E504E404E204E704D804AB04E802E7023E
:1022A0002003960561012F057505630565052A055F
:1022B0001E052105BD04C904BC04390556058A0064
:1022C0006E048805510454047200A00578007A0356
:1022D0006E039B004E05A20086053E056805570566
:1022E000770511006105130019001F035C047D05CB
:1022F0003405930449024A0231043305FD047F0585
:1023000080058000EC038705960047008E053605A2
:1023100069055805AE03CB046605540561049905AB
:1023200021002400350579033D05170016001A0029
:1023300095058F0518045E004905610059003600B7
:102340005800250373053300370543008905A305AD
:10235000320089008A056D055B005D05CC037205BE
:1023600052057B0000000200402906087023060881
:102370003329060826290608B42806089A280608DC
:1023800088280608A42606088E260608662606085B
:102390000C250608FE240608F8240608DC23060897
:1023A000D1230608BE230608AC23060800022A1221
:1023B000083400175B12123400175E121363080210
:1023C00029124D51DE444712622302340165124D39
:1023D000639280010628606112136300000002000E
:1023E000C4240608E8230608BA240608A024060820
:1023F000922406087A240608752406086A2406082A
:1024000062240608222406080C2406081904246AFB
:10241000121313414504121313431213B03402591B
:102420005163420643696A126BB1100E5510441293
:1024300006134534820159126B1046B11010551025
:1024400047B110105513221044120613453482046C
:102450005912061448B1100F551206134536025989
:102460005163000242121313416311044068B01219
:10247000131841516300023F516310023E124E5146
:10248000DED3444C125B141A124E36015951174ECA
:10249000516319041B56121B1217B0340134016327
:1024A00010023D120912273400125A340034021768
:1024B0004E121B124E340159516311041822121886
:1024C000B0340163000213114F165010131651510E
:1024D0001641320016183201163D3202161B320325
:1024E000163E3204163F32051640320616423207B7
:1024F00016433208162451638040022751631904A1
:102500002622121B1218B03401340163F103041B9C
:102510005C120C124B2A02C1120C125D2A02C281FB
:10252000C3427E7FC3125B141C3600C4B4445312F2
:1025300054801203B4131D1249340034023402C310
:102540004257125E131E435151174DB04445B0130C
:10255000154342516383C34240125E141FB33601D8
:1025600059B380D843BC7F125B14203600C4B41723
:102570004D4822B41321C5B5434BB413221419514D
:10258000360159424D51B41821B413221423B536E3
:1025900001594ACC0157B1DF44C581C649BA01B4DB
:1025A000B0DEC7B7445D51174D1257B6125D340205
:1025B000434650B41815B665B4131551DE44445063
:1025C000B41815B4131544E480B4131552DE444C0A
:1025D000B7444350424151B418154278125FB413C6
:1025E0001534014450B41415B4B636025950B41819
:1025F0001552C7425F4250125B141AB413151420CF
:10260000360036015952C7B41315141C360043273F
:1026100050B41815B743501257B6B234024348129B
:102620005B141AB4360159B6B418214262B41315BA
:1026300051DE445BB5B41821B5124C100F56B412DC
:102640004C10105612131424124C3601594240B447
:10265000B0DE4444B61325635151C628065D4A01D5
:102660005D42BB7D5163210418221258B010193409
:10267000024347125923013401651209B0125A343A
:10268000003402C1125B141AB1360159B163190446
:1026900017561257B0120934024442B0631218B0F0
:1026A00034016300000002005F280608B026060817
:1026B0004B280608E2270608C7270608B827060899
:1026C000A927060868270608CC26060862061F63A5
:1026D00067B01331143CB136015F4B89013002C23F
:1026E000C3B0131E1266B2340155C4B312071335BA
:1026F000D2EF4456B4805551DED3444E125B141AC7
:10270000B4805536015951B48056B312071334D2F0
:10271000EF4456B4815551DED3444E125B141AB4C3
:10272000815536015951B48156B4805551DE44501B
:10273000B4815551DE4449B01437B2360159426371
:10274000B4805551DE444FB013311436B212071322
:1027500035360259424DB013311436B212071334D4
:1027600036025942F47E51636A063B630B51C2B094
:10277000131E5F4B1FC3B0131EB3553003C4C5C631
:10278000B4B1DE4345B5B1DE4448B6C259595959D2
:102790004242421FB251DED34449B01437B636012B
:1027A0005942424242420651632A063A6364B014D7
:1027B00032B18136025951632A06396364B014324A
:1027C000B18036025951632206376364B0131E127A
:1027D00066B13401535B56B013311438B136015928
:1027E00051634B08326364651266B13401B0131E45
:1027F000DDD3446F5151B12B03C3124DB3B256B365
:10280000B0131E1266B1340156B013311433B1B295
:1028100080D9444612071334424412071335360256
:10282000594261B0131E1266B1340155C4124DB441
:10283000B256B013311436B11207133412071335E0
:10284000ED360259B0124D1821516311042B631259
:102850000714303600B018312C00B0181E51630038
:102860000212114F1650101216513200162B32015F
:10287000163232021637320316393204163A32054E
:10288000163B3206161F51632104165212141255BC
:10289000B0228768F43401340163B2010614525344
:1028A000120412493400125480B034023402B118B8
:1028B00015B16300000002000D290608C0280608B3
:1028C000FC280608F6280608CC28060821042E63F2
:1028D000B0131551DED34452125B141A124DB013CB
:1028E0001536025951B01815516351B0132C182FD9
:1028F000B0132C65516309042D63B06311042B637D
:1029000051B01815125D3400B0182C51630002113B
:10291000114F1650101116513200162B3201162D80
:102920003202162E516300020D114F1650100D1673
:1029300051516300020C114F1650100C1651516387
:102940002C0201801002100310042A031B051C0234
:1029500016491C0316031C0416045980511B061645
:102960000680511B071607481480100810092A0218
:102970001B0A1C0816081C091609594A1659811009
:102980000810092A021B0B1C0816081C09160959F5
:102990004A015D543200100C114A3403160C5432B3
:1029A00001100D114B3403160D2C032300100E6281
:1029B00051100F6251101062164C54320210113433
:1029C000021611111134002A015333031614320474
:1029D0001616543205101234021612320616173229
:1029E000071618512A01533308161B3209162632CE
:1029F0000A162751174D51174E54320B101334023B
:102A0000161380802A0253330C1628320D162932F1
:102A10000E162A112A34005951630000582A06085C
:102A2000282A0608842A0608442A0608FA2C0000E8
:102A300072290000D22B00008A2C000062290000BD
:102A40006A29000024FC05080300000007000000BC
:102A500001000000010000004205070005005305C9
:102A600064059E05670560051D0570051F05920537
:102A70000E005600310532054805200057001903A5
:102A80005800000000000200C72A0608902A060825
:102A9000942A060849040C10120F140DB051360286
:102AA000C1B151DE44461211B03401651212121345
:102AB000B1121434005152813405B03402C2B21242
:102AC000143400B056B2631002018110022A011BB7
:102AD00003692300160E2C0A10041005621004234B
:102AE000016210041006621007100862100723022A
:102AF000621009100A62100B230362100B23046298
:102B0000100B230562100B230662160F3200160C01
:102B10005163000004B60508190500800A00000092
:102B20008C000000E82D06085C2D06081BA0050897
:102B300021A0050827A005082DA0050835A0050837
:102B40003BA0050843A0050848A005085AA00508B1
:102B50005FA0050869A0050871A005087EA005080A
:102B600092A005089DA00508A6A00508B1A005082B
:102B7000B8A00508CBA00508D2A00508DFA005086D
:102B8000ECA00508FBA0050808A1050810A1050890
:102B90001CA1050823A105082CA1050835A10508DD
:102BA00042A105084FA1050859A105085DA1050826
:102BB0006EA1050873A105087FA1050886A1050877
:102BC00091A105089AA10508A1A10508267D05087F
:102BD000A9A10508BDA10508CDA10508DEA105082C
:102BE000EFA10508FFA105089D7F050811A20508B2
:102BF00080A4050814A205081EA20508BC7D0508CE
:102C000026A205083DA205084AA205084DA205080E
:102C10003AA105085CA2050861A2050867A205089B
:102C20007AA2050886A2050893A20508ADA20508A8
:102C30008A880508B4A20508CCA20508D2A2050816
:102C4000DCA00508D5A20508D4A40508D9A205086A
:102C5000DDA20508C0840508E6A20508ECA2050867
:102C6000F3A2050843A20508FBA205080AA305086C
:102C700020A305082FA3050834A305083DA30508D4
:102C800041A3050848A30508838105081296050895
:102C900088A305084EA3050858A3050860A30508E6
:102CA0001A9B050868A3050877A305088DA30508E6
:102CB00098A30508A8A30508B0A30508B9A30508AB
:102CC000959F0508C0A30508CBA30508D7A3050851
:102CD000E2A90508E3A30508ECA305087BA1050804
:102CE0006FA10508FEA305080AA405081DA4050890
:102CF000F99F050826A4050831A4050841A4050884
:102D00004DA4050863A4050868A405086CA405087B
:102D1000367E050879A4050887A40508209B0508C8
:102D200081A205088AA405088DA4050899A40508B0
:102D30009FA405081487050864900508ABA405083E
:102D4000B7A40508C0A40508CCA40508DAA40508A2
:102D5000E1A40508E9A40508F3A40508050505078D
:102D6000050704110409070C130A080A0612060CC9
:102D70000C0E0C070B0608080C0C090310040B06BC
:102D80000A08060707130F10100F1104020609079F
:102D900003160C020E070405120B0C190604170586
:102DA00002020305030809050607060E150E0408AE
:102DB000030605040604090707010E150A0F070894
:102DC00006070A0B0B03081103030B1208010A0F75
:102DD0000B1504030C060D020104020B050B010484
:102DE0000B080B0D0607090B14695D80FD80286F29
:102DF000E98A92658EE8A7AB19E9B95168D8505DA8
:102E0000E128A46FCB11D6BDA00B393139D89C9ADB
:102E1000368B5625664B7C913F981A5F6AC2C06814
:102E2000243383CCD2A9821F5261B3E5FB7EADD897
:102E30001016253252601DD345ADB7F776F0016309
:102E400020B666407189B6BC336EF9C1EC0A6AA936
:102E50007449E84CB711E46E30CFFAD8BEDB0952A2
:102E600029C593521E2241B35ADDC8FCF921754988
:102E7000956DB26D6324C969DB24FCCBD2EB086B82
:102E800000393A598808034EBCECC74025357CAF61
:102E90005054C2E426A3AE230FBA3924FC7B1DAEE6
:102EA0006EBCCBB5890CD3BF0FD8D8638575802095
:102EB000EDA4569679CD1622C95C638B2C4CD4B9FF
:102EC000B58B6C89CC61EF9325CED6B5E24F58EF28
:102ED00064EFA8149A7DE98DBFF859D45AE8EC70D4
:102EE000D1B5289E936FE9DE430817D9D3B58E5527
:102EF000E3722A9FCB61241BF9ECEE798755CBF363
:102F00000000000000000000B8FC05080000F2000E
:102F100001020000000000000000000359C3030884
:102F2000E1C20308282F0608D4E905082F00000095
:102F300005000000382F060812240000602F060844
:102F40001A180000FFFF0100DA0A00000102000069
:102F5000CA0A000003020000D20A000005020000B5
:102F600080EF050805C503080C0A080638EF0508B8
:102F70000800080019C50308A404030100000000AC
:102F8000A604030100000000BA030202801A060032
:102F9000EA04020250C30000B8FC05080000C502A4
:102FA00001020000000000000003000479CC0308C7
:102FB00001CA0308BC2F0608DC2F060811CC030841
:102FC0000000000009CB0308E1CB030839CD03085A
:102FD000B7CB030865CD030800000000D4E905085D
:102FE000770000000E000000EC2F0608221F0000F2
:102FF000043106081A1C0000FC3006080A250000EF
:10300000F430060892040000EC300608B204000018
:10301000E4300608F2030000D8300608220500005C
:10302000D030060842240000C43006084A240000BC
:10303000B8300608AA280000AC300608BA280000FC
:10304000A030060852240000743006085A240000FC
:1030500068300608B22800005C30060838EF050822
:10306000FFFF0300D9C8030838EF0508FFFF03007E
:1030700089C8030838EF0508FFFF030031C80308BB
:103080002C030201000000002604020100000000E1
:1030900038030301000000002F03020208000000B3
:1030A00038EF0508080006004DC9030838EF050889
:1030B000080006000DC7030838EF050808000600E1
:1030C000C5C6030838EF05080800060059C70308FD
:1030D00068EF050879C6030838EF05080600040004
:1030E0001DC6030880EF050883CA030880EF0508A2
:1030F00061CA030880EF0508DDC5030880EF0508F5
:10310000C7C5030838EF0508FFFF03003DCA0308E1
:103110005B000301000000002C030201000000001E
:103120002F030202070000001B0403020600000038
:103130001F04020208000000CC0303000600000088
:10314000ED04020030000000CD030100000000008B
:10315000B8FC05080000D1010102000000030000D6
:1031600000000004A5D00308E9CF0308B5CF030889
:1031700074310608D4E90508570000000A00000071
:10318000843106081A1C0000F0310608F203000022
:10319000E831060822050000E03106086A1F000039
:1031A000D4310608320F0000030000003A0F00007F
:1031B000050000005A0F000009000000820F000007
:1031C00011000000420F0000210000004A0F000023
:1031D0004100000038EF0508FFFF0300D5CE0308CB
:1031E00068EF050869CF030868EF05088FCF03086B
:1031F00080EF050811D00308503106080054004044
:103200001F002000A885060894850608503106088E
:103210000058004021002200808506080C86060820
:1032200050310608005C004048004900C08606088E
:103230006884060800000000000000000000000094
:10324000000000000000000019CE030841CE030872
:1032500038EF05080200000055D40308B8E6050859
:10326000C20000000010000000400240B8E605085F
:10327000C9000000140000005028004094320608E5
:103280000400000094320608020000009432060890
:1032900001000000B8FC050800001B04000100004C
:1032A000000002000000000045D40308EDD303082D
:1032B00038EF050806000400DDD40308BA03020055
:1032C000FFFFFFFF98030202FFFFFFFF97030202C9
:1032D000FFFFFFFFE9030202FFFFFFFFB8FC050845
:1032E00000004F0201020000000000000000000387
:1032F0002DD9030891D50308FC320608D4E9050846
:103300002F000000050000000C330608221F0000FB
:10331000603306081A1C000058330608D21D00004E
:103320004C330608C21C000040330608BA1C0000DB
:103330003433060838EF05080400020035D60308C8
:1033400038EF050804000200C1D8030838EF05086B
:1033500004000200E9D7030880EF050859D50308E7
:1033600038EF0508FFFF0300ADD80308DC3206087C
:1033700001000000DC32060801010000DC32060812
:1033800001020000DC32060801030000DC320608FE
:1033900002000000DC32060802010000DC320608F0
:1033A00002020000DC32060802030000DC320608DC
:1033B00003000000DC32060803010000DC320608CE
:1033C00003020000DC32060803030000DC320608BA
:1033D00004000000DC32060804010000DC320608AC
:1033E00004020000DC32060804030000DC32060898
:1033F00005000000DC32060805010000DC3206088A
:1034000005020000DC32060805030000DC32060875
:1034100009000000DC32060809010000DC32060861
:1034200009020000DC32060809030000DC3206084D
:103430000A000000DC3206080A010000DC3206083F
:103440000A020000DC3206080A030000DC3206082B
:103450000B000000DC3206080B010000DC3206081D
:103460000B020000DC3206080B030000B8FC050864
:103470000000C4020100020000000000000300047C
:1034800025DB030851DC0308903406089434060851
:1034900025DC0308D4E905081F0000000300000034
:1034A000A434060812050000CC3406083A220000B5
:1034B000C434060832220000BC34060880EF050838
:1034C0000DDB030880EF050819DB030838EF05085A
:1034D0000400020085DC03084503020020A1070068
:1034E0005B0402020000000055040202000000001C
:1034F0004A03020208000000B203020200000000BA
:10350000A3040302000000003404030200000000D2
:103510002B0403020000000045030200FFFFFFFF31
:103520005B040200FFFFFFFF55040200FFFFFFFFE7
:10353000B2030202FFFFFFFFA3040302000000002A
:1035400034040302000000002B040302000000000A
:10355000B8FC05080000C6020102000000000000DF
:1035600000030004B1DE0308C9DD03087435060852
:103570008035060845DE030800000000C1DD0308B1
:10358000D4E905084700000008000000903506084F
:10359000221F0000003606081A1C0000F835060835
:1035A000EA030000EC350608F2030000E0350608E7
:1035B00022050000D835060882280000D03506080C
:1035C0002210000001000000FA0F000001010000BD
:1035D00050EF050881DD030868EF050861DD030889
:1035E00038EF05080600040025DD030838EF05085C
:1035F00006000400E1DC030880EF0508B7DC0308DF
:1036000038EF0508FFFF030097DC03082F040202D0
:10361000020000005A0303020000000053040202EB
:10362000FFFFFFFFE1040202E8030000BA03030208
:1036300006000000CD03010200000000D4E90508E7
:1036400027000000040000004C360608221F00007E
:10365000743606081A1C00006C3606087A10000042
:10366000030000001A1200000500000080EF0508AA
:1036700039DF030838EF0508FFFF030075E0030892
:10368000B8FC05080000EA0201020000000000008A
:10369000000000030DE0030845DF03083C36060880
:1036A00045030201802500004A03020008000000D3
:1036B0004E04030006000000960002000100000016
:1036C000B603020200000000EA040202000000004B
:1036D000EB04020200000000A0040202FFFFFFFF53
:1036E0007B04020240000000B8FC05088001EC02E7
:1036F00001020000000000000003000441E3030891
:103700007DE403080C3706081C370608D3E20308DB
:10371000F5E303083DE4030800000000D4E90508D0
:103720008F000000110000002C370608221F000047
:10373000F03706081A1C0000E8370608BA1D00001A
:1037400064FD0508EA030000D8FD0508FA0300003F
:103750009CFD0508F2030000A8FD050822050000F5
:10376000C0FD0508DA010000E03706087A270000EE
:10377000D837060872250000D03706083A24000022
:10378000C8370608A2280000C03706086A1F0000D4
:10379000B4370608DA14000001020000020B000032
:1037A000010400007A0F000021000000720F0000E9
:1037B0004100000038EF0508FFFF0300D9E10308CE
:1037C00068EF050879E2030880EF0508B3E2030813
:1037D00080EF05089BE0030880EF050897E00308E9
:1037E00080EF050829E3030880EF050837E30308A5
:1037F00038EF0508FFFF0300C5E103085B00030085
:1038000001000000EA04020088130000B8FC05086B
:10381000000006030100000000000000000000029C
:10382000FDE5030828380608D4E905080F00000064
:1038300001000000383806086A1D000040380608FC
:1038400080EF05088DE503080C38060800300040BD
:10385000AAAA000070F305085C380608D4E9050838
:103860001F000000030000006C380608BA000000CA
:103870000219000042170000103906083A1700002C
:10388000F038060869E8030839E9030880EF0508FD
:1038900075E9030880EF05085BE70308D4E905082C
:1038A0002700000004000000AC3806088A2200004F
:1038B000E838060872230000DC380608C20300005E
:1038C000D438060802040000CC38060868EF050862
:1038D0008DE7030880EF0508B1E8030838EF050815
:1038E00006000400FDE8030880EF050851E703081F
:1038F000B8FC05080001E702010000000002000317
:1039000000000000A5E70308EDE703088438060877
:10391000B8FC05080000E8020100000000000000FB
:10392000000000026FE703089C380608410401000C
:103930000100000070F305083C390608D4E90508C9
:1039400037000000060000004C390608BA000000ED
:10395000421A0000C21E0000A4390608B227000067
:103960009C3906083219000094390608221A000012
:1039700088390608BA1B00007C39060838EF0508AC
:10398000040002002DEA030838EF0508FFFF0300DA
:1039900061EA030880EF050879EB030880EF05086A
:1039A0002DEC030838EF05080400020039EC030889
:1039B000000000006410B71DC8206E3BAC30D92653
:1039C0009041DC76F4516B6B5861B24D3C710550FF
:1039D0002083B8ED44930FF0E8A3D6D68CB361CB27
:1039E000B0C2649BD4D2D38678E20AA01CF2BDBDDB
:1039F00010111200080709060A050B040C030D023A
:103A00000E010F0018000100200002002800030032
:103A1000300004003810050040100700482009005D
:103A200050200D00593011006930190079402100F3
:103A3000894031009A504100BA506100DA6081003B
:103A4000FA60C1001B7101015B7181019B81010260
:103A5000DB8101031C9201049C9201061CA3010856
:103A60009CA3010C1DB401101DB501181DC6012039
:103A70001DC7013010D8014000D0016070F3050867
:103A8000843A0608D4E90508370000000600000063
:103A9000943A0608BA0000000A1C0000FA0B000065
:103AA000C43A06084A09000001000000BA120000EA
:103AB000030000006218000005000000420E000034
:103AC00007000000B8FC050800007F0101000000AD
:103AD0000000000000020003B5EC0308243B0608C8
:103AE000E43A0608D4E905083700000006000000A3
:103AF000F43A0608EA030000E4FD0508F2030000BA
:103B0000B4FD0508FA0300009CFD05083A02000018
:103B10008CFD05086200000064E605086A000000EC
:103B200080FD05088DF403080000000049ED03083E
:103B30000000000070F305083C3B0608D4E90508C6
:103B40005F0000000B0000004C3B0608BA000000BC
:103B5000CA1D00008A0D0000FC3C0608920D000002
:103B6000A43B06082A100000010000001A10000003
:103B7000010000008A130000030000002A0E00006C
:103B80000B000000320E0000050000003A0E00009D
:103B90000D0000000A1000000700000012100000D5
:103BA0000900000038EF050808000600A9FB03081B
:103BB000D4E90508670000000C000000C03B0608BF
:103BC0007A1D0000A03C0608821D0000943C0608F7
:103BD000C2220000883C0608D21E00007C3C060879
:103BE00042280000703C06087A240000643C060865
:103BF0003A200000583C0608E21C00004C3C060835
:103C0000EA220000403C06086A1A0000343C06081C
:103C10002A2500002C3C0608F2260000203C06085D
:103C200038EF05080A000800E9FB030850EF050813
:103C300099F8030838EF05080C0008001904040877
:103C400038EF05080C000A005B01040838EF05088E
:103C500010000C000100040838EF05080C000C00EF
:103C6000EFFE030838EF05080E000C0043FD0308C3
:103C700038EF05080A000A005BF9030838EF050869
:103C80000A000A0085F9030838EF05080800060055
:103C9000D9F9030838EF05080C000C00AFF9030848
:103CA00068EF050835FA030847F6030873F60308BA
:103CB0008DF60308DFF60308EFF60308FDF60308A8
:103CC000A3F70308CDF70308C1FC030881F5030837
:103CD000B5F50308D5F5030881F50308B5F5030824
:103CE000D5F503082FF7030857F7030871F7030802
:103CF000E5F70308F3F7030899FC0308B8FC050887
:103D00000000B101010000000000000002000003FB
:103D100085FB0308D9FB0308B03B06080000000040
:103D2000000000000000004F4F00000000070700E7
:103D300000070700147F7F14147F7F1400242E6B6C
:103D40006B3A1200006333180C66630000327F4D3B
:103D50004D777250000000040603010000001C3E75
:103D600063410000000041633E1C0000082A3E1C25
:103D70001C3E2A080008083E3E080800000080E0BB
:103D80006000000000080808080808000000006043
:103D90006000000000406030180C0602003E7F49C1
:103DA000457F3E000040447F7F40400000627351E9
:103DB000494F460000226349497F36000018181415
:103DC000167F7F1000276745457D3900003E7F49FB
:103DD000497B3200000303797D07030000367F49E9
:103DE000497F360000266F49497F3E0000000024CD
:103DF00024000000000080E46400000000081C367D
:103E00006341410000141414141414000041416370
:103E1000361C080000020351590F0600003E7F4186
:103E20004D4F2E00007C7E0B0B7E7C00007F7F4977
:103E3000497F3600003E7F4141632200007F7F4181
:103E4000633E1C00007F7F4949414100007F7F099C
:103E500009010100003E7F41497B3A00007F7F0855
:103E6000087F7F000000417F7F410000002060410B
:103E70007F3F0100007F7F1C36634100007F7F4051
:103E800040404000007F7F060C067F7F007F7F0E52
:103E90001C7F7F00003E7F41417F3E00007F7F0905
:103EA000090F0600001E3F21617F5E00007F7F1921
:103EB000396F460000266F49497B32000001017FBF
:103EC0007F010100003F7F40407F3F00001F3F60B7
:103ED000603F1F00007F7F3018307F7F0063771CBA
:103EE0001C77630000070F78780F07000061715995
:103EF0004D47430000007F7F414100000002060C57
:103F000018306040000041417F7F000000080C062F
:103F1000060C0800C0C0C0C0C0C0C0C00000010383
:103F20000604000000207454547C7800007F7F4415
:103F3000447C380000387C44446C280000387C44C1
:103F4000447F7F0000387C54545C580000087E7F1A
:103F5000090302000098BCA4A4FC7C00007F7F043D
:103F6000047C78000000007D7D0000000040C080DF
:103F700080FD7D00007F7F30386C44000000417F71
:103F80007F400000007C7C1830187C7C007C7C0426
:103F9000047C780000387C44447C380000FCFC241D
:103FA000243C180000183C2424FCFC00007C7C0409
:103FB000040C080000485C545474200004043F7F43
:103FC00044642000003C7C40407C3C00001C3C6081
:103FD000603C1C00001C7C3018307C1C00446C3899
:103FE000386C4400009CBCA0A0FC7C0000446474BD
:103FF0005C4C44000008083E77414100000000FF8F
:10400000FF000000004141773E0808000002030164
:1040100003020301AA55AA55AA55AA5570F305082B
:1040200024400608D4E9050817000000020000003B
:1040300034400608BA0000007A1E0000B2250000D5
:1040400044400608B8FC05080000B6040100000062
:1040500000000000000000021D0704086040060880
:10406000D4E90508170000000200000070400608AF
:10407000FA04000088400608621C00008040060820
:1040800080EF0508FD07040868EF0508ED06040841
:10409000982F8A4291443771CFFBC0B5A5DBB5E9B3
:1040A0005BC25639F111F159A4823F92D55E1CAB27
:1040B00098AA07D8015B8312BE853124C37D0C55B5
:1040C000745DBE72FEB1DE80A706DC9B74F19BC1FD
:1040D000C1699BE48647BEEFC69DC10FCCA10C24ED
:1040E0006F2CE92DAA84744ADCA9B05CDA88F976D1
:1040F00052513E986DC631A8C82703B0C77F59BF3B
:10410000F30BE0C64791A7D55163CA066729291466
:10411000850AB72738211B2EFC6D2C4D130D385303
:1041200054730A65BB0A6A762EC9C281852C7292C5
:10413000A1E8BFA24B661AA8708B4BC2A3516CC7F3
:1041400019E892D1240699D685350EF470A06A102C
:1041500016C1A419086C371E4C774827B5BCB0347B
:10416000B30C1C394AAAD84E4FCA9C5BF36F2E6819
:10417000EE828F746F63A5781478C8840802C78CA8
:10418000FAFFBE90EB6C50A4F7A3F9BEF27871C6AB
:1041900070F3050898410608D4E9050827000000D7
:1041A00004000000A8410608BA000000AA1E000092
:1041B000A21E0000D84106089A1E0000D041060841
:1041C000921E0000C841060880EF0508EF080408A9
:1041D00080EF05080D09040868EF0508490904087F
:1041E000B00403020600000070F30508F041060861
:1041F000D4E905082F000000050000000042060871
:10420000BA000000D21F0000A21C000044420608B1
:10421000AA1C00003842060852200000304206085E
:104220005A2000002842060880EF0508890D04087E
:1042300080EF0508390A040838EF0508FFFF03007E
:104240002D0A040838EF0508FFFF0500330A0408AB
:1042500070F3050858420608D4E905083F0100003C
:104260002700000068420608BA0000009A200000FB
:10427000F22000008C320608E2200000843206089A
:10428000EA2000007C3206080A21000050320608AD
:10429000CA270000C44306080A2600009809060839
:1042A0007A1A0000E4430608D2240000D44306082A
:1042B000DA240000CC430608E21E0000DC430608B6
:1042C000D21D0000B843060832200000AC430608A7
:1042D000FA1B0000A04306085A1A00006C2F0608BB
:1042E000421C0000905806084A270000B032060819
:1042F000221600006C3406082A160000982F0608C3
:10430000321600005035060892070000082F0608F4
:104310006A0E0000206E06088A0E00005031060862
:104320007A120000DC32060852150000046F0608FD
:1043300062170000E8360608321800000C3806083C
:104340001A1F0000F0430608E2250000AC430608EF
:10435000721C0000C4580608F21C0000B858060879
:10436000AA120000906106089A130000CC7C06088F
:104370005217000080360608921200000300000069
:104380005A0E0000050000003A1800000700000067
:10439000BA0B0000090000001A150000010000001F
:1043A00038EF050802000000EB10040838EF05089C
:1043B00002000000CD10040838EF050808000000D6
:1043C0000D10040898EF05080110040898EF05087F
:1043D000C90D040898EF0508F90F040898EF0508BF
:1043E000C10D040838EF050802000000751104082B
:1043F00038EF050802000000D90D040870F3050825
:1044000004440608D4E9050837000000060000004F
:1044100014440608BA00000002220000921B0000AB
:1044200050440608DA1E000044440608F224000046
:104430005C440608CA150000010000003A090000AB
:104440000300000038EF050802000000C111040855
:1044500038EF0508020000008511040898EF0508F0
:104460007D11040870F305086C440608D4E90508BA
:104470003F000000070000007C440608BA0000006E
:1044800042220000D2240000DC440608222400005E
:10449000D444060832240000CC4406088A280000D0
:1044A000C44406089A280000BC440608C21B000049
:1044B000B444060880EF05087112040868EF050887
:1044C000F312040868EF05081D13040880EF0508BF
:1044D0008513040880EF0508AB13040880EF050876
:1044E000BD13040870F30508EC440608D4E9050878
:1044F0009F00000013000000FC440608BA00000002
:104500005A220000BA26000020460608AA2700000A
:10451000944506085A04000032000000021B000007
:10452000A44E06082A1E00009C4E060842200000E9
:10453000844E0608622100007C4E0608020400003A
:10454000744E0608BA2400006C4E0608EA240000E7
:10455000644E0608D2270000744E0608422600006A
:104560005C4E060852260000544E0608B21C00009D
:10457000084E0608F21E0000904E0608AA21000010
:10458000C04E0608A2270000B84E060822180000F8
:10459000CC4E060898EF05081514040830E7050806
:1045A00005000000FC450608EC450608DC45060849
:1045B000CC450608BC4506080C460608DCFA05088A
:1045C000000000001E000000DDAC0508DCFA050854
:1045D0000000000015000000BE9F0508DCFA050879
:1045E0000000000006000000F6A90508DCFA050836
:1045F0000000000007000000959F0508DCFA050890
:104600000000000007000000959F0508D904000085
:10461000420400009604000003050000130400009B
:1046200098EF05081D14040870F3050830460608C5
:10463000D4E90508270000000400000040460608F1
:10464000BA000000CA220000CA2200007446060810
:104650008A2300006C4606082A20000060460608EF
:1046600038EF0508FFFF0100A514040898EF0508BE
:104670009D14040838EF0508FFFF01009514040895
:1046800024FC050802000000A04606089046060823
:10469000DCFA050800000000050000003BAA050840
:1046A000DCFA05080000000006000000FDA905086E
:1046B000DCFA0508000000000A00000004AA050852
:1046C000DCFA050800000000310000000FAA050810
:1046D00070F30508D8460608D4E90508470000002D
:1046E00008000000E8460608BA000000B2230000F7
:1046F000321E0000604706084A250000544706089D
:10470000BA23000048470608AA23000040470608CD
:104710000A1B000038470608B2230000304706088D
:10472000BA2700002847060868EF0508271504087F
:1047300098EF0508B516040880EF050881160408EF
:1047400068EF05086D15040838EF0508060002003B
:104750009915040838EF050802000000091604083E
:1047600080EF05084D16040870F305087047060829
:10477000D4E905082F000000050000008047060866
:10478000BA000000D2230000521B0000A847060810
:10479000B22000000848060842250000FC47060831
:1047A0009A260000E447060838EF050804000200D6
:1047B000B51B0408D4E90508270000000400000028
:1047C000C4470608B2200000084806084225000039
:1047D000FC4706088A040000F04706089A260000F5
:1047E000E447060838EF05080A000600951F04088C
:1047F00038EF050806000400C11E040838EF05085C
:1048000008000400B71E040838EF0508080004007B
:10481000AD1E0408B8FC05080000160400010000E5
:1048200000000000000000021D17040830480608C0
:10483000D4E905080F000000010000004048060808
:104840005A1E00004848060868EF0508D9160408F3
:10485000B8FC050800007A04000100000000000018
:104860000000000229170408B447060870F3050881
:1048700074480608D4E905083F000000070000005E
:1048800084480608BA0000005A2500005A25000096
:104890004C490608E2220000BC4806084A12000003
:1048A0000300000052120000090000003A1200004C
:1048B00011000000421200002100000098EF0508DE
:1048C0002D220408B8FC050880005C0400000000EC
:1048D000000000010000000211250408E04806085D
:1048E000D4E905082F00000005000000F048060884
:1048F0009A24000040490608EA27000038490608C3
:104900008A21000030490608E222000024490608F6
:10491000621F00001849060838EF0508060002006B
:10492000EB24040838EF0508040002008F24040873
:1049300050EF05080122040868EF05085921040812
:1049400038EF050806000400D721040838EF0508F1
:10495000080006001123040870F3050860490608E2
:10496000D4E90508770000000E0000007049060831
:10497000BA0000000226000002260000184B0608BC
:10498000221E0000E04906080209000005000000A0
:104990000A090000150000001215000003000000C5
:1049A00002150000050000000A15000007000000C5
:1049B00022150000FF1F0000421500000900000042
:1049C0002A1500004100000032150000110000000F
:1049D0004A1500000B2000003A1500000D200000D1
:1049E00038EF05080C000400292604086D2504088A
:1049F000852504089D25040800000000D4E9050869
:104A00009F000000130000000C4A0608A2180000D6
:104A10008CFD05083A0200008CFD05084A1A0000CA
:104A2000104B06084A200000044B060842190000FB
:104A3000FC4A0608621B0000F44A06085204000003
:104A4000EC4A06086A250000E44A060882240000B1
:104A5000DC4A06087A250000D44A06088A240000A9
:104A6000CC4A06089A250000C04A0608A220000089
:104A7000B44A0608AA250000AC4A060892250000A0
:104A8000A44A0608EA030000E4FD0508F20300005A
:104A9000B4FD0508FA0300009CFD0508220500008E
:104AA000CCFD050868EF05089527040868EF0508A0
:104AB0004D27040838EF05080600020069250408A0
:104AC00038EF050808000800552A040868EF0508B3
:104AD000B127040850EF05085D2B040868EF0508AE
:104AE0001928040868EF05086528040868EF050818
:104AF000D128040868EF0508F12A040880EF0508AA
:104B00000929040838EF050804000200EF2504080D
:104B100068EF0508292B0408B8FC05080000C0044C
:104B2000010400000000000000020003A92904089D
:104B3000EC490608FC4906081927040870F3050823
:104B4000444B0608D4E90508770000000E00000079
:104B5000544B0608BA0000003A2700004A1E000025
:104B60001C4C0608622000001C4C06087221000044
:104B7000144C06083A2700000C4C06084227000097
:104B8000044C0608E2250000FC4B0608EA2500005C
:104B9000F44B0608F2250000EC4B06082A2700001B
:104BA000E44B060832270000DC4B06081A270000F9
:104BB000D44B060812270000C44B06082227000029
:104BC000CC4B060868EF0508252E040868EF050899
:104BD000A92B040898EF0508A92D040898EF0508EB
:104BE000912D040898EF0508792D040880EF050839
:104BF000672D040880EF0508552D040880EF05088F
:104C0000312D040898EF0508212D040898EF0508B8
:104C1000CD2D040880EF0508A12C040838EF050805
:104C200002000000C52B040870F30508304C06088C
:104C3000D4E905083701000026000000404C0608B2
:104C4000BA0000008227000092260000A44D06084A
:104C5000DA250000984D060872190000804D0608FC
:104C6000BA1A0000704D0608AA1A0000784D06080E
:104C70003210000005000000DA0F00000100000003
:104C80000A0A0000030000001218000001000000E2
:104C90008A17000001000000220F00000100001030
:104CA00072170000010000200A0F00000100003010
:104CB0007A17000001000040120F000001000050B0
:104CC00082170000010000601A0F00000100007050
:104CD000F209000001000080DA09000001000090E4
:104CE000E2090000010000A0CA090000010000B0B4
:104CF000EA090000010000C0D2090000010000D054
:104D0000020A000023000000FA0900002D00000044
:104D10006A0D0000010000E0720D0000010000F0CB
:104D2000F214000001000030021800000100002011
:104D3000020F0000010000506A170000010000404F
:104D4000E20F000001000050921700000100004037
:104D5000EA0F0000010000709A17000001000060D7
:104D60005A120000010000404209000001000080CA
:104D700068EF0508932E040868EF0508752E0408EF
:104D800080EF0508612E0408426248684969517144
:104D90002D2D2D2D2D2D666438EF05080400020001
:104DA000F9310408B8FC05080000D204010200052E
:104DB0000003040006000000B52F0408512F04086A
:104DC000AD3504087D320408F92F0408593204086F
:104DD00070F30508D84D0608D4E90508270000003F
:104DE00004000000E84D0608BA0000002A28000070
:104DF000AA210000C04E0608A2270000B84E0608EF
:104E000022180000CC4E060838EF05080400020006
:104E1000CD350408AE030301060000002F04030093
:104E20009A23000053030200FFFFFFFFA0030300CB
:104E30000600000001000301000000000100030162
:104E4000000000008D0403020E0000002D04030288
:104E50000E00000080EF0508893D040880EF05087A
:104E60004D3D040880EF0508353D040868EF05084E
:104E7000073D040880EF0508F13C040880EF0508B1
:104E8000B53C040838EF050802000000853C040822
:104E900038EF050802000000213C040898EF0508DF
:104EA0002939040880EF0508DD3B040838EF0508C0
:104EB000FFFF0100B13B040880EF050895380408A6
:104EC00038EF0508FFFF01008D3A0408B8FC05081B
:104ED00000000403010000000000000000020003C5
:104EE00045430408EC4E0608F04E0608DD40040871
:104EF000D4E905086F0000000D000000004F06080F
:104F00006A210000C44F0608B2030000DC4F060807
:104F1000F21E0000B84F060862210000984F0608F4
:104F2000EA240000A84F0608021B0000904F060864
:104F30002A1E0000884F060802040000B04F060831
:104F4000BA240000A04F060842260000804F060841
:104F500052260000784F0608AA210000704F06086C
:104F6000A2270000684F060880EF05081F400408CC
:104F700050EF05082540040868EF05088140040843
:104F800068EF05080141040880EF0508E1410408C5
:104F900068EF05080942040868EF05083142040873
:104FA00050EF05086D44040868EF050855440408EF
:104FB00068EF05086144040838EF050804000200A2
:104FC0005942040870FC0508CC4F060880EF05081C
:104FD000A1430408030405000001000050EF050888
:104FE000A1460408B8FC05088001E90200010000A0
:104FF0000000000000020003814604080450060877
:10500000445006085D4604082D460408C5450408BA
:1050100001000000B8FC05088001AF01000100009C
:105020000000000000020003814604083450060816
:10503000445006085D4604082D460408C54504088A
:1050400000000000D4E90508670000000C00000023
:1050500054500608EA030000E4FD0508F2030000CE
:10506000B4FD0508FA0300009CFD05086224000059
:1050700094FD050822050000CCFD0508BA1D0000BE
:1050800064FD05083A0200008CFD05085225000069
:1050900074FD0508EA2600006CFD0508A218000052
:1050A0008CFD05086200000064E605086A00000047
:1050B00080FD0508000505100202160D11161E13CD
:1050C00013130505050C181601000400100040001C
:1050D00000010002000001000200040008001000AE
:1050E000200000002B2E2C3B3D5B5D2F5C222A3ADA
:1050F0003C3E3F7C7F00809A45418E418F804545F4
:10510000454949498E8F9092924F994F55555999DB
:105110009A9B9C9D9E9F41494F55A5A5A6A7A8A9CE
:10512000AAABACADAEAFB0B1B2B3B4B5B6B7B8B967
:10513000BABBBCBDBEBFC0C1C2C3C4C5C6C7C8C957
:10514000CACBCCCDCECFD0D1D2D3D4D5D6D7D8D947
:10515000DADBDCDDDEDFE0E1E2E3E4E5E6E7E8E937
:10516000EAEBECEDEEEFF0F1F2F3F4F5F6F7F8F927
:10517000FAFBFCFDFEFF01030507090E10121416D1
:10518000181C1E007D1D0100632C001E9601A01E30
:105190005A01001F0806101F0606201F0806301FB0
:1051A0000806401F0606511F0700591F521F5B1FAC
:1051B000541F5D1F561F5F1F601F0806701F0E00E3
:1051C000BA1FBB1FC81FC91FCA1FCB1FDA1FDB1F97
:1051D000F81FF91FEA1FEB1FFA1FFB1F801F0806AD
:1051E000901F0806A01F0806B01F0400B81FB91FB3
:1051F000B21FBC1FCC1F0100C31FD01F0206E01F3F
:105200000206E51F0100EC1FF31F0100FC1F4E21E9
:105210000100322170211002842101008321D02459
:105220001A05302C2F04602C0201672C0601752C06
:105230000201802C6401002D260841FF1A030000A2
:1052400061001A03E0001703F8000703FF000100E4
:1052500078010001300132010601390110014A01D3
:105260002E017901060180014D0043028101820176
:1052700082018401840186018701870189018A01F5
:105280008B018B018D018E018F01900191019101A4
:1052900093019401F60196019701980198013D024E
:1052A0009B019C019D0120029F01A001A001A20180
:1052B000A201A401A401A601A701A701A901AA01B5
:1052C000AB01AC01AC01AE01AF01AF01B101B20164
:1052D000B301B301B501B501B701B801B801BA0115
:1052E000BB01BC01BC01BE01F701C001C101C2018B
:1052F000C301C401C501C401C701C801C701CA0176
:10530000CB01CA01CD011001DD0101008E01DE01DA
:105310001201F3010300F101F401F401F801280185
:10532000220212013A020900652C3B023B023D02B7
:10533000662C3F0240024102410246020A0153022A
:10534000400081018601550289018A0158028F01BE
:105350005A0290015C025D025E025F0293016102EB
:105360006202940164026502660267029701960177
:105370006A02622C6C026D026E029C017002710264
:105380009D01730274029F0176027702780279020E
:105390007A027B027C02642C7E027F02A6018102DB
:1053A0008202A9018402850286028702AE014402BC
:1053B000B101B20145028D028E028F02900291026C
:1053C000B7017B030300FD03FE03FF03AC030400EE
:1053D0008603880389038A03B1031103C203020011
:1053E000A303A303C4030803CC0303008C038E03AD
:1053F0008F03D8031801F2030A00F903F303F4033F
:10540000F503F603F703F703F903FA03FA0330048D
:10541000200350041007600422018A043601C104ED
:105420000E01CF040100C004D0044401610526042C
:105430000000C700FC00E900E200E400E000E50035
:10544000E700EA00EB00E800EF00EE00EC00C4002B
:10545000C500C900E600C600F400F600F200FB003B
:10546000F900FF00D600DC00A200A300A500A720E1
:105470009201E100ED00F300FA00F100D100AA0072
:10548000BA00BF001023AC00BD00BC00A100AB00FF
:10549000BB009125922593250225242561256225AF
:1054A000562555256325512557255D255C255B250A
:1054B0001025142534252C251C2500253C255E258A
:1054C0005F255A25542569256625602550256C25BC
:1054D00067256825642565255925582552255325B6
:1054E0006B256A2518250C25882584258C25902573
:1054F0008025B103DF009303C003A303C303B500FA
:10550000C403A6039803A903B4031E22C603B5036C
:1055100029226122B1006522642220232123F70081
:105520004822B0001922B7001A227F20B200A0251D
:10553000A000000000000080DB0F4940DB0F49C0E5
:10554000DB0F49BFE4CB1640E4CB16C06937AC3162
:1055500068212233B40F14336821A2333863ED3E3F
:10556000DA0F493F5E987B3FDA0FC93F000FC93F12
:10557000000F494000CB9640000FC9400053FB404C
:1055800000CB164100ED2F41000F4941003162412F
:1055900000537B41003A8A4100CB9641005CA34115
:1055A00000EDAF41007EBC41000FC94100A0D541D4
:1055B0000031E24100C2EE410053FB4100F20342E0
:1055C000003A0A420083104200CB164200141D42EA
:1055D000005C234200A5294200ED2F4200363642EE
:1055E000007E3C4200C74242000F4942A2F9836E4E
:1055F0004E441529FC2757D1F534DDC0DB6295995F
:105600003C439041FE5163ABDEBBC561B7246E3AAB
:10561000424DD2E006492EEA09D1921CFE1DEB1C38
:10562000B129A73EE88235F52EBB4484E99C70265B
:10563000B45F7E413991D639835339F49C845F8BB2
:10564000BDF9283B1FF897FFDE05980FEF2F118B50
:105650005A0A6D1F6D367ECF27CB09B74F463F667E
:105660009E5FEA2D7527BAC7EBE5F17B3D0739F759
:105670008A5292EA6BFB5FB11F8D5D08560330467C
:10568000FC7B6BABF0CFBC209AF4361DA9E3916193
:105690005EE61B086599855F14A068408DFFD88081
:1056A0004D73273106061556CA73A8C960E27BC040
:1056B0008C6B00000000C93F0000F0390000DA37B1
:1056C0000000A2330000842E0000502B0000C227EF
:1056D0000000D0220000C41F0000C61B00004417B9
:1056E0000400000007000000090000000000003F67
:1056F000000000BF00000000DCCFD135000000003A
:1057000000C0153F0000803F0000C03FB8FC050806
:105710000000ED0300000100000000000000000296
:105720007FA7040828570608D4E9050817000000D9
:1057300002000000385706089A1D0000545706085A
:105740006A2700004857060838EF050804000200E1
:10575000A1A6040880EF05088DA60408CC03030069
:1057600006000000ED04020000000000CD0301006F
:105770000000000080EF050831A904085200000075
:10578000B8FC05088001AF01000100000000000026
:105790000002000305AF0408A0570608F8570608E2
:1057A000C7AE0408BFAE0408A5AE040800000000A0
:1057B000C857060802000000C8570608010000008C
:1057C000C857060800000000B8FC05088001E9027F
:1057D00000010000000000000002000305AF040803
:1057E000E8570608F857060825AF0408E1AE040894
:1057F000A5AE040801000000D4E905084F00000030
:105800000900000008580608921A000050580608BF
:10581000EA030000E4FD0508F2030000B4FD0508FA
:10582000FA0300009CFD05086224000094FD0508B1
:1058300022050000CCFD05083A02000064E60508D8
:105840006200000064E605086A00000080FD0508AB
:1058500080570608000000001F1E1F1E1F1F1E1F6E
:105860001E1F1F1D00001F003B005A0078009700FC
:10587000B500D400F300110130014E016D010008A4
:10588000040C020A060E0109050D030B070F0000A8
:1058900068EF05080DB4040800061016000610167F
:1058A000490402000000000038EF0508FFFF030074
:1058B00091FA04080005106E38EF05080200000098
:1058C0009301050898EF05088301050808041000F6
:1058D00018231E1F2022241B281E2A1730213613AE
:1058E00038163C1D40124819541560206C11781C64
:1058F0009018A814C010D8108FAD050846010000FC
:105900003359060897AD0508220000001059060813
:1059100023206D61696E2E7079202D2D2070757495
:1059200020796F757220636F6465206865726521E8
:105930000D0A002320626F6F742E7079202D2D20A8
:1059400072756E206F6E20626F6F7420746F2063AB
:105950006F6E6669677572652055534220616E648B
:105960002066696C6573797374656D0D0A23205028
:1059700075742061707020636F646520696E206D9E
:1059800061696E2E70790D0A0D0A696D706F7274FF
:10599000206D616368696E650D0A696D706F727460
:1059A000207079620D0A237079622E6D61696E280C
:1059B000276D61696E2E707927292023206D61691A
:1059C0006E2073637269707420746F2072756E201C
:1059D00061667465722074686973206F6E650D0A64
:1059E00023696D706F7274206E6574776F726B0DC2
:1059F0000A236E6574776F726B2E636F756E7472A7
:105A00007928275553272920232049534F20333104
:105A100036362D3120416C7068612D3220636F6401
:105A2000652C2065672055532C2047422C20444587
:105A30002C204155206F7220585820666F722077B5
:105A40006F726C64776964650D0A236E6574776F95
:105A5000726B2E686F73746E616D6528272E2E2E03
:105A60002729202320444843502F6D444E5320685B
:105A70006F73746E616D650D0A000000BA03030256
:105A80000600000060040202FFFFFFFF5304020251
:105A9000FFFFFFFFE1040202E80300002F040202FF
:105AA0000000000090030202010000005A030302FC
:105AB000060000007C030202000000005103020205
:105AC00000000000CD030102010000002F040201CC
:105AD000000000005A0303020600000057040302FE
:105AE000060000006A040202000000006C040302C9
:105AF000060000006D040302060000006B040302B0
:105B00000600000069030202000000005B040202BC
:105B1000FFFFFFFFD4E905083F0000000700000079
:105B2000245B0608D21A00005C5B060852230000C2
:105B3000885B0608622300007C5B06086A2300007D
:105B4000705B06085A230000645B0608E21A000036
:105B5000885B06084A1B0000885B060868EF05089A
:105B60007D08050838EF05080400020079120508D1
:105B700038EF050804000200590E050838EF050843
:105B800004000200E909050838EF050804000200D6
:105B90006F070508B8FC05080000EA0201020000D2
:105BA00000000000000000032D1505080D16050873
:105BB000B45B0608D4E905080701000020000000D6
:105BC000C45B0608221F0000185D06081A1C0000AE
:105BD000105D0608FA1A0000045D06088A1B000022
:105BE000F85C060812260000F05C0608D21D0000D2
:105BF000E45C060802230000D85C06089A22000034
:105C0000CC5C0608D21A0000C45C0608A21700008B
:105C100001000000F20B000021000000BA0A0000A1
:105C2000410000007A120000010000008212000012
:105C3000030000006A100000050000004A10000088
:105C40000700000062100000090000007210000050
:105C50000B000000521000000D0000005A10000060
:105C60000F000000F20E000011000000720C000096
:105C700013000000820C0000150000007A0C0000E8
:105C800017000000620E000001000000F20F00008B
:105C9000050000009213000001000000220D00002A
:105CA00005000000120A0000150000002A0A00008A
:105CB00001000000220A0000030000001A0A000090
:105CC0000500000068EF05082508050838EF0508FD
:105CD00004000200CB06050838EF050804000200A6
:105CE0002707050838EF0508040002006D0D0508B8
:105CF00080EF05080F0E050838EF050804000200C4
:105D00004D07050838EF0508FFFF0500110F0508CE
:105D100080EF05083909050838EF0508FFFF030083
:105D2000F9150508B8FC05080000EB0200010000A9
:105D30000000000000000002C1070508145B06080F
:105D4000190001401C0000401D0400401E080040D6
:105D5000320C0040000000000000000000000000C5
:105D600018400140194401401A4801400000000059
:105D700000000000000000004F0200006000000072
:105D800050020000700000000D0200000000000042
:105D900009020000100000000C02000020000000BA
:105DA0000E020000300000000A0200005000000057
:105DB0000B02000040000000DE01000000000000B7
:105DC0008E010000010000009001000002000000B0
:105DD0008F01000003000000B8FC05080000F60178
:105DE000010200000000000000000003D5170508B4
:105DF000C9170508F85D0608D4E905082700000062
:105E000004000000085E06083A220000445E06080E
:105E1000322200003C5E060862270000345E06085D
:105E2000321F0000285E060838EF05080400020053
:105E3000C118050880EF05088918050880EF0508D6
:105E40000918050880EF050861180508D85D0608DF
:105E500001000000FC8606082F040201000000007B
:105E6000690403000600000030030200FFFFFFFF8B
:105E7000A20003020000000034030202FFFFFFFF44
:105E8000CC03030006000000ED0402000000311006
:105E9000CD03010000000000B8FC05080000560218
:105EA0000001000000000000000000026D1A05085B
:105EB000B45E0608D4E905081F00000003000000D6
:105EC000C45E0608E2020000EC5E0608DA2100006B
:105ED000E45E060892240000DC5E060880EF0508F8
:105EE0007719050880EF05086D19050880EF05088A
:105EF00063190508411B0508D4E90508D70100000E
:105F00003A000000085F0608221F000048610608EA
:105F1000120500003C6106083222000034610608C8
:105F20003A2200002C6106086A1F00002061060862
:105F30008220000034610608CA1E00002C61060899
:105F4000DA21000018610608EA2100001061060845
:105F50008A19000008610608FA220000006106089C
:105F6000BA220000F8600608521E0000F060060821
:105F70007A210000E86006084A230000E060060875
:105F800082190000D8600608AA2000007C6106087B
:105F90005A02000068610608EA1B00005461060806
:105FA000721A0000B8610608AA1B0000D06106083A
:105FB000FA0E0000010000008A100000030000003B
:105FC00082100000230000002209000005000000EC
:105FD0002A09000025000000320900000700000027
:105FE00072120000030000006212000005000000B1
:105FF000620F000001002220520F00000100422029
:106000009A1000000300000092100000230000001E
:106010001A09000005000000120900002500000018
:106020006A12000001000000520800000300000096
:106030005A0800000300000062080000050000008C
:106040006A0800000500000072080000050000005A
:106050007A08000007000000820800000700000026
:106060008A080000070000009208000009000000F4
:106070009A08000009000000A208000009000000C2
:10608000AA0800000B000000B20800000B0000008E
:10609000BA0800000B000000C20800000D0000005C
:1060A000CA0800000D000000D20800000D0000002A
:1060B000DA0800000F000000E20800000F000000F6
:1060C000EA08000011000000F208000013000000C0
:1060D000FA0800001300000080EF05088119050888
:1060E00080EF05088F19050880EF05089D19050840
:1060F00080EF05085919050880EF05084B190508B8
:1061000080EF05083D19050880EF0508AB19050863
:1061100080EF0508D919050880EF0508331905082F
:1061200038EF0508FFFF03002D1A050880EF05086A
:106130002919050880EF05081D19050838EF05081D
:1061400004000200DB1B050838EF0508FFFF030011
:10615000CD1C050858FC05085C61060838EF0508E9
:1061600004000200751B050858FC0508706106084C
:1061700038EF0508040002000519050858FC050859
:106180008461060838EF050804000200ED180508D0
:10619000B8FC0508000055020102030000000000E1
:1061A00000040005291E0508791A0508991B050831
:1061B000F45E0608F85E0608B8FC050800004E0309
:1061C000000000000000000000000001BC7F060885
:1061D000B8FC050800007503000000000000000086
:1061E0000000000124820608FF00000000FF0000FC
:1061F0000B0C0D0E0F10112F38393A3B3C4445461D
:1062000088640240000000060D00000000630608DC
:10621000706402400000000A0C00000000630608E1
:1062200070640240000000040C00000000630608D7
:10623000586402400000000A0B00000000630608DA
:1062400058640240000000040B00000000630608D0
:1062500040640240000000060A00000000630608D7
:10626000B86002400000000E07000000006306084E
:10627000B86002400000000207000000006306084A
:10628000B86002400000000007000000006306083C
:106290007060024000000006040000000063060871
:1062A0007060024000000000040000000063060867
:1062B0005860024000000000030000000063060870
:1062C000406002400000000E02000000006306086B
:1062D0004060024000000006020000000063060863
:1062E0004060024000000000020000000063060859
:1062F0001060024000000002000000000063060879
:106300000000000000000000000000000004000089
:10631000000000000000000000000000000000007D
:1063200000000000030000000000800000002000CA
:10633000000C0020AC0B0020580B00202F040200A2
:10634000000000002C0302021200000045030202BC
:10635000801A0600C203010200000000910301023E
:10636000000000008A000301000000002C0302006E
:10637000FE000000EA0402028813000090040301FA
:10638000000000002C030200FE000000EA040202EC
:1063900088130000B8FC05080000CD0101020000D0
:1063A0000000000000000003A52E05084528050890
:1063B000B4630608D4E90508670000000C0000007B
:1063C000C4630608221F0000946406081A1C00001B
:1063D0008C640608721F0000846406080A25000009
:1063E0007C640608520400007064060882240000E1
:1063F0006464060822210000306406082A21000097
:1064000024640608C20A00000100000022120000F5
:10641000030000000210000001000000FA14000058
:106420000300000038EF0508FFFF0300E12A05081C
:1064300038EF0508FFFF0300B52B05087A030301B9
:10644000000000002C0302010000000026040201ED
:1064500000000000EA040202881300002D0302027B
:106460000800000038EF0508FFFF0300912C050825
:1064700038EF0508FFFF03005D2D050880EF0508D4
:106480009D27050868EF0508E127050880EF050846
:10649000212E050838EF0508FFFF0300F52E05083B
:1064A00094630608000C002070620608F06206087B
:1064B000540B002094630608AC0B002060620608B1
:1064C000C0620608550B002094630608580B002094
:1064D00090620608D0620608560B002094630608F6
:1064E00000000000000000000000000000000000AC
:1064F000B40D002000620608506206085C0D002002
:10650000A0620608B0620608040D0020806206083A
:10651000E0620608AC0C0020106206083062060833
:10652000540C0020206206084062060800000000AB
:1065300000000000000000002F0402010000000025
:1065400045030200BD01050060040202FFFFFFFFDA
:106550005B0402020100000055040202000000007A
:106560004C000202000000004A0302020800000082
:106570004404020200020000B20302020000000014
:10658000E0040102000000007603030206000000A0
:106590008A00030100000000EA04020288130000E0
:1065A0009004030100000000EA04020288130000C6
:1065B0008A000301000000009004030000000000B6
:1065C000EA04020288130000B8FC05080000AA02D1
:1065D0000102000000000000000300045939050812
:1065E000CD380508EC650608F865060800000000CF
:1065F00000000000CD370508D4E905087F00000041
:106600000F00000008660608221F0000AC6606089E
:106610001A1C0000A4660608EA030000EC35060810
:10662000F2030000E035060822050000D835060810
:1066300082280000D035060852040000986606083B
:10664000822400008C660608622500008066060829
:10665000C20A00000902000022120000010000002E
:106660000210000009020000FA14000001000000FE
:106670002210000001000000FA0F000001010000DC
:1066800038EF0508FFFF0300E137050838EF05087C
:10669000FFFF03007938050838EF0508FFFF030006
:1066A0009137050880EF0508C138050838EF05085F
:1066B000FFFF0300A9390508C8650608F06406084D
:1066C000C8650608FC640608C8650608086506086B
:1066D000C865060814650608C8650608206506082A
:1066E000C86506082C650608B13B0508BD390508D4
:1066F00010001000000101008000800040004000F8
:106700002000200000000000010000000000000048
:106710000100000057656C636F6D6520746F204D3C
:106720006963726F507974686F6E210A0A466F72DE
:10673000206F6E6C696E6520646F637320706C658A
:1067400061736520766973697420687474703A2F78
:106750002F646F63732E6D6963726F707974686FE5
:106760006E2E6F72672F0A0A517569636B206F7600
:10677000657276696577206F6620636F6D6D616EF7
:10678000647320666F722074686520626F61726442
:106790003A0A20207079622E696E666F28292020BF
:1067A00020202D2D207072696E7420736F6D65200E
:1067B00067656E6572616C20696E666F726D61747B
:1067C000696F6E0A20207079622E64656C61792889
:1067D0006E2920202D2D207761697420666F72202C
:1067E0006E206D696C6C697365636F6E64730A20EB
:1067F000207079622E6D696C6C6973282920202DB8
:106800002D20676574206E756D626572206F66203D
:106810006D696C6C697365636F6E64732073696E08
:10682000636520686172642072657365740A202054
:106830007079622E537769746368282920202D2D82
:106840002063726561746520612073776974636881
:10685000206F626A6563740A202020202020202097
:1068600020202020202020202020205377697463BE
:1068700068206D6574686F64733A2028292C206342
:10688000616C6C6261636B2866290A2020707962F2
:106890002E4C4544286E29202020202D2D20637267
:1068A0006561746520616E204C4544206F626A65A5
:1068B000637420666F72204C4544206E20286E3D24
:1068C000312C322C332C34290A2020202020202067
:1068D0002020202020202020202020204C45442043
:1068E0006D6574686F64733A206F6E28292C206F71
:1068F000666628292C20746F67676C6528292C2010
:10690000696E74656E73697479283C6E3E290A203D
:10691000207079622E50696E2870696E2920202DB2
:106920002D2067657420612070696E2C20656720BA
:106930007079622E50696E2827583127290A202045
:106940007079622E50696E2870696E2C206D2C2033
:106950005B705D29202D2D20676574206120706992
:106960006E20616E6420636F6E6669677572652064
:10697000697420666F7220494F206D6F6465206DC9
:106980002C2070756C6C206D6F646520700A20205F
:1069900020202020202020202020202020202020F7
:1069A0002050696E206D6574686F64733A20696E5B
:1069B0006974282E2E292C2076616C7565285B76EB
:1069C0005D292C206869676828292C206C6F77283E
:1069D000290A20207079622E457874496E742870D7
:1069E000696E2C206D2C20702C2063616C6C6261B0
:1069F000636B29202D2D2063726561746520616EA3
:106A00002065787465726E616C20696E746572724F
:106A1000757074206F626A6563740A2020707962F1
:106A20002E4144432870696E2920202D2D206D6150
:106A30006B6520616E20616E616C6F67206F626AAA
:106A40006563742066726F6D20612070696E0A2024
:106A50002020202020202020202020202020202036
:106A60002020414443206D6574686F64733A20723E
:106A700065616428292C20726561645F74696D65A5
:106A800064286275662C2066726571290A20207060
:106A900079622E525443282920202020202D2D2099
:106AA0006D616B6520616E20525443206F626A6590
:106AB00063743B206D6574686F64733A206461741D
:106AC0006574696D65285B76616C5D290A202070AC
:106AD00079622E536572766F286E2920202D2D2025
:106AE00063726561746520536572766F206F626AA8
:106AF00065637420666F7220736572766F206E20F6
:106B0000286E3D312C322C332C34290A20202020B1
:106B10002020202020202020202020202020205342
:106B20006572766F206D6574686F64733A20636177
:106B30006C6962726174696F6E282E2E292C206137
:106B40006E676C65285B782C205B745D5D292C205A
:106B50007370656564285B782C205B745D5D290A21
:106B60000A50696E7320617265206E756D62657280
:106B700065642058312D5831322C205831372D582A
:106B800032322C2059312D5931322C206F72206233
:106B900079207468656972204D4355206E616D657A
:106BA0000A50696E20494F206D6F646573206172D1
:106BB000653A207079622E50696E2E494E2C2070F5
:106BC00079622E50696E2E4F55542C207079622EAA
:106BD00050696E2E4F50454E5F445241494E0A5007
:106BE000696E2070756C6C206D6F646573206172C6
:106BF000653A204E6F6E652C207079622E50696E5A
:106C00002E50554C4C5F55502C207079622E506997
:106C10006E2E50554C4C5F444F574E0A4164646988
:106C200074696F6E616C2073657269616C20627546
:106C300073206F626A656374733A207079622E49BB
:106C40003243286E292C207079622E535049286EC9
:106C5000292C207079622E55415254286E290A0A37
:106C6000436F6E74726F6C20636F6D6D616E6473D1
:106C70003A0A20204354524C2D412020202020202D
:106C800020202D2D206F6E206120626C616E6B20A4
:106C90006C696E652C20656E746572207261772058
:106CA0005245504C206D6F64650A20204354524C6D
:106CB0002D4220202020202020202D2D206F6E20EE
:106CC0006120626C616E6B206C696E652C20656E54
:106CD000746572206E6F726D616C205245504C204D
:106CE0006D6F64650A20204354524C2D43202020B0
:106CF00020202020202D2D20696E74657272757001
:106D00007420612072756E6E696E672070726F6795
:106D100072616D0A20204354524C2D4420202020C3
:106D2000202020202D2D206F6E206120626C616E4E
:106D30006B206C696E652C20646F206120736F6618
:106D400074207265736574206F66207468652062B4
:106D50006F6172640A20204354524C2D452020203C
:106D600020202020202D2D206F6E206120626C615C
:106D70006E6B206C696E652C20656E746572207078
:106D800061737465206D6F64650A0A466F722066D0
:106D90007572746865722068656C70206F6E206112
:106DA000207370656369666963206F626A656374E6
:106DB0002C20747970652068656C70286F626A2970
:106DC0000A466F722061206C697374206F662061BF
:106DD0007661696C61626C65206D6F64756C65735A
:106DE0002C20747970652068656C7028276D6F643D
:106DF000756C657327290A005B0003010000000021
:106E0000A404030200000000A60403020000000026
:106E1000BA030202801A0600EA04020250C300000C
:106E2000B8FC05080000CD010102000000000000D0
:106E300000030004AD3F05083D3F0508446E060809
:106E4000DC2F060800000000000000000000000029
:106E5000000000000000000000000000C93E05081E
:106E600000000000206E060800540040A8850608B7
:106E700094850608206E06080058004080850608A4
:106E80000C860608206E0608005C0040C0860608D6
:106E90006884060845030202FFFFFFFF5B0402024D
:106EA000FFFFFFFF55040202FFFFFFFF4A0302023C
:106EB000FFFFFFFFB2030202FFFFFFFF5B000301C2
:106EC000000000004503020020A107005B0402024D
:106ED0000000000055040202000000004A03020204
:106EE00008000000B203020200000000A304030235
:106EF0000000000034040302000000002B04030221
:106F000000000000B8FC05080000AA020102000011
:106F10000000000000030004454005087D4105080D
:106F2000286F060880350608314105082B41050801
:106F300019410508046F0608F0640608046F060886
:106F4000FC640608046F060808650608046F060856
:106F500014650608046F060820650608046F060815
:106F60002C65060870F305086C6F0608D4E905085F
:106F70003F010000270000007C6F0608BA000000F7
:106F800082230000621D0000D87006087A1A0000F3
:106F9000E4430608721E0000D44306081A1F0000CE
:106FA000F0430608CA270000C4430608D21D0000AB
:106FB000B8430608C2240000745706087A28000067
:106FC000D0700608721C0000C4580608F21C0000AD
:106FD000B8580608B2040000AC4306083A26000080
:106FE000A04306088A030000A8580608CA24000027
:106FF000B4700608921B0000504406084A210000A5
:10700000E44B0608DA1C0000C870060842210000A4
:10701000DC4B0608D21C0000C07006082A1C0000C9
:10702000F44B06088A270000EC4B0608BA2600003D
:1070300020460608AA210000C04E0608521700008C
:10704000945B06089A130000CC7C0608AA12000084
:10705000906106081A0D00007C7B06087A23000068
:10706000887E06088A250000907E06081A16000011
:10707000087E06084A1600006C7C0608820D000097
:107080008C7D0608B20F0000D85D06086A0E00006D
:107090009463060852150000C865060862170000D0
:1070A000E836060892070000147F0608AA070000C9
:1070B000987E060838EF050802000000E141050847
:1070C00080EF05088D41050880EF0508AD410508F2
:1070D00098EF05088541050880EF0508CD410508B2
:1070E00070F30508E8700608D4E905082F070000CA
:1070F000E5000000F8700608BA00000072260000E3
:10710000F22000008C320608E220000084320608DB
:10711000EA2000007C3206086A160000687B060838
:1071200072160000547B06087A160000407B0608A1
:10713000821600002C7B06089A130000187B0608B4
:1071400042180000047B06088A0F0000F07A060847
:10715000E20E0000DC7A060862150000C87A060814
:107160006A150000B47A0608EA0E0000A07A060844
:10717000B21700008C7A0608720E0000787A0608B2
:107180007A0E0000647A0608820E0000507A060823
:107190008A1200003C7A060852160000287A060877
:1071A000AA170000147A0608BA170000007A060829
:1071B0009A070000EC790608A2070000D8790608B3
:1071C000EA140000C47906085A150000B0790608D0
:1071D000721500009C790608DA1500008879060807
:1071E000E20C0000747906088A160000607906082F
:1071F0005A1600004C790608621600003879060815
:107200007A150000247906089A0D00001079060806
:10721000A20D0000FC780608AA0D0000E878060818
:10722000B20D0000D4780608BA0D0000C078060838
:10723000C20D0000AC780608E20A00009878060843
:10724000C2120000847806082A0D00007078060833
:10725000C20B00005C780608CA0B000048780608DC
:10726000920B000020780608FA1700003478060810
:107270004A08000001000000B207000009000000F9
:10728000BA070000110000002208000019000000E9
:107290002A08000021000000F20700002900000079
:1072A000FA07000031000000020800003900000069
:1072B0000A08000041000000CA0700004900000061
:1072C0001A080000510000003208000059000000B8
:1072D0003A08000061000000420800006900000058
:1072E0001208000071000000D207000079000000C1
:1072F000DA07000081000000E207000089000000BA
:10730000EA07000091000000C20700009900000099
:10731000F20A000001000000FA0A00000900000063
:10732000EA0A000011000000B20B0000010000009A
:10733000AA0B0000090000009A0B000011000000D9
:10734000A20B000019000000EA0B00000100000081
:10735000DA0B000009000000E20B00001100000041
:10736000D20B000019000000FA0C00000100000020
:10737000EA0C0000090000000A0D000011000000E6
:10738000F20C000019000000120D000021000000A6
:10739000020D000029000000320D00000100000075
:1073A000420D0000090000005A0D0000110000000D
:1073B000620D0000190000003A0D000021000000DD
:1073C0004A0D000029000000520D000031000000AD
:1073D000020E0000010000001A0E0000090000006B
:1073E000120E000011000000220E00001900000023
:1073F000F20D0000210000000A0E0000290000002C
:10740000DA0D000031000000FA0D00003900000024
:10741000CA0D000041000000D20D0000490000002C
:10742000EA0D000031000000E20D00003500000010
:107430000A160000010000001216000009000000FA
:10744000EA15000011000000F2150000190000000C
:10745000FA150000210000000216000029000000BB
:10746000E2150000410000009A0E0000010000003B
:10747000A20E000009000000BA0E0000110000007A
:10748000C20E000019000000AA0E0000210000003A
:10749000CA0E000029000000D20E000031000000DA
:1074A000920E000039000000DA0E000041000000DA
:1074B000B20E000049000000920F00000100000021
:1074C0009A0F000009000000A20F00001100000048
:1074D000AA0F0000190000009A120000010000002D
:1074E000A2120000090000005A1300000100000071
:1074F00072130000090000004A1300001100000090
:107500005213000019000000DA12000021000000F0
:10751000F2120000290000000A13000031000000F0
:1075200022130000410000003A130000490000004F
:10753000CA12000061000000E212000069000000B1
:10754000FA12000071000000121300008100000018
:107550002A13000089000000D2120000A1000000E0
:10756000EA120000A900000002130000B1000000B0
:107570001A130000C100000032130000C90000000F
:1075800042130000E100000062130000E900000067
:1075900082130000010100007A13000009010000BD
:1075A0006A13000019010000AA1400000100000085
:1075B0007A1400000900000072140000110000009D
:1075C00082140000190000008A140000210000004D
:1075D000D2140000290000006214000031000000F5
:1075E000A213000039000000B213000041000000A7
:1075F000CA140000490000009A1400005100000065
:107600009214000059000000C21400006100000044
:10761000B214000069000000BA14000071000000FC
:107620006A14000079000000A2140000810000002C
:10763000AA13000089000000BA13000091000000A6
:10764000C2130000A10000001A140000A9000000ED
:1076500022140000B10000002A140000B90000004C
:1076600032140000C10000003A140000C9000000FC
:1076700042140000D10000004A140000D9000000AC
:1076800052140000E10000005A140000E90000005C
:10769000CA130000F1000000D2130000F90000003E
:1076A000DA13000001010000E213000009010000EC
:1076B000EA13000011010000F2130000190100009C
:1076C000FA1300002101000002140000290100004B
:1076D0000A140000310100001214000039010000FA
:1076E00082150000010000008A150000090000005A
:1076F000BA150000110000009A15000019000000E2
:107700009215000021000000B215000029000000C1
:10771000C215000031000000A21500003900000071
:10772000AA15000041000000E21600000100000060
:10773000EA160000090000002A17000011000000EE
:10774000FA160000190000003217000021000000A6
:107750000A17000029000000AA16000031000000EE
:10776000B216000039000000A2160000410000001F
:10777000DA160000490000001A170000510000004E
:10778000921600005900000022170000610000005E
:10779000BA16000069000000C21600007100000067
:1077A000CA16000079000000D21600008100000017
:1077B0009A16000089000000F216000091000000F7
:1077C000021700009900000012170000A10000003D
:1077D000F217000001000000E2170000090000009D
:1077E000C217000011000000CA17000019000000B5
:1077F000D217000021000000DA1700002900000065
:10780000EA170000310000005218000001000000DB
:107810004A180000090000005A180000110000007A
:10782000DCF005080A0000000200000030780608BD
:10783000002004E0DCF005080A000000020000005F
:107840004478060800000050DCF005080A0000003B
:10785000020000005878060800640240DCF00508C9
:107860000A000000020000006C7806080060024078
:10787000DCF005080A00000002000000807806081D
:10788000003C0240DCF005080A0000000200000095
:107890009478060800380240DCF005080A00000071
:1078A00002000000A878060800300240DCF005085D
:1078B0000A00000002000000BC780608001C02401C
:1078C000DCF005080A00000002000000D07806087D
:1078D00000100240DCF005080A0000000200000071
:1078E000E4780608000C0240DCF005080A000000FD
:1078F00002000000F878060800080240DCF00508E5
:107900000A000000020000000C7906080004024092
:10791000DCF005080A0000000200000020790608DB
:1079200000000240DCF005080A0000000200000030
:107930003479060800500140DCF005080A00000018
:10794000020000004879060800480140DCF0050804
:107950000A000000020000005C79060800440140B3
:10796000DCF005080A00000002000000707906083B
:1079700000400140DCF005080A00000002000000A1
:1079800084790608003C0140DCF005080A0000008C
:10799000020000009879060800380140DCF0050874
:1079A0000A00000002000000AC7906080034014023
:1079B000DCF005080A00000002000000C07906089B
:1079C00000300140DCF005080A0000000200000061
:1079D000D4790608002C0140DCF005080A000000FC
:1079E00002000000E879060800230140DCF00508E9
:1079F0000A00000002000000FC7906080020014097
:107A0000DCF005080A00000002000000107A0608F9
:107A100000140140DCF005080A000000020000002C
:107A2000247A060800100140DCF005080A00000076
:107A300002000000387A060800000140DCF005086A
:107A40000A000000020000004C7A060800700040A6
:107A5000DCF005080A00000002000000607A060859
:107A6000005C0040DCF005080A0000000200000095
:107A7000747A060800580040DCF005080A0000008F
:107A800002000000887A060800540040DCF0050877
:107A90000A000000020000009C7A06080044004032
:107AA000DCF005080A00000002000000B07A0608B9
:107AB00000400040DCF005080A0000000200000061
:107AC000C47A0608003C0040DCF005080A0000000B
:107AD00002000000D87A060800380040DCF00508F3
:107AE0000A00000002000000EC7A060800340040A2
:107AF000DCF005080A00000002000000007B060818
:107B000000300040DCF005080A0000000200000020
:107B1000147B0608002C0040DCF005080A00000079
:107B200002000000287B060800280040DCF0050861
:107B30000A000000020000003C7B0608000C004028
:107B4000DCF005080A00000002000000507B060877
:107B500000080040DCF005080A00000002000000F8
:107B6000647B060800040040DCF005080A00000001
:107B700002000000787B060800000040B8FC050801
:107B80000000A3010102000000000000000000034B
:107B9000C9440508AD4205089C7B0608D4E90508E0
:107BA0005F0000000B000000AC7B06083A200000DC
:107BB0004C7C0608EA1C0000447C06086A1C000095
:107BC0003C7C0608A2260000347C0608A2240000A3
:107BD000247C0608620F000001002220520F0000E2
:107BE000010042206A0F000001006220D20C000058
:107BF00001002420CA0C000001004420DA0C00001F
:107C00000100642057040301000000002F0402015A
:107C10000000000069040201000000005A03030193
:107C20000000000070FC05082C7C060898EF050891
:107C30004942050880EF05082943050880EF05083B
:107C4000FD42050880EF0508D942050880EF0508C8
:107C50003D420508060708090A17171717172828AD
:107C60002828282801292A3E4C020300B8FC0508D0
:107C70000000C9020102030000000000000000042F
:107C800085470508794705080D480508907C0608D2
:107C9000D4E905081700000002000000A07C0608D7
:107CA00012050000C07C0608D21A0000B07C06084D
:107CB00068EF05089947050880EF0508CD470508D6
:107CC00080EF0508274805086C7C0608B8FC050805
:107CD000000073020100000000000000000000022C
:107CE00045480508E87C0608D4E905082F0000008F
:107CF00005000000F87C0608221F00004C7D0608E5
:107D00001A1F0000447D0608DA1B0000387D0608B3
:107D1000722800002C7D0608CA1A0000207D060883
:107D200038EF050804000200314E050838EF050859
:107D300008000400D54C050838EF050804000200CF
:107D4000C94B050880EF05083948050880EF05088C
:107D5000B94B0508CC7C0608000000080040000074
:107D60000400000000000108000001000100000004
:107D7000000002080000020003000000920002025E
:107D8000FFFFFFFF6B000202FFFFFFFFB8FC0508CB
:107D90000000B0010102000000000000000000032C
:107DA0001D5605084D520508AC7D0608D4E90508A6
:107DB0001F00000003000000BC7D06082A2400000C
:107DC000E87D060892280000DC7D06085A1F0000A6
:107DD000D47D060850EF0508CD52050838EF050898
:107DE000080006007355050838EF0508080006006E
:107DF000CF5405088C7D06080000FEFF000000003F
:107E0000000000000004080CB8FC05080000C302D4
:107E10000102000000000000000000036158050896
:107E20003D580508287E0608D4E90508270000000B
:107E300004000000387E0608522300007C7E0608FD
:107E4000CA1A0000707E0608B2190000647E060897
:107E50001A260000587E060838EF050806000200C2
:107E6000E559050838EF050806000200655A0508BF
:107E700038EF05080C0002006D57050838EF0508BB
:107E800004000200E55A050868EF05084D5705088B
:107E900068EF050801570508B8FC05080000F50063
:107EA000010000000000000000000002DD5F050886
:107EB000B47E0608D4E905082F0000000500000084
:107EC000C47E0608E22300000C7F0608EA230000B7
:107ED000047F0608F2230000FC7E0608FA23000057
:107EE000F47E06081A240000EC7E060880EF0508E0
:107EF0005161050880EF05087961050880EF0508E4
:107F00000161050880EF0508C160050868EF0508F4
:107F1000155F0508B8FC05080000F200010200002A
:107F20000000000000000003015E0508455B050835
:107F3000347F0608D4E905081F0000000300000094
:107F4000447F0608EA030000747F0608022400004C
:107F50006C7F06080A2400005C7F060870FC050898
:107F6000647F060850EF0508355C050850EF0508EA
:107F70008F5B050880EF0508015F0508608706082C
:107F80004C870608388706082487060810870608E5
:107F9000FC860608E8860608D48606084886060891
:107FA000348606081C85060808850608F484060839
:107FB000E0840608CC840608B8840608D4E90508DD
:107FC0005F0200004B000000CC7F06082207000083
:107FD00060870608AA100000608706082A070000CC
:107FE0004C870608B21000004C8706081A0B0000E8
:107FF00038870608DA10000038870608120B0000E0
:1080000024870608E21000002487060852070000B3
:1080100010870608BA0F000010870608EA10000053
:10802000108706083A0B0000FC860608C20F000005
:10803000FC860608CA0F0000FC860608D20F000066
:10804000FC860608F2100000FC860608320B0000D1
:10805000E8860608FA100000E88606082A0B0000E9
:10806000D486060802110000D48606087A0B0000A8
:10807000C08606080A110000C0860608820B0000B0
:10808000AC86060812110000AC860608520B0000F0
:1080900098860608BA10000098860608C2100000EC
:1080A00084860608CA10000070860608D2100000F8
:1080B0005C8606085A070000488606081A11000068
:1080C0004886060822110000348606085211000076
:1080D000208606085A0B00000C8606085A1100007C
:1080E0000C8606086A0B0000F8850608621100007D
:1080F000F8850608620B0000E48506086A11000096
:10810000E4850608220B0000D085060872110000E5
:10811000D08506087A110000BC8506084A0B0000CD
:10812000A885060882110000A8850608420B0000F9
:10813000948506088A11000094850608720B0000D9
:10814000808506082A11000080850608321100008B
:108150006C8506083A110000588506084211000097
:10816000448506084A110000308506086A070000A9
:108170001C850608921100001C8506086207000095
:10818000088506089A11000008850608D21100002B
:10819000F4840608DA110000E0840608E211000009
:1081A000CC840608EA110000B8840608F211000029
:1081B000A48406088A0B000090840608FA110000C7
:1081C00090840608021200007C8406080A1200004F
:1081D00068840608A211000054840608AA11000051
:1081E00040840608B21100002C840608BA11000071
:1081F00018840608D215000018840608C211000071
:1082000004840608CA110000F08306081212000058
:10821000DC8306082A120000C88306083212000018
:10822000B4830608D4E90508870100003000000087
:108230003482060822070000608706082A0700002B
:108240004C87060852070000388706085A070000C6
:108250002487060862070000108706086A070000E6
:10826000FC86060872070000E88606087A07000008
:10827000D486060882070000C08606088A07000028
:10828000AC86060832070000988606083A07000008
:108290008486060842070000708606084A07000028
:1082A0005C86060852090000488606085A09000044
:1082B000348606088A090000208606089209000014
:1082C0000C8606089A090000F8850608A209000035
:1082D000E4850608AA090000D0850608B209000056
:1082E000BC850608BA090000A8850608C209000076
:1082F0009485060862090000808506086A09000066
:108300006C85060872090000588506087A09000085
:108310004485060882090000308506083A0A0000F4
:108320001C850608420A0000088506087A0A000033
:10833000F4840608820A0000E08406088A0A000025
:10834000CC840608920A0000B88406089A0A000045
:10835000A4840608A20A000090840608AA0A000065
:108360007C840608B20A0000688406084A0A0000F5
:1083700054840608520A0000408406085A0A000085
:108380002C840608620A0000188406086A0A0000A5
:1083900004840608720A0000F0830608520B0000ED
:1083A000DC8306084A0E0000C8830608520E00004F
:1083B000B483060890610608CA0102002700000085
:1083C000001C02407487060890610608C90101007C
:1083D00007000000001C0240748706089061060830
:1083E0006A01040043020000000C02407487060882
:1083F000906106084E010080E20100000008024082
:1084000084870608906106084D010040C201000003
:108410000008024084870608906106084C0100208D
:10842000A201000000080240848706089061060847
:108430004B010010820300000008024084870608F8
:10844000906106084A01000862030000000802402B
:108450009487060890610608490100044203000061
:1084600000080240A4870608906106085601000231
:108470002205000000080240B48706089061060843
:10848000550100010205000000080240D4870608DB
:108490009061060854018000E206000000080240D6
:1084A000F48706089061060853014000C2040000EA
:1084B0000008024024880608906106085201200046
:1084C000A2E0050000080240448806089061060802
:1084D0005101100082C005000008024044880608CF
:1084E000906106085001080062A2050000080240E1
:1084F00044880608906106084F0104004282050086
:1085000000080240548806089061060848010200ED
:108510002260050000080240648806089061060891
:108520004701010002400500000802406488060877
:108530009061060830010080E1050000000402405F
:1085400064880608906106082F010040C1050000FC
:108550000004024084880608906106082E0100206D
:10856000A107000000040240A488060890610608E4
:108570002D0100108109000000040240D488060883
:10858000906106082C01000441070000000402402D
:10859000148906089061060838010002210B0000CA
:1085A0000004024044890608906106083701000172
:1085B000010B00000004024094890608906106083F
:1085C00036018000E104000000040240E48906084E
:1085D0009061060835014000C1040000000402401B
:1085E000048A06089061060834012000A1060000F4
:1085F00000040240248A0608906106083301100036
:108600008108000000040240548A060890610608B0
:10861000320108006108000000040240948A060844
:10862000906106083101040041000000000402408E
:10863000D48A0608906106082B0102002126050055
:1086400000040240D48A0608906106082A0101004D
:108650000106050000040240048B0608906106082C
:10866000E9000080E009000000000240348B0608A9
:1086700090610608E800001080070000000002403A
:10868000748B060890610608E70000086007000088
:1086900000000240A48B060890610608E600000472
:1086A0004005000000000240D48B060890610608D7
:1086B000F10000022003000000000240F48B0608D5
:1086C00090610608F0000001000500000000024073
:1086D000048C060890610608EF008000E0E60400C4
:1086E00000000240248C060890610608EE0040005D
:1086F000C0C6040000000240548C060890610608C1
:10870000ED002000A0A6040000000240848C0608B2
:1087100090610608EC001000808604000000024012
:10872000B48C060890610608EB000800606804003D
:1087300000000240E48C060890610608EA0004008C
:108740004048040000000240248D0608906106089D
:10875000E50002002028040000000240648D0608A5
:1087600090610608E40001000008040000000240D7
:10877000A48D0608985E06080C010000020003089C
:1087800000040040985E060818010000060403007B
:10879000003C0040985E0608180100000604030132
:1087A000003C0040985E0608180100000604030221
:1087B000003C0040985E06080C0100000200030324
:1087C00000040040985E0608140100000401030044
:1087D000005C0040985E06080C01000002000302E5
:1087E00000040040985E06081D010000080206040F
:1087F00000140140985E06080C010000020003010D
:1088000000040040985E06081601000005040202FC
:1088100000380040985E06081D01000008020601AD
:1088200000140140985E06080C01000002000300DD
:1088300000040040985E06081D01000008020600C2
:1088400000140140985E06081601000005040200AD
:1088500000380040985E0608160100000504020179
:1088600000380040985E06080A0100000100010679
:1088700000000140985E0608160100000504020091
:1088800000380040985E06080A010000010001055A
:1088900000000140985E0608160100000504020170
:1088A00000380040985E06080A010000010001043B
:1088B00000000140985E060816010000050402024F
:1088C00000380040985E0608190100000604040202
:1088D00000340140985E06080A0100000100010909
:1088E00000000140985E060816010000050402031E
:1088F00000380040985E06081901000006040403D1
:1089000000340140985E06081B01000007040302C2
:10891000003C0040985E06080B01000001000202C6
:1089200000000040985E06081301000004010201E7
:1089300000580040985E0608160100000504020277
:1089400000380040985E06080D0100000200040394
:1089500000080040985E06081001000003000B00AC
:1089600000480140985E0608120100000401010061
:1089700000540040985E060816010000050402033A
:1089800000380040985E06081E0100000901020040
:1089900000580040985E06080D0100000200040225
:1089A00000080040985E06080F01000003000A005E
:1089B00000440140985E0608120100000401010114
:1089C00000540040985E06081A01000006040500E5
:1089D00000500140985E06081F01000009010300D5
:1089E000005C0040985E06080D01000002000401D2
:1089F00000080040985E0608120100000401010012
:108A000000540040985E06080D01000002000400BA
:108A100000080040985E06081201000004010101F0
:108A200000540040985E06080C010000020003019B
:108A300000040040985E06081501000005040100CE
:108A400000300140985E060818010000060403008B
:108A5000003C0040985E06080C0100000200030084
:108A600000040040985E060815010000050401019D
:108A700000300140985E060818010000060403015A
:108A8000003C0040985E06081F0100000901030039
:108A9000005C0040985E06080B0100000100020126
:108AA00000000040985E0608150100000504010260
:108AB00000300140985E0608180100000604030219
:108AC000003C0040985E06081E01000009010200FB
:108AD00000580040985E06080A01000001000106E7
:108AE00000000140985E06080C010000020003032C
:108AF00000040040985E06081A0100000604050301
:108B000000500140985E06080A01000001000105BE
:108B100000000140985E06080C01000002000302FC
:108B200000040040985E06081A01000006040502D1
:108B300000500140985E06080B0100000100020091
:108B400000000040985E06080B01000001000208CA
:108B500000000040985E06081501000005040103AE
:108B600000300140985E0608180100000604030367
:108B7000003C0040985E06080A0100000100010860
:108B800000000140985E06081A0100000604050175
:108B900000500140985E06081D0100000802060111
:108BA00000140140985E06080A010000010001035C
:108BB00000000140985E0608190100000604040147
:108BC00000340140985E06081D01000008020600FE
:108BD00000140140985E06080A010000010001022D
:108BE00000000140985E06081A0100000604050016
:108BF00000500140985E06080A01000001000101D2
:108C000000000140985E06080A0100000100010012
:108C100000000140985E06081401000004010301F1
:108C2000005C0040985E06080A0100000100010493
:108C300000000140985E06080C01000002000301DC
:108C400000040040985E06081501000005040100BC
:108C500000300140985E06080A0100000100010989
:108C600000000140985E06080C01000002000300AD
:108C700000040040985E060815010000050401018B
:108C800000300140985E06080B0100000100020060
:108C900000000040985E06080B0100000100020879
:108CA00000000040985E060815010000050401025E
:108CB00000300140985E060815010000050401031C
:108CC00000300140985E0608180100000604030306
:108CD000003C0040985E06081C01000007020204E8
:108CE00000440040985E06080B01000001000203EA
:108CF00000000040985E06080E0100000200050317
:108D0000000C0040985E06081101000003000901F4
:108D100000400140985E06081C01000007020201A5
:108D200000440040985E06080B01000001000202AA
:108D300000000040985E06080E01000002000502D7
:108D4000000C0040985E06081101000003000900B5
:108D500000400140985E06081C0100000702020066
:108D600000440040985E06080B010000010002016B
:108D700000000040985E06080E0100000200050198
:108D8000000C0040985E060817010000050404006E
:108D900000340140985E06081C010000070202032F
:108DA00000440040985E06080B010000010002002C
:108DB00000000040985E06080B0100000100020858
:108DC00000000040985E06080E0100000200050049
:108DD000000C0040985E06081C0100000702020219
:048DE000004400400B
:088DE4008CD8FE7F01000000A5
:108DEC000024F4000C380608002C004000000000A1
:108DFC006D70792D73746D3332000000000000002B
:108E0C000000000000000000000000000000000056
:108E1C0000585800E900000045000000BABAA4ED63
:088E2C00FFFFFFFF0000803F83
:0400000508020119D3
:00000001FF
