:020000040800F2
:10000000F8BF01201D010208171305080513050894
:100010001913050825130508311305080000000011
:100020000000000000000000000000003D13050873
:100030003F13050800000000F11505080D0200201F
:1000400001000208411305084D1305085513050862
:10005000257B050801000208756F05087B6F050800
:10006000816F0508876F05088D6F0508393605080B
:1000700049360508593605086936050879360508F0
:10008000893605089936050801000208F15B050864
:10009000C55B0508D55B0508E55B0508936F05089A
:1000A000691305086F1305088113050887130508F0
:1000B0008D1305089313050899130508953C050849
:1000C000B13C0508CD3C0508E93C050801000208E3
:1000D0000100020831030020370300203D03002007
:1000E000B76F05084713050801000208C513050886
:1000F000CB130508E3130508DD130508A936050829
:100100000100020801000208A1130508010002080D
:10011000250300202B030020B9130508BF13050891
:10012000B9360508C9360508D9360508E93605087F
:10013000F93605080000000000000000315C0508E9
:10014000055C0508155C0508255C0508010002082A
:100150000937050819370508293705084303002022
:10016000053D0508213D05080100020801000208BF
:10017000010002080100020801000208000000005E
:100180000000000001000208000000000000000064
:100190000100020800000000000000000100020849
:1001A0000000000000000000000000000100020844
:1001B0000100020801000208010002080100020813
:1001C000010002080248002343643C3000F038B9C3
:1001D000BC040020054B43F82010054B01221A6097
:1001E000044B4FF080525A60704700BF740B0020E0
:1001F000780B002000ED00E010F4FF7F02BF024BFF
:100200000422C3F8002E704700E100E00D4B10B54A
:100210001C6801341C604FF0E02304F001021B69EC
:10022000094B53F822300BB120469847074B1B6807
:10023000A34205D1BDE8104005490020FFF7CABF21
:1002400010BD00BF240A00207C0B0020200A0020E3
:1002500039B9040838B5314B03EB8003D3F88C412E
:10026000002C51D063681968E1838A0630D5608A12
:1002700050B3A28A0132B2FBF0F500FB1522E08AEE
:1002800092B2904220D01968E1835968A3890B404B
:10029000A17A79B12249096899420BD1FFF792FFFF
:1002A000A38BDD0604D56268D36843F01003D360E6
:1002B000012516E0E07AA1690128A08A0CBF21F887
:1002C00010300B54A282EBE7DA6822F02002DA60E9
:1002D000C80642BFDA6822F01002DA600A0714D4B6
:1002E0000025637AA28B5B0742BFE38B23F01003E8
:1002F000E383E38B1A4202D0206A00F0A9F8637A04
:1003000045B123F00403637238BDDA6822F020029D
:10031000DA60E5E743F00403F5E700BFBC04002022
:10032000B00400200420FFF795BF0520FFF792BF1F
:100330000120FFF78FBF0220FFF78CBF0320FFF7DC
:1003400089BF0620FFF786BF114B70B50022054616
:10035000DA6100F06FF80F4C0646E368DA030CD45C
:10036000E368DB0744BF0123E360E06810F4F97041
:1003700007D000F071F8012003E0691CEDD00DB941
:10038000032070BD00F056F8801BA842E5D9F7E7BE
:10039000280A0020003C02402DE9F843234F3B7E11
:1003A000012B054688463FD001234CF250303B7666
:1003B000FFF7CAFF0446A8B94FF0FF33C8F8003072
:1003C0002B68012B13D1287C00F04EF84CF25030F2
:1003D000FFF7BAFF164A136923F0040304461361BA
:1003E00000F03EF800233B762046BDE8F883AE6877
:1003F000DFF83C90D5E902231344B342F0D9297CBD
:10040000304600F021F84CF25030FFF79DFFD9F84C
:10041000103023F0FA03C9F8103018B1C8F80060A2
:100420000446DDE70136E5E70224DDE7280A00207F
:10043000003C0240014B1868704700BF240A0020AE
:100440005FF800F0B1E202085FF800F05509050816
:100450005FF800F095B304085FF800F0E1070508C5
:100460005FF800F09D0905085FF800F03109050804
:020000040802F0
:10000000FEE700000F49D1F8883043F47003C1F8CF
:1000100088300D4B1A68002042F001021A60986087
:100020001A6822F0847222F480321A60074A5A60F9
:100030001A6822F480221A60D8604FF000638B6047
:10004000704700BF00ED00E000380240103000248F
:1000500010B5002494B02C22214609A803942AF05C
:1000600087FD2A4B00941A6C42F080521A641B6C74
:1000700003F080530093009B254B01941A6842F4CF
:1000800040421A601B680A9403F440430193012222
:10009000019B04944FF4A023CDE9072310234FF4D0
:1000A00080000F220B930223CDE90D3002924FF016
:1000B000080E4FF4A87211930723CDE90FE21293B3
:1000C0004FF4A0524FF4805307A8CDE905232EF03A
:1000D000F3FC10B10F4830F0D5FD109B0F9A302182
:1000E000DB00B3FBF2F3B3FBF1F201FB1232121AA5
:1000F0001199B3FBF1F118BF012202A831F040FBC6
:1001000008B10548E7E714B010BD00BF0038024051
:1001100000700040589605086A9605080446DFF806
:100120002CD00B490B4A0C4B03E051F8040B42F85E
:10013000040B9A42F9D300200849094A01E041F82A
:10014000040B9142FBD3204630F0F2BEF8BF0120F1
:10015000E8CE060870040020BC040020BC04002087
:10016000F40F002040F8044B40F8045B40F8046BA7
:1001700040F8047B40F8048B40F8049B40F804AB43
:1001800040F804BB40F804CB40F804DB68467047F5
:10019000024B5A690260586100207047BC0400207D
:1001A000024B5A6912685A61704700BFBC040020B4
:1001B000024B9A69C0E9002198617047BC04002095
:1001C000044A93691968916110B15A68184610473A
:1001D000704700BFBC04002038B5054D0446AB692C
:1001E0000BB1A34200D338BD0120FFF7E9FFF6E7CA
:1001F000BC040020C460056146618761C0F81C80B2
:10020000C0F82090C0F824A0C0F828B0C0F82CD0C6
:1002100080ED0C8B80ED0E9B80ED10ABC0F808E0FC
:10022000FFF7B6BF124D6C6908B50CB930F06CFE23
:1002300060602046FFF7D0FF23686B612046C468EA
:10024000056946698769D0F81C80D0F82090D0F8FD
:1002500024A0D0F828B0D0F82CD090ED0C8B90EDE5
:100260000E9B90ED10ABD0F808E00120704700BF66
:10027000BC04002010B50021044600F00DFB18B9A5
:1002800014B120460DF0B0FD10BD002100F004BBFC
:1002900010B50121044600F0FFFA18B914B1204648
:1002A0000DF0A2FD10BDFFF7E5BF10B501220C4611
:1002B00000F014FC18B914B120460DF095FD10BDE6
:1002C00000F00CBC00F0CCBBDFF8B8C02DE9F04367
:1002D00005464FF0000E0324DCF8AC02002101318A
:1002E0006B189A0803F00303825C5B0042FA03F385
:1002F00003F00303022BF2D0090136D0DCF8B80278
:1003000000EB0510014403681A072BD1DCF8B85242
:100310005A1BC2F301169D424FEA92174FEA460656
:100320004FEA12121ED8DCF8BC529D421AD9DCF8F2
:10033000AC8218F8075045FA06F303F0030304FAF9
:1003400006F9012B45EA09050CD10CEB4E06BEF16E
:100350003F0F08F807509ABF0EF1010EA6F8CC2205
:10036000CCF8C83204308842CDD1BEF1000F06D09F
:100370000EF1FF3E0CEB4E03B3F8CC52ACE7BDE8F8
:10038000F08300BFBC04002030B51C4CD4E9AD5351
:10039000C01AC109C0F3021E6B5C012202FA0EF200
:1003A00023EA02036B54D4F8C02283094FEA101CDD
:1003B000B2EB901FD4F8AC0288BFC4F8C032C15C65
:1003C0004FEA9C0E0CF0030303255B0005FA03F3D0
:1003D00021EA030100F80E100CF1010CD4F8AC0274
:1003E0004FEA9C0E0CF0030310F80E105A0041FA6D
:1003F00002F202F00302022AE7D030BDBC04002062
:1004000021F00F010B1A134A013BDB0010B5A2FBD0
:100410000323114C5B0AC4E9AB03C4F8BC129A0075
:10042000A1EB83110133C4F8B8120732C11803EBF2
:10043000D202C4F8B41200212AF09AFB0023012151
:100440004FF0FF32C4E9B033C4E9D4322381A4F8B9
:100450004C1310BDF32C23FABC040020024A13896C
:1004600002331381704700BFBC040020024A138985
:10047000023B1381704700BFBC040020024B188967
:10048000003818BF01207047BC04002070B51E4C16
:100490002389002243F0010382B004F50075C4F8FB
:1004A000C822C4F85023238104F1080252F8043F03
:1004B00019071AD1D4F8B812581AC0F3011C8B428C
:1004C0004FEA901E4FEA4C0C4FEA10100DD3D4F8AF
:1004D000BC128B4209D2D4F8AC6216F80E1041FA65
:1004E0000CF303F00303012B03D0AA42DED102B0C8
:1004F00070BD032303FA0CF3194306F80E100192A2
:10050000FFF7E2FE019AF0E7BC040020B9B3F0B5B2
:100510001B4C0D4683B0011F002251F8043F180701
:100520001AD1D4F8B872D81BC0F3011E9F424FEA0B
:1005300090164FEA4E0E4FEA10100DD8D4F8BC7248
:100540009F4209D9D4F8AC7217F806C04CFA0EF3E2
:1005500003F00303012B04D001329542DDD103B037
:10056000F0BD032303FA0EF34CEA030C07F806C0B0
:10057000CDE90021FFF7A8FEDDE90021ECE7704797
:10058000BC0400202DE9F043614ED6F8C832D6F8FD
:10059000AC1283B0C3B1D6F8B03200259800C6F8CB
:1005A000C85288B10024A30804F00302CB5C5200B7
:1005B000134103F00303032B2BD00134A042F2D8E4
:1005C000D6F8C832002BEAD1D6F8C4324FF0000971
:1005D0004FEAD3080127D6F8B43213F809404FEA9E
:1005E000C90514B94CE064080135E20703D4640876
:1005F0000135E307F7D5AB0805F00302CB5C5200E9
:10060000134103F00303012B15D0640838D00135E2
:10061000EFE72046FFF758FED6F8B032D6F8AC1216
:100620000134B4EB830F4FEA8300BCD3D6F8C83251
:10063000002BB4D1C8E7D6F8B8222B0102EB051085
:10064000D35873B16A4640F265310CF077FD009BD8
:100650003BB10DF039FEDDE900010DF00FFE0DF0AC
:1006600049FED6F8B402EB0805F00701C25C07FAB0
:1006700001F122EA0102C2546408D6F8AC12C6D1D4
:10068000C14502D009F10109A5E70027BE463A4657
:10069000032402250FE0012806D104FA03F32CEA13
:1006A00003030B704FF0010ED6F8C43201329A42A8
:1006B0001FD8D6F8AC12900802F0030311F800C05E
:1006C0005B004CFA03F000F00300022801EB9201FA
:1006D00019D00328DFD105FA03F32CEA030C81F8C3
:1006E00000C0D6F8C432174601329A424FF0000ECD
:1006F000DFD93389002223F00103C6E9B027338113
:1007000003B0BDE8F083BEF1000FC6D11746CBE7BA
:10071000BC040020044B1A89002142F00102C3F8F6
:10072000C8121A81FFF72EBFBC040020594B0021CC
:100730002DE9F041D3E9AE42C0E90411121BD3E91F
:10074000AB4588464FEA850CC0E90111C160816163
:1007500002600E468E460D4618E05BBB013594459F
:10076000856001F1010179D09608A75D02F00306CA
:100770007600374117F002084AD107F00307164602
:10078000B44536D0012F34D094453AD0B30806F0A2
:100790000302E35C5200134103F00303012B06F153
:1007A000010238D0022BD8D10EF1010EC0F804E0BE
:1007B00008F10108944545D0960802F00303A75DAF
:1007C0005B001F41BB0724D4B8F1010F07F00307FA
:1007D0005BD0B8F1020F164604D14369013343617F
:1007E0004FF0020883699845CAD9B445C0F818800B
:1007F000C8D1C368994200D9C16094454FF0000147
:10080000C4D14FEA0E132D01C0E90135BDE8F081D6
:1008100098461646B8E70EF1010E9445C0F804E07C
:1008200027D09608A75D02F0030676003741BE0781
:10083000EED407F0030716460369013303614FF056
:100840000108CFE7B8F1010F1F4620D0B8F1020F21
:1008500019D0836998456646C7D8CAE7C3689942E4
:10086000CFD94FEA0E132D01C0E90135C160BDE8B3
:10087000F081066901360661866906B9836116460C
:100880004FF00108B5E76646A7E71646D4E7664687
:10089000D2E700BFBC0400202DE9F84300F10F04AB
:1008A000240900F09D806D4D2F89002F40F0988025
:1008B000B5F84C238846002A40F09680D5F8C0123F
:1008C000D5F8B0E2714538BF012780F08980D5F8AE
:1008D000ACC20CF1FF3600200E440FE013F00C0206
:1008E00000F0A18013F0300F00F0B08000223F2B09
:1008F00040F2918000200131714570D216F8013F1D
:100900009A07EBD1421C944240F2A58013F00C0FE1
:1009100040F091800230844240F2898013F0300F21
:1009200040F08F8002329442E1D889008B1CA3EB07
:10093000020E012A08F001090EF1010603D1591C2B
:100940008908C5F8C012D5F8C412994238BF1946B3
:10095000B008C5F8C41206F003071CF800807F0039
:1009600001210EF1020EB94041EA080173450CF86D
:10097000001013D302274FEA9E01D5F8ACC20EF047
:1009800003001CF80180400007FA00F00EF1010E90
:1009900040EA080073450CF80100ECD2D5F850335A
:1009A000D5F8B87223441201002107EB0610C5F8F0
:1009B00050332AF0DDF834010346B9F1000F10D0AE
:1009C0000022D5F8B4023A51F1080122445C06F045
:1009D0000706B240224342541846BDE8F88377B177
:1009E00000231846BDE8F883D5E9D41291422FD2EE
:1009F000D5F8C012D5F8B0E27145FFF468AF35F014
:100A00001FFED5F8C012D5F8B0E271454FF00107CE
:100A1000FFF45DAFE4E7501C84423FF66CAF890001
:100A2000CB1C024683E7012084423FF677AF890062
:100A30004B1C02467BE713F0300F0CBF0122002253
:100A400055E73F2B8CBF0020012054E701226AE7C5
:100A500035F0F6FD32E78B0069E700BFBC040020EB
:100A6000034B1B89012B02D808B1FFF78DBC7047DF
:100A7000BC040020034610F00F001AD1164AD2F829
:100A8000B812994214D810B4D2F8BC429C420DD985
:100A90005B1AD2F8ACC29A09C3F301111CF8022008
:100AA00049000A4102F00302012A04D010BC704739
:100AB000704700207047013000EB1312910802F0DC
:100AC00003021CF80110520041FA02F202F0030284
:100AD000022AF0D00001E9E7BC0400202DE9F84F1C
:100AE0000546002800F0C980754C914626890A46C3
:100AF000002900F08880002E40F08980D4F8B832B8
:100B0000C31A9B46D4F8B0021B0901F10F0E591C01
:100B10008700B1EB800F4FEA1E1EBA4680F0B3800B
:100B2000D4F8AC72B4460126880801F00308385C9A
:100B30004FEA480840FA08F000F0030002286AD0A3
:100B400028B90CF1010C0CEB0600704564D3B645D6
:100B500055D065D3B444F4451DD2B9F1000F56D039
:100B600010464FEADB11D4F8B422515C03F00703BE
:100B7000194101F00101FFF78FFE074600283FD021
:100B80003201294629F0AAFF2389012B38D82846AB
:100B9000FFF7FAFB34E003EB0E01334499421FD90F
:100BA000980803F0030217F8008052004FF0020C7F
:100BB00001330CFA02F242EA080299423A540FD980
:100BC0009808D4F8AC7203F0030217F800805200C2
:100BD0000CFA02F2013342EA080299423A54EFD188
:100BE000D4F8C432994238BF1946AEEB0602C4F8B5
:100BF000C412120105EB0610002129F0B9FF2F469F
:100C00003846BDE8F88F012E01D8FFF7BDFB00275D
:100C10003846BDE8F88F013601318A4584D196E720
:100C200073444FEA930C03F0030117F80C004900DA
:100C30004FF00308A6EB0E0E08FA01F120EA0101BD
:100C4000BEF1010F07F80C1010D05F1E774401337E
:100C5000D4F8AC62980803F00302315C520008FA41
:100C600002F221EA0202BB423254F0D1D4F8C0327F
:100C70006345C4D9C4F8C0C2C1E708462946BDE8E7
:100C8000F84FFFF709BEBEF1010FB8D0BEF1000F5B
:100C900005D00126B9F1000F7FF462AFB7E7D4F8B1
:100CA000AC024FEA9B1C03F003035900032210F827
:100CB0000C308A4023EA020300F80C30D6E700BF6C
:100CC000BC04002010B58AB0044603A8FFF72EFD2F
:100CD000DDE90430039A00900749204600F090FFB8
:100CE000DDE9083206980549CDE90020079A20463B
:100CF00000F086FF0AB010BD2CE7050850E7050894
:100D00002DE9F843DFF858914749D9F8B82207464A
:100D100000F076FFD9F8B01289006DD0DFF8448179
:100D2000002515F03F0633D005F003067600D9F80C
:100D3000AC22AB08D35C334103F00303022B63D036
:100D4000032B5FD0012B4AD1D9F8B8222B01D258FE
:100D500042455BD0354B9A425AD0354B9A425BD0D4
:100D6000344B9A4256D0344B9A4253D0334B9A422A
:100D700054D0334B9A4251D0324B9A4252D0324BDC
:100D80009A424DD0314B9A4214BF68224D2227E03F
:100D9000A9421ED9D9F8AC022C4602E001348C429B
:100DA00008D0A20804F00303825C5B0042FA03F35C
:100DB0009B07F3D0621B7F2A0BD92549920938463D
:100DC00000F01EFFD9F8B03224F03F05B5EB830FD9
:100DD00012D220492A01384600F012FFA7E72E223E
:100DE0001D49384600F00CFFD9F8B0320135B5EB9B
:100DF000830F4FEA830194D338461849BDE8F8437E
:100E000000F049BB6D22EBE73D22E9E75422E7E71A
:100E10004C22E5E75322E3E74422E1E74122DFE702
:100E20004222DDE74622DBE798E7050808270608A7
:100E3000D81E0608E02F0608B02F0608001C06087A
:100E4000881B0608802306081C2406087428060848
:100E5000B4E70508D0E70508D8E7050894E70508D2
:100E6000BC04002028310608064B02685B6A5968FA
:100E7000C1F31E018A4203D3521A0260184670471A
:100E80001B68F4E7BC040020014441F2055388428A
:100E900004D398B2012838BF0120704710F8012B05
:100EA00003EB43135340F2E7034B044A5A62002218
:100EB000C3F80422704700BFBC0400201860060875
:100EC0002DE9F04781468846002940D0FFF7DCFF36
:100ED000204B5C6A82460CB9204634E094F9073016
:100EE000E668002B06F1FF364FF0000513DB0136F4
:100EF00004F11807B54212D32468ECE777197F088C
:100F0000BB1D424654F82310484629F095FE0028A0
:100F1000CCBF3D463E46731B012BEFD8E7E7236964
:100F200033F815309A4510D163695B5D98450CD153
:100F300057F825004246494629F042FE28B9606824
:100F4000C0F31E002844BDE8F0870135D2E7012038
:100F5000F9E700BFBC0400202DE9F84380460F46A6
:100F6000FFF7AEFF0246002840F08D80FF2F03D927
:100F7000464947480CF046F9464DD5F804027E1C18
:100F800090B1D5E9821333448B4227D93144FFF71E
:100F900097F90446D5F80402CCB9D5F80C122246CC
:100FA000FFF78EF9C5F80442802E344638BF8024FE
:100FB0002046FFF76AF9C5F80402B0BB3046FFF7D8
:100FC00064F9C5F8040278BB30460CF00DFFD5F883
:100FD00008323344C5F808320028E5D0D5F80C3281
:100FE000C4181E4441463A4620464FF00009C5F851
:100FF0000C6229F073FD394604F807902046FFF78C
:1010000043FF8046686AD0E90261B1422BD3760083
:101010000A2E38BF0A26C6EBC6001830FFF735F98E
:1010200048B9C5F80402CFE734460023C5F80842A2
:10103000C5F80C32D2E700F1180202EB8602696AA9
:10104000026102EB460242614A680160C968C0F869
:101050000C90C2F31E020A44416862F31E01C0E90B
:101060000116686249460269436922F811805F549B
:101070008A1D6B6A43F82240DA680132DA605A68E6
:10108000C2F31E020A441046BDE8F8837E960508A6
:1010900074200608BC04002010B5044629F0A6FD03
:1010A00001462046BDE81040FFF756BF07B5019046
:1010B00001A8FFF7D9FE019A036933F8120003B0C3
:1010C00000BD07B5019001A8FFF7CEFE019B426964
:1010D000D05C03B000BD07B5019001A8FFF7C4FEC6
:1010E000019B063350F8230003B000BD13B50190F7
:1010F00001A80C46FFF7B8FE019B4269D25C226052
:10110000063350F8230002B010BD00002DE9F8436B
:101110001D46002303600B6013602B60164BDFF845
:101120005C905C6A07468846164664B92B6832684C
:1011300013442B60BDE8F883336812F8010B0133C8
:10114000034433600DE04C45F0D03B6801333B6015
:10115000E268D8F800301344C8F800306269E368E8
:10116000D1188A42E8D32046FFF784FC2B68246814
:1011700003442B60D9E700BFBC04002018600608B8
:10118000F8B50B4B0B4F5C6A0CB1BC4200D1F8BDFB
:10119000E36804F1180505EB8306B54201D3246822
:1011A000F2E755F8042B0449044800F029FDF4E760
:1011B000BC0400201860060883960508E80E06089F
:1011C00030B50023202511F8012F0AB9027030BD77
:1011D000120600F1010420D513B12023037020462C
:1011E0000B78124A03F07F036BB9013A12F8013F02
:1011F00013F0800F044600F101000BD003F07F03D1
:1012000023700123DFE712F9014B002CFBDA013BCD
:10121000DBB2E9E700F8013CE8E7012B04BF057009
:1012200020460B7800F8013B0223CCE78A9605089C
:1012300038B54368194403689942054610D9037BC1
:101240001BB1084800210BF0DDFF01F1100424F070
:101250000704083480682146FFF727F82C60A8604F
:1012600038BD00BF7420060870B504460E4611460E
:101270001546FFF7DDFFD4E901302A461844314610
:1012800029F060FC63682B44636070BD38B50129A8
:10129000044638BF01210025084621606560FEF73D
:1012A000E9FF2573A06038BD38B505460C4601310D
:1012B000FFF7ECFF6C6038BD0023C0E90132012369
:1012C000016003737047000038B514460546FFF708
:1012D000DDFF024B2560636038BD00BF6912020864
:1012E000037B10B5044613B98068FEF7EBFF0023BB
:1012F000A36010BD38B505461020FEF7BBFF294698
:101300000446FFF7C3FF204638BD10B5044648B178
:10131000037B13B98068FEF7D5FF2046BDE8104077
:10132000FEF7D0BF10BD000038B5037B04460D4664
:101330001BB1074800210BF065FF01688068294454
:10134000FEF7B3FF2368A0601D442560184438BD34
:101350007420060838B504460D46FFF769FFD4E946
:1013600001301D446560184438BDD0E900239A421D
:1013700010B5044602D10121FFF7D6FFD4E90132AE
:101380000021D154A06810BD10B50C460121FFF713
:10139000E1FF047010BD7F29F8B50C4604D8012187
:1013A000FFF7D8FF0470F8BD01F03F06B1F5006FFC
:1013B0004FEA911566F07F0607D20221FFF7CAFFB8
:1013C00065F03F0505704670EDE705F03F05B1F5A6
:1013D000803F4FEA113765F07F0508D20321FFF700
:1013E000B9FF67F01F03037045708670DBE70421C7
:1013F000FFF7B0FFA40C07F03F0364F00F0463F0A5
:101400007F03047043708570C670CCE738B505461D
:1014100008460C4629F0EAFB214602462846BDE86C
:101420003840FFF721BFF8B54768B942054628BFE5
:1014300039460C4611461646FFF7FAFEAB68A0196E
:1014400019193A1B184429F07DFB6B68A8683344CE
:101450006B602044F8BD43688B422CBF5B1A0023AD
:101460004360704738B5154642688A4204460B46C9
:1014700003D929448A4201D8636038BD8068521A72
:101480000144184429F05EFB63685B1BF4E70846DF
:1014900011462AF0F9BA70B5054608460E4629F0FD
:1014A000A5FB044620B102466B6828683146984780
:1014B000204670BD2DE9F74F01919DF830109146FF
:1014C0000D9A11F0DF0F8046A2EB09045CD03029A1
:1014D0005DD1C3F3472100295CD05F290CBF0526ED
:1014E000042692FBF6F106FB11210CBF2D4F2E4F67
:1014F000002902F1010108BF0A4604F1010008BFFA
:101500000446711E92FBF6F006FB10228A1A17445D
:1015100013F0200240D004EBD473A4EB63055C10FD
:10152000002C3DDDA3465E45B246A8BFDA46D8F89A
:101530000430D8F8000052463946ABEB0A0B984706
:10154000BBF1000FEFDCB9F1000F07D0D8F8043081
:101550000199D8F800004A4698474C44002D0FDD09
:101560002C44AE42B146A8BFA946D8F80430D8F8FA
:1015700000004A463946A5EB09059847002DF0DCE6
:10158000204603B0BDE8F08F084F1026C0E70CAF2F
:101590000126BDE7064FF8E713F00105C0D0254648
:1015A0000024D0E7FC0E0608010F0608070F060806
:1015B000F00E06082DE9F04F93B08146C807DDE92B
:1015C0001E871C9D9DF874A00C4693461E460BD4A6
:1015D000A10703D121687B4B994205D020460DF02D
:1015E00011FD440044F0010415F0210F08D1B84565
:1015F0004346B8BF3B46BAF1300F04BF98460027B8
:10160000204610F01FFF00280EDA0AAB2807F6B2BA
:1016100022D5BBF1020F13D11946302001F8020B7D
:10162000701C58700B4617E0AA0705D52B238DF8C0
:1016300028300DF12903E9E76B07E6D52023F6E70B
:10164000BBF1080F5CD130211970290645BF06F1A6
:101650000E0159700133023300210AAA0EA8197035
:10166000012FA3EB02030B904FF010000693C5F37C
:101670004723C8BF054315F01002CDE90C01CDE9A1
:1016800002638DF82710059244D0CDE900B12346BE
:101690000DAA0CA90BA810F0ABFD03782D2B8346E7
:1016A00006D18DF827300D9B013B00F1010B0D9306
:1016B000012F7CDD0D9C059BBC42B8BF3C462BB185
:1016C0009DF8273003B10134069B1C4425F001032B
:1016D000A045079373DD15F00105A8EB04046FD155
:1016E00020230194009338492B462A464846FFF7A9
:1016F000E1FE2C460646059B4FF0300AC3B938E0A0
:10170000BBF1100FA8D11946302001F8020B06F1E9
:10171000170086E70AABCDE900B30DAA23460CA952
:101720000BA810F065FD8346C2E700240795264606
:101730009DF827305BB100230122CDE900320DF185
:1017400027014846FFF7B6FE08F1FF380644069B1E
:1017500063B100230122CDE900320AA9069A484666
:10176000FFF7A8FE069B0644A8EB0308012FD8BF8D
:101770004746CDE900A7079B0D9A59464846FFF713
:1017800099FE06444CB12023009300230E49019496
:101790001A464846FFF78EFE06440B980EAB984259
:1017A00001D0FEF78FFD304613B0BDE8F08F059BEA
:1017B000002BBAD1059C079526464746D9E7002459
:1017C000002698E7E025060800DE05082DE9F0432D
:1017D00007469007984658BFC2F380038DB05ABFA2
:1017E0005B01DBB22B23154600930A46159B149E22
:1017F000212103A80AF04EFCE90504461FD52E213D
:1018000003A829F037FAD0B9652103A829F032FAE4
:10181000A8B96E2103A829F02DFA80B904F130028D
:101820006A4404F131036B442E2102F8241C023473
:10183000302203F8242CA3186B4403F8240C6A0606
:101840000ED504F13002631C0DEB0204252204F8CE
:10185000242C03F130026A44002102F8241C1C46A7
:10186000EB0603D59DF80C302F2B0DD903A94FF0B3
:101870000009CDE900862B4622463846FFF71AFEBE
:1018800048440DB0BDE8F0830023012203A9CDE94F
:1018900000323846FFF70EFE013E8146013C0DF155
:1018A0000D01E6E72DE9F04F81468BB014464FF06D
:1018B00000080B461A781D461AB1252A03F10103C8
:1018C000F8D1A94208D26E1AD9F80430D9F800002C
:1018D00032469847B04429460B78002B00F08781A8
:1018E00020224B1C039200271E783EB12D2E3ED0A5
:1018F00037D8202E42D02B2E3DD000261A78A2F1C8
:10190000300109291D4603F101033AD92E2A4DD190
:101910006A782A2A48D154F8042B023522EAE27B5D
:101920002B786C2B08BF013595F800A0BAF1000F99
:1019300000F05D81BAF1780F09D8BAF1570F38D8A5
:10194000BAF1470F7ED8BAF1440F00F23E81D9F8C0
:101950000430D9F8000001222946984708F101080F
:10196000B9E0302EC9D147F01007039601E047F0E7
:1019700001070133B8E747F00207FAE747F0040729
:10198000F7E70A2101FB0622A2F13006B6E70A209A
:1019900000FB021B0133ABF130021978A1F13000DA
:1019A00009281D46F3D9B9E70022F6E74FF0FF3BBF
:1019B000B6E7AAF15803202BC9D801A252F823F0A8
:1019C0004B1A02084F1902084F1902084F19020852
:1019D0004F1902084F1902084F1902084F1902083F
:1019E0004F1902084F190208BD1A0208E71A020827
:1019F0004B1A0208CB1B0208CB1B0208CB1B0208A8
:101A00004F1902084F1902084F1902084F1902080E
:101A10004F1902084F1902084F1902084F190208FE
:101A20004B1A0208FD1A02084F190208251B02086A
:101A30004F1902084B1A02084F1902084F190208E1
:101A40004B1A0208BAF1500F81D154F804CB0AF0B6
:101A5000DF03502B624677D12AF00F0AAAF10F0359
:101A6000002010218DF81700BCF1000F7ED130232B
:101A70008DF827300DF1270A17F0100B9DF817305D
:101A800000F09580002B00F09E80039B00930122C4
:101A900001923B460DF117014846FFF70BFD013E51
:101AA0008346039B00930AAA01963B46A2EB0A02D7
:101AB00051464846FFF7FEFC58440BE054F8043BFF
:101AC000019653B1039B4C49009304223B46484680
:101AD000FFF7F0FC8044691CEBE6039B0093474949
:101AE0003B460522F3E754F8043B8DF81830039B7E
:101AF000009301963B46012206A9E8E706A954F89F
:101B0000040BFFF7F3FABBF1FF3F014604D0069B3D
:101B10009B4538BFCDF818B0039B0093069A0196F9
:101B20003B46D4E754F804AB504629F05FF8BBF1CC
:101B3000FF3F024602D0584528BF5A46039B0093F8
:101B400001963B465146C2E7BAF1640F06D0BAF19E
:101B5000750F81D100200A21612383E7002A1CDA56
:101B60002D238DF8173052420A2151230DF1280AF6
:101B70000A3B0DF1180EB2FBF1FC01FB1C200928F9
:101B80008CBFC01830300AF8010DF2453FF474AF35
:101B900091423FF671AF6246EDE7BB0705D4C7F34C
:101BA000800040010A2151235CE72B20FAE7002B3B
:101BB0003FF477AF06AA92457FF673AF0AF8013C6F
:101BC0000AF1FF3A6DE79B466BE7073424F0070400
:101BD000F4E8020137F00EFBCDE9006B00EE100ACD
:101BE000039B3A4651464846FFF7F0FD72E74046F0
:101BF0000BB0BDE8F08F00BF21C0050826C0050866
:101C00000EB403B503AA52F8041B0192FFF74AFE73
:101C100002B05DF804EB03B0704790F90020037840
:101C2000002A0ADA03F07F034022134207D110F89A
:101C3000012F02F0C001802905D01846704723EA21
:101C400002035208F1E702F03F0242EA8313EEE793
:101C5000431C18460133027802F0C002802AF8D0F3
:101C600070470023814201D81846704711F8012DB2
:101C700002F0C002802A18BF0133F3E70144034693
:101C8000002099421A4600D87047127802F0C0022C
:101C9000802A03F1010318BF0130F2E77F289DBFBE
:101CA000024B185CC0F3400000207047170F060875
:101CB0007F289DBF024B185CC0F3C0000020704716
:101CC000170F06087F289DBF024B185CC0F38000E9
:101CD00000207047170F06087F289DBF024B185C35
:101CE000C0F3801000207047170F06087F2809D81E
:101CF000064B1B5C03F00C0333B9A0F15F035842A1
:101D0000584170470020704701207047170F0608A0
:101D10007F289DBF024B185CC0F300100020704765
:101D2000170F06087F289DBF024B185CC0F34010B8
:101D300000207047170F060808B50246FFF7E8FFB6
:101D400002EB401008BD08B50246FFF7EBFF40422A
:101D500020F01F00104408BD303820F02003073B5E
:101D6000092888BF1846704730B50A440024E52585
:101D70008A4203D8B4FA84F0400906E00B784CB1EB
:101D800003F0C003802B01D0002030BD013CE4B241
:101D90000131EDE758B9BF2B09D9F72BF4D8DB088F
:101DA00003F0060345FA03F303F00304F0E71B0610
:101DB000EAD4EDE7023981420B4603D31A8802398F
:101DC000002AF8D002331B1A58107047B2EB131FC9
:101DD00070B54FEA13141AD9121B01EB440103F03A
:101DE0000F0314460646012C0CBF0D880D68013CFC
:101DF00025FA03F526F8025B01F10201F3D100EBAD
:101E0000420030F8023C03B9013A104670BD00228E
:101E1000FBE7F0B5059C0025121B2E46AC420FD106
:101E200001EB4403174600EB4404411A9FB904EB4D
:101E3000420316B124F812600233181A4010F0BDA4
:101E400031F8157033F815C067443E4420F815602A
:101E5000360C0135E2E71D8835445D522E0C013FFA
:101E60000233E3E7F0B4049E0025921B2C46AE42F9
:101E70000BD101EB4605174600EB4606431A7FB926
:101E800006EB4201F0BCFFF795BF31F815703C44FA
:101E900033F81570E41B20F8154024140135E6E7EB
:101EA00029880C44EC52013F24140235E7E72DE960
:101EB000F043079CDDF828E0DDE908760239154695
:101EC00084464FF6FF78A4EB020955B900EB4201B6
:101ED0001FB1012320F812300231BDE8F043FFF7B3
:101EE00069BF31F8024F013D4444264405EB090423
:101EF000A5422ABF33F8024B4FF6FF7444447444A2
:101F000086EA040E17FA8EF72CF8027B4FEA144E7D
:101F1000360C3F0CD9E738B502290446806838BF33
:101F200002210D4618B12368B1EB930F07D9690060
:101F3000FEF7BBF92368A06065F39F03236038BDFB
:101F400038B504460C20FEF795F92368227805463B
:101F500002F00102C3F39D0023F0030313432B603F
:101F600063686B604000FEF785F9A8602268A1688D
:101F7000C2F39D02520028F0B1FD284638BD9942B7
:101F800010B502D24FF0FF3010BD01D90120FBE7A0
:101F900000EB410002EB410209B90846F4E730F8D2
:101FA000023D32F8024D1B1BECD4EFD10139F3E7AF
:101FB00010B5044638B18068FEF784F92046BDE8C4
:101FC0001040FEF77FB910BD38B505460C4602211A
:101FD000FFF7A1FF211E2B78B4BF0122002262F37C
:101FE00000032B704FF00003B8BF49426B60D5E986
:101FF0000132581C686022F81310090CF7D138BD63
:102000000023C0E900338360704728B103789B0741
:1020100002D48068FEF756B9704738B504460D46BD
:102020004968FFF778FF2A782378A06862F30003F5
:1020300023706A686260A9685200BDE8384028F0E1
:102040004DBD29B90378416061F300030370704707
:10205000FFF7BABF08B5FFF7D3FFBDE80840FFF7A9
:10206000F0BF920042F0020202600022C0E90121AA
:102070001946FFF7E6BFF8B59DF8187014461D46DF
:1020800004210646FFF747FF22462B4627B1002DC5
:102090000CDA624265EB4503317867F30001317079
:1020A0000021716052EA030102D1F8BD0027F3E775
:1020B000D6E901104C1C746020F81120120C42EA81
:1020C00003421B0CEEE72DE9F3418DED010A019D62
:1020D0000378EA0F62F300030370C5F30F4313F4B0
:1020E000FF4380460BD198F8003023F0010388F8B5
:1020F00000300023C8F8043002B0BDE8F081B3F529
:10210000FF4FF0D0C5F3C754B4F17F06EBD405D12F
:10211000012102B0BDE8F041FFF756BF162EC5F30E
:102120001605A4F16F07D8BFC6F1170645F40005E0
:102130004FEA2717D5BFF540963C00260936D4BF95
:10214000344624113946C8BF06F00F06FFF7E3FEF8
:10215000C8F804702CB1D8F808006200002128F0FB
:1021600007FD4EB1D8F8083005FA06F223F814201E
:10217000C6F11006F5400134A742BDD0D8F80830AA
:1021800023F814502D0CF6E72DE9F843074601EB30
:102190000208C2F35B020D46511C089E1C46FFF765
:1021A000BAFE3A7864F300023A7000212A461FFA18
:1021B00086FC4245796002D3501BBDE8F883107855
:1021C000A0F13003092B05D9A0F14103192B11D837
:1021D000A0F13703B342EFD2B86801320C4686460D
:1021E0007CB900EB410413B120F811300234241AF9
:1021F0006110DEE7A0F16103192BDDD8A0F15703D0
:10220000E8E7BEF800900CFB09332EF8023B013CD6
:102210001B0CE5E7F8B5044615461E46C1B1531E32
:102220001E444FF0FF37E9000F3109092046FFF740
:1022300072FE2378002123F00103237061600B46B6
:1022400045B9A06800EB4101FFF7B4FD6060F8BD3F
:102250000127E8E700220F2B09DC3078013D00FA66
:1022600003F042EA000203F108033E44F3D1A06800
:1022700001F1010CC4F804C0103B20F811206146A4
:10228000DEE738B505780B7805F0010203F00103AD
:102290000446981A08D1D1E90132D4E90110FFF7B8
:1022A0006EFEEB0748BF404238BD884210B5044679
:1022B00001D0FFF7B2FE237823F00103237010BD95
:1022C000884210B5044601D0FFF7A7FE63683BB112
:1022D0002378C3F3000282F0010262F3000323704B
:1022E00010BD88421FB5044601D0FFF796FE626814
:1022F00062B901212046FFF70EFEA2680123138078
:102300006360237843F00103237010E02378D9073A
:102310000FD523F00103237001230093A168ADF8CA
:102320000E3008460DF10E03FFF79CFD606004B00F
:1023300010BD511C2046FFF7EEFD01230093D4E9A8
:102340000121ADF80E3008460DF10E03FFF761FDD7
:102350006060D6E74B682DE9F04704460D46164607
:1023600003B12AB929462046BDE8F047FFF755BE1C
:1023700002F10F014FEA111803EB1111FFF7CBFD2A
:10238000D5E9010316F00F02A1686FF0004E08EBCB
:10239000000606EB0E0C864403EB4E0308BF10222A
:1023A0004FEA4C0701EB4C0C02330146E1464FF07B
:1023B000000EC2F11002F9B96FF001035843C8F1E1
:1023C00001080CEB00032EFA02FE4FEA48022CF83B
:1023D00000E0524203EB480028F0CAFB0237C31961
:1023E00016B133F8022D9AB166602A78237862F329
:1023F00000032370BDE8F08733F802AD4AEA0E0E01
:102400002EFA02FA29F802A94FEA0E4E0139D2E754
:10241000013EE5E72DE9FF410D46496806461446B1
:1024200001B132B92946304604B0BDE8F041FFF7AA
:10243000F4BDFFF770FDB768D5F808806A682346D9
:1024400041463846FFF7C2FC70602978337861F363
:1024500000033370DB0702460BD500236968ADF833
:102460000E304FEA141C994201D0634504D16145F6
:102470000AD804B0BDE8F08138F8130098B1012300
:102480006145ADF80E3012D904F00F04012338F87D
:102490001C1003FA04F4013C214206D1BDF80E30B1
:1024A000002BE6D003E00133DDE7ADF80E30012369
:1024B00012B93B807360DCE7009339460DF10E03DF
:1024C0003846FFF7A6FC7060D3E72DE9F3414E686C
:1024D00057680C4690463B46314692680546A068D0
:1024E000FFF74DFD013017BF3746464626464446A6
:1024F000337822785340DB0719D4791C2846FFF73C
:102500000AFD63680093D6E90121A368A868FFF774
:1025100080FC686033782A7800280CBF002303F021
:10252000010363F300022A7002B0BDE8F08139466E
:102530002846FFF7F0FC63680093D6E90121A36801
:10254000A868FFF78FFCE4E72DE9F3410F464E68DA
:10255000D2F8048014464346314692680546B8686E
:10256000FFF70DFD01301EBF23463C461F46237872
:102570003A7883EA020316BFB04601260026DB073D
:1025800019D508F101012846FFF7C5FC7B680093C7
:10259000D4E90121BB68A868FFF73BFC686018B16B
:1025A000207800F0010070402B7860F300032B705E
:1025B00002B0BDE8F08141462846FFF7ACFC7B68DD
:1025C0000093D4E90121BB68A868FFF74BFCE5E75D
:1025D0002DE9F04F53680C46496899422EBF2646B4
:1025E00016461946337828BF1446DB0785B00546E2
:1025F00022D4237813F001071ED1FFF78CFCD4E915
:10260000011CA868B6683B4699420CD100EB410119
:10261000FFF7D0FB002368602A7863F300022A707A
:1026200005B0BDE8F08F36F813203CF81340224087
:1026300020F813200133E7E701312846FFF76BFC50
:1026400037782378D6F804C0A868A26887EA03011F
:10265000C94301F0010E41F3000189B2029147F331
:1026600000010191B168A1F10209616803F0010A5A
:1026700043F300039BB2A1EB0C0107F001080093A8
:102680006746834603918FB900EB4C01BEF1000F02
:1026900003D0012320F81C300231FFF78BFB686068
:1026A00022783378C2F300021340B5E739F8021FED
:1026B000019B5940039B013F18FA81F8D919B9428F
:1026C0009BBF32F8021B009B009959408A44029B31
:1026D00008EA0A0159401EFA81F12BF8021B4FEA61
:1026E0001A4A4FEA18484FEA114ECCE72DE9F84F45
:1026F00053680D46496899422EBF2E461646194624
:10270000337828BF1546DB07044631D42A7812F007
:1027100001072DD1FFF7FFFBD5E9013E7568D4F81D
:1027200008C0B168ED1A3A46934213D10CEB43004E
:102730002A4601EB4303ACEB0101A2B900EB4500D3
:10274000A0EB0C0040102378606062F3000323705C
:10275000BDE8F88F31F812003EF8126030432CF8D3
:1027600012000132E0E71E885E52013A0233E4E7CC
:1027700001312046FFF7CFFB2B7837787168A068CE
:10278000D5E901E2B56803F0010943F3000307F05E
:1027900001089BB247F30007A5F1020C0E468346E1
:1027A0004FF0010AAEEB010E2EB900EB4101FFF72D
:1027B00001FB0122C7E73CF8025F013E7D4018FAA9
:1027C00085F80EEB0605AE422ABF32F8025B1D46C5
:1027D0005D40A94448EA0905ED431AFA85F52BF84E
:1027E000025B4FEA19494FEA18484FEA154ADBE7FE
:1027F000F0B553680D46496899422BBF2F461746DE
:10280000154619463C782B785C4014F0010485B0DD
:10281000064636D1FFF77FFBD5E9013C3D78B0682D
:1028200015F00105D7E9012123D1D21A2C469C428B
:1028300011D101EB440500EB4403411A14469CB945
:1028400003EB4201FFF7B6FA3378706064F30003DC
:10285000337005B0F0BD31F814503CF814707D4071
:1028600020F814500134E2E72F886F52013C023502
:10287000E5E7CDE90244CDE900346346FFF717FBF5
:10288000E2E70131FFF747FB2B78DB4303F001035D
:1028900003933B78DB4303F001030124029301948B
:1028A0006B680093D7E90121AB68B068E6E72DE9D2
:1028B000F04F4B6885B006460D4614460BB1536881
:1028C00043B9337823F0010333700023736005B0FC
:1028D000BDE8F08F81422DD1FFF732FBB4420546AF
:1028E00007462ED06368696830461944FFF713FB2A
:1028F0003268B068C2F39D025200002128F038F916
:10290000AB68D6F808E0D5F804900193A368029369
:102910000022636803930EEB4908F4461146039BBB
:10292000934233D0DDF804B0CDF80090ACF1020052
:1029300000231AE0824206D1FFF702FB0446074655
:10294000D0E70446CEE70027CCE730F802AF03EB30
:102950000A01029B3BF802AB33F8123003FB0A1367
:102960000099038001391B0C009100990029ECD1DA
:102970004146881C13B1A8F800300146A1EB0E01B6
:1029800049100CF1020C01328046C8E771602278D0
:102990002B7853403278384663F30002327005B02A
:1029A000BDE8F04FFFF704BB4B6870B50546144611
:1029B00013B11378DA0706D52B7823F001032B70B7
:1029C00000236B6070BD636823B9BDE870400121CE
:1029D000FFF7FABA0846FFF7B3FA06462046FFF7B4
:1029E000AFFA012104462846FFF7EEFA636883B187
:1029F000A3681B88DB0704D5324629462846FFF723
:102A000056FFD4E9012101230846FFF7DFF9606092
:102A100038B93046FFF7CCFA2046BDE87040FFF7E2
:102A2000C7BA324631463046FFF741FFDEE72DE9AF
:102A3000F04F0C4651688FB0013105460192039367
:102A4000FFF769FA019BA8685A6801325200002119
:102A500028F08EF82B7823F001032B704FF0000A3A
:102A6000019BC5F804A0596820460131FFF753FACD
:102A700001992046FFF7D1FA039BA668D4F8048099
:102A8000D3E9013B0093AB6804935A46009B41464F
:102A90003046FFF774FA002833D1049A60600123AE
:102AA00013806B6023786268002A0CBF002103F05A
:102AB000010161F3000323700399019B09781B78DE
:102AC0004B40DB0740F100816B682978003B18BF61
:102AD000012363F300012970002A00F0F5800BA8A0
:102AE0004FF0FF31FFF7B6FA0BAA29462846FFF749
:102AF000ECFC039A214620460FB0BDE8F04FFFF7EB
:102B0000E4BC013002D1C5F804A0CBE7009B03F17F
:102B10000047013F4FEA47093BF817301A045CD5DC
:102B200006EB4800831C02931FFA8AF34FF0000C57
:102B300008F10102C3F1100126F818C0B646626020
:102B4000059102998E454CD33BF8171001FA03FA10
:102B50000099012908D90BEB0901C3F1100731F8DD
:102B6000021CF9404AEA010A0099521A6A60049963
:102B700002F10042013A01EB4202079209F102021E
:102B80000992626805920599009A8A4235D301F14B
:102B9000004B0BF1FF3B06EB4B0B0022C3F1100087
:102BA0005E4540F284806B6843B103F100420499B2
:102BB000013A31F81220002A00F083806368002B6C
:102BC0003FF470AF03F10042013A36F81220002AB8
:102BD0007FF468AF013B6360F0E70AF1010A5B0034
:102BE0009CE7BEF800A005990AFA03F84CEA080829
:102BF0002EF8028B2AFA01FCA3E7018830F8022C98
:102C000042EA0142B2FBFAF20292099A821A069251
:102C10000027ABF10202DDF818C00892B846604503
:102C20000DD801880F44002F39D1079A029922F854
:102C300002190792059A013A02386260A1E7089AE0
:102C4000BCF8009032F8021F08929940029A41EABB
:102C500018481FFA88F1514319FA87F91FFA81FEC3
:102C6000090CA9EB0E0EC1EB27412CF802EB01EB8E
:102C70002E47D4E739F8021F994041EA1848BEF8B8
:102C80000010614411FA88F12EF8021B4FEA114C32
:102C90007045EFD8029A013A67440292C3E74FF0B9
:102CA000000CDDF818E0ABF10209E046F0E7BBF8F4
:102CB000001041FA03F73A432BF8022901FA00F217
:102CC0006EE7013B6B606EE70FB0BDE8F08FF0B5CB
:102CD0001F4613780D46D90785B00446164606D41C
:102CE0007B68012B0BD1BB681B88012B07D1237894
:102CF00023F0010323700023636005B0F0BD0121C0
:102D00002046FFF761F9736853B93B78DA07F4D5C9
:102D10003A462146204605B0BDE8F040FFF7D5BB56
:102D20006B68002BE3D02846FFF70AF905463046CA
:102D3000FFF706F90023CDE90133064603937368D4
:102D40005BB901A8FFF761F92846FFF731F9304672
:102D500005B0BDE8F040FFF72BB9B3681B88DB076F
:102D60000AD52A4621462046FFF7A1FD3B462246CA
:102D7000214601A8FFF75BFED6E9012101230846A1
:102D8000FFF724F870600028DBD02A462946284641
:102D9000FFF78DFD3B462A46294601A8FFF747FE6F
:102DA000CDE710B5D0E90121002301EB42029142A9
:102DB00005D30278D20748BF5B42184610BD32F8EF
:102DC000024D44EA0343F2E730B5D0E90124002381
:102DD00004EB4202944206D30278D20748BF5B421A
:102DE0000B60012030BDB3F5004F04D232F8025D14
:102DF00045EA0343EEE70020F4E7037813F001030C
:102E000010B501D0002010BDD0E9012404EB42022E
:102E1000944202D30B600120F5E7B3F5803FF1D275
:102E200032F8020D40EA0343F2E72DE9F74FDDF8EF
:102E300030A001928846B1B10AEB0305D0E9012424
:102E40000178A4F1020E41F300010024C9B24FF051
:102E500001092746264642B9D3BB019B93BB0120FB
:102E600003B0BDE8F08F5546E8E73EF802CF1036D4
:102E70004CEA0747072E01DC013AECE7BCB26FEAE7
:102E8000040C90F800B059FA8CFC1BF0010B1FFAEF
:102E90008CFC18BF64464FEA142C18BFE1465FFA59
:102EA00084FC23B961451CD1083E3F0AE2E7B8F132
:102EB000000F04D005F801CC013D013BF4E705F813
:102EC00001CBFAE74C4084F08004C4F3C010C7E79C
:102ED0001A46B8F1000F0CBF2846504627F048FEAE
:102EE000BDE71846BCE70000D0E901329FED0C0AAF
:102EF0009FED0C7A02EB43039A4205D30378DB077C
:102F000048BFB1EE400A704733F8021D07EE901A31
:102F1000F8EEE77AE0EE077AB0EE670AECE700BF7A
:102F200000000000000080472DE9F74F44689DF83D
:102F300030A00D9D0A2980468946164614BF4FF0E1
:102F4000040B4FF0030B9CB982B1561E2B4616F8AA
:102F5000012F42B930221A70002203F8012F581BAA
:102F600003B0BDE8F08F03F8012BF0E72B46F1E743
:102F700060000193FDF77EF96200D8F8081007465B
:102F800027F0ACFD019B07EB440C28462A463A3B50
:102F9000ACF102040021A7422AD93031CC183929DA
:102FA00088BF2146144604F8011B39468C458E46DD
:102FB00029D83846FDF786F95EB1304627F016FE6F
:102FC0003218611E1346B3422FD8964288BF0020A4
:102FD000044498F80030DB0744BF2D2304F8013B7C
:102FE0002B46621E9A4225D800232370601BB7E748
:102FF000B4F800E04EEA0141B1FBF9FE24F802E921
:1030000009FB1E11C7E7BEF800E00231BEF1000F58
:10301000CCD0BAF1000F06D0211A594502BF941C3A
:1030200082F801A020462246B2E713F8017D01F89C
:10303000017FC8E71978107803F8010B02F801192D
:10304000D0E7D0E9023293423DBF5A1C8260187823
:103050004FF0FF3070470368013B033310B504465F
:1030600002D84068FDF72EF92046BDE81040FDF774
:1030700029B90000F8B5054610200C461F46164633
:10308000FDF7F8F8054B8460C0E900743444C4606F
:103090006B60034B2860AB60F8BD00BF4330020893
:1030A0005730020802690A2AF8B5044623D1836919
:1030B000013383610123E361237D2361637D2375F4
:1030C00000260A27256EF5B16B1CA26D2366555D9F
:1030D000626D934201D366652666237D0D2B02D176
:1030E0000A2D2775EED025B9237D13B10A2B18BF01
:1030F0000A256575F8BDC369092A04BF073323F0A3
:1031000007030133D7E7D4E901039847431CE4D010
:10311000012838BF01200546DFE7000001692729A3
:1031200002D10123184670472229FAD0A1F1620288
:10313000132A01D90023F5E70F4B134113F00103C4
:10314000F8D1027D272AECD0222AEAD0722909D1AF
:10315000662A0BD1437D272BE3D0A3F122025342F1
:103160005341DFE7662904D1722A00E0622AD9D1EF
:10317000F0E76229F8D0D5E7EEFFF6FF38B5044650
:103180000D46206908B905461BE00A2806D10DB195
:10319000636AB3B12046FFF785FFF2E7FEF77EFDD5
:1031A0000028F7D12369232B08D12046FFF77AFFA7
:1031B0002369002BE5D00A2BF7D1E2E75C2B02D084
:1031C0000025284638BD237D0A2BF9D12046FFF77C
:1031D00069FFDFE72DE9F04F0023044685B00121A8
:1031E0004364FFF7CBFF266AA3696363002EE3699C
:1031F000A36307DA072384F83C300136266205B062
:10320000BDE8F08F04D0062384F83C30013EF5E79A
:10321000002835D031462046FFF7B0FF052384F85B
:103220003C30D4E90B3003F10042013AE56930F853
:103230001220013D9542E2D009D8013B30F813201D
:10324000954218D3DBD0022384F83C30D7E7A16A3B
:103250008B4207D308314900FDF727F8A36A2063A2
:103260000833A362E36A5A1CE26220F81350236A0F
:1032700001332362C3E7226AE362013A2262DCE798
:10328000256915B984F83C50B9E72046FFF746FF99
:103290008046002800F0148284F83C602369722B79
:1032A0004AD008D8622B0CD0662B4FD0B1460025EF
:1032B0002F460B230EE0753BD3F1000949EB0309C0
:1032C000F5E7237D722B4FF0000546D02F464FF0D7
:1032D00001090C2394F83C20002A47D184F83C30A3
:1032E000B9F1000F08D02046FFF7DCFEB9F1020F5C
:1032F00002D12046FFF7D6FE23692046222B0CBFC1
:103300004FF022094FF02709FFF7CCFE23694B4508
:1033100002D1237D4B4560D04FF0010A35B1A36E39
:1033200023B9AB4904F16400FEF770F804F14003DF
:103330004FF0000B0093EFE0237D622B0CD0662B47
:103340000FD0002547464FF00109B2E7237D722BCD
:10335000454607D00027F6E7002547464FF002090B
:10336000B7E7454647464FF00209A2E79A42B7D071
:10337000A36E002B3FF443AF292104F16400FEF754
:1033800003F8236E04F15006002B40F096810321D0
:103390003046FDF7DFFF23690370237D4370637DB3
:1033A0008370D4E91A57216E2A463046FEF73BF85F
:1033B0002A46394627F092FB0023A366236EA26DAE
:1033C000581C2066D15C2161991C2166105C207517
:1033D00003332366535C637511E72046FFF762FEF3
:1033E0002046FFF75FFE4FF0030A97E7894509D1B2
:1033F000009849460BF1010BFDF7CDFF2046FFF782
:1034000051FE89E0002D6DD15C2940F04D812046B0
:10341000FFF748FE236967B9782B0AD85B2B00F2C7
:103420009880222B00F0CC8000F2C4800A2B00F0A0
:10343000BE80009801935C21FDF7ADFFDDF804B07C
:1034400002E104F1640B28215846FDF79DFFA36EAD
:103450000022216981B17ABB3A290DD07D290BD098
:10346000212929D1207D7238C0B2012829D8607D58
:103470003A2801D07D2824D1D4E91A21881810F8DF
:10348000010C3D2809D1D21A194401980293FDF785
:10349000EBFEA26E029B013AA266934208BF042390
:1034A000584608BF84F83C302921FDF76DFF2C21D8
:1034B0005846FDF769FF29E021F020005B280CD178
:1034C0000132C9B25846CDE90232FDF75DFF204610
:1034D000FFF7E8FDDDE90232BBE75D2808BF02F136
:1034E000FF32EEE77B298FD120460291FFF7DAFD0C
:1034F00004F14003019323697B2BA2D104F1400026
:103500000299FDF741FF2046FFF7CCFD01987B2192
:10351000FDF73AFF4FF0000B2169002900F0C7804A
:10352000BAF1010F02D10A2900F0C180D345FFF49E
:103530005DAF594604F14000FDF78DFF01212046A3
:10354000FFF71CFE2046FFF7E9FD00287FF4A6AE3A
:103550000EE7A3F15C021C2A7ED8DFE812F03100EE
:103560007D007D007D007D0096003D007D007D009A
:103570007D0049007D007D007D007D007D007D0097
:103580007D0043007D007D007D001D007D0040002A
:103590004C0046007D00C6014FF00D0B94F83C3006
:1035A0000B2B75D1594604F14000FDF7F4FE4FF0A6
:1035B000000B23E7552B1ED03FF63BAF272B01D145
:1035C0009B46EBE74E2B47D102480AF01DFE00BF99
:1035D00071C005087AC005084FF0080BDEE74FF010
:1035E000090BDBE74FF00A0BD8E74FF00B0BD5E7E1
:1035F0004FF00C0BD2E794F83C200C2A07D15C2149
:1036000004F140000193FDF7C6FE019BD8E7752B3E
:1036100014BF082304234FF0000B20460193FFF74B
:1036200041FD226902921046FEF756FB002800F089
:103630005781019B0298013B0193FEF78DFB019B93
:1036400000EB0B1B002BE8D1BBF5881FA6D34FF076
:10365000010384F83C30AAE7A3F1300BBBF1070F5C
:103660003FF6E7AE032308E020460193FFF71AFD7B
:103670002269019B303A02EBCB0B227D303AD2B269
:10368000072AE1D8013BEFD1DEE74FF0070B85E7D2
:10369000BBF1FF0FDBD80C2BD9D15FFA8BF104F112
:1036A0004000FDF771FE82E70098C9B2F9E7D34503
:1036B0003CBF032384F83C303BE7033B236670E6C2
:1036C0002846FEF7F5FA054600283FD120695F2815
:1036D0003CD07F283AD8FEF7F5FA48B923692E2B5B
:1036E00040F09980207DFEF7EDFA002800F09380ED
:1036F00021692E2966D10A2384F83C3004F1400662
:103700003046FDF748FE2046FFF7CCFC0A2720692B
:1037100000283FF474AD002D66D120F02003452B26
:1037200062D16521304684F83C70FDF734FE2046B6
:10373000FFF7B8FC21692B2901D02D29E7D13046AC
:10374000FDF729FE2046FFF7ADFCE0E7082384F8EB
:103750003C3004F14005217C2846FDF715FE20464B
:10376000FFF7A0FC206960B1FEF7A2FA0028F2D1B1
:1037700020695F28EFD07F28EDD8FEF7A3FA002854
:10378000E9D12846FDF7F1FD594E0746002531687D
:10379000384627F039FA00280CD10E35EDB2112D3C
:1037A0007FF470AD534BD3F81032002B14BF0E23AF
:1037B000102349E5FFF623AD0135242D06F104065B
:1037C000E5D11CE50923302984F83C3096D1237DCE
:1037D000494A43F02003623BDBB2DA4002F00102C7
:1037E000162B98BF154689E7FEF762FA30B92069B3
:1037F000FEF768FA10B923692E2B09D121692E2909
:1038000003D021F020034A2B99D184F83C7096E72D
:103810005F2B97D0F3E4394D00262F7817B1236939
:10382000BB4205D12046FFF73DFC4FB901230BE514
:10383000652F01D0632F00D1013501360135ECE74A
:10384000212F07D123693D2BF0D12046FFF72AFC19
:103850003923F9E42E2F0FD123692E2B02D1237D9A
:103860002E2B01D05C23EFE42046FFF71BFC204603
:10387000FFF718FC0D23E7E40335334615F8027C07
:10388000632F01D0652F10D115F8012C21699142C9
:1038900006F1010607D12046FFF704FC652F05D08D
:1038A00033460235EAE7632FFBD11E46144B9B5D7E
:1038B00084F83C30543BDBB2052B3FF6A0AC012230
:1038C00002FA03F313F02A0F07D113F0150F3FF498
:1038D00096AC636A1344636291E4636A013BFAE75E
:1038E000012384F83C30834658E6022393E600BF68
:1038F000980F0608BC040020012040002CC00508D9
:103900002810060830B585B0054601A880E80E00ED
:103910007420FCF7AFFC01AA0446034607CA43F82B
:10392000045B83E8070001236FF001020025C4E96E
:1039300006320A22C4E90A23C4E908551420FCF718
:1039400099FC2021206304F14000FDF79FFC2946EB
:1039500004F15000FDF79AFC294604F16400256645
:10396000FDF794FC236B20461D802561A582FFF79F
:1039700099FB2046FFF796FB2046FFF793FB204676
:10398000FFF728FCA36B012B06D094F83C30052BE5
:103990001CBF062384F83C30204605B030BD1FB55F
:1039A000044601A8FFF766FB01AB0ECB2046FFF7EC
:1039B000A9FF04B010BD1FB50446014601A821F0BF
:1039C0001DFD01AB0ECB2046FFF79CFF04B010BDE0
:1039D00010B50446B0B1C3684068984704F1400090
:1039E000FDF77EFC04F15000FDF77AFC04F1640061
:1039F000FDF776FC206BFCF765FC2046BDE8104027
:103A0000FCF760BC10BDD0E90432013B036152F801
:103A100023007047036942695B1A013B52F8230097
:103A20007047F8B5446A06460D46B4B1D4E90003C0
:103A30000B44834222D90831002201442046FCF77E
:103A40003FFC0246B8B9616820460831FCF738FCF3
:103A500063682360336A63603462802D2F4638BF09
:103A6000802707F10800FCF705FC0023076043608E
:103A70000446706202E023682B44236060680544BA
:103A8000656008342044F8BD38B50D460C21144655
:103A9000FFF7C7FF4FF49D73C0E90134056038BDDF
:103AA00038B50D46D0E903138B42044608D31031D4
:103AB00040698900FCF7F9FBE36860611033E3605B
:103AC000D4E90432591C216142F8235038BDF8B5BD
:103AD0000E461D46D0E900138B420446174608D314
:103AE0001031C9008068FCF7E0FB2168A06010314C
:103AF0002160D4E901104B1C636050F8312066F35B
:103B0000170240F8312000EBC103DF705D60F8BDA3
:103B100010B48469CAB20023616B10BCFFF7D7BF31
:103B2000C20704D540F0010008600120704708B9C1
:103B3000002070478307FBD103793A2BF8D18368C3
:103B40000B6013F00100F0D19A0707D11868044BFD
:103B50009842EAD0034BC31A58425841704700BFFD
:103B6000E025060880230608C20701D5012070471A
:103B700083070ED000F00F03062BF7D00A2B01D0DD
:103B80000020704700090D3803288CBF0020012059
:103B900070470028F4D003793A2BE7D02D2BEFD1D2
:103BA0008068B0FA80F0400970470000C20702D573
:103BB00040F00100704783070FD0030900F00F00A9
:103BC000062803D1D80040F0020070470E3B022BBC
:103BD0000BD8074A52F82300704708B905487047C8
:103BE00003793A2BFAD1806870470348704700BFC9
:103BF00054100608EC300608B82C060838B50546FF
:103C00000C46FFF7B1FF38B12846FFF7CFFF0BF0A6
:103C10003DFB031B5842584138BD0000F0B593B03E
:103C2000044668460E4617461D46FCF7E3FA10B1F7
:103C3000002013B0F0BD3A46314620460AF0F0F8B5
:103C40000446FCF7ADFAA30703D12268024B9A425F
:103C5000EED02C600120ECE7EC1C06082DE9F041C9
:103C60000E4605461446114689B9204613F07AF8E7
:103C7000074600F10808A4B93A4631462846FFF73E
:103C800003FF01462846FFF70BFF012007E001393B
:103C90002846FFF7BFFEFFF767FF0028E4D1BDE825
:103CA000F0812846FFF7AFFE0146FFF77FFF013C9A
:103CB00048F824000029DED08B07DCD16A6A02F1C3
:103CC00008039942D7D3506803449942D3D24B6832
:103CD0001B0A0233A0EB83005060CCE7F7B586697E
:103CE000054696F83C00A0F108030F46042B55D872
:103CF000DFE803F003232E3B4F00D6E91110FDF758
:103D00002BF9902F044614D1C100002241F002018A
:103D100005F128000AF038FE58B14268D1071FD5D6
:103D200042F001000146284603B0BDE8F040FFF72D
:103D3000B7BE200140F00200F4E73346D6E9111087
:103D4000002208F0EBFBC30709D540F00100E9E7CA
:103D50000096D6E911100023012208F01FFD02464B
:103D6000716B2846FFF790FEDCE7D6E911100A29AF
:103D700006D8FDF7F1F830B1000140F00600D1E7B8
:103D8000FDF79EF8F7E7D6E91121064811F026F86D
:103D9000E5E7D6E9111011F091F8E0E7000140F0F5
:103DA0000A00BFE7E02F060808B5FFF7B9FE08B91B
:103DB000002008BD0B68D90707D49A07F8D1186806
:103DC000034BC31A58425841F3E70120F1E700BF03
:103DD000E02506080021FFF711BF0121FFF70EBF04
:103DE0002DE9F04F2D2A85B00446884616461D461B
:103DF0001DD10021FFF70EFE20B1810734D10379D8
:103E0000922B31D1A6F12303DFB2092F00F20282F7
:103E1000092B00F2F281DFE813F0F700F700F7005A
:103E20002901290129014E01F700F001AC01922A74
:103E30001DD10021FFF7EEFD07460028E2D08207E2
:103E4000E0D14168CBB2952B04D12046FFF7DBFDD2
:103E5000013DD7E7962BD5D121F0FF01204641F057
:103E60009201FFF7D0FD796005B0BDE8F08F962A8A
:103E700013D1D0E9012303EBC203013513F8153C3C
:103E80002D2B40F05F812A46FFF7E8FE002800F066
:103E900059816368023B6360E6E7A2F11E03012BD0
:103EA00040F28480202A00F09580052AAAD10021C2
:103EB000FFF7B0FD0746002800F0448110F0030929
:103EC00005D1436803F0FE03562B00F03B8101212E
:103ED0002046FFF79FFD00F00F03022B014640F044
:103EE0003181B9F1000F06D13B795B2B06D1FF6818
:103EF000002F00F02781B80740F024813B792C2B5C
:103F000040F02081BB6803F00F02022A40F01A81C2
:103F10001B09482B40F01681FB68002B00F0128132
:103F200013F0030940F00E811A79302A40F00A811B
:103F3000D3F808A05046FFF717FE8346002840F04C
:103F4000DC80AF49AF480DF009F9A1693A6809680A
:103F500005465B460DF0E4F92846FCF763F9A946EF
:103F6000AA460AF1FF3A51462046FFF753FD23695E
:103F70006269A3EB0903834642F82300BAF1000FFC
:103F800017D01E2E0BD1FFF728FF90B95846FFF728
:103F900021FF002818BF4F46B946013FE1E7FFF770
:103FA00019FF30B95846FFF718FFF2E76F1E002DD2
:103FB000D5D10021B94208D16D1A012D3FF454AF7B
:103FC000362E00F03181332E2DE12046FFF71BFD08
:103FD0000131EFE70021FFF71DFD0746FFF7FAFE6D
:103FE00078B93846FFF7F9FE002800F0AB80EA21E7
:103FF0002046FFF708FD204605B0BDE8F04FFFF76B
:104000004FBD4FF48571F3E7691E2046FFF702FDAF
:1040100001A9FFF785FD002800F09480022F9ABFC8
:10402000A6F10D095FFA89F94FF02209AF1E002FA2
:1040300009DA002D40F0D680019AD30740F1D780ED
:1040400042F00101D7E739462046FFF7E3FC02A919
:10405000FFF766FD002875D0DDE9011201AB484687
:10406000FFF7DCFD00286DD0013FE0E7691E204628
:10407000FFF7D0FC01A9FFF753FD002862D0AF1E67
:10408000002FD6DD791E2046FFF7C4FC02A9FFF7FA
:1040900047FD002856D039462046FFF7BBFC0009F3
:1040A0002438DDE9011201ABC0B2FFF7B7FD0028EB
:1040B00048D0023FE4E700212046FFF7ABFC01A90E
:1040C000FFF72EFD00283DD001212046FFF7A2FC7E
:1040D000C0F30710332801990CD1CB0705D48F0703
:1040E00030D10A68484B9A422CD1022009F0E4F8FA
:1040F00001909EE73F38C0B2F8E75046FFF756FD03
:104100000F09F9008346012241F0020104F1280061
:104110000AF03AFCC0F804B03846FCF7DCFF03783C
:104120005F2B204608D1FFF76EFC2046FFF76BFCA3
:104130004D46C846082665E6FFF765FC5146204611
:10414000FFF7AEFCA91C89002046FFF76AFC46EA8F
:1041500005230746C0F80080436000F10801002DE8
:104160006BD1962E03D139462046FFF799FC39468C
:1041700041E701212046FFF74DFC00F00F03022B21
:104180000746DFD100212046FFF744FC0028D9D0A4
:1041900010F00302D6D10379322BD3D13909C900EB
:1041A000D0F80890194841F002010AF0EDFB002810
:1041B000C8D0406802AA4FEA191108F0BFFF029B5D
:1041C000002BBFD0D90708D49A07BBD11A680E4973
:1041D0008A4202D00E498A42B4D1039A002AB1D150
:1041E000019326E72046FFF70EFC013D21E7294613
:1041F0002046FFF749FC0146FDE62B26A2E700BF5B
:1042000002C105082C200608E025060860100608F3
:1042100080230608922E17D1D4E9012303EBC203B1
:1042200013F8053C2D2B8DD12A4641462046FFF739
:1042300015FD00287FF418AE84E72046FFF7E3FB66
:10424000013D41F825008AE7062EEDD0B8E600BF13
:104250000346006830B560B1840702D001201360C6
:1042600030BD4468E5B28D42F8D100F10803200A60
:10427000F5E70346F3E700002DE9F04FAC4B97B0AC
:10428000CDE9073102900E4605A8AA490192002403
:10429000FBF78EFF40234FF40070CDE90934FBF7A4
:1042A000E9FF20230B908020CDE90C34FBF7E2FFDF
:1042B0002146CDE90E0613A8CDE911440AF02EFBE4
:1042C000019B002B51D0022B0CBF3F222246716B69
:1042D000994F002309A8FFF7FAFB4FF0000B0A9C47
:1042E000002C00F07781013C0B9B944D0A9403EB6A
:1042F000C40253F8343092F803805268C3F3170AAB
:104300008F4B13F8083000938E4B13F80830B8F138
:10431000630F88BF43F4807305EB4305009B03F0F4
:104320000F0903F03003102B21D0202B50D0BBF10C
:10433000000F00F02581B9F1020F40F01481012A2D
:1043400043D04FF0000B0099C90702F1FF3305D5A8
:1043500069883940B1F5805F08BF5308012B40F0F0
:104360000081BBF1000FBAD0FBE03D22AFE712B1F4
:10437000BBF1000FB3D005EB420524E02B8803EA24
:104380000701B1F5805F0FD196F83C10C3F30B0322
:10439000994216D109A84146FFF7A0FC3046FEF726
:1043A00019FF4FF0000B9AE7531C4B4504D24246CD
:1043B000514609A8FFF78BFB298809A8FFF7A8FB3E
:1043C000EFE7023501329145D8D84FF0010B86E76F
:1043D000BBF1000F0ED002F10043013B35F8133062
:1043E0003B40B3F5405F08D1002109A80392FFF7D5
:1043F00057FB039A05EB420B30E0012A7FF66FAFC3
:1044000096F83C30062B40F013814F494F480CF092
:10441000A5FE726B3168044600230CF081FF204634
:10442000FBF700FFBBF8003003EA0701B1F5805F3E
:1044300032D196F83C10DBB299422AD108290BF10F
:10444000020B05D1414609A80392FFF747FC039AE6
:1044500003923046FEF7BEFE039A01329145E1D841
:10446000019B8BB1B8F1050F0ED1002109A8FFF710
:10447000D1FA48B9012109A8FFF7CCFA820714D074
:1044800000F00F00022815D1002405EB4909A346CE
:104490002DE0002A99D0B3E7531C5146424609A8A3
:1044A000FFF715FBBBF8001087E70028ECD0037975
:1044B0003A2BE9D109A8FFF7A6FA09A8FFF7A3FA52
:1044C00000230822514609A8FFF78AFC69E739F85A
:1044D000023D03EA0702B2F5805F13D1DBB2082B7D
:1044E00004F101020BF1010304BF14469B464D4544
:1044F000EDD1BBF1010F2BD1009B5B0628D5002528
:1045000029460EE0214609A8FFF784FA08B10BF10D
:10451000010B0134EBE7FFF776FA0135002818BFED
:104520000146A54209A8F6D1FFF7BAFA39E700BF5C
:10453000D13902083FD0020800F0FFFF4C110608F5
:10454000D41406089C1006080EC1050808200608A9
:10455000009B1D0604D5002109A8FFF7A1FA01342C
:1045600023464246AEE7012A3FF42FAFD0077FF53E
:10457000E8AEB9F1030F7FF443AF4FF0010BE2E671
:1045800009EA020303F0010335F8134004EA0701C6
:10459000B1F5805F13D196F83C10C4F30B04A1422F
:1045A00002F1010409D11BB9414609A8FFF796FBA6
:1045B0003046FEF70FFE2246E2E72246BBE6531CDA
:1045C000514609A84246FFF782FA214609A8FFF79B
:1045D0009FFA84E613A80AF0B5F9129850B1416821
:1045E00022460831FBF76CFE129B5A681A60119A3A
:1045F0005A60119396F83C30002B7FF401AF0D9B6D
:10460000002B3FF4FDAE0E9B0B981B681093FBF73D
:1046100059FE0E98FBF756FE0120FBF7D1FDDDE9B0
:104620001001029B83E80300184617B0BDE8F08F25
:10463000022B01D10349E9E6042B0CBF02490349CF
:104640000348E4E620C1050842C1050855C1050834
:104650002C20060838B50446406808B9606038BDAB
:104660004568FBF72FFE2846F7E70000F8B505463A
:1046700030200E461746FBF716FE072D0446057040
:10468000C66001D0012D0ED1B3681B09A38208F0CA
:104690005DF9042320612783E3842020FBF7EAFDF2
:1046A000E0622046F8BD014B5B5DEFE7841506082C
:1046B00010B50446C06AFBF705FE2046BDE8104071
:1046C000FBF700BE30B5048D0022944202D80023CF
:1046D000184630BDC36A03EBC2035D688D42F7D054
:1046E0000132F2E770B504460D461646FFF7EAFFC1
:1046F000C0B9E18C238D8B4208D30631E06AC90032
:10470000FBF7D3FDE38CE0620633E384238DE26A9A
:10471000591C02EBC300218502F83360002343706B
:104720004380456070BD034618465B68002BFBD193
:10473000FFF7C8BFF8B544680E462CB9F8BD042B86
:10474000FCD105230370F9E7254628466D68002D46
:10475000F4D077683946FFF7B5FF0028F5D0037825
:10476000043BDBB2022BE9D806253570002239461E
:104770002046FFF7B7FF0378002BE0D1057064688F
:10478000F4E7036A1B8B012B1EBFC3685B18C36071
:104790007047836A10B504469B6F406A9847238B25
:1047A000226A0133918C9BB29942238338BF938450
:1047B00010BD038B10B5013B0383836A0446D3F815
:1047C0008430406A984720460121BDE81040FFF739
:1047D000D8BF2DE9F04F044685B00D4691469A4664
:1047E0001BB1CB8A43F00803CB82236AA5F81E9045
:1047F000DA8A42F03002DA821B78002B4AD1A36AAF
:10480000606AD3F8B4604A4653462946B44605B0B8
:10481000BDE8F04F6047DB6A03EBC60B13F8363098
:10482000053BDBB2012B20D8002319E0EB6A039A89
:10483000039903EBC20213F83130062B0ED1DBF8DB
:1048400004105368994209D1A36ABBF802201B697E
:10485000606A1F460023B84708F10108039B013333
:104860000393039A2B8D9342E0DC0136236A1A8D61
:10487000B242D0DCB8F1000FC1D0A36ACDF800A0DD
:10488000D3F8B860606A4B4642462946B04705B047
:10489000BDE8F08F0026B046E8E7836A10B504460D
:1048A000D3F88830406A00219847A36A606A1B6B7E
:1048B0000F219847A36A606AD3F8CC30012198474A
:1048C00020460321BDE81040FFF75BBF38B5836A7F
:1048D00004465B6C406A00229847A36A606AD3F87A
:1048E000C05000231A461946A8472046BDE8384064
:1048F000FFF7D3BF836A89681B6D406A00220909EC
:104900001847836A8968DB6B406A184710B504460C
:10491000084611461A46FFF7A9FE236A43600023A2
:104920008360E3690BB9E06110BD1A469B68002BF8
:10493000FBD19060F8E72DE9F04F87B0054600AF56
:104940000C4651B111F0030612D10B79682B1ED120
:10495000CB681B0913608C68B4B9AB6A0121DB6AB0
:1049600011602246686A98471C37BD46BDE8F08F43
:10497000002604F00F03022B08D1210906B91160AB
:10498000AB6A0022DB6AEDE70126F2E716B9A368FD
:104990001B091360A04658F8043F4FEA132908EB9F
:1049A000890309F1FF3BBB60C2465AF8040F0009B6
:1049B000FCF787FBBB689A458344F6D10BF10703EC
:1049C00023F00703ADEB030DC7F80CD0EA46002334
:1049D00058F8040F3B6007F114010009FCF786FB4F
:1049E0007A697A600146504626F078F83B687A6822
:1049F0000133994518D15946F868FCF7ADFAAB6A0E
:104A00000146DB6A686A00229847002EACD0083461
:104A1000BB689C42A8D054F8041FAB6A686A1B6D3F
:104A2000002209099847F3E792444FF02E020AF852
:104A3000012BCDE731B1826801F00303134304BFBA
:104A40000B68836070472DE9F04107461E4661B14F
:104A500011F0030511D1D1F804805FFA88F3934275
:104A60000BD10C1DB5EB182F01D1BDE8F08154F826
:104A7000041F3846B0470135F4E738463346BDE8F1
:104A8000F0411847F8B504460F4611461A46002370
:104A900085780669837003610E4BFFF7D4FF636866
:104AA000BBB9618AED1A18BF012551B1228A42B9FA
:104AB000A36A606AD3F8A0309847A36A606A1B6C47
:104AC0009847238A628A39462046FFF782FEA570FE
:104AD0002661F8BD1D53020870B54378012B0546C9
:104AE0000C4606D1036A0A461B8B0221FFF70EFF14
:104AF0002061A268216928464C23BDE87040FFF779
:104B0000C1BF70B513464278012A06460C4604D14F
:104B10000A460721FFF7FAFEA061A569E268304660
:104B200046232946FFF7AEFFA88A70BD024B89686D
:104B30009D22FFF788BF00BF19580208024B896801
:104B40006B22FFF780BF00BFA973020838B5436826
:104B500004460D4653B9114605480CF0FFFA2946A4
:104B600060602046BDE83840FFF764BF38BD00BF35
:104B70002C200608014AFFF7E9BF00BF59C105080C
:104B80000B79092B70B50CBF858AC58A4FF6FF7368
:104B90009D42044602D1064AFFF7D8FF218B628B63
:104BA000A36A606A5B6F8A1A2946BDE8704018479D
:104BB00066C1050870B51446054612780E4683B1E5
:104BC00032B1032A04D0104ABDE87040FFF7BEBFDF
:104BD000032626706168286AFFF7A5FD00B10670FC
:104BE00070BD62B901232370006A2146FFF7A2FD60
:104BF0002378012BF4D1054A31462846E4E7062AFA
:104C0000EED0034AE0E700BF7FC105088CC105086C
:104C100099C1050838B505460C4671B101F00F037E
:104C2000022B0CD1080909F0F9FC002806DA064924
:104C3000064822090CF028FB6860002038BD044AB1
:104C4000FFF784FFF9E700BFA0C10508C01F0608F1
:104C5000A5C105082DE9F3414378012B06460F460F
:104C600019D10B79102B08D0026A12782AB9134A8D
:104C700002B0BDE8F041FFF769BF103B5D4201AAF9
:104C80004FF06D0107F108005D41FFF7E1FA0024E4
:104C90008046A04502D102B0BDE8F081019B306A98
:104CA00053F8241000220909FFF71CFD2B46024689
:104CB00039463046FFF77EFF0134EAE7B5C1050803
:104CC0004278012A0B4602D1006A02F001BE816AD5
:104CD000026A406A203102F00ABE4278012A0B467D
:104CE00002D1006AFFF7FEBC816A026A406A103195
:104CF00002F0FDBD70B505460C4600292ED0CA074E
:104D000006D5836A5B6B4910686ABDE87040184736
:104D10008B0717D004F00F04022C4FEA11110AD0B0
:104D2000062C0CD0052919D0836A406A1B6BBDE89C
:104D30007040C9B21847BDE87040FFF7CEBF836A24
:104D40009B6BE1E7836A0968DB68406A98472279D0
:104D5000034B214653F822302846D6E770BD00BFEA
:104D60008C1506082DE9F74F05460C461646984661
:104D70002046FFF72FF840B16EB9AB6A9B6E4146F3
:104D8000686A03B0BDE8F04F18472046FFF725F8E2
:104D900020B1002EF1D103B0BDE8F08F002C44D03B
:104DA000A30742D163681F0ADBB21E2B2FD196BB2B
:104DB000D5F80C9009F10103EB60013F04F1040BFD
:104DC0004FF0000A86F0010257450BDC02374346DC
:104DD00054F8271032462846FFF7C4FFAB6A49460D
:104DE0009B6ACDE75BF8041F01924B462846FFF70C
:104DF000B9FF0AF1010A019AE6E754F8041F434695
:104E000032462846FFF7AEFFBC42F6D1C3E71F2B60
:104E100005D1002ECCD1043404EB8707F4E7202B16
:104E200003D1A46886F00106A2E721462846FFF7D1
:104E300061FFAB6A686ADB6E4246314603B0BDE88B
:104E4000F04F184738B5036A1B78072B04460A460B
:104E500006D0022B04D0BDE83840144AFFF776BED6
:104E6000956885B9A36A606A1B6B0F219847A36A8E
:104E7000606AD3F8CC300021984720460121BDE874
:104E80003840FFF77EBCAB070BD12B79AF2B08D195
:104E90002046A968FFF72EFF2046BDE83840FFF7FF
:104EA000FCBC29462046FFF725FFE0E7C7C10508FF
:104EB00070B54378CD68012B0446164606D1036AC7
:104EC0000A461B8B3146FFF721FD686100236969A3
:104ED0001A462046FFF77DFCE9682046FFF70AFFE7
:104EE000062E05D1A36A606AD3F88830002198475E
:104EF000A36A606AD3F8BC500023AC461A46BDE8EA
:104F000070400121604738B50C460546C968FFF777
:104F1000F1FEA1682846BDE83840FFF7EBBE0B79EB
:104F2000342B70B504460D4610D18968FFF7E2FEB8
:104F3000ED68AD6885B9A36A606A1B6B0F2198475D
:104F4000A36A0422D3F8A03002211AE0836A406ADF
:104F50001B6B0F219847ECE7AB071FD12B799A2BDE
:104F600013D1A36A606A1B6B0F219847A9680029B7
:104F7000E6D02046FFF7BEFEA36AD3F8A030042295
:104F80000321606ABDE8704018479B2B06D1A968D1
:104F90002046FFF7AFFEEB689968E8E72946204610
:104FA000FFF7A8FECCE710B504468968FFF7A2FE1C
:104FB000A36A606ADB6CBDE810400021184700005E
:104FC0002DE9F7438D68044617465DB9002A6FD076
:104FD000836AD3F8A03002222946606A03B0BDE894
:104FE000F043184715F0030640F08A802B79372BE1
:104FF00013D132B1836A406AD3F8A0300222012172
:10500000984720462946FFF775FEA36A606AD3F8E1
:10501000A43003B0BDE8F04318479F2B70D1EB6874
:105020001A79A12A5AD1A22101AA03F10800FFF797
:105030000FF9A968804621B38B0722D10B79372B52
:105040001FD137B1A36A411CD3F8A030606A022295
:105050009847A9682046FFF74DFEA36A606AD3F817
:10506000A43098474FF00109464510D1B9F1000F1F
:105070001ED1A36A606AD3F8A0300322711C98473E
:1050800016E02046FFF736FE4FF00009ECE7019BE3
:1050900053F8261079B900272046FFF72BFEB9F107
:1050A000000F17D07FB91B4A29462046FFF74EFD57
:1050B00003B0BDE8F0838F07EDD10F79A7F137007A
:1050C00047424741E8E7A36A606AD3F8A4309847AB
:1050D0000136C9E7002FFBD00F4AE5E7AB685BB1AB
:1050E0009A0709D11B79372B06D10422294603B030
:1050F000BDE8F043FFF7DCBE052229462046F6E76F
:1051000029462046FFF7F6FDA36A0322D3F8A03014
:10511000012162E7D2C10508E3C105080122FFF7BA
:105120004FBF70B50D46C9680446FFF7E3FDA96897
:10513000A36A606AD3F89830C1F30711332918BF06
:105140003F39BDE8704014BFC9B202211847F8B515
:105150004E680C4689680746FFF7CCFD360A0C34CA
:1051600000250235AE4200DCF8BD38466168FFF725
:10517000C1FD2168BB6A786AD3F89C3009092439DB
:10518000C9B208349847ECE72DE9F0410C46D1F854
:10519000048054F8081F0746FFF7ACFDA8F10D0680
:1051A000F6B20125B5EB182F01DBBDE8F08154F80C
:1051B000041F3846FFF79EFDBB6A786AD3F89C301F
:1051C000314698470135EDE72DE9F0414E68044638
:1051D0000D46360A8968FFF78DFD032E83BFD4F88C
:1051E0000C8008F10103E3604FF0000801277B1CED
:1051F0009E4222DC032E55D9E568606A6B1CE36091
:10520000A36A29469B6E9847A36A606A9B6A4146D7
:105210009847A36A606A9B6801219847A36A606AFD
:105220001B6E9847A36A606ADB6D9847A36A606A41
:105230009B6A2946BDE8F041184729692046023794
:10524000FFF758FDB74207DAA36A606A5B6D9847BB
:10525000A36A606A5B6E9847EB68A26A606AD2F8DC
:105260009C2003F00F010A2911D1C3F30713252B4A
:105270001ABF343BD9B206219047B74205DAA36A78
:10528000606A1B6F4246002198470835AFE71979DD
:10529000852901D13221EFE79B680BB90721EBE7A4
:1052A0003321E9E7BDE8F08110B504468968FFF7CE
:1052B00021FDA36A606AD3F89830BDE8104003214D
:1052C00018472DE9F0470D46D0F80C8055F8046FCB
:1052D0005FFA86F9A9F11E03D3F1000949EB03092E
:1052E00008F101030446C360360A0027B74206D11D
:1052F000A36A606A9B6A4146BDE8F047184755F8C3
:10530000041F20460137FFF7F5FCB742EEDAA36A27
:10531000606A1B6F424649469847E7E701F00F0372
:10532000022B70B5044612D00B79492B09D0483BAB
:10533000082B18D8DFE803F0081707171717170509
:1053400007000123A37070BD8E680D6975B9A3783D
:10535000002BF8D1638A002BF5D020461D4ABDE80A
:105360007040FFF7F3BBD1E90265EFE7A3783BB3E9
:10537000238A01339BB2012B23820ED1618AD4E9A7
:105380000903D1B1D3F8A03000229847A36A606A1C
:10539000D3F8A03002220021984729462046FFF783
:1053A000A9FCA36A606A9B6B31099847A36A606A8B
:1053B000D3F8A430BDE8704018471B6C9847E5E768
:1053C000638A0133638229462046BDE87040FFF7B7
:1053D00091BC00BFEEC105082DE9F041C568CF685A
:1053E0008846AB1C04460022B968C3602B46FFF711
:1053F000B9FCD8F808102046FFF77CFCA36A606A65
:105400009B6E691C9847A36A606A9B6A2946984705
:10541000A36A606A9B684FF0FF319847F96820469D
:10542000FFF768FCA36A606A9B6A691CBDE8F041EB
:1054300018472DE9F047C668D0F814A0B0F81A90C4
:105440008682B31CC36006F10108038BA0F81680A6
:105450000446438388680D46FEF7BCFCF8B9E7684C
:10546000A8687B1CE360FEF7B8FC20B9A36A606AF9
:105470009B6E41469847A36A606A9B6A3946984783
:10548000E9682046FFF736FCA36A606A9B6A4146DA
:105490009847A9683B4601222046FFF763FC29692B
:1054A000C4F814A02046A4F81A90FFF723FCA36ABE
:1054B000606A9B6A3146BDE8F04718472DE9F3471B
:1054C000C668731CC360044688680D46FEF782FCFC
:1054D0000246E8B9E768A9687B1CE36020463B46C2
:1054E000FFF740FC2046E968FFF704FCA868FEF7D8
:1054F00074FCD8B92B690BB96B6923B1A36A606AD4
:105500009B6E31469847A36A606A9B6A3946984702
:1055100001AA712105F11000FEF79AFE00278246CC
:1055200057450BD169692046FFF7E4FBA36A606A1F
:105530009B6A3146984702B0BDE8F087019B53F85B
:105540002780D8F80800FEF745FC0246F8B9D4F8E1
:105550000C90D8F8081009F10103E36020464B468F
:10556000FFF700FC2046D8F80C10FFF7C3FBD8F873
:105570000800FEF732FC0028D8D1A36A606A9B6E4F
:1055800031469847A36A606A9B6A49469847013743
:10559000C6E70000184B2DE9F041D3F8106204462D
:1055A0000F463EBBC56889686B1CC36001222B4651
:1055B000FFF7D8FBA36A606A5B691F210122984745
:1055C000F96851B12046FFF795FBA36A606AD3F8EA
:1055D000BC70324633460121B847A36A606AD3F8EB
:1055E000C83001219847A36A606A9B6A2946BDE8D2
:1055F000F0411847BDE8F081BC04002070B58D680B
:1056000004463DB9836AD3F8C8302946606ABDE8CC
:1056100070401847AB070ED12B795E2B0BD1A968D0
:10562000FFF768FBE9682046FFF764FBA36A0221E5
:10563000D3F8C830EAE729462046FFF75BFBA36AA8
:105640000121D3F8C830E1E710B504468968FFF7B7
:1056500051FBA36A606ADB6DBDE81040184700008B
:105660002DE9F041036A1B78072B044604D0BDE8FE
:10567000F0411A4AFFF76ABA8D685DB9836A406AD9
:105680001B6B0F219847A36A606AD3F8C430BDE84A
:10569000F041184715F003021DD12B791B2B1AD1AD
:1056A000C668EF68731CC360B9683346FFF75AFBDE
:1056B000A9682046FFF71EFBA36A606AD3F8C430CE
:1056C0009847A36A606A9B6A31469847F968204602
:1056D000FFF710FBD7E72946F9E700BF05C2050829
:1056E0002DE9F0410C46064654F8045F2D0A04EB00
:1056F0008507BC4208D1B36A706AD3F8A030294646
:105700000022BDE8F041184754F8041F3046FFF767
:10571000F1FAEEE7896810B4034639B9826A406A43
:10572000D2F8A0400A46234610BC18474A68120A1D
:10573000022A0AD1CA6842B1940706D11279AC2A6A
:1057400003D110BC0622FFF7B3BB10BC1846FFF70D
:10575000C7BF2DE9F0410D46064655F8048F0F46A8
:105760000024B4EB182F01D1BDE8F08155F8041FD7
:105770003046FFF7BFFA73683BB10234304657F842
:105780002410BDE8F041FFF755B90134E9E710B541
:105790000446FFF7DEFFA36A606AD3F89C30BDE8D9
:1057A00010402221184770B58C68054644B9836AB9
:1057B000D3F8A03001222146686ABDE8704018473E
:1057C000A1071ED16368DAB2922A1AD11B0A022BF2
:1057D0000CD1E36853B19A0708D11B79AC2B05D1E2
:1057E00021460322BDE87040FFF762BB21462846F0
:1057F000FFF7AFFF6168AB6A0122D3F8A030090A56
:10580000DAE721462846FFF775FAAB6A0122D3F89A
:10581000A0301146D0E7000001F00F03022B2DE964
:10582000F04706460C4604D1BDE8F0470909FFF7EA
:1058300047BA002954D011F0030551D10B792C2B14
:1058400037D18968FFF756FAE768002F48D017F07C
:10585000030845D17D68EAB28E2A3B4608D12D0A5D
:10586000013D07F10409454510DC023557F82530A4
:105870001A79312A12D199683046FFF73BFAB36A98
:10588000706ADB6CBDE8F0470221184759F8041F25
:105890003046FFF72FFA08F10108E4E7322A1FD15A
:1058A0009968B36A706A1B6DBDE8F0470222090966
:1058B00018472D2B14D18C6894B163681B0A022BF6
:1058C00006D0271D6368B5EB132F10D3BDE8F08712
:1058D000E368002BF5D09A07F3D11B79AC2BF0D1FC
:1058E00021463046054ABDE8F047FFF72FB957F883
:1058F000041F3046FFF790FF0135E3E711C20508AA
:105900002DE9F8430446006A1746C28A0D469107FE
:1059100006D5374A29462046BDE8F843FFF716B9B1
:1059200005F00F01022918D1A37829098BB1838BC7
:10593000013383834FF000094FF00108002955D04F
:105940000022FEF7CFFE03780646002B38D0294A06
:10595000E0E7438B01334383ECE72979B942A94659
:105960000BD1A968A37809091BB1838B0133838309
:10597000E2E7438B01334383DEE7994218D1A378F2
:10598000002BC6D10121A170A96879B301F00F06DF
:10599000022E18BF894642F0040218BFD9F8081039
:1059A000C28206BF0909994609094FF00308C5E7F5
:1059B000A96842F002020909C2824FF00508BDE75A
:1059C0000423037080F80180236A1B8B032B0DD105
:1059D000482F0BD1B9F1000F08D0D9F80C10204690
:1059E000FFF718F9737843EA00137370BDE8F88382
:1059F00055C1050825C2050849234822FFF780BF85
:105A00004F234E22FFF77CBF2DE9F04F0D468DB09E
:105A1000016200214270C1602B78072B04461646B4
:105A200005D08A4A0DB0BDE8F04FFFF78FB8012AC4
:105A300005D0036B021D1B68C06A31469847637826
:105A4000D5F80C80032B10D10BAA462108F10C00CD
:105A5000FEF7FEFB236B0B9A9B680146E06A9847B2
:105A600063686883002B40F0B980D8F81010C1B18A
:105A700001F00F05022D10D10B09752B3DD006D872
:105A80003E2B3CD05E2B0DD0714A2046CAE740F237
:105A90005C529342F8D1032504E06E4A2046FFF79A
:105AA00055F80225D8F81430089309AA192108A836
:105AB000FEF7CEFB4FF000090790079B994520D1D8
:105AC0006378012B15D9236BE06A5B6829469847F8
:105AD0006378042B0DD1206AE26A0395438B02930D
:105AE0000023CDE900330521D2E90232006906F036
:105AF0003DFF6368002B71D114E00025D2E701253A
:105B0000D0E7099B53F829100B79082B4FEA890B32
:105B100002D109F10109D0E7052B06D04E4A2046F3
:105B2000FFF714F80DB0BDE8F08F8B68002BF5D0AF
:105B30009807F3D1CA68002AF0D11A792C2AEDD13E
:105B40009F6807F00F02022AE8D1DB680493002B5C
:105B5000E4D09A07E2D11B79302BDFD1049B0AAA4B
:105B600003F10800A421FEF773FB3F0940F25943FB
:105B70009F4282461BD1012805D10A9A136803F07F
:105B80000F03022B04D0354A099B53F80B10C6E7CC
:105B9000E168012E01F10103E3601AD01268236B62
:105BA000E06ADB681209984798B92D4AECE740F2A1
:105BB00083339F4216D1012803D10A9B1968CB0772
:105BC00001D4284AE0E7012E03D0E06A491002F030
:105BD000B8FB6368002B9CD0DDF81080D8F800304B
:105BE000A3609FE740F2D2339F4223D1012804D91A
:105BF0000A9B1A6812F0010701D11B4AC4E7012E63
:105C0000E7D0531006930A9A0BA952F82700FEF723
:105C1000CBF808B9154AB7E7E36A0B9805930CF07F
:105C20001CFD01370246DDE9050102F091FBBA4592
:105C3000E9D1CEE7012ECCD0236B0246D3F810B0C9
:105C4000E06A0A9B3946D847C3E700BF2FC2050860
:105C500045C2050849C205085AC2050868C20508B8
:105C600074C2050878C2050884C2050896C20508F2
:105C70004278012A0B4602D1006A01F029BE816AEE
:105C8000026A406A183101F032BE00002DE9F04787
:105C90008F0704460D46164611D001F00F03022B64
:105CA00016D102F0FD06012E4FEA111103D0BDE816
:105CB000F047FFF7DDBFBDE8F047FFF70EB84968D2
:105CC000CBB22D2B7ED00AD8062B0DD02C2B12D088
:105CD000294620464E4ABDE8F047FEF737BF2E2B37
:105CE00000F083809D2BF3D1002EF1D105F1080245
:105CF000090A20467EE0022A02D0A968FEF7FAFFD0
:105D0000D5F80C80B8F1000FE2D018F00303DFD112
:105D1000D8F80470FAB28E2AC1460CD13F0A022E7E
:105D200007F1FF3704D008F1040A9946B94513DB9F
:105D3000023758F8279099F80430312B26D1022EDB
:105D400012D1A36A606A5B6E9847A36ADB6C01217B
:105D5000606ABDE8F04718475AF8041F2046FEF76E
:105D6000C9FF09F10109E1E72046D9F80810FEF75B
:105D7000C1FF012ED4E9090305D19B6D9847A36AA1
:105D80000021DB6CE4E7DB6C0121E2E7322B9FD1E1
:105D9000012ED4E909030BD15B6D9847A36AD9F8AA
:105DA00008101B6D0022606A0909BDE8F04718471A
:105DB000022E01D11B6E9847A36AD9F808101B6DFB
:105DC0000122F0E7AA68002A82D0002E80D1516813
:105DD000090A022907D1D3682BB1980703D11B798F
:105DE000AC2B3FF475AF083283E7002A7FF470AF25
:105DF000A96819B9BDE8F04700F070B88E0703D163
:105E00000B79922B0A46E2D005F10802012170E7D6
:105E1000A1C205082DE9F047C6681F46B31CC36040
:105E2000836A04460D469B6A406A3146914698470C
:105E3000A36A606AD3F88C30711C9847A968002265
:105E40002046FFF723FF2D6965BB49462046FEF734
:105E500051FF236A19780629D4E909031CD1D3F824
:105E6000CC302946984720460121FEF78AFCA36AD8
:105E7000606ADB6D9847A36A606A9B6E31469847FB
:105E8000A36A606A9B6A711C9847A36A606AD3F828
:105E90009030BDE8F0471847BA00D3F8A830053273
:105EA0009847E8E72B79AD2B07D1A9683346002244
:105EB0002046FEF757FFED68C6E7E9682046FEF783
:105EC00019FFA36A606AD3F88830012198477B1CC8
:105ED0004A4629462046FFF79DFFCCE72DE9F843C7
:105EE0000446884691464F1E00254FF0FF367A1C27
:105EF0000CD1731C05D1A36A606AD3F8AC3041465B
:105F00009847002545451CD1BDE8F88359F8251070
:105F100071B188070CD10B79222B09D101360AD136
:105F2000A36A606AD3F8B0303A46294698472E46AD
:105F30000135013FDBE72046074ABDE8F843FEF79D
:105F400005BE59F82510AE4208BF896800222046D8
:105F5000FFF79CFE0135D5E7B5C205082DE9F047EE
:105F600004460F469046994621B9BDE8F0471946C8
:105F7000FEF7C0BEC668731CC360156835B315F064
:105F8000030A23D12B797B2B20D1A968FEF7B2FE1F
:105F9000524631462046FEF7FCFBE9685246204651
:105FA000FFF774FE4B4608F10402791E2046FFF706
:105FB000D5FFA36A606ADB6F31469847204603210C
:105FC000FEF7DFFBBDE8F047FEF7F3BB29462046AE
:105FD000FEF790FE204600223146FEF7DAFBA36A68
:105FE000606ADB6D9847DDE737B50C46054601AAC8
:105FF0007A2104F10800FEF72BF9E368019A0146C3
:106000002846FFF7ABFF03B030BD2DE9F04F8B689A
:1060100003F00F03022B89B004460D4640F0FF80C9
:10602000CB68002B00F0FB809A0740F0F8801A79CB
:106030002C2A40F0F4809A6802F00F01022940F007
:10604000EE8012097C2A40F0EA80DB681A79302A57
:1060500040F0E5809B68069307AAA42106A8FEF7F6
:10606000F7F8431E022B024600F2D9800799012857
:10607000D1F8009000F02081022800F0C4808E68E2
:10608000F30740F1CC80720800F0C9804968B9F18B
:10609000000F40F0BA804A468946B9F1000F08D097
:1060A00019F0030F05D199F80410A639022940F21E
:1060B000B680AB6801932B696F690293E5686369E9
:1060C000218B0493638B039305F1010BAB1C61835C
:1060D00019F0010805F104010593A582A4F816B092
:1060E00005F1030AE16005D1494620460592FEF715
:1060F00001FE059A11462046FEF7FCFDA26A606A81
:10610000926E51469047A26A606A926AA91C9047B3
:10611000A26A606A526D9047002201992046FFF7FB
:10612000B5FD02992046FEF7E5FDA26A606A926A13
:106130005946904731462046FEF7DCFDA26A606A68
:10614000D2F89C200E219047A26A606A926A51465A
:106150009047D4E90902B8F1000F40F0AF80936D89
:106160009847A36A606A1B6E9847A36A606AD3F86F
:106170009C30002EACBF002101219847A36A606AC1
:10618000DB6EAA1C01219847049B6361039B638318
:10619000002F00F09A80A36A606ADB6D88F0010925
:1061A0009847B8F1000F03D1A36A606ADB6D984786
:1061B00039462046FEF79EFDE668606A731CE36080
:1061C000A36A31469B6E9847A36A606A9B6809F18F
:1061D00001019847A36A606A9B6A29469847A36AA7
:1061E000606ADB6D9847B8F1000F03D1A36A606A5B
:1061F000DB6D984727B1A36A606A9B6A314698476E
:1062000009B0BDE8F08F032640E719F0030F7FF4D3
:1062100042AF99F80420A63A022A3FF63CAFE6685E
:10622000238BB4F81A9063836FEA46436FEA5343B3
:10623000D4F814A0A382771CF31CE968E36020461D
:10624000E782FEF757FDA36A606AD3F88830012120
:106250009847A36A606A9B6A39469847A36A606A4E
:10626000D3F88C30B11C98470022A9682046FFF76C
:106270000DFD29692046FEF73DFDA36A606A9B6E0D
:1062800039469847A36A606A9B6AB11C9847A36A1B
:10629000606AD3F8903098476969C4F814A0204622
:1062A000A4F81A90FEF726FDA36A606A9B6A31463D
:1062B00009B0BDE8F04F18470326EEE6526D90474F
:1062C00049462046FEF716FD4FE73E4682E72DE998
:1062D000F74F0446894692469B4629B9194603B0B2
:1062E000BDE8F04FFEF706BDC5682B1DC3601368FF
:1062F0006F1C05F10208EE1C002B00F0D48013F097
:10630000030240F0D08019797B2940F0CC80996855
:1063100001920093FEF7EEFCA16A606A496D88471E
:1063200040F25E312046FEF7D1FADDE90032204628
:10633000D968FFF7ABFC022229462046FEF729FA6E
:10634000A36A606A9B68032198470AF104025B46CE
:1063500009F1FF312046FFF7BAFFA36A606A9B6824
:106360006FF002019847A36A606AD3F880902A46CA
:1063700039464346C847A36A606A5B6D9847A36A7B
:10638000606A5B6E9847A36A606A1B6E9847A36A4F
:10639000606A5B6C002240F25F319847A36A606AD2
:1063A0005B6E9847A36A606A5B6E9847A36A606AEF
:1063B0005B6D9847A36A606A1B6D00220A219847AB
:1063C000A36A606A1B6E9847A36A606A1B6B0F2101
:1063D0009847A36A606AD3F8C05000231A46032185
:1063E000A8472046FEF759FAA36A606ADB6E324678
:1063F00000219847A36A606ADB6D9847A36A606AC8
:106400001B6B0F219847A36A606A9B6E31469847C1
:10641000A36A606A9B6802219847A36A606A9B6AC4
:1064200041469847A36A606A5B6E9847A36A606AB0
:106430005B6E9847A36A606A9B6A39469847A36A6D
:10644000606A5B6C002240F25F319847A36A606A21
:106450001B6B0F219847A36A606A5B6D9847A36A1C
:10646000606A5B6D9847A36A606AD3F8C0500023E6
:106470001A460321A8472046FEF70FFAA36A606A6E
:10648000DB6D9847A36A606A9B684FF0FF319847BD
:10649000A36A606A9B6A31469847204603B0BDE80C
:1064A000F04FFEF786B919462046FEF723FCA36A93
:1064B000606A5B6D9847204640F25E31FEF706FA4F
:1064C000A36A606ADB6D984735E72DE9F041CD6836
:1064D00004460E4665BB0378C3B1036A1D78ADB9A7
:1064E0004FF45B71FEF7F9FBB1682046FEF702FC42
:1064F000A36A606AD3F8BC602A462B460121B047E4
:10650000A36A606ADB6DBDE8F0411847B1688B078C
:1065100007D001F00F03022B08D12046FEF7EAFB5B
:10652000EEE70029F9D00B793A2BF6D1BDE8F081DE
:10653000AF0740F0AF806B68DAB25B2A11D1ED682B
:10654000002D4AD1006A0378072BEFD1896801F04A
:106550000F03022BEAD10422BDE8F041D140FEF73F
:10656000C1B8562A13D101228968FFF78FFBE96869
:106570002046FEF7BFFBA968A36A606AD3F89C3087
:1065800009093E39C9B298470222B1687DE0572A0D
:1065900025D11B0A5F1E013355F82310FEF7AAFB15
:1065A000002F03DDA36A606A5B6D9847B168002223
:1065B0002046FFF76BFB04350026BE42B6DA0136F3
:1065C000BE4203DAA36A606A5B6D984755F8041F00
:1065D00000222046FFF75AFBEFE7A9075AD16B6864
:1065E000DAB2062A56D1B768002F53D0BA0751D174
:1065F0007A68D1B206294DD11B0AB3EB122F4FEAAC
:10660000122847D1A8F10203012B43D8BB6823B15C
:10661000980702D11B79222B3CD0FB6823B1990744
:1066200002D11B79222B35D0B8F1020F06D03B697D
:1066300023B19A0702D11B79222B2BD0A9682046BF
:10664000FEF758FBE9682046FEF754FBB8F1030F4C
:1066500007D120462969FEF74DFBA36A606A5B6E8D
:106660009847A36A606A1B6E9847B9680022204663
:10667000FFF70CFBF96800222046FFF707FBB8F193
:10668000030F7FF453AF396900222046BDE8F04183
:10669000FFF7FCBA29462046FEF72CFB002274E7E0
:1066A0000023032A2DE9F04104460D4616464270A8
:1066B0000162C36080F8342002D1C08E50BBA06359
:1066C000A36A606A1B684FF000083146A4F8368060
:1066D0002A46984706212046FEF753F86778EE6869
:1066E000012F04BFA5F82280A5F82480B6B1B20717
:1066F00014D133793F2B11D1B168FEF7FBFAA36AAD
:10670000606AD3F8C4309847A36A606A5B68BDE8E2
:10671000F04118478000F9F7C6FDD0E72B78072B2A
:1067200000F29380DFE803F0049125414141410EDE
:1067300031462046FEF7DEFAA36A606A1B6B0F2122
:106740009847DCE7012F12D10023A370F168574B63
:1067500046222046FEF777F92B8B032B07D13169B0
:106760002046FEF757FAEB8A43EA8013EB82716901
:10677000DFE7A36A3168DB68606A98476378012BBA
:1067800007D10023A370B168494B4C222046FEF785
:106790005AF9F1682046FEF7ADFAEB8ADB07AED571
:1067A000A36A606ADB6D9847C6E7012FD6F80C80B4
:1067B00005D1206A04223946FDF794FF6F83A36A4E
:1067C0003168DB68606A98472B78032B24D1A36A71
:1067D000D3F8A0300122606A002198472B78062B5D
:1067E00028D1A36A606A1B6C984701212046FEF7F6
:1067F00074FAA36A606A1B6C9847A36A606A1B6C90
:1068000098470023B26841462046FFF703FB2B78E8
:10681000062B7FF474AF8FE7042B04D1A36A022206
:10682000D3F8A030D7E7052BD8D1A36A0322D3F839
:10683000A030D0E720460121FEF74FFAA36A606A34
:10684000D3F8883001219847DBE7012F04D10422D7
:106850000A212846FDF746FF17212046FEF73DFA9C
:1068600016212046FFF704FAB168A36A606A9B6BA1
:10687000090998471A212046FFF7FAF9316920469D
:10688000FEF738FA0A212846FDF71CFF0246D4E934
:1068900009031178042902D11B6B0F2150E71D69F0
:1068A000528800230A21A84729E700BFF9590208A6
:1068B000015A0208036A10B51A8B0446FEF721F943
:1068C00001462046BDE81040FFF7D2B92DE9F04F50
:1068D0008D682B79032B85B004460AD12946FFF732
:1068E000E9FFAA69D38A43F00103D38205B0BDE86A
:1068F000F08F026AD28AD20706D45F4A294605B0D1
:10690000BDE8F04FFEF722B9162B40F0A780C6680D
:10691000E968331DC360FEF7EDF9A36A606A5B6C3A
:1069200000224FF458719847A36A606AD3F8C07088
:1069300000231A461946B847E76863690093638BDA
:106940000193BB1CE360238B6383A36A606A9B6A29
:10695000A78207F101084146A4F816809847012252
:10696000711C2046FDF715FFA36A606A5B6D9847AE
:10697000204640F26231FDF7A9FFA96820460022B7
:10698000FFF784F9A36A606AD3F894300022B11C3F
:106990009847A36A606A9B6A711C9847A36A606AF9
:1069A000D3F8D0309847A36A606A5B6D9847A36AB2
:1069B000606A5B6901224FF443719847A36A606A79
:1069C000D3F89C3008219847A36A606ADB6EF21CFA
:1069D00000219847A36A606ADB6D9847A36A606AE2
:1069E000D3F89430012231469847A36A606A9B6AC3
:1069F000F11C9847A36A606A9B680121984720466A
:106A0000FDF7D7FEA36A606AD3F8D4309847A36A2B
:106A1000606A9B6AB11C984729692046FEF76AF9AB
:106A2000A36A606A9B6E41469847009B6361019B25
:106A30006383A36A606A9B6A314698476969204606
:106A4000FEF758F9A36A606A9B6A39469847A36AB9
:106A5000606ADB6D05B0BDE8F04F184703AA7A21E4
:106A600005F10800FDF7F4FBEB68039A01462046A8
:106A7000FFF72DFC3AE700BFBCC205082DE9F04F37
:106A800085B0C56801921E460E9B03936B1C029352
:106A9000AB1C0446C3600F4601222946FDF779FE70
:106AA00039462046FEF726F9A36A606AD3F8943087
:106AB0000022691C9847A36A606A9B6A2946984726
:106AC000A36A606AD3F8D0309847D4F80C9009F1E3
:106AD0000103E3600027019B9F4218DB2046FDF77E
:106AE00068FEA36A606AD3F8D4309847A36A029913
:106AF0009B6A606A984703992046FEF7FBF8A36AF1
:106B0000606A9B6A494605B0BDE8F04F1847D6F861
:106B100000B0D4F80CA0DBF808800AF10103E360B0
:106B20000137B8F1000F0DD1019BBB422CD020469C
:106B3000404A3168FEF70AF8204605B0BDE8F04F3C
:106B4000FDF737BE18F0030562D198F80420762AC5
:106B5000434603D1DD68D8F808802D09A36A606A2E
:106B60005B6D984741462046FEF7C4F8A36A606A09
:106B7000D3F89C3008219847A36A606ADB6E5246BE
:106B800000219847002D45D1A36A606ADB6D9847C4
:106B90000025A846DBF80C1020460436FEF7AAF8BC
:106BA00025B3A36A606A1B6B0F219847A36A606ACA
:106BB0009B6A41469847A36A606A9B68012198478F
:106BC000A36A606A1B6B0F21984729462046FFF78E
:106BD0004FF829462046FEF773F8A36A606A9B685F
:106BE0004FF0FF3198472046FDF7E3FDA36A606A46
:106BF000D3F89430012249469847A36A606A9B6A99
:106C000051469847A36A606A9B680121984762E7EA
:106C10000025A3E729462046FFF72AF8D4F80C8080
:106C200008F10103E360022241462046FDF7B1FD71
:106C3000B0E700BFD3C205082DE9F347C568994600
:106C40006B1C17460E46C36002222946DDE90AA8DE
:106C50000446FDF79EFD002F2DD1A36A606A9B6854
:106C60000321984731462046FEF744F8A36A606A3C
:106C70009B686FF002019847A36A606A1B6B0F2143
:106C80009847A36A606A9B6A29469847A36A606A24
:106C90009B680121984741462046FEF72BF8A36ADE
:106CA000606A9B684FF0FF319847204602B0BDE80C
:106CB000F047FDF77EBDCDF800A04B463A46314681
:106CC0002046FFF7DBFED7E7F0B5CD682B79782BB0
:106CD00085B006460C4609D1AB68019300230093AA
:106CE00089681A46FFF7A8FF05B0F0BD742B03AA08
:106CF0004FF0770113D105F10800FDF7A9FA2F69CC
:106D0000A168039B0246E86827B900903046FFF768
:106D1000B5FEE9E7BC68CDE900043046E2E704F1DE
:106D20000C00FDF795FA00230093A168039B02462F
:106D3000ECE7000001F00F03022B70B504460E468D
:106D4000154602D01F4AFDF701FF29462046FDF7F0
:106D5000D1FFA36A606A5B6D98476378012B4FEAA5
:106D6000161511D1226A1378033BDBB2032B0BD823
:106D70005068294600F0ACFD0346206A1A78032AC1
:106D800008D12946FDF7AEFC29462046BDE87040F3
:106D9000FEF76EBF00222946FDF7A4FC236A5B685C
:106DA0005B68002B02460CBF0123002304D001784E
:106DB000012904BF0021017031462046FDF7FAFE8B
:106DC000E2E700BFA1C205082DE9F04F87B00446F5
:106DD00003910192A42105AA03A81D46FDF738FAE4
:106DE00000260290B146B04637464FF0010A029B9A
:106DF0009E4213D1B8F1000F04D0A36A606A5B6BA6
:106E000049469847019AD4E90903002A79D0D3F872
:106E1000C04043463A462946A04714E0059B53F834
:106E200026B0BBF1000F5FD01BF0030F5CD19BF8C5
:106E30000420A62A1FD118F0020F07D0324A594663
:106E40002046FDF783FE07B0BDE8F08F0FB12F4A53
:106E5000F5E71D2E01D92E4AF1E70AFA06F2DBF812
:106E60000810204649EA0209FDF744FF01354FF0BA
:106E700001080136BBE7A72A0CD1A26A606A126C2E
:106E80009047DBF8081048F002082046FDF732FF73
:106E90000137EEE7A82A27D1DBF80C2072B193075F
:106EA0000CD11179AA2907D19268DBF80810204685
:106EB000FFF740FF0135DCE7AC290FD0DBF8081005
:106EC00001F00F02022A01D0124AB8E7A26A606AF2
:106ED000926B09099047DBF80C10D6E70622594659
:106EE0002046FDF7E5FFE5E718F0020F01D00A4A5A
:106EF000A5E70FB1094AA2E759462046FDF7FAFE79
:106F0000D8E7D3F8BC4084E7E4C20508EBC2050823
:106F1000F5C20508FDC205080AC3050811C3050826
:106F200070B50D46417801290446134603D12A461F
:106F3000FDF7ECFC6861A36A606A9B6C98476E6918
:106F400000231A4631462046FDF743FCA36AB18A66
:106F50009B6B606A9847E96829B18B0703D10B796D
:106F6000A32B08BF0021204602230022FFF72CFF9D
:106F7000B08A70BD002389681A46FFF725BF00005C
:106F80002DE9F8430D4689680446FDF7B3FEEE6827
:106F9000002E59D07768216AFBB209788E2BAB6836
:106FA00019BF05F10C0601273F0A0836072903F02F
:106FB0000F024BD1022A40F092801A099A2A47D137
:106FC00033681A79302A40F08A809B68002B40F0A1
:106FD00086800A212046FDF780FE226AD36A128D40
:106FE00032B93168404A2046BDE8F843FDF7AEBDEE
:106FF0005978C9070FD559682046FDF76EFE022F54
:10700000D4E909030AD8D3F8BC5000231A46022158
:10701000A847012516E0013A0833E1E772681179C3
:107020003229F0D1B56829793029ECD191685B6CAF
:10703000012209099847A968002301222046FFF789
:10704000C3FE0325AF4223D8BDE8F883022A46D108
:107050001B09B3F5127F42D133681A79302A3ED129
:107060009D68002DEED015F0030838D12B792F2B19
:1070700037D1A36A606AD3F8BC50424643464146C2
:10708000A8473368424699682046FDF799FFC0E754
:1070900005F10108B84556F825101BD20B79322BA3
:1070A00018D106EB8503D3F8049099F80430302BFF
:1070B00010D18968A36A606A5B6C0022090998474D
:1070C000D9F80810002301222046FFF77DFE08F1C1
:1070D0000105B7E72046FDF70DFEA846F7E70025B6
:1070E000B0E74546AEE700BF18C3050810B5036A10
:1070F0001B78072B04460A4606D0022B04D0BDE8B5
:107100001040064AFDF722BD20461146FFF738FF22
:107110002046BDE81040FDF7C0BB00BF2BC30508EB
:10712000D1E90212FFF706BE036A10B51A8B0446B6
:10713000FFF7F6FE01462046BDE81040FEF798BD79
:107140002DE9F04F044685B08B4602AA42210BF18F
:107150000800FDF77DF8236A00271E8B8046BA469B
:1071600047450AD1DBF80C100B79032B51D132467D
:107170002046FDF7C6FC054659E0029B53F8273030
:10718000019303AA6C2103F10800FDF761F8039B4A
:1071900019680A09732A05460DD02046FDF7AAFD95
:1071A0004FF00109A94528D3019BD96869B1204650
:1071B000FDF7A0FD09E0022809D02A4A2046FDF784
:1071C000C5FC35460AF1010A2E460137C8E7596861
:1071D0000B09412B0DD040F29B429342F2D040F27A
:1071E0006F52934207D040F28F329342E5D104258B
:1071F000E8E70125E6E70325E4E7039B606A53F827
:107200002910A36A00221B6D0909984709F1010999
:10721000C8E7442B17D18F68324639462046FDF720
:1072200070FCBA69D38A43F001030546D382A8EB08
:107230000A080026B0450BD129462046FEF718FD66
:1072400005B0BDE8F08F32462046FFF769FE92E7B1
:10725000A36A606AD3F8BC7000231A460121B847BC
:107260000136E7E736C305082DE9F3418D6805F0DF
:107270000F030A2B04460E4607D0002D31D015F01F
:1072800003012ED12B79652B1ED10095002501AA73
:1072900065216846FCF7DCFF019B002103EB8000C1
:1072A00040F2CA52834215D1F26840F21A439A4220
:1072B00037D1236A1F78B7B13A4A3146204602B027
:1072C000BDE8F041FDF742BC622BEDD1AB68009305
:1072D000ED68DCE753F8047B97420CBF01310331C2
:1072E000E0E70021E0E7A36A606A5B6B9847A36A66
:1072F000606A9B6B05219847A36A606AD3F8A03047
:107300003A460121984701AA29462046FDF713FB7A
:10731000A36A606ADB6A0222394602B0BDE8F04126
:107320001847A36A606A5B6B984706F10C006A46CF
:107330006A21FCF78DFF00260746BE42D4E9090307
:1073400013D1D3F8A030002239469847294601AA24
:107350002046FDF7F0FA0025BD42D4E909030DD11E
:10736000DB6D984702B0BDE8F081009A9B6B52F844
:1073700026209168090998470136DEE7009ADB6A02
:1073800052F82580D8F80860012231099847D8F8CA
:107390000C1029B931092046FEF76AFC0135DBE7FC
:1073A0000909F8E74EC30508836A37B504460D4658
:1073B0005B6B406A00219847A36A606A1B6B0F21D0
:1073C00098472946204601AAFDF7B5FA01992046BB
:1073D00003B0BDE83040FEF74BBC00002DE9F04F94
:1073E0009BB0CDE90201102015469C4CF8F742FFF6
:1073F0002369436058220021074604A823F0B8FB04
:107400004FF0FF33012113A88DF81050099307F0B6
:1074100085FA039BD900012241F0020113A807F06D
:10742000B3FA01234360002116A80BF0D3FC029AA3
:1074300094F814321268002104A8FDF767FA054693
:1074400011A800F01FFF864B0B9C01900D900E932E
:107450004FF0000B0CB1059E1EB30B9C14B1059BA5
:10746000002B3ED00198DFF8F891DFF8F8A15946DB
:1074700000F00FFF0B9C0026DDF81480002C00F0BC
:107480003781B8F1000F00F0EF800C9C04A8E16890
:10749000FDF7D0FAA38A069A0399404609F040FF07
:1074A0002AE1238B042B4FF00102214604A807D1C7
:1074B000FEF7AAFA079BA4689B4538BF9B46C9E71D
:1074C000FFF7EEF8238D9E42F4D2E36A03EBC60188
:1074D00013F83630012B02D12046FDF72BF9013687
:1074E000F0E7E28A520716D5218D013913D3E66AF7
:1074F00006EBC1024FEAC10E507810F0020F25D002
:107500004BB1D3E9008C92E8030083E8030046F80E
:107510000E80C2F804C04FF0000323840026B4F8A4
:1075200028C0664518DB00239C454DD1D4F804E003
:10753000BEF1000F08D00020BEF828A00346504539
:1075400052DB002B40F08880A46887E7002BCCD169
:10755000012808BF1346C8E72378D4F82C80012BF4
:107560004FEAC60A08EBC60905D1D9F804300A2B40
:1075700018D10136D3E715D918F83630012B11D1BF
:107580004FF0030308F83630238B032B05D1D9F8CD
:10759000040007F043F8012808DCE38A43F01003F5
:1075A000E38203E018F80A30032BEDD018F80A3014
:1075B000042B03D099F80130DB07DAD5238C5A1C51
:1075C0002284A9F80230D4E7E26A02EBC30112F880
:1075D0003320052A06D14A78D6075FBF228C4A801D
:1075E0000132228401339FE7DEF82C2002EBC00930
:1075F00012F83020053AD2B2012A14D8002610E041
:10760000E26A02EBC60812F83620062A08D1D9F839
:107610000410D8F80420914204BFA8F802300133C6
:107620000136B445ECD1013089E7E06A00EBC201D4
:1076300010F83200062802D14878C00702D54888E1
:107640001844488001329445EFD1628B1A4462831A
:10765000228C1344238477E70022F4E7BC04002043
:10766000781606087C170608238B042B17D10F9B6E
:107670001BB9584604F024FC0F9000230D930322FD
:10768000494B1093214604A8FEF7BEF9059B23B988
:107690000422214604A8FEF7B7F9A468ECE6023BF1
:1076A000012B21D836B95B4607AA05A911A803F01A
:1076B00075FD0646CDE90D6A0222214604A8FEF7B3
:1076C000EFFF059B002BE8D10322214604A8FEF71B
:1076D000E7FF059B002BE0D10422214604A8FEF71A
:1076E000DFFF0028F8D0D8E7019BCDE90D39E3E7AB
:1076F000B8F1000F7FF4C9AEDDF814802C69B8F141
:10770000000F1BD1139B1898C3F3DC035B000333FA
:1077100000EB930080004FEA9309F8F7ABFD00EB14
:107720008903FB60DDE914EC4346B8600CF1040802
:1077300073451BD1189A0023934224D1019800F07D
:10774000B0FD16B1304603F04BFD0F9808B104F0C0
:10775000CCFB0298FCF77EFF2846AD68FCF7A8FF3B
:10776000002DF9D10598B0B1F8F75CFD5CF8332035
:107770003AB1042A1FBF58F833104910D20820F834
:1077800011200133D4E7199951F82300F96841F821
:1077900023000133D0E72A46394620461BB0BDE816
:1077A000F04F05F0F5B800BF581806082DE9F04174
:1077B00088422DED028B80460D4605D10124BDEC9B
:1077C000028B2046BDE8F081264B984201D100246F
:1077D000F5E79942FBD007F01BFB0646284607F069
:1077E00017FB8642F3D1204B9E4217D1D8F80420D4
:1077F0006B689A42EBD108F1040704350026D8F8EB
:107800000430B342DAD955F8041F57F8040FFFF7D4
:10781000CDFF04460028D2D00136F0E72946404685
:1078200007F0DAFD04460028C9D0104B9E42C6D1AD
:10783000404609F0CEFEB5EE400AF1EE10FAB0EE89
:10784000408ABCD1284609F0C4FE18EE103A10EE6A
:10785000102A03F0004302F000441B1B5C425C4111
:10786000ADE700BF881906082831060880230608FE
:10787000C90010B50122044641F00201083007F0AA
:1078800083F843683BB9A368C3F3DC03013B5B00A7
:1078900043F001034360C3F34F0010BD70B50546CC
:1078A0000E460024EB69A34208D8314605F11400C6
:1078B0000BF049F9EC69013C204670BD2B6A31465A
:1078C00053F82400FFF772FF0028F5D10134E9E7EF
:1078D00010B501220446FCF705FF0378012B05D102
:1078E0002378012B8CBF04230223037010BD70B5D5
:1078F00005460E46104619461C46FCF7E3FE037883
:107900005A1E012A06D87368002221462846BDE87F
:1079100070401847032B02D173680122F5E73668DF
:107920004288042B21462846B44608BF0023BDE800
:10793000704018BF01236047426A0346407903281C
:1079400088BF586B114494BF18468018596270471D
:107950004379012B07D083681944036981605A8CED
:107960009142C8BF59847047002383714379012B2A
:107970001EBF036AC26A43F8212070476FF00301FB
:10798000FFF7E6BF0421FFF7E3BF6FF00201FFF747
:10799000DFBF827903460AB118467047C26A407950
:1079A0000328114401D8D962F6E7986AD9620244E3
:1079B000586B1044704710B50C460121FFF7E9FFE2
:1079C000047010BD10B51446FFF7C2FF0121FFF788
:1079D000E0FF047010BD53220121FFF7F3BF5422D2
:1079E0000121FFF7EFBF57220121FFF7EBBF58221C
:1079F0000221FFF7E7BF59224FF0FF31FFF7E2BF47
:107A00005A220021FFF7DEBF5B220021FFF7DABF19
:107A10005D224FF0FF31FFF7D5BF19B103215F227F
:107A2000FFF7D0BF5E22FBE7A1F13002D2B2002106
:107A3000FFF7C8BF62226FF00101FFF7C3BF10B5A7
:107A4000632204464FF0FF31FFF7BCFF0123A3710F
:107A500010BD10B501F164020446D2B24942FFF7ED
:107A6000B1FF0123A37110BD10B501F167020446F7
:107A7000D2B24942FFF7A6FF2269D38A43F001033D
:107A8000D38210BD38B504461D46FFF79BFF2A463A
:107A900020460249BDE8384013F0CEBF9379020872
:107AA00070B504460D46C06819461646FFF7E0FE5D
:107AB0003246034629462046BDE87040FFF7E2BF44
:107AC0000B4610220121FFF7EBBF11320B46D2B259
:107AD0000121FFF7E5BF20B40B4602F11405510068
:107AE000C1F10101EAB220BCFFF7DABF16320B4642
:107AF000D2B24FF0FF31FFF7D3BF19320B46D2B2EB
:107B00000021FFF7CDBF70B4C4682578042D08BFED
:107B100065681E46638808BF45F823605D1C658064
:107B200070BCFFF7AFBF03F128011346CAB20021B2
:107B3000FFF7A8BF022A02F12A020B46D2B214BFF5
:107B4000C1F101010121FFF79DBF032910B40BD042
:107B500004290BD101210C468B1844EA83032F2200
:107B600010BCC943FFF78EBF0021F4E700210224B7
:107B7000F2E70B4630220139FFF784BF10B441EA27
:107B8000022310BC11443122FFF77CBFF8B5174621
:107B90001E46FFF7DDFE8479054604BB4379022BC0
:107BA00025D9C46A026AC4F1FF2452F8263004F5CC
:107BB0007F04FE34442F1C4412D814F1400F14DB10
:107BC0003F2CD4BF00260126A41BB11C2846FFF77A
:107BD000E0FE07706EB9442F98BF40344470F8BD82
:107BE0007F2C94BF00260126EEE70126ECE7012654
:107BF000EBE76B79442F98BF04F58044042B05D143
:107C0000B4F5004F24BF012385F8383064F07F03BA
:107C1000E41143708470E2E710B50B46044642223B
:107C20000021FFF7B3FF0123A37110BDF8B505468E
:107C30000C46164621F40047A2B90B0409D5592178
:107C4000FFF7B9FE032459212846FFF7B4FE013C93
:107C5000F9D13B46422200212846FFF797FF012336
:107C6000AB71F8BD3B4640220021FFF78FFF210A90
:107C700021F07F013143C9B22846FFF79CFEEEE7B1
:107C800020B40B46B2FA82F102F147054909EAB283
:107C9000490020BCFFF77ABF0B464B220121FFF7BA
:107CA00075BF10B50B4604464A220021FFF76EFF50
:107CB0000123A37110BD0000264BD3F81032022B14
:107CC0002DE9F04706460F460ED88569A9420BD923
:107CD000C46A43694D1BE41A40F2FF7855EA040375
:107CE00004D1F36AC6E90537BDE8F087062D01D94E
:107CF0000F2C1AD91F2CA24628BF4FF01F0A1F2C89
:107D000010D8032DA94628BF4FF0030901213046A2
:107D1000FFF712FE4AEA49130370A4EB0A04A5EB2D
:107D20000905DBE74FF00009F0E74545A9464FF0AC
:107D3000020128BFC1463046FFF7FEFD4FEA191386
:107D400003F07003234363F07F03037080F8019016
:107D5000A246E2E7BC04002010B5044631B9552222
:107D60004FF0FF31BDE81040FFF72CBE022904D1CF
:107D7000FFF731FE2046FFF747FE56226FF0020163
:107D80002046EFE7134621B143224FF0FF31FFF7C2
:107D9000FDBE4422F9E7134621B145224FF0FF31E1
:107DA000FFF7F4BE4622F9E7322938B5054611D06F
:107DB000332912D000242939CAB228464FF0FF31A6
:107DC000FFF700FE64B12846D322BDE83840002109
:107DD000FFF7F8BD01240621EDE701240721EAE7BA
:107DE00038BD012A10B40B46044607D0022A0CD134
:107DF00010BC69224FF0FF31FFF7E4BD11461B3282
:107E00002046D2B210BCFFF74BBE4FF0FF31F6E771
:107E100070B50D46044611462AB92B461322BDE81B
:107E20007040FFF73DBE022A04D1FFF7D4FD204683
:107E3000FFF7E6FD2B4618226FF001012046EEE722
:107E400010B404463BB90F2A05D8503A10BCD2B240
:107E50000121FFF7B7BD03F124012046134610BCF2
:107E6000CAB20121FFF70EBE10B4044643B90F2A6F
:107E700006D8403A10BCD2B24FF0FF31FFF7A2BD96
:107E800003F126012046134610BCCAB24FF0FF3161
:107E9000FFF7F8BD70B4DDE90365D2B203EB460429
:107EA00043EA062315B101320134D2B2091B70BC7A
:107EB000FFF7E8BD07B5CDE900230B4634220021CA
:107EC000FFF7E8FF03B000BD07B5CDE900230B467F
:107ED00036224FF0FF31FFF7DDFF03B000BD10B5D4
:107EE0000446C068FFF7DAFC23220346012120463E
:107EF000BDE81040FFF7C6BD01F110033F2B73B57D
:107F000006460D4608D8A1F18002D2B2012102B086
:107F1000BDE87040FFF756BD012122220DF1050496
:107F2000FFF750FD214605F07F002B46ED1122465C
:107F300004F8010D681C0128F5D8013503F0400351
:107F400014D11BB97F2304F8013C941E091B304651
:107F5000FFF71FFD01AD01462346AB420AD118448D
:107F6000001B9DF80430037002B070BD002BEDD0F3
:107F70000023E8E713F8012B62F07F0201F8012BE0
:107F8000EBE770B51446049A134305460B6907BF27
:107F90002022C4F10101E1432122FFF7B4FDE1B247
:107FA0002846BDE87040FFF706BD1A4308BF3222DD
:107FB0000B6916BF332201214FF0FF31FFF7A3BD3C
:107FC0000D2910B504460BD10949C068FFF766FCBE
:107FD0002322034601212046BDE81040FFF752BD91
:107FE00001F14202BDE81040D2B20121FFF7EABC24
:107FF000B82C060838B504460D460F21FFF7E0FF00
:1080000020462946FFF7B0FC02215C22FFF7DAFC8C
:1080100020466FF00301BDE83840FFF799BCF8B582
:1080200004460F460F211D461646FFF7C9FF20469E
:10803000FFF7E6FC39462046FFF7EEFD31462046C5
:10804000FFF792FCFFF7CFFC012220462121FFF72A
:108050003CFD20460821FFF7A7FE2A4620460021C6
:10806000BDE8F840FFF78EBE4379012B70B504469A
:1080700014D0C26B436A00259B1AC3630564206950
:10808000038D9D420CD36379032B1BD1606AE36A95
:10809000A06223631844F8F706F96063012070BDFD
:1080A000C36A03EBC50213F83530052B08D1012153
:1080B00020469678FFF740FC0670236C013323645A
:1080C0000135DCE7042BE9D1D4E90A13626A8A425C
:1080D00002D1216B994203D0A26223630020DEE724
:1080E00094F838301BB10649064805F08BF8E26871
:1080F000C38A5268616B006904F02FFCCEE700BFB1
:1081000060C30508742006082DE9F74F16460023C2
:10811000C0E90423378C83608371C362436280F8B3
:108120003830738CB6F82490B6F81A80B6F816A0DA
:10813000B6F81EB0417101221F449742B8BF1746DE
:108140004FEA8904013F826104F0040408F003024D
:108150001443FA0002F07802B38B05460AF00F0AC6
:1081600014433F094FEA59094FEA980847EA0902C0
:1081700042EA0A0242EA08021A4352EA0B0235D1E5
:1081800001212846FFF7D8FB04706B79022B19D91F
:10819000D5E90F787C0008F0010304F07E041C434D
:1081A0004FEA5808BF0944F0800358EA07094FF026
:1081B0000101284618BF1C46FFF7BEFB0470B9F149
:1081C000000FE7D16B6AB18AEB63E868FFF750FBF9
:1081D0002B490246284613F02FFC0024738BB28BE8
:1081E0001344A34248DD318D002241E0012128469D
:1081F0000193FFF7A1FB64F07F043A0104704FEA9A
:108200008A14019B02F0300204F0400414430BF086
:1082100001021443DA0002F0080214434FEA880214
:1082200002F0040214434FEA490202F0020214432E
:10823000BF084FEA59094FEA5A0A4FEA58085B0843
:108240004FEA5B0B92E7F36A03EBC2035878C0076F
:108250000DD55888A0420AD15968E868FFF708FB95
:1082600007490246284613F0E7FB0134B6E701321E
:108270009142E8DC0521F0E703B0BDE8F08F00BFD4
:108280003979020810B504464420F8F70CF8C460A8
:1082900010BD10B50446C1618800F7F7EBFF2062FE
:1082A00010BD10B50446006AF8F70CF82046BDE88A
:1082B0001040F8F707B810B5044601618800F7F7D9
:1082C000D9FF606110BD10B5044611B1C068F7F761
:1082D000F9FF6069BDE81040F7F7F4BF012938B530
:1082E00004460D460BDC0269406992004FF0FF31F5
:1082F00022F03EFC002325706370636038BD406847
:10830000F7F7B8FF6368E060A360F3E7437810B560
:10831000024653B944680078022808BFD368214454
:108320000CBF18191846516010BD0020FCE700234F
:1083300043700378012B9EBF4369426843F82120B4
:10834000704742684B1E134449420B4043607047DC
:1083500038B50D461446FFF7D9FF10B10544A842C1
:1083600000D138BD00F8014B240AF8E710B50C46DF
:108370000221FFF7CBFF10B10470240A447010BD36
:1083800038B50D4604211446FFF7C0FF28B105702B
:1083900084702D0A240A4570C47038BD012970B557
:1083A000054606DC002909DA023921F00104FE261F
:1083B00006E08B1E012BF7D80024F8E70024F226F4
:1083C00046F435412846FFF7D1FF44B17F2C09D848
:1083D00044F4304141F080012846FFF7C7FFC5E96A
:1083E000066470BDA300A201DBB202F4E0421A43AE
:1083F00042F450624FF2AD212846FFF7C1FFEEE78D
:10840000C16910B5044629B17F290BD841F4304128
:10841000FFF7ACFFA169204641F43D41BDE81040A3
:10842000FFF7A4BF8B008A01DBB202F4E0421A43DB
:1084300042F450624FF20D21FFF7A2FFEAE7114329
:1084400041EAC301FFF792BF072A85BF083AD2006D
:10845000D20042F04002072985BF08391143114379
:1084600041F0800141F48C41FFF780BF30B4DCB2B1
:1084700044EA02225C101D0104F48064C3F3033358
:1084800005F4E04523432A43194330BCFFF778BF86
:1084900038B5436953F821404368E41A043C054663
:1084A000C4F34A0141F46041FFF760FF2B78022BCF
:1084B00001D0012038BDB4F5006FFAD36FF30A0480
:1084C00014F5006F14BF00200120F3E7F8B54469EC
:1084D00054F822404268A41A043C074665101E4620
:1084E000BBB9EDB245EA012141F45041FFF73EFF2F
:1084F0003B78022B03D0012426463046F8BDFF2CE2
:10850000F9D924F0FF0414F5807F14BF002401245E
:10851000F2E76211C5F30A0502F400522A43A512DC
:10852000231205F48065C4F3053403F40063254386
:108530001A4345EA811142F4004241F47041FFF7C9
:108540001FFFDAE738B5436953F821404368E41A5E
:10855000043C0546C4F34F02C4F30A3142F47842A6
:1085600041F47041FFF70CFF2B78022B01D0012062
:1085700038BDB4F5800FFAD36FF3150414F5800FEE
:1085800014BF00200120F3E7F8B5476804460D4604
:10859000164613460A464FF24021FFF767FF204672
:1085A000330C2A464FF2C021FFF760FF3846F8BD72
:1085B000072910B4044608D8FF2A06D842EA012148
:1085C00010BC41F40051FFF7D1BEB2F5803F07D295
:1085D000134620460A4610BC4FF24021FFF746BF23
:1085E000204610BCFFF7D0BF2DE9F84341EA02074F
:1085F000072FDDF8209006460C4615464AD803FAA8
:1086000009F7FF2F0CD8914201D0FFF71DFF47EA71
:10861000042141F440513046BDE8F843FFF7A6BEBF
:10862000FF2B4FEAC10814D8914218D043EA012326
:1086300043F40051FFF79AFE44EA891141EA080128
:108640003046FFF793FE48EA8511214341F4C051BB
:10865000E1E7914203D03A46FFF7AAFFF3E784F03F
:108660000709012505FA09F545F434413046FFF7BD
:108670007DFE3A4649463046FFF79AFF44EA8911A3
:1086800041EA080141F4C0513046FFF76FFE45F45E
:108690003C41C0E7BDE8F88308B50378012B04D955
:1086A000FF2902D9054805F0AFFDC9B241EA022110
:1086B000BDE8084041F41041FFF758BE6BC3050800
:1086C00008B50378012B04D9FF2A02D9054805F023
:1086D0009BFDD2B242EA0121BDE8084041F41841B5
:1086E000FFF744BE6BC30508D2B242EA012141F450
:1086F0002841FFF73BBE38B5436953F82230426842
:108700009B1A43F001030C4605460A460A3B4FF20A
:108710004021FFF7ABFE2346284622464FF4324164
:10872000FFF78DFE210101F0800104F007042143D1
:1087300041F48841284641F07801BDE83840FFF710
:1087400015BE000073B51F2B069D06460C4611D8BA
:10875000114307290ED81A49495D44EAC20241F083
:10876000010142EAC12141EA831102B0BDE8704033
:10877000FFF7FCBD03FA05F1B1F5805F0DD242EAC7
:10878000451541EA043245F4784141F09001304604
:1087900002B0BDE87040FFF7F3BD1F3B21463046F5
:1087A0000095FFF721FF064B5B5DE10043F00103FD
:1087B00041EAC321214341F4F8613046D5E700BFC7
:1087C000501706082DE9F7431F2B0A9E07460C4653
:1087D0001546994610D841EA0203072B0CD8204BC6
:1087E000995D44EAC12141EAC20141EA891103B01D
:1087F000BDE8F043FFF7BABD09FA06F2B2F5805FB3
:108800000DD245EA461141F4784142EA043241F082
:108810008001384603B0BDE8F043FFF7B1BD4FF02B
:10882000010808FA05F848F434413846FFF79EFD80
:10883000A9F11F032A46294638460096FFF7D4FEC1
:10884000074B9B5D44EAC50141EAC32141F4F8614D
:108850003846FFF78BFD48F43C413846C7E700BF78
:1088600050170608436953F821104368CB1A043B9C
:10887000013110B4C3F34A0204460DD0D91C0BDAFF
:1088800023F4FF6121F0070111F5006F04D110BC42
:1088900042F46041FFF76ABDC3F30A33204642F455
:1088A000384210BC43F47041FFF76ABD436953F886
:1088B00022204368D31A043B013230B405464FEA04
:1088C00063040ED0DA1C0CDA23F0FF0212F5807F6D
:1088D00007D1E4B244EA012141F4504130BCFFF732
:1088E00045BD5A11C4F30A04181202F4005222437F
:1088F00000F400600243981200F48060C3F3053373
:10890000034343EA8111284642F4004230BC41F45B
:108910007041FFF735BD37B5144602220B46009271
:10892000214607220546FFF70DFFE10041F48F4184
:10893000284603B0BDE83040FFF718BD07289ABFAE
:10894000024B33F9100040F23B20704754170608E1
:10895000C36C19440369C164012B04DD436D5A8C57
:108960009142C8BF5984704770474FF0FF31FFF7FD
:10897000EFBFFFF7FABF6FF00301FFF7E9BF7047E2
:1089800038B5C36C1944036A9942054608D90831C1
:1089900021F00304406AE100F7F787FCC5E90840CD
:1089A00038BD70B504460E4601211546FFF7E8FFB5
:1089B000E06C616A01EBC00301F83060012159707D
:1089C0005D602046BDE87040FFF7C2BF70B5044649
:1089D0000E4601211546FFF7D3FFE06C616A01EBFB
:1089E000C00301F8306002225A705D602046012108
:1089F000BDE87040FFF7ACBF00221146FFF7E6BFAD
:108A00000A460221FFF7E2BF70B50C1E054605DDE0
:108A1000FFF7B6FF00231E46A34205DB214628468A
:108A2000BDE87040FFF794BFEA6C696A1A4401EB35
:108A3000C200012C46700CBF95F82800002001F8F8
:108A400032000133E8E7F8B5D0E90B530133AB420C
:108A500004460E46174606D90435406BA900F7F7C1
:108A600024FCE5626063D4E90C32591C2163C6F32F
:108A70000E0102EB830041EAC73122F823104FF6C2
:108A8000FF7343803246A06D0021FFF734FEA06DD6
:108A90000022BDE8F8400321FFF7FEBD037D33B19E
:108AA000C36C426A5B1A013B12F8330070471846E8
:108AB000704738B504460D460121FFF761FFE26CAF
:108AC000636A4FF4807023F8320003EBC201204642
:108AD0004D60BDE838400121FFF73ABF37B5456D1D
:108AE000ED8AEC070B4608D5114602220092806DF4
:108AF0000622FFF767FE03B030BD806D03B0BDE80E
:108B00003040FFF7C9BD70B5002405462646EB6C22
:108B1000A34200DC70BD6B6A03EBC4035A78012AE0
:108B200007D15E70B5F84A105A6821442846FFF70D
:108B3000D5FF0134EBE7F8B504461E4617460D464F
:108B4000FFF7E1FFA06D3A463146FFF731FDA06D1A
:108B500029460322BDE8F840FFF7DDBE38B50446DC
:108B60000D46FFF7D0FFA06D29460322BDE838402F
:108B7000FFF7D1BE10B508210446FFF7EFFF2046EE
:108B80000021BDE81040FFF794BFF8B50446174632
:108B90001E460D46FFF7B7FFA06D3A460021FFF7CE
:108BA00007FDA06D32460121FFF702FDA06D2946A9
:108BB0000322BDE8F840FFF7AEBEF8B5C66C054627
:108BC0000F46B61A0024EB6CA34200DCF8BDB44299
:108BD00011D06B6A03EBC4035A78012A0BD15A688F
:108BE000BA4208D100225A70B5F84A103A462144D8
:108BF0002846FFF773FF0134E5E738B50022054644
:108C00000C461146FFF7D9FFE200A86D002142F0A3
:108C10000202FFF7CDFC28460021BDE83840FFF7EF
:108C200048BF13B5446DE48AE407134607D5022212
:108C30000092806D0622FFF785FD02B010BD806DA9
:108C400002B0BDE81040FFF73BBD0000F8B5C369B6
:108C50009E5C602E0446154606D1476813480A46B6
:108C6000134908F011FB3860022D0DD8636D9A8C02
:108C700052B9DB8ADB0707D40E4B5A5D31462046DA
:108C8000BDE8F840FFF78DBE002211462046FFF7F1
:108C900094FFB4F84A20636C1A44521B013A002135
:108CA0002046FFF7BEFF0022E8E700BFC01F06080E
:108CB0007DC305085418060873B503681A785D88E3
:108CC000042A04BF5A6842F825106A1C044602268A
:108CD0005A800021B0F84820FFF7A3FF0096002239
:108CE000A06D33461146FFF72DFD00960022A06DC2
:108CF0002B461146FFF726FD02B070BD73B500226A
:108D000004460D461146FFF758FF626D2068D38A6E
:108D100043F02003D3822946FEF7C0FD0225B4F8B4
:108D20004820064600212046FFF77BFF00950022E1
:108D3000A06D11460123FFF705FD00950022A06DEF
:108D400011460323FFF7FEFC00950022A06D11469B
:108D50003346FFF7F7FC0021204602B0BDE8704023
:108D6000FFF7A7BE0D2902D10749FFF7C7BF0F299B
:108D700003D100225421FFF729BEB1F10E0218BF22
:108D800001220121F7E700BFB82C0608F8B5C76C2F
:108D9000446A07F10053023B04EBC3040546D4E9DF
:108DA000020184E80300667856B9B5F84A203A44CF
:108DB000013A31462846FFF734FF012363706660AD
:108DC00028464FF0FF31BDE8F840FFF7C1BDF8B5C8
:108DD00004461E4617460D46FFF795FEA06D3A461F
:108DE0003146FFF7E5FBA06D29460322BDE8F840B8
:108DF000FFF791BD10B402F1290400230A46E1B245
:108E000010BCFFF7E4BF70B504460E46154662B1CC
:108E1000037D53B1084605F001FC021E05DD204626
:108E20007021BDE87040FFF7D1BD0635E9B220469C
:108E300032460023FFF7CBFF20460021BDE87040FB
:108E4000FFF737BE07B51346022200920722FFF74D
:108E500079FC03B000BD000070B50E46154643B95D
:108E6000037D33B15268806DFFF7A2FB2C7820465A
:108E700070BD2C782CB96A68806D3146FFF798FB7D
:108E8000F5E7012C06D16A680132806D3146FFF7A3
:108E9000D9FF0AE0A31E012B09D86A68806D520031
:108EA00042F001023146FFF783FB0024DFE7542C38
:108EB00001D10022E9E7014805F0A6F992C30508AF
:108EC000F8B50546FFF71FFE00242746EB6CA342CA
:108ED00000DCF8BD6E6A06EBC4025378022B0ED19B
:108EE0005770012100232846FFF7B6FF06F834002B
:108EF000B5F84A10012221442846FFF7EFFD01345E
:108F0000E4E738B504460D46FFF7DAFFA06D2946C1
:108F1000FFF7A8FCA36D01225A7038BDF8B50446CE
:108F20000E4617460A4619461D46FFF746FEE36CF5
:108F3000616A9B1B01EBC30211F833303B7053781D
:108F4000012B0DD0022B14D0CBB9B4F84A20E36C1E
:108F50001A44921B29462046BDE8F840FFF761BE3F
:108F60005268AA420BD0A06D2946BDE8F840FFF731
:108F70006BBA002329462046FFF76EFF3870F8BD14
:108F800010B5134604460A460121FFF7C7FF2046E5
:108F90004FF0FF31BDE81040FFF7DABC70B5049E1A
:108FA00004461D46FFF7ECFF324629462046BDE841
:108FB0007040FFF7E5BFF0B585B001250DF10F0357
:108FC0000DF10E01009500220446FFF7E7FF9DF822
:108FD0000F709DF80E602A4639462046FFF7E1FCE7
:108FE000314620460022FFF7DCFC2A46394620465F
:108FF000FFF7D7FC00223146204605B0BDE8F0401F
:10900000FFF7CFBC2DE9F041DDE9068504461F4698
:10901000089EFFF7B5FF424639462046FFF7B0FFEE
:10902000324629462046BDE8F041FFF7A9BF2DE9A9
:10903000F04186B002260DF11703012501930DF1D1
:1090400015010DF116030296009500220446FFF764
:10905000D9FF9DF817809DF815109DF816702046D1
:109060000022FFF79EFC324641462046FFF799FC5E
:109070002A463946204606B0BDE8F041FFF791BCCC
:1090800030B587B00DF11703002501930223044684
:10909000009301220DF116030DF115010295FFF762
:1090A000B1FF20461921FFF759FD2946204607B098
:1090B000BDE83040FFF7FDBC03297FB505461646E5
:1090C00013D101220DF10F01FFF75AFF1824314689
:1090D000284600230DF10F02FFF720FF2146284606
:1090E00004B0BDE87040FFF739BD052906D1012263
:1090F0000DF10F01FFF744FF1724E8E70223009367
:1091000001220DF10F030DF10E01FFF747FF1924A6
:10911000DDE710B50A46044601210023FFF7FEFEF5
:1091200020464FF0FF31BDE81040FFF711BCF0B50D
:10913000044685B00E461546C2B90223077D027566
:109140000DF10E01009301220DF10F03FFF726FF31
:1091500027752B46324623212046FFF738FE002193
:10916000204605B0BDE8F040FFF7A3BC012A09D1B5
:1091700000230DF10F022946FFF7D0FE2B463246A1
:109180002421E9E70DF10F01FFF7C3FF2521204658
:1091900005B0BDE8F040FFF7E1BC0000022A7FB552
:1091A00004460E46154614D8436D9A8C8AB9DB8A5C
:1091B000DB070ED4184B0DF10F015A5DFFF7E0FEEF
:1091C000E3699DF80F20585D602812D15A5504B00C
:1091D00070BD0DF10F012046FFF79BFFB4F84A1058
:1091E000636C1944491B002201392046FFF776FCC5
:1091F000E6E79042EBD0FFF7A1FB01461046FFF7F0
:109200009DFB3246646800900B460448044908F010
:109210003BF82060DBE700BF54180608C01F0608B3
:10922000A0C3050870B504460D4616464BB90F217C
:10923000FFF798FD324629462046BDE87040FFF70B
:10924000ADBF70BD73B504460E4615467AB901220E
:109250000DF10701FFF794FE05F10C0100233246E2
:10926000C9B2204602B0BDE87040FFF7B0BD002192
:10927000FFF714FC20B901220DF107012046E9E7B0
:109280000DF107012046FFF744FF9DF80720204617
:1092900001230421FFF74FFCA06D00220121FFF7FD
:1092A000D3F8D9E773B50D4600210446FFF7F6FB66
:1092B000831EDBB2012B06462DD855B3012D14D1E8
:1092C0000DF107012046FFF724FF00231A4644F260
:1092D0004021A06DFFF7B3F89DF80710002220464B
:1092E00002B0BDE87040FFF75CBB022D09D10DF163
:1092F00007012046FFF70DFF00231A4644F2C03154
:10930000E7E7124B64685A5D1149124807F0BCFF49
:10931000206002B070BD90B90DF107012046012216
:10932000FFF72EFE204633462A461121FFF703FCA5
:109330003146204602B0BDE87040FFF7BABBFFF7E8
:10934000FDFA054964680246DFE700BFE031060820
:10935000B0C30508C01F0608B9C30508012937B501
:10936000044602D00C4804F04FFF0DF10701FFF74F
:10937000D0FE9DF807302BB108490948656807F011
:1093800083FF286022212046FFF7E8FBA36D01221E
:109390005A7003B030BD00BFC9C30508D1C305086A
:1093A000C01F060810B50446D0E90C3003F1804315
:1093B000013B00EB8303DA7822F08002DA70043B91
:1093C00098420BD893F90320002AF8DA1A88A06D86
:1093D000C2F30E020021FFF78EF905E059B9A06D26
:1093E0004FF40051FEF7C2FFA06D0022BDE810400F
:1093F0000321FFF751B910BD10B504460121FFF755
:10940000D1FFA06D00210122FFF75AF9204600216B
:10941000BDE81040FFF74DBB036B73B504460E4625
:109420007BB900252046FFF74BFDA06D3146FEF7C6
:109430007EFF1DB30021204602B0BDE87040FFF75B
:10944000B1BF426B03F18043013B02EB830191F911
:1094500001100029E5DA32F82330C3F30E03B342DA
:10946000DFD100230DF107020121FFF757FDA06DA9
:1094700000220121FFF710F90125D3E702B070BDEA
:1094800038B504460D467AB1806D4FF40051FEF7B1
:109490006DFFA06D00220121FFF7FEF8294620464E
:1094A000BDE83840FFF72DBD1146FFF77BFFF5E71C
:1094B0002DE9F04104460D4672B3D0E90C3C03F1AE
:1094C0008043013B0CEB83030021184616460F46F0
:1094D00090F901E0BEF1000F09DA90F903E0BEF166
:1094E000000F04DA002F08BF0746E1B90146013E2C
:1094F000A0F10400ECD1A06D21BB6FF00306724314
:109500009E18B44518D94FF40051FEF72FFFA06DF7
:1095100000220321FFF7C0F825F400412046BDE8F2
:10952000F041FFF7EEBCB0F80080B1F802E068F35C
:109530000E0EA1F802E0D9E79A5AC2F30E02FFF725
:10954000DAF8E4E74B8847F6FE7262F30E034B80CD
:1095500025F400423146FFF7CEF8A06D32461321C4
:10956000FFF79AF8A06D32463146FFF721F8A06D5B
:1095700032460121FFF790F83D88C5F30E05CBE791
:109580002DE9F3410E460021044617461D46FFF71C
:1095900085FA0DF1070138BB2046FFF7BAFD1DB96A
:1095A00001212046FFF7D4F910212046FFF7D6FA13
:1095B0001DB99DF8073084F828302046FFF780FC5D
:1095C000A06D4FF4205146B3FEF7D0FE3A4601217C
:1095D000A06DFFF76BF92DBB4FF0FF31204602B0B5
:1095E000BDE8F041FFF7B4B92046FFF792FD1DB981
:1095F00001212046FFF7ACF99DF80700431E022B1E
:10960000D6D9FFF79BF90949D4F8048002460848E7
:1096100007F03AFEC8F80000CAE7FEF7A7FE3A4690
:109620003146D5E702B0BDE8F08100BFDBC30508D5
:10963000C01F06080023FFF7A3BF0123FFF7A0BF49
:1096400038B5FFF792F904460122806D0021FFF73B
:1096500037F822212046FFF781FAD4E90C35013B87
:1096600005EB830523636B8847F6FF72C3F30E0394
:10967000934228D01322A06D0021FFF721F8A06D9E
:109680004FF42051FEF772FEA368A06D1A68002106
:10969000FFF70CF9698847F6FE73C1F30E029A4290
:1096A0000BD1A06D4FF48E41FEF760FEA3682046FB
:1096B0001968BDE83840FFF7AFBEC1F30E01204680
:1096C000FFF71FFCF2E738BD38B50546D0E9153085
:1096D000DB8ADB070BD501EBC1049200FEF768FFC4
:1096E000A86D44F4CC51BDE83840FEF73FBEBDE85C
:1096F0003840FEF7F9BF2DE9F84F044688469246F8
:10970000FFF701FA00252F46554510D10026B34634
:1097100056452AD171422046FFF71AF9B4F84A207B
:10972000E36C41461A44BDE8F84FFFF7CDBFE66C45
:10973000D4F82490013E761B09EBC6025378022B25
:1097400011D15770012341462046FFF785FB09F8E8
:109750003600B4F84A10E36C194401394246491BFB
:109760002046FFF7BBF90135CEE7E36CD4F824902F
:109770005F1EBF1B19F83720B2B1B4F84A501D4420
:10978000013DAA1B00212046FFF74BFA19F83720AC
:10979000012304212046FFF7CEF90022A91B204611
:1097A000FFF79CF909F837B00136B1E7F8B5044680
:1097B0000D46164693B1CA1C02EB46020221FFF782
:1097C0009AFF45EA062301221D212046FFF7DDF915
:1097D00020460021BDE8F840FFF76BB98A1C02EB78
:1097E00046020221FFF787FF33462A461C21ECE799
:1097F0002DE9F7430446894616460121B0F8482072
:10980000DDF8288002271D46FFF70BFA0123009799
:10981000A06D1A461946FEF795FF55EA08052DD1A9
:109820002046FFF770F9A06D2A463946FEF7C0FEC4
:10983000D9F810102046FFF73FFAA06D03221A2135
:10984000FFF769F8A06D32460121FEF7B1FE3246FE
:1098500002212046FFF74FFF25B16FF0010120469E
:10986000FFF776F8A06D03222B21FFF754F80021B3
:10987000204603B0BDE8F043FFF71BB9B21C3946E0
:109880002046FFF738FFB11C2046FFF761F8FFF7CD
:109890003AF9CDE72DE9F341044615468846B0F87C
:1098A0004820012102261F46FFF7BBF9012300963D
:1098B000A06D1A461946FEF745FF3D4318D12046D4
:1098C000FFF721F9A06D2A463146FEF771FED8F860
:1098D00010102046FFF7F0F9A06D03221A21FFF7C0
:1098E0001AF80021204602B0BDE8F041FFF7E1B8C8
:1098F000204632463146FFF7FEFE2046FFF703F9C9
:10990000E5E770B5042A86B004460E46154629D10F
:1099100002294FF0000517D101220DF11701009522
:109920000DF11603FFF73AFBA06D2A463146FFF70B
:1099300089FA26212046FFF711F90021204606B0BA
:10994000BDE87040FFF7B5B80DF115030193012391
:10995000009302950DF1160302220DF11701FFF796
:1099600051FBE6E7012A01D9032A04D1324601213D
:109970002046FFF7C0FE05F1130100233246C9B2AD
:109980002046FFF7D8F8D8E738B5042204460D463C
:109990000021FFF7B0FE20460421FEF7D9FF1F216A
:1099A000FFF7DCF8A06D4FF42051FEF7DFFCA06D4F
:1099B0002A460021FEF77AFF20460021BDE8384004
:1099C000FFF777B837B504460D460021FFF7EAFCEC
:1099D00020464FF0FF31FEF7BBFFA3681968023144
:1099E000FFF71AFD204600225421FEF7EFFF204624
:1099F00000225421FEF7EAFF204600225421FEF700
:109A0000E5FF204605220221FFF775FE03222046CE
:109A100000231C21FFF7B9F8A36820461968FFF757
:109A200070FAA06D2946FEF782FC20460121FFF75F
:109A3000B9FC20460221FEF7E7FFA06D01220021BC
:109A4000FEF73EFEA06D4FF42051FEF78FFCA36899
:109A5000A06D1A68022502320021FEF727FF0023BD
:109A600000951A46A06D0121FEF76CFE20460121EB
:109A7000FFF71FF820460021FFF71BF820460022C1
:109A80005421FEF7A3FF294620460522FFF733FEA7
:109A90000023032220461C21FFF777F820461021DF
:109AA000FFF75CF8A06D4FF42051FEF75FFCA36850
:109AB000A06D1A6800210132FEF7F8FEA368204667
:109AC0001968FFF7A9FCA06D4FF40051FEF74EFC9A
:109AD000A06D00220121FEF7DFFDA3681968204672
:109AE0000131FFF799FC0121204603B0BDE8304069
:109AF000FEF72EBF436D73B5DD8A15F001060446EF
:109B000013D001220021FFF7F6FD0022022120469A
:109B1000FEF7E4FF0022A06D1146FEF749FDA06D9F
:109B200000221221FEF7B8FD1BE0037D002B46D07A
:109B30003146FEF7B3FF5428C5F3871525D12046DB
:109B4000FEF713FFADB9A06D2A462946FFF77AF953
:109B5000636D9A8C002AE2D1DB8A03F01103002B9B
:109B6000DDD1226BE168204602B0BDE87040FFF70E
:109B70009FBCA06D32463146FEF71AFD01232A46EE
:109B800004212046FEF7D7FFE2E70DF1070120464A
:109B9000FFF7BFFA9DF80710A9420DD02846FEF73F
:109BA000CDFE02460846FEF7C9FE07496668034631
:109BB000064807F069FB3060002DC9D0DEE70DF1E3
:109BC0000701FFF7A6FAC3E7F1C30508C01F06089F
:109BD000F8B5164604460F46FEF795FF3146204677
:109BE000FEF7CEFE0025E36C2A46B5420CD1B4F850
:109BF0004A20394620461A44FFF766FD294620468A
:109C0000BDE8F840FEF7A4BE5819616A013521F895
:109C10003020EAE773B50D4616460DF107010446FC
:109C2000FFF777FA721C2A4420460221FFF7D0FF83
:109C3000012345EA06222821204602B0BDE87040F3
:109C4000FEF779BF37B504460D460DF10701FFF762
:109C500060FA2A4620460221FFF7BAFF01232A466E
:109C60002721204603B0BDE83040FEF764BF37B57A
:109C70000D460DF107010446FFF74BFA5DB1204692
:109C800004220121FFF7A4FF1E21204603B0BDE8F6
:109C90003040FEF763BFA06D2A460121FEF788FC25
:109CA00020461E21FEF75AFF2946204603B0BDE894
:109CB0003040FEF7FEBE37B504460D468AB103229A
:109CC0000121FFF718FD022201212046FFF780FF46
:109CD00000232A460B21204603B0BDE83040FFF7A1
:109CE00076B80DF10701FFF714FA0222114620465B
:109CF000FFF76EFF01232A460A21ECE77FB5012515
:109D000004460DF10F030DF10E0100950022FFF73F
:109D100045F99DF80E109DF80F6020460022FEF7D1
:109D200040FE2A463146204604B0BDE87040FEF7AA
:109D300038BEF8B504460F4601211D461646FEF70B
:109D400063FE2046FFF7DAFF0F212046FFF70AF8EF
:109D50002046FFF7D3FF39462046FFF7D2F82046CA
:109D60004FF0FF31FEF750FE31462046FFF754FB1F
:109D70002046FEF7FAFD0122A06D0021FEF7A0FCAF
:109D800020460021FEF795FEA06D4FF42051FEF70E
:109D9000EDFAA06D2A460021BDE8F840FEF786BD29
:109DA0002DE9F3410E4601EB420104461546984663
:109DB000FEF774FE702834D1E26C636A03EBC203D1
:109DC0000021204613F80C6CFEF768FE07280546B4
:109DD0000DD888B12046FEF7D9FFE36C626A03F123
:109DE0000053013B02F8336002B0BDE8F081542813
:109DF000F0D0214804F008FA0DF107012046FFF7E2
:109E000088F92046FEF7B1FD324601230321FEF713
:109E100092FE2A463146204602B0BDE8F041FEF7E8
:109E2000C0BD46EA0527B8F1000F11D08A1C2046B4
:109E30000221FFF760FC3B4600221D212046FEF771
:109E4000A4FE0021204602B0BDE8F041FEF731BE7D
:109E5000354304D00A4620460221FFF74CFC0DF1A1
:109E600007012046FFF755F901233A461B212046FA
:109E7000FEF761FEE5E700BFF9C305082DE9F041F3
:109E8000C56CD0F824C0DDF81880013D0CEBC50688
:109E900004467778012F14D1D6F804E09E4510D0FF
:109EA000C6450ED01CF835300B70716811603A460B
:109EB000FEF783FE20464FF0FF31BDE8F041FEF78C
:109EC00047BD136820460A460121FFF727F8F1E74E
:109ED0007FB5002303934FF0FF33009303AA0DF1E6
:109EE0000B010446FFF7CAFF9DF80B50039E29465D
:109EF00032462046FEF755FD32462946204604B03C
:109F0000BDE87040FEF74DBDF7B504460E46154658
:109F1000002A55D1134601210DF10702FEF7FEFF7D
:109F2000022211462046FFF753FE012320460D2250
:109F30000A21FEF74CFF0DF1070120460222FFF730
:109F40001FF801220DF107012046FFF719F80DF166
:109F500007012046FFF7DDF89DF8077020463946D7
:109F60000122FEF71EFD394620460222FEF719FDAA
:109F7000022211462046FFF72BFE012320460C2229
:109F80000A21FEF724FF022211462046FFF7B3FB09
:109F90002B462A4620461C21FEF7F7FD294620467F
:109FA000FEF787FD2046FEF78BFF20460122314653
:109FB000FEF749FD204603B0BDE8F040FFF788BF3B
:109FC000FEF77EFFAB1E5A425A413146204603B08F
:109FD000BDE8F040FEF737BD70B5044686B00D46CB
:109FE000164623B906B0BDE87040FFF7D7B8002287
:109FF0001146FEF7E2FD204600220121FEF7DDFDBD
:10A00000324629462046FEF721FE002304934FF0F6
:10A01000FF33009304AA0DF10F012046FFF72EFF36
:10A02000049D009501262B4605AA0DF10F0120463F
:10A030000596FFF723FF022300930599A06D334691
:10A040002A46FEF7BFFB06B070BD7FB504460D463D
:10A05000164623B904B0BDE87040FEF7F7BD0022F4
:10A060001146FEF7AAFD324629462046FEF7EEFDD0
:10A070004FF0FF330025009303AA0DF10B0120469A
:10A080000395FFF7FBFE02230093A06D039A294678
:10A090000123FEF757FB2946204604B0BDE8704077
:10A0A000FEF707BD2DE9FF410D4601210446FEF7ED
:10A0B000F5FC002180462046FEF7F0FCA8F10203E3
:10A0C000DBB2012B06468DF80B0000F2D680831E12
:10A0D000DBB2012B00F2028105F10D03A5F10902AB
:10A0E000DBB20C2A98BF1D461F2D01D0212D24D193
:10A0F0000023009301220DF10A030DF10B0120460C
:10A10000FEF74CFF9DF80A30022B07D07D4B7E49AD
:10A110005A5D7E48666807F0B7F830601F2D0CBFA7
:10A120002E212F212046FEF719FD00220221204674
:10A1300004B0BDE8F041FEF734BC012602230393CE
:10A1400003AA0B4620460DF10B010096FFF796FE81
:10A1500032460DF10A012046FEF712FF1D2D7DD873
:10A16000DFE805F04C4C4C4C4C4C7C7C7C7C7C7C83
:10A170007C7C7C7C7C7C7C7C7C7C252D320F0F372E
:10A180004347192DA06D9DF80A60039B4FF0010213
:10A1900006D14FF48141FEF752F901223146C6E75C
:10A1A000032E0CBF44F2C0014FF48241F3E7039B3E
:10A1B00001224FF48641A06DFEF741F911E0039BA7
:10A1C000012244F24001F6E7039B01224FF4804153
:10A1D000F1E7039941F60903A06D43EA8111FEF707
:10A1E000C5F89DF80A100122A1E7039941F6092359
:10A1F000F2E7039B012244F24031DCE79DF80A605C
:10A200009DF80B30B34205D041494048676807F0DC
:10A210003BF838600022032E1146204614BF062664
:10A220000026FEF7CAFC0122039BA06D4FF4854176
:10A23000FEF705F92E44374BA06D33F81610FEF7E4
:10A2400095F8A06D42F20101FEF790F84FF400512D
:10A25000A06DFEF78BF80022012168E7204601215E
:10A26000FEF776FB274B2C495A5D2848646807F0B7
:10A270000BF8206004B0BDE8F08148EA000313F059
:10A28000FF072BD1012600960DF10A0302220DF1E2
:10A290000B012046FEF782FE322D1BD0332D1BD042
:10A2A0003E4600232A4612212046FEF744FC56B1C2
:10A2B000A06D00220121FEF7C7F80023032211211F
:10A2C0002046FEF738FC0021204604B0BDE8F041EE
:10A2D000FEF7EFBB0625E4E70725E2E720464FF04F
:10A2E000FF31FEF735FB4046FEF728FB02463046BD
:10A2F000FEF724FB094964680346044806F0C4FFDE
:10A30000B7E700BFE031060801C40508C01F060812
:10A3100011C405086417060824C4050832C40508DA
:10A320002DE9F0430446C16885B0FFF775F8626D0A
:10A33000D18A928C01F0110313432ED011F0010148
:10A3400017D1B4F8482020460132FEF76AFC636D4D
:10A350009D8C55B9A06D4FF42051FEF707F8E268C7
:10A36000A06D01322946FEF7A1FA05212046FEF72D
:10A37000F5FB21212046FEF7F1FB636DDA8AD20757
:10A3800006D49B8C23B9E16820460131FFF744F8DD
:10A39000A06D12220021FEF793F9A06DFEF730F8B0
:10A3A000237D002B40F09C80A36D656C5B68A363EC
:10A3B00023685B88E363636D013D5E8BDF8AB3F8DE
:10A3C0001C90B3F81E80EA0006F0030302F0780246
:10A3D00007F00F071A432D09B60845EA0703334370
:10A3E00043EA090353EA0803A06D30D10121FDF7C8
:10A3F000AFFFB4F85060B4F85270A06D730007F06E
:10A40000010203F07E037F08B609134357EA0605ED
:10A4100043F080024FF0010108BF1A46FDF798FF94
:10A42000002DEAD1636DA76D998A20687E68FDF7DB
:10A430001FFA47490246384611F0FEFA616D4B8B10
:10A440008A8B1344AB423CDD088D002235E042F09C
:10A4500080020121FDF77CFFBA012B0103F03003DC
:10A4600002F040021A4308F001031A434FEAC903FD
:10A4700003F008031A43B30003F004031A43AD08C2
:10A480007F0876084FEA59094FEA5808A5E7CB6AD2
:10A4900003EBC2035F78FF070ED55F88AF420BD195
:10A4A00059682068A76DFDF7E3F929490246384647
:10A4B00011F0C2FA0135C1E701328242E7DB052122
:10A4C000EFE7A36D9F88BE1BA4F850600025636D65
:10A4D0001A8DAA422CDCA36D9B88DB1BA4F852309A
:10A4E0002369042B20D1A36DD3E902762368586831
:10A4F000237D53B9A56BE16B354439B30131890034
:10A50000F5F7D3FEE36B40F823500023656D217D02
:10A51000CDE90233EB8ACDE90003033128693B46DC
:10A520003246C9B202F022FA012005B0BDE8F0833C
:10A53000DB6A03EBC50213F83530052B04D15288D2
:10A54000A06D0121FDF704FF0135C0E72846DCE7D7
:10A550000D8302087FB504460E46154682B90DF1FB
:10A560000F01FEF7D6FD2046012332460921FEF7F2
:10A570002EFC2946204604B0BDE87040FEF799BA8B
:10A58000012A34D11146FEF789FA024688B902231E
:10A5900000930DF10E010DF10F032046FEF7FEFCB6
:10A5A000012332460E21204604B0BDE87040FEF77C
:10A5B0000EBC0DF10F02204600230221FEF7AEFC77
:10A5C0002B469DF80F2020460421FEF7B4FAA06D1B
:10A5D00000220221FDF738FF0DF10E012046FEF7A3
:10A5E00098FD4FF0FF312046FEF7B2F9D8E70DF1A4
:10A5F0000F01FEF78EFDA06D4FF40851FDF7B6FE7A
:10A60000CEE70000037D37B504460D4613B15F4821
:10A6100003F0FAFD426DD38A43F00103D382FEF7C3
:10A620004FFC012D0BD1A368196820460231FEF7BB
:10A6300068FCA368196820460131FEF7EDFE01228F
:10A6400000212046FFF757F8002202212046FEF79E
:10A6500045FAA06D01220021FDF7AAFFA06D00229E
:10A660001221FEF719F8A368A06D1A680021FEF701
:10A6700042F8B4F84810002201312046FEF72EFAC5
:10A68000E168A06DFEF7EEF8A368A06D1968FDF70C
:10A690004EFE236BBBB1626B03F18043013B02EBC7
:10A6A00083039A420FD893F90310002926DA1A88F7
:10A6B000A06DC2F30E020021FEF71DF8A06D00226E
:10A6C0000321FDF7E9FF01212046FEF79DF9BDB901
:10A6D000A06D14222946FDF7F3FFA06D4FF404513D
:10A6E000FDF744FEA06D01221421FDF7D5FF2221C4
:10A6F000204603B0BDE83040FEF730BA043BD0E757
:10A70000A368196820460231FEF786FEA06D142268
:10A710000221FDF7D5FFA06D00220121FDF748FFC2
:10A72000A06D01221421FDF7B7FF0DF107012046AE
:10A730000122FEF725FC00230DF10702204601212E
:10A74000FEF7ECFB20460221FEF7B3F9012220467A
:10A750000221FEF7D0FF20463021FEF7FFF9A06D61
:10A760004FF42051FDF702FEA368A06D1A68012185
:10A770000132FEF79BF820460121FEF745F92046FD
:10A7800003B0BDE83040FEF701BB00BF4CC4050874
:10A79000426D83682DE9F341D58A928C1E68C660AC
:10A7A00005F011031343044600F0F68015F001058F
:10A7B00006F1020721D1B0F8482029464FF00208DF
:10A7C000FEF72FFACDF80080A06D01232A46294616
:10A7D000FDF7B8FFCDF800802A46A06D0123294679
:10A7E000FDF7B0FF05212046FEF7B8F9B4F8481090
:10A7F0002A4601312046FEF771F9D4E915309A8CCA
:10A80000002A76D1D98A11F0010508D14FF42051E0
:10A81000FDF7ACFDA06D3A462946FEF747F8002249
:10A820001146A06DFDF760FF20212046FEF796F946
:10A830004FF42051A06DFDF799FD3A460021A06D1F
:10A84000FEF734F8636DD98A11F0010110D1B4F824
:10A85000482020460132FEF7E4F905212046FEF7A4
:10A860007DF9D4E91530D98A11F0010100F08C800E
:10A87000A06D012200210225FDF722FF0095A06DA9
:10A88000052306220021FDF79DFFA06D2A46002129
:10A89000FDF78EFEA06DFDF7B3FD39462046FEF7AD
:10A8A000BBFD636DDB8ADB0776D5B4F84820204614
:10A8B00001320021FEF7B5F9A06D4FF48E41FDF78E
:10A8C00055FDA06D4368236414220021FDF7F8FEB6
:10A8D000A06D4FF40451FDF749FDA06D0122142134
:10A8E000FDF7DAFE2221204602B0BDE8F041FEF776
:10A8F00035B94FF40051FDF739FDA06D0022132149
:10A90000FDF7CAFEA06D00220121FDF7C5FE751CF2
:10A910003A46A06D0421FDF7EEFE29462046FEF7DB
:10A920007BFD00221146A06DFDF7DEFE20212046B2
:10A93000FEF714F9A06D4FF42051FDF717FDF21C3E
:10A94000A06D0121FDF7B2FFA06D4FF40051FDF79E
:10A950000DFD0022A06D0321FDF79EFEA06D44F2C7
:10A960002071FDF703FDF11C2046FEF755FD032283
:10A97000A06D0421FDF7A4FE4FF43051A06DFDF74A
:10A98000F5FC2A4601215AE70122FDF799FE222112
:10A990002046FEF7E3F880E702B0BDE8F081000052
:10A9A000138B2DE9F34104460161D81E4342434114
:10A9B000237500230E46E364118CA36962658B4204
:10A9C000154605D2E069F5F770FC2B8CE061A361B8
:10A9D000626D538B928B1344EA8A510748BF01334F
:10A9E00092074FF0000248BF01331146934240F0F6
:10A9F000CD80227D002A40F0DD80A2699A4200F2DB
:10AA0000DB80226A002360219A4240F0DE80042E1F
:10AA100014BF01210221A06DFDF760FC636DD98A8E
:10AA20009A8C01F01103134306D0C90700F1D280BC
:10AA3000002A14BF142313238A492068A4F848303D
:10AA4000FCF72CFF298C6E8C94F814800E4407467A
:10AA50006664A06DB8F1000F00F00881636D9A8CF8
:10AA60001AB9DB8ADA0740F1B7800021B4F8483020
:10AA700002339BB2A4F84A303344591A0226FDF738
:10AA80008DFC0096A06D012300220721FDF75AFEE0
:10AA9000072200961146A06D0323FDF753FE0722FF
:10AAA00000963B461146A06DFDF74CFE636D9A8CF7
:10AAB0001AB9DB8A03F030032BB1B4F84810A06D4B
:10AAC0000022FDF7E9FDA06D01220021FDF7BCFC8D
:10AAD000A06D02220121FDF7B7FC0322A06D062123
:10AAE000FDF7B2FCA06D4FF42451FDF73FFCA368C5
:10AAF000A06D1A6801210432FDF7D8FE6A8BA06DA3
:10AB00000221FDF755FDA06D022300224FF485417F
:10AB1000FDF795FCA368A06D1A6800210532FDF7CA
:10AB2000C5FEA368A06D19680431FDF700FC6B8BAE
:10AB3000A06D4FF002125A430221FDF739FDA06DBE
:10AB400003222C21FDF7E7FEA368A06D19680531EB
:10AB5000FDF7EDFB00250226636D5A8BAA4252DCFD
:10AB6000032A0DD99A8C5AB9DB8ADB0708D4B4F8CA
:10AB70004A20636CA06D1A44033A0621FDF7A0FD3C
:10AB8000204602B0BDE8F041FFF702BEE069815403
:10AB900001322BE7C86A00EBC20001324178CF07CF
:10ABA00041BF4788E0690909C155616D088D904230
:10ABB000F0DC22E70022F8E7227D002AE2690CBFE0
:10ABC00000216021D154013317E7606A20F8331067
:10ABD000013319E715232FE76A8B0329A8BF032147
:10ABE000032A88BF01F1FF3113F0110F7FF43EAF4C
:10ABF000B4F84830B5F816C05A1C92B21CF0200FB9
:10AC000018BF134636E700962B460622A06D00219A
:10AC1000FDF798FDE3695A5D22B101230321204627
:10AC2000FDF789FF022D12DC636D9A8C7AB9DA8AFE
:10AC3000D2070CD4022D02D15B8B032B07D10A4B18
:10AC4000A06D595D0022FDF7FFFB013584E7B4F8E4
:10AC50004A10636C194401390022491B2046FDF754
:10AC60003DFFF2E78819060854180608E26B042134
:10AC7000FDF76EFBD4E91530DE8A16F0010657D0D9
:10AC8000226C0421FDF764FBB4F84810A06DFDF7B9
:10AC900085FB4FF4A023A364A06D42460621FDF777
:10ACA000D3FB0226A06D01221421FDF7F5FC0096CE
:10ACB000B4F84830A06D06224146FDF743FD0096EA
:10ACC000A06D012342464146FDF73CFD0096A06D74
:10ACD000032342464146FDF735FD0096A06D3B46F5
:10ACE00042460721FDF72EFD2046FFF751FD636D1B
:10ACF0009A8CAAB9DE8A16F0010611D1344F2B8C3A
:10AD0000B3420DDDB4F84A20636C17F8011BA06D47
:10AD10001A44013A921B0136FDF7D2FC032EEED104
:10AD2000002319462A8D9A4244D802B0BDE8F0812A
:10AD3000B4F84830616C05334FF00208A4F84A308B
:10AD400011FA83F1FDF72AFBCDF80080A06D3246A1
:10AD500001230721FDF7F6FCCDF800800722A06D46
:10AD600011460323FDF7EEFCCDF8008007223B4699
:10AD7000A06D1146FDF7E6FCB4F84810A06D324610
:10AD8000FDF78AFC626CA06D3146FDF711FCB4F84A
:10AD90004810324620460331FDF7A0FEB4F84820A3
:10ADA000A06D3146FDF7A0FCA06D04222D21FDF71A
:10ADB000B2FD99E7EA6A02EBC30012F83320052AD4
:10ADC00004BF4288E06903F1010308BF8154A9E789
:10ADD000541806082DE9F04389B004460D4607AE25
:10ADE000002940F0C3800121FDF758FE07468DF889
:10ADF000170060BB01462046FDF750FEB0B90122A6
:10AE000031462046FEF7BCF80DF117012046FEF74B
:10AE100080F92046022304220F21FDF78CFE002139
:10AE2000204609B0BDE8F043FDF743BE3146204659
:10AE3000FEF76FF99DF81C20204601230421FDF741
:10AE40007AFEA06D3A460121FDF7FEFADCE7E36CDD
:10AE5000616A013B01EBC30211F83330022B35D19B
:10AE600092F80190B9F1020F30D120464FF001085D
:10AE70005768FDF77AFD434632460DF11701CDF8CC
:10AE800000800795FEF7FAFF20462A462946FDF77F
:10AE900094FE9DF81700062812D0072813D0052825
:10AEA0005AD10095079AA06D3B462946FDF74AFC0A
:10AEB00000220221204609B0BDE8F043FDF771BD34
:10AEC000CDF80080EEE7CDF80090EBE700250123F8
:10AED0003246079306A92B4620460095FEF7CEFF83
:10AEE0000DF117012046FEF714F920462A4629469F
:10AEF000FDF763FE9DF81800831E012B08D9FDF7AE
:10AF00001DFDA049656802469F4806F0BDF928600E
:10AF10009DF8170006280BD0072813D005281BD151
:10AF20000799890141F4B841A06DFDF71FFABFE709
:10AF30000799A06DC90041F04201FDF717FA4FF4DF
:10AF4000B541F1E70799A06DC90041F08201FDF715
:10AF50000DFA4FF4B141E7E7FDF7F0FC8B49656866
:10AF60000246894806F090F92860A1E7012940F0DF
:10AF7000F880FDF793FD07468DF8150038BB0146B4
:10AF80002046FDF78BFD022105462046FDF786FD94
:10AF90000543EDB245B1394620460322FEF7ABFB2F
:10AFA00003212046FDF7D4FC0223CDE901630023F1
:10AFB000009306A920460DF115030122FEF722F8A1
:10AFC0000F21204609B0BDE8F043FDF7C7BDE36C93
:10AFD000616A013B01EBC30211F83330022B40D10F
:10AFE0005778022F3DD12046D2F80480FDF7BDFCF2
:10AFF0000023CDE9063700972B4606AA0DF115016F
:10B00000FEF73CFF069F00953B46204632460DF179
:10B010001701FEF733FF9DF81700431E022B08D9D6
:10B02000FDF78CFC5A4965680246574806F02CF932
:10B0300028609DF8150006280FD007280FD0052896
:10B0400040F08580002300930799A06D43463A465F
:10B05000FDF7B8FB09B0BDE8F0830123F3E7022355
:10B06000F1E702230122CDE90623009306AA00237B
:10B070000DF116012046FEF701FF20460DF11501E6
:10B08000FEF747F89DF81600831E012B08D9FDF73F
:10B0900055FC4049656802463B4806F0F5F82860D3
:10B0A000069D00950023204632460DF11701FEF75C
:10B0B000E5FE9DF81700431E022B08D9FDF73EFC64
:10B0C000334966680246304806F0DEF830609DF885
:10B0D000150006280ED0072825D0052837D1079956
:10B0E00041EA851141F4A841A06D09B0BDE8F043E3
:10B0F000FDF73CB90126AE40A06D46F43441FDF7A2
:10B1000035F945EAC50141F04001A06DFDF72EF982
:10B11000079941EA851141F4A441A06DFDF726F994
:10B1200046F43C41E0E70126AE40A06D46F43441D0
:10B13000FDF71CF945EAC50141F08001A06DFDF75E
:10B1400015F9079941EA851141F4A041E5E7FDF7BA
:10B15000F5FB1149646802460B4806F095F820603B
:10B1600078E70025334606A900950122FDF716FF72
:10B1700002232A460F21204609B0BDE8F043FDF71F
:10B18000DABC00BF5DC40508C01F060854C405082A
:10B1900067C405087AC4050870C405082DE9F041A4
:10B1A00080465C2015460F461E46F5F77CF8856004
:10B1B00008250446C0E9008705624020F5F75AF8E3
:10B1C000E56260622020F5F755F860632020F5F70E
:10B1D0006AF83146A065FDF76EF82046BDE8F081BB
:10B1E00010B504460021806DFDF76DF8A06DF5F7F0
:10B1F00069F8606BF5F766F8E069F5F763F8606A7F
:10B20000F5F760F82046BDE81040F5F75BB80000A0
:10B2100038B50446A2B1950712D110792E280FD166
:10B2200092686AB190070BD1556840F2922085422E
:10B2300006D191681960049BD2681A60012038BD5C
:10B240000A460448044906F01FF8636A18600020A3
:10B25000F5E700BF2C20060885C405087FB5044625
:10B260000D46104603A91E46F8F79EFD48B90C4945
:10B270000C482A4606F008F8636A1860002004B0FB
:10B2800070BD039803F0CAFE30EA06020346F6D00A
:10B29000054900962A46034805F0F6FFECE700BF93
:10B2A000A1C405082C200608A7C40508038C032B9D
:10B2B00070B5C46A03D1856A00239D4205D144F864
:10B2C0002120FDF734F8012070BD54F82360964228
:10B2D00001D00133F1E70020F6E7FDF791B803292B
:10B2E00010B50446018442620FD1826AC06A00210F
:10B2F00092001FF03DFC01212046FCF7EFFF2046A5
:10B300000021BDE81040FDF749B804290CBF022117
:10B310000121F1E702F00F03022B10B5044608D01B
:10B320000A460C490C4805F0AFFF636A186000201C
:10B3300010BD836A12090020984204D1238C042B8B
:10B34000F5D10649EEE7E16A51F820108A42EFD0C4
:10B350000130F1E7BDC405082C200608C3C4050868
:10B3600000F00F03022B02D10009F5F7B4BE01482B
:10B37000704700BF00DE050838B5044610460D468C
:10B38000FFF7EEFF0378732B19D14378BBB1034667
:10B390000A21002013F8012F5AB91F2808D90B4998
:10B3A0000B481F232A4605F06FFF636A18600020D0
:10B3B00038BD303A092A02D801FB0020EAE70549E6
:10B3C00003482A4605F060FFEFE700BFCFC4050839
:10B3D0002C200608DCC40508F8B5054610460E46C4
:10B3E0001F46FFF7BDFF174A0178002494465378A3
:10B3F0008B421BD190F801E093789E4516D190F8CE
:10B4000002E0D378734511D16BB91CF82400B8421F
:10B4100008D90D490D483B46324605F035FF6B6AA9
:10B4200018600020F8BDC378002BEED00134152C35
:10B4300002F10402DBD106490448324605F024FF3C
:10B44000EDE700BFFE180608CFC405082C2006084B
:10B45000E5C405082DE9F34706460F46002A3CD00F
:10B4600093073AD113792F2B37D1926802F00F034B
:10B47000022B08D10F23FFF7AFFF012484402046A1
:10B4800002B0BDE8F08742B312F0030A25D1137968
:10B490009F2B22D1D5682B79A12B1ED192680F2327
:10B4A000FFF79AFF4FF0010808FA00F401AAA22161
:10B4B00005F10800F8F7CCFE8146CA45DFDA019AAB
:10B4C0000F2352F82A2039463046FFF785FF08FA45
:10B4D00000F004430AF1010AEFE7044904483A4640
:10B4E00005F0D2FE736A00241860C8E7EBC40508B3
:10B4F0002C20060810B50446024805F02FFE2060F7
:10B5000010BD00BF2C20060804292DE9F84307468A
:10B510000C460DD8161F01F1300930254D450CD0D1
:10B5200056F8040F00F00F03022B09D00D4900E07C
:10B530000D49786AFFF7DEFF00242046BDE8F88356
:10B540000009F5F7C8FD80461FF050FB0228EDD139
:10B5500098F80030722BE9D198F801309D42E5D17E
:10B560000135DBE725C50508FCC405082DE9F047D2
:10B570000F4686B0044603A938461E469146F5F7A5
:10B58000B5FD0378762B054640F01B81B9F1020F1B
:10B5900040F0C6806FF4AD6C67440D2F00F2088157
:10B5A000DFE817F00E003A003D0006010601060133
:10B5B00006018C0006015F00400035003200BB0030
:10B5C0004EF6B4694FF42C67326829462046FFF7DF
:10B5D000D3FE7268804629462046FFF7CDFE4FEA2B
:10B5E000C82247EA500702F4704240014FEA88112E
:10B5F0003A4300F0200001F04001024341EA090112
:10B600002046FCF7BDFEE2E14EF6B169DAE74EF600
:10B61000B1694FF42467D7E74EF6B869D2E74EF622
:10B62000BD69CFE73068FFF79BFEB8491FF0ECFA21
:10B63000A8B132680F2329462046FFF7CDFE074602
:10B640007068FFF78DFEB2491FF0DEFA002840F067
:10B65000AF803A0342F421624EF6F161D0E70F2742
:10B66000EEE73068FFF77CFE03783268722B16D164
:10B670000F2329462046FFF7AFFE29467268804611
:10B680002046FFF779FE4EF610610746FA01D2B266
:10B6900042EA083242F4216241EA5701B0E7294602
:10B6A0002046FFF769FE2946726807460F232046A9
:10B6B000FFF792FE4FF46E418046E7E74EF6905852
:10B6C000326829462046FFF757FE05AB0093074630
:10B6D000726804AB29462046FFF79AFD002800F067
:10B6E0007681049A072329462046FFF775FE059ABE
:10B6F000064629464FF47F732046FFF7AFFDFA0256
:10B70000B90102F4704201F0400142EA900241EABC
:10B71000080142F42062314372E74EF68058CFE7C9
:10B72000B9F1030F44D1DFF8008200F1010A0027CC
:10B730000322414650461FF07FFAA0BB2B7993BBF2
:10B74000744B326813F8277029462046FFF714FE21
:10B750007268804629462046FFF70EFEB268814691
:10B7600029462046FFF708FE3A01D2B242F4206291
:10B7700042EA5002400100F020004FEAC82303F4DF
:10B780007043024307F0F0071A4347F46E474FEA4D
:10B79000C9134FEA8811DBB247EA590701F04001AB
:10B7A0001A4339432CE70137042F08F10408BFD1AD
:10B7B0004B46594959482A4605F066FD636A1860A8
:10B7C00005E1B9F1030FF3D8DFE819F00400130025
:10B7D000E5008502B7F5946F05D14FF43F4120464F
:10B7E000FCF7C4FDF3E0B7F5AF6FE1D14BF6307174
:10B7F000F5E740F29532974210D101463268204673
:10B80000FFF788FD01462046FCF742FE002840F085
:10B81000DE804349606AFFF76DFED8E0B7F5687FC8
:10B8200009D1014632682046FFF774FD01462046E3
:10B83000FCF788FEEAE740F2AA32974209D10146B6
:10B8400032680F232046FFF7C7FDC10041F48E4147
:10B85000C5E7622B26D1039B032B09D0052B4ED1C4
:10B86000C3785F2B4BD103796E2B01D0772B46D158
:10B87000B5F801302B4A5BBA9BB200271188994278
:10B8800000F0F88201370E2F02F10202F6D18FE7A5
:10B890002B79A3F177067342734139462046FCF7B2
:10B8A00015FEB3E7692B2AD14378742B27D1306872
:10B8B000FFF756FD06461FF099F902287FF478AF8E
:10B8C000338818495BBA9BB200220888984200F07E
:10B8D000DD8201320E2A01F10201F6D168E793F808
:10B8E00000C0BCF1740F03D146EA5101013BDFE215
:10B8F000BCF1650F7FF45CAF40EA5101F6E740F21E
:10B90000CB339F4212D14BF2726168E743C5050801
:10B910004DC505086C18060860C505082C200608EA
:10B920006DC50508D01806086D180608B7F5737FB1
:10B9300002D14BF2626152E740F2CD439F4213D1F4
:10B94000326829462046FFF785FD10F43F4F024636
:10B9500007D145044ABFC1B240F4344141F43541F6
:10B960003DE74EF62D114BE6782F7FF421AF32687C
:10B9700029462046FFF76EFD10F4FE4F024607D120
:10B9800010044ABFD1B242F43C4141F43D4126E7A4
:10B990004EF6BD0134E6736803F00F03022B40F04E
:10B9A0009D8040F292439F4214D1014632680F239A
:10B9B0002046FFF711FD7268074629460F232046EF
:10B9C000FFF70AFD394602462046FCF73DFD06B06A
:10B9D000BDE8F08740F2BB339F421CD14FF6B02840
:10B9E0004FF2800732680F2329462046FFF7F4FC08
:10B9F0007268814629460F232046FFF7EDFC47EA8F
:10BA0000000242EA092248EA0001F9E54FF69028CF
:10BA10004FF2A007E6E7B7F59B6FF7D040F29643E9
:10BA20009F4229D1014632680C232046FFF7D4FCFF
:10BA300007467068FFF794FC06460146B8481FF0B9
:10BA4000E3F8A0B1B74831461FF0DEF870B12A46DE
:10BA5000B549B64805F018FC636A0022186042EA4E
:10BA6000072242F400424FF2EF31C9E50120B04B0A
:10BA700000EBC0001A5CF2E740F286339F4215D11A
:10BA80004FF480473268294607232046FFF7A4FC7D
:10BA900072688046294607232046FFF79DFC4246F0
:10BAA000034639462046FCF7CAFC90E7DFF88C8253
:10BAB00000270322414628461FF0BEF840B9EB7824
:10BAC00033B99C4B13F827703F0147F48047D9E7FF
:10BAD00001370F2F08F10408EBD169E640F29543D6
:10BAE0009F422AD840F291439F421ED840F2BD3374
:10BAF0009F423AD040F25D439F4274D0B7F55F7FDA
:10BB000036D040F25B439F4200F0CD8040F25C4370
:10BB10009F4200F0CA8040F25E439F4200F0C7801F
:10BB2000972F40F08D80032390E0A7F29347022FD8
:10BB300021D8DFE807F03A233D0040F239539F4215
:10BB40007AD14FF460573268072329462046FFF721
:10BB500043FC294680467268FF232046FFF77EFBA0
:10BB600047EA000141EA082139E64FF42057EAE7A5
:10BB70004FF44057E7E74FF40057E4E74FF2402710
:10BB800032680F2329462046FFF726FC726880465C
:10BB90004FF6FF7329462046FFF760FB42460346F7
:10BBA00039462046FCF762FC11E74FF2C027E7E771
:10BBB000014632680F232046FFF70EFC2946074650
:10BBC00072684FF0FF332046FFF748FB3A4683B2D6
:10BBD00005464FF240212046FCF748FC2B0C3A4624
:10BBE0004FF2C021DDE7014632680F232046FFF700
:10BBF000F3FB05AB00930746726804AB2946204669
:10BC0000FFF706FB00283FF4E2AE049A0F23294613
:10BC10002046FFF7E1FB059A06462946FF2320460A
:10BC2000FFF71CFB820842EA073246F4684142F4FF
:10BC3000706241F05001E3E440F235539F4238D046
:10BC400040F237539F427FF4B3AD05233A4A294669
:10BC500032F82370326807232046FFF7BDFB05AB9F
:10BC600000938046726804AB29462046FFF7D0FA5D
:10BC700000283FF49DAD049A294607232046FFF78C
:10BC8000ABFBF904059A064615D51F232946204625
:10BC9000FFF7E4FA47EA0801800141EAC60100F42F
:10BCA000F86001439BE50023D0E70123CEE74B4634
:10BCB000CCE70423CAE73B0406D53E2329462046A9
:10BCC000FFF7CCFA4008E5E77C2329462046FFF73A
:10BCD000C5FA8008DEE740F26D439F4230D100276D
:10BCE0003268072329462046FFF776FB7268072350
:10BCF000294607432046FFF76FFB29468046B26876
:10BD00001F232046FFF7AAFA47EA801747EAC8012F
:10BD100065E54FF40067E3E74FF48057E0E700BFC5
:10BD2000ED180608F618060853C505082C20060865
:10BD3000EC180608941806087C18060895180608DA
:10BD400040F26E439F42E4D0B7F5647FE4D0B7F58C
:10BD50005F7F2BD14FF4C058326807232946204615
:10BD6000FFF73AFB72680723074629462046FFF78C
:10BD700033FBB26802F00F03022B81460ED107237A
:10BD800029462046FFF728FB47EAC90141EA080196
:10BD900041EA801123E54FF4D058DDE70723294617
:10BDA000204648F48068FFF759FAEDE740F20A535D
:10BDB0009F4221D14FF6903732680F232946204603
:10BDC000FFF70AFB726881460F2329462046FFF7DA
:10BDD00003FBB268804629460F232046FFF7FCFA92
:10BDE00040EA092242F4704242F0F00247EA0801B8
:10BDF00006E44FF6B037DFE740F25B539F42F8D0DE
:10BE000040F239539F42C6D040F236539F427FF4EE
:10BE1000CFAC014632680F232046FFF7DDFA726887
:10BE20000F23294607462046FFF7D6FA05AB0093B5
:10BE30008046B26804AB29462046FFF7E9F900289E
:10BE40003FF4C5AD049A0F2329462046FFF7C4FAF4
:10BE5000059A06462946FF232046FFF7FFF93F02D1
:10BE600047EA083746F4684147EA900241F040014A
:10BE7000FFF7C6BB326829462046FFF74BFA039B03
:10BE8000052B02463FF404AD002306E5A91C0F462E
:10BE90000B46013118780028FAD1691D8B423FF614
:10BEA00087AC0821D043013B01EAC00001EAC20689
:10BEB0009F427FF614AD41EA021141F43F418EE406
:10BEC00038B505463020F4F7D5F920220446002184
:10BED0001EF04EFE29462046FCF7EDF9A562A800AB
:10BEE000F4F7C8F9E062204638BD10B50446C06AD0
:10BEF000F4F7E8F920460021FCF7E5F92046BDE813
:10BF00001040F4F7DFB92DE9F04FDDF824E0DDE96A
:10BF10000B74DDE90D5658B1884209D3710747BF4C
:10BF20000EF1010E013401350A2158BFB0FBF1F0CA
:10BF300016F0020C38D0002D36D00ADB0A998D425B
:10BF400032DA2C44A64502DC0EF1FF37E71B002550
:10BF50002AE0291D28DB69424FF000084FF00A0A49
:10BF6000B0FBFAF90AFB19041CB108EB05044146C1
:10BF700004E008F1010888454846F1D1AEEB010E16
:10BF8000091B1C464FF0300804F8028B4FF02E09B5
:10BF900083F801904D1E2346002D32DC002918BF86
:10BFA000013963180025FF240EF1FF3841464FF098
:10BFB0000A09002929DA611C714535DBFE2CD4BF42
:10BFC0000021012173443FB1A4EB0804E71B2E209C
:10BFD0004FF0300EA7422CD1BCF1000F09D041B177
:10BFE00019460B4611F8010D3028FAD02E2808BF4B
:10BFF0000B4635BBF00726D400211970981ABDE80E
:10C00000F08F03F8018B013DC6E78C42B4BF01F10C
:10C01000010B8B46B0FBF9FA09FB1A00303003F82C
:10C020000B0001395046C4E701332E211955012177
:10C03000C8E714B903F8010B012103F801EB013C37
:10C04000C8E77107D8D4002DBABF6D422D212B212E
:10C0500006F02004632D597044F04504C8BF6421E4
:10C060001C704FF00A00C9BFB5FBF1F19C1CDC1C31
:10C070003031C8BF9970B5FBF0F62346B6FBF0F13E
:10C0800000FB1161303103F8021B00FB1651303107
:10C090006170B1E72DE9F04F2DED028B884610EE6F
:10C0A000101A97B000291C46B0EE408A9DF88830DF
:10C0B0000E902ADAB4EE400AF1EE10FA25D6B1EE6F
:10C0C000408A2D230E9F07F8013B08F1FF389FEDB2
:10C0D0007D7AF0EEC87AF4EE477AF1EE10FA02F0CB
:10C0E000200316DD43F0490443F04E00FA1C43F0F0
:10C0F0004601002378703C70B97013700E9BD01A03
:10C1000017B0BDEC028BBDE8F08F002BDAD10E9F8B
:10C11000DDE7B4EE488AF1EE10FA06D743F04E019F
:10C1200043F04100FA1C0C46E3E742F02002662A85
:10C130004ED143F0040B002CA8F103064FDA06247D
:10C14000A642D4BF0C960C9418EE103A002B09931B
:10C1500053D0C3F3C7537F3B07EE903A9FED5A7A13
:10C16000F8EEE77A18EE103A67EE877AB3F17E5F61
:10C17000FDEEE77A38BF4FF0000917EE905A28BF5E
:10C180004FF0010909EB0500B7EE000A00F048FA8C
:10C19000099BB3F17E5F2CBF4FF0010A4FF0FF3ACD
:10C1A000B4EEC80AF1EE10FA94BF012300234B4508
:10C1B0001BD01BF0040F4CD0002D20DD631902337F
:10C1C00098451CDA8BF0040343F0020B013444E081
:10C1D000672A0CBF43F0020B43F0010BABE7632C63
:10C1E000AED110230C930924AEE7554405EB0900AA
:10C1F000B7EE000A00F014FAD2E7099DD9E7A8F1DA
:10C200000202A242D4BF33462346002D1EDA022B7F
:10C2100015DDAA1C17DA6E429E42A8BF1E46023EDA
:10C220009C1B092C0DDD1BF00403A4F109020793EC
:10C230004FF009041CD004230793032319E05C1C6E
:10C2400000260022F7E75C1C0026EAE76C1C1C4471
:10C25000FAE71BF0020FB9D034B1092C4FF00006F9
:10C26000E1DC3246079603E0264622460794012485
:10C270000723062CA146A8EB0408A8BF4FF0060927
:10C28000A8EB0308A9EB0503013B0D939045D4BF30
:10C2900004EB0803A3181193119BA3EB09030F935D
:10C2A000099B002B00F0C280079B002B00F0BA8096
:10C2B000002D80F2B4804EB909F1FF3008963B465C
:10C2C00013E000BFFFFF7F7F9B209A3E3B4630215B
:10C2D00003F8021B2E227A70184632461EF048FCE4
:10C2E000FF228319089209EB06000A214FF0010C86
:10C2F0000A91E14500F39F80B9F1060F02DD0128A4
:10C3000000F3A0804FF00108B0EE480A0B9300F054
:10C3100087F9F6EE007A30EE270A0A99BCEEC00AD9
:10C320003A4610EE103A08FB03F8089B03930F9B64
:10C3300002930C9BCDE9045BCDE9009340460B9B37
:10C340001093FFF7E0FD15AA01460B90384600F068
:10C3500095F9DDED157A0B9977EEC87A17EE903ADC
:10C36000002B58D0B9F1060FC4BFA9F1060202EBA9
:10C3700042024FF0010AC8BF0AFA02FA0C22109BCF
:10C38000CDF82C80F0EE678A109217EE902A002AE2
:10C39000089A03920F9A02920C9A0A991393B4BFC7
:10C3A000D044A8EB0A08CDE90092CDE9045B3A46F7
:10C3B0004046FFF7A8FD15AA01461290384600F046
:10C3C0005DF9DDED157A129977EEC87A17EE903A9D
:10C3D0000BB3B0EEE77AF0EEE86A37EE667A139BBD
:10C3E00017EE102A002A3ADB4FF00A0CB8FBFCF0DB
:10C3F0000CFB108002430B9A08BF42460B9208BF09
:10C40000F0EE678ABAF1010F2ED0109A013A4FEA86
:10C410005A0A1092B9D10E9B3944C81A70E60D9889
:10C4200008954CE7079B0D98089348E7099A0892EE
:10C430003B46104659E70A990A2251430A910CF1EA
:10C44000010C56E7B9F1070F05D0022803D00238D6
:10C450004FF0640858E701384FF00A0854E7CDF868
:10C460002C80F0EE678ACDE7A14505DA0D9B0133FC
:10C470000D9309F101090FE70B9A9045CBD0089A6B
:10C4800003920F9A02920C9ADDE90A10CDE900920C
:10C49000CDE9045B3A46FFF736FD0146BBE700BF36
:10C4A000012910B5136825D90178302922D14178A6
:10C4B00041F02001782900F1020405D133F0100386
:10C4C00007D11023136005E06F2907D133F008036B
:10C4D00002D00446201A10BD0823F3E7622904D1D4
:10C4E00033F00203F5D10223ECE7002BF1D1012355
:10C4F0001360EEE7002BECD10A23F9E708B50446F8
:10C5000031B1054B4A6B03600968002304F008FF52
:10C510002046F3F787FE00BF2C2006082DE9FF41D7
:10C520001F460192002A39D146180446B4422546D6
:10C5300040D214F8010BF5F7B1FB80460028F5D185
:10C540002B782B2B30D12546711B284601AAFFF7EB
:10C55000A7FF019B054428460024B04202462CD385
:10C56000B8F1000F00D06442640044F00104AA4214
:10C5700009D01546B5422B463DD218780135F5F75E
:10C580008DFB0028F6D1019A22492348012A08BFD1
:10C59000002204F079FE3946FFF7B0FF023A222A62
:10C5A000C2D91E4801F034FC2D2B04BF25464FF0A4
:10C5B0000108C9E74FF00008C6E790F800C0ACF1E9
:10C5C000300109290AD9BCF15F0F12D04CF02001CB
:10C5D000A1F1610CBCF1190FC2D857398B42BFD9F8
:10C5E00083FB0442B2EBE47F0AD10C4494EA440298
:10C5F00006D40130B1E7C6D1204604B0BDE8F081D1
:10C600004246711B03A8039506F00FF8039A0446EF
:10C61000ADE700BF8DC505089C1F060878C5050855
:10C6200008B52DED028BD0B1B5EE400AF1EE10FA4F
:10C6300015D010EE103A00EBD35262F3DE5310F136
:10C640000B0F08EE103A0DD9434200EE903AB1EECE
:10C65000040AF8EEE00A1CF031FF88EE000ABDEC97
:10C66000028B08BD07EE900AB1EE040AF8EEE70A65
:10C670001CF024FF20EE080AF1E7000000232DE95A
:10C68000F0470144904607461A461C4618461D4688
:10C690009A461E468F4260D2BC461CF801EBAEF1B2
:10C6A0003009B9F1090F3FD8022E09D1DFF8E8E0CF
:10C6B0000A2707FB00977045D8BF38466746E9E769
:10C6C000B9F1000F14D0334FBD4211D84FF00A0E0C
:10C6D000A4B914460A22C4B9BD4222D8012E4FF093
:10C6E0000A0208BF03F1FF3302FB05950022E5E7CC
:10C6F0000EB90134E2E701320126DFE7BD4294BF03
:10C700000EFB05F50133013CE2E703F1FF3EBD42BC
:10C7100098BF734605FB02FEBD4298BF7546013CBB
:10C72000D9E78EBB0133E1E796B9BEF12E0FE3D016
:10C730004EF02009B9F1650F0CD1614504D97E781E
:10C740002B2E1AD107F1020C8C4521D00226B5E719
:10C75000022EEDD1BEF15F0FB0D0BAF1000F15D1AE
:10C7600007EE905A1C44B8EE670A2044FFF758FFC2
:10C7700088ED000A3846BDE8F0872D2EE6D107F196
:10C78000020C4FF0010ADFE72246B5E74042E7E737
:10C790000027EFE797999919646666062DE9F04F2F
:10C7A0002DED048B83B09FED658ADDF840809FED11
:10C7B000649A054691461F4646184FF0000AF0EE6F
:10C7C000488AF7EE009ACDED018AB5422C4674D224
:10C7D00015F8010BF5F762FA83460028F5D12378A6
:10C7E0002B2B64D12C46A31C9E4279D9237843F08D
:10C7F0002003692B64D1637843F020036E2B6FD143
:10C80000A37843F02003662B6AD14FF0FF420192D8
:10C81000E21D964204F103001AD9E27842F02002A8
:10C82000692A15D1227942F020026E2A10D162794C
:10C8300042F02002692A0BD1A27942F02002742A28
:10C8400006D1E27942F02002792A01D104F10800F0
:10C85000B9F1000F0DD0B0420BD2027842F02002A5
:10C860006A2A06D1844208BFCDED019A01304AF010
:10C87000020ABBF1000F05D0DDED017AF1EE677A17
:10C88000CDED017A844232D00446B442254635D2F9
:10C8900028780134F5F702FA0028F6D13FB3BAF14F
:10C8A000000F24D19DED018A4FF0010A8BE72D2B5B
:10C8B00004BF2C464FF0010B95E74FF0000B92E7B9
:10C8C0006E2B0DD1637843F02003612B08D1A37840
:10C8D00043F020036E2B03D1E01C8DED019AB7E7E6
:10C8E00001AA311B2046FFF7C9FE0028B0D1154927
:10C8F000154804F033FC4146FFF700FECED1BAF1F3
:10C90000010FF4D09DED010ABAF1000F0AD0F0EE4C
:10C91000400AB0EE480A03B0BDEC048BBDE8F04F0E
:10C9200003F0C6BB17B1DFED050AF4E703B0BDECB9
:10C93000048BBDE8F04F04F0E5BD00BF000000002F
:10C940000000C07F99C505089C1F060808B5102087
:10C95000F3F7A9FC0123837008BD10B503F00103B0
:10C960000224C0E901128470C37010BD9DF8043028
:10C97000426003F00103C370009B8360029B03735A
:10C98000C368039A817062F31F23C360704700007D
:10C9900070B504460D4623881046BBB10A460023F5
:10C9A000214605F06BF92346002213F8011B090606
:10C9B00003D4D30726D51D4B18E01E1B13F8011B0B
:10C9C000013EC1F38015B5402A43F0E7A3786668BD
:10C9D000042B0FD0052B16D0032B0A46A368314633
:10C9E0001DD105F04BF9E37813B9114B036009E051
:10C9F000104BFBE71049A468102002F0FCF9C0E9D5
:10CA00000154C66070BD0D49257BE468102002F01A
:10CA1000F2F9C4F31724C0E90156C460F2E705F047
:10CA20002DF9E378002BEDD0C5E700BF44250608BB
:10CA3000FC23060828250608E4230608CC2306085C
:10CA400038B5144612F4807218BF1A461D46FFF717
:10CA50009FFF620902F008022A44E1B2BDE83840B3
:10CA600003F0C2BAD0E90003184770B506460C4679
:10CA70008D18AC4200D170BDD6E90003984704F888
:10CA8000010BF6E738B505460024D5E900039847C1
:10CA900000F07F0343EAC4140306F6D4204638BDF1
:10CAA0002DE9F04186B00546FFF7DCFFC4B2042C47
:10CAB00006D8284B53F82440204606B0BDE8F08144
:10CAC0002846FFF7DFFF064630B9062C04D128467A
:10CAD000FFF7C8FF204CEFE70A2C10D100213046A9
:10CAE0000AF040F90027044600F10408B742E3D0F9
:10CAF0002846FFF7D5FF013748F8040FF6E731461F
:10CB000002A8F4F7D1FB049932462846FFF7ADFF9F
:10CB1000631F012B0CD82846FFF7A4FF052C02A8A1
:10CB200003D108F093F90446C6E708F095F9FAE74F
:10CB3000072CDDE903104FF0000303D10A22FFF7B1
:10CB4000EDFCF0E7093C624200936241FFF726FEEC
:10CB5000E9E700BF54190608102D06082DE9F04139
:10CB600004460E46174600252068FFF77BFF5FFA54
:10CB700080F8B8F1FF0F01D1BDE8F081C1070CD5F5
:10CB80002068FFF77FFFC20748BFA3684FEA500540
:10CB900054BF06EB850503EB85054FEA5803082BC8
:10CBA00021D8DFE803F0050505050505171B1E0064
:10CBB000DB070DD52068FFF765FF5FEA980824D0F2
:10CBC000B8F1010F0CBFA368E3680246294617E0DD
:10CBD0000120F2E763689B680120F6E76368DB6881
:10CBE000FAE70B4BF8E703F18043094A093B52F897
:10CBF0002330F1E751F804CB9C44013A41F804CCCE
:10CC0000002AF7D105EB8005AEE73B46DDE700BF24
:10CC1000881906082DE9F04F8FB080460991FFF77B
:10CC200031FF00F003039A1C0492C20800F00409CB
:10CC30000892002B3AD11046F3F71CFB089A0146E4
:10CC400005464046FFF711FF4FF0000A564657468B
:10CC50005446CDE905AAB9F1000F00F09180404695
:10CC6000FFF710FF049B8146032B08BF01308000B3
:10CC7000F3F700FB4FF0000B0790CB4576D1FFF7A1
:10CC800065FE049B022B834640F086802A460023E3
:10CC900012F8011B090676D4079A9BB2294658461A
:10CCA000FFF75BFE58460FB0BDE8F08F0898F3F72A
:10CCB000E1FA089A014605464046FFF7D6FE049B76
:10CCC000032B404615D1FFF7DDFE2E182B5C0446E2
:10CCD000721C0027180603D44FF0000A5646B8E726
:10CCE000901B12F8013B0138C3F3801181400F43C0
:10CCF000F0E7FFF7C7FE049B052B07460BD1404624
:10CD0000FFF7C0FE06464046FFF7BCFE0024CDE913
:10CD1000054482469FE710F0200620D04046FFF7EA
:10CD2000B1FE834617F0400002D04046FFF7AAFE4E
:10CD30001BEB000415D0033020F003040BEB0400C0
:10CD4000F3F7B1FA0319069005932EB15A46194626
:10CD50004046FFF78AFE0026B24634467BE7B346DC
:10CD6000E0E7CDE90544A246264674E70999404626
:10CD7000FFF750FF079B43F82B000BF1010B7CE7FB
:10CD8000CDF81C907BE7541B12F8011B013CC1F34A
:10CD90008010A04003437DE7099B0B93059B0C93F8
:10CDA000069B0D93FB06CDF8288011D5DFF8508047
:10CDB000D8F8CC0020B9014606F056F9C8F8CC00E6
:10CDC000294605F0C0FE2A4629460AA8FFF7C6FEF6
:10CDD000049B032B06D12C44B9F1000F03D0079B11
:10CDE00043F82940079C089B0499BFB2CDE9026A29
:10CDF000CDE900472A465846FFF7B8FD52E700BF85
:10CE0000BC0400202DE9F04786B0836804930546F2
:10CE10000368059302A80E463F49F3F7C9F90422B7
:10CE20000DEB02012846FFF720FE9DF804304D2B44
:10CE300011D19DF80530062B0DD19DF80640A308B1
:10CE400013F02F0303D004F00302032A03D19DF84B
:10CE500007201F2A02D9314800F0DAFF23B1043B32
:10CE6000032B01D92E48F7E714F04004F3D12846EC
:10CE7000FFF708FE80462846FFF704FE07464FEA04
:10CE8000480003304FEA900A07EB90008000D6F884
:10CE90000090F3F7EFF9C9F8080000EB8A00C9F831
:10CEA0000C0044450DD10024BC4231682AD12846EB
:10CEB000FFF7B0FE70600120F3F782F906B0BDE81D
:10CEC000F0872846FFF7DEFDC3074FEA500913D469
:10CED0004846F3F7CFF94A46014682462846FFF70F
:10CEE000C4FD2846FFF7BEFD49465046F4F734F826
:10CEF00081465046F3F7E6F933689B6823F81490AF
:10CF00000134CEE72846D1F80C80FFF7C9FD48F878
:10CF100024000134C8E700BF3FD002089FC50508C0
:10CF2000ABC505081FB50C46014601A818F066FA06
:10CF3000214601A8FFF766FF04B010BD024B8268CE
:10CF40001A61C268DA607047BC040020838803F469
:10CF5000C072B2F5C07F0FD01A0604D5C37B00EBB8
:10CF600083000069704713F4807307D0C37B00EB24
:10CF70008300036958687047014870471846704736
:10CF80002386030870B5284CF3F78EFF0025012394
:10CF9000E561A4F81C32D4F820320BB1A4F81C527D
:10CFA000A4F8285204F064F8204B214E214865640F
:10CFB000C4E90F35204BA36403214FF0000384F82C
:10CFC0001432C4F8105203F0D7FD0121304603F0AB
:10CFD000D3FDAA22BA21304603F0DAFE002108462A
:10CFE000C4E90366C4E92C55C4E96B55E566C4F889
:10CFF000CC50C4F8B85006F037F80A21C4F83C0108
:10D0000005F0A1FD40F2E261D4F83C0105F09BFD82
:10D01000002106F1440005F0DDFE40F21A7240F2F4
:10D02000DA63C4E9502370BDBC040020FC2206086A
:10D030001805002008050020EC3006087047D0E9EC
:10D040000230184708B5074BD86E08B9064808BD26
:10D05000002241F62231043001F096FC0028F5D080
:10D060004068F4E7BC040020D8370608034BC00032
:10D070000A4640F00201D86803F08ABEBC040020D2
:10D08000034BC10041F00201D86803F08FBE00BF1E
:10D09000BC040020034BC0000A4640F0020118699E
:10D0A00003F076BEBC040020034BC10041F0020136
:10D0B000186903F07BBE00BFBC040020F8B51C4615
:10D0C000930707460D46164608D113689A889106BD
:10D0D00015D5520610D5AB889B0501D52660F8BD45
:10D0E00050B9114B9D4207D010490C2001F083FE2E
:10D0F000C0E901562060F2E7C4E90067EFE70C4A97
:10D10000934202D173682360E9E70A4A9342E5D16A
:10D1100030B101F07DFE084B984214BF05463D46F4
:10D120007368C4E90035DAE790280608681906082C
:10D13000743106085C310608BC31060800232DE96D
:10D14000F041C2E900330E460746144601F060FE86
:10D150000A2E054602D12060BDE8F081192E07D1C4
:10D16000838803F4C0731BB1144BC4E90037F3E7A1
:10D170006B7B5BB105EB830322461B693146384666
:10D1800098476368042BE7D100236360EB7C002B96
:10D19000E2D005EB8303F1001869002241F002019F
:10D1A000043001F0F1FB0028D6D04268234629461E
:10D1B0003846BDE8F041FFF781BF00BF4C37060895
:10D1C000F0B593B0054668460E4617461C46F3F781
:10D1D00011F840B93A4631462846FFF7AFFFF2F75B
:10D1E000DFFF13B0F0BD002CFBD1019B0449186890
:10D1F0000AF07CFD0028F4D10198F3F713F800BF82
:10D20000B821060808B519B903F0A3FFF3F70AF827
:10D2100003F0A4FFFAE70EB403B503AA52F8041B07
:10D22000019203F0C9FFF2F7FDFF000070B5124E46
:10D23000C4000546306944F002040022214604304F
:10D2400001F0A2FB0246A0B9F06E30B121460430D5
:10D2500001F09AFB08B1406870BD024621460748BC
:10D2600001F092FB024620B9054906482A46FFF71D
:10D27000D2FF5068F0E700BFBC04002088330608E6
:10D28000B7C50508BC2006080A4B10B50446D3E90B
:10D290000303984207D0E100002241F0020104306C
:10D2A00001F072FB20B92046BDE81040FFF7BEBF79
:10D2B000406810BDBC040020032837B505460C4665
:10D2C00008D1084601F0E2FF002814BF0E201E20FE
:10D2D00003B030BDCA0723D54B1008281ED8DFE89D
:10D2E00000F0050E1D1D071D050C05002046EFE78B
:10D2F000002B14BF1E200E20EAE7002BF6DAB3F154
:10D30000404F06D14FF0804003B0BDE8304005F0FB
:10D3100067B95842400040F00100D9E7D843F9E727
:10D32000062822D101F00703022B11D08B071CD154
:10D330000B681A7BCAB103EB82031A691E4B9A422F
:10D3400013D148680028E5D18B68C868019308E0CC
:10D35000C808F3F7ABFE0028DCD101A9E008F3F719
:10D36000C5FE0199F3F790FDD4E7204601F050FD8A
:10D37000C37AC3B100EB830021460369284698476E
:10D380000028A5D1042D12D0A5F10803022B10D935
:10D390000A4B20465D5D01F047FD094903462A46D8
:10D3A0000848FFF738FF062DECD16000B3E71E20D8
:10D3B0008EE700208CE700BF75570308123206087D
:10D3C000C3C50508E41F06082DE9F04104460E46D2
:10D3D0001746984601F01CFD857A55B100EB850093
:10D3E000434605693A4631462046AC46BDE8F04121
:10D3F0006047204601F018FD024902460248FFF747
:10D400000AFF00BFCCC50508E41F060800231A4622
:10D410001946FFF7D9BF0000F0B51546124A87B08C
:10D420000C46116904910646D168059102A80F497E
:10D43000C2E90335F2F7BCFE22463768314668463A
:10D44000F6F71AFFB4FA84F2520939466846F9F73A
:10D45000C5FF044615B1FFF7D9FF04460120F2F7D6
:10D46000AFFE204607B0F0BDBC0400203DCF02084F
:10D4700007B50022019101AB0121FFF7A5FF03B021
:10D4800000BD07B5CDE900126B4600220221FFF76F
:10D490009BFF03B000BD30B45468003C154618BF74
:10D4A0000124C4F1020302EB83030A462118286811
:10D4B00030BCFFF789BF000010B5044603F0F2FE50
:10D4C00030B1002320461A461946FFF77DFF044677
:10D4D000204603F001FF28B9BDE810400249034887
:10D4E00003F03CBE204610BDD2C50508E41F060867
:10D4F0007FB5104B0592C00040F002000190186902
:10D5000002900620CDE90301D86E70B1002241F6E9
:10D510005231043001F038FA38B1406801AB0022D2
:10D520000521FFF751FF07B000BD01A905200BF051
:10D53000AFFCF8E7BC04002070B5164604460D4663
:10D54000FFF7FCFD336893B9A30709D12268084BA4
:10D550009A4205D1E28807492B460748FFF75BFE50
:10D56000204601F061FC054902462B46F5E770BDF7
:10D57000BC310608F3C50508B8210608FCC5050836
:10D5800007B56A46FFF7D8FFDDE9000109B102F0EF
:10D59000C9FC03B000BD00002DE9FF411746064657
:10D5A0000C461D4601F034FC374A904208D12B4608
:10D5B0003A462146304604B0BDE8F04104F020BCB4
:10D5C000818811F4C07816D0062C2ED12F4F00235D
:10D5D0003B62FFF7BBFC034630469847286018B112
:10D5E000012004B0BDE8F0813B6A834218BF1C46AD
:10D5F0002C600020F5E7062C17D101AA192130462E
:10D60000FFF79CFD019B63B901AA8A213046FFF711
:10D6100093FF039401AA00210120FFF73CFF28603B
:10D62000DEE701AA41464046F7E7002CECD1384638
:10D6300001F0EEFB16490AF059FB01AA60B147213F
:10D640003046FFF77BFD019B73B101AA21462046BE
:10D65000FFF721FF2860CCE79B213046FFF76EFDE6
:10D66000019B0BB10397D5E70A49384603F048FE02
:10D6700030B10949094803F071FD28600220B0E784
:10D680003846FFF719FFF8E7B4240608BC04002069
:10D69000D82206086C22060804C60508742006086D
:10D6A0007FB5002302AA40F261310546FFF788FDED
:10D6B000029CDCB1204601AA694601F04BFD002422
:10D6C000009BA34201D804B070BD019B53F8240015
:10D6D00007F0FAFD02AA014606462846FFF72CFF8E
:10D6E00002993046FFF7C2FC0134E9E7284602AA56
:10D6F00040F26731FFF720FF029DAB68A342E2D9F9
:10D70000EB6853F8340088B104280FD007F09EFF6F
:10D7100003785F2B0AD0EB6853F8340007F0D4FD90
:10D72000EB6803EBC4035968FFF7A0FC0134E4E79E
:10D7300073B505460C46164601F06AFB437B5BB1A8
:10D7400000EB830004220369CDE9002621466A46E6
:10D7500028469847009B43B1284601F065FB0449E1
:10D76000024623460348FFF756FD02B070BD00BFD6
:10D77000FCC50508B821060873B50C46064601F03D
:10D7800047FB83881906054632D4C37BB3B14CB935
:10D7900000EB83031A69174B9A4203D01020F2F76B
:10D7A00069FD0446EB7BAA8805EB8303D2051B6960
:10D7B000214648BF1B683046984778B96A460F2112
:10D7C0003046FFF7BBFC009B53B11CB91020F2F7A9
:10D7D00051FD04462146684604F000FC02B070BDCD
:10D7E000304601F021FB044902460448FFF713FDCF
:10D7F0003046F3E7817103081BC60508E41F0608DD
:10D8000037B5054601F004FB818811F4C0740AD0D5
:10D81000104B00221A62FFF799FB0346284603B01B
:10D82000BDE8304018476A4619212846FFF786FCB4
:10D83000009B3BB9284601F0F7FA07490246074822
:10D84000FFF7E9FC6A4621462046FFF724FE03B0B5
:10D8500030BD00BFBC04002028C60508E41F060830
:10D8600030B5054695B000F091FF284601F0D0FA9A
:10D87000848814F4C0740AD01B4B00221A62FFF78C
:10D8800065FB0346284615B0BDE8304018476A4698
:10D8900019212846FFF752FC009BE3B102A8F2F7DA
:10D8A000A9FC014640B96A46FFF7F5FD0446F2F7C8
:10D8B00077FC204615B030BD039B0C4918680AF070
:10D8C00015FA0346039823B103F016FC064B1862C1
:10D8D000EFE7F2F7A7FC284601F0A6FA0449024652
:10D8E0000448FFF798FC00BFBC0400206C22060827
:10D8F00028C60508E41F06082DE9F04F8DB013680F
:10D900000393002853D102F104090546C1F307240B
:10D91000630053FA81FB5FFA81F859F82B707F108E
:10D920005BD13E464FEA8803029309EB880A09EB74
:10D930008B03019352464FF0000B019B9A4250D14A
:10D9400004EB0B03009308F1010B002F5DD10BEBEF
:10D950004306B000F2F78EFC044615B10560D846C8
:10D960000127029A494604EB87001DF0B7F84546A7
:10D97000009B05EB4307B74205D92046B900F2F7F3
:10D9800094FC3E4604462F46019B534540F08C8054
:10D990007A1B2946234652080398FFF715FD0546D2
:10D9A0002046F2F78FFC28460DB0BDE8F08F556891
:10D9B00002F10809AAE727FA0AF3D80708D559F8A7
:10D9C0002A0001F045FC18B101F01CFB01380644A7
:10D9D0000AF1010AD045EED1A4E74FF0000A5646FD
:10D9E000F8E7116879B9506868B181070BD101680F
:10D9F000654B994207D1009203F0C7F90BF1FF3351
:10DA0000009A03EB000B083297E7009B5E4406EB9D
:10DA10004306B000F2F72EFC04460DB10560012567
:10DA20004FF0000BD845A3D027FA0BF3DA0759F8CB
:10DA30002B0035D5830716D10368544A934202D090
:10DA4000534A93420FD108AA07A901F083FB079A12
:10DA5000089904EB850092001DF040F8079B1D44D7
:10DA60000BF1010BDEE708A9FFF786FEA8EB0B031D
:10DA7000049002930498FFF7F3FE03460028EFD0CA
:10DA8000029A2A44B24207D3F10020460593F2F7E6
:10DA90000CFC059B0446760044F825300135E9E787
:10DAA00044F825000135DBE7DAE90019002962D1E5
:10DAB00019F0030827D1D9F80020334B9A4222D11C
:10DAC000D9F80820904502D30AF1080A5CE7D9F892
:10DAD0000C2052F838004FEAC80B88B104280FD048
:10DAE00000F00702022A01D008F0A6FD44F8270042
:10DAF000D9F80C205A4404EB870152684A60023777
:10DB000008F10108DCE708AA6A214846FFF714FD7E
:10DB1000002108AA0846FFF7BEFC0021FFF72CFEF3
:10DB200083465846FFF79CFE80460028CCD07A1CDE
:10DB3000964205D8F1002046F2F7B7FB760004467E
:10DB400008F00702022A03D0404608F075FD80461F
:10DB500008AA0F214846FFF7EFFC08AA0021012080
:10DB6000CDF82880FFF797FC04EB870244F8278064
:10DB700002375060D5E704EB870244F827100237DC
:10DB8000C2F80490A0E700BFD81E06082831060896
:10DB90000827060870B5830786B00C4615461BD1CA
:10DBA00003681D4A934202D01C4A934214D102AA30
:10DBB00001A901F0CFFA019BA34227D319D8029BF8
:10DBC000043D03EB84049C4201D106B070BD54F8BF
:10DBD000042D45F8042FF6E702A9FFF7CDFD002339
:10DBE0000646A3420193304606D3FFF739FE0028CC
:10DBF000EBD00B4922460BE0FFF732FE30B1019B20
:10DC0000E11A0139013345F82100EAE7019A054993
:10DC10000548FFF700FB00BF283106080827060863
:10DC20004BC6050836C605089C1F06082DE9FF41AE
:10DC300015468207CEB2C1F3072432D10368364AB3
:10DC4000934202D0354A93422BD10290029803AA04
:10DC500001A901F07FFA01983319834256D8820056
:10DC60002B4605EB84084345039910D1801B01EB3B
:10DC70008601001B05F0F8F945F82400B700043FC1
:10DC80003B1D09D10023029304B0BDE8F081043AA2
:10DC9000895843F8041BE6E7039BDB5948F8043F27
:10DCA000EDE70021FFF768FD00230746B34201932B
:10DCB00017D30021084605F0D7F906463846FFF786
:10DCC000CFFD0146C0B9B368A3421FD345F8246015
:10DCD00005EB840205EB8301AA4211D11B1BB36043
:10DCE000D2E73846FFF7BCFD80B1019BF21A22440F
:10DCF000013345F82200D9E7304604F024FFDDE780
:10DD0000F768881A385842F8040DE5E7019A044983
:10DD10000448FFF780FA00BF2831060808270608E4
:10DD200036C605089C1F06082DE9F04784B000AFF1
:10DD300007F1080204460E46FFF700FAD7E9020190
:10DD400029B102F0EFF81037BD46BDE8F087002892
:10DD5000F9D107F1080240F26B312046FFF7EEF9E6
:10DD6000BB6823B91E491F483246FFF754FA07F132
:10DD7000080220461721FFF7E1F9391DB86807F0BE
:10DD8000D7FC82463046F3F79CF9D7F8048008F1B7
:10DD900001054419E31D23F00703ADEB030D6B46AA
:10DDA000424651464FEAD30968461CF097FE2E239F
:10DDB00008F839303046F3F78EF980463046F3F7ED
:10DDC00080F9414602460DEB05001CF087FE214616
:10DDD0006846F3F7C1F801221E21FFF789FBB2E77D
:10DDE00065C605087021060808B50446F2F746FB2B
:10DDF00018B104490448FFF705FA044902482246CD
:10DE0000FFF709FA6BC60508E020060892C6050868
:10DE1000014608B50148FFF7F5F900BF9C1F060849
:10DE20002DE9F043831E87B007460D469146062B29
:10DE300043D8DFE803F00C42420C4204120049458B
:10DE40000CBF1E260E26304607B0BDE8F0834A46BA
:10DE500007B0BDE8F04301F041BA484603F022FAAA
:10DE600040B14946284603F04BFA002814BF1E264D
:10DE70000E26E8E719F0030640F03481D9F80020B7
:10DE8000AB4B9A4240F02E8109F10408D9F80430D6
:10DE9000B34201D80E26D6E758F8044F204603F0C7
:10DEA00001FA002800F01F812146284603F028FAD5
:10DEB000002840F07C810136E8E7E90740F1308135
:10DEC00019F0010F4FEA650800F0F9804FEA690484
:10DED000232800F20781DFE810F0D800DD000501FB
:10DEE000E200E700050105010501050124002F00FE
:10DEF0003200350065006E007100740005017A0083
:10DF0000820094009C0024002F0032003500650040
:10DF10006E007100740005017A00820094009C007C
:10DF2000BF0048EA040090EA40034FEA400600F1CF
:10DF3000C08046F0010686E788EA0400F3E708EAB5
:10DF40000400F0E7002C02DA7A48FFF761FF1F2C8B
:10DF500009DC6FF040432341434504DB4FF040436D
:10DF6000234143451BDD4046C11704F029FB05460C
:10DF70004C46284600F04CFF037B002B40F0E88025
:10DF8000A7F10903DBB20C2B00F2EE8023460D371C
:10DF90002C46FFB21D462B4625461C46E9E708FAEB
:10DFA00004F0C0E7002CCFDB1F2C2046A8BF1F20A9
:10DFB00048FA00F0B7E708EB0400B4E7A8EB040068
:10DFC000B1E788FB0404B4EBE07FACD0CBE7002CD6
:10DFD00000F0EF80214640460EF070F9A3E7002CD8
:10DFE00000F0E78007EE908AB8EEE70A07EE904A65
:10DFF000F8EEE77A80EE270A07B0BDE8F04303F0B9
:10E0000081BA002C00F0D580214640460EF048F938
:10E0100089E7002C1DDA07EE908AB8EEE70A494638
:10E0200007B0BDE8F04303F0D7BA43460120E2074A
:10E0300007D580FB0302B2EBE07F94D1012C3FF4C3
:10E0400072AF83FB0332B2EBE37F4FEA6404EED09E
:10E0500089E7EAD1012066E7002C00F0AA800021C0
:10E06000022008F07FFE2146064640460EF026F9C3
:10E07000400040F00100B060214640460EF010F92B
:10E08000400040F00100F060DDE6A045B4BF1E2670
:10E090000E26D8E6A045CCBF1E260E26D3E6A04508
:10E0A000D4BF1E260E26CEE6A045ACBF1E260E26E9
:10E0B000C9E6C11707B0BDE8F04304F081BA19F012
:10E0C000030F2DD1D9F800301B4A93421BD107EE24
:10E0D000908A4946B8EEE70A03F07EFA0646002821
:10E0E0007FF4B1AE4C46154B2846DE5D00F09CFE39
:10E0F0000546204600F098FE114900902B46114835
:10E100003246FFF788F8104A934209D107EE908A09
:10E11000DFED0E0AB8EEE70A494602F09FF8DDE7A8
:10E12000062F2B4602BF24274D46994620E700BF05
:10E1300028310608C0C6050880230608E031060815
:10E14000CEC60508E41F0608EC1C06080000000007
:10E1500000EB830022460369294638469847064665
:10E1600000283FF40DAF6EE6A7F11603DBB20C2BCF
:10E1700002D80F37FFB20EE7A7F10F03252FDBB24E
:10E180002A4622BF1F4625461446242FABD12846D7
:10E1900002A9FFF7F1FA05462846FFF761FB0028C0
:10E1A0003FF478AE214601F017F90028F4D01E267E
:10E1B00049E602490248FFF725F800BFE1C6050815
:10E1C00000220608014608B50148FFF71BF800BF0A
:10E1D000E41F06082DE9F04104460D4617461E4689
:10E1E00041B1186800F014FE6368834202D005480C
:10E1F000FFF7E8FFA06833463A462946BDE8F041FC
:10E20000FFF7E2B8EDC60508014608B50148FEF77C
:10E21000F9FF00BF5020060807B50022019101ABAD
:10E22000012102F0BBFEF1F7FDFF0000014608B539
:10E23000024809B9FEF7E6FFFFF7EEFF6C22060879
:10E2400008B500F0F1FD024902460248FEF7E3FF7F
:10E25000F7C60508E41F0608410008B5024841F06A
:10E260000101FFF7D9FF00BF9820060808B5024852
:10E2700042F2AA31FFF7D0FF7420060830B593B000
:10E28000044668460D46F1F7B5FF48B920462946D1
:10E29000FFF7EEF80446F1F783FF204613B030BDD8
:10E2A0000199024800F0EEFD0024F6E7E80E0608AA
:10E2B000044BD861B3F91C22012A04BF0022A3F841
:10E2C0001C227047BC040020EFF3108172B6084B8B
:10E2D000B3F91C22002AB6BFB3F91C224FF6FF7215
:10E2E00002F1FF32A3F81C2281F31088704700BFAF
:10E2F000BC040020EFF3108172B60C4BB3F91C2262
:10E30000013212B2A3F81C2252B9DA692AB9D3F841
:10E31000202212B993F828222AB10022A3F81C2245
:10E3200081F3108870470122F8E700BFBC04002089
:10E3300070B5EFF3108472B60F4B93F82822082AB9
:10E3400017D0B3F91C52012D04BF0025A3F81C52AD
:10E3500093F82952561C2A4402F00702283283F807
:10E36000286203EBC203C3E90201012084F3108891
:10E3700070BD0020FAE700BFBC04002030B5EFF309
:10E38000108472B60268B2B90C4BB3F91C52012D5D
:10E3900008BFA3F81C2200224260D3F824220160A7
:10E3A0003AB9C3F82002C3F82402012084F310888C
:10E3B00030BD5060F7E70020F8E700BFBC04002044
:10E3C0000228F8B52B4C11D0E3697BB1EFF3108331
:10E3D00072B6E26942B100210128E16104D183F300
:10E3E00010881046F1F71EFF83F31088B4F91C3231
:10E3F0003BB9EFF3108272B6B4F91C7217B182F315
:10E400001088F8BDD4F824624FF6FF73A4F81C32CC
:10E4100096B1D4F820526B68C4F820320BB9C4F816
:10E4200024322B682F6082F3108828469847EFF338
:10E43000108272B6AE42ECD194F82852BDB194F875
:10E44000293203F12801013304EBC10103F0070372
:10E45000013DD1E9020184F8293284F8285282F37F
:10E460001088FFF70BFFBDE8F840FFF743BF82F3CA
:10E470001088F8E7BC0400200120FFF7A1BF08B511
:10E48000FFF7FAFF30BF08BD08B5FFF7F5FF30BF53
:10E4900008BD000038B1044A1369984202D01061E7
:10E4A0001846704700207047BC04002001F00F019F
:10E4B00008290DD8DFE801F011050A0C0C0C0C0C32
:10E4C0000E0000280CBF0E201E20704704F088B8F4
:10E4D00004F0A1B8C00040F00200704708B500F099
:10E4E000E7FD10EE100A2AF02DFE41EC100B08BDDE
:10E4F00000F0DEBD08B551EC100B2AF07BFEBDE844
:10E50000084000EE100A02F0FDBF02F0FBBF000061
:10E51000F0B593B00446684616680F461546F1F705
:10E5200069FE80B986420CBF394601462B46324609
:10E530002046FFF731F80446F1F732FE012C0DD1E9
:10E54000204613B0F0BD019B2B601049286802F0F3
:10E55000D7FE0346286893B9F1F764FE002CF4D186
:10E560002B680BB906232B606EB10949304602F0C7
:10E57000C7FE0028E5D03046FEF79EFFECE702F02C
:10E58000BBFD2860F0E73046DBE700BF6C220608E1
:10E59000D8220608036803B94068FFF761B913463B
:10E5A000C1F30722C9B2FEF70FBF1FB501F00F0379
:10E5B000012B04460CD011F00E0F0BD0023B012BA7
:10E5C0000AD9012201A900F04FFF50B1019801E0E2
:10E5D00000F05CFE04B010BD04B0BDE8104000F0D7
:10E5E0001DBD204600F01AFDF4E708B528B1062845
:10E5F00003D0FEF761FFF1F715FE08BD10B50C461C
:10E6000019B9BDE81040FFF7B7B8FFF7B5F8844275
:10E610001CBF0023C4E90030002010BDB0F5996F85
:10E6200017D240F2C343984209D85E281DD07528FE
:10E630001DD03E2814BF4FF0FF3001207047A0F2DC
:10E64000C540022815D8DFE800F00C0E02000520B6
:10E65000704740F25C53984214BF4FF0FF300320E4
:10E66000704706207047072070470220704700203F
:10E6700070470420704738B503460D46144661B113
:10E6800052B111462846984760B16B683BB96C603F
:10E6900045F00103AC60E3602C46204638BDAB6812
:10E6A000DC60F5E76368EB606560002BF5D144F052
:10E6B0000103A560EB60F0E7F8B5064631B100252F
:10E6C00011F0010304D00023EB6029460846F8BD91
:10E6D000CC68CB6014F0010307D1E768E360224601
:10E6E0003046FFF7C8FF3C4601460A4630462946F9
:10E6F000FFF7C1FF21460546E2E78A422DE9F041D6
:10E700000F4606D1002351685360BDE8F041FFF782
:10E71000D3BFD66896B11446E468E307FCD524F06D
:10E72000010406F001086368934216D15168002382
:10E7300039B9884518BF0E466660D1603846BDE8D5
:10E74000F0815360D360FFF7B7FF05466060EE606D
:10E75000B8F1000FF2D0A560F0E71D46DB689342E8
:10E76000FBD100225968DA605A60FFF7A5FF002844
:10E77000EDD0E8600546EAE7034B82B0186801ABCC
:10E78000C01A02B0704700BFBC04002007B5054A9C
:10E790001368526801A95B1A9A4201D8FFF766FD17
:10E7A00003B000BDBC04002008B5034621B1D10769
:10E7B00002D40F48FFF706FDC2F34F00B0EB524FF3
:10E7C0004FEA524106D1994210D00A4609490A48F7
:10E7D000FEF721FD994204D9CA1A07480749FEF7F6
:10E7E0001AFD984202D206490246F0E708BD00BF72
:10E7F000FEC6050808C70508E41F06081AC705086D
:10E8000022C705082DE9F74FDDE90CA50024814654
:10E810008B469046019326462746019B9C4204D195
:10E820004F453AD22248FFF7CDFC4C450FD2BAF8FB
:10E8300002209205F6D45BF8240001379AF80220F2
:10E84000012A23D100F022FD05F8240017E0BAF8D0
:10E850000010C900002241F00201404600F094F887
:10E8600088B9BAF80220D30505D5BAF800201149B5
:10E870001148FEF7D0FCDAF8042045F824200134D2
:10E880000AF1080AC9E740680136D7E7022A01D130
:10E8900000F0B8FB45F82400F1E7D8F80030B6EBFB
:10E8A000D30F01D20548BEE703B0BDE8F08F00BF2B
:10E8B0003DC7050838C70508E41F060847C705080F
:10E8C00070B586B00446154602EB800203A81E46CA
:10E8D00000F031F80B9B01930A9B009303AA334687
:10E8E00029462046FFF78EFF06B070BD08B50148E7
:10E8F000FFF78AFC51C70508074900220B888342AD
:10E9000008D20132222A01F10201F7D100EB5000B6
:10E9100040F0010318467047E41A060810B5044693
:10E92000416019B90123A160236010BDC800F1F74F
:10E93000BAFC0146F6E74160C90041F007010160F9
:10E940008260704703789B0710B5044602D4806844
:10E95000F1F7B8FC2368002262F3DF0362602360F2
:10E9600010BD03789B0710B5044602D48068F1F708
:10E97000A9FC236803F0040343F001032360002390
:10E98000C4E9013310BD00002DE9F04F022A85B023
:10E9900004460E46924612D0426882B1994BC1F3AA
:10E9A00086010B4493F82A32B3FBF2F102FB1133D8
:10E9B000826802EBC30552F83330B3427FD023782C
:10E9C00013F001030093237810D006F00702022A07
:10E9D0000CD016F0030203D130688B49884204D072
:10E9E000BAF1010F02D0002569E000925B076CD5F7
:10E9F0002768A56827F007072F44BD4232D3BAF134
:10EA0000010FF0D1D4E90032B2EBD30FC3F3DC0134
:10EA100011D104316160A068C900F1F746FCD4E966
:10EA20000032A2EBD30223F00703A060D200002142
:10EA300018441CF09DF82368A168C3F3DC02501C45
:10EA400060F3DF03236001EBC20541F8326006F09A
:10EA500007060022022E6A6031D0237862F3000399
:10EA600023702CE02868B04205D0009B5BBB314688
:10EA700000F0B2FC38B3BAF1020F17D12368D5F811
:10EA80000480083B7A1B05F108012360083A2846F8
:10EA90001CF058F82568A368C5F3DC0225F00705CB
:10EAA0001D44002143F83210C5F80480554BC6F3CD
:10EAB00086061E44A368EB1ADB1086F82A32284625
:10EAC00005B0BDE8F08F083597E763682BB9BAF158
:10EAD000010F88D1204600F099F806F0070BBBF132
:10EAE000020F2BD1F008F2F7E1FA80466368B8FB19
:10EAF000F3F703FB178701974FF00009A26852F85C
:10EB00003750FB00029302EBC703F5B9BAF1010FCE
:10EB1000D5D12268C2F3DC010131A94518BF4B46AB
:10EB200061F3DF02BBF1020F2260C3E9006503D08D
:10EB3000227865F3000222701D46C0E731460620A8
:10EB4000FEF7BAFB4FEA6008D0E7042D20D1B9F1F7
:10EB5000000F08BF994663680137B7FBF3F203FB68
:10EB60001277019BBB42C9D1BAF1010F7FF43BAFD1
:10EB7000B9F1000F3BD0236800220833BBF1020F2C
:10EB80002360C9F80060C9F804202BD14D4696E7F0
:10EB9000B5420CD000990029DDD131462846CDE997
:10EBA000023200F019FCDDE902320028D3D0BAF1BC
:10EBB000020F0ED12168606808392160791CB1FB11
:10EBC000F0F500FB1511A06850F8311041B942F87A
:10EBD00037100C4AC6F38606164486F82A72ABE74D
:10EBE0000421F4E7237862F300032370CEE7204684
:10EBF00000F00CF86368B8FBF3F703FB1787019785
:10EC00007CE700BFBC040020E02F06082DE9F0419E
:10EC1000D0F80480044608F10100FFF76DFE0546B8
:10EC2000C000A768F1F73FFB2368656003F00603A7
:10EC300043F001032360A0603D1D0026464504D13A
:10EC40003846BDE8F041F1F73DBB55F8041C39B139
:10EC5000042905D001222046FFF796FE2B68436069
:10EC600001360835EAE710B5002304460160436029
:10EC70008800F1F718FBA06010BD03682DE9F74F7D
:10EC800005468946924623B912F0010F66D000F07E
:10EC900067F849460620FEF70FFB2B684FEA60082D
:10ECA000B8FBF3F403FB14840AF00103A346002627
:10ECB0000093A86850F82470A20000EB840167B9A3
:10ECC0001AF0010F38D06B68BE4218BF31460133CD
:10ECD0006B60C1F800904F462EE0042F13D1002E38
:10ECE00008BF0E462A680134B4FBF2F102FB11445E
:10ECF000A345DED1009B8BB336B36B6801336B60E9
:10ED0000C6F80090E7E749463846019200F064FBF8
:10ED1000019A0028E6D01AF0020F0DD06B6828681F
:10ED2000A968013B6B60631CB3FBF0F500FB153376
:10ED300051F8233023B98B50384603B0BDE8F08F2B
:10ED4000042341F82430F7E7284600F009F82B683F
:10ED5000B8FBF3F403FB1484A346AAE70027EBE710
:10ED6000F8B5076886680546781CFFF7C5FD0024DE
:10ED700028606C608000F1F796FAA860BC4204D16C
:10ED80003046BDE8F840F1F79DBA56F8241029B195
:10ED9000042903D001222846FFF76FFF0134EDE775
:10EDA00070B5046800239C4201D1002114E08568FD
:10EDB00055F823105A1C89B104290FD04668013E2A
:10EDC0004660B2FBF4F004FB102255F82220002A22
:10EDD00018BF042245F82320084670BD1346E2E719
:10EDE00010B504468068F1F76DFA0023C4E90033DA
:10EDF000A36010BD704710B50C46F1F73BFA0460F4
:10EE000010BD10B50C46F1F743FA046010BD0000C8
:10EE100083070FBF0068034B00F00F0053F820007A
:10EE2000704700BF281B060808B5FFF7F1FFBDE8D3
:10EE30000840C088F2F74FB970B50D460446164633
:10EE4000FFF7A4FC2846FFF7E3FF437A43B100EB4A
:10EE500083003246036929462046BDE870401847C2
:10EE6000C28803492046BDE87040F2F7C9BE00BF22
:10EE70007AC705080A4601460148FFF7DDBF00BF13
:10EE8000483F060873B5054608460E4602F024FAC8
:10EE900070B101AA6946304602F07EFA009B3BB190
:10EEA00016492846F2F7F7FA009C033C002C0BDACF
:10EEB000314628460222FFF7BFFF1149284602B01B
:10EEC000BDE87040F2F7E7BA019A0E4902EB8403FD
:10EED00028465B6852F82420F2F792FE019B03EB70
:10EEE00084039A6822B906492846F2F7D4FADCE787
:10EEF00005492846F2F784FED7E700BF7FC705081B
:10EF000049DE0508A3C70508B8C7050808B50246C5
:10EF1000FFF77EFF837A53B100EB83000649036954
:10EF20008B4204D1BDE80840104608F0B7BE181E59
:10EF300018BF012008BD00BFC57A0308830710B5BC
:10EF4000044603D10268084B9A4208D021460820A3
:10EF5000FEF7B2F910B92046FFF772F904462046D1
:10EF6000BDE8104003F0D4BCE02506081FB58307B8
:10EF7000044603D102680E4B9A4208D0214608206D
:10EF8000FEF79AF910B92046FFF75AF9044614F033
:10EF9000010303D06010E11704B010BD0821204622
:10EFA000CDE9003302AA03F0CDFCDDE90201F3E76D
:10EFB000E02506080E2838B503460C4604D1002388
:10EFC00023600125284638BD1E2801D10123F7E71B
:10EFD00010F0010502D043100B60F3E7820707D160
:10EFE0000168074A914203D103F03EFB2060E8E745
:10EFF00019460820FEF760F90028F5D1E2E700BFC6
:10F00000E025060813B501A90446FFF7D3FF10B9A0
:10F010002046FFF715F9019802B010BDC20705D4CC
:10F02000830705D10268034B9A4201D103F015BB57
:10F03000FFF7E8BFE02506080E2838B503460D4661
:10F0400029D01E282AD010F0010408D0431000EE69
:10F05000103AB8EEC00A85ED000A012419E08207D3
:10F060000CD102680F498A4202D103F067FCF2E733
:10F070000D498A4202D102F0ACFAECE719460920A8
:10F08000FEF71AF928B1830703D10268064B9A42AA
:10F09000F1D0204638BD9FED050ADCE7B7EE000A47
:10F0A000D9E700BFE025060880230608000000001D
:10F0B00013B501A90446FFF7BFFF38B92046FFF793
:10F0C000B3FE044902460448FEF7A5F89DED010A87
:10F0D00002B010BDC1C70508E41F0608F8B5054613
:10F0E0000F461646FFF7A8FF044618B10023336009
:10F0F0002046F8BDAA070AD12A680C4B9A4206D1CD
:10F1000032463946284601F0A3F80124F0E72946A3
:10F110000A20FEF7D1F80028EAD08307E8D1026878
:10F12000024B9A42E4D132463946ECE7EC1C060821
:10F1300010B50446FFF7D2FF38B92046FFF774FE3A
:10F14000024902460248FEF766F810BDCCC7050822
:10F15000E41F0608830710B50FD103680A4CA342C9
:10F1600004D143680B600830106010BD074CA34207
:10F1700003D183680B60C068F6E7FFF755FE0449CA
:10F1800002460448FEF747F8283106080827060813
:10F19000D3C70508E41F060813B50C4601A9FFF7FD
:10F1A000D9FF019BA34204D0034904482246FEF73D
:10F1B00032F802B010BD00BFDCC705089C1F06086E
:10F1C000F7B51F46D30706460D4614460DD5541015
:10F1D00001940198002823DA2844B7B100281DDBE8
:10F1E000A84228BF284603B0F0BD01A91046FFF78A
:10F1F000E1FE0028EDD12046F588FFF715FE0A490B
:10F2000003462A460948FEF706F8B84201DBA84241
:10F21000E9D3F28806490748FDF7FDFF0020E2E741
:10F22000002FDDD1F3E700BFEEC70508E41F060895
:10F2300005C8050828210608830701D003F0D0B9C6
:10F24000002801DA03F0E7B9400040F00100704700
:10F25000830710B5014608D102680B4B9A4204D1CE
:10F260008068400040F0010010BD0846FFF7D0FD67
:10F27000C37A33B100EB8300BDE810400369052079
:10F2800018471846F0E700BFB02F06080E2810B543
:10F29000044601D1002010BD1E281CD00628F9D03C
:10F2A000C20703D5013818BF0120F4E7FFF7B0FD0E
:10F2B000C37A5BB100EB83002146036904209847C1
:10F2C00020B1A0F11E0358425841E4E72046FFF761
:10F2D000BFFF0138E7E70120DDE7000005282DE941
:10F2E000F04707BF0E264FF01E091E264FF00E09ED
:10F2F000914282460C46154607D1E10751D420467B
:10F30000FFF786FD83885A074BD504F00703022BCD
:10F3100006D014F0030847D122682E4B9A420ED132
:10F3200005F00703022B35D0AB0703D12A68294B20
:10F330009A422FD023464FF001082C461D46204606
:10F34000FFF766FD027B0746002A3AD0818808074E
:10F3500004D42846FFF75CFDB84232D1BAF1050F5C
:10F3600009D1CB0607D507EB820221461369504627
:10F370002A46984760BB3B7B07EB83072A463B69DD
:10F38000214602209847E0B1BAF1020F20D0FFF7E2
:10F390007DFF03E02946204605F04FFF002808BF07
:10F3A0004E463046BDE8F08714F00108C7D0EF079D
:10F3B000C0D54E46F5E723464FF001082C461D46C2
:10F3C000BDE7B8F1000FF6D0A54218BF4E46E8E7FA
:10F3D0000646E6E7E02F060808B50A460146022081
:10F3E000FFF77CFFBDE80840FFF750BF10B50446AB
:10F3F000FFF72EFF38B92046FFF716FD02490246F7
:10F400000248FDF708FF10BD0CC80508E41F0608F8
:10F4100038B50446FFF7FCFC837B15462BB100EBA7
:10F420008300036920469847A0B9204635B9FFF705
:10F43000FBFC094902460948FDF7EDFE042D04D105
:10F44000FFF7F2FC06490246F5E7FFF7EDFC054938
:10F450000246F0E738BD00BF19C80508E41F0608DA
:10F460002CC805083EC8050838B50546FFF7D0FC8E
:10F47000037C14461BB914F004000BD138BD00EB1B
:10F48000830002F003020369284698470028F2D15E
:10F490000120F3E70148FEF795FE00BF49C80508C3
:10F4A000042803D0052807D0002070478B68002B64
:10F4B0000CBF0E201E2070478868400040F00100FD
:10F4C00070470000074B0268C1E900300023C1E922
:10F4D0000233054B9A4202BF4368C3F317238B6084
:10F4E00008467047701B0608BC1B0608F8B50D4699
:10F4F0000179044601F07F0116464020002209F000
:10F50000FDF8A268E36827682B6042436A602279AD
:10F5100002F07F01A96008498F4209D1110601D488
:10F52000B20707D46268C2F3172200FB02332B60D4
:10F530000020F8BD0120FCE7BC1B0608F8B500223E
:10F5400005460E460146402009F0D8F8074610202F
:10F55000F0F790FE094A0A4B0571012D08BF1346CA
:10F560000360436803F0FF030446C0E9013606FB6D
:10F5700007F0F0F77FFEE0602046F8BD001C0608AB
:10F58000881B06084268C36891688B4230B40AD26F
:10F590001479D16882685D1CC5601A4404F07F004C
:10F5A00030BC09F01BB9002030BC7047F8B5436887
:10F5B000FF2B04460F461AD801790022402009F09B
:10F5C0009DF8A168083105464143E068F0F76DFEFB
:10F5D0006268E060082363F31F226260A26802FB96
:10F5E00005560021C5EBC50230441BF0C1FA207955
:10F5F0003B46D4E9022109F0CBFAA3680133A360AA
:10F600006368A3F5807363600620F8BD70B50E795A
:10F61000012E05460C460ED11949F1F73CFFD4E9FD
:10F6200002213346284605F0ABF928461549BDE8C6
:10F630007040F1F730BF14493246F2F7E1FAA3689F
:10F64000002BF2D011492846F1F725FF0026A368C8
:10F65000B34204D80E492846F1F71DFFE5E71EB175
:10F660000C492846F1F717FF3246E168207909F086
:10F67000B5F8012201462846FFF7DEFB0136E6E732
:10F6800057C80508DCE5050863C805086EC8050805
:10F6900055DD050872C8050810B5144612686AB928
:10F6A00040F2534399420AD10179402001F07F0191
:10F6B00009F024F8400040F00100206010BD042350
:10F6C0006360FBE72DE9F04F054689B00E4614460E
:10F6D000002A00F0DF8011F003078068DFF848A2FD
:10F6E00040F0ED800B68884A934240F0E88002AA1F
:10F6F00008F041FC10B98548FEF786FD2979042CF5
:10F7000001F07F013A464FF0400000F0A48008F07D
:10F71000F5FF14F00302064663D121688B7B002BB2
:10F7200050D001EB83031869794B98424AD1217973
:10F73000402001F07F0108F0E1FFB04202D075489F
:10F74000FEF766FB23685345D4E9029B46D1636804
:10F75000C3F3172806FB08F8DDE902032A68EF68FF
:10F760001B1A5245A9EB03043DD195F90420002A48
:10F7700080F2B780002CE2D16A68C2F3172206FB40
:10F78000027706FB09F20BEB080106FB0070019300
:10F790001BF0D8F90399AA680298521A4844724398
:10F7A00006FB017106FB00701BF0CCF9019BA868F9
:10F7B000A3EB090220447243002106FB00701BF0FA
:10F7C000D7F93BE0544B99420BD1012EB7D105221A
:10F7D00005A92046FFF748FEDDE905B94FF000080E
:10F7E000BAE74E4888E7002CCBDD6B68B4EB132FEB
:10F7F0002FD9A968214471433846F0F756FD6B684C
:10F80000E86064F31F2382466B60BB4508BF8346F4
:10F810000298AA68039948442244121A724301FBD1
:10F8200006A106FB00A01BF08DF9029806FB09F269
:10F830000BEB080100FB06A01BF084F96B68C4EB1E
:10F84000132262F31F236B60AB682344AB60062472
:10F8500020E0BA46DCE708F051FF2A68029B5245D7
:10F8600006461BD1B3F1807F03DB2D492D48FDF700
:10F87000C9FC1020F0F7FEFC044695E80F0084E870
:10F880000F00029A02EB112363F31F216160039BB7
:10F890009B1AA360204609B0BDE8F08F0399287930
:10F8A000C91AFFF74BFEDDE90232E968D21A0446B5
:10F8B000724306FB0311C0681BF010F9EAE700234E
:10F8C000324601462868FFF77BFC2B685345024609
:10F8D000287908D16B68042C02EB132205D00306AB
:10F8E0000BD40024D6E7042C07D1E96800F07F0090
:10F8F00009B0BDE8F04F08F071BFE968234600F099
:10F900007F0009F045F9A2E7D82C060875C805085C
:10F91000C5F6020899C80508B02F0608B4C805083E
:10F92000CFC8050824220608BC1B060801282DE9BB
:10F93000FF4106460F4608D08B0724D10B68244AA6
:10F94000934202D0234A93421DD1012201A9384695
:10F95000FFF78AFDB8B100223146402008F0CEFE04
:10F96000029DB5FBF0F5074629463046FFF7E6FD58
:10F970000199044605FB07F2C0681BF0AFF820466A
:10F9800004B0BDE8F0813846FFF762FCB8B145101D
:10F9900029463046FFF7D2FD002104463846FDF7E0
:10F9A000EBFE002780464046FDF75AFF034600283D
:10F9B000E5D035B919462046FFF7F8FDF3E70546CF
:10F9C000E6E73A46E168304609F0E2F80137EAE74F
:10F9D000B02F0608001C060838B50C462046114614
:10F9E00006221D46FEF7E0FE2CB92146BDE8384050
:10F9F0000120FFF7A3BD2968CA0705D48B0708D1EA
:10FA00000B680C4A93420DD10846FFF7FBFA0146FA
:10FA1000ECE701F00703022B07D1012C05D10648C2
:10FA2000FEF7D0FB054A9342F6E7BDE838400120D7
:10FA3000FFF77CBFE0250608E4C80508E02F0608AC
:10FA400038B50D461C4611462846094AFEF7ACFE5D
:10FA5000206805F0FBFD012D007804D1BDE8384099
:10FA60000021FFF76BBD6168BDE83840FFF75EBF5E
:10FA700004000200F0B50F4685B001A9044601223A
:10FA80003846FFF7F1FC014678B93846FDF774FEB9
:10FA900005462846FDF7E4FE014610B9062005B0EC
:10FAA000F0BD2046FFF782FDF3E7002221794020D8
:10FAB00008F024FE6368029DB5FBF0F5B5EB132F4B
:10FAC0000646C3F317221ED9A16829444143E068C2
:10FAD000F0F7EBFB6368E06003F0FF03BC42636098
:10FAE00004D1052201A92046FFF7BEFCD4E9020398
:10FAF000019900FB063005FB06F21AF0EFFFA36840
:10FB00002B44A360CAE7521B62F31F236360EDE737
:10FB1000F0B51B288DB006460C46154613D005D807
:10FB200004286DD90E283DD0002438E02428FBD1CC
:10FB3000012203A92846FFF797FC002851D0A1070E
:10FB400039D00E242BE00A68474B9A42ECD00122B0
:10FB500006A92046FFF7CAFC052209A92846FFF797
:10FB600083FC9DF8207000223946402008F0C6FD35
:10FB7000A1680A9EB6FBF0F6054631443846FFF709
:10FB8000DDFC079F069904463A46C0681AF0A6FFB6
:10FB9000E068099906FB05F238441AF09FFF2046F9
:10FBA0000DB0F0BD0A68304B9A42BDD029462046C0
:10FBB000FFF760FFF3E722682C4B9A42C1D1012284
:10FBC00009A92046FFF792FC01230093DDE9090112
:10FBD000DDE9032304F098FF002814BF1E240E243F
:10FBE000DDE7EA0702D50020FEF70EFBAB07A8D140
:10FBF0002B681F4A9342F6D01E4A9342A1D1F2E7E6
:10FC0000012206A92046FFF771FC012209A9284616
:10FC1000FFF72AFC002894D0089A012A1ED05A2AFD
:10FC20001EDC203201460B9B012B1BD05A2B01DC22
:10FC3000203301469342D6D123F00203642BD2D065
:10FC4000022E01D00029CED00A9B0093DDE90612D6
:10FC5000099B304608F0CEF90028BEE74222E0E7D3
:10FC60000021E0E74223E3E7BC1B0608001C06086E
:10FC7000E02506088023060870B5064610200D46CC
:10FC80001446F0F7F7FA054B067103604368C46049
:10FC900003F0FF03C0E9013570BD00BFBC1B0608BF
:10FCA0007FB51D46084611464FF00212FEF77CFD57
:10FCB000052201A92868FFF7D7FB9DF80C40029E9A
:10FCC00021460022402008F019FD019AB6FBF0F110
:10FCD0002046FFF7D1FF04462868FFF799F80D4B3F
:10FCE000984209D12A6861685368C3F3172363F304
:10FCF0001F216160D368E3602868032201A9FFF730
:10FD0000B3FB18B1237963F07F032371204604B05D
:10FD100070BD00BFBC1B060870B505460E46014607
:10FD20000120FFF70BFC2A4604463146C0681AF052
:10FD3000D5FE204670BD000038B505460C461020A3
:10FD40000349FFF758F80123C0E90135C46038BD05
:10FD5000001C0608136870B56BB94468A51C50F800
:10FD600025509C4207D055F82360B14204D102339C
:10FD700050F82330136070BD0133F2E72DE9F041F4
:10FD80008846114916460546F1F785FB371D0024C4
:10FD90007368A34205D828460C49BDE8F041F1F745
:10FDA0007ABB1CB10A492846F1F775FB58F82420A4
:10FDB00008492846F1F724FF57F8041F0122284676
:10FDC000FFF73AF80134E3E716CB0508DCE5050850
:10FDD00072C80508F8C805084B6802330A4651F88E
:10FDE0002310FFF7CBBF0E3918BF0121490041F0A6
:10FDF0000101FEF715B8052807D00E3918BF0121FB
:10FE0000490041F00101FDF757BA0020704700009A
:10FE1000032A05D10E2914BF04490549F1F73BBB5C
:10FE20000E2914BF03490449F8E700BF21C00508A3
:10FE300026C00508FBAA050826A0050838B50C460B
:10FE40002046114602221D46FEF7AEFC3CB1286852
:10FE5000FFF71CFA002814BF1E200E2038BD0E200C
:10FE6000FCE7062801BFD1E901305840400040F0CE
:10FE7000010018BF0020704702280AD188689368E3
:10FE8000984208D14868536898420CBF1E200E2043
:10FE90007047002070470E207047136813B9406800
:10FEA000FDF74CB970472DE9F84F02EB430B0BF10E
:10FEB0000104BBF1040F00AF8046894615461E467B
:10FEC0004FEA840404D92046F0F7DFF98246E8B906
:10FED000073424F00704ADEB040DEA460024504635
:10FEE000B96A40F8049B4FEA8B021AF0F7FD691CCF
:10FEF000534632464046FDF767FA054614B12046A0
:10FF0000F0F7E0F92846BD46BDE8F88F0446E6E77D
:10FF100007B5009313460A46D0E90101FFF7C3FF76
:10FF200003B000BD38B505460C460C200249FEF76B
:10FF300062FFC0E9015438BD841C060810B50349AE
:10FF400004460820FEF757FF446010BDA81C0608B1
:10FF50002DE9F04F856805EB010A04460AEB4200E3
:10FF600001EB4207052887B08846164699464FEAB6
:10FF7000870718D80DF1040804F10C01AA004046C7
:10FF80001AF0ACFD3A46494608EB85001AF0A6FD8A
:10FF90006068434632465146FDF716FA044620464D
:10FFA00007B0BDE8F08F8000F0F764F9A26804F1B3
:10FFB0000C01920005461AF091FDA0683A464946A8
:10FFC00005EB80001AF08AFDA16860682B46324676
:10FFD0004144FDF7F9F904462846F0F773F9DEE7E6
:10FFE0004068FDF7ABB80000F8B50746C81C0D46E1
:10FFF000800007491646FEF7FEFEAA00C0E901751B
:020000040803EF
:10000000044631460C301AF069FD2046F8BD00BFA9
:10001000BC1C0608D1ED017AF5EE407AF1EE10FA3B
:1000200073B504460D4624D01349144EF1F733FA44
:100030004FF0FF336320CDE9003000231A4695EDE1
:10004000010A67212046F1F7C1FB02224FF0FF337E
:100050006321CDE90031204695ED020A0023672196
:10006000F1F7B4FB3146204602B0BDE87040F1F72D
:1000700012BA034E0022E9E716CB0508FCC80508B2
:10008000FFC80508136810B5144643B940F2ED43A4
:10009000994205D190ED010A01F034FA206010BDBB
:1000A00040F23B439942FAD190ED020AF4E7000096
:1000B00008B508492DED028B0C20F0EE408AB0EE19
:1000C000608AFEF798FEC0ED018A80ED028ABDECE1
:1000D000028B08BDEC1C060808B5072842D8DFE8EB
:1000E00000F01427414104411633D1ED017AF5EEB9
:1000F000407AF1EE10FA37D1D1ED027AF5EE407A7E
:10010000F1EE10FA14BF1E210E21084608BDD1EDF4
:10011000027AFDEEE77A17EE903AD1ED017AFDEE24
:10012000E77A17EE902A53405B0043F00101ECE7B9
:10013000D1ED020A91ED010ABDE80840F1EE600A36
:10014000B1EE400AFFF7B4BF91ED020AD1ED017A9A
:1001500020EE000AA7EEA70A1AF0BCFCBDE8084092
:1001600001F0D0B90021D0E71E21CEE730B52DED4A
:10017000028B0C4685B01146204604221D46FEF730
:1001800013FBF4B1012C286826D082074DD10268F8
:100190002C4B9A4249D190ED018AD0ED028A6868D1
:1001A000830749D10268274B9A4245D1D0ED027AA4
:1001B00038EE678AD0ED017A78EEA70AB0EE480AE9
:1001C00003E0DFED210AB0EE600A05B0BDEC028B62
:1001D000BDE83040FFF76CBF00F00702022A03467B
:1001E00005D0810716D1026818498A420FD103A9A8
:1001F00005F09EFA00230093012303991A46FCF7A9
:10020000CDFA0346184605B0BDEC028B30BD0D4952
:100210008A42F7D003AA02A9FEF78AFFDDED030A9E
:100220009DED020AFFF744FFEBE7FEF741FFDFED2C
:10023000068AB0EE408AB2E7FEF73AFF70EE280A6F
:10024000BCE700BFEC1C060800000000E02F060819
:1002500043680B60836813607047000010B52DED94
:10026000048B82B0044601AA08466946B0EE409A63
:10027000B0EE608AFEF732FF20B9002002B0BDEC7C
:10028000048B10BDA01E2028F7D801A353F820F03E
:100290005F0403087B0203087B0203087B02030858
:1002A0007B0203087B0203087B0203087B0203082E
:1002B0007B0203087B0203087B0203087B0203081E
:1002C0001503030833030308A90303087B0203088B
:1002D000450303084B0303087B020308C303030819
:1002E0007B0203087B0203087B0203087B020308EE
:1002F0007B0203081503030833030308A90303085B
:100300007B020308450303084B0303087B02030831
:10031000C3030308DDED008ADDED017A79EE288A5A
:1003200038EE278AF0EE480AB0EE680AFFF7C0FE02
:10033000A4E7DDED008ADDED017A79EE688A38EE1A
:10034000678AEFE74F48FDF73DFFDDED017A9DED50
:10035000007AF5EE407AF1EE10FAB5EE407A0BD164
:10036000F1EE10FA03D148494848FCF74BFFC9EEBB
:10037000078A88EE078AD5E7F1EE10FA06D1B1EECA
:10038000499AC8EE278A89EE278ACBE767EEA76AE3
:10039000F1EE677AE7EE076A87EE266A87EEA67ABD
:1003A0008DED006A8DED017A9DED007ADDED017A2B
:1003B00068EE678A27EE088AE7EE098AA7EE898A3F
:1003C000B0E728EE080AA9EE090A1AF083FBB5EE99
:1003D000400AF1EE10FADDED018A19D1F5EE408AFE
:1003E000F1EE10FA12D1DDED007AF5EEC07AF1EE01
:1003F00010FA0BDBF5EE407ADFED257AF1EE10FA1C
:10040000F7EE008A18BFF0EE678A8BE72149ABE769
:1004100019F0CEFCF0EE490AF0EE409AB0EE480A30
:1004200017F086FDDDED007A28EEC07A27EE808A8F
:10043000A7EEA97AA9EEA88AB0EE470A19F0E8FA61
:10044000B0EE409AB0EE480A19F06EFE60EE098AEE
:10045000B0EE480A1AF0B4FA20EE098A62E7DDED40
:10046000007AF4EE497AF1EE10FA09D1DDED017A65
:10047000F4EE487AF1EE10FA0CBF1E200E20FDE6D5
:100480000E20FBE601C9050816C90508002206086A
:100490000000000023C905080B46D3ED020A93EDC6
:1004A000010A1146FFF7DABED0E902130246C86816
:1004B000834209D00869496850F8230001338B4210
:1004C00008BF0023D360704700207047044A836848
:1004D0000A60044ACB60C1E901200846704700BFAA
:1004E00040290608A904030870B5C5684268466932
:1004F00084686B1C9A4208BF0023F60705D5A34207
:1005000003D108490848FCF77DFE0669A34246F876
:100510002510C36004D101339A4208BF00238360D1
:10052000062070BD1CD0050828210608836810B578
:100530005BB14469C268E40703F1FF3307D5934216
:1005400005D109490948FCF75DFE4368F1E70469F4
:100550008360934244F8231003D103B94368013BFD
:10056000C360062010BD00BF1CD005082821060866
:1005700030B585B0054608466946FDF7FDF80446E6
:100580002046FDF76DF9014610B9062005B030BDD3
:100590002846FFF7A9FFF3E770B505460E46144657
:1005A000CAB1D5E90223991A48BF6B68006848BFF1
:1005B000C91832460023FEF703FEAB6818446B6887
:1005C000834298BFC01A2B69042C0EBF53F82040F9
:1005D00043F820400624204670BD0000F8B51E46B2
:1005E0000F46044611463846124AFEF7DDF8706899
:1005F000FEF708FD051E02DA0020FDF709FC214682
:100600001820FEF7F8FB04460023681C6060C4E96C
:1006100002338000EFF747FE022F206103D9B06854
:10062000FEF7F0FC606131682046FFF7A1FF20462D
:10063000F8BD00BF0600040008B5D0E902239A42C5
:1006400003D107490748FCF7DDFD03B94368026998
:10065000013B0021C36052F8230042F8231008BD7B
:1006600030C9050828210608042803D0052808D029
:1006700000207047D1E9020398420CBF0E201E20D3
:100680007047D1E90230C01A44BF4B68C01840001F
:1006900040F0010070470000D0E902318B4210B5F4
:1006A000024603D108490948FCF7ACFD0169002462
:1006B00051F8230041F82340516801338B4208BFB1
:1006C0002346936010BD00BF30C9050828210608E5
:1006D000042803D0052807D0002070474B68082B5A
:1006E00034BF0E201E2070474868C0F3DC00400075
:1006F00040F0010070470000044B0B60037A0B715F
:1007000043688B600023CB6008467047401E060894
:10071000062802D10B7A022B02D04968FFF7D8BF16
:10072000490041F001007047044B0B6001230B713D
:1007300000238860CB600846704700BF401E060853
:1007400010B5044904460C20FEF755FB0223037242
:10075000446010BD581E060808B503799B0702D5F2
:100760000020FDF72FFD08BDF8B50E6807460D46C1
:10077000144612B13046FFF7EFFF69682246301D7C
:10078000FEF702F908B143687BB9022F05D1022CAC
:1007900009D169680748FDF73FFDAB68012C00D11E
:1007A00043601846F8BD0623F8E7022C04BF002278
:1007B0004260F6E7042106080122FFF7D5BF0222B6
:1007C000FFF7D2BF0022FFF7CFBF10B50446FFF7F7
:1007D000C3FF201DFEF7C5F8062010BD30B50B681D
:1007E0008568AB4201D300220AE0C46804EBC3026F
:1007F00054F833400133002CF3D0042CF1D00B60BB
:10080000104630BD13B5044600F10C018068FFF7B7
:10081000E5FF60B12379012B0BD0022B43680AD08E
:10082000026869460220CDE9002306F09BFA02B077
:1008300010BD0068FBE71846F9E700007FB5174BCD
:100840000A7A0D46044653F82210F0F724FE1449A4
:100850002046F0F720FE134B00932B7A8DF80430DE
:100860006B6802930023039301266846FFF7CAFFD3
:10087000054630B90C49204604B0BDE87040F0F799
:100880000ABE1EB909492046F0F705FE0122294695
:100890002046FEF7D1FA0026E7E700BF341E06081F
:1008A00033C90508401E060836C9050872C8050880
:1008B0001FB50446FFF750FF6268072A03D81149A5
:1008C0001148FCF79FFC237913F004031CBFC2F30B
:1008D000DC0202F1FF3301A920460193FFF77EFFFE
:1008E0006368083B636003680293436803930422D0
:1008F0000023C0E9002302A9022006F033FA04B065
:1009000010BD00BF39C90508042106082DE9F74FBD
:100910000B68DFF8FC80032A0EBFD0E9029ADFF8EB
:10092000F4A0DFF8F490154618BF012543450446AE
:100930000F4605D0032D03D0DA882F49F1F760F96F
:100940002E492046F0F7A7FD002301934FF0010B3D
:1009500001A93846FFF742FF064678B928492046E4
:10096000F0F799FD3B68434542D0032D40D025491F
:10097000204603B0BDE8F04FF0F78DBDBBF1000F8E
:1009800003D149462046F0F786FD032D04D1336894
:1009900003F00702022A19D14FF0000B31682A46F2
:1009A0002046FEF749FABBF1000F03D01649204656
:1009B000F0F771FD51462046F0F76DFD71682A464B
:1009C0002046FEF739FA4FF0000BC1E79A0708D12D
:1009D0001B681A7B2AB103EB82031A690B4B9A42FC
:1009E000DAD009492046F0F756FD4FF0010BD5E764
:1009F00003B0BDE8F08F00BF52C9050856C905080D
:100A0000FAC40508DCE5050858C905087557030848
:100A1000D81E0608F1DC050872C8050810B504499F
:100A200004460C20FEF7E7F900230372446010BD72
:100A3000581E060810B5044904460C20FEF7DBF9E1
:100A400001230372446010BD581E060810F0030312
:100A50000CD10268117A31B102EB81021369044AA8
:100A60009A1A5342534103F0010070470023FAE7FA
:100A7000A10B03082DE9F3470C68164607462046EC
:100A80000D46FFF769FE3168314AC9083846FDF75F
:100A90008BFE022F12D16F683846FFF7D7FF014651
:100AA000E8B12B689F4209D00023019304F10408A8
:100AB000686801A9FFF792FE074640B90025043493
:100AC0007368AB4233D8062002B0BDE8F0873968BE
:100AD00001224046FDF758FF7B684360E8E738464F
:100AE000FCF74AFE04F1040A81464846FCF7B8FECA
:100AF0000028E3D00021FCF73FFE8046FCF7B0FE63
:100B000007464046FCF7ACFE05464046FCF7A8FE0B
:100B100017B91048FDF77CF9002DFAD00028F8D15C
:100B2000012239465046FDF72FFF4560DDE7B368E7
:100B300053F8351003EBC50739B1042905D001225C
:100B40002046FDF721FF7B6843600135B8E700BF11
:100B5000050002005AC9050810B5002204300C46F1
:100B6000FDF712FF18B903482146FDF755FB406811
:100B700010BD00BF04210608024B40F8043BFDF7FE
:100B8000CDBE00BFD81E060838B505461020EFF7C9
:100B900071FB29460446FFF7EFFF204638BD0000F1
:100BA0002DE9F041804686B000200D4616461F46CE
:100BB000FFF7EAFF0F4BC0F800809845044602BFDC
:100BC000007940F00400207155EA06030DD03B681F
:100BD000019407EB8502314603A80293FDF7ABFEB3
:100BE00003AA01A9681CFFF745FF204606B0BDE82F
:100BF000F08100BF081F0608F8B50C460546002125
:100C00006068FCF7B9FD022D064660688CBFA568D8
:100C10000625FEF71DFB50B9FFF7B6FF0446071D7A
:100C20003046FCF71DFE014618B92046F8BD4010BD
:100C3000F2E701223846FDF7A7FE4560F0E738B538
:100C400004468068FFF7A0FF236862680360237989
:100C500022F0070203F0050313434360A268E16832
:100C60000546D200C06819F039FF284638BD00009B
:100C7000F0B5162885B00C46154667D007D802286F
:100C800011D0092866D00024204605B0F0BD2428E4
:100C9000F9D1201D00222946FDF776FE002814BF59
:100CA0001E240E24F0E702F003038A072AD10A6803
:100CB0002C498A4226D10BB10E24E5E729689142DE
:100CC00022D1CDE9013301A92046FFF787FD02A912
:100CD00007462846FFF782FD064677B10028EBD08D
:100CE00031683868FEF778FB0028E5D071687868CD
:100CF000FEF772FB0028E6D1DEE7B8420CBF1E24E7
:100D00000E24C1E7002BD7D12A68174B9A42D3D1C2
:100D100063686A685340072BCED8002302930435DA
:100D200002A92046FFF75AFD064608B91E24ABE784
:100D3000316800222846FDF727FE0028BCD0416814
:100D40007068FEF749FB0028EAD1B5E70846FFF7CF
:100D500076FF0446054A02A90220CDE90245FFF7C5
:100D600089FE91E7081F0608D81E0608401F0608DE
:100D700010B40C7A012C05D1242803D110BC496889
:100D8000FFF776BF002010BC70474068C00870476E
:100D900070B504460E461546FFF7DEFC01223146CB
:100DA000201DFDF7F1FD4560204670BD13B5022200
:100DB000CDE90001044669461046FFF7D5FC204600
:100DC00002B010BD38B50C461AB9FFF7EFFF062088
:100DD00038BD042A0AD100220430FDF7D5FD18B928
:100DE00004482146FDF718FA4068F1E7FFF7D0FF05
:100DF000EDE700BF0421060813B504464068FCF780
:100E00002FFD58B1A3685A1C5B0043F00103CDE9E4
:100E10000030A2606946022005F0A4FF02B010BDB8
:100E20001FB50446084611461A4602AB01930A4B09
:100E300000930223FDF744FD21460C20FDF7DBFF64
:100E4000002104460298FCF797FC039B6060204653
:100E5000A36004B010BD00BF4C1F0608C3685A68E9
:100E6000012A70B506462AD19D68AB0727D12A68AA
:100E7000154B9A4223D1EC682378FF2B20D14A20CE
:100E8000EFF703FA044638B9104AD2F81832343B67
:100E9000492B12D9946B3434E9682046F0F790F965
:100EA000EC60204619F0A2FE0023A8606B60A968E0
:100EB0002046EFF7E9FF686001E0054BF36070BD85
:100EC0006B68002BFBD1F2E7E02F0608BC04002082
:100ED000EC300608F8B5164602F07F0732060546E4
:100EE0000C4609D47B1E012B0CD80846FDF79CFF4D
:100EF00001462846F0F7CFFA022F03D123492846AE
:100F0000F0F7C9FA2046FFF7A9FF16F07D0734D1A4
:100F1000E3680BB15A682AB928461D49BDE8F84074
:100F2000F0F7B9BA20681B4988421FD1022A1DD8A0
:100F30009868C3071AD509F0A9FC0346B0B1E26866
:100F40001549926828465210F0F75AFEE3685B682C
:100F5000012B19D90D492846F0F79DFAE368D968A5
:100F60003A462846BDE8F840FDF766BFE3685A6890
:100F7000012A02D199680022F3E7E1683246284647
:100F8000BDE8F84005F05EBEF8BD00BFF1DC050825
:100F900000DE05089820060890C905082DE9F843E9
:100FA0000E46044611463046184ADFF86C901F463C
:100FB000FDF7FAFB1020EFF768F9002814BF804610
:100FC000C8460023C8F80040C8F808302EB9104CB5
:100FD000C8F80C404046BDE8F883B51CAD00284673
:100FE000EFF753F9044638B9D9F8F0311835AB4268
:100FF000EDDBD9F810401834064BB200C4E90036D6
:10100000394604F1080019F069FDE1E7FEFF01002F
:10101000EC30060828310608E4040020F8B515462F
:10102000D0E901320F465119994204460FD3017895
:10103000D9B105F110061E44C06801223146EFF710
:101040003FF978B96568A3682070013DED1AD4E9CD
:1010500002302A461844394619F040FDA3682B4453
:10106000A360F8BD6660E060F1E7013B9D1AEEE722
:10107000024B0022C3F818229A637047BC04002078
:1010800010B5FDF7BFFF041E11DDEFF7F3F80346BF
:10109000084A906BEFF3108172B6C2F8184293635E
:1010A00081F3108808B1EFF70DF9062010BD002379
:1010B000EEE700BFBC04002038B50546FDF7A8FEEA
:1010C000007A70B12846FDF7A3FE04462846FDF7D6
:1010D0009FFE037A04EB8304024B2069C31A584233
:1010E000584138BD9D0F030810B50446FFF7E4FFD3
:1010F00000B92469204610BD10B5FFF7F5FFC3689D
:101100005B68044623B1FFF7A9FEE368986810BD49
:101110000620FCE738B51368054614464BB1B1F517
:101120005C7F05D15368062B02D10023C380236066
:1011300038BD3D2903D1FFF791FEEB68F7E7A229FF
:1011400002D0B1F57F7FF3D12846FFF7D5FF2060AD
:10115000EEE700231A461946FFF720BF73B5054690
:1011600010200E46EFF791F8044630B9104BD3F833
:101170001822332A12DD9C6B24340E4B2360304638
:1011800019F034FD0022C4E90206626001AB0121BE
:1011900028460194FFF702FF02B070BD03460246E5
:1011A0000146284602B0BDE87040FFF7F7BE00BF19
:1011B000BC040020E02F06082DE9F04306469BB052
:1011C00010200D461746EFF760F80446284619F040
:1011D0000DFD00F1010881464046EFF756F80CB1CD
:1011E000002848D1254AD2F81832432B29DD906BCC
:1011F000A3F1340800F124040123343083F0010307
:101200008DF80C300023CDE9053003AB01931C4B66
:1012100002932B78CDF81080FF2B04D1294607A824
:10122000EFF7CEFF07AD3A46294601A8F0F73AFBA3
:10123000DDE905320021D154059BA360069BE360E4
:101240000CE044B923462246214630461BB0BDE897
:10125000F043FFF7A3BE70B9C4E902950022094B21
:101260002360626007AB012130460794FFF796FECA
:101270001BB0BDE8F0830023C0E700BFBC04002022
:101280001D100308E02F06080EB403B503AA52F898
:10129000041B0192FFF790FF02B05DF804EB03B06E
:1012A0007047000083070BD10268084B9A4207D1B0
:1012B000037A2BB100EB83031A69054B9A4202D0E3
:1012C000044906F013BD0120704700BFBC31060879
:1012D0009D0F03084423060810B50446FFF7ECFEF3
:1012E00050B92046FDF794FDFFF7DCFF20B12069DF
:1012F000024BC01A18BF012010BD00BF20320608E3
:1013000038B504460D46FFF7E7FF18B12046FDF754
:101310007FFD044629462046BDE8384006F0E6BC7D
:10132000F8B50F4616461D46FFF7DEFE04468068F8
:10133000D8B90C20EEF7A9FFA060A0B9154BD3F8DF
:101340001822172A0EDD986BA0600623A3800023C5
:10135000E380E38800EB8302D91CE18040F823702E
:10136000C2E90165F8BD0323F0E7E388A1880233F1
:101370008B42EEDB074B9B6B9842F3D0033101228B
:101380008900EEF79DFF0028ECD0A388A06003330E
:10139000A380DEE7BC04002038B50D461446FFF7F5
:1013A000A3FE83681BB1C0882860236038BD18463F
:1013B000FAE737B50446A068FCF752FA019068B125
:1013C0006568062D05D001AB002201212846FBF7F8
:1013D000FBFFFDF75BFF0028EDD0019803B030BDA7
:1013E00038B50446084611464FF004121D46FDF775
:1013F000DBF921460C20FDF7FEFC2B684360044618
:1014000000216868FCF7B8F9A060204638BD13B524
:101410004FF0FF336322CDE900320C4694ED010A10
:1014200000234FF480726721F0F7D0F902B010BDAD
:1014300038B52DED048BD0ED009A91ED009AB0EE09
:10144000690AF0EE490A05460C4617F00FFB79EEE3
:10145000C07AB5EE400AF1EE10FAC7EE898AB0EE16
:10146000408A21D119EE103A9FED248ADFED247ACB
:10147000002BB8BFB0EE678AF5EE408AF1EE10FAA5
:1014800029D1C9EE897A9FED1D0A17EE903ADFED5A
:101490001C7A002BB8BFB0EE670A85ED000A84ED18
:1014A000008ABDEC048B38BDB5EEC00AF1EE10FA2F
:1014B000B5EEC09A4CBF01220022F1EE10FA4CBFEB
:1014C000012300239A421EBFF7EE007A30EE098A0C
:1014D00078EEE78AD0E7B0EE680A18F0A9FD78EE5A
:1014E000C08AF6EE007AF4EEE78AF1EE10FAD4DD67
:1014F000F7EE007A30EE270ACFE700BF00000000C9
:101500000000008008B508202DED028BB0EE408A67
:10151000EEF7B0FE80ED018ABDEC028B014B03605B
:1015200008BD00BF8023060830B50D4687B01146C0
:10153000284602221C46FDF737F935B99FED100AFF
:1015400007B0BDE83040FFF7DDBF2068012203A9E6
:10155000FDF78AFF40B10023DDE9030100931A463D
:10156000FBF71CF907B030BD2068830703D1026880
:10157000044B9A42F6D0FDF79BFDFFF7C3FFF1E75E
:10158000000000008023060891ED010A07281ED8FC
:10159000DFE800F00B191D1D041D0D15B5EE400A06
:1015A000F1EE10FA0CBF0E211E2108467047BDEE69
:1015B000C00A10EE103A590041F00101F5E710EEB3
:1015C000103A002BF1DAB1EE400AFFF79BBF002181
:1015D000EBE790ED010A704730B52DED028B0C461C
:1015E00087B0054603A920468DED010AFDF724FDCD
:1015F00020B9002007B0BDEC028B30BD232DF8D8F8
:1016000001A353F825F000BF1D180308351803087F
:101610003F180308571803086F180308F315030849
:10162000F3150308F3150308F3150308F31503086E
:10163000F3150308F3150308F3150308F31503085E
:1016400099160308AB160308B9160308F315030827
:10165000C7160308EF1603080B1703086F170308D4
:10166000F3150308F3150308F3150308F31503082E
:10167000F315030899160308AB160308B9160308F7
:10168000F3150308C7160308EF1603080B17030822
:101690006F170308E7170308DDED017A9DED037A64
:1016A00077EE877ACDED017A1CE0DDED017A9DEDD4
:1016B000037A77EEC77AF5E7DDED017A9DED037ADF
:1016C00067EE877AEEE7DDED037AF5EE407AF1EE2C
:1016D00010FA03D168496948FBF794FD03A901A8F2
:1016E000FFF7A6FE9DED010AFFF70CFF82E7DDED97
:1016F000037AF5EE407AF1EE10FAEBD0DDED016AF7
:1017000086EEA77A8DED017AECE79DED038AB5EEC2
:10171000408AF1EE10FADDD09DED010AF0EE480AA4
:1017200017F0A4F9B5EE400AF1EE10FA0AD118EE5E
:10173000103ADFED537A9FED537A002BB8BFF0EEED
:10174000477AAFE7B5EEC00AF1EE10FAB5EEC08AFF
:101750004CBF01220022F1EE10FA4CBF01230023FE
:101760009A4221D038EE008A8DED018ABAE7DDED8C
:10177000018A9DED038AF5EE408AF1EE10FA16D14A
:10178000B5EEC08AF1EE10FA08D59FED3F7AF0EE83
:10179000C87AF4EE477AF1EE10FA9BDDF0EE480AD3
:1017A000B0EE680A17F08AFE8DED010A9AE7F5EEB1
:1017B000C08AF1EE10FAF1D5B0EE480A18F038FC04
:1017C000B4EE480AF1EE10FAE8D0B4EE488AF1EE31
:1017D00010FAE3D6DFED2A0A2146B0EE680A22208D
:1017E000FEF73CFD06E7DDED037AF5EE407AF1EE1B
:1017F00010FA3FF46FAF03A901A8FFF719FE9DEDA2
:10180000010AFFF77FFE9DED030A0490FFF77AFEC1
:1018100004A90590022005F0A5FAEBE6DDED017ABA
:101820009DED037AB4EEE77AF1EE10FACCBF1E20FC
:101830000E20DFE69DED017ADDED037AF2E79DED06
:10184000017ADDED037AB4EE677AF1EE10FA0CBF9F
:101850001E200E20CEE6DDED017A9DED037AB4EE7A
:10186000E77AF1EE10FAACBF1E200E20C2E69DED25
:10187000017ADDED037AF2E7E1C6050800220608E9
:101880000000000000000080FFFF7F7F91ED010A53
:10189000910710B4034609D1146807498C4205D159
:1018A00010BCDFED060A1146FEF7D8BC10BC11468D
:1018B0001846FFF791BE00BFEC1C060800000000B0
:1018C00010B50446084611460022FCF76DFF636818
:1018D000BDE81040184770B505461C46084611463D
:1018E0004FF00212FCF760FF6A682068BDE87040A4
:1018F000104770B505461C46084611464FF00412C5
:10190000FCF752FFD4E900016B68BDE8704018474E
:1019100070B51C460546084611464FF00612FCF706
:1019200043FFD4E901126B682068BDE87040184796
:101930002DE9F04105460E4617469846FCF726FF6E
:10194000EC68043443463A463146284644F0010CDC
:10195000BDE8F04160472DE9F04105460E461746C7
:101960009846FCF713FFEC6843463A463146284652
:1019700044F0010CBDE8F041604700002DE9F04F54
:1019800083B0064600AF914679609A46FCF7FEFEAA
:10199000F26812F8013B0021C3F3C30BC3F38004C8
:1019A0001B063FD40BF1010B04EB44045C44A40080
:1019B0002C2C04F1140804D94046EEF766FC0546C9
:1019C00038B908F1070323F00703ADEB030D6D46AB
:1019D0000024DFF8788079682E604A46534628460E
:1019E000A5F80CB00AF00AFAD8F810302B61736829
:1019F00000215B68C8F81030284608F075FF2B6995
:101A0000C8F810308146D8B9AB681E682CB128469A
:101A1000EEF758FCB9F1000F15D130460C37BD4632
:101A2000BDE8F08F12F8013B4D0003F03000A840F4
:101A30004BEA000B03F00200884004430131AFE79A
:101A40006E69002CE3D13046EEF7ECFBBC040020BD
:101A50001FB5C207044602D5401004B010BD0628C9
:101A600001D10020F9E70E28FBD01E283AD08307C9
:101A700008D103681C4A93420DD104B0BDE8104060
:101A800000F0EBBD00F00703022B07D101A92046AF
:101A900003F04EFEE1E7154A9342F6E72046FDF7D4
:101AA000B7F9134B984207D12046FFF792FDFDEEA0
:101AB000C07A17EE900AD0E70E4B984202D00E4B38
:101AC000984206D1204601AA6946FDF743FB0198DA
:101AD000C3E7012201A92046FDF7C6FC00B1019C25
:101AE0002046BAE70120B8E7E0250608E02F0608FF
:101AF000802306082831060808270608F0B50546A1
:101B00000C46174685B04268394620461E46FCF70B
:101B10004BFE6B68DB0706D4AB683146204605B048
:101B2000BDE8F040184706EB8402394601A8FCF7EF
:101B300002FFAB6801AA31462046984705B0F0BDC8
:101B40002DE9F8431C46436805460F4611465A00E6
:101B500042EA43423846FCF727FEAE6846F00106EB
:101B6000032F29D8DFE807F002080D18B047E9680D
:101B7000BDE8F843FCF79ABC2068FFF769FFB0475F
:101B8000F5E72068FFF764FF07466068FFF760FF2E
:101B900001463846B047EAE72068FFF759FF074695
:101BA0006068FFF755FF8046A068FFF751FF414688
:101BB00002463846B047DAE72068FFF749FF074694
:101BC0006068FFF745FF8046A068FFF741FF814648
:101BD000E068FFF73DFF4A46034641463846B047B6
:101BE000C5E7000002681049C3688A4210B5044680
:101BF00002D00E498A4204D11A68A3680AB153F888
:101C0000223013F8012B51B20029184613F8012B8A
:101C1000F9DB10F9013B002BFBDB09F03CFF6368AB
:101C20009B6833F8100010BDFC2306082825060821
:101C300010B5144612683AB9172906D1FFF7D2FF3A
:101C4000C00040F00200206010BD40F269329142B5
:101C500002BF43685B682360F6E7000070B5054685
:101C600008460C46FFF7BEFF2346024602492846B7
:101C7000BDE87040EFF7C4BF9EC905082DE9F047E5
:101C80008946924698460446F8B10768DFB17D68F8
:101C90006468ECB1681C04300E498000FDF7ABF8B5
:101CA000C0E901A80646C0F80C902FB1AA0007F1C0
:101CB0000801103018F012FF14B1043546F8254021
:101CC0003046BDE8F0873D46E2E707460546E2E7D5
:101CD0002846E0E71C2406082DE9F8431746C268A9
:101CE000984612F8013B05460E46C3F3C304C3F3FE
:101CF000800000211B0617D404F1080300EB40000C
:101D0000184412498000FDF776F801340623C0E933
:101D100001358482814643463A46314608300AF00E
:101D20006DF84846BDE8F88312F8013B4FEA410ED2
:101D300003F0300C0CFA0EFC44EA0C0403F0020C25
:101D40000CFA01FC40EA0C000131D3E7B424060888
:101D50002DE9F8439946C3681B680F46064681681B
:101D600090460BB151F8231011F8013B0022C3F348
:101D7000C3051B061DD405F1080012498000FDF7BC
:101D80003AF8013506230446C0E9013685824B4600
:101D90004246394608300AF03BF84FF6FF73E382BB
:101DA000F3685A68134443F00103E3602046BDE83A
:101DB000F88311F8013B03F03000904005430232F4
:101DC000D7E700BFB424060808B5436813B9034831
:101DD000FCF71EF84160184608BD00BFB4C90508ED
:101DE00070B5054688680C46FFF7FCFE23460246A0
:101DF00002492846BDE87040EFF702BFC1C9050897
:101E00002DE9F04104460F4690461E46FCF7BEFC05
:101E1000E56825B9062333602846BDE8F08161688E
:101E200011B92748FBF7F4FF2369E58A04F118028A
:101E3000062908BF4146934204D1062F03D021480A
:101E4000FCF7C0F91F60204F0023204663603B6908
:101E5000A36150F8083F5A6852683A614FF6FF7222
:101E6000954213D1DB68083343F001039847C5B2AC
:101E7000A3693B61012D4FF0060363600AD0002384
:101E8000022DE3600CD023691B68C4E708F02CFD29
:101E90000546EDE722691268326022691360BBE7EC
:101EA000E0693060FCF7B4FF084905F01FFF002827
:101EB000B2D007490748FFF751F93060ACE700BFDF
:101EC000B4C90508DFC90508BC0400206C22060857
:101ED00004C605087420060813B51C4601ABFFF7BD
:101EE0008FFF0346012B01980AD0022B0AD0062847
:101EF00008BF00200CB1FCF799F9034B186220468B
:101F000002B010BDEEF78EF9BC040020022810B418
:101F10000C4606D862682068012310BC0621FFF732
:101F2000DBBF8A68062AF6D1F4E701230022FFF717
:101F3000D3BF00231A460621FFF7CEBF13B50E4AC2
:101F400001AB0621FFF75CFF012804D0022806D070
:101F5000062002B010BD09490948FBF753F9019C5E
:101F60002046FCF755FF074905F0C0FE0028EFD1D9
:101F70002046EEF757F900BF60250608FFC905089F
:101F800074200608D822060830B593B00546684686
:101F9000EEF730F9014680B92A1D0120FBF77BFAE4
:101FA000EB6823F00103023343F00103EB600446C6
:101FB000EEF7F6F8204613B030BD0198054A0368E5
:101FC000934204D0044A934201D0EEF72BF9002447
:101FD000F0E700BF6C22060828210608044B0B60BE
:101FE00003684B6043688B600123CB6008467047F1
:101FF0007025060830B58BB003AB0193134B0093EB
:102000000D46032304310138FCF7FCFB039C002C34
:1020100002DA0020FBF7FCFE214606A82D68EFF748
:1020200043F90123049A01939DF81430009340F280
:102030006A33D31A18BF0123089A2146284600F0B4
:1020400081FC06A802F008FF0BB030BD8825060809
:10205000F0B50C4685B00546052201A96068FDF77C
:1020600003FA022DDDE9012108D8012513462E4689
:102070000C4600206CB900F0CEFA10E0A06840F2E7
:102080006A339842F1D14B1E134400254FF0FF36BE
:10209000EEE7B0F5800F04D3284600F0C4F905B090
:1020A000F0BD1F78013C47EA00203344E2E700001E
:1020B00010B510EE103AC3F30F4202F4FF42B2F52E
:1020C000FF4F2DED028BB0EE408A09D1C3F316030A
:1020D0001BB914491448FBF795F81448FBF798FE10
:1020E000002B13DA33F0004213D003F1FF43B3F1B6
:1020F0009C4F0ED900F05EF9B0EE480A0446043059
:10210000EFF7E1FFBDEC028B204610BD6FF3160325
:10211000EDE7FDEEC87A17EE900A400040F00104AA
:10212000F0E700BF17CA05082422060820CA0508E0
:102130007FB50E463046114604221D46FCF734FB9F
:102140009EB3012E23D129680820FBF7B5F8044679
:10215000C0B92868324601A9FDF786F930B1DDE93A
:10216000010123460A22FAF7D9F90AE02868830711
:102170000BD102680E4B9A4207D1FFF72AFAFFF7FC
:1021800097FF0446204604B070BDFCF759F801A93A
:10219000286803F0CDFA04466868019EFCF732FF18
:1021A0000023024631462046DDE70124EAE700BF6E
:1021B0008023060838B50D4C0C4414F8014CB0FBD4
:1021C000F4F583B10A2905F1010412BFA408032321
:1021D000B4FBF3F41AB1104618F008FD0246E81CEF
:1021E0002044104438BD1C46F4E700BF082606080A
:1021F0002DE9F04F85B0DD07DDE90E769DF8404012
:102200009DF84480039281468B463CD55D1043D4B3
:1022100000230A2F019314BF0423032302933246A1
:10222000434639462020FFF7C5FFDBF800308342E4
:10223000824605D2EEF71EF8C9F80000CBF800A0E0
:10224000D9F800B00BEB0A03002103F8011C35BBE1
:1022500030219C1E03F8021C002E4BD0304618F093
:10226000C5FC201A834545D2013E014616F8013FC0
:10227000002B3CD1019B002B41D004462D23601E36
:1022800004F8013C3BE0CDE91048CDE90E7605B0FD
:10229000BDE8F04F00F09CB86D422D23B9E7013B3B
:1022A0001846A4F10A0CB5FBF7F207FB12510929F5
:1022B000CCBF614430311546441E00F8011CB8F112
:1022C000000F0ED0002AC7D0A345C5D2029A191B11
:1022D00091420AD1841EA34500F8028CBCD2234649
:1022E00003E0A345B8D2002AB6D02046DBE701F8C8
:1022F000013BBBE7019B0BB15C45BFD82046D9F839
:102300000030039A53441B1A013B136005B0BDE82B
:10231000F08F30B58DB0102206920022CDE9022256
:1023200001920A220B46054608AC009206A907AAAC
:1023300005A80594FFF75CFF01462846EFF7ABF8C8
:102340000598A04201D0EDF7BDFF0DB030BD0000F3
:102350000E2A30B413460C4603D1012230BCFBF7E1
:102360005FBD1E2A01D10322F8E71D2818D102F013
:102370000702022A10D09A0712D11A68117B29B1DC
:1023800002EB810108690849884205D007498A4261
:1023900002D007498A4203D1224619461D20DDE7B3
:1023A000002030BC704700BF75570308283106086D
:1023B0000827060810B505491020FCF71CFD044647
:1023C0000430EFF71DFE204610BD00BFE0250608D3
:1023D0002DE9F74FDDE90C679DF83C8004469868CD
:1023E000894692461D463A46434631460001FFF76C
:1023F000E1FED9F800308342834604D2EDF73AFF7C
:102400002060C9F800B024689DF83830CDE9008418
:102410003A463146281DF0F787FDCAF800002046ED
:1024200003B0BDE8F08FF8B50E4617460546FFF736
:10243000C1FF3B460446324629460430EFF7EAFE28
:102440002046F8BDC30705D540100DD414BF0120A8
:1024500000207047836853B1037913F0010F0CBF5C
:1024600001204FF0FF3070474FF0FF3070471846A3
:10247000704738B50D46082831D8DFE800F005155B
:102480001D3008300E2505002C46204638BD8B68CF
:10249000002B0CBF0E241E24F7E7081DF0F781FC6B
:1024A000400040F00104F0E7FFF784FF291D0446D7
:1024B0000430EFF705FFE8E7FFF77CFF291D04462E
:1024C0000430EFF70EFFE0E70B79DB07DCD5FFF711
:1024D00071FF291D04460430EFF7E7FED5E700241D
:1024E000D3E700002DE9F04F10F001088BB006464D
:1024F0000D46144605D1810715D102682D4B9A422D
:1025000011D115F0010705D1AA070CD12A68294B72
:102510009A4208D114F0010B08D1A30703D1226815
:10252000244B9A4202D02448FBF74CFE012C02D1E6
:102530002248FBF76DFCFFF73DFF0DF104098246D1
:10254000B8F1000F2FD071104846EFF783FD4E46CB
:102550000DF110084FB369104046EFF77BFD45467B
:1025600007AFBBF1000F22D061103846EFF772FDC4
:102570003C4623462A4631460AF10400F0F7A7FB01
:102580004E4502D13046EFF740FD454502D1284681
:10259000EFF73BFDBC4202D12046EFF736FD504637
:1025A0000BB0BDE8F08F0436D2E70435D8E7043429
:1025B000DFE700BFE025060829CA0508E1C60508CF
:1025C000D3B50F460646FFF7F5FE012304460093F8
:1025D00032463B460430EFF74EFD204602B0D0BDF8
:1025E00090EA40024FEA400302D5C117FFF7E8BF67
:1025F00043F001007047D3B50F460646FFF7DAFEF9
:1026000000230446009332463B460430EFF733FD87
:10261000204602B0D0BDB0F1804F02D30021FFF7B9
:10262000EABF400040F0010070472DE9F341044645
:102630000E4617469846FFF7BDFECDF800800546CA
:102640003B46216832460430EFF79EFD2368034481
:102650002846236002B0BDE8F081C30702D40430ED
:10266000F0F79FBB40107047C30707B502D5401075
:1026700003B000BD01A90430F0F7A6FB08B1019832
:10268000F6E702490248FAF7BDFD00BF3CCA05085B
:10269000242206082DE9F0432DED028B8046C80761
:1026A00089B00C46174625D54B10022201A902A875
:1026B000EFF7D7FC02ADF9071ED57B10022201A966
:1026C00002A8EFF7CEFC02AEB8F1200F02D0B8F1AD
:1026D000130F3DD17368002B7CD02846F0F704FC23
:1026E0003046B0EE408AF0F7FFFB88EE000AFEF7B6
:1026F00009FF20E00D1DDEE7BA0723D13B687D4AC4
:10270000934201D13E1DDFE77B4A934207D1284621
:10271000F0F7EAFB39464046FEF75EFF0BE0774AEA
:1027200093420FD12846F0F7DFFBDFED750A3946FB
:102730004046FDF793FD0446204609B0BDEC028BF0
:10274000BDE8F0833A4621464046FFF701FEF2E736
:10275000A8F109095FFA89F31A2B00F2A380FFF7A9
:1027600029FE0446B9F11A0F00F2C180DFE809F032
:10277000575E5065650E2229BF30BF447C575E50BE
:1027800065650E2229BF30BF447C8700071D324695
:1027900029463846EFF799FE05A93846F0F714FBAD
:1027A0000028C9D0059B5A0093EA4303C4D442F0E1
:1027B0000104C1E7071D324629463846EFF7C4FE3B
:1027C000EAE7071D324629463846F0F770F8E3E796
:1027D00073681BB94B494C48FAF714FD05A8271D2F
:1027E000EFF70EFC33462A4605A93846F0F71FF9E5
:1027F00005A8EFF70AFCCFE77368002BEAD005A81D
:10280000271DEFF7FDFB33462A46394605A8EDE7BD
:10281000071D324629463846EFF7DAFEBCE7071DAA
:10282000324629463846EFF761FFB5E7071D3246C5
:1028300029463846EFF7DCFFAEE73846FFF714FFCE
:10284000021E02DA3148FBF7E3FA271DB8F1190F2F
:102850002946384602D0B8F10C0F02D1EFF77AFDC5
:102860009AE7EFF7D7FD97E73378DB073FF54FAFF0
:10287000071D324629463846F0F796F88CE773680C
:10288000002BA7D0FFF796FD211D074633462A46A9
:102890000430F0F7CCF805A90220CDE9057404F066
:1028A00061FA48E731462846EFF7EBFCB8F1040F30
:1028B0001DD8DFE808F00308170D12000028B4BF88
:1028C0001E240E2438E70028CCBF1E240E2433E734
:1028D0000028D4BF1E240E242EE70028ACBF1E24DF
:1028E0000E2429E700280CBF1E240E2424E7002410
:1028F00022E700BFE025060880230608EC1C060836
:1029000000000000E1C6050800220608C0C6050850
:10291000C30707B503D5401008D403B000BD01A913
:102920000430F0F76AFA08B10198F6E70149024865
:10293000FAF768FC3CCA0508242206080430F0F7C0
:10294000D3BA00002DE9F341164682079DF8208096
:102950009DF824500C461F461CD10268214B9A4218
:1029600018D14DB1B8F1000F06D10379DB0703D5BB
:102970001D491E48FAF74FFC009623464246394649
:102980000430F0F752FA50BB4DB3194917482246AC
:10299000FAF741FCFCF736FB0346ADB1A0B1B8F144
:1029A000000F01D14045E3DB032C0DD8002CECD007
:1029B000E0000125B8F1000F0FD0013885406A42D0
:1029C0009342E2DBAB42E0DA04223146204608972C
:1029D00002B0BDE8F04106F021B88540F2E702B050
:1029E000BDE8F081E025060858CA0508242206083B
:1029F00067CA0508042803D0052807D000207047BF
:102A00008B68002B0CBF0E201E207047886840008A
:102A100040F0010070470000044B0B60044BC1E91B
:102A200001300023CB600846704700BF40290608EC
:102A3000612A030870B5836803EBD37149109B00CA
:102A40000022914201DC062070BDC468043B54F8AA
:102A50002250E65844F82260C4680132E550F0E79D
:102A6000D0E902130246886883423FBFC96851F823
:102A700023000133D36028BF0020704738B50C68AD
:102A80000B46A16819B919491948FAF7BBFB012887
:102A900018BF5A68206808BF4FF0FF320023FCF7C8
:102AA0008FFBA268E368013A53F82050A26003EB61
:102AB0008001121A9200043103EB800018F042F8F2
:102AC000D4E90232002142F82310616804290BD9AD
:102AD000B1EB430F08D94908E0688900EDF7E5FB41
:102AE0006368E0605B086360284638BD77CA050804
:102AF0002821060810B40C6802460B46D4E90210DF
:102B000010BC05F0EFBA07B5CDE900016946022017
:102B1000FFF7F0FF694601900220FFF7AFFF0620A4
:102B200003B000BD38B50025044685601021C0689B
:102B3000EDF7BBFB0423E06063601022294618F028
:102B400017F8062038BD38B50D46D0E901138B4281
:102B5000044611D3C900C068EDF7A7FB6268A368FB
:102B6000E06052006260D21A013A01339200002103
:102B700000EB830017F0FCFFD4E90232591CA1607E
:102B8000062042F8235038BD38B5044608460021D7
:102B9000FAF7F2FD05462846FAF762FE014620469E
:102BA00001B938BDFFF7CFFFF5E7F8B54C108368E2
:102BB0000546174601D5E41813D49C4294BF264617
:102BC0001E469C4288BF1C4606212846FFF7BBFFD5
:102BD000AB68E968013B9C4206DB41F826700620A1
:102BE000F8BD00263446EFE701EB830252F8042CCF
:102BF00041F82320EDE70A46D0E9021005F0A6BA15
:102C00002DE9F041032A0F4611490CBFD0F8088086
:102C1000DFF844801646044618BF0126EEF73BFC59
:102C20000025BB68AB4205D820460A49BDE8F04103
:102C3000EEF731BC1DB141462046EEF72CFCFB6897
:102C4000324653F825102046FCF7F6F80135E8E740
:102C500070C8050855DD050872C805082DE9F84F4C
:102C600007460D4690469A46FBF790FDEB1B042B5A
:102C700001DCBDE8F88FD5F80090B8F1000F04D062
:102C800049464046FAF7F4FB81462E463C4604345A
:102C9000A6420DD92168B8F1000F03D04046FAF7DB
:102CA000E7FB01464A460020FBF7BAF85045EED054
:102CB000A6F1040B5C455E4614D25BF80429B8F11A
:102CC000000F04D011464046FAF7D2FB02464946AF
:102CD0000020FBF7A5F85045ECD02368326822604D
:102CE0003360D4E723682A6822602A1B2B60F31B19
:102CF00093425346424607DA59463846FFF7AEFF3D
:102D00002E4635462746B1E720462946FFF7A6FF5F
:102D10003C46F6E71FB502AB0C460193104B0093FF
:102D2000043102230138FBF76DFD236899680129FE
:102D300013D9029AD8689DF80C30062A01F1804117
:102D400001F1FF3108BF0022002B00EB81010CBF15
:102D50001E230E230438FFF781FF062004B010BDA8
:102D60002C26060870B511F0030604460D4629D13D
:102D70000A68174B9A4225D1AB68816819444368A9
:102D8000994210D904318900C068EDF78EFAAA681B
:102D9000A368E06013441A1D62603146102200EB04
:102DA000830017F0E5FED4E90203AA68E9689200FF
:102DB00003EB800017F092FEA368AA681344A36097
:102DC000062070BD29462046FFF7DEFEF8E700BF6B
:102DD0000827060838B504290B4B0360044608464B
:102DE00038BF0420C4E9010180000D46EDF742FA26
:102DF0006268E060521B00EB85009200BDE838403D
:102E0000002117F0B5BE00BF0827060838B50546F3
:102E10001020EDF72FFA29460446FFF7DBFF204686
:102E200038BD0000F0B511F0030787B004460E4628
:102E300015467ED10A684C4B9A427AD1806803AA23
:102E400005F099F8042D18D138B9E06803A905F008
:102E5000AFF80546284607B0F0BDDDE90330C01ADB
:102E6000FFF7D4FFE368826803990546920003EBFD
:102E70008101C06817F032FEECE73C4B08B9FBF764
:102E8000C3F9002D14BF2846184602AA01A9FCF771
:102E900061F9DDE90335019AE068ED1A551B002D53
:102EA00027DDA6686368A919994206D98900EDF75C
:102EB000FCF9A668E060AB196360019A039BE068C7
:102EC00004991344EA1A324400EB8101920000EBAA
:102ED000830017F037FEDDE90210E368019A03EB87
:102EE0008000920017F02EFEA3682B44A3600625F5
:102EF000B0E70299920000EB830017F023FE0499DB
:102F0000A268039B019EE0683344521A920000EBD2
:102F1000810100EB830017F015FEA068E3682844E8
:102F20006FF003026A43394603EB800017F020FE7E
:102F3000DAE735B903A90220CDE90346FFF79EFD84
:102F4000D5E7042D2068A1684FF00003324605D173
:102F5000FCF736F9E36853F820507BE7FCF730F9CB
:102F6000E36843F82050C2E7D82C0608EC30060886
:102F70001B287FB503460D46164623D007D80428E4
:102F800042D90E283AD00024204604B070BD1D2836
:102F9000F9D103A91046FCF70DF80028F3D00398E7
:102FA000AB680028BCBF002003905843FFF72EFFFA
:102FB000C36800930446039BAA68E868042104F0F0
:102FC000C6FFE1E79107DED112681B4B9A42DAD1C6
:102FD000B368A8681844FFF719FFAA68E9680446AF
:102FE0009200C06817F07AFDA868E368B268F168DB
:102FF000920003EB800017F071FDC5E711462846EB
:10300000FFF7B0FE2C46BFE7B20703D131680A4A8A
:10301000914204D0022B0CBF0E240024B4E7B36805
:103020000093D5E90221F36805F017F8002814BFD2
:103030001E240E24A8E700BF0827060838B50C4652
:103040002046114602221D46FBF7AEFB24B920465E
:10305000BDE83840FFF7DABE0020FFF7D7FE296849
:10306000BDE83840FFF790BD38B50C460546FFF780
:10307000CDFE4CB938BDC26854F8231042F8231075
:103080000133AB42F7D1F5E70023FAE7D0E90201BB
:10309000FFF7EABF10F0030238B503D10568064C0C
:1030A000A54202D00020FBF78DF883688B4202D244
:1030B0001046FAF7ADFE38BD082706080A4608B1E3
:1030C000062802D11046FFF7A1BEFFF7E3BF2DE9A6
:1030D000F041044640688000EDF7CCF804F10808A0
:1030E000074600256168A94206D8A0683B46002231
:1030F000BDE8F041FAF768B958F8040FFAF7B0FBE9
:10310000064618B147F825000135EBE73846EDF7DC
:10311000D9F83046BDE8F0812DE9F0410C4605466E
:10312000114620460F4A9846FBF73EFBA01C294655
:103130008000FBF760FE0646D8F80030013C446092
:1031400046F8083F07460025AC4202D83846BDE89D
:10315000F0810135002158F82500FAF70DFB46F8FB
:10316000040FF1E7FEFF0500024B984201D107F082
:1031700083BB7047003E0608F8B514461268054642
:103180000E46406832BBCF0047F002073946043094
:10319000FBF7FAFB024610B14368236012E040F2ED
:1031A00067339E4201D16B68F7E70E2E0BD068683B
:1031B00072210430FBF7E8FB28B140683946FAF782
:1031C00057F92060F8BD224631462846BDE8F84050
:1031D000FFF7CABF03799B0709D50B4B9842F2D181
:1031E0000A4DE86E18B90120FDF7CEFCE86662686A
:1031F000F10041F002011AB9FDF7D8FD0023CCE738
:10320000FDF7C6FDFAE700BF84330608BC040020C2
:1032100070B5054648680E460022BA210430FBF717
:10322000B3FBB0B1406802F011FA044670680022A6
:1032300041F642310430FBF7A7FB60B1406802F071
:1032400005FA2246034607492846BDE87040EEF7D6
:10325000D7BC054CEAE7224628460449BDE8704041
:10326000EEF7CEBC7FCA050800DE050897CA050840
:1032700070B5C50001220D4845F00201FBF784FB43
:10328000446806467CB91020ECF7F4FF084B036055
:1032900004460120FDF778FC45F002026060BA2187
:1032A000FDF776FD7460204670BD00BF0C05002060
:1032B00074280608F7B51E4F0D1E4FEAC0010646DA
:1032C0004FF000021B4841F0020118BF3846FBF7DF
:1032D0005BFB0446F0B940F267539E4218D0A5B993
:1032E00069463046EDF702FF0378752B0DD1009942
:1032F00001300139EDF7E4FDC100224641F0020141
:103300003846FBF741FB044620B9204603B0F0BD28
:10331000094CFAE760686A461121F9F70FFF009B34
:1033200023B100216A460846FAF7B5F86468ECE76D
:1033300054270608E8270608003E060830B5002492
:1033400032F8145035B185420AD10A681AB953F8D7
:1033500024300B6030BD4A6843F824200023F8E78E
:103360000134EDE70620704770B5154606460C4659
:10337000FBF74EFD83889A0502D40B48FAF722FF2B
:1033800004F00703022B07D0A30703D12268074BE1
:103390009A4201D00020F1E701222146301DFBF7BF
:1033A000F3FA4560062070BDA5CA0508E02F06089F
:1033B00038B505460C46FBF72BFD83889A0502D4E9
:1033C0000D48FAF7FFFE04F00703022B07D0A3070E
:1033D00003D12268094B9A4201D00020F1E7022272
:1033E0002146281DFBF7D0FA18B905490548F9F719
:1033F00009FF062038BD00BFA5CA0508E02F060852
:10340000B3CA0508B821060807B5820706D10168C6
:10341000064A914202D183889B0502D40448FAF7F8
:10342000D1FE01A904F084FB03B000BDBC31060845
:10343000A5CA050810B50446084611460022FBF748
:10344000B3F921460420BDE81040FBF7D4BC436823
:1034500018478368184770B5054610200E46ECF7EC
:1034600009FF044695E80F0084E80F00E660204657
:1034700070BD70B5054610200E46ECF7FBFE044605
:1034800095E80F0084E80F00A660204670BD70B577
:10349000054610200E46ECF7EDFE044695E80F00B9
:1034A00084E80F006660204670BD000010B586B04D
:1034B0000446084611461A4602AB0193084B009396
:1034C0000423FBF7FDF921461020FBF794FC029B37
:1034D0004360039B8360049BC36006B010BD00BFC4
:1034E0005829060804307047032A0CBF01490249D5
:1034F000EDF7D1BFBBCA05082FA3050838B50B6887
:103500000C46DA8805490546EEF77AFB2168224623
:1035100028463831BDE83840FCF730BC9BC9050867
:1035200010B50346002053F8342F824202D14FF0E9
:10353000FF3010BD53F8044F8C42FAD00130F4E74D
:1035400038B51368054614464BB90068FFF7E8FF25
:10355000431C03D0023055F82030236038BD0249A7
:103560000248F9F74FFE00BFC0CA0508B821060897
:103570002DE9F0479246426B01EB0A05954207465A
:103580000C46984604D01F491F482B46F9F743FEC6
:10359000A81C39468000FBF72EFC4FEA84094560E1
:1035A0004A4606464146083017F098FA09F10800E5
:1035B0004FEA8A020021304417F0DAFA554408F144
:1035C0000409A54202D83046BDE8F08758F8240027
:1035D00001F07AFE01463846FFF7A2FF431C04D1F2
:1035E0000A460A490848F9F716FE06EB8000836888
:1035F00013B10A460649F5E759F8243083600234CE
:10360000DFE700BF08C70508E41F0608C5CA0508AC
:10361000D4CA05082DE9F04106460E3080008846E0
:10362000ECF741FE0546074645F8346F0024B442E6
:1036300002D13846BDE8F08158F8240001F044FE7C
:10364000013445F8040FF2E71FB5019101F03CFE8B
:103650000446019800F00703022B05D0830708D128
:103660000268174B9A4204D101A9012002F046FBDF
:10367000019003AA02A9FBF76DFDDDE90201FFF746
:10368000C9FF104A426140F2012202810E4A826162
:103690000E4AC2610E4A02620E4A42620E4A0F4B45
:1036A000826203220360C27208230D4A8380C260D3
:1036B00083740C4A0C4BC480C262036304B010BD17
:1036C000E02F060871350308FD340308156D030863
:1036D000196E030841350308E16E0308BC31060882
:1036E00004050607296C03082831060810B5D0E93F
:1036F0000142C3680348C1E90223C1E90004084646
:1037000010BD00BF202A0608C268002A034607DD54
:10371000D0E90101884208DA02445A60FEF760BF2E
:1037200003D0D0E901018842F6DC00207047D1E9DE
:10373000023249685B1A1344002ACCBF03F1FF33FD
:103740000133042893FBF2F303D0052806D00020B0
:103750007047002BD4BF0E201E20704723EAE37071
:10376000FEF73EBF70B50E46044611463046134A7A
:103770001D46FBF719F821461020FBF73CFB002300
:10378000436001239E420446C360286804D1FBF7CE
:1037900039FCA060204670BDFBF734FC60606868AF
:1037A000FBF730FC032EA060F4D1A868FBF72AFCDD
:1037B000E0600028EED10248FAF72AFB060002007A
:1037C000DDCA0508136810B514462BB9922904D137
:1037D0004068FEF705FF206010BD962901D1806882
:1037E000F7E79529F8D1C068F3E7000038B50C4633
:1037F000D1E9012309490546EEF702FAE268012AF8
:1038000005D128460649BDE83840EDF744BE2846B4
:103810000449BDE83840EEF7F3B900BFE4CA050833
:10382000DCE50508F1CA0508042A1FB50446084668
:1038300038D1D4E902136268891A1944002BCCBF2D
:1038400001F1FF31013191FBF3F1830721EAE171CD
:103850001AD10268144B9A4216D101AA00F0CCFC8E
:1038600012491020FBF7C7FAE2686368019901FB6F
:10387000023343606368029901FB02338360039B58
:103880005343C36004B010BD024600232068FBF719
:1038900097FCE268636802FB003004B0BDE81040AA
:1038A000FEF79EBE0020EDE7D82C0608F429060896
:1038B000816841B10139816049004068042241F0CA
:1038C0000101FBF7A5BD0846704737B51D46044604
:1038D000084611464FF00212FAF766FF28686A465A
:1038E00040F26D31F9F72AFC009B43B100216A4692
:1038F0000846F9F7D0FD0446204603B030BD214606
:103900000C20FBF778FA044628686060FBF76EFD30
:10391000FBF778FBA060EFE730B51C4685B00546A5
:10392000084611464FF00212FAF73EFF00232068C6
:103930000393032201A9CDE90133FBF795FD38B9C3
:103940002068FBF75FFB01300290ECF793FC0190DD
:10395000029B4FF6FD72023B934202D90020FAF718
:1039600057FA29461020FBF746FA019B4360029B59
:10397000038100238381438105B030BD032910B545
:1039800006D0042924D016221A604FF0FF331DE020
:1039900012F001030BD00189838944890B441B1B5E
:1039A00093FBF1F401FB1433003B18BF01235207D2
:1039B0000CD50189428980890A44121A013A92FB86
:1039C000F1F001FB10220AB143F00403184610BDC8
:1039D0000023FBE72DE9F84344898589984603894C
:1039E0001C44641B013C064694FBF3F003FB1044AB
:1039F000944228BF144604EB0509B9FBF3F203FB1C
:103A000012994D450F4608D970685A1B284417F083
:103A100065F833895B1B1F4400257068A9EB05021C
:103A20003946284417F05AF80023A6F80C9020468F
:103A3000C8F80030BDE8F8832DE9F843848945894A
:103A4000984603891C44641B0F4694FBF3F103FB67
:103A50001144944228BF144604EB0509B9FBF3F264
:103A600003FB12994D45064609D941685A1B294462
:103A7000384617F033F833895B1B1F440025716803
:103A8000A9EB05022944384617F028F80023A6F8C8
:103A90000A902046C8F80030BDE8F883028983897F
:103AA00041891344581A90FBF2F302FB13004000C3
:103AB00040F0010070470000820708D10068064B03
:103AC000984206D0054BC31A58425841704700200F
:103AD00070470120704700BF842C0608582C060848
:103AE000044B0B60044BC1E901300023CB60084656
:103AF000704700BF40290608D13D030808B50122E0
:103B00000430FBF7BAF8062008BD08B502220430DD
:103B1000FBF7B3F8062008BD38B5041D08460021A0
:103B2000F9F72AFE05462846F9F79AFE014600B93C
:103B300038BD01222046FBF7A0F8F4E770B5064631
:103B40000D460124B44201D3062070BD55F824105F
:103B50002868FFF7E1FF0134F4E738B5041D084693
:103B60000021F9F709FE05462846F9F779FE0146D6
:103B700008B9062038BD03222046FBF77EF8F3E79C
:103B800030B585B0041D08466946F9F7F5FD0546D0
:103B90002846F9F765FE014610B91E2005B030BD74
:103BA00000222046FBF769F80028F1D00E20F5E747
:103BB00038B5016804461020FBF71DF96168054619
:103BC0000430FBF750F86268A368E168E868AB600E
:103BD000920016F083FF284638BD38B50D46FFF732
:103BE000E7FF29460446FFF797FF204638BD38B562
:103BF0000D46FFF7DDFF29460446FFF7AEFF2046DE
:103C000038BD000010B5022204300C46FBF735F831
:103C100018B903482146FAF7FFFA062010BD00BF85
:103C20000421060808B50430FBF7DAF8062008BDC1
:103C30002DE9F8430C6880460F461AB92046FFF775
:103C4000B7FF04460125261D454502D32046BDE8A1
:103C5000F88357F82500844204D13046FBF7C0F8BA
:103C60000135F1E70021F9F787FD81464846F9F76C
:103C7000F7FD01460028F3D002223046FAF7FDFF97
:103C8000F4E708B50122FFF7D3FF062008BD0022A4
:103C9000FFF7CEBF08B50430FBF782F818B9024928
:103CA0000248F9F7AFFA08BDF7CA0508042106086B
:103CB00050F82100042818BF002814BF012000205C
:103CC000704700008A07F8B504460E4611D10D680A
:103CD0001E4BEB1A5D425D41B36863B91DB11C49CF
:103CE0002046EDF7D8FB1B492046BDE8F840EDF72C
:103CF000D2BB0025F0E71DB117492046EDF7CBFBFD
:103D000016492046EDF7C7FB002701237268BA4227
:103D100006D813492046EDF7BEFBADB11149E3E7E4
:103D2000F0683946FFF7C4FF60B11BB90E49204661
:103D3000EDF7B1FBF368012253F827102046FBF79B
:103D40007BF800230137E1E7F8BD00BF582C0608D7
:103D50009299050800CB050806CB050856C9050849
:103D6000FAC40508DCE5050872C805080528F8B599
:103D70000E460BD006280ED0042801D00020F8BD36
:103D80008B68002B0CBF0E201E20F8E788684000CF
:103D900040F00100F3E711F00305EFD10C680B4B85
:103DA0009C42EBD14F68AF4201D16000F0E7F3686D
:103DB00029461846FFF77CFF30B153F8251006203E
:103DC000F9F77AFA04EB60040135ECE7582C0608A1
:103DD0008268C16870B556680346B14201D30020BD
:103DE00008E0D5682846FFF763FF4C1C18B155F86A
:103DF0002100DC6070BD2146EFE700002DE9F041B5
:103E00000646884610200B49FAF7F5FF071D0546C0
:103E100031463846FAF727FF0024B44202D128463B
:103E2000BDE8F08158F8241001223846FAF725FF42
:103E30000134F2E7842C060888422DE9F843054650
:103E40000E46174608D11AB106242046BDE8F8836D
:103E5000BDE8F843FFF7ACBE00210846FFF7CEFFF0
:103E6000002104463046F9F787FC80464046F9F7C2
:103E7000F7FC064658B9002FE7D0E868ECF722FABD
:103E800063686B60A368AB60E368EB60DCE700220B
:103E90003146281DFAF7F1FE0028E7D031462046CA
:103EA000FFF72CFEE2E70122FFF7C6BF0022FFF773
:103EB000C3BF01220430FAF7E0BE70B50C460546D8
:103EC0001146204602221E46FAF76EFC3CB92146F6
:103ED0002046FFF793FF04462560204670BD002171
:103EE0000846FFF78BFF002104463068F9F744FCD1
:103EF00006463046F9F7B4FC01460028ECD02046CF
:103F0000FFF7D7FFF5E700002DE9F04186B0164630
:103F1000CDE900100446FFF7CFFD0246002835D159
:103F2000214801AB0121FFF7C8FF4FF0010804460B
:103F3000009D2846FFF7C0FD024650BB1A486B465D
:103F40000121FFF7BAFF012705461EB1A268AB6841
:103F50009A4226D0154B0293154BCDE9033400232A
:103F600005932E1D02A8FFF733FF014698B91E26C0
:103F7000B8F1000F02D0201DFAF732FF17B1281D4B
:103F8000FAF72EFF304606B0BDE8F0814FF000088A
:103F9000CEE70027D9E700223046FAF76EFE002868
:103FA000E0D10E26E4E700BF842C0608402906086D
:103FB000D13D03080B46002201461846FFF7A4BF77
:103FC0000022FFF7A1BF0000F7B51546CDE90012AA
:103FD0008A0707460C4610D10968594BCB1A59423B
:103FE0005941242F0E4600F09E802846FFF764FDBD
:103FF00028B90024204603B0F0BD0021F1E71C2FB2
:10400000F7D801A353F827F0EB400308FB4003085F
:10401000034103080B41030819410308F33F030858
:10402000F33F0308F33F0308F33F0308A5400308E9
:10403000BF400308CD400308F33F0308F33F0308E4
:10404000F33F0308DF400308F33F0308F33F03088F
:10405000F33F0308F33F0308F33F0308F33F03086C
:10406000B14003087D4003088B400308F33F030879
:10407000F33F0308F33F030899400308294620460D
:1040800003B0BDE8F040FFF7B2BD2946204603B0BB
:10409000BDE8F040FFF70ABF69460220FFF7F7FDD1
:1040A0000446A7E721B169460220FFF747FDA1E7D3
:1040B0002946204603B0BDE8F040FFF78EBD2946F3
:1040C0002046002EDCD0FFF748FD93E70A46204645
:1040D0002946FFF7B1FE002E08BF04468AE70A46CC
:1040E00002206946FFF7A4FDDAE7012229462046AF
:1040F00003B0BDE8F040FFF707BF01222146284684
:10410000F6E7A268AB689A4217D12946204603B069
:10411000BDE8F040FFF754BF2946204603B0BDE894
:10412000F040FFF747BF201D00222946FAF7A5FD02
:10413000002814BF1E240E245CE70E245AE700BF9B
:10414000842C06084A680149EDF75ABD9BC9050849
:104150000020704738B50D4604461049EDF79BF92D
:10416000696801222046FAF767FE0D492046EDF7FF
:1041700092F9A96801222046FAF75EFE0849204616
:10418000EDF789F9E96820460122FAF755FE204645
:104190000449BDE83840EDF77EB900BF11CB0508F2
:1041A00072C80508DCE5050813689BB9922902D19D
:1041B000436813607047962901D18368F9E7952910
:1041C00001D1C368F5E740F23D43994204BF024B79
:1041D000C2E90030704700BFF82C060870B50646EB
:1041E0000D46102003491446FAF705FEC0E90165A3
:1041F000C46070BDD82C06082DE9F0418046C06827
:1042000006280F4615461BD0FAF7FCFE041E02D105
:104210002548F9F7FDFD14DCD8F80400062833D151
:104220007E1ED8F8080006283AD0FAF7EBFE0028E0
:10423000B8BFC01940EAE070B8421EDB781E1CE02F
:104240000124D8F8040006281CD0FAF7DBFE002869
:10425000B8BFC01920EAE076BE42A8BF3E46D8F8F3
:10426000080006281AD0FAF7CDFE0028B8BFC019FA
:1042700020EAE070B842A8BF3846C5E90060AC60EB
:10428000BDE8F0810026EAE7FAF7BCFE061EB8BFDB
:10429000F61946EAE676BE42C2DAC2E73846ECE7ED
:1042A0004FF0FF30E9E700BF18CB050810B5044612
:1042B00086B00846FAF7A6FE6A4601462046FFF792
:1042C0009BFF009B5B0043F001030393019B5B009A
:1042D00043F001030493029B5B0043F0010303A935
:1042E0000320059302F03EFD06B010BD0E2801D15B
:1042F000012070471E28FBD010F00103F8D182077F
:1043000005D10068034BC31A5842584170471846FC
:10431000704700BFE025060808B50146FFF7E6FF35
:1043200038B98A0704D10868034BC31A5842584168
:1043300008BD0120FCE700BF80230608044B0B608A
:10434000044BC1E901300023CB600846704700BF31
:10435000402906085943030813B50446806800F055
:104360000703022B11D101A9C008ECF7BFFEE368D7
:10437000019A93423FBFC05C400040F0010001330E
:104380002CBF0020E36002B010BD83680193C068B9
:10439000EDE7000008B5FAF73BFDC2880349044881
:1043A000972A14BF97234223F8F735FF27CB050838
:1043B000E41F060838B5044608460D46FAF728FDFE
:1043C000084B984208D0084A9C4208BF14468442D1
:1043D00006D02846FFF7DEFF844201D00248F6E708
:1043E00038BD00BF001C0608B02F0608F8B51C4BEE
:1043F000984207460D460ED1D1E90110ECF760FD59
:1044000048B1C4002846ECF76BFF00232B6044F052
:1044100002042046F8BD69682B68AE6801319942F4
:1044200003D03046EBF741FF06466A680023B354D9
:10443000AB602B600B4B9F4205D168683146BDE8ED
:10444000F840FBF779BC39461020FAF7D4FC6968CC
:10445000816004463046ECF717FDE6606060D8E7FF
:10446000E02F0608001C06082DE9F04101F00703C3
:10447000022B86B080460C4616D101A9E008ECF765
:1044800035FE0646019902A8ECF70EFF049F0025B1
:10449000019BAB420CD82046FAF7BAFC02A9FFF701
:1044A000A5FF06B0BDE8F0818B68CE680193E9E70F
:1044B000705DC04778550135EAE7000001460148C4
:1044C000FFF7D2BF391D020801460148FFF7CCBFF4
:1044D000471D02082DE9F0478AB004460191FAF71A
:1044E00097FC04F00703022B074635D102A9E00828
:1044F000ECF7FCFD06460198830706D103683A4AAB
:10450000934209D0394A934206D0374801AB002282
:104510000121FEF793FD019004AA03A9FAF71AFE00
:10452000DFF8D480324B00249F4214BFB946C14605
:104530002546039BA34213D8294606A8ECF7B4FEF0
:10454000089C0025039BAB422DD806A93846FFF7EF
:104550004DFF0AB0BDE8F087A368E6680293CAE79A
:10456000049B53F82400FAF753FC214B984214BFE4
:104570000346434699454FEA840A02D01D48F9F79D
:1045800021FE0CB1029B1D44049B53F80A0000F06D
:104590000703022B05D1C008ECF793FD0544013455
:1045A000C7E78068FAE735B12046029A314616F02F
:1045B00095FA029B1C44049B53F8250000F0070366
:1045C000022B0CD105A9C008ECF790FD014620464E
:1045D000059A16F083FA059B01351C44B2E78368FF
:1045E000C1680593F3E700BF0827060828310608CD
:1045F000001C060839CB0508B02F0608F0B500F0FE
:104600000703022B87B004460D462BD101A9C00831
:10461000ECF76CFD06462846FAF7F4FC01990546CE
:104620003046EDF72BFB854219D9019F2D1A2F44F7
:10463000394602A8ECF738FE3A462021049816F0D5
:1046400097FA0498019A314600EB550016F046FAA5
:104650002046FAF7DDFB02A9FFF7C8FE0446204614
:1046600007B0F0BD8368C6680193D4E72DE9FF4722
:10467000824608680E46FAF7CBFB71688146FFF761
:1046800099FE306800F00703022B39D102A9C00857
:10469000ECF72CFD0446706800F00703022B33D1C1
:1046A00003A9C008ECF722FD8046029ABAF1020F76
:1046B00004EB02072FD9B368062B2AD00121009101
:1046C0004846214602F0B0F80546BAF1030F0AD079
:1046D000F368062B07D0012200922146029A484631
:1046E00002F0A2F80746039B6BBB791B2846EDF747
:1046F000C5FA0130400040F0010004B0BDE8F08789
:104700008368C4680293C6E78368D0F80C8003937B
:10471000CBE72546D9E72546E5E74146284616F08A
:104720004FFA38B901343546039AAE18BE42F4D96F
:104730006000E0E7D14504D12846EDF789FA064646
:10474000F1E76E1CEFE7DFF808A00024ECE700BFFC
:10475000E02F060801F00703022BF7B507460FD13B
:10476000C80801A9ECF7C2FC0446019B7BB1174BBA
:104770009F4202D0164B9F4212D1264600251CE0D4
:104780008B68CC680193F0E7605DB84710B90E20E4
:1047900003B0F0BD0135019BAB42F5D81E20F7E711
:1047A0000025F8E716F8010BEDF782FA28B116F8A4
:1047B000010CB84705460028E9D0019A331B9A42FC
:1047C000F0D8002D0CBF0E201E20E1E7111D0208BD
:1047D000251D020801460148FFF7BCBF9D1C0208C9
:1047E00001460148FFF7B6BFB11C02080146014867
:1047F000FFF7B0BFC51C020801460148FFF7AABF7A
:10480000111D020801460148FFF7A4BF251D02083B
:104810002DE9F04788B005228046084601A9FAF73D
:1048200023FE029904A84908ECF73EFD019D029F72
:10483000069C2F44BD4209D3069B04A9E41A4046B6
:104840000594FFF7D3FD08B0BDE8F0872E4616F8B3
:10485000019B4846EDF722FAE0B9B74202D10E4873
:10486000F9F7D6FA4846EDF737FA0028F7D095F869
:1048700001A05046EDF730FA0028F0D04846EDF799
:104880006BFAAE1C05465046EDF766FA40EA051095
:1048900004F8010B3546CDE765CB0508884230B5F5
:1048A00014D20378303BDBB2092B0FD800231360FE
:1048B0000A2510F8014B303C05FB0343814213608D
:1048C00004D00478303CE4B2092CF2D930BD012A7E
:1048D00013B50C4613D100F00703022B0BD101A92D
:1048E000C008ECF703FC019B636042232060A360D7
:1048F000002002B010BD83680193C068F3E7012077
:10490000F7E70000A12808B5024609D0B0F5AD6F61
:1049100006D0B0F5637F05D003490448F8F77BFC67
:10492000002008BD0120FCE773CB05084C210608D8
:10493000F0B5054689B0084616461F46FAF762FBF1
:10494000B0F5881F044603D30B490C48F8F75AFC0E
:1049500003AA04A80421ECF7AFFC214604A8ECF755
:104960001AFD0E9BDDE90521CDE90073284633468B
:10497000ECF7A0FD09B0F0BD80CB050824220608A5
:104980002DE9F04198468F1804460D460B4600224B
:104990009F4204D8002A14BF2226272605E0197852
:1049A000272905D0222904D1272632461A4908E0B2
:1049B00001220133ECE715F8012BB24205D117496A
:1049C00032462046EDF71CF905E05C2A0CD114496B
:1049D0002046ECF760FDAF42EDD8324620460E4946
:1049E000BDE8F041EDF70CB91F2A08D97F2A04D0A1
:1049F000B8F1000FDAD01306D8D50A49E1E70A2A40
:104A000001D10949E4E70D2A01D10849E0E7092A63
:104A1000F3D10749DCE700BF98CB050897CB050821
:104A20009BCB0508A7CB05089ECB0508A1CB0508A5
:104A3000A4CB050870B50D4615490446AE18ECF731
:104A40002AFDAE4205D820461149BDE87040ECF77A
:104A500022BD15F8012B222A01D05C2A04D10D4970
:104A60002046EDF7CDF8ECE71F2A01D90A49F7E710
:104A70000A2A02D109492046E1E70D2A01D1084955
:104A8000F9E7092A01D10749F5E70749E8E700BF37
:104A900058C9050897CB050898CB05089ECB050893
:104AA000A1CB0508A4CB0508AECB050801F0070390
:104AB000022B73B5054616460DD1C80801A9ECF7BF
:104AC00015FB0446032E0AD1019A21462846FFF71A
:104AD000B1FF02B070BD8B68CC680193F2E7042E81
:104AE000D5E9000303D1019A21469847F1E705492A
:104AF00001229847019A012321462846FFF740FFEB
:104B0000E7E700BF61C805082DE9F0479942DDF8E5
:104B10002080814692461F4613D3B8F1000FA1EBC7
:104B20000304D6BF25460025002409EB05063A46B6
:104B30005146304616F044F820B1A54201D0454414
:104B4000F3E700263046BDE8F08700002DE9F04F7E
:104B500083468BB00868CDE904230E46FAF758F96E
:104B60000746306800F00703022B14D107A9C008DC
:104B7000ECF7BCFA0446DFF8ECA0574543D0706868
:104B800008A9FAF717FA00283DD0089BFF2B06D991
:104B90003248F9F73DF98368C4680793EBE78DF86D
:104BA0002430012303930DF12409079ABBF1020F6E
:104BB00004EB02083FD9B368062B3AD001210091DB
:104BC0003846214601F030FE0546BBF1030F0AD0FE
:104BD000F368062B07D0012200922146079A384637
:104BE00001F022FE8046454509D8049B00934A46C1
:104BF000039BA8EB05012846FFF786FFE8B9059B54
:104C00004BB31748C5E738467168FFF7D3FB7068A8
:104C100000F00703022B07D109A9C008ECF766FAD8
:104C20008146099B0393C0E78368D0F80C900993F1
:104C3000F7E72546C9E72546D5E7574509D1014697
:104C40002046EDF70EF8400040F001000BB0BDE843
:104C5000F08F001BF7E74FF0FF30F7E7B5CB050803
:104C6000C0CB0508E02F060800230122FFF76EBF26
:104C700000234FF0FF32FFF769BF01231A46FFF709
:104C800065BF01234FF0FF32FFF760BF2DE9F04F02
:104C9000042891B00D4635D1C868FAF7B3F978B356
:104CA00040EAE07328680493FAF7B2F8696806905E
:104CB000FFF780FB0698A968FFF77CFB286800F0E7
:104CC0000703022B21D109A9C008ECF70FFA83468C
:104CD000686800F00703022B1CD10AA9C008ECF792
:104CE00005FA0590A86800F00703022B17D10BA95D
:104CF000C008ECF7FBF90390DDE909329A4213D9B9
:104D0000286868E04FF0FF33CCE78368D0F80CB038
:104D10000993DDE783680A93C3680593E2E7836834
:104D20000B93C3680393E7E70024DDE90963002BD5
:104D300042D124B10B9A0399204615F0CFFE0B9F68
:104D40004FF0010AD8461CE00BB909F10109A9EBA3
:104D5000080624B132464146E01915F0BFFE3E4434
:104D600024B10B9A0399A01915F0B8FE0B9F0A9B6A
:104D70003744099E09EB03085E44A6EB08060AF1D6
:104D8000010A049B53451BD066B101220A9B009285
:104D90003146059A07934046FFF7B6FE079B8146CA
:104DA0000028D1D174B9BAF1000FA9D0B9190CA853
:104DB000ECF77AFA0E9CB8E74FF0000A5746C1E7C5
:104DC000002CF3D041463246E01915F087FE0698D4
:104DD0000CA9FFF70BFB11B0BDE8F08F70B50E46C4
:104DE000014610201446FAF706F80546846076B1AD
:104DF00021463046ECF748F86860601CEBF73AFA59
:104E00002246E860314615F069FE00220255284628
:104E100070BD08B5ECF7A0F8C00040F0020008BD76
:104E2000D0E9012110B504460020ECF79DFF0146B2
:104E300010B90448F8F7E6F921460348BDE81040E8
:104E4000FFF7D4BA781F0608E02F0608014601488C
:104E5000FFF7CCBAE02F060801460148FFF7C6BAB3
:104E6000B02F060838B50A4604460D460146002014
:104E7000ECF77AFF014610B90948F8F7C3F929465B
:104E80002046ECF71DF830B92A4621460548BDE812
:104E90003840FFF7A3BFC00040F0020038BD00BF9C
:104EA000781F0608E02F060810B5044615F09EFE90
:104EB00001462046BDE81040FFF7D4BF0A46014630
:104EC0000148FFF78BBF00BFB02F060810B40A4C93
:104ED0000346A342084603D110BC1146FFF7C2BFE8
:104EE000064CA34203D110BC1046FAF715BF10BC04
:104EF0001146FFF7E3BF00BFE02F0608001C0608BD
:104F0000F0B585B004460D461746F9F781FF04F069
:104F10000703022B064615D1E0086946ECF7E6F8D0
:104F20000446042F26D1AB07009818D12A68124BEB
:104F30009A4214D101AA294603F01DF830B90F484E
:104F4000F9F762F9A3680093E468EAE7DDE9011282
:104F50003046521A2144FFF7B9FF05B0F0BD0146B3
:104F600000232A463046FAF72BF9205C400040F037
:104F70000100F2E70020F0E7D82C060875C8050804
:104F80002DE9FF4102AB0C460193244B0093043101
:104F900001230138F9F736FC2068F9F739FF0021C1
:104FA00080460846FEF760F80746206800F00703D1
:104FB000022B0ED103A9C008ECF798F80146039D17
:104FC0000D44A94225D20B46AB421C4605D1002612
:104FD0000FE08368C1680393F1E71A780A2A16D0B4
:104FE0000D2A04F10103EFD163780A2B0CBF0226CE
:104FF00001269DF80820631A06FB02324046FFF79F
:1050000065FF01463846FDF79EFDA119D9E7012647
:10501000EFE7384604B0BDE8F08100BF082D060870
:105020002DE9F04F8BB00C46049010689046F9F7CC
:10503000EFFE012C079042D0D8F80410FFF7BAF920
:10504000D8F8040000F00703022B33D109A9C008E7
:10505000ECF74CF80390099B0593D8F8000000F09A
:105060000703022B30D109A9C008ECF73FF8074627
:10507000049BDDF82490012B4FF0000409BF4FF092
:10508000FF33012309F1FF3506931CBF069300256A
:10509000CB46A2462646BBF1000F19D1BAF1000F4C
:1050A00026D1214B2148079A9A4208BF0A200BB00B
:1050B000BDE8F08F83680993C3680393CBE70623A9
:1050C00005931B4B0393C8E78368C7680993CFE731
:1050D00001230599039800937A19FFF715FDA8B9E4
:1050E000BAF1000F17D1049B4BB909F1FF342E46DA
:1050F000621C921B4A4512D1D8F80000D7E7049BE6
:10510000012B2C4609D02E464FF0010A069B0BF1CD
:10511000FF3B1D44BFE72C46F8E75646E8E70798F3
:10512000B919FFF7D3FEC2E7E02F0608102D0608D5
:10513000002D06080A4601460220FFF771BF0A4605
:1051400001460020FFF76CBF0A4601460120FFF729
:1051500067BF00002DE9F04389B006460C46914632
:10516000F9F756FE21460746FFF724F906F0070334
:10517000022B12D103A9F008EBF7B8FF054604F0A3
:105180000703022B0DD104A9E008EBF7AFFF80461F
:10519000049B5BB92248F8F73BFEB368F5680393BC
:1051A000EDE7A368D4F80C800493F1E71D4A1E4B89
:1051B0002046974208BF0A23B9F1010FCDE9053314
:1051C00007930CBF05960796F9F722FEB84205D063
:1051D000049A41463846FFF779FE0446049B03993A
:1051E000CDF8009042462846FFF78EFC88B1461B5A
:1051F000324629463846FFF769FEDDE90321521A97
:105200003144CDE90504921B29443846FFF75EFE80
:10521000079005A9032001F0A5FD09B0BDE8F083C2
:10522000CDCB0508E02F0608102D06080122FFF758
:1052300091BF4FF0FF32FFF78DBF2DE9F34100F032
:105240000708B8F1020F04460D4601F007070DD11B
:10525000022F05D1431A5842584102B0BDE8F081EF
:10526000C008EBF723FF0646686805E0022F466892
:10527000FAD1C808EBF71AFF26B118B1B04201D035
:105280000020EAE7B8F1020F16D1E0086946EBF713
:105290002DFF0446022F13D101A9E808EBF726FFE2
:1052A0000146DDE900239A42EAD1204615F088FC48
:1052B000B0FA80F04009D0E7A3680093E468E9E71A
:1052C000AB68E9680193ECE708B500F00703022B2F
:1052D0000DD0830709D10268064B9A4205D1BDE87B
:1052E0000840D0E90210EBF737BEFFF753F8C008CB
:1052F00008BD00BFE02F060870B5034608688207A6
:105300008CB00E460ED1026843498A424BD04349C5
:105310008A427DD100F00702023B012B0FD94048A1
:10532000F8F750FF00F00702022AF5D0012B71D1E7
:10533000C30741D5411038D50020F8F769FD022A8E
:1053400023D108A9C008EBF7D1FE0546306800F06C
:105350000703022B1DD1C008EBF7A8FE044624B9B1
:1053600008992846EBF790FD04467068FFF7ACFFFC
:10537000FFF7C8FA01280ED12946089AECF7F4FC89
:10538000014640B92748F7F73DFF8368C568089391
:10539000DCE74468E3E72049089E1020F9F72BFD7D
:1053A000C0E9026544600CB070BD08A8EBF77CFF53
:1053B00008A8FFF751FDF6E7012201A9FAF754F812
:1053C00020B1DDE90101FFF779FDECE73068F9F77D
:1053D0003FFF78B910210DEB0100EBF757FF306864
:1053E00008A9F8F7C9F904462046F8F739FA20B9B0
:1053F00004A8DEE7411004A8EFE7F9F703FEFF2851
:1054000001D9094899E7C1B204A8EBF7BDFFEBE762
:10541000012BD1D0054883E7B02F0608E02F0608FE
:10542000E4C80508781F0608B5CB0508D9CB0508E0
:1054300008B508460AB1F9F759FA21B11946BDE88D
:105440000840FFF759BF014808BD00BF102D0608EE
:10545000012807B50AD10B68009340F20A53019363
:1054600069460220FFF748FF03B000BD0028F9D1CC
:105470000048F9E7102D06082DE9F043074687B0EC
:10548000884614461E460AB1F9F730FA062221462C
:105490004046F9F789F9B8F1000F00F0BC80B8F187
:1054A000010F10D16A46102102A8EBF70DFF3168F9
:1054B00022466846F9F7C0FC02A93846FEF796FF77
:1054C00007B0BDE8F0833068840731D10268534BE0
:1054D0009A422DD1D0E902547068FFF7F5FEFFF72C
:1054E00011FA2A4621468146ECF73EFC00286BD192
:1054F000B8F1020F64D0B068062861D0FFF7E4FE6F
:1055000040F239439842804601D0812858D129463B
:1055100002A8EBF7BBFE2544A542CDD9264616F8D6
:10552000011B08060BD402A8EBF72EFF3446F3E765
:10553000052202A9F9F798FFDDE90245CCE7B9F1A8
:10554000000F34D101F14003DBB2372B2FD8CA084A
:1055500002F00602E523134103F0030320464A4606
:10556000B542344604D0367806F0C006802E07D007
:1055700093420CD0B8F1810FCED14FF6FD7112E0FD
:105580000132D2B2934204F10106E9D134467F22BE
:105590001A411140034410F8012F02F03F029842D3
:1055A00042EA8111F7D102A8EBF7F5FEB4E7B8F1B2
:1055B000810FBBD14FF6FD7102A8EBF7ECFEB5E70A
:1055C00017480021F7F71EFE29462046EBF778FC26
:1055D00018B1C00040F0020072E733689A0703D1A7
:1055E00019680E4A914207D02A462146384607B02C
:1055F000BDE8F043FFF7F2BB5E6826B929462046B6
:10560000EBF742FC064639461020F9F7F4FBC0E9F7
:105610000254466054E70A2052E700BFB02F060844
:10562000781F0608012807B50B4606D10B680093C2
:1056300040F20A53019302206B46014600220248C1
:10564000FFF71AFF03B000BDE02F060800F00703C4
:10565000022B07B50CD0830708D103681A7B2AB147
:1056600003EB82031A69064B9A4207D0FEF792FEBB
:1056700001A9C008EBF73AFD03B000BDC068FBE725
:1056800075570308F0B50D4689B0074614462868DB
:10569000052201A9F9F7E8FE029B33B91F4B204808
:1056A0009C4208BF0A2009B0F0BD012F4FEA430613
:1056B0000ED96868013B1E44FFF7C8FF0546314616
:1056C00004A8EBF7F1FD0198069A029939B91FE099
:1056D0000025F4E70232F9E72B7893700332037860
:1056E0001B0903F12706092B88BF3346303313709B
:1056F00010F8013B03F00F0303F12706092B88BFC5
:105700003346303301395370002DE3D00029E3D103
:1057100004A92046FEF76AFEC5E700BFE02F060891
:10572000102D0608014AFFF7ADBF00BFE02F0608A5
:1057300000F00703022B13B50C460CD0830708D1E9
:1057400003681A7B2AB103EB82031A69084B9A4259
:1057500009D0FEF71FFE01A9C008EBF7C7FC019BAB
:10576000236002B010BD83680193C068F7E700BFF3
:10577000755703082DE9F04F9BB0212806460D46CA
:105780000992144601F0070740F014821046F9F719
:105790003FFBC37B9BB12046F9F73AFB0646204608
:1057A000F9F736FBC37B06EB8306AB4B32699A42B3
:1057B00005D1D4F804A004F1080B00240AE0A207E4
:1057C00011D12268A54B4FF0010A0DF1240B9A422A
:1057D00018BF0024022F0BD10BA9E808EBF786FCB9
:1057E0000590002312E04FF0010A0DF1240BE4E7CD
:1057F000AB680B93EB680593AB07F2D1984B2A6823
:10580000A2EB030CDCF1000343EB0C030EAA102106
:1058100012A80693EBF758FD059A0B9B164602EB70
:1058200003094FF00008B14507D8002C40F0B781BC
:10583000C24500F0B4818B4816E03178252905D0A7
:1058400012A8EBF7A1FD35466E1CECE7751CA945C7
:1058500024D97178252903D112A8EBF795FDF3E738
:10586000282924D114B98048F8F7ACFCB01C0146B3
:105870000D4615F8013B292B12D1091AFFF7C9FA79
:1058800001462046FBF768F94FF001080646002361
:105890000793202304930027A9450AD8734802E000
:1058A000894502D17248F8F7B3FA2946E0E70026A5
:1058B000EDE72B782B2B44D037D8202B44D0232B4B
:1058C00045D000230C932B782A2B43D1C2452AD9EB
:1058D00008F101035BF828000893F9F793FBDDF862
:1058E00020800C9001354FF0FF33A9450D93D5D999
:1058F0002B782E2B14D1681C8145CFD96B782A2B9D
:105900002FD1C2450FD908F101035BF82800089395
:10591000F9F778FBDDF820800D900235A945BDD957
:105920005EBBD04525D353489EE72D2B05D0302BA9
:10593000C7D147F01007049301E047F00107013594
:10594000AAE747F00207FAE747F00407F7E708235A
:105950000793F4E728460CAA4946FEF79FFF054641
:10596000C1E700230DAA49460D93FEF797FF0546B0
:10597000D4E75BF8286008F101082B78472B0AD898
:10598000442B00F2B380059A3B493C48AD1A009580
:105990001A46F7F740FCA3F15802D1B22029F2D8F9
:1059A000202AF0D801A151F822F000BF875B03083C
:1059B000875903088759030887590308875903083B
:1059C000875903088759030887590308875903082B
:1059D0008759030887590308315A0308B95A03083D
:1059E000ED5A0308ED5A0308ED5A030887590308D6
:1059F000B95A0308875903088759030887590308C8
:105A00008759030887590308095B03088759030866
:105A100087590308255B0308255B0308875903089A
:105A2000B95A03088759030887590308875B030895
:105A300006F00703022B05D0B0072ED13368104AB9
:105A400093422AD116A93046FFF772FE169A012A10
:105A5000014619D00B4807E7296C0308D81E060831
:105A6000B02F060843CC0508E3CB0508FCCB05089E
:105A7000ECCB050809CC050827CC05089C1F0608B7
:105A8000E02F060813CC05080C9B019320230093FC
:105A90000EA83B46EBF70EFDD6E63046FEF726FC99
:105AA00040B10C9B00933A46202331460EA8FEF7E6
:105AB0003FFFC9E68C48D7E6B10709D133688B4A66
:105AC000934205D13046FBF784FDFCF7F1FA064618
:105AD0000D9B03930C9B0293049B0A22CDE9007358
:105AE000612331460EA8EBF765FDADE63046F9F7C8
:105AF000DFFA0D9B297801930C9B00933A46049B97
:105B00000EA8EBF763FE9FE6079B0BB147F08807F3
:105B10000D9B03930C9B0293049B0822CDE9007319
:105B20006123DEE710AA102116A8EBF7CDFB2B7836
:105B3000722B26D0069B0BB1B2071BD00022314638
:105B400010A8F9F779F917990D9A0C9B019332EA8D
:105B5000220228BF0A468A424FF02003009328BF42
:105B60000A463B4618990EA8EBF7A4FC16A8EBF7DB
:105B7000B7FB69E632685E4BD31A5A425A4192002B
:105B8000DDE70122DBE70D9A03920C9A0292049A58
:105B90000192079A17430097173B1022A1E7544838
:105BA000544B069A12A9002A08BF1846FEF71EFC9D
:105BB00004461AE00846F9F72BF9022F824618D15D
:105BC00010A9E808EBF792FA07461D2E25D12046CA
:105BD00012A9F9F7EFF9044638B1129B002B0CDC3F
:105BE000444B454C9A4508BF0A2420461BB0BDE8EB
:105BF000F08FAB68EF681093E7E7109916A8594348
:105C0000EBF752FB189B0093109A129B0121384628
:105C100002F09DF916A95046C8E72046F9F7F8F8B2
:105C2000504532D104F00703022B29D116A9E00810
:105C3000EBF75CFA8046DDF858901B2E04D037D87D
:105C4000042E46D90E2E2ED1109B23B92046F9F7EB
:105C5000DFF85045C9D0B9F1000F38D0109916A817
:105C60004944EBF721FB109A1898394614F036FF97
:105C70001898109B4A464146184414F02FFFC9E774
:105C8000A368D4F80C801693D5E7194B9A4508D130
:105C9000012216A92046F9F7E7FB20B1DDE91689B4
:105CA000CBE7242E01D000249FE72046FEF772FBAD
:105CB000242EF8D10123009310994B4642463846D2
:105CC000FEF722FF002814BF1E240E248DE72C4669
:105CD0008BE7109ACDF8009043463946304602F0E3
:105CE00089F90028EFE700BF1ECC050880230608CD
:105CF000B02F0608E02F0608102D06082DE9F74FF3
:105D0000054608680C46F9F783F8012D814628D925
:105D1000022D676826D0A068F9F774F905460021BE
:105D20000846FDF7A1F98046206800F00703022B22
:105D30001BD16946C008EBF7D9F90446009E062F2F
:105D400026443AD1B442274627D238780134EBF7BB
:105D5000A5FF0028F6D1B7421FD2002D5ED03C46E9
:105D60000EE006274FF0FF35D9E78368C46800933B
:105D7000E4E7A2461AF8010BEBF790FF10B954467E
:105D8000B442F6D1E21B39464846FFF79FF8014678
:105D90004046FCF7D8FEB44208D3404603B0BDE805
:105DA000F08F38780134EBF779FF10B1B442274611
:105DB000F7D1002DCFDD013DCDE739464846FEF74E
:105DC000F9FA384601A9FFF7B3FC019F8346A7B94A
:105DD0001748F8F71DF8B246AAEB040221464846D8
:105DE000FFF774F801464046FCF7ADFEB245D4D249
:105DF000002D0AEB070400DD013D002DEBD0A2468B
:105E00000AEB07039E42E6D33A465946504614F041
:105E1000D7FE0028E0D00AF1010AF1E73946F21B6B
:105E20004846FFF753F801464046FCF78CFEB4E7BE
:105E3000CDCB05082DE9F04F022885B007460D4669
:105E400004D805B0BDE8F04FFFF758BF0868F8F771
:105E5000DFFF8246D5E9000600F00703022B12D1CE
:105E600002A9C008EBF742F98046A868F9F7CAF81A
:105E7000041E0DDA29463846FFF740FF054628463E
:105E800005B0BDE8F08F8368D0F80C800293ECE792
:105E900004F1010900214846FDF7E6F8062E054603
:105EA00002D12748F8F7B0F903A93046FFF740FCC4
:105EB000DDF80CB00090BBF1000F02D12148F7F7DC
:105EC000A7FF029E46445CB1A6EB0B07474507D3EC
:105ED00000995A46384614F073FE00B3013FF5E7C7
:105EE000A6EB080241465046D5F80CB0FEF7EEFF8F
:105EF000A7004BF82400002CC1D0E868A9EB0404EB
:105F0000A200C11914F01EFE6A68E868121B920014
:105F1000002100EB840014F02BFEAC60AFE7F21B15
:105F2000EB680193A2EB0B0207EB0B015046FEF767
:105F3000CDFF019B3E4643F82400013CC3E700BF70
:105F400052CC0508CDCB05082DE9F0430D6805F0CE
:105F50000703022B85B00E461746A0F1020838D180
:105F600003A9E808EBF7C2F80446B8F1000F21D006
:105F70002846F8F74DFF039AB8F1010F814604EB6C
:105F8000020508D0F368062B05D0012100912146B7
:105F900000F04AFC0546B368062B07D001220092A8
:105FA0002146039A484600F03FFC04462D1B25EA93
:105FB000E57503957368DDF80C909A0706F10408FF
:105FC0000BD001260025B5420FD10E2005B0BDE84B
:105FD000F083AB68EC680393C7E719680E4A9142F7
:105FE000EFD15E6803F10808ECE703A958F8250033
:105FF000FFF79EFB039A01464FB1A9EB02009145C2
:1060000003D3204414F0DCFD18B10135DBE738463A
:10601000F5E71E20DAE700BF283106080022FFF767
:1060200093BF0122FFF790BF2DE9F04F2DED028BBA
:1060300095B00D4605909146102108AA0CA89A46E5
:10604000EBF742F99FED748A4D450AD30CAB0FCBA9
:10605000059C84E80F00204615B0BDEC028BBDE81E
:10606000F08F2F4617F8011B7D290CD1B94507D9B0
:1060700069787D2904D10CA8EBF786F93D4607E045
:106080006648F7F7C5FE7B2904D00CA8EBF77CF92E
:106090000135D9E7B94539D969787B29EBD07D2914
:1060A0003AD0212924D03A2936D03B4699452DD0E3
:1060B0001A787D2A1D4614D1A84600262B783A2B43
:1060C0003BD16B787D2B05F1010433D023460122AF
:1060D0004B451D461AD219787B2922D10132013352
:1060E000F6E7212A14D03A2A03F10103DED1E3E7CF
:1060F0003D460027B8466B1C99450BD96E78A6F132
:106100007203012B06D80235A945D7D84448B8E711
:106110009846F0E74348B4E73D460027B8463E4678
:10612000CCE77D29DBD1013AD9D12B787D2B06D064
:106130003D48A6E7A145E9D925460024F5E7002F0B
:1061400044D0002338781093EBF7BCFDD0B93B4620
:1061500043459B4606D21A782E2A03D05B2A03F1C8
:106160000103F5D1ABEB07013846FEF752FE0022E2
:10617000074601462298F8F707FC28BB2B4839460A
:10618000F8F74AF8DAF80030002B01DD284878E704
:1061900010AA41463846FEF781FB209A109B013A2F
:1061A0009A42834603D823492348F7F72BF8013353
:1061B000219A52F823704FF0FF33CAF80030C345DC
:1061C00014D21E48F8F720F84768F8E7DAF80030EC
:1061D000BB4201DA1A4854E7209A013A9342E2D2CC
:1061E0000133219A52F82370CAF8003064BB16B10B
:1061F000733E18BF01260AAA102110A8EBF764F815
:10620000394632460AA8F8F717FE0E4810A9FEF7DD
:10621000EDF807461AE000BF0000C84261CC05084F
:106220008DCC05087CCC05089ECC05080421060809
:10623000A7CC0508CDCC050828210608D4CC050834
:10624000E2CC0508E02F0608002ED1D14FF0FF3335
:1062500007930A93002C00F0AE80F8F797FA229B80
:106260000293219B0193209B00932A46534621468B
:1062700010A8FFF7D9FE10A8EBF777F8119A90F85D
:106280000080831883460493B8F1000F63D0B348AD
:10629000414614F0EFFC00284CD00BF1010B002616
:1062A0009BF80040A4F12002D2B20D2A55D9002457
:1062B0005A4644F0080112F8010B232804BF934604
:1062C0000C469BF80020302A0CD1B8F1000F06D103
:1062D0003846FEF721F8002818BF4FF03D08002E81
:1062E00008BF302607AA04995846FEF7D7FA027865
:1062F0002C2A034601D05F2A02D144EA422401330A
:106300001A782E2A05D1581C04990AAAFEF7C6FA53
:10631000034693F800B0BBF1000F07D090480493F8
:10632000594614F0A7FC049B48B301331B7843B3D0
:106330008C48A6E69BF8016056B18848314614F0B7
:1063400099FC38B132460BF1020B46469046A7E75E
:10635000B046A5E780464646A2E742F6010121FA8B
:1063600002F2D107A3D52B2C07D0A4F1200254426E
:106370005441A4000BF1010B9AE70224FAE783468B
:10638000D4E710A8EAF7ACFFB8F1000F08D13846FF
:10639000FDF7C2FF00280CBF4FF03C084FF03E084D
:1063A000002E08BF202614F0060F0CD0BBF1730F8F
:1063B00004D16D4865E6A3462646E8E7BBF1630FC6
:1063C00001D16A485DE6B8F13D0F29D0B8F15E0F02
:1063D00029D0B8F13C0F01D144F001043846FDF753
:1063E00085FF002800F09280BBF1780F0FD8BBF139
:1063F000610F1BD8BBF1470F4ED8BBF1440F00F221
:106400008580BBF1000F6AD0BBF1250F7ED03846E6
:10641000F8F70AFD564903465A465648F6F7FBFE7A
:1064200044F01004DAE744F02004D7E7ABF162034C
:10643000162BECD801A252F823F000BFB364030876
:10644000CD640308DF6403080D6503080D650308C8
:106450000D6503080F6403080F6403080F64030845
:106460000F6403080F6403080F640308DF64030864
:10647000F16403080F6403080F6403080F64030842
:106480000F6403080F6403080F6403080F64030814
:106490000F6403089F640308BBF1580FB7D10023B2
:1064A0000393079B0094CDE901631022ABF117031E
:1064B00007E000230393079B0094CDE901630222C8
:1064C0006123394608A8EBF775F8E1E5079B0093CF
:1064D00022463346394608A8FEF72AFAD8E50023B3
:1064E0000393079B0094CDE901630A226123E8E747
:1064F00023074FF000030393079B48BF44F0800439
:10650000CDE90163009461230822DAE73846FDF7FC
:1065100003FF002846D0BBF1000F32D0BBF16E0F55
:106520002FD0BBF1250F2FD0BBF1240F7FF66FAF1B
:10653000BBF1470F20D8BBF1440F7FF668AF384658
:10654000F8F7B6FD0A9B0193079B0093224633465A
:10655000594608A8EBF73AF99AE500BF08CD0508B7
:106560000DCD05081DCD050822CD05082ECD050849
:106570003DCD05089C1F0608ABF16503022BDED953
:1065800045E74FF0670BDAE73846F8F791FD0A9BCD
:106590000193079B009320EE080A334644F0400223
:1065A0006621D6E7B8F13D0F01D10F4869E5BBF18F
:1065B000000F03D0BBF1730F7FF429AF10A9384649
:1065C000FFF7B6F8109F0A9A079B32EA220228BF0B
:1065D0003A46BA42CDE900630146234628BF3A460F
:1065E00008A8EAF767FF53E54BCD050870B50546E7
:1065F000086800F00703022B8AB00C46164617D134
:1066000004A9C008EAF772FD0146049A0095002328
:106610000A44059306A805ABCDE90146FFF704FD42
:106620002068F8F7F5FB06A9FDF7E0FE0AB070BD9B
:106630008368C1680493E8E707B501A9FFF778F814
:10664000019903B05DF804EBFEF7E3BB044B0B606C
:10665000044BC1E901300023CB600846704700BFFE
:10666000402906086966030873B50546806800F08E
:106670000703022B15D101A9C008EAF737FDEC6822
:10668000019A944211D204442046EBF7E1FA061B2A
:1066900031462046FEF7BDFBEB683344EB6002B0A9
:1066A00070BD83680193C068E9E70020F7E701F057
:1066B0000703022B13B504460AD1C80801A9EAF75B
:1066C00015FD042C08D0052C0CD0002002B010BD04
:1066D0008B68C8680193F4E7019B002B0CBF0E2068
:1066E0001E20F3E70199EBF7C9FA400040F00100E2
:1066F000ECE7000001F00703022B2DE9F743044605
:1067000016460ED1C80801A9EAF7F0FC0546032E8B
:10671000019A0AD129462046FEF78CF903B0BDE85C
:10672000F0838B68CD680193F1E726B96368206830
:1067300029469847F2E705EB02082B46002243451D
:1067400004D3002A14BF2227272705E01978272918
:106750000FD022290ED127272A493A462046EBF7A7
:106760004FFAA84508D827493A462046EBF748FA99
:10677000D4E701220133E2E72846EBF74EFA06465A
:106780002846EBF765FAB742814605D11E493A46DD
:106790002046EBF735FA05E05C2E05D11B49204673
:1067A000EAF779FE4D46DCE7A6F120035E2B02D81E
:1067B00014493246ECE70A2E01D11549EFE70D2EB8
:1067C00001D11449EBE7092E01D11349E7E77F2EE8
:1067D00002D812493246DBE7B6F5584FA0EB050266
:1067E00004D26368206829469847DBE7A6F5604332
:1067F000B3F5811FF5D3B6F5803F34BF0849094989
:106800003246C5E798CB050897CB05089BCB050812
:106810009ECB0508A1CB0508A4CB0508A7CB05088E
:10682000AECB050860CD0508F7B51E462C4B9DF88C
:10683000207098420C46154602D02A4B984208D147
:106840003B4632462946F8F7BBFC0444204603B0D9
:10685000F0BDF3070CD5761001960199002904EBE1
:10686000050228DA013A00201346B9B9541CEDE7B5
:1068700001A93046F8F79EFB0028EED13046F8F724
:10688000D3FA194902461948F6F7C5FC1B7803F0FC
:10689000C003802B02F1FF320AD113469442F5D98E
:1068A00000B10191002FD1D111491248F6F7AAFC8D
:1068B00001310120D8E70025944205D305B10191AB
:1068C000002FF1D01446C1E70139BFD3601C012568
:1068D00004460130237803F0C003802BF8D0EBE7A7
:1068E000B02F0608001C060867CD0508E41F06083F
:1068F0007ECD050828210608F0B585B004460D4672
:106900001746F8F785FA04F00703022B064614D160
:10691000E00803A9EAF7EAFB0446042F4DD1AB07D0
:1069200032D12A68274B9A422ED1EB68062B08D029
:10693000032B06D02448F7F767FCA3680393E468A9
:10694000EBE7D5E90137062B1AD001220092214648
:10695000039A3046FFF768FF0546062F039A11D0C9
:106960000123009321463B463046FFF75DFF8542F9
:1069700025D8421B29463046FEF7A8FA05B0F0BDDF
:106980002546EAE7A018F2E70023039A0093214680
:106990002B463046FFF748FF90F900300278002B75
:1069A00008DB0121FEF735FAE8E701315B081A42FE
:1069B000FBD1F7E740230121F9E70020DEE70A20B9
:1069C000DCE700BFD82C060875C8050830B4064BB4
:1069D000064C074D0A460968A94214BF21461946CC
:1069E00030BCEBF70DB900BF85CD050898CD050883
:1069F000483006080229F8B5044608D0042923D0F7
:106A0000012917D016221A604FF0FF30F8BD5668E2
:106A1000012E11D0022E11D00020156829182CBF8C
:106A2000012700276EB1002D0BDA884238BF002104
:106A3000A16011600020E9E78068EEE741684868DE
:106A4000EBE7002FF4D0DDE74068EAF75EFC0023B7
:106A50006360EFE708B510B90148F7F7D9F908BD49
:106A6000AACD05082DE9F8434568044628461F4687
:106A700088461646FFF7EEFF2B7B6BB1D5E901097F
:106A8000E9F7F8FB6368A86000221A739868E2606F
:106A900049465A6814F022F8A568AD1921D26068F9
:106AA000D0E90017A94203D24160691AEAF752FC03
:106AB000A268BA4206D963689868D21B002138449C
:106AC00014F056F863689868A36832461844414643
:106AD00014F004F86368A5605A68AA4238BF5D6084
:106AE00003E01B233B604FF0FF363046BDE8F883E0
:106AF0007FB50D46014610201E46F8F77CF90023AD
:106B0000C0E902330446002D3FD03068C50705D4E4
:106B1000810713D102681E4B9A420FD1F8F772FA1F
:106B20000025EAF7E7FB60604DB30023DDE90112C1
:106B30002046FFF797FF0023A36020E0052201A96C
:106B4000F8F792FC336803F00702022A0AD09A078A
:106B500018D11B681A7BAAB103EB82031A690D4B8B
:106B60009A420FD11020E9F785FBDDE90121606031
:106B7000EAF7A2FB6368029A5A603368E360204632
:106B800004B070BD02980125CBE71020C9E700BF13
:106B9000E0250608755703082DE9F04146680546CB
:106BA00030460F469046FFF755FF7468AB689C422D
:106BB0000FD9E41AB168444528BF44461944224617
:106BC000384613F08BFFAB682344AB602046BDE82A
:106BD000F0810024FAE7000038B5446805462046F5
:106BE000FFF738FF2868064B064DD4E90121064C13
:106BF000A84214BF20461846BDE83840FEF766B9E3
:106C0000E02F060848300608B02F0608D0E9021326
:106C10000246486883423FBF981C013351F8200068
:106C2000D36028BF00207047044B0B60044BC1E9C0
:106C300001300023CB600846704700BF402906089A
:106C40000D6C0308032A2DE9F84304460F46154648
:106C500012D11749EAF71FFCD4F8088007F104099C
:106C600000267B68B3420ED8032D19D11149204666
:106C7000BDE8F843EAF70FBC0F49DFF84880EAF7B0
:106C80000AFC0125EAE71EB141462046EAF703FC6B
:106C900059F8041F2A462046F8F7CEF80136E0E7F7
:106CA000012B03D105492046EAF7F5FB0449DEE74D
:106CB00070C8050855DD050816CB0508BECD0508CA
:106CC000DCE5050872C80508024608680B4608306E
:106CD00050F8041C01F006BA0A46083050F8041CAB
:106CE00001F034BA10B50446F8F792F8C37B2BB123
:106CF00000EB8300054B02699A4205D02046044907
:106D0000BDE8104001F091B8204610BD296C030881
:106D100028310608052870B50D461CD0062807D076
:106D200004281BD14B68002B0CBF0E201E2070BD09
:106D30000B4C01266A68731E9A4203D8600040F02B
:106D40000100F4E70136062055F82610F6F7B4FAEC
:106D500004EB6004EEE748684000F0E70020E6E757
:106D6000EC30060838B505460C4688B102300949B2
:106D70008000F8F740F845604CB12146031D04EB54
:106D8000850551F8042B43F8042FA942F9D138BDE9
:106D90000148FCE728310608EC3006082DE9F041EF
:106DA0000C462046114602221E46F7F7FDFC6CB346
:106DB0003568AB0703D12A68154B9A4217D01020CB
:106DC000E9F758FA002104463068F6F7D5FC0025AB
:106DD000804604264046F6F743FD074650B928464C
:106DE0002146FFF7BFFF05462046E9F76BFA284624
:106DF000BDE8F081B54205D3F1002046E9F755FA28
:106E00007600044644F825700135E3E7014DEEE7CE
:106E100028310608EC3006087FB50546102D0E46D1
:106E200010460CD007D8042D44D90E2D21D00024B3
:106E3000204604B070BD1B2D1BD01D2DF7D103A91A
:106E4000F8F7B8F804460028F2D0039B002B2FDD9A
:106E5000706800215843FFF785FF00F10803009395
:106E60000446039B7268042106F1080001F06FF8E4
:106E7000DEE7FFF737FF04460028D9D06368706863
:106E800000211844FFF76EFF72680546920006F174
:106E90000801083013F022FE62680346706804F1AE
:106EA0000801920003EB800013F018FE2C46BFE7A8
:106EB0000A4CBDE7FFF716FF04460028B8D0436828
:106EC0000093726800F1080306F10801284601F0FA
:106ED000C4F800280CBF0E241E24A9E7EC300608D5
:106EE000042A7FB505460C462BD111F003064068F5
:106EF0001DD10A68144B9A4219D101AA01F03BF83E
:106F000010B91248F7F780F9DDE901303146C01AAF
:106F1000FFF728FF0199426808350446920005EB07
:106F20008101083013F0DAFD204604B070BD22461E
:106F3000014600232868F8F743F9023055F820404D
:106F4000F2E70024F0E700BFD82C060875C8050852
:106F5000F8B5134A0F461349884202D1002420464F
:106F6000F8BD83889B0502D438600124F7E7837C51
:106F7000002BF3D000EB8300006903689342EBD150
:106F8000466800F1080505EB86060024B542E6D206
:106F900055F8040B3946FFF7DBFF0444F6E700BF62
:106FA0002831060890280608F7B50C46074654F81D
:106FB000045B002301A9286801931646FFF7C8FF68
:106FC00001983268037A00EB8303D2081E69791EA8
:106FD0002346B0472861062003B0F0BD2DE9F047F5
:106FE000DFF8EC80DFF8F89005460C46AB6873B12B
:106FF000A28890050BD4E15C21B90F2B07D112F4C4
:10700000C07F04D0EB6804221A60BDE8F087E37CFF
:1070100053B304EB830369681869C900002241F087
:1070200002010430F7F7B0FC0246E8B12B7C286877
:107030003BB1EB68526801460020BDE8F047F6F727
:107040003DB868B1A38899050AD4214B9C4207D06A
:107050000069204B984203D11F492048F6F7D2F827
:10706000EB6852682146E8E72B687BB12A7C6AB955
:10707000A28892050AD4444508D01869EA6869686C
:10708000F6F75CF8EB681B68002BBED1A37C002BE5
:10709000BBD004EB83031C6923684B4509D126460A
:1070A00056F8047F04EB8707043756F8044FB742BD
:1070B00002D844459AD1A8E74445F6D0214628464F
:1070C000FFF78CFFEB681B68002BEED09DE700BF3D
:1070D0009028060820320608C0CD0508B821060809
:1070E000283106082DE9F043156887B00746164693
:1070F00025BBD0E90132CDE90121A1F111025142B4
:1071000051419A7C0496C9008DF8145003916AB1DC
:1071100003EB82031969174B0A689A421DD10C468A
:10712000DFF8589054F8048F45450AD13368DBB135
:10713000042B03D1104B3360BB68736007B0BDE80C
:10714000F08354F8041F494505D001A8FFF746FF16
:107150003368002BEAD10135E6E7084B9942E5D0C8
:1071600001A8FFF73BFFE1E70449039301A8FFF7FC
:1071700035FFE3E728310608203206089028060884
:10718000F0B589B001AF0026039013220F23054606
:107190000C460168019603A8CDE904237E6006979A
:1071A0008DF81C60FFF71AFF019848B1042816D12A
:1071B0002869F7F72DFE83881B06064602D5286945
:1071C00009B0F0BD1CB91020E9F754F80446F37B70
:1071D000286906EB8306214633699847F0E73A466B
:1071E00031463046F6F757F9EAE70000CA88014908
:1071F000EAF706BDDECD050838B504460846114657
:107200004FF002121D46F7F7CFFA0820E9F732F8DF
:107210002B68C0E9004338BDF0B505468BB00F467A
:107220001446EAB1042A0CBF0F221C220023CDE928
:107230000133099305A80E232968059501AECDE910
:107240000374079308960692FFF7C8FE0198042876
:1072500008D1286922463946F8F7DAF80BB0F0BDB4
:107260000B22E3E70028F9D05CB1042C0CBF01200D
:10727000022032460021F6F70EF9042C18BF062032
:10728000ECE70120F5E700002DE9F0411646126811
:107290008CB005460C46002A79D1CF0047F0020792
:1072A00000F10408019039464046F7F76DFB10B134
:1072B0004368336012E040F267339C4211D198E892
:1072C0000700704B079308AB83E8070007A8F9F79E
:1072D000B6FC3060037943F0020303710CB0BDE8E3
:1072E000F081CDE909068DF82C00296807A8CDE9C1
:1072F0000754FFF773FE306860B32B689B889A07CA
:10730000ECD510F0030413D102685F4B9A420FD101
:10731000FCF7E8F80068062803D15C495C48F5F7FB
:1073200071FF01AB22460121F6F74EF83060D5E738
:1073300003AAB721F5F702FF039B002BCED00198DB
:107340000590F7F765FD03AA069000210220F6F7E5
:10735000A2F8EBE70E2CC1D0B72CBFD0D52CBDD0F6
:10736000B12CBBD0A4F26E33012BB7D940F26633F7
:107370009C42B3D0019803AA0E21F5F7DFFE039BD0
:10738000002BABD0059703AA00210120DFE701689D
:1073900077688B889B0761D50023CDE9070401AA94
:1073A00007A8CDE90133CDE909328DF82C30FFF77C
:1073B00015FE0198002836D010F003081AD1026893
:1073C000314B9A4216D1FCF78DF8CDE903574FB9EE
:1073D0008068062882D003AB3A460121F5F7F4FF16
:1073E000002366E7406806283FF478AF03AB4246C7
:1073F0000221F3E703AA5FB9B121F5F79FFE039BD2
:1074000093B1059503AA00210120F6F744F8E7E7B8
:10741000D521F5F793FE039B9BB10595069703AA2B
:1074200000210220F1E767B903AA40F2663128463D
:10743000F5F784FE039B93B1E40044F00204059445
:10744000E0E703AA40F26F312846F5F777FE039B89
:107450007BB1E40044F002040594DFE74FB9022257
:1074600042EAC401281DF7F78FFA00283FF436AF2F
:10747000B6E7E100012241F00201281DF7F784FA86
:107480004760ADE7D81E060878290608EBCD050849
:10749000B82106082DE9F0411D4B88B01B5C049310
:1074A00000240C23CDE9024106460F460DEB0300F4
:1074B00009680593CDE900449046CDF818D08DF8C1
:1074C0001C40FFF78BFD009B042B0DD13969424610
:1074D0003046F6F7A5FC03460E4A934208BF002348
:1074E000184608B0BDE8F081002BF9D06A46214665
:1074F0000120CDF80880F5F7CEFF242E0346EBD10E
:10750000F7F7C4FE00280CBF0E231E23E4E700BFDC
:10751000E0310608B02C060870B5254B0D46195C05
:1075200088B0CDE9035101AA0B210023CDE9051252
:10753000064629688DF81C3003A8CDE90133FFF712
:107540004DFD019C042C07D129693046F5F7B4FEA6
:107550000446204608B070BDCCB120462946F5F758
:1075600087FF062E04460CD0082EF2D1C207F0D4B5
:10757000830703D102680F4B9A42EAD00020F6F746
:1075800021FEF7F74BFD400040F00104E1E7062E35
:10759000DFD1B3232968049303A8FFF71FFD6D0013
:1075A000019B45F00105A34208BF2C46D1E700BF6F
:1075B00012320608E025060870B5151E88B00C4684
:1075C00014BF1B211D21CDE9034101AA092100237C
:1075D000CDE90512064621688DF81C3003A8CDE9D7
:1075E0000133FFF7FBFC019B3BB935B91B23216835
:1075F00003A8CDE90435FFF7F1FC0198042816D162
:107600002069F9F759FD80B13DB12368D888E9F7C1
:1076100062FD01463046E9F73EFF45F080022169F0
:107620003046F7F709FC08B070BD2A46F7E728B1E5
:107630002146F5F71DFF00220146F1E72046F7F746
:10764000F3FB0349024623463046EAF7D9FAEAE754
:10765000F8CD050838B50D4604460B49E9F71BFF80
:10766000696800222046F7F7E7FB08492046E9F75A
:1076700012FFA96820460022F7F7DEFB20460449E6
:10768000BDE83840E9F707BF0ACE050872C805080B
:10769000E9CD050870B5057A25B9C28805490648BF
:1076A000F5F7B9FD00EB85042469A446BDE87040F8
:1076B000604700BF13CE0508E41F0608F0B589B087
:1076C0000E46012410210023CDE9044103900168F6
:1076D0008DF81C300546174603A801AACDE90133F1
:1076E0000692FFF77BFC019B042B0CD12869F7F76E
:1076F0008FFB037C00EB83003A460369286931461F
:10770000984709B0F0BD2046FBE7000041F67A3308
:10771000984273B50C4603D041F63233984202D1F9
:10772000012002B070BD8B0710D00B4E0025204603
:10773000317801236A46F5F743FD00980028EFD120
:107740000135032D06F10106F1D1EAE70A68034B82
:107750009A42EAD1E4E700BF5831060878290608C2
:107760002DE9F041136886B004461646002B4BD134
:10777000172905D1C388DB0043F0020333601AE008
:1077800040F26732914219D1C37C5BB100EB8303B5
:107790001869394B002808BF184603799D0703D59F
:1077A000306008E03448F8E7F9F749FA30600379C7
:1077B00043F00203037106B0BDE8F08140F263328A
:1077C000914215D12D48844210D0A37C13B104EB13
:1077D000830318690190840703D10268284B9A42F9
:1077E000DED001A90120FFF7BDFAD9E72548D7E788
:1077F000CDE90101CDE903360146012301A88DF849
:107800001430FFF7EBFBD6E7C37C002BD3D000EBA3
:1078100083031F693B799807CDD4D2F80480C9004F
:10782000043741F00205B8F1000F09D102222946C0
:107830003846F7F7A9F80028BDD0C6F80080BAE7A7
:10784000A38899070ED441462846FFF75FFF48B149
:10785000A388DA0703D50C490C48F5F7D3FC43F0AD
:107860000203A380012229463846F7F78DF8736892
:107870004360002382E700BF3C1F060890280608EB
:1078800028310608EC30060826CE0508B82106087F
:107890002DE9F04F0D4687B011462846774A1C4621
:1078A000F6F782FF012D03D0032D07D0744812E0B4
:1078B000206807B0BDE8F04FF7F7AABA2068FDF7D7
:1078C00003FD676817F00306814603D13A686D4BE4
:1078D0009A4202D00020F6F775FCD4F808804046A2
:1078E000F9F7B4F80028F5D03946DFF8D4B151F8EB
:1078F000040F4FF4077AB04208D10EB3BB685D7C29
:1079000015B103EB85031D690B201BE051F8043F03
:107910009D07DFD11A685A45DCD11A7A22B9DA8874
:1079200059495A48F5F777FC9A88940541BF42F0C7
:10793000010402F002029C804AEA020A0136DAE7F8
:1079400035460A20002D18BF013005308000E8F7C9
:10795000AAFC4F4B43614F4B83614F4BC3614F4B6D
:1079600003624F4B43624F4B83624F4BC3624F4B9B
:1079700003634F4B836003F10433C3600923037433
:107980004C4B43630A230446C0F800B0A0F804A09F
:10799000A0F80690C374C0F838804EB10B23012EB6
:1079A000837408BFBF68C76315B10C2343740564B3
:1079B0001022002102A813F0DBF8002502AEA94630
:1079C000D8F808309D4207D301A92046FFF7C0FA36
:1079D00001282DD938487EE7D8F80C7057F83500C3
:1079E0004FEAC50B07EBC50A00B304281ED0A388D5
:1079F0009B0708D4DAF80410FFF788FE18B1A388B3
:107A000043F00203A380DAF8040057F80B70324603
:107A100040F26E31F5F792FB73683BB11020E8F746
:107A200029FCB060C0F80890F760B6680135C7E778
:107A30000022C22108F10400F6F7A6FF054678B13E
:107A4000436813F003020BD11B68D98840F2194335
:107A5000994205D1031D01211848FFF7CDFB68604D
:107A600002AA95681DB9204607B0BDE8F08F946062
:107A700000210220F5F70FFD2A46F2E7060002007A
:107A800087CE0508283106084FCE0508E41F0608F2
:107A90005D7B0308B9750308C57A030819750308E7
:107AA0009574030889720308197203088171030829
:107AB00001020304BD76030865CE0508743106088B
:107AC000BC310608F0B58BB00D46164600210922E0
:107AD0001F460A23CDE90311CDE90623059003AB28
:107AE0008DF8241004460168089305A8FFF776FA7C
:107AF000039838B92046F7F797F90B4902460B4827
:107B0000F5F789FB042807D120693B463246294610
:107B1000F5F75AFC0BB0F0BD0499009733462A469E
:107B2000F8F7C1F9F6E700BFCCC50508E41F060861
:107B300038B50446FFF70CFA0546043021468000AC
:107B4000F7F759F9002104460430F6F7E7FE0DB1C6
:107B5000014B2361204638BD203206082DE9F0474D
:107B60008AB00DF10C09002407460D461646014661
:107B7000182205A898460823CDE906230394C9F8DE
:107B800004400594CDF820908DF82440FFF726FAA4
:107B90000398019408B1042824D101A93846FFF7BD
:107BA000C7FF044600231122394605A8CDE9033357
:107BB000CDE906230594FFF711FA039B002B55D05E
:107BC00055EA060138D14A460846F5F764FC0746EF
:107BD000062F4BD03846F7F727F92D4902462D4896
:107BE000F5F719FB55EA06020ED102AB0121029707
:107BF000F5F7EAFB04462046F7F70AF9B842D1D078
:107C000020460AB0BDE8F08705EB4604601C800002
:107C1000E8F730FBA2008246414640F8047B12F0B0
:107C20005DFF039853463246691CF5F7CDFB0446C9
:107C30005046E8F747FBDEE705EB4607B81C800037
:107C4000E8F718FB039B0360049B43608146BA007E
:107C50004146083012F042FF4A4631462846F5F7C1
:107C60001AFC07464846E8F72DFBB1E701980028C3
:107C7000C6D02269084B9A42C2D1037A00EB830333
:107C800032461F6929464346B8472061B8E700BF1E
:107C900094CE0508E41F06082032060800B589B016
:107CA00009210A22CDE9041200230168039001AAE8
:107CB00003A8CDE9013306928DF81C30FFF78EF949
:107CC0000198003818BF012009B000BD1FB5064B50
:107CD00001934B6802930A468B680393014601A8FF
:107CE000F5F72AFC05B000BD9C3106082DE9F041EE
:107CF000134E144F0D46A84220D083071CD10368B1
:107D0000B34219D1837CBBB100EB830000690368E7
:107D1000BB42F0D1044654F8043F00EB830000F16D
:107D2000040854F8040F4445E5D22946FFF7DEFF66
:107D30000028F6D0BDE8F0810020FBE70120F9E73C
:107D4000BC31060828310608F7B58B0707460191B4
:107D50000FD10B68114A93420ED0114A934208D1B9
:107D60004D6801F108020F4E0024AC4207D10E20ED
:107D70000AE00D48F6F726FA01AA0125F3E752F8C2
:107D80002410B14202D11E2003B0F0BD3846FFF7E7
:107D9000ADFF0028F7D10134E7E700BFBC3106088A
:107DA0002831060890280608AFCE050838B51C46CD
:107DB0000546084611464FF00412F6F7F5FC6068D8
:107DC000F7F726F80A4B2168984208BF6068FFF76A
:107DD000BBFF0E2802D10020F6F7F4F90C20E8F7DB
:107DE00049FAD4E90023C0E90052836038BD00BFDE
:107DF000BC31060808B5830703D10268044B9A42D8
:107E000002D00448F6F7DEF9BDE80840FFF79CBF52
:107E1000BC310608C3CE050810B50C46F6F7F8FFCE
:107E20002146BDE81040FFF78FBF38B50D46044628
:107E3000F6F7EEFFA84204D02946FFF757FF10B12E
:107E40002469204638BD0446FBE72DE9F0410025B2
:107E5000074600F104082C467B68AB4202D8204656
:107E6000BDE8F08158F8040FF5F7FAFC064650B16A
:107E700024B921467868FEF775FF0446AB1C01352E
:107E800044F82360E8E70446E9E700002DE9F04103
:107E90000C460546114620460D4A9846F6F784FCE6
:107EA000A01C29468000F6F7A6FF0646074646F8BE
:107EB000044F0025A54202D13846BDE8F08158F8AC
:107EC00025000021F5F758FC013546F8040FF1E7CD
:107ED000FEFF010070B504460D46F6F799FF837B5F
:107EE00000EB83002946036904222046BDE8704068
:107EF000184770B504460D461646F6F789FF837B92
:107F000000EB83003246036929462046BDE87040F5
:107F1000184770B504460D46F6F77AFF837B00EBF1
:107F200083002946036900222046BDE870401847B7
:107F300070B50D460446F6F76BFF037B00EB83003C
:107F40002A46036921462420BDE8704018472DE9E0
:107F5000F041069E80461F4602FB01F40025BD420B
:107F600001D1BDE8F08130462246414612F0B6FD0F
:107F700026440135F3E70B4610B514460146184672
:107F8000FCF73AF9A068002809DA62682368013230
:107F90009A420BDC6260431E5842584110BDFAD031
:107FA000D4E900329342F6DD6360F4E70133FBE786
:107FB0002DE9F0418E68D1E900470021804608464E
:107FC000FBF752F8002E054611DABC4202DA2846C9
:107FD000BDE8F08158F824102846FAF7B4FD34447F
:107FE000F3E758F824102846FAF7ADFD3444BC42B4
:107FF000F7DBECE770B50446022C049E15461846E4
:1080000003D1B24207D0002070BD9CB1032C13D025
:1080100033461D461646034608461946AE423246CA
:1080200028BF2A4612F0CCFD022C07D1B0FA80F00E
:108030004009E9E70124F1E70424EFE70028E2DB47
:1080400009D1AE4203D02CBF01200020DCE7601E26
:1080500018BF0120D8E70120D6E72DE9F047022814
:10806000DDF820800646174614D1424538D11A461D
:108070000B461146B845C1461D4628BFB9460C46B9
:108080004FF0000ACA4510D1B84525D02CBF0120B9
:1080900000201FE028B1032805D04246B846174605
:1080A000E5E70126E6E70426E4E721682868F7F714
:1080B00093F920B1043504340AF1010AE2E7022EF3
:1080C00008D022682968F0B2F5F7AAFEA0F11E03D5
:1080D00058425841BDE8F087701E18BF0120F9E7EB
:1080E0000020F7E72DE9F0478146186817461E463D
:1080F0000D46F6F78DFE022FD6F80480824613D97E
:10810000B26801232946F7F75BF8032F044606D02F
:108110002946F26801235046F7F752F80546A54272
:1081200004D80948F5F774FE0024F8E759F824004C
:108130004146F7F751F908B90134F0E7600040F023
:108140000100BDE8F08700BFCCCE05082DE9F04165
:10815000002507460E4690462C46B54204D16000E5
:1081600040F00100BDE8F08157F825004146F7F7DF
:1081700033F901350444F0E703685A7C03EB8203CA
:108180001869704707B50646FFF7F6FF85680C4685
:1081900025B10A4601AB0C213046A8472046F6F728
:1081A0005BF82DE9F041044686B00868FFF7E4FF6C
:1081B000012C0D46064629D94C686410601C25D058
:1081C000214602A8E9F762F8621C01D0BCB1013C6B
:1081D000012102A8E9F7BEF837680146804601ABE5
:1081E00028680122B847411C21D101990B291BD1D4
:1081F000039B012B11D0012102A8E9F72CF9337B55
:10820000DB0702A81AD5FCF70BFE0AE0102102A832
:10821000E9F73CF84FF0FF34D6E702A8E9F760F839
:10822000062006B0BDE8F0812868FFF7ABFF002804
:10823000E1D098F800300A2BC6D1E0E7FCF70CFE3D
:10824000EFE737B50446FFF797FF0421856801ABD8
:1082500000222046A847013003D101992046FFF7AC
:1082600091FF062003B030BD0868FFF7EABF37B5BD
:108270000446FFF781FF0121856801AB00222046FB
:10828000A847013003D101992046FFF77BFF062064
:1082900003B030BD37B5002101900846FAF7E4FE7F
:1082A000044601A90120FFF77CFF0546F6F7EEFF23
:1082B00020B129462046FAF746FCF2E7204603B0F3
:1082C00030BD2DE9F0479A4681461546FFF754FF29
:1082D0009DF82070D0E9008317F0020F4FF00004E2
:1082E0000E4618BF9846CAF8004007F001077DB156
:1082F00053462A4631464846C04748B1431C0AD136
:10830000DAF800300B2B03D114B10023CAF8003087
:108310002046BDE8F087002FFBD106442D1A044407
:10832000E5E72DE9F043012889B00F46904605D0D6
:108330004868F6F767FE0546681C39D13F6838463D
:10834000FFF71AFF4FF48071814604A8E8F79EFFFB
:10835000DDF818804FF4807500264146D9F80040BA
:1083600003AB2A463846A047411C08D103990B2984
:1083700002D1A6B906202CE03846FFF703FF70B102
:108380008542064402D92D1A8044E6E74FF48071F5
:1083900004A8E8F7C9FF4FF480758046DDE799F837
:1083A0000C300596DB0704A811D4FCF755FD10E04E
:1083B0003868FFF7E1FE037BDA0706462C462946BC
:1083C00004A857D5E8F762FF00262CB904A8FCF7EB
:1083D00027FD09B0BDE8F083214604A8E8F7BAFFFD
:1083E00000230093014603AB38682246FFF769FF7C
:1083F000039B80466BB1214604A8E9F72CF803994A
:108400000B294AD1059B002BE0D104A8E8F768FFAF
:10841000B0E7844206D9211A04A8E9F71CF8B8F19C
:10842000000FD3D0DDE9054188578B5D0028324627
:1084300015DA03F0E000C02813D003F0F000E028C4
:1084400011D003F0F803F02B14BF052304231E44BE
:10845000A6420AD805F1FF35E6D12C46B5E701233F
:10846000F5E70223F3E70323F1E72C1B013C344437
:108470001646AAE7E8F718FFCDF8008003AB069987
:1084800038682A46FFF71DFF039B43B104A8E8F7AD
:1084900027FF03990B293FF46DAF38686DE7337BF5
:1084A00005907FE70022FFF73CBF0122FFF739BFAD
:1084B00073B50546CDE900121E46FFF75DFE0221A9
:1084C000846833466A462846A047431C18BF009874
:1084D00002B070BD73B5064648680C46F6F792FDCB
:1084E000032E05460DD0002D12DB002201AB2068C3
:1084F0002946FFF7DDFF431C0DD101992068FFF7E6
:1085000041FEA068F6F77EFD02460028EBD0EDE7BD
:108510001620F5F7A1FEFAF77EF802B070BD1FB580
:108520000123019001A90320CDE90230FFF7D2FF1A
:1085300005B000BD10B50C46F6F76AFC437C73B17C
:1085400000EB8300E107006901D503683BB1A20796
:1085500001D543681BB1630705D583681BB9024980
:108560000248F4F74FFE10BDD2CE05089820060849
:108570001FB5009303AB0446FFF7A3FE039921B197
:108580000B2907D02046FFF7FDFD400040F0010019
:1085900004B010BD0620FBE77FB512F0020F0D46B8
:1085A00016460CBF02220122044642F0040268680B
:1085B00001A9F6F759FF032C12D1A868F6F72EFD92
:1085C00000240299091B81420A460291019928BFA1
:1085D0000246334628682144FFF7CAFF04B070BD45
:1085E000042C0BD1A868F6F719FD0446E868F6F7E5
:1085F00015FD029B9C4228BF1C46E2E700244FF079
:10860000FF30DEE70222FFF7C7BF0322FFF7C4BF38
:108610000022FFF7C1BF0122FFF7BEBF0223FFF711
:10862000A7BF13B5019001A90120FFF7BAFD0446C9
:10863000F6F72CFE002814BF2046002002B010BD23
:10864000512810B52AD8412802D8012846D010BD9B
:1086500042380F28FBD801A454F820F0DD86030827
:108660004F8603084F8603084F8603084F8603088A
:108670004F860308E1860308F58603084F86030842
:108680004F860308F58603084F8603084F860308C4
:108690004F860308F5860308E786030862281DD085
:1086A0006838C4B2092CD2D80928D0D801A454F80B
:1086B00020F000BFE1860308F58603084F86030813
:1086C0004F860308F58603084F8603084F86030884
:1086D0004F8603084F860308E78603088B54B6E7E6
:1086E00021F81230B3E701EBC200DC1741F8323059
:1086F0004460ACE741F82230A9E700BF402810B53C
:1087000032D00BD800F0FD003C2807D1642917D8DF
:10871000482906D8422931D0482952D02D48F5F7AA
:1087200077FBA1F14900C0B2012303FA00F040F247
:10873000C944204249D1284B034083B962291CE037
:108740006539C9B20C29E9D8012303FA01F010F008
:10875000920F3AD110F0090F34D10C29DED1012348
:10876000082002B1136010BD64291CD848290CD818
:10877000422903D0482922D00129CFD1012318460C
:10878000EFE70C29CAD10823F9E7A1F14900C0B2EB
:108790000123834040F2C940034218D10E481840DB
:1087A0000028CBD0EFE76539C9B20C29B6D8012330
:1087B0008B4013F0920F07D113F0090FE1D0022381
:1087C000DDE701230220CCE704230420C9E70423CA
:1087D000D5E700BFDDCE050800010008512808B527
:1087E0002CD8412803D8012857D0002051E0423826
:1087F0000F28FAD801A353F820F000BF9B88030884
:10880000EB870308EB870308EB870308EB87030874
:10881000EB870308A5880308AB880308EB870308E8
:10882000EB870308AB880308EB870308EB87030893
:10883000F9880308FF880308C78803086238C3B2B1
:108840000F2BD2D80F28D0D801A353F820F000BFA7
:1088500091880308EB870308E7880308EB87030880
:10886000D7880308EB8703089F880308FF8803085D
:10887000EB870308EB870308FF880308EB870308EF
:10888000EB870308EB870308EB870308B788030827
:108890008856400040F0010030E0885CF9E731F98B
:1088A0001200F6E731F81200F3E7BDE8084051F88E
:1088B0002200F9F7B0BE01EBC201BDE80840D1E9E2
:1088C0000001F9F77DBE01EBC201BDE80840D1E926
:1088D0000001F9F790BE01EB820191ED000ABDE8BD
:1088E0000840F8F70FBE01EBC201D1E9000120F00A
:1088F00081FC00EE100AF2E751F8220008BDBDE845
:10890000084051F82200F9F76BBE00BF70B504466D
:1089100062B9421E13444FF0FF3549B193F900206C
:10892000D01701460022A24204D170BD0125F4E710
:108930000846F7E71E78090241EA10612B4446EA2F
:1089400000200132EFE72DE9F3410646174601AA60
:108950001C680D469846FFF7D1FE402E07D1019ABC
:10896000E41B531E1C44524214403C443C26231832
:10897000C8F800302346A6F13E04624262415A2DF7
:1089800094BF00210121FFF7C1FF4F2D0B4642D0BC
:10899000532D04D102B0BDE8F041FCF785BA652D36
:1089A00008D100EE100AB2EE400A02B0BDE8F04174
:1089B000F8F7A8BD662D02D100EE100AF5E7642D88
:1089C00004D120F017FC00EE100AEEE75A2D12D960
:1089D00010F1804441F10005B4F1004F75F100053C
:1089E00004D202B0BDE8F041F9F7FABD02B0BDE82B
:1089F000F041F9F7E5BDB0F1804F73F1000104D209
:108A000002B0BDE8F041F9F706BE194602B0BDE874
:108A1000F041F9F7F0BD02B0BDE8F0812DE9F34176
:108A200090429DF82080019304460D46174601AE02
:108A300014D9D9170246C9B2284612F099F8B8F1EC
:108A4000000F16D0E41B25443C4626442C44A54286
:108A50000CD016F8013D05F8013BF8E7B8F1000F1E
:108A6000F3D122463146284612F038F802B0BDE86C
:108A7000F0813C46F5E700002DE9F04788B0144648
:108A8000109F05AA06463D6889469A46FFF736FEBE
:108A9000402E804608D1059BA5EB0A055A1E1544B9
:108AA0005B421D4055443C2605EB08033B60A6F1A4
:108AB0003E035F425F41B9F1650F29D014D8B9F187
:108AC0004F0F1BD0B9F1640F2BD014F0030358D112
:108AD00021682E4A914254D1B8F1040F41D8204662
:108AE000F9F7BBFD03460AE0B9F1660FEDD1204668
:108AF000F6F7DEFA8DED030A039B00E0234604221D
:108B000029464046109708B0BDE8F047FFF786BFFA
:108B10002046F6F7CDFAB3EE400A10EE103A9BB2BB
:108B2000EDE72046F6F7C4FA10EE100A20F00AFB33
:108B300008ABCDE9060103EB87030097042253F845
:108B4000083C29461046FFF769FF3E3E08AB18BFB8
:108B5000012603EB8606043556F8083C4FF004085E
:108B6000CDE7B9F15A0F019394BF0023012300937D
:108B70002A463B4608212046F9F7E4FE08B0BDE846
:108B8000F0872046F6F73EFAACE700BFE02506087E
:108B900064282DE9F34105460C4690461E4627D031
:108BA00066281BD04F282FD013F003073DD11A6839
:108BB000204B9A4239D101463A464020FFF79EFDAC
:108BC000042824D83046F9F748FD0346424621469A
:108BD000284602B0BDE8F041FFF732BD184601EB70
:108BE0008204F6F765FA84ED000A02B0BDE8F08170
:108BF000184601EBC204F6F75BFA10EE100A20F0FB
:108C0000A1FAC4E90001F0E741F82230EDE75A2D5E
:108C100094BF00250125019700953B4604EBC8024F
:108C200008213046F9F78EFEDFE73046F6F7EAF91D
:108C3000CBE700BFE025060881680348022242EA2C
:108C4000C101F5F7A1BE00BF0C0500202DE9F04FD2
:108C500083B0044600AF18460E46BA219846154622
:108C6000F7F77AFF0022814641F65A3108F10400F5
:108C7000F5F78AFE391D80464846FCF759FD7A68AB
:108C800001460244B8F1000F00D0013C4CB99142BA
:108C90000AD11C491C48F4F7B5FA12F8013D2E2BF5
:108CA000F3D09142F9D3F2E7D5F800A0541A04EBBF
:108CB0000A0808F1080323F00703ADEB030D6B4628
:108CC000224668464FEAD30BE94611F007FFBAF196
:108CD000000F0AD02E23601C04F83B303168524646
:108CE000684411F0FBFE08F1010841464846E8F7E8
:108CF00033F9E8F7F0F90C373060C5F80080BD466D
:108D0000BDE8F08FEACE05087021060810B5E8F737
:108D10002CFB09490822044611F08EFF014630B9A8
:108D2000024604F10800BDE8104003F0DBBA20461B
:108D3000BDE810400BF06EBEFECE050830B5D20087
:108D400085B00D4642F002024FF45A710446F4F722
:108D5000EFFC0C4B626819690291D968039168466F
:108D60000949C3E90322E7F723FA002221462846EE
:108D7000F3F70EFEF4F74AFB0120E7F721FA05B0FE
:108D800030BD00BFBC0400203DCF02080A6870B5AA
:108D9000D20005460C4642F002024FF45A71F4F735
:108DA000C7FC6B6820461A46BDE870400121F4F705
:108DB00033BB0000F0B5044685B008460E46E8F720
:108DC000D4FA1E490822054611F036FFF8B905F11C
:108DD00008076A4601A9384603F084FA019B012B73
:108DE00004D100992046FFF7D1FF0EE0022B0ED1EF
:108DF000009D95E80300C4E902013846E8F74CF904
:108E0000A96802462046FFF799FF05B0F0BD284645
:108E1000E8F742F973681D44074615F8033C6D2BCB
:108E200007D102A90294F4F77DF8DDE902013A4680
:108E3000E9E7EAF7C0FD0146D4E700BFFECE05082A
:108E400010B50446FFF762FF02280ED061680122C8
:108E500002392046E8F7E7FA6D2303702046FFF752
:108E600055FF831E58425841400010BD10B50446BE
:108E7000FFF74CFF012808D020460449E8F7C6FA5E
:108E80002046BDE81040FFF7DBBF10BD4ED20508FD
:108E90002DE9F04F0328B1B006460D4609D9042844
:108EA000D1F80CA01ED00C69641005D50020F4F791
:108EB000AFFF00244FF0060A286803A9FCF738FC2E
:108EC0000490BCB1794B012E1A690DD96B68062B41
:108ED0000AD09A0703D11968754A914205D000203B
:108EE000F5F770F90024E7E7134603AA04A9204622
:108EF000FFF7ACFE039B002BD8D00023DFF8ACB10A
:108F000001251C461F46039AAA4207D2BAF1060F52
:108F10000CBF3846204631B0BDE8F08F049E02D029
:108F2000725D2E2A23D1294630460193E8F714F8C2
:108F3000019B8046E91AF018E8F70EF806AA0646E3
:108F400005A9DBF83C01F6F705F9059B8BB14FEA63
:108F5000C8015848002241F00201F5F715FD40B163
:108F6000D0F80490002F08BF4F466B1C4C460135CB
:108F7000C9E710AA80210CA8E8F79EF9002C3CD183
:108F800021463046FAF796F981460028EAD1DBF807
:108F90003C0108AA07A9F6F7DDF8079B99450BD312
:108FA00001213046FAF786F981460028DAD1424994
:108FB00042484246F4F72FF900230D93089B09A974
:108FC00053F82900FCF7B4FB099A014632B10CA80A
:108FD000E8F74AF92F210CA8E8F7DDF93046E8F761
:108FE0007AF801460CA8E8F711FA0CA8FFF73EFF43
:108FF000034610BB09F10109CFE7204609AA40F258
:109000006B31F4F79BF809980028D0D0FCF71EFBD1
:1090100001460CA8E8F7FAF92F210CA8E8F7BBF9EC
:109020003046E8F758F801460CA8E8F7EFF90CA825
:10903000FFF71CFF03460028B9D040460193FAF71A
:1090400017F91F49CDF82C80814609A8E7F7B0F839
:10905000019B012B24D1DDE90D10FBF703FF40F24A
:109060006B3102464846F4F763FB1649DDF834805D
:109070000CA8E8F7CBF90CA8FFF7E2FE022803D111
:109080000CA94846FFF796FECDF8348024B14A4635
:1090900031462046F4F74CFB0020E7F791F861E7F2
:1090A0000CA94846FFF786FEF0E700BFBC0400208D
:1090B000D81E06080C05002007CF050870210608F9
:1090C000398C030845D2050837B50C4601A920683C
:1090D000FCF72EFB05466068FCF7F6F82946019A76
:1090E0000023EAF75CFC0546A068FCF7EDF8512880
:1090F00008D040F21E53984212D0502812D00A488D
:10910000F4F786FE012100231A462846F4F784F975
:10911000064904460820F5F76EFE446003B030BDF2
:109120000021F0E70221EEE717CF0508D81C06085A
:10913000F0B5DFF8E0E001280F46164685B0DEE91D
:1091400003213FD97C68062C14D0A5070FD12C4DE4
:109150002368AB420BD1A44602280ED0BD68062D71
:109160000BD0AB0703D126482B68834206D00020E2
:10917000F5F728F894460C46EEE765463F68B807D1
:1091800023D120483B6883421FD1CDE902126846B3
:109190001D49CEE90354E7F70BF87868830708D137
:1091A00003681A4A934202D0194A934201D1436894
:1091B0005C60F4F72BF904460120E7F701F820463C
:1091C00005B0F0BD15460C46D8E76EB93846FCF739
:1091D0007BF8EAF7F0FB01262B462246314605B024
:1091E000BDE8F040F4F718B9694605223846F6F7AD
:1091F0003BF9DDE900120023E220EAF7D0FBEBE7C0
:10920000D81E0608D81C06083DCF02081C240608F4
:10921000FC230608BC0400200222FFF789BF0122BC
:10922000FFF786BF0022FFF783BF70B506460D46E5
:1092300000246B68A34200D870BDAB6853F83410AB
:1092400021B1042902D03046F9F77DFC0134F0E762
:109250002DE9F74338B94F494F48E8F71CF9062084
:1092600003B0BDE8F0830C6842F27A439C424CD1D3
:1092700000210846F9F7F8FE48490190FFF7D5FFAD
:1092800047490198474CFFF7D0FF019E257875B9F3
:10929000454A01A90120F9F73DFD019BD3E9028967
:1092A00008F10306B608AE420FD14049D4E7204684
:1092B00011F09CFCC11E451C2046FBF7D3FD014666
:1092C0003046F9F740FC2C44E0E72F4659F82700D8
:1092D000FCF7BCF9374401462F48E8F7DCF8B845FD
:1092E0000DD9C0F11204002C07DD013C30492A4899
:1092F000E8F7D1F8002CF8D1E8E71234F3E72D496C
:109300002548E8F7C8F80135CDE72046F5F780FD98
:10931000294905462048E8F7BEF800212046F5F720
:10932000A9FDEA8825491C48E8F76AFC244B9D42C0
:1093300024D164680434002563689D428FD2A368F9
:1093400053F8356003EBC502B6B1042E14D01D49A5
:1093500011485768E8F79FF800213046F5F78AFD75
:1093600019490D48E8F797F800213846F5F782FDCE
:1093700010490948E8F78FF80135DDE7134B9D42A6
:1093800018BF2C46E37C002B3FF469AF04EB830449
:109390002469CFE74CA10608483F0608E8270608DD
:1093A0005427060814450608401F060828CF05085C
:1093B00089DD050849DE05084CCF050854CF0508AE
:1093C0007428060888DD050864CF0508BC31060846
:1093D000014B1869704700BFBC040020014BD868DE
:1093E000704700BFBC0400202DE9F043174C85B046
:1093F000804600200D46D4F80C90F7F7C5FBE060DE
:1094000007462868F4F702F8B8F1020F0646C4F8D8
:109410000C9019D0A868F5F7FBFC04466B68019323
:1094200005F10801A8F10200FDF79CFC01ABCDE9B4
:109430000207002203212046F3F7C6FF062E18BFBD
:10944000706005B0BDE8F083014CE7E7BC04002084
:10945000BC31060801460720F3F72EBF014606205F
:10946000F3F72ABF0021F4F787B91FB56946F4F76F
:1094700083F904462046F4F7F3F910B91E2004B02E
:1094800010BDF5F703FF0028F4D10E20F7E71FB554
:109490006946F4F771F904462046F4F7E1F910B98A
:1094A0000E2004B010BDF5F7F1FE0028F4D01E2008
:1094B000F7E707B542F61243CDE9003000226946CE
:1094C0000220FDF793F803B000BD08B5F5F71EFDC7
:1094D00000280CBF0E201E2008BD000010B586B06D
:1094E000F5F790FDB0F5881F044602D30848F4F75D
:1094F0008FFC01AA02A80421E7F7DEFE214602A89C
:10950000E7F749FFDDE90310FBF783FC06B010BD68
:1095100080CB05080A4601462320F4F781BC0246A9
:1095200040F2D2612120F4F77BBC024640F2CA61CE
:109530002120F4F775BC30B50B46012885B014BF67
:109540004C68044669461868F4F716F9054628463B
:10955000F4F786F9024610B9204605B030BD214621
:109560001B20F4F75DFC0446F1E7000001281FB55D
:109570000B4603D118680021F5F77CFC10216846E2
:10958000E7F784FE0A49684611F07CFE032803D100
:1095900008480021F3F736FE019919B9042801D1D2
:1095A0000548F7E76846FBF73BFC05B000BD00BF88
:1095B00000DE0508FC220608942106082DE9F04F7C
:1095C000924685B083468946002240F24A31504691
:1095D0009846F5F7D9F9054600B14568BBF1010F8A
:1095E0004AD1D9F800006946F4F7C6F8002483464A
:1095F000A1465FFA88F85846F4F732F9064660B992
:109600003CB9224641F6C2615046F5F7BDF9C8B1F2
:109610004468204605B0BDE8F08F8DB1314628463C
:10962000F3F726FF074644B139464A464046F4F769
:10963000F7FB1E281CBF26464F463446B946DAE7DC
:109640003746F0E70F48F4F7E3FB59F8267025B1E9
:1096500039462846F3F70CFF074634B152463946DF
:109660004046F4F7DDFB1E2802D159F82640BA46E1
:1096700001365E45E9D1CCE700263446B2465FFAB2
:1096800088F8F6E769CF05080123FFF797BF0023A5
:10969000FFF794BF37B501A90546FCF749F805F077
:1096A0000703022B044605D0AB0712D12A680F4BE3
:1096B0009A420ED101992046E8F7E0FA01280246C5
:1096C00001900ED12046E8F7A8FAF8F789FF03B019
:1096D00030BD019A012A04D12078400040F00100F9
:1096E000F5E703490348F3F796FD00BFE02F0608AE
:1096F00070CF0508E41F06082DE9F04188B005ACDD
:109700001B4B01940F460021009306460323084695
:10971000F5F778F802210798FEF70CFF079B0393F3
:109720002146144B0598069D0493FCF701F806A901
:1097300080462846FBF7FCFF00240546B44208D1CA
:109740000398069A2946FEF769FF062008B0BDE88F
:10975000F08124B1059A03984146FEF75FFF57F860
:109760002410002203A8F5F767FB0134E6E700BFE9
:10977000643306081D86030810B586B004466A46A1
:1097800002A81021E7F7A0FD012221466846F5F75F
:1097900053FB02A8FBF75AFB06B010BD2DE9F041C0
:1097A0000C68E2072DED028B06460D4605D4A30793
:1097B00052D122683C4B9A424ED1012E45D968685D
:1097C000F5F720FC021E40DA5242520042F001023C
:1097D00015212220F4F724FB0522014605461F200F
:1097E000F4F71EFB2A46804621462120F4F718FB99
:1097F0002146024607461C20F4F712FB3A4606466D
:1098000041460120F4F70CFBF5F740FDE0B9424674
:1098100039460120F4F704FBF5F738FD2A4638B144
:10982000BDEC028B31461B20BDE8F041F4F7F8BADD
:1098300021461F20F4F7F4FA032201461820F4F71A
:10984000EFFAF5F723FD28B93446BDEC028B20462C
:10985000BDE8F0812A46E3E72046F5F729FC012E12
:10986000F0EE408A18D96868F5F7CCFB00EE900A54
:10987000B2EE040AF8EEE00A0FF020FEB0EE408AE5
:1098800028EE800A10F02AFC80EE080ABDEC028B5C
:10989000BDE8F041F7F736BE10F020FCBDEC028BBE
:1098A000BDE8F041F8F704BCE0250608012813B52F
:1098B0000B46144602D90848F4F784FC0022012123
:1098C0000648F9F7BBFB2246019001A90120F9F7F0
:1098D00021FA019802B010BD89CF050808270608B3
:1098E00013B504460846FBF7EFFC002301466A4621
:1098F0002046F3F765FC009B002B0CBF0E201E20BA
:1099000002B010BD37B50228D1E900508CBF8C6879
:109910000024FBF7D9FC01466CB96A462846F3F7E8
:109920000BFE009820B1019909B1F6F7FBFA044645
:10993000204603B030BD00236A462846F3F740FCBA
:10994000EFE738B5044608461546FBF7BDFC2A4646
:1099500001462046F3F7ECFE062038BD0022FFF753
:10996000F0BF0000012810B508680C4606D1F3F7D7
:1099700047FF38B9044B186AF4F758FCF3F770FF47
:1099800000B9606810BD00BFBC04002002280B466F
:10999000D1E9000102D09A68062A04D10A4601469C
:1099A0002220F4F73DBAF8F79DBD0000062813B554
:1099B000044614D0012201460A48F5F73DFA0A4947
:1099C0000848E7F768FD0423CDE90034074B084851
:1099D0005A7B03EB820308211B696A4698470620DD
:1099E00002B010BD483F060849DE05087428060885
:1099F0007C330608F7B50F46002105460846F9F7FF
:109A000033FB1C4B04468DB9DE68B368AB4202D809
:109A1000204603B0F0BDF36853F8351021B1042996
:109A200002D02046F9F78FF80135EEE75B6A5E68F1
:109A3000DB68C6F31E061E440225B542E8D20023A9
:109A400038686A462946F3F7BBFB009B83B1022DB9
:109A500008D1019B33B100216A460846F3F71BFD8C
:109A60000446D5E7E90041F002012046F9F76BF81A
:109A70000135E2E7BC040020024B0022A3F84C238E
:109A800006207047BC040020024B0122A3F84C239F
:109A900006207047BC040020034BB3F84C33002B66
:109AA0000CBF0E201E207047BC04002008B51CF01F
:109AB000C7FD062008BD00B589B001A8E6F736FE4F
:109AC0000398400040F0010009B000BD00B589B026
:109AD00001A8E6F72BFE0298400040F0010009B013
:109AE00000BD000010B50D4C40B9D4F85403431C20
:109AF0000ED0BDE810400001F8F772BD0868F5F718
:109B000081FA002805DA4FF0FF33C4F854330620F9
:109B100010BD0009C4F85403F9E700BFBC040020DD
:109B200000487047003906087FB50E46154640F2DA
:109B300047416A461C46F3F7FFFC3046F8F76BFDD9
:109B400002902846F8F767FD6A460390002102203C
:109B5000F3F7A1FCF5F756FA0028BEBF404220609B
:109B60004FF0FF3004B070BD70B588B00E4615469A
:109B70000C9901AA1C46F3F7DFFC104B049301205B
:109B800004AB01AA0021CDE9050507960393F3F77D
:109B900082FC062805D10B2323604FF0FF3008B06C
:109BA00070BDF5F72FFA021E04DBAA421046F6D963
:109BB0000523F1E752422260EFE700BF001C0608D0
:109BC00013B5A4240094FFF7CFFF02B010BD13B566
:109BD0007E240094FFF7C8FF02B010BDB0EEC00AAB
:109BE0007047000008B510F0E3F8DFED027A20EED0
:109BF000270A08BD3BAAB83F08B5F5F759FAB4EEF5
:109C0000400AF1EE10FA74BF0E201E2008BD0000BD
:109C100008B5F5F74DFADFED067AB0EEC00AF4EEBE
:109C2000407AF1EE10FAB4BF0E201E2008BD00BF2E
:109C3000FFFF7F7F08B5F5F73BFADFED067AB0EE60
:109C4000C00AB4EE670AF1EE10FAD4BF0E201E204F
:109C500008BD00BFFFFF7F7F08B50148F4F7D8F8C3
:109C600096CF050810B52DED048B84B002AB0C46E1
:109C700001932D4B0093083102230238F4F7C2FD03
:109C80002068F5F715FA6068F0EE408AF5F710FAEB
:109C90000298B0EE409A90B1F5F70AFAB0EE408A19
:109CA0000398F5F705FAB5EEC08AF1EE10FA04D480
:109CB000B5EEC00AF1EE10FA04D5FFF7CDFF9FED27
:109CC0001B8AEDE7F4EE498AF1EE10FA18D078EE2F
:109CD000C97A9FED177AF0EEE77AF4EE477AF1EE63
:109CE00010FA1EDCB4EEE70AF1EE10FA08DA68EEBC
:109CF000288AF0EEE88AF4EEE78AF1EE10FA04DB47
:109D00001E2004B0BDEC048B10BD28EE098AB0EE15
:109D1000C88AB4EEE78AF1EE10FAACBF1E200E201E
:109D2000EFE70E20EDE700BF203906085F708930AD
:109D3000FFFF7F7F10B52DED028B0C46F5F7B8F9CC
:109D4000B0EE408AA047B4EE400AF1EE10FA06D712
:109D5000B4EE488AF1EE10FA11D6FFF77DFF9FEDC1
:109D60000B7AF0EEC07AF4EE477AF1EE10FA06DDE7
:109D7000B0EEC88AB4EE478AF1EE10FAEDDDBDEC24
:109D8000028BBDE81040F7F7BDBB00BFFFFF7F7F30
:109D90000149FFF7CFBF00BF89AA04080149FFF7B7
:109DA000C9BF00BF95AA04080149FFF7C3BF00BFA0
:109DB00039A504080149FFF7BDBF00BF99A10408F8
:109DC0000149FFF7B7BF00BFDD9B03080149FFF75B
:109DD000B1BF00BF618004080149FFF7ABBF00BFFE
:109DE000BD7C04080149FFF7A5BF00BF797D0408C9
:109DF0000149FFF79FBF00BF35AA04080149FFF7DB
:109E000099BF00BFC1A904080149FFF793BF00BF74
:109E100029A104080149FFF78DBF00BFB1810408E3
:109E20000149FFF787BF00BF817E04080149FFF7A2
:109E300081BF00BFFD7B04080149FFF77BBF00BF66
:109E4000519D04080149FFF775BF00BF499F0408F1
:109E50000149FFF76FBF00BFC59E04080149FFF726
:109E600069BF00BFB19E04080149FFF763BF00BF8F
:109E7000E59B03080149FFF75DBF00BF4D9B040848
:109E80000149FFF757BF00BF119A04080149FFF7C6
:109E900051BF00BFD5AA040808B5F5F709F9DFEDF1
:109EA000047ABDE8084020EE270AF7F72BBB00BF75
:109EB000E02E654208B5F5F7FBF8DFED047ABDE862
:109EC000084020EE270AF7F71DBB00BF35FA8E3C8D
:109ED00038B52DED028B0D461446F5F7E9F8284606
:109EE000F0EE408AF5F7E4F8F0EE400AB0EE408A72
:109EF000B0EE680AA047B4EE400AF1EE10FA0BD7B4
:109F0000F4EE688AF1EE10FA1DD6B4EE488AF1EE4E
:109F100010FA18D6FFF7A0FEDFED0E7AB0EEC07A89
:109F2000B4EE677AF1EE10FA0DDDF0EEE88AF4EEA9
:109F3000678AF1EE10FA06DCB0EEC88AB4EE678AE2
:109F4000F1EE10FAE6DDBDEC028BBDE83840F7F724
:109F5000D9BA00BFFFFF7F7F014AFFF7B9BF00BF3B
:109F60006D8A0408014AFFF7B3BF00BFB9A0030818
:109F7000014AFFF7ADBF00BF317F0408014AFFF778
:109F8000A7BF00BFBD940408884270B50D4603D139
:109F9000BDE87040F8F724BB0A1A012A0AD14A002A
:109FA000410042F0010241F00101BDE870401D2076
:109FB000F3F736BF022A0ED1421C4100520042F094
:109FC000010241F001011D20F3F72AFF6A0001465A
:109FD00042F00102E9E700EB52042146FFF7D4FF0B
:109FE00029460646601CFFF7CFFF31460246DCE7F4
:109FF00008B5F5F707F8011E02DA0548F3F708FF80
:10A0000004D0BDE808400120FFF7BEBF032008BD13
:10A01000A4CF050808B5F5F74BF810F03FF8BDE8F8
:10A020000840F8F745B81FB500230193F5F740F84D
:10A0300001A810F0A1FCF7F765FA9DED010A029066
:10A04000F7F760FA02A903900220FCF78BFE05B037
:10A0500000BD10B52DED028B0C46F5F729F8204612
:10A06000B0EE408AF4F7CEFFB0EE480A10F06CFC78
:10A07000BDEC028BBDE81040F7F744BA1FB50023D2
:10A080000193F5F715F801A810F034FCF7F73AFA48
:10A0900002900198F8F7A4FA02A903900220FCF7B5
:10A0A00061FE05B000BD08B5F5F702F80FF0C0FF7E
:10A0B000BDE80840F7F7FCBF10EE903AB0EEC00ADA
:10A0C000002BB8BFB1EE400A704708B5F4F7F0FFB7
:10A0D0000FF07AFFBDE80840F7F7EABF38B505464C
:10A0E0002DED028B08680C46F4F7E2FFB5EEC00ACE
:10A0F000F1EE10FA01D8FFF7AFFD0FF059FE012D78
:10A10000B0EE408A05D1BDEC028BBDE83840F7F7D0
:10A11000F9B96068F4F7CCFFB5EEC00AF1EE10FAB9
:10A12000E9D9B7EE007AB4EE470AF1EE10FA03D19E
:10A1300004490548F3F766F80FF03AFE88EE000A86
:10A14000E1E700BFE1C605080022060800B52DEDD5
:10A15000048B83B001AA6946F4F7EAFFDDED008ABB
:10A16000B0EE680A10F02CFC9DED018AF0EE409AEA
:10A17000B0EE480A0FF0A6FEB0EE409AB0EE680AC4
:10A180000FF0D2FFF0EE408AB0EE480A0FF0DCFE8E
:10A1900068EE800A29EE890AF5F78AFF03B0BDEC64
:10A1A000048B00BD00B52DED048B83B001AA694678
:10A1B000F4F7BEFFDDED008AB0EE680A0FF0B4FFE1
:10A1C0009DED018AF0EE409AB0EE480A0FF07AFE5B
:10A1D000B0EE409AB0EE680A10F0F2FBF0EE408A62
:10A1E000B0EE480A0FF0B0FE68EEC00A29EE890A08
:10A1F000F5F75EFF03B0BDEC048B00BD00B52DED9F
:10A20000048B83B001AA6946F4F792FF9DED018AA1
:10A21000DDED008A28EE080AF5EE000AA8EEA80A8D
:10A220000FF04CF9F0EE680AB0EE409AB0EE480A32
:10A230000DF07EFEF6EE007A20EE278AB0EE480A98
:10A240000FF072FFF0EE408AB0EE480A10F0B8FB53
:10A2500060EE090A28EE890AF5F72AFF03B0BDEC83
:10A26000048B00BD00B52DED048B83B001AA6946B7
:10A27000F4F75EFF9DED018ADDED008A28EE080A05
:10A28000A8EEA80A0FF014FEF0EE680AB0EE409AAD
:10A29000B0EE480A0DF04CFEDFED060A60EE200A33
:10A2A000B6EE000A29EE000AF5F702FF03B0BDEC96
:10A2B000048B00BDD95BDE3E00B52DED048B83B071
:10A2C00001AA6946F4F734FF9DED018ADDED008AAD
:10A2D00028EE080AA8EEA80A0FF06AFDF0EE680A58
:10A2E000B0EE409AB0EE480A0DF022FEF0EE400AC1
:10A2F000B6EE000A29EE000AF5F7DAFE03B0BDEC6F
:10A30000048B00BD00B52DED048B83B001AA694616
:10A31000F4F70EFF9DED000A0FF07AFBB0EE408AD5
:10A320009DED010A0FF000FFB0EE409A9DED010A8D
:10A3300010F046FB60EE080A29EE080AF5F7B8FEB1
:10A3400003B0BDEC048B00BD10B52DED048B0C46A5
:10A35000F4F7AEFE2046B0EE408AF4F7A9FEB0EE68
:10A36000409A0FF0E1FEF0EE408AB0EE490A10F09C
:10A3700027FB60EE080A28EE880ABDEC048BBDE8D6
:10A380001040F5F795BE07B501AA6946F4F7D0FE6F
:10A39000DDED000A9DED010A0DF0CAFDF7F7B2F8F8
:10A3A00003B000BD1FB501AA6946F4F7C1FE9DEDDB
:10A3B000010ADDED007A20EE000AA7EEA70A10F0F0
:10A3C00089FBF7F79FF8DDED000A9DED010A029089
:10A3D0000DF0AEFDF7F796F802A903900220FCF706
:10A3E000C1FC05B000BD08B5F4F7C6F9400040F067
:10A3F000010008BD10B50446F4F7BEF9084B094941
:10A400005B6802460848E7F7FBFB0748E6F75AFC9B
:10A41000012C02D10448E6F773FC062010BD00BFF2
:10A42000BC040020B0CF0508E80E06081FF004B9F0
:10A4300008B5F4F7E7FD10F03FFF062008BD000067
:10A4400008B5E6F713F8034B18894008400040F0C0
:10A45000010008BDBC04002008B5E5F7FFFF062099
:10A4600008BD000010B586B0044605AB04AA03A9D8
:10A4700002A8E6F74BFE059B0193049B0093064957
:10A480000648DDE90223E7F7BBFB012C01D1E6F723
:10A4900077FE062006B010BDC5CF0508E80E0608F9
:10A4A00008B5084B984205D107490848F3F766FFFD
:10A4B000062008BDF3F73CFF0028F9D10449054800
:10A4C000F2F7A0FE403D06082DA403081408002062
:10A4D0000DD005087420060810B5074C28B9D4F82B
:10A4E0001002400040F0010010BD0868F4F78AFD3A
:10A4F000C4F810020620F7E7BC04002002681378B5
:10A500003E2B06D83B2B06D8212B07D040231846DC
:10A510007047402BFAD101320260F8E73E23FAE798
:10A52000F8B5056806462C46274614F8010FE7F7EC
:10A53000C9FB03460028F7D1C5F1010530680A229E
:10A540007919F1F7EBFF34604010F8BD2DE9F043C5
:10A5500085B00024019001A8FFF7D0FF0E46074602
:10A560002546019B187820B92846346005B0BDE81F
:10A57000F083E7F7A7FB70B101A8FFF7D1FF804692
:10A58000DDF8049099F80010782907D1444409F1C6
:10A5900001030193E5E74FF00108F1E7732901D1C9
:10A5A0000135F3E703AA3846FEF7A8F8039A4544B5
:10A5B000531E5242B8F1000FE9D01C44144008F178
:10A5C000FF380444F6E707B5FBF740F801A9FFF7A9
:10A5D000BDFF0198400040F0010003B000BD000045
:10A5E0002DE9F04F064689B008680D46FBF72EF8B6
:10A5F00003A90290FFF7AAFF834602A8FFF77EFF98
:10A60000002101905846FCF7ADFB0522814605A9C3
:10A610006868F4F729FF059C069F0494022E19D957
:10A62000A868F4F7EFFC002805DA069BC01802D5ED
:10A630002548F3F7EDFB049E06440496039B3C4437
:10A640003344A342F4D800255D4505D3484609B0FC
:10A65000BDE8F08F2646F1E7029B1878E7F732FB5A
:10A6600068B102A8FFF75CFF0446029F3B78782B95
:10A6700007D1049B2344049301370297E4E70124A4
:10A68000F3E7732B09D009F1040808EB8508A2460B
:10A69000BAF1000F0DD12544EEE704982146FAF7F0
:10A6A0000DFC049B23440493AB1C013549F82300A3
:10A6B000E2E73978019804AB3246FEF744F90AF133
:10A6C000FF3A48F8040FE3E721D005082DE9F04FE1
:10A6D00089B0994690460391FAF7B8FF049004A810
:10A6E000FFF70CFF039B0293834600240DF10C0A35
:10A6F000444502D309B0BDE8F08F049B18780028C8
:10A70000F8D0E7F7DFFAA0B104A8FFF709FF054684
:10A71000049F3B78782B0ED103982A46002110F035
:10A7200027FA039B2B4403932646013704973446AC
:10A73000DEE70125ECE7732B06D06619B442F4D0AE
:10A74000A0451CD14646F0E759F82400052205A98A
:10A75000F4F78AFE069B05990398AB4228BF2B4667
:10A760001A46661C1C4610F0B9F903982A1B0021F2
:10A77000204410F0FDF9039B2B440393D5E739786F
:10A78000CDF800A059F82420029B5846FEF774F932
:10A790000134D3E72DE9FF410D46804655F8040BFF
:10A7A0000E46FFF710FF441021466846E6F77CFD91
:10A7B000029F22460021384610F0DAF930682B4615
:10A7C00008F1FF323946FFF781FF6846FAF744FB8C
:10A7D00004B0BDE8F0810000F0B50C4685B006225B
:10A7E00001A907466068F4F73FFEA068F4F70AFC89
:10A7F0000028029E04DA801902D50B48F3F708FB03
:10A80000019D2E4405442068FFF7DDFE05EB600046
:10A810008642F2D3206804F10C03FA1E2946FFF7A2
:10A8200055FF062005B0F0BD21D0050808B518B9C0
:10A8300001460348F2F7E6FC09680148F3F7ECFC2F
:10A8400020230608012813B50C460ED960680221A2
:10A85000FDF770FE636800936846054B216801931D
:10A86000F4F710FB062002B010BD024BF3E700BF67
:10A870001D8603085C8F06080846024B1146024AF3
:10A88000F8F75CBDF8050020883E060808B50146CB
:10A8900000220348F4F778F808B14068C00808BD02
:10A8A0002C40060810B584B00C460392D1E9012370
:10A8B0000C4902935528CDE90012236809D054F8B9
:10A8C000042C69461846F4F7A3FDA4F1080004B06F
:10A8D00010BD042269461846F4F79AFD2060204610
:10A8E00004B010BDD82C06082DE9F04FC389828929
:10A8F000DFF8188300F11407013B9BB007EB8207D8
:10A9000003EB4303043207EB8303059106460693EA
:10A9100000EB820A08A8E5F76DFC00284ED13368E9
:10A92000059A5968D6E901B5D1F80890002A58D09F
:10A930009BF80020682A54D0059B05901846F2F732
:10A94000BBFD0446E5F72CFC0994AA492068FDF7F5
:10A95000CDF928B173681A784B2A6FD0682A7AD05B
:10A960000998A54B984205D071680B785D2B01D0F2
:10A97000642B79D1069B9F420BD8726805E0069B39
:10A980000C3B0693069BBB4203D3069B1B6893427A
:10A99000F5D9069BBB42C0F0DB87069A069B069959
:10A9A0005B681268726023F00303886043F8040F49
:10A9B00008A8B360E5F71EFC0028B0D0099CC4E7E6
:10A9C00094F900302278002BC0F23087403A631CA3
:10A9D00003EB020B894BB3F91C2212B90120F3F7E8
:10A9E000EFFC5C46C6F804B014F8013B58F823307D
:10A9F00043F00103184794F900202378002AC0F29D
:10AA0000D2800134069A0C320692069A23441360CF
:10AA10007368069A1B78A3F14903B3FA83F35B09C1
:10AA200045EA43035360069B00229A60746014F861
:10AA3000013B58F8233043F00103184793F9011004
:10AA40005A780029C0F2A880023313447360B368B7
:10AA5000103BB3605EE70998B468F6F74DFB2060E1
:10AA600073680133736055E73368DD682B781C0623
:10AA700003F0030940F172876A1C0024531B9446BB
:10AA800012F8010B013B00F0040E0EFA03FE49EA36
:10AA90000E09C0F3C00E0EFA03F3000644EA0304E5
:10AAA000ECD41378A144C3F3450203F001041B0660
:10AAB0000CF1020515D54FF0060E4FF0000C15F8FD
:10AAC000013B0CF1010C03F0010000FA0CF004430F
:10AAD000C3F3450000FA0EF0024318060EF1060E0D
:10AAE000EDD4AB182846CDE90132039100F0D3FF35
:10AAF000B9F1FF3FDDE901320399844600F02B876D
:10AB0000CDE9011409F10109284603920024E34626
:10AB10000493013400F0C6FF4C45FAD1039A049B1C
:10AB2000DDE90114DC4601903068D0F804E00198BA
:10AB3000DEF80890984239F81CE0B9F800C080F0BF
:10AB4000498714442C44091B01220CE005F01F091D
:10AB5000894500F101004FEA551416D89842A1EB3F
:10AB60000901224411D290F900400578002CEDDA59
:10AB700090F801902C0104F4E06444EA090405F023
:10AB80000F09894500F10200E8D90998734661462A
:10AB9000F6F7C6FB0998EDE6997802F07F0242EAE3
:10ABA000C112033351E7627803F07F0343EAC21313
:10ABB000023427E7079B2B60013CE5F7F1FA069B7F
:10ABC0000F4A74600C33DB1B9B1002FB03F3B56070
:10ABD000F38101201BB0BDE8F08F0A490A48F6F75F
:10ABE000BDFA0446E5F7DCFA746102201BB0BDE84B
:10ABF000F08F00BF6C22060860250608BC04002008
:10AC0000ABAAAAAA18E8050850200608E8400608DA
:10AC1000AB46059A5BF80419C6F808B055F8040C61
:10AC2000002A00F08186059A0192002107AB059168
:10AC3000F2F7B2FC0128019ABCD0002840F0E5866A
:10AC4000079B45F8043C3AB1BD4901921046F6F71E
:10AC500057FB002840F0B5867460237858F82330FD
:10AC600043F001035D460134184755F8040CF2F730
:10AC700023FC0446E5F794FA099466E62868F2F79F
:10AC80001BFC0446E5F78CFA09945EE6069B9F429E
:10AC900005D900F07EBE0C3B9F4200F27A869C688C
:10ACA000002CF8D0E5F77CFA09944EE600212378D1
:10ACB00003F07F0202EBC1111A06A34604F101045E
:10ACC000F5D4A04BCAB29B1ACA0902F4FF729B1AB0
:10ACD00005EB83052A460120F2F70EFE286074601A
:10ACE000237858F8233043F001030BF1020418478E
:10ACF0000021237803F07F021806A34602EBC1115E
:10AD000004F10104F5D4C8B2CA096FF0404302F45B
:10AD1000FF721B1A9B1A05EB8305C1F307212A4614
:10AD2000F2F7B9FBDAE714F8010CAB4629305BE91E
:10AD30000112C0B2043DF3F773F84BF8040C7460D1
:10AD4000237858F8233043F001030134184714F8EE
:10AD5000010C29683030C0B2F2F7AEFA2860746096
:10AD6000237858F8233043F001030134184714F8CE
:10AD7000013C2A68C3F1C003043D4AF823207460F3
:10AD8000237858F8233043F001030134184714F8AE
:10AD9000013CC3F1B00322465AF82330002B00F0E7
:10ADA0001C8645F8043F7460137858F8233043F04C
:10ADB00001030134184714F8013C803B5B0043F069
:10ADC000010345F8043F7460237858F8233043F0BA
:10ADD0000103013418472868F2F762FC7460237895
:10ADE00058F8233043F00103043D01341847002292
:10ADF000237803F07F011B06A34601EBC21204F186
:10AE00000104F5D439F812102868F2F78DFF45F8DF
:10AE1000040F7460237858F8233043F001030BF1DA
:10AE2000020418470022237803F07F0101EBC212CD
:10AE30001906A34604F10104F5D42B4639F8120093
:10AE4000019353E90121F2F753FB019B43F8040CF2
:10AE50007460237858F8233043F00103043D0BF16C
:10AE6000020418470021237803F07F021B06A34643
:10AE700002EBC11104F10104F5D4CAB26FF04043F2
:10AE80009B1ACA0902F4FF729B1A05EB83052A4636
:10AE9000002021E70022237803F07F0101EBC2129A
:10AEA0001906A34604F10104F5D4D309D1B203F481
:10AEB000FF730B44A5EB83052B46C2F3072253F81F
:10AEC000040BF2F781FA09E70021237803F07F02EF
:10AED0001806A34602EBC11104F10104F5D433684E
:10AEE0002278986850F821005968D34305EB830510
:10AEF00042F480722B46F1F7A3FD0BF102032860A8
:10AF00007360637858F8233043F001030BF10304B6
:10AF100018470021237803F07F021B06A34602EBAB
:10AF2000C11104F10104F5D433682278986850F80F
:10AF300021005968C2F1010305EB8305DAE700BF80
:10AF4000D8220608FEFFFF3F0021237803F07F028E
:10AF500002EBC1111A06A34604F10104F5D43368CB
:10AF60009868043D50F8210059682A46F1F710FD11
:10AF7000B4E60021237803F07F021806A34602EB13
:10AF8000C11104F10104F5D433689868002250F827
:10AF900021005968F1F7FCFC39E70021237803F020
:10AFA0007F021B06A34602EBC11104F10104F5D494
:10AFB0002A4628680191F2F739FE746023780199D6
:10AFC00058F82330C1F3072252FA81F143F001030C
:10AFD0000BF1020405EB810518470021237803F0EB
:10AFE0007F0202EBC1111A06A34604F10104F5D455
:10AFF000286801912A46F2F7CDFD74602378019903
:10B0000058F8233001F18041013943F0010305EB89
:10B0100081050BF1020418470022237803F07F0119
:10B0200001EBC2121906A34604F10104F5D49308FA
:10B03000C3EB837312F0030255F8230000F064841D
:10B04000012A00F02C8455F80419F8F732FFE0E6E5
:10B050002378032B637808BF55F804B9A3F155038F
:10B0600018BF4FF0060B012B40F2A2835A46AB46A5
:10B0700055F8040C5BF80419F9F7B0F8013445F8F9
:10B08000040C5D46746014F8013B58F8233043F01B
:10B09000010318470020237803F07F021B06A34614
:10B0A00002EBC01004F10104F5D4C0F1010305EB7B
:10B0B00083052946F8F7A2FE10E6083DD5E90121EF
:10B0C0002868F5F765FE7460237858F8233043F05C
:10B0D0000103013418470020237803F07F0202EBBC
:10B0E000C0101A06A34604F10104F5D4F5F74CFD8F
:10B0F0008DE60020237803F07F021906A34602EBB9
:10B10000C01004F10104F5D4C0F1010305EB83057F
:10B110002946F7F7A9FFE1E50020237803F07F0235
:10B120001B06A34602EBC01004F10104F5D4C0F1E4
:10B13000010305EB83052946FBF714FECEE5069BCC
:10B1400022780C3B069394F90030002BC0F2418327
:10B15000631C3DE494F9003094F800B0002BC0F279
:10B1600097830134B56055F80C3CA5F10C00002B19
:10B1700000F0EB83F2F744FB002800F0E28345F88F
:10B18000040F7FE728682946F2F7F6FAAB468345B5
:10B1900005F10C053FF4E3AD002345F8080C45F834
:10B1A0000C3CDCE528680021F2F7E6FAD6E5069BC0
:10B1B0000C3B06932B68062B40F01F8474602378A9
:10B1C00058F8233043F00103043D0134184794F943
:10B1D00000202378002AC0F25283403B01342344EC
:10B1E0006B60291D22784A6015E0069B5B689B070F
:10B1F00002F1FF320CD5069B1B68A34280F08A83C4
:10B2000051E90130DD074CBF41F8080D41F8040D4C
:10B21000069B0C3B06935006E7D1D1F800B0002AFC
:10B2200040F06E830D1FFFF7D5BBD5F800B0BBF122
:10B23000060F00F0B5831BF0010140F0E282C5F873
:10B2400004B058460191F3F7E3FD4FF0060B286078
:10B25000C5F808B0083D01992A460320F2F71BF90A
:10B26000F4F714F8002800F09083C5F800B076E5F4
:10B27000D5F800B02A4658460D21F2F75DF9584638
:10B2800005F1080B5A460C21F2F756F900215A46EF
:10B290000846F2F700F994F900102378002905F127
:10B2A0000402C0F2A782013406990C310691069976
:10B2B00023440B600699069B42F0020CC1F804C0BF
:10B2C000002199605060746014F8013B58F82330F5
:10B2D00043F001035D46184794F9003094F800B03C
:10B2E000002BC0F27E82CDF804B004F1010B286877
:10B2F000F3F7CCFF002839D00EE094F9003094F831
:10B3000000B0002BC0F2B282CDF804B004F1010B02
:10B310002868F3F7BBFF48BB043DFFF75BBB94F91C
:10B32000003094F800B0002BC0F29582ABF14003DE
:10B33000019304F1010B2868043DF3F7A7FF0028EF
:10B340007FF448AB12E094F9003094F800B0002B81
:10B35000C0F27682ABF14003019304F1010B28683F
:10B36000043DF3F793FF00283FF434AB019B9B446B
:10B37000FFF730BB55E901232A6055F8082C45E951
:10B3800002327460237858F8233043F0010301340B
:10B39000184755E9012345E901327460237858F8CC
:10B3A000233043F001030134184707E755F8042C14
:10B3B0006A602A68AA607460237858F8233043F0E2
:10B3C00001030835013418472B68FAE4002223787A
:10B3D00003F07F0101EBC2121906A34604F1010438
:10B3E000F5D439F81200F1F75FFE7460237858F84D
:10B3F000233043F001030BF10204184700222378A5
:10B4000003F07F011806A34601EBC21204F1010408
:10B41000F5D439F81200F1F733FE7460237858F848
:10B42000233043F001030BF1020418470022237874
:10B4300003F07F011B06204601EBC21204F1010458
:10B44000F5D4C2EB82725AF822305A68002A00F012
:10B45000C48200225A607460237858F8233043F085
:10B460000103841C18470022237803F07F0101EBBD
:10B47000C2121906204604F10104F5D4C2EB82720F
:10B480005AF82230002B00F0A88200234AF822301C
:10B490007460237858F8233043F00103841C184764
:10B4A00055E9010155F8082CF3F7B2FF74602378D1
:10B4B00058F8233043F001030C3D013418470022B3
:10B4C000237803F07F011806A34601EBC21204F1B2
:10B4D0000104F5D439F8121055F8042C55F8080970
:10B4E000F2F726F97460237858F8233043F001030B
:10B4F0000BF1020418470022237803F07F011B069A
:10B50000A34601EBC21204F10104F5D4296839F80D
:10B510001200F1F7BFFD7460237858F8233043F030
:10B520000103043D0BF1020418470022237803F0C5
:10B530007F0101EBC2121906A34604F10104F5D400
:10B54000296839F81200F1F791FD7460237858F8F2
:10B55000233043F00103043D0BF10204184700229D
:10B56000237803F07F011B06204601EBC21204F191
:10B570000104F5D4C2EB82722B685AF82220536082
:10B580007460237858F8233043F00103043D841C91
:10B5900018470022237803F07F0101EBC21219063D
:10B5A000204604F10104F5D42B68C2EB8272043DFD
:10B5B0006CE7AB465BE901010422043DF3F728FF89
:10B5C000FFF7BBBBF1F73EFD45F8040F746023782D
:10B5D00058F8233043F00103013418470022237840
:10B5E00003F07F011806A34601EBC21204F1010427
:10B5F000F5D4043D39F81200291FFCF767FB74608D
:10B60000237858F8233043F001030BF10204184764
:10B610000022237803F07F011B06A34601EBC21230
:10B6200004F10104F5D439F8121028682A46F1F71C
:10B6300083FF7460237858F8233043F00103043506
:10B640000BF1020418470022237803F07F0101EB7D
:10B65000C2121906A34604F10104F5D439F81230D8
:10B6600002932B6801931846F3F7D2FB83889A055F
:10B670000CD5029A019BD10041F002010022181D55
:10B68000F3F782F910B14068FFF728BBDDE901014B
:10B69000F1F776FFFFF722BB0022237803F07F014A
:10B6A0001806A34601EBC21204F10104F5D439F8DF
:10B6B0001200F1F7BBFDFFF7AABB0022237803F0CD
:10B6C0007F011B06A34601EBC21204F10104F5D46D
:10B6D00039F81200F1F7D8FDFFF799BB002214F8F2
:10B6E000013B03F07F0101EBC2121906F7D4C2EB54
:10B6F00082725AF8223022465B68FFF74FBB002265
:10B7000014F8013B03F07F01180601EBC212F7D4D5
:10B71000C2EB82725AF822302246FFF73FBB002369
:10B72000FFF74FBB0022237803F07F011B06204662
:10B7300001EBC21204F10104F5D433685B68DB68E5
:10B7400053F8223045F8043F7460237858F82330CA
:10B7500043F00103841C18470022237803F07F0183
:10B7600001EBC2121906204604F10104F5D439F8A0
:10B770001230DB0043F00203E4E7227842F3801248
:10B78000237803F07F011B06204641EAC21204F130
:10B790000104F5D4530043F00103D3E71E23FFF760
:10B7A00010BB0623FFF70DBB0E2345F8043F69E4E9
:10B7B00055F8080CF3F72CFB838858057FF556AC39
:10B7C0006078A5F108015A46FFF76CF80234054687
:10B7D00058E4637802F07F0242EAC312A31CFFF729
:10B7E000F7B863780BF07F0B4BEAC313019304F1B6
:10B7F000020B7CE5617803F07F0343EAC113023456
:10B8000052E5062255F8043C45F8042CC5E900220F
:10B810000021A5F10C0203200193F1F73CFE019BEE
:10B8200045F80C3C45F808BDFFF799BA637802F07B
:10B830007F0242EAC312A2F58042A31CFFF7C8B8F8
:10B8400063780BF07F0B4BEAC31BABF5804301938E
:10B8500004F1020B83E563780BF07F0B4BEAC31B0B
:10B86000ABF58043019304F1020B64E563780BF0C0
:10B870007F0B4BEAC313019304F1020B48E5627896
:10B8800003F07F0343EAC213A3F580430234A6E426
:10B8900063780BF07F0B4BEAC31B023462E455F86C
:10B8A000042C55F80819F5F773FAFFF7B2BA0CE053
:10B8B00055F8043CD8077FD52B4653F8082945F89E
:10B8C000082C1D46069B0C3B0693069BBB42C0F012
:10B8D0008E80069B5B689B07F4D5069B1B689C4289
:10B8E000E6D8069A2B68556825F003054FF0FF321D
:10B8F0006B60069BAA60D3F800B00835FFF771B8FB
:10B90000A1F11405FFF766B855F80419F7F71BF90C
:10B91000FFF77FBA530043F001034B60069B0D1DF8
:10B92000D3F800B0FFF75DB807ABF1F735FE01289B
:10B930003FF440A9002868D1079B45F8043CFFF775
:10B940008BB95C44103DFFF79DBB55F8080C11E422
:10B950007061FFF74AB90195FFF7E6B86B7803F01D
:10B960000104C3F345021B0605F102053FF5A3A838
:10B97000AB182846CDE90132039100F08CF8DDE9DF
:10B98000013203998446FFF7BBB8EB682B60FFF7E1
:10B99000E6B925492548F5F7E1FB0446FFF782B9EA
:10B9A000C5E901BB083D2A4600210320F1F773FDDC
:10B9B000C5F800B0FFF7D3B92B6845F8043C043D47
:10B9C00080E70198F1F778FD0446E4F7E9FB099474
:10B9D000FEF7BBBF0122FFF7D8B815491548F5F7A8
:10B9E000BDFB0446E4F7DCFB0994FEF7AEBFE4F7C9
:10B9F000D7FB0020B560FFF7EDB8DA070DD55B1077
:10BA0000A5F1040105D50D465FE7E4F7C9FB079CE6
:10BA1000DDE72B601A46FFF7FEBBE4F7C1FB2C689D
:10BA20000994FEF792BF00BFFCE7050874200608E2
:10BA3000DCE70508BC20060837B50DF105040B4608
:10BA4000214602F07F05D20904F8015DF9D1091BF6
:10BA5000984770B903B030BD13F8012B62F07F0234
:10BA600001F8012BAB42F7D11B1B9DF80420C254F7
:10BA7000F0E70146234601ADF4E710B50268002364
:10BA800012F8011B01F07F04090644EAC313F7D43E
:10BA90000260184610BD07B5019001A8FFF7EDFF41
:10BAA00003B000BD10F9013B002BFBDB7047000029
:10BAB0002DE9F04F91B099460368039304468389BA
:10BAC00040680693431C636000250792CDE9015549
:10BAD00002788A4602F0030617061BD40022CDE93D
:10BAE00009224FF0060C0133636013F8011C0A9F12
:10BAF00001F00100904007430A97C1F34500099FF8
:10BB00000CFB02FE00FA0EF007430906099723D545
:10BB10000132E8E7191A0133636013F8012C029F20
:10BB20000139C2F3801C0CFA01FC47EA0C0702F051
:10BB3000040C0CFA01FC029746EA0C06019FC2F3C2
:10BB4000C00C0CFA01FC47EA0C0702F0010C0CFADD
:10BB500001F101970D43BFE7A368049303F10408C3
:10BB6000069B00219B001A46E181404605930EF09A
:10BB7000FFFF069B019A9B1B08939B1A029A013BAD
:10BB8000564508EB830B02F0040269D22AB95346EA
:10BB9000324692499248F1F73EFB09EB8601AAEB47
:10BBA00006000B93FBF7DEF80B9BABF1040B48F898
:10BBB00023003346DDE904104A46014409EB8303C0
:10BBC0009A4275D1029B079A03F008030B93134323
:10BBD000029B03F0020700F0E88009EB8A09002FBE
:10BBE0006BD01046F4F7D0FF0290CBF80000019B19
:10BBF000F3184FF0000B0C93079B9B455FD1089BFC
:10BC0000039908EB83031A1F01F10C002F46002F44
:10BC100040F09780059A03EB850342449A4200F274
:10BC200098806068FFF73EFF002296420F9040F038
:10BC30009980049B089A043503EB8206019BBB4262
:10BC400040F09480099B65680A9F1D44069B2F4421
:10BC50005E1EBD4240F0B780656011B0BDE8F08F58
:10BC600022B1604A48F82320ABF1040B029B079AEB
:10BC700003F00803134312D1721B524516D8039ADE
:10BC800005EB0A039B1B02EB8303049AA2EB8A01D8
:10BC9000059A1144039A02EB8500834201D1534671
:10BCA00088E71A6941F804290433F6E7534670E738
:10BCB00052F8040B41F8040982E7029797E760689D
:10BCC000D9F800A0FFF7EEFE00210F900C9B8B42ED
:10BCD00004D14FBB44494FEADA0217E00FA80D9197
:10BCE000FFF7CBFE039B0D995A68926832F810203B
:10BCF000D20042F00202924514D1069B5A1E521AFB
:10BD000058F8221029B139494FEADA023448F1F7DC
:10BD100082FAD9F8041048F822100BF1010B09F14E
:10BD2000080969E70131D1E7029B01225146181D3C
:10BD3000F2F72AFE4268002AE5D1D9F804204260D1
:10BD4000EBE752F8041F11B950F827101160013FBA
:10BD50005DE753F8041B00297FF460AFD21A244931
:10BD60009210D3E7FFF79EFE01325EE70FA8FFF7C0
:10BD700084FE56F804299AB9039B5B689B6833F8E4
:10BD800010900B9B73B1039B53F825004FEAC90138
:10BD900041F002010430F2F7F7FD18B14368736017
:10BDA00001374BE713494A46B0E7019B13B11248EC
:10BDB000F2F708FA002F3FF445AF0198F4F7E4FEDC
:10BDC000CBF800003EE715F8019BA6EB090958F8EF
:10BDD0002900F4F7B3F848F829003AE708C705083E
:10BDE000E41F0608EC300608C5CA0508D4CA0508D1
:10BDF00069D0050873D005087BD0050810B4046825
:10BE0000E468446000F11004846010BCFFF750BE89
:10BE100030B40468E568A4682D680DB154F8254075
:10BE2000446000F11004846030BCFFF741BE08B5E7
:10BE3000421E013912F8010F11F8013F48B123B930
:10BE4000E5F754FF80F0010006E09842F2D00020B0
:10BE500004E0B3FA83F0400900F0010008BD0000DF
:10BE600013B5024648B101236A46F1F7A9F90098D3
:10BE7000003818BF012002B010BDC90041F0020413
:10BE800006482146F2F780FD024620B921460448C3
:10BE9000F2F77AFDECE70120EDE700BFE82706089E
:10BEA00054270608094B03EB8003D3F83C0100F04C
:10BEB0000703022B05D0830705D10268044B9A4281
:10BEC00001D1F9F7C3BB0348704700BFBC04002091
:10BED000E02F060800DE0508F8B503780446002BBD
:10BEE00000F0A480402B03D05149FFF7A0FFB0B170
:10BEF0000120002319461D461E464FF0090C2278EA
:10BF0000002A35D1DA1E012A07D9002E03DC002DC4
:10BF100001DC00297FDD002B7DD10120F8BD4549E2
:10BF20002046FFF784FF0028E2D143492046FFF76F
:10BF30007EFF0028DCD141492046FFF778FF00282A
:10BF4000D6D13F492046FFF772FF0028D0D13D49A6
:10BF50002046FFF76CFF0028CAD13B492046FFF777
:10BF600066FF0028C4D139492046FFF760FFC0E7CB
:10BF7000272A677812D12CFA03F2D20709D5272F86
:10BF800007D1A278272A04D10234C3F10303013474
:10BF9000B5E7012BFBDC83F00103F8E7222A13D17C
:10BFA00033F004020BD1222F06D1A278222A03D12A
:10BFB0000234C3F10403EAE71BB10423E7E7022BD1
:10BFC000E5D1C3F10203E2E75C2A09D1272F03D0B0
:10BFD000222F01D05C2F03D1002BD8D00134D6E71B
:10BFE000002BD4D15D2A12D007D8292A0BD05B2A86
:10BFF0000BD0282ACBD10136C9E77B2A09D07D2A6C
:10C00000C5D10139C3E7013EC1E70135BFE7013DB5
:10C01000BDE70131BBE714F8013C5C2B3FF47DAF79
:10C020000A2B0CBF002000F0010077E7184675E7E7
:10C03000BEC00508FCC0050851D50508EFAE0508CF
:10C04000BFBC050834DF05083BBD0508A3C00508D3
:10C050002DE9F04F8BB0CDE9022300EB01098346B7
:10C060008A464E46741EA34523D95E46864F334604
:10C070004B45984605D298F800202E2A03F101037B
:10C08000F6D1C845A8EB060525D029463046E4F789
:10C0900017FF044600284FD001460123384608AA5E
:10C0A000F1F78EF8089F002F00F0EB8008F10106F1
:10C0B000DDE716F8010CE5F7FBFD50B916F8010CA9
:10C0C000E5F700FE28B916F8013C5F2B01D02E2BB6
:10C0D000CCD12646C6E7BAF1060F07D96B4907222D
:10C0E00058460EF06DFD002808BF0027684B5A6ABD
:10C0F0005368D268C3F31E034FF00009134404933E
:10C100004C46CA464FF00208CDF80490049B4345C4
:10C1100016D8002C4FD15E450ED16B1E052B0BD8C7
:10C120005A4F2A46394630460EF04AFD20B9039B45
:10C130002F441F60C5F1070420460BB0BDE8F08F07
:10C1400007A94046E4F7D2FF03463DB902785F2ACB
:10C1500010D1524608F101089246D7E7079A954256
:10C16000F7D8014605902A4630460EF065FD059B3E
:10C170000028EED1414638460593FFF771FE0028AE
:10C18000E7D0019A0799059B32B12A46524501D85A
:10C19000914208D2524601E00A460193C146002C62
:10C1A000D8D14446D6E7019810F802C0985C84457F
:10C1B000F4D10132EAE74C4501D055455ED2019BEE
:10C1C000039A2B441360AAEB0504B5E707A92046A0
:10C1D000E4F78CFF824665B903785F2B13D10134F5
:10C1E0004C45F3D92B490298E5F755F94FF0FF3448
:10C1F000A2E7079B9D42F2D801462A4630460EF040
:10C200001BFD0028EBD121463846FFF729FE002808
:10C21000E5D008F10F0BDBF1000202F00F020BF08A
:10C220000F0358BF5342ABEB030BABEB080BBBF157
:10C23000010FD8BF0BF1100B079A08EB0B03134447
:10C24000402B13D8002306E0134902980193E5F729
:10C2500022F9019B01339B45F6DC02985146E5F734
:10C260001AF9079B434403EB0B08B8E70B49029804
:10C270005246E5F7C5FCDDF81C80B0E74FF04008FA
:10C28000AEE73C4658E700BF80190608E8440608B8
:10C29000BC04002049DE050889DD05088CD00508AE
:10C2A00090FBF1F303FB1100002802DA002903DC04
:10C2B000704702D0002900DA08447047002808DBE4
:10C2C000CB43034430EA210028BF184690FBF1F02D
:10C2D0007047C1F10103034410EA210038BF18463A
:10C2E000F4E700002DE9F74F0E46009001920EF0A2
:10C2F0007DFC82460EB100233360DFF8A4904FF03E
:10C30000000849460D686DBBDFF8A0B02C469BF8CD
:10C31000000020B358460EF069FC8245074639D824
:10C320000098524659460EF04BFC98BBBA452DD1A9
:10C33000A6B1A04520D901213160844216D1184B05
:10C34000009853F824405146E4F706FE15490023AF
:10C3500022462944E7F723FB019B1860022003B023
:10C36000BDE8F08F043108F10108CBE759F8041B50
:10C3700001350D440130E0E702233360A4EB0804EB
:10C38000094B019A53F824301360E7E71BF80A00C1
:10C390002F2803D00137BB440134B8E70120DEE782
:10C3A0000864060804640608F044060814450608F4
:10C3B0004A68074B9A4209D003F580739A420CBF32
:10C3C000032201228B680349E5F71ABC0222F9E730
:10C3D0000021014094D50508254B984284B04FF0C8
:10C3E000000324D10193234B5A6C42F480725A64A7
:10C3F0005B6C03F480730193019B1F4A00230C299B
:10C40000536005D00A2930D0082914BF0323022322
:10C41000426822F0407242EA036343608268174B2D
:10C42000134083604FF48013C36204B07047144A12
:10C4300090420BD102930F4B5A6C42F400725A6433
:10C440005B6C03F400730293029BD6E70D4A9042A3
:10C45000D3D10393074B5A6C42F480625A645B6CED
:10C4600003F480630393039BC7E70123D0E700BF76
:10C47000002001400038024000230140FDF6FFCFBC
:10C48000002101400022014070B51C4608461146BB
:10C490004FF00212F2F788F92068C50705D4840727
:10C4A00018D102681B4B9A4214D1F2F7ABFDA0F5EC
:10C4B0008073022B184D04462AD9012628460C21E8
:10C4C000FFF78AFF15491020F2F795FCC0E90154E7
:10C4D000C66070BD16F0CCFE827A5107C2F38203AB
:10C4E00008D49A0710D4042B10D082880C490D4828
:10C4F000F0F791FE084D846800231A460321C4F327
:10C50000443414F0F5FFD8E7074DF4E7074DF2E7A0
:10C510000726D3E7E0250608002001400C64060842
:10C52000A7D505089C1F06080021014000220140F4
:10C530004FF6FF73994270B505460C4616466BD010
:10C5400040F2011399426CD0B1F5817F66D2142973
:10C5500028BF1124AB68DA0706D4AB6843F00103A7
:10C56000AB60042015F0A4F8112C02D0354B9C428E
:10C570005BD1354A536823F4400343F4000353600E
:10C58000304B9C4202D10B2015F092F8092C04F09C
:10C590001F0394BF05F1100105F10C016B6394BFFB
:10C5A0002346A4F10A030A6803EB430307209840DB
:10C5B0009E4022EA000232430A60AB6843F08043A7
:10C5C000AB6015F053F806462B689B0704D415F0B2
:10C5D0004DF8801B0A28F7D9122C08BF1A4AE96CBB
:10C5E00002BF536823F4800353606B68174AC3F398
:10C5F0000163D35CC3F11004072B01FA04F41CD8C7
:10C6000003EB4302103AC3F1080321FA02F25B0084
:10C61000144301FA03F31C43204670BD03D11224D6
:10C6200098E7084C96E7112494E7122C01BF064ABC
:10C63000536843F480035360A8E7083B5B00D9408C
:10C640000C43E9E712000010002301406C64060867
:10C65000D0E9021208B54068FFF76AFF400040F0D9
:10C66000010008BD70B5086888B00D4616F000FEE0
:10C6700006466868F2F7C6FC0522044601A9E86888
:10C68000F2F7F2FEBCB9A8686A460421F2F784FD0D
:10C6900004AD009B1859F2F7B5FC0434102C45F892
:10C6A000040BF6D13046DDE9012304A919F0D4FFCB
:10C6B000062008B070BD0148F1F7AAFBEFC80508D5
:10C6C00070B5058B064605F002050024306C3DB1BF
:10C6D0000122214619F00AF904B170BD0124F5E7E1
:10C6E000214619F0F7F8F7E7012870B588BF4868C8
:10C6F0000E6898BF06200621F6F7E0FC044619F004
:10C70000E7F8357B727BB37B90FBF3F3681CE16841
:10C71000104493FBF0F35B0043F001030B60F37BE9
:10C72000E1685B0043F001034B60E3686D0045F096
:10C7300001059D60E368520042F00102DA60E268A0
:10C7400006231361E2682046536170BD2DE9F04174
:10C750008AB00D29DDF8408007460C4616461D4676
:10C7600002DD1A48F1F754FB38F0020301D01848F3
:10C77000F8E74368012B08BF0E341822002101A8F6
:10C780000EF0F6F904F00103CDE904340123CDE9FC
:10C7900007330E230993B8F1000F12D0F30043F0D2
:10C7A00004030193EB00760B43F004036D0B386C2C
:10C7B00000966946CDE9025314F01CF90AB0BDE8B1
:10C7C000F08176016D010423F1E700BFB2D50508C1
:10C7D00084B0050811F0020F08B50CBF4FF40063D8
:10C7E0004FF00053834202D80148F1F711FB08BD16
:10C7F000BDD5050808B510B91620F1F72DFD08BD07
:10C800002DE9F0430C4691B054F8047B0546386C92
:10C810001646FFF7EFFF03AB0193304B0093324610
:10C82000681E03232146F1F7EDFF0498039E059D42
:10C83000052206A9F2F718FEDDF81C80B8F1080FF2
:10C8400003D927492748F0F7DDFC29463046FFF792
:10C85000C1FF396C4FF0FF344031002351F8042FF1
:10C86000501C33D1B4F1FF3F08BF1C460133032BEA
:10C87000F4D1631C2ED00023CDE90E3305F0020362
:10C88000002BDDF818900DBF3246002233460023FE
:10C890006D00CDE90923494605F00403424605F041
:10C8A00002050EA80B93CDE90C580EF017F9386C61
:10C8B0004B4609AA214619F0B8F858B93B6C03EB6E
:10C8C000840360005E6440F0010004E09642CDD134
:10C8D000E806CBD4062011B0BDE8F083C464060896
:10C8E000C2D50508242206082DE9F04FD1F80080B2
:10C8F000054691B0D8F840000C46FFF77BFF012DAC
:10C9000017D96068B0F1060A18BF4FF0010A042178
:10C91000F6F7D4FBC6680746BAF1000F0DD073686E
:10C920009A0703D11A68344B9A4206D00020F1F7D7
:10C9300049FC4FF0000A0620E9E70024D8F840B08F
:10C940002546E1B2009505AB07AA5846039119F0B8
:10C9500011F80399002844D10A9C099B98F81820E3
:10C96000DDF82C90241A18BF012483420CBF034623
:10C97000012344EA4304DDE90753C2F3400218BF30
:10C980001D46D8F81C30C8F81C005846039318F010
:10C99000ADFFBAF1000F08D10820E3F76BFC0821C6
:10C9A00002464220F3F768F97060D6F80480E30786
:10C9B000D8F80C004A461BD405A90EF08FF8039B4B
:10C9C000C8F808906D0064005B0045F0010544F074
:10C9D000010443F001033560B460F36004E0012416
:10C9E000AFE7002CFBD00627384611B0BDE8F08F2A
:10C9F00000210EF0BDF8E2E7BC1B06082DE9F0436C
:10CA0000044689B0006C0E46FFF7F4FE6368012B04
:10CA100014BF00270E2700257919206C0E2201353E
:10CA200018F096FF0E2DF7D1062E13D100252B46B8
:10CA30002A46294620460095FFF788FE02230093E8
:10CA40002A462B4601212046FFF780FE062009B02A
:10CA5000BDE8F08304A93046F0F78EFE002581463C
:10CA60004846F0F7FDFE0028F0D002AA03A9F2F72D
:10CA700071FB039B032B02D01148F1F7C9F9029B0C
:10CA80001868F2F7BFFA029B07465868F2F7BAFA3D
:10CA9000029B80469868F2F7B5FA0646014638468A
:10CAA000FFF798FE31464046FFF794FE2946009670
:10CAB00043463A462046FFF749FE0135D0E700BF1E
:10CAC000CAD5050870B501280D6888BF486886B0CA
:10CAD00098BF06200821F6F7F1FA2E6C044630467E
:10CAE000FFF788FE01A9304619F03AF8DDE904366F
:10CAF0000198286233444000E668039A029969620B
:10CB000040F001006A63AB633060E068490041F0C7
:10CB100001014160A96AE068490041F001018160BA
:10CB2000E96AE068490041F00101C160296BE068F1
:10CB3000490041F001010161E168520042F0010247
:10CB40004A61E2685B0043F001039361EB6BE268CA
:10CB50005B0043F001032046D36106B070BD38B5D9
:10CB600004460D46006CFFF745FE20462583FFF77F
:10CB7000A7FD002038BD000070B586B003AB01935F
:10CB80001E4B009305460C4603230431013816461C
:10CB9000F1F738FE012D246818D83568072D94BFA9
:10CBA00000250125206CFFF725FE63692BB9144889
:10CBB000238321460EF0AAFB6061E5B1049D35F0A8
:10CBC0000B0205D00F491048F0F725FB0125E9E7D6
:10CBD000039E062E06D03046F2F798F910B90B489E
:10CBE000F1F716F963699DF81420DE601A7429467E
:10CBF0002046FFF7B4FF606906B070BD008F0608DD
:10CC000078660608DCD505089C1F0608EDD50508E2
:10CC1000006C08B528B118F091FF400040F0010009
:10CC200008BD0120FCE7000038B50D460446006C45
:10CC3000FFF7E0FD2846F2F781F9022803D90848FA
:10CC40000021F0F7DFFA2846F2F778F90146206C68
:10CC500018F0F5FE00280CBF0E201E2038BD00BFC6
:10CC600028210608F8B5064618F096FF06F140059B
:10CC700000244FF0FF3721463046013418F0DFFE24
:10CC8000032C45F8047FF6D1F8BD38B5046C054691
:10CC90002046FFF7AFFD2046FFF7E4FF204618F0DF
:10CCA00081FF0021202284F85010A8180DF060FFA9
:10CCB000062038BD2DE9F04F95B00446481E111DE1
:10CCC0001A460EAB0193744B00930623F1F79AFDBD
:10CCD0009DF83C300893042B02D97048F1F798F87E
:10CCE000119B0993013B032B01D96D48F6E7DDE960
:10CCF00012B6BBF1FF3F05D00BF1FF330F2B09D963
:10CD00006848EBE7731CFBD1109F7B1E622B06D992
:10CD10006548E3E7731E072BF6D96448DEE70E9DEE
:10CD200018F0D6FD05EBD5730C936FF063037B43CE
:10CD30000D900B93DA462A4642F2107C01274FF4FD
:10CD40008061BBF1FF3F0D9B93FBF1F34FD10C983A
:10CD500003EB6009B9FBF5F9A9F10308B8F1160F67
:10CD600037D8B3FBF9F3EB1A83EAE370A0EBE37077
:10CD7000904207902DDC4FF0010EB8F1070FCDF86F
:10CD800028E00EF1010E1FD842F2107303FB0EF0E3
:10CD90000B9BB0FBF9F0C018079B48BF40429A427A
:10CDA0001DDC08F101038445A8BF1E460A9B84458B
:10CDB000A8BF9A46079B8445A8BF0F468445A8BFD5
:10CDC0001A468445A8BF8446BEF1110F08F1FF380A
:10CDD000D3D10139B5D1954218D135487EE7DDF878
:10CDE00028A0079A08F1010684460F46ECE706EBF7
:10CDF0000A000130B3FBF0F3EB1A48BF5B429342E9
:10CE0000D8BF0F469342D8BF1A46E2E7099BE373A7
:10CE10002022089BA56084F80CA06673A773237476
:10CE2000A0180DF0A5FE206C30B1FFF71BFF206CA1
:10CE300018F00CFD206C18B95420E3F71BFA20649D
:10CE4000542200210DF094FE206C61684FF0FF33F6
:10CE5000C0E91133C364237C013BDBB20022032B06
:10CE6000049288BF1346627B0392227B0292E27B8C
:10CE700098BF104D0192A27B98BF55F823300092C5
:10CE80000131012218F03CFC18B90B490B48F0F7AE
:10CE9000B9F915B0BDE8F08F9464060823CF0508F2
:10CEA000B0B7050818B90508E2B605081EB90508A7
:10CEB000FED505088464060816D6050898200608DD
:10CEC00010B50C4613460A4601462068FFF7F2FEED
:10CED000062010BD38B5036C002504460583456166
:10CEE00043B1FFF7EDFB206CFFF7BCFE206C18F0A0
:10CEF000ADFC2564062038BD73B5056C06460C46AE
:10CF00002846FFF777FC002C34D1338B190705D561
:10CF100095F8502012B185F8504008249A070AD598
:10CF20002A68D1681269880718BF44F00204910783
:10CF300018BF44F00204DA0716D500230DF10701EB
:10CF400028468DF8073018F0ADFB431C0CD0336C2D
:10CF500003EB80034FF0FF325A649DF8073044EA38
:10CF6000004023B140F00104204602B070BD40F003
:10CF70000504F9E7012C0CBF348B0024F4E7000012
:10CF8000F0B587B00C46054618F0A2FC064618F02E
:10CF90009FFC277B94F80DC0A37B90FBF3F37A1CD6
:10CFA000624493FBF2F3227C032A9CBF094931F9C6
:10CFB000121062680297CDE903C6E07B88BF40F299
:10CFC0003221CDE90010013203492846E4F718FE6A
:10CFD00007B0F0BD7C64060826D605082B4B03EB92
:10CFE000800313B5D3F8844164B1206C062909D8B5
:10CFF000DFE801F012040A332E1B3800E36943F026
:10D000000103E36102B010BDE36943F00203E36191
:10D01000E36B0133E363F5E7238B9907F2D560698E
:10D0200002B0BDE810400EF0B5B990F851305BB9D0
:10D03000A26A0132A26280F85130238B1B07E1D52E
:10D04000012380F85030EAE7002380F85130D9E717
:10D05000E36A0133E3620123EDE7236B01332363CA
:10D060000023E8E7238B13F00103D8D10DF107016A
:10D070008DF8073018F016FB421CC3D0236C03EB6D
:10D0800080034FF0FF325A64BCE700BFBC040020AD
:10D0900008B500F00703022B05D083070AD1026808
:10D0A000094B9A4206D1F8F7D1FA084902460848D6
:10D0B000F0F7B1F8F1F7A6FF02460138012801D9CF
:10D0C0000449F4E708BD00BFE02F06086FD6050845
:10D0D0009C1F06087AD605082DE9F0431F460E4628
:10D0E000904685B0134A144D41463046F1F75CFB3B
:10D0F0003868FFF7CDFF00F1600305EB830581463B
:10D10000AC683CB90D494420F1F775FEC0F80490B5
:10D110000446A86007EB8602414601A8F1F70BFC24
:10D12000204601AB3A463146FFF7C4FD204605B024
:10D13000BDE8F083FFFF0300BC040020DC640608A8
:10D1400010B5094CD4F8880120B1FFF7C3FE0023C5
:10D15000C4F88831D4F88C0120B1FFF7BBFE00235E
:10D16000C4F88C3110BD00BFBC04002030B5046889
:10D1700085B0657CCDE902329DF8203004EB850452
:10D18000002B0CBF0123032324690093A46902AB85
:10D190000122A04705B030BD30B5046885B0657C7C
:10D1A000CDE9023204EB85049DF8203024695B0050
:10D1B0000093A46902AB0122A04705B030BD08B5B9
:10D1C00003685A7C03EB82031B695B6803B19847D1
:10D1D000062008BDF7B5002107460846F5F744FFCD
:10D1E000082405460126002300961A46A1B23846B7
:10D1F000FFF7D2FF28B9610041F001012846F5F799
:10D20000A2FC0134F1F738F9782CECD1284603B0B0
:10D21000F0BD0000F0B50D682B685A7C03EB82036B
:10D2200085B01E69336907460C461BB90E490F4885
:10D23000EFF7E8FF6068062201A9F2F715F9022F5F
:10D240000CD0A068F2F722F80346DDE90112346938
:10D250002846A04720B14042F0F7FEFF0123F4E743
:10D26000062005B0F0BD00BF7FD60508982006084F
:10D2700030B5044685B023685A7C03EB8203084628
:10D280001D696B691BB90B490B48EFF7BBFF052202
:10D2900001A9F2F7E9F8DDE901126B692046984728
:10D2A000002802DA4042F0F7D7FF400040F00100CA
:10D2B00005B030BD7FD6050898200608F0B50746B2
:10D2C00087B0D1E900500C46F1F79CFE06220646D5
:10D2D00003A9A068F2F7C8F8032F0ED0E068F1F7B1
:10D2E000D5FF0090DDE90323B1B22846FFF73EFFEA
:10D2F000002804DA4042F0F7AFFF0120F1E70620F2
:10D3000007B0F0BDF0B5074687B0D1E900500C4634
:10D31000F1F778FE0522064603A9A068F2F7A4F803
:10D32000032F0ED0E068F1F7B1FF0090DDE9032391
:10D33000B1B22846FFF730FF002804DA4042F0F788
:10D340008BFF0120F1E7400040F0010007B0F0BD85
:10D35000F0B5074687B0D1E900500C46F1F752FE10
:10D360000646A068F1F74EFE014602A8E3F79CFFCF
:10D37000032F0ED0E068F1F789FF0090DDE903325A
:10D38000B1B22846FFF7F2FE002804DA4042F0F777
:10D3900063FF0120F1E702A8F7F75EFD07B0F0BDDB
:10D3A000530710B501D1202A02D90948F0F730FD02
:10D3B000A2F108031BB20138002B01DAD00810BD1E
:10D3C00021FA03F4083B00F8014F1BB2F4E700BF59
:10D3D00087D605082DE9FF4105460E4603A81146EC
:10D3E0001A46FFF7DDFF002703468046009703AA91
:10D3F00031462846FFF7D0FE0123404504460093FE
:10D4000009D03B463A4631462846FFF7C5FE20463E
:10D4100004B0BDE8F081DDE90A2331462846FFF774
:10D42000A5FE0446F3E7000010B58AB002AB0193F5
:10D43000124B009304230C4601381944F1F7E2F92A
:10D440000498F1F7DFFD014606A8E3F72DFF079BDF
:10D450000193089B0093039A9DF81430BDF80810BF
:10D460002068FFF7B7FF002802DA4042F0F7F4FE29
:10D4700006A8F7F7F1FC0AB010BD00BF9C670608CC
:10D4800010B58AB006AB0193104B009304230C46F1
:10D4900001381944F1F7B6F9062203A90898F1F703
:10D4A000E3FF049B0193039B0093079A9DF82430AC
:10D4B000BDF818102068FFF78DFF002802DA4042FF
:10D4C000F0F7CAFE06200AB010BD00BF9C67060830
:10D4D0002DE9F0418EB006AB0193194B0093042364
:10D4E0000C4601381944F1F78DF9052203A9089873
:10D4F000F1F7BAFF02AD24689DF824200799BDF822
:10D5000018602846DDE90378FFF74AFF23685A7C54
:10D5100003EB820302221B690092CDE90A05CDE9E3
:10D520000C879D6931460AAB2046A847002802DADD
:10D530004042F0F791FE06200EB0BDE8F08100BF3A
:10D540009C6706082DE9F04389B0054602AFD1E992
:10D5500000800C46F1F756FD07F108028146391D9F
:10D56000A068F1F7F7FD032D29D0E068F1F78EFEF2
:10D5700005467B68012B6A4638BF0123A2EBC30333
:10D580009D4602AE00247B685A1E7A60CBB914B95E
:10D59000C6E900440124D8F800305A7C03EB82032A
:10D5A0006D001B6900959D69224633461FFA89F17B
:10D5B0004046A847002818DA4042F0F74DFE012502
:10D5C000D7E7BB680522186807F10C01F1F74CFF9B
:10D5D0003A6932B106EBC40346F83420FA685A605F
:10D5E0000134BB680433BB60CDE7400040F001006C
:10D5F0001C37BD46BDE8F08313B50B69CA684C689B
:10D600009B8892880449B1FBF4F100910349E4F747
:10D61000F7FA02B010BD00BF20A1070092D605089E
:10D6200008B502490248EFF7EDFD00BF7FD60508B7
:10D630009820060838B50546086804681346627CD9
:10D6400004EB8204226914680CB9FFF7E9FF0A1D94
:10D65000691EA047062038BD08B503685A7C03EB55
:10D6600082031B699B680BB9FFF7DAFF984710B17B
:10D670004042F0F7F1FD062008BD08B503685A7C6A
:10D6800003EB82031B69DB680BB9FFF7C9FF9847FF
:10D6900010B14042F0F7E0FD062008BDC368C28823
:10D6A0009A617047C388C2681B0493617047C3883E
:10D6B000C2681B049361704713F0FABF38B5D0E914
:10D6C0000243DA68DB88936105464068FFF7F4FFA0
:10D6D000EA68D36812891B69C2F34312D340DB079F
:10D6E00008D414B96FF06D0038BD012013F0E0FFCD
:10D6F000013CEDE7002C0CBF6FF06D000020F3E75C
:10D7000038B504460069FFF7C9FF6068FFF7D4FF2A
:10D710002046FFF7D3FF054628B92069FFF7C2FF6F
:10D720006068FFF7C9FF284638BD70B504464068F9
:10D730000E46FFF7C1FFE068FFF7B9FF072546FA7D
:10D7400005F3DB0720690FD5FFF7A8FF6068FFF737
:10D75000B3FF2046FFF7B2FF48B12069FFF79EFFF5
:10D760006FF06D05284670BDFFF79CFFEEE7E0689F
:10D77000FFF79DFF013DE2D22069FFF78FFF606850
:10D78000FFF79AFF2046FFF799FF0028E8D12369A9
:10D790006068DA681B891569C3F34313DD40FFF73E
:10D7A0008BFFE06805F00105FFF781FFDAE7F8B5C8
:10D7B00006460F4615460024AC4201D12046F8BD6E
:10D7C000395D3046FFF7B1FF002802DBF6D10134A6
:10D7D000F2E76FF06D04F1E738B504464068FFF7F3
:10D7E0006BFF2069FFF75EFF6068FFF765FF20466B
:10D7F000FFF764FF05462069FFF750FF6068FFF7F9
:10D800005BFF284638BD000010B586B004460846C8
:10D8100011461A4602AB0193134B00930423F0F711
:10D82000F1FF029815F024FDE060039815F020FD4B
:10D83000059B049AA3600D4B20619A428CBF012383
:10D84000B3FBF2F363600023E0681A46052113F08E
:10D850004FFE002320691A46052113F049FE204699
:10D86000FFF7BAFF06B010BD9466060820A10700B6
:10D87000F0B5142085B00D460A491E461746F1F74B
:10D88000BAFA06EB85020446394601A8F1F753F8C7
:10D89000204601AB32462946FFF7B6FF204605B0C9
:10D8A000F0BD00BFB46606082DE9F04104464068AB
:10D8B00017468846FFF700FFE068FFF7F8FE60684C
:10D8C000FFF7FAFE082600252046FFF7F7FE18BBF3
:10D8D0002269E068D36812891B69C2F34312D340FE
:10D8E00003F0010343EA4505FFF7E1FE6068FFF737
:10D8F000E3FE013EE8D188F8005017B92069FFF730
:10D90000D1FE6068FFF7D8FE2046FFF7D7FE01463C
:10D9100038B12069FFF7C2FE6FF06D010846BDE81F
:10D92000F081E068FFF7C3FE2069FFF7B7FEF5E777
:10D93000F8B506461F4614468D180CB92046F8BDAA
:10D94000291B013C07F00102304618BF0022FFF7F7
:10D95000ABFF0028F1D06FF06D00F0E72DE9F84F34
:10D9600007460C4616469A46FFF7CAFE20B16FF0EE
:10D970006D042046BDE8F88F0A9B03F0010949EACF
:10D980004401C9B23846FFF7D0FE041EEFDB0DD1CB
:10D990000AF1080A86B90A9B9B07EAD53846FFF7C1
:10D9A0001BFFB04218BF6FF06D04E2E73846FFF787
:10D9B00013FF6FF01204DCE75AE902B5013EB9F13A
:10D9C000000F23D1AB44A4EB05085D4508EB05042B
:10D9D000DED029783846FFF7A8FE0028C7DB05F11E
:10D9E0000105F2D00026D3E7A5EB0B010BF1FF3BBD
:10D9F00056EA0B030CBF012200223846FFF754FF02
:10DA00000028B4D1BBF1000FEED1C1E75D44F9E7C6
:10DA1000064BC01A064B80105843064B03EB80039D
:10DA20000020D3F8F431C3E90501704714690608F2
:10DA3000CDCCCCCCBC040020084BC01A084B8010C5
:10DA40005843084B03EB8003D3F8F43109B9586904
:10DA5000704701290CBF98690020704714690608B7
:10DA6000CDCCCCCCBC04002008B50C4B0C4AC31A5E
:10DA70009B1053434A0644BF82684260094A02EB46
:10DA80008303D3F8F40108B9002008BD8369194065
:10DA9000FAD041610DF07EFC0120F6E71C08002061
:10DAA000CDCCCCCCBC04002010B50378052B0446AB
:10DAB00005D11021FFF7D8FF0123237010BD032BE0
:10DAC00001D0062BF8D120212046F3E7F0B587B02E
:10DAD00003AB51F8045B01931A4B009304460323F4
:10DAE00001381646F0F78EFE174B184A184FEB1AFE
:10DAF0009B1053437C3307EB8307786860B91C2085
:10DB0000E2F7B8FB134B0360134BC0E90135062362
:10DB1000C360002303747860012C02D83368072B9C
:10DB20000ED9049B9DF81420190703D012B90B4895
:10DB3000F0F76EF902740022C0E905230399C16071
:10DB400007B0F0BD5468060814690608CDCCCCCCEB
:10DB5000BC040020B08E060864690608B3D6050828
:10DB60001FB504460522084601A9F1F77DFC02987D
:10DB700020B1019A636812781A610120400040F0D8
:10DB8000010004B010BD1FB504460522084601A9D6
:10DB9000F1F76AFC029820B163681A69019B0120C1
:10DBA0001A70400040F0010004B010BD136810B5B9
:10DBB00014466BB940F2824399420AD1064BC01A0F
:10DBC000064B20F0030003445868F4F709FD206079
:10DBD00010BD04235360FBE7146906081C080020ED
:10DBE000064A4B688A1A06499B6892104A43C3F357
:10DBF000460304490132E4F703B800BF146906087C
:10DC0000CDCCCCCCBED605081F4B204A10B5C31ACC
:10DC10009B10534314221E4C5A43A15C91B3002124
:10DC2000A1540289446852B28A4221600DDB510935
:10DC3000012402F01F02944001F12002154941F82D
:10DC40002240BFF34F8FBFF36F8F90F90A20002A55
:10DC50000DDB5109012002F01F02904001F120026A
:10DC60000C4941F82200BFF34F8FBFF36F8F0A4A70
:10DC700003F12E017C3302EB810102EB83020020D1
:10DC800048605060062010BD14690608CDCCCCCC8D
:10DC90001C08002000E100E0BC040020F0B58BB0BF
:10DCA000084611461A4605AB01934A4B00930523DB
:10DCB000F0F706FE059815F0C5FF474B474A099E49
:10DCC000074603EB8703451E0898C3F8B8001423E2
:10DCD0006B439C180121D15206284FF00003C4E980
:10DCE0000133C4E90333A37010D0072202A9F1F76E
:10DCF000BBFB202E01D8730702D03948F0F788F813
:10DD0000039BE360F610029BA6702361354E14243A
:10DD100004FB0564FFB20097012300220621E0689E
:10DD200013F029FC0097012300220621206913F03B
:10DD300022FC60682C4A0699D2F840C000F14043AA
:10DD4000A3F5A8439B0A1533012707FA03F343EA17
:10DD50000C031364136C0293029B15F0EFFF94F90C
:10DD60000830002B27DB214AD118C02081F800039E
:10DD7000590903F01F039F4042F82170142303FB4D
:10DD8000056696F90A30002B1CDB1849CA18C0201A
:10DD900082F800030122580903F01F0302FA03F37B
:10DDA00041F82030124A01231178AB400B43204642
:10DDB00013700BB0F0BD0F4A03F00F039A18C02385
:10DDC0001376DBE70B4A03F00F039A18C023137690
:10DDD000E8E700BF2C680608BC0400201C080020EF
:10DDE000D5D60508146906080038024000E100E0B5
:10DDF000540C0020FCEC00E000F14040F8B5A0F528
:10DE0000A8400D4E840A142505FB04650F462846DC
:10DE1000FFF74AFE57B101212846FFF725FE0223EE
:10DE2000142202FB04F033540020F8BD02212846DE
:10DE3000FFF71AFE0323F3E71C080020F8B500F1F2
:10DE40004044A4F5A844294FA40A14256543EE19BB
:10DE500008213046FFF708FED6F810C0BCF1000FCD
:10DE600008D106237B5518B9214B2B445B681B69ED
:10DE70000020F8BD1E4B7A5D2B44032A5B681B69AA
:10DE80001FD104227A550022B260B2787270142039
:10DE9000604339184A782AB38868DBB2013A43EA0A
:10DEA0000023D2B28B604A70002AE1D1CA68B3FB6A
:10DEB000F2F002FB10338B6030464021FFF7D4FDB7
:10DEC000D6E7042AE3D0142202FB04729168481CAE
:10DED00090600CF80130D2E902139942C8D30023B4
:10DEE0009360C5E706223A54EDE700BF1C08002006
:10DEF0001469060800F14040044BA0F5A840800AD0
:10DF0000142202FB0030FFF7CFBD00BF1C08002029
:10DF1000F8B500F14044A4F5A8441D4DA40A142707
:10DF200067437E1904213046FFF79EFD33693BB9F4
:10DF30000523EB5518B9174B3B445B681861F8BDD6
:10DF4000EB5D042B0AD1D6E902323046B3FBF2F185
:10DF500002FB11334021B360FFF786FD142303FB5E
:10DF600004F25C43A95C05291CBF0521A954254482
:10DF7000AA682969531CAB608A5CE9688B4228BF98
:10DF80000023AB60034B23445B681A61D7E700BFF3
:10DF90001C08002014690608FFF7ACBF70B5064DD9
:10DFA000064E00242B5D13B13019FFF72DFE1434FB
:10DFB000502CF7D170BD00BF1C0800201469060862
:10DFC00010B50C46F1F72AF8631E0342024604D04E
:10DFD000024903482346EFF71EF910BDFDD6050898
:10DFE0009C1F060870B50646144608460AB3042A64
:10DFF00071680FD1FFF7E4FF7368012B03D0022B88
:10E0000006D0006800E00078BDE87040F4F7E8BA98
:10E010000088F9E7FFF7D4FF05462046F0F7FEFF3A
:10E020007368012B03D0022B05D0286000E0287014
:10E030000624204670BD2880FAE700004A6802499D
:10E04000D200E3F7DDBD00BF1BD7050810B50346BE
:10E050000B4C90B10868F0F7D5FF431C07D10021A5
:10E060000220F8F77FFE84601034C46010BD0128E0
:10E07000034602D90348EFF7CBFE04EB0310F5E7A4
:10E08000786906082BD7050882B000230193064B58
:10E090001A6B42F480221A631B6B03F480230193F2
:10E0A000019B02B010F0ECB8003802402DE9F041BD
:10E0B00007460E46904613F0DFFA0224054613F099
:10E0C000DBFAFB683A891B69C2F34312D34003F0C1
:10E0D00001039E4208D1013C02D1401BBDE8F08102
:10E0E00086F001060546EAE7431B4345E7D3604255
:10E0F000F4E70000F8B5074608680C4615F0B8F8D4
:10E1000005466068F1F7C2F8022F06460BD9A068F1
:10E11000F0F778FF024631462846FFF7C7FFBDE813
:10E12000F840F4F75DBA014AF5E700BF40420F003E
:10E1300010B50446007813F0C9FE6178036A8900BF
:10E1400001228A4023EA02030362026A41F2555324
:10E150001A420ED1074B984203D003F580639842D0
:10E1600003D1436C23F400434364036823F00103A9
:10E17000036010BD0000014008B50430FFF7D8FF70
:10E18000062008BD10B50446007813F09FFE036812
:10E19000DB0705D401234361036843F001030360F7
:10E1A0006278016A9200012393400B43036210BD21
:10E1B0004B790A7901490133E3F722BD34D70508C9
:10E1C00008B513F083FEC06A003818BF012008BDEF
:10E1D000F8B51D4B1D4AC31A0E46D91023F007038C
:10E1E000134404465E600079022302F83130FFF7E1
:10E1F000E7FF20B3207913F069FE0546207913F07C
:10E200003DFFAB6ADFF848C0EF6A00210133B0FB85
:10E21000F3F0E6FB00C10AA3D3E9002360461BF03C
:10E2200089F8343563790137874294BF45F8237004
:10E2300045F82300201DBDE8F840FFF7A3BFF8BD57
:10E2400000CA9A3B00000000886A06086C0800209B
:10E250000065CD1D012838B50C6828D1184B194A26
:10E26000E31ADB1012F833300BB9012038BD2079E6
:10E27000FFF7A6FF0028F8D0207913F027FE054607
:10E28000207913F0FBFEAB6A34350133B0FBF3F2B7
:10E2900063790D4C55F82350002319465008E5FBCF
:10E2A00004011BF047F8BDE83840F4F7B4B94868FA
:10E2B000F0F7A8FE01462046FFF78AFF0620D5E7C3
:10E2C000886A06086C08002000CA9A3BF8B5174B0C
:10E2D000174AC31A0E46D91023F007031344044605
:10E2E0005E600079012302F83130FFF769FFE0B189
:10E2F000207913F0EBFDC56A0746013547F6FF703C
:10E3000000210023E6FB05014FF6FF721BF012F817
:10E3100034376379854294BF47F8235047F8230088
:10E32000201DBDE8F840FFF72DBFF8BD886A06083C
:10E330006C080020F8B50D1E044602DC2B48EFF7F0
:10E3400067FD007913F0C2FD0646207913F096FEB2
:10E35000B6F1804F00EB5500B0FBF5F002D0244B36
:10E360009E421DD10123012820D82248E7E702FB65
:10E3700000FCBCF1333F07D8B0FBF7F003EB83039D
:10E38000B0F5803FF3D2EEE701FB00FCBCF1553F56
:10E3900093BF03EB43035B004008B0FBF5F0EFE7EE
:10E3A000154A1649012303250527E9E7013BB36216
:10E3B000134B144DE41A24F01F040138F062254475
:10E3C00000261C442B78012B06EB040008D1696859
:10E3D000FFF77CFF0836202E05F10805F2D1F8BDC5
:10E3E000022BF7D16968FFF7F3FEF3E745D705087D
:10E3F000000C00404ED70508CDCCCCCCABAAAAAAC5
:10E40000886A06086C080020012870B50D6804466B
:10E4100014D12879FFF7D4FEC8B1287913F056FD3E
:10E42000866AC46A287913F029FE631C06FB03334D
:10E43000B0FBF3F0400040F0010070BD4868F0F719
:10E44000E1FD01462846FFF775FF0620F5E7204667
:10E45000F3E7000030B587B00446084611461A4677
:10E4600002AB0193184B00930423F0F7CBF9059D01
:10E470006B1C0BD0207913F029FD627902239200E6
:10E480009340026AEDB922EA030303620299481C31
:10E4900002D02046FFF74EFF03994A1C02D02046C7
:10E4A000FFF714FF04994B1C02D02046FFF790FEA3
:10E4B0002079FFF785FE10B1201DFFF763FE07B03E
:10E4C00030BD1343E1E700BFD869060810B50C461C
:10E4D00013460A1D411E2068FFF7BCFF062010BD31
:10E4E000012838B50C6824D1164B174AE31ADB1003
:10E4F00012F833300BB9012038BD2079FFF760FEE8
:10E500000028F8D0207913F0E1FC6379C26A343036
:10E51000013250F823500023500819464FF6FF747B
:10E52000E5FB04011AF006FF80B2400040F0010054
:10E53000E2E74868F0F766FD01462046FFF7C6FEB1
:10E540000620D9E7886A06086C0800202DE9F04FFC
:10E5500099460F4692465146644A89B03846F0F7CC
:10E5600023F9D9F8000014F083FE0646407A002211
:10E57000C0F343001146824201D30B460DE03369DC
:10E5800003EB02135C7A1CB10B4601321946F2E729
:10E59000DC7A032CF8D80029F7D0002B00F08C800F
:10E5A000534893F80AC093F80BE00021054690F811
:10E5B00004B0E3457AD14479744577D14D4A1B7A4A
:10E5C00010680193012303FA0CF34FEAC10805EB2D
:10E5D000C10513EA000174D0584613F077FC0168B6
:10E5E00011F00101034612D1CDE90210584613F093
:10E5F00077FC039B029980201860D9623E498B42C8
:10E6000003D001F580618B4201D10021196304F030
:10E610000101C900012C4FF0FF0C4FF068000CFA0B
:10E6200001FC00FA01F095BF9969D96921EA0C0152
:10E6300021EA0C0195BF014301439961D9612E493B
:10E640008B4203D001F580618B4203D1596C41F4B8
:10E6500000415964012F02D8BAF1000F0FD0274BA7
:10E660004FEAE8080021584603F8381013F02EFC52
:10E67000A400036A0222A24023EA0203036209EB18
:10E680008702514605A8F0F756F905AB09F10402D7
:10E69000791E2846FFF7DEFE3046019B002202214C
:10E6A00012F026FF284609B0BDE8F08F013130296D
:10E6B00000F108007FF47BAFB28811491148EEF7F2
:10E6C000AAFD034313604FEAE80323F003030B485A
:10E6D00003F1010C00F8331000F83C1003F1020CB8
:10E6E000033300F83C1000F8331075E7FFFF030018
:10E6F000886A0608EC090020000001406C08002030
:10E7000053D705089C1F0608F8B50024094D0A4E8A
:10E71000274616F8343023B1284606F83470FFF740
:10E7200007FD0134302C05F10805F2D1034B00221E
:10E730001A60F8BD8C6A06086C080020EC090020FD
:10E7400008B5002106F0AFFE062008BD08B501217E
:10E7500006F0A9FE062008BD2DE9F04F83B000AFFA
:10E760008846786015461E4651B11C68A30707D13C
:10E7700023685A7C22B103EB82031B69002B57D11B
:10E7800008EB45029200073222F00702ADEB020DC2
:10E79000314606EB88044FEA880268464FF00009CC
:10E7A0000CF09CF9EB460DEB880A08342B464E46DC
:10E7B00040F21251F3B966B1B9F1000F09D0D9F89E
:10E7C0000000F0F763FD00280CBF03230123C9F804
:10E7D00000305B462A464146002014F0E1FD044625
:10E7E00079680C20F0F707FB0C3744600672BD46D1
:10E7F000BDE8F08F54E9022042F22A2C624510D184
:10E800003B60F0F743FD3B680646013D40F2125184
:10E8100054F8080C884208BFAAF10409013B0834E7
:10E82000C8E7D4464CF8082BCAF80400E246EFE7E4
:10E8300001290CD175B1012D09D1726842F22A2348
:10E840009A4204D1B068F0F721FD0646C8E70020DF
:10E85000EFF7B8FC2E46C3E7012910B5044604D0F3
:10E86000022908D04FF0FF3010BD406806F00EFEC0
:10E87000237A5840F8E7017A4068514006F013FEC9
:10E880000020F1E770B50D460446114628460222E5
:10E890001E46EFF789FF35B9204606F0F7FD400028
:10E8A00040F0010070BD3068F0F7F0FC01462046F2
:10E8B00006F0F9FD0620F5E710B40C460B1D00220A
:10E8C000411E206810BCFFF7DDBF38B5054651F882
:10E8D000040B04681346627C04EB8204226914680A
:10E8E0000A46691EA047062038BD08B503685A7C51
:10E8F00003EB82031B695B6803B19847062008BDE0
:10E9000030B40468657C04EB85042469A468A446DB
:10E9100030BC60477FB5064648680C46F0F772FB8E
:10E9200001466846E2F7C0FC032E029D12D1A068A2
:10E93000F0F768FB0146019A28460CF019F9029B92
:10E94000019920681A46FFF7DBFF6846F6F784FA5C
:10E9500004B070BD0021EEE77FB50C4606460622E6
:10E96000606801A9F0F780FD032E019D10D1A06819
:10E97000F0F748FB0146029A28460CF0F9F8019B93
:10E98000206802991A46FFF7BBFF062004B070BD4D
:10E990000021F0E71FB504460522084601A9F0F75B
:10E9A00063FD2046DDE901210023FFF7A9FF0620D2
:10E9B00004B010BD30B587B01546044605220846A0
:10E9C0006946F0F751FD03A906222846F0F74CFDF1
:10E9D0000199049B994202D00548EFF719FA2046A5
:10E9E000039B009AFFF78CFF062007B030BD00BFE5
:10E9F0005CD7050804300DF035BA000030B54B681F
:10EA000087B005460C46C3B90FF0FCFF3023B0FBBE
:10EA1000F3F263690B499B88049323699B880393F2
:10EA2000E3689B880293A37A0193637A0093237A25
:10EA30002846E3F7E5F807B030BD034AB2FBF3F22E
:10EA4000E7E700BF70D7050820A1070010B504460E
:10EA50000FF0D8FF3023B0FBF3F0A04207D9054BED
:10EA6000B3FBF4F004FB103303B1013010BD002000
:10EA7000FCE700BF20A1070010B58AB00446084695
:10EA800011461A4603AB0193154B00930723EFF78A
:10EA9000B9FE0398431C02D0FFF7D8FF6060049BC7
:10EAA000581C18BF2372059B0798591C18BF637226
:10EAB000069B5A1C18BFA37210B114F0D9FBE0607A
:10EAC000089810B114F0D4FB2061099810B114F02B
:10EAD000CFFB60610021201D0DF095FA0AB010BD3A
:10EAE000B46C060810B58AB0084611461A4602AB47
:10EAF00001931A4B00930823EFF7E2FE1849182000
:10EB0000F0F779F904460298FFF7A0FF039B237200
:10EB1000049B6372059B6060082B02D01148EFF7DD
:10EB200077F9069BA372079818B1089B0BB1099B54
:10EB30000BB90D48F3E714F09BFBE060089814F064
:10EB400097FB2061099814F093FB00216061201D60
:10EB50000DF059FA20460AB010BD00BF746C0608CB
:10EB6000EC6C0608C3D70508C9D7050808B50CF032
:10EB700077FF062008BD000010B44C8A8B6940F274
:10EB8000432240F27721012C18BF0A4610BC0149EC
:10EB9000E3F736B8D9D7050810B588B0044608465B
:10EBA00011461A4602AB0193224B00930623EFF75E
:10EBB00029FE0698029B6382062815D0F0F778FAA2
:10EBC0009FED1D7AC7EE007AFCEEE77A17EE900A09
:10EBD000002150EA010315D0B0F1804F71F100011E
:10EBE00011D31648EFF714F904994B1C01D1A06911
:10EBF000EEE7059A4FF47A70D31781FB00011AF003
:10EC000099FBE6E70120039BA06103B1E3619DF856
:10EC10001C20238A5AB143F004032382E369062BA4
:10EC200003D0014620460CF0F7FE08B010BD23F0DB
:10EC30000403F2E7A86D060800007A44F3D705083C
:10EC4000F0B5202085B017461D460C46E1F712FBB3
:10EC5000134B0360032303824FF47A720623C0E947
:10EC6000062306465CB12868F0F7CCF9013002D0E3
:10EC70000C48EFF7CDF8013C05F1040501D167B16F
:10EC8000002405EB8402394601A8EFF754FE01ABDE
:10EC90002A4621463046FFF77FFF304605B0F0BDDB
:10ECA0001C6E0608FDD70508F8B50C46174654F843
:10ECB000045B064628460CF0D3FE28463B46224617
:10ECC000711EFFF769FF0620F8BD1E2070474268DD
:10ECD000D36843F00103D3600620704770B58EB04F
:10ECE0000446084611461A4605AB01933C4B009377
:10ECF0000923EFF787FD07980628DDE9055610D0B0
:10ED0000F0F780F910F0010F0CBF4FF480634FF45F
:10ED1000C0630136082E06D0092E1AD03148EFF70D
:10ED200077F80023F6E700220021A67A02910999DC
:10ED300001910899013918BF01214903009120462A
:10ED4000294616F045F938B9227A27492748EEF7BF
:10ED500062FA4FF48052E7E73146204616F010FB86
:10ED60000B9A0A9BE38191B243F2C823B3FBF5F3FC
:10ED70000233994228BF13462382637ADB0717D5F3
:10ED80000C9B002B01DB1A48C9E7A269618A204667
:10ED900016F06DFA204616F0FEFA854234BF451B88
:10EDA0002D1A14235D438542024617D91149CDE738
:10EDB000A069E1F787FA0C9B002BA8BF0D930D9E6D
:10EDC000002E02DC00221146E1E7E07A013606FA65
:10EDD00000F0E1F74FFA31460246D8E70EB070BDB9
:10EDE0003C6E060802D8050819D805089C1F0608BD
:10EDF00025D8050841D8050810B50C4613460A1D4C
:10EE0000411E2068FFF76AFF062010BD70B586B06E
:10EE100003AB0193204B009305460C4603230431BA
:10EE200001381646EFF7EEFC012D246817D8356837
:10EE3000072D94BF00250125236A2BB91748A3830A
:10EE400021460CF063FA206215B3039E062E08D00B
:10EE50003046F0F75BF820B91148EEF7D9FF0125ED
:10EE6000EAE7049D35B135F0300203D00D490E4874
:10EE7000EEF7D1F90021204616F0D2F9236A9DF869
:10EE80001420DE601A740121A583204616F0C8F90B
:10EE9000206A06B070BD00BF008F0608EC9E060811
:10EEA000EDD50508DCD505089C1F060813B50446FA
:10EEB0000846F0F7A7F8E189ADF80200204616F001
:10EEC000CCFA50B101AB01220DF10201204616F03F
:10EED000DCFA019820B1EFF7BFF96E230193F8E750
:10EEE000062002B010BD10B5C189044616F06CFAB8
:10EEF00030B1204616F084FA400040F0010010BD09
:10EF00004FF0FF30F8E7F8B50F46C17A11420646D8
:10EF10001D4605D005232B604FF0FF342046F8BD79
:10EF200032FA01F4FAD0C18916F04EFA08B90B236F
:10EF3000F1E73D46304616F063FAF37A012B0CBF39
:10EF400025F8020B05F8010B013C05D0318A30464B
:10EF500016F03AFA0028EDD1EC1BDFE708B516F001
:10EF600025FA400040F0010008BD08B516F08EF902
:10EF7000062008BD2DE9F0431F460D469046284661
:10EF8000224A85B04146EFF70FFC386800F00703CE
:10EF9000022B05D083070AD102681D4B9A4206D185
:10EFA000F6F754FB1B4902461B48EEF734F9F0F71D
:10EFB00029F8814615F0FDFF10B918494A46F3E7D4
:10EFC000174E09F1610306EB8306B46844B92420A7
:10EFD000E1F769F9134B036080F808900446B060CC
:10EFE000012D02D8B8F1000F0BD007EB8502414686
:10EFF00001A8EFF7A0FC01AB3A1D691E2046FFF700
:10F000006DFE204605B0BDE8F08300BFFFFF0300A2
:10F01000E02F06085BD805089C1F060819D80508CC
:10F02000BC040020846E0608F8B51D46C37A13425E
:10F0300004460F46164604D005232B604FF0FF30E0
:10F04000F8BDC18916F009FA08B90B23F5E7E27A91
:10F050002B4626FA02F23946204616F016FA2B689D
:10F060000BB16E2BEAD100232B60E37A9840E7E7DF
:10F07000032938B50546144611D112F0010304D016
:10F0800016F094F9031E18BF0123610705D56A68BD
:10F090001268120601D543F00403184638BD012951
:10F0A0001BBF16221A6000234FF0FF33F5E7000064
:10F0B0004B7A2DE9F74391F808800D4699070446ED
:10F0C00006D43349424603B0BDE8F043E2F798BDA9
:10F0D0006B68DE6816F4805F14BF0927082728468E
:10F0E00016F4806918BF07F1FF3716F054F9294963
:10F0F0000097034642462046E2F782FDB9F1000F31
:10F1000018D125492046E2F7C6F96B6823491B69E7
:10F1100013F4405F14BF022201222046E2F770FD83
:10F120006B685B6913F4407F09D11D492046E2F703
:10F13000B2F915E0B20554BF19491A49E2E703F4E0
:10F140000076DB050AD518492046E2F7A4F93EB15E
:10F1500016492046E2F79FF91549E7E7002EFBD153
:10F16000698AEA892B8A01B1013900912046114947
:10F17000E2F746FDAA8B1AB10F492046E2F740FD9F
:10F180000E49204603B0BDE8F043E2F784B900BF62
:10F1900067D8050870D805082FA3050897D8050873
:10F1A000B4D00508C4A3050807A80508A8D8050811
:10F1B000B19C0508AAD80508D2D80508DCE50508E1
:10F1C000D0E9013206201A607047000008B500221D
:10F1D000B0F5007F04DB0132062A4FEA6000F7D168
:10F1E000C000002802DC0E48EEF712FEB0F5805F8A
:10F1F00001DB0C48F8E70C4B0138D9688907FCD4CF
:10F2000045F2555119609860D968C907FCD445F298
:10F21000555119605A604CF6CC4204481A6008BD3A
:10F22000DDD80508E9D8050800300040E46F06087D
:10F2300030B587B0084611461A4604AB0193484BD7
:10F2400000930223EFF73CFBDDE9040400F0070321
:10F25000022B05D083077BD10268424B9A4277D1BB
:10F26000F6F732F840F21E239842024603D12046B8
:10F27000FFF7ACFF51E040F25933984266D10FF0EE
:10F28000E3F84FF47A75E217B0FBF5F0A0FB043118
:10F2900000FB02111B0B43EA0153412B4FEA1131D2
:10F2A00071F100023BD3013341F100015B0843EAF5
:10F2B000C173412B4FEA510171F1000240D3013378
:10F2C00041F100015B0843EAC173412B4FEA510150
:10F2D00071F1000236D3013341F100015B0843EACA
:10F2E000C173412B4FEA510171F100011CD203227D
:10F2F0001D481E493F3343F0800383600C6C44F487
:10F3000000640C64096C01F40061039103991849CD
:10F31000D20142F07F024A600B6007B030BD194352
:10F3200012D11448EEF774FD0FF08EF81249B0FBBD
:10F33000F5F04FF40012B2FBF0F21048EDF76BFF5E
:10F340000122D5E70222D3E70022D1E70C49F4E7F6
:10F35000EFF758FE0246002889D00A49EDE700BFC2
:10F36000986F0608E02F0608740400200038024059
:10F37000002C0040DDD80508F1D805089C1F0608C0
:10F3800006D9050811D905084068002808BF0620DD
:10F3900070478369062B04D00E2B0CBF1E200E2055
:10F3A00070471E20704710B50446084611460022DB
:10F3B000EFF7FAF921460820EFF71DFD002343601F
:10F3C00010BD000010B50A46044641680248EFF738
:10F3D00094F96060062010BD19F5030870B50D465C
:10F3E0000646114628460D4A1C46EFF7DDF9202057
:10F3F000E0F740FF002306604360C36023680361B9
:10F4000006221E23C0E90523022D4FF00103C3612C
:10F4100002BF034B62681A6070BD00BF04000200A7
:10F42000F0090020136810B533BB40F2C63399428F
:10F4300002D10369136012E040F2D233994201D144
:10F440004369F7E740F22F53994201D18369F1E70D
:10F4500040F2EB33994203D10F4BC2E9003010BDAB
:10F4600040F2B133994201D10C4BF6E740F2B3437D
:10F470009942F4D1C369DDE75368002BEFD040F225
:10F48000D234A14202D143610023D3E740F22F548A
:10F49000A142E4D18361F7E73070060828700608BE
:10F4A00010B504468069062801D00E2803D10E232A
:10F4B000A361204610BD1E2807D1002307481A4625
:10F4C0001946FFF770FFA061F3E7EFF7A1FC034BCC
:10F4D0009842EED002490348EDF794FEAC7006085E
:10F4E0001CD905087420060838B5446805461CB9BF
:10F4F00006490748EDF786FE00236168054863600A
:10F50000EFF7DAF86860204638BD00BF23D9050858
:10F510002821060819F50308C369C8694010C0EB23
:10F52000630000F1005020F0404000F16040C00F47
:10F530007047000038B5D1E9005406230228636102
:10F540000FD112F093F8084B03EA400040F001009D
:10F55000E0616A6805482146EFF78DF8686006208B
:10F5600038BD8868F4E700BFFEFFFF7F19F5030888
:10F570008369062B37B5044601D00E2B02D1606992
:10F58000E0F750FE084B41F68A611868F1F7E4FA9B
:10F59000A3690546CDE9003069460220FFF7CAFF9E
:10F5A00006206C6103B030BDF0090020F0B50446C0
:10F5B0008069062885B04BD00E2835D0254D41F600
:10F5C0008A612868F1F7C8FA844204D122492348A5
:10F5D000EDF718FE64696069EFF71AFC2049F8F747
:10F5E00085FB07460028F5D141F6B2312868F1F7CE
:10F5F000B3FA01AA064680216069EDF79FFD019BE1
:10F60000A3B101AA394601200394EDF744FF01A9F3
:10F610000220CDE90164FFF78DFF286840F67A31BA
:10F62000F1F79AFA60611E2005B0F0BDE76912F0AB
:10F630001DF8C0EB670303F1005323F0404303F1CF
:10F640006043002BE9DD21463046FFF7BBFEDEE7D5
:10F650000E20E9E7F00900202AD9050874200608E1
:10F660008C70060830B50C4685B00546052220682A
:10F6700001A9EFF7F9FE012D0CD96068EFF7CEFC78
:10F68000C243DDE9010100F0C5FCC043F2F7C3FF4E
:10F6900005B030BD0020F3E730B58BB002AB0D46AE
:10F6A0000193424B0093043101230138EFF7AAF88C
:10F6B00003A928689DF808400522EFF7D5FE0499B4
:10F6C00029B101390323B1FBF3F10131890006A807
:10F6D0002144E1F7E9FDDDE90330089A022824D846
:10F6E000A0B1197889081170197802284FEA011120
:10F6F0003ED1587801F0300141EA101151705B7829
:10F700009B0003F03C0393704023D370DDE9072096
:10F71000121B85180146A9422FD10CB10A2383542C
:10F7200006A8F5F799FB0BB030BD13F8031B890849
:10F7300002F8041B13F8031C13F8025C090101F022
:10F74000300141EA151102F8031C13F8021C13F8EA
:10F75000015C890001F03C0141EA951102F8021CAC
:10F7600013F8011C01F03F0102F8011C0338B5E752
:10F7700001F0300151704023C5E70B78192B04D8F4
:10F780004133DBB201F8013BC5E7332B01D84733E6
:10F79000F7E73D2B01D8043BF3E73E2B04D03F2B8A
:10F7A0000CBF2F233D23EDE72B23EBE7C8700608A2
:10F7B000F0B589B0052201A9EFF756FEDDE9014158
:10F7C00001EB4101890804A80131E1F75FFD002048
:10F7D000069F054602460646029B834203D852B165
:10F7E0001F48EEF715FB235C3D2B09D1022A02D0FE
:10F7F000042A24D11DB304A8F5F72EFB09B0F0BDEF
:10F80000A3F141015FFA81FCBCF1190F11D80B463D
:10F8100043EA8616931D072BC1BF059B023A591C6C
:10F820000591C6BF26FA02F1F9541A4600250130A7
:10F83000D2E7A3F16101192902D8473BE8E7012586
:10F84000A3F13001092902D80433DBB2E0E72B2B06
:10F8500003D02F2BEBD13F23DAE73E23D8E700BFBD
:10F8600038D9050801460148F4F7D2BFB02F060881
:10F87000014AF5F707BF00BFB02F0608F0B50D46E7
:10F88000164689B02022002104460BF071F92B4660
:10F89000A819834212D12246002322F80239694670
:10F8A00004F11E0032F8027F21F8023B82423B4401
:10F8B000F8D10023B34209D109B0F0BD13F8011B00
:10F8C00034F81120013224F81120E2E7EA5C52B149
:10F8D00008A901EB420232F8201C481C103122F822
:10F8E000200C24F811300133E4E700002DE9F04149
:10F8F00088460546114640461E4A1F46EEF754FF0D
:10F90000B8F1010F17D97868EFF77CFBB8F1020F57
:10F91000064608D0B868EFF775FB0446032E04D9F5
:10F920001548EEF775FA0024F8E734B1631F0A2B87
:10F9300003D91248F5E70024264629461020EFF7A0
:10F940005AFA3B684360037A46EA8406054666F342
:10F9500005030372B8F1030F4FF00000E86002D90D
:10F96000F868EFF793FC2B7A60F386132B72284626
:10F97000BDE8F081080002004AD905084DD9050804
:10F98000042910B504460BD1406808B9002010BD09
:10F99000237A5B0601D5F8F754FC00236360F5E792
:10F9A00016221A604FF0FF30F1E7000013B54068EF
:10F9B00003685A7C03EB82030DF103011B690122EA
:10F9C0001C6801ABA047431C014602D10198EEF729
:10F9D00043FC10B90348EDF715FC9DF8030002B095
:10F9E00010BD00BF94210608D0E90032934210B543
:10F9F000044603D25A1C0260187810BDC36843B194
:10FA000090F829202AB980689847002801DBC0B205
:10FA1000F3E7012384F829300020EEE743695A1EFA
:10FA200010B50446426123B9FFF7DEFF07232061CA
:10FA3000636120694308236100F0010010BD2DE9D6
:10FA4000F0418046164671B1012505FA01F7002400
:10FA50004046FFF7E3FF05FB00446D00AF42F7D8D7
:10FA60003019BDE8F0810C46FAE72DE9F84300258E
:10FA700080460E460F4601F11E092C464046FFF710
:10FA8000CDFF4F450ED000EB450037F8025F2B1934
:10FA9000451B05D50444103436F81400BDE8F8833E
:10FAA0001C46EBE76FF00200F8E700002DE9F04F8D
:10FAB000D3B088460192052140F201120646FFF7B5
:10FAC000BEFF0122052107463046FFF7B8FF04229A
:10FAD000114681463046FFF7B2FF02AD824613223F
:10FAE000002128460BF044F8DFF8A8B00024544564
:10FAF00015D1132229464046FFF7C0FE07EB090A3D
:10FB00000024544515D33A4629464046FFF7B6FE31
:10FB100001984A46E919FFF7B1FE002011E00022E2
:10FB200003213046FFF78BFF1BF8012B0134A8544B
:10FB3000DDE741463046FFF798FF002804DA6FF012
:10FB4000020053B0BDE8F08F11281AD012281DD042
:10FB5000102812D1002CF2D02B19032213F801BC6B
:10FB600002213046FFF76BFF22185245E7D82C449C
:10FB700028B104F801BB0138FAE72855621C144685
:10FB8000BFE7032211464FF0000BEAE70B220721E3
:10FB9000F9E700BF8C71060870B506460425002001
:10FBA000040A3046FFF720FF013D44EA0060F7D128
:10FBB00070BD70B50646042500243046FFF714FFDB
:10FBC000013D40EA0424F8D1204670BDF8B5044652
:10FBD000E36A013375D12046FFF720FF002220633E
:10FBE00002212046FFF72BFF0128E06240F0D5807C
:10FBF0000023A4F84830A4F84A30A4F84C30A4F804
:10FC00004E30A4F85030A4F85230A4F854301823E1
:10FC1000A4F856309823A4F858307023A4F85A302A
:10FC200004F166024FF4807322F8023F01339BB265
:10FC3000B3F58C7FF8D104F19602002322F8023F3D
:10FC40000133902BFAD14FF48C72A4F8B82140F212
:10FC50001912A4F8BA214FF48D72A4F8BC2140F215
:10FC60001B12A4F8BE214FF48E72A4F8C02140F2FA
:10FC70001D12A4F8C2214FF48F72A4F8C42140F2DF
:10FC80001F12A4F8C62104F5E37222F8023F0133E3
:10FC90009BB2B3F5807FF8D100232022A4F8B222D2
:10FCA000A4F8A832A4F8AA32A4F8AC32A4F8AE3270
:10FCB000A4F8B03204F2C62222F8023F0133202B0E
:10FCC000FAD1E76A002F76D0013F012F70D8636B1D
:10FCD000002B40D104F148012046FFF7C6FE94F8FE
:10FCE0002930002B64D1FF2840F38980B0F5807F54
:10FCF00000F0AA806FF4807318441C2858DC574D1C
:10FD000035F8202015F82010C2F3C80201F00701D1
:10FD10002046FFF794FE04F52A7160632046FFF742
:10FD2000A4FE1D2844DC05EB800520466A8869781E
:10FD3000C2F30E02C1F30311FFF781FEE36B002B48
:10FD400074D0226C904200F28580636C1B1A4ABF0B
:10FD5000D218A363A263E16BE369A26B00296DD0A3
:10FD6000581CE0618A5C1A70E36B5BB1626CA16B3A
:10FD7000501C6064595C9954D4E910329A4204BF13
:10FD800000236364A36B226C0133934208BF0023FA
:10FD9000A363636B013B636341E0022891D104F5E7
:10FDA0002A7204F148012046FFF780FE002888D01F
:10FDB0006FF00200F8BD606BD8B92046FFF714FE63
:10FDC00005462046FFF710FE00B205EB0025204651
:10FDD000FFF70AFE06462046FFF706FE00B206EBD6
:10FDE000002080F47F4080F0FF008542E0D1681C55
:10FDF00067610138606338B32046FFF7F5FDE369BA
:10FE00005A1CE2611870E26B4AB1636C591C616460
:10FE1000D054D4E910329A4201D100236364D4E96A
:10FE200007239A42FFF4D4AE0020C3E7D4E90623A7
:10FE30009B1A9842BCD84042A0638CE79A5C1A7027
:10FE4000E3690133E361A4E7236B002B3FF4C3AE06
:10FE50000120AFE76FF00400ACE700BFA071060817
:10FE600038B505460C4604B938BD2846013CFFF7B5
:10FE7000BBFDF8E738B50546FFF7B6FD0446284652
:10FE8000FFF7B2FD44EA002080B238BD70B50E46DF
:10FE90000446FFF7A9FD05462046FFF7A5FD1F2DE7
:10FEA000014639D18B2837D12046FFF79DFD082820
:10FEB00005D12046FFF798FD1F28054602D96FF0AF
:10FEC000020070BD06212046FFF7CAFF6B0706D56A
:10FED0002046FFF7CFFF01462046FFF7C1FF280766
:10FEE00004D52046FFF780FD0028FAD1E90604D5A5
:10FEF0002046FFF779FD0028FAD1AA0702D520464F
:10FF0000FFF7B8FF022384F828304FF0FF33636215
:10FF10000F2333600120D4E72BB201EB03231F2210
:10FF2000B3FBF2F2C2EB4212981AC8D105F08F036C
:10FF3000082BC4D18B06C2D42D0908350123EDB29C
:10FF400084F8283063623560BBE7F0B51FFA82FCA5
:10FF500041F2B056120C4FF6F17411B94CEA02405E
:10FF6000F0BDB1420D4628BF354625F00F070744C6
:10FF70000346BB420ED105F00F001844834243D123
:10FF8000BCFBF4F3491B04FB13CCB2FBF4F304FBFE
:10FF90001322E2E71878604493F801C002448444D5
:10FFA00098786244604493F803C00244844418790A
:10FFB0006244604493F805C00244844498796244E2
:10FFC000604493F807C002448444187A6244604451
:10FFD00093F809C002448444987A6244604493F8D8
:10FFE0000BC002448444187B6244604493F80DC003
:10FFF00002448444987B6244604493F80FC00244F6
:020000040804EE
:10000000844462441033B4E713F8017BBC44624477
:10001000B4E7000010B50B4C0346014410468B4278
:1000200000D110BD13F8012B424002F00F0054F82C
:10003000200080EA121000F00F0254F8222082EA19
:100040001010ECE74C71060870B5C6690446FFF75E
:10005000BDFD051E13DB94F82830012B05D0022BC3
:100060000FD06B1E5D425D4109E0E169626A891B48
:100070003046FFF76AFF012D606216D00025284642
:1000800070BDE169626A891B3046FFF7C3FF012D2D
:100090006062F3D12046FFF77FFD636ADB43834252
:1000A0000CD12046FFF778FDE9E72046FFF781FDF8
:1000B000636A834218BF6FF00305E0E76FF0030542
:1000C000DDE700002DE9F743054640680E46174678
:1000D0009846002856D0EC68002C35D10121F8F75D
:1000E00029FA4FF4A260E0F7C5F82146E8604FF422
:1000F000A16204300AF03CFDEB68DD60E8682D4B3E
:1001000003612B7A80F80C45C3F3830403F00303E7
:10011000012B2BD1002C08BF08244FF0010909FA4C
:1001200004F94846EC68E0F7A5F82060EC6822681E
:10013000C4E9102900234FF0FF3184F82D30A3616A
:1001400063632163A364A36394F80C3583BB3744D2
:1001500026626762201DFFF777FF012825D1EB6833
:1001600083F80C05EB68186A801B10E001A90430C5
:10017000FFF78CFE002805DB2B7A03F00303022B2C
:1001800008D158B11623C8F800304FF0FF3003B043
:10019000BDE8F083032B01D10128F3D1019B14B1F9
:1001A000A342A8BF23461C46B7E70028DAD0E9E7F8
:1001B0000020ECE7ADF9030830B5048A856802FB3E
:1001C0000412847CD208042C18BFC943A85C01F037
:1001D0000701003B4FF0010404FA01F418BF0123AA
:1001E00020EA04008B401843A85430BD038A02FB68
:1001F0000313827CDB08042A826818BFC943D05CE1
:1002000001F00701084100F0010070472DE9F04FAF
:100210000A9C078A90F81290FF08B4F1000E07FBC1
:1002200002F218BF4FF0010E0B444FF0010A994241
:1002300001D1BDE8F08F8468DDF82480B9F1040FA6
:1002400002EBD105254416BFCC4301F0070404F0AE
:1002500007040AFA04FB4FF0000C0EFA04F4B8F19C
:10026000000F01D10131E2E715F80C6026EA0B0618
:10027000264305F80C6008F1FF38BC44EFE730B5C1
:10028000058AD40805FB0411856802F00702685C42
:10029000003B4FF0010404FA02F418BF012320EAE6
:1002A000040093401843685430BD30B58368058A14
:1002B000D40805FB043302F00702585C104100F03B
:1002C000010030BD2DE9F043089C079FB4F1000CFC
:1002D00018BF4FF0010C17444FF0010EBA4201D184
:1002E000BDE8F083048AD50804FB051584682C4416
:1002F00002F007050EFA05F904EB03080CFA05F500
:10030000444501D10132E9E7267826EA09062E4361
:1003100004F8016BF4E710B5048A02FB041182684B
:1003200022F8113010BD038A02FB0311836833F8F1
:100330001100704770B5068ADDE9044502FB06111D
:10034000826802EB41026CB1013C1946164602E09C
:1003500026F8025B01390029FAD1018A02EB430237
:10036000C91AEEE770BD30B5048A856802FB041235
:1003700092084900A85C01F0060103248C4003F0B8
:10038000030320EA04008B401843A85430BD038ABD
:1003900002FB03139B0882684900D05C01F0060150
:1003A000084100F0030070472DE9F843089F81469B
:1003B0000C469046CE181744A6420CD9454606E096
:1003C0002A46099B21464846FFF7CDFF0135AF423B
:1003D000F6D80134F0E7BDE8F88310B5048A02FBD3
:1003E000041252088468A05CC90749BF20F00F00BE
:1003F00000F00F0003F00F03184358BF40EA03104A
:10040000A05410BD038A02FB03135B088268D05C12
:10041000CB074CBF00F00F000009704710B5048AED
:10042000806802FB0400435410BD10B58368048A41
:1004300002FB0433585C10BD30B4847C0C256C4343
:10044000024D2C59A44630BC604700BF44740608D6
:1004500030B4044B847C0C2505FB043330BC5B6852
:10046000184700BF44740608F0B5059E002E2BDD2A
:10047000002B29DD0B44002B26DD1644002E23DD46
:10048000C589954220DD87898F421DDD90F812C015
:100490000E4C4FF00C0E0EFB0C4422EAE272A468E4
:1004A000AE42D4BFC2EB060CC2EB050C21EAE171EF
:1004B000CDF814C0BB42D4BFC1EB0303C1EB0703AB
:1004C000A446BDE8F0406047F0BD00BF4474060894
:1004D0002DE9F04F814685B008461446EEF792FDAF
:1004E00006462046EEF78EFD002EB9F80C30074682
:1004F00019DA72429A4212DAF31801930123029335
:100500004FF0000B002FB9F80E4016DA7B42A342E1
:1005100005DA3C444FF0010A0025A54227D1062008
:1005200005B0BDE8F08F9E42F9DA03F1FF3B731E80
:1005300001934FF0FF330293E4E7A742EFDA651E21
:100540004FF0FF3A7C1EE8E7A8EB0601039A484605
:10055000FFF77EFF414603462A464846FFF76CFFF9
:10056000029B9844019B4345EED15544D5E7EB1BD4
:10057000D8460393F6E770B504460D1F00EB8206DC
:1005800054F8040FEEF73EFDB44245F8040FF7D1DE
:1005900070BD10B586B00C680846042202A9FFF7AA
:1005A000EAFF059B0193049B00932046DDE90212BC
:1005B0000123FFF759FF062006B010BD10B586B025
:1005C0000C680846042202A9FFF7D5FF059B01939A
:1005D000012300932046DDE903230299FFF744FF3E
:1005E000062006B010BD10B588B00C68084605227C
:1005F00003A9FFF7C0FF079B0193069B00932046CA
:10060000DDE904230399FFF72FFF062008B010BD92
:100610002DE9F0418046D1E900400F46EEF7F2FCAB
:100620000546B868EEF7EEFC002D1DDBA389AB4252
:100630001ADD061E18DBE389B34215DDB8F1030F9E
:1006400009D1324629462046FFF702FF400040F01C
:100650000100BDE8F081F868EEF7D4FC32460346AD
:1006600029462046FFF7E8FE0620F2E737B50446A4
:100670000846EEF7C7FCA27C074B01900C2101FB5A
:100680000233E289009200229D68A3892046114628
:10069000A847062003B030BD447406082DE9F04F8A
:1006A00089B00446486802928A461D46EEF7AAFCC5
:1006B0008046DAF80800EEF7A5FC8346DAF80C006D
:1006C000EEF7A0FC042C019018D9DAF81000EEF730
:1006D00099FC044608F1FF324FF6FE739A424746F2
:1006E00009D80BF1FF369E42D94604D8B4F5803FB5
:1006F00001DA444504DA0020EDF78AFB4446E9E7D5
:10070000019A062A50D8DFE802F004534635353DF9
:1007100051000BF1070929F00709A9F10806012387
:100720000393029BDAF8000043F0040205A9EEF7F8
:100730009BFEA9EB0609039B664307FB09665E4324
:10074000069BB3EBD60FD6D325B91A491420EEF782
:1007500052FB0546DAF800306B60059BAB60019BED
:10076000A5F80C802846A5F80EB0AB742C8209B011
:10077000BDE8F08F073408F1070724F0070427F0DD
:100780000707CCE7033408F1030724F0030427F03C
:1007900003070223C4E7013408F1010724F0010430
:1007A00027F001070423BBE70348A5E70823B7E7C1
:1007B0001023B5E79874060853D9050870B50C46A0
:1007C0001D4611462046054AEDF7EEFF2946204614
:1007D0000023BDE870400222FFF760BF0A00080056
:1007E0007FB50B688A68019303284B6802930392D4
:1007F00088BFCB6805930122049201AB002205213A
:100800000248FFF7DBFF07B000BD00BF9874060881
:1008100008B54068EEF728FE80F00100C0B208BDC0
:100820002DE9F74F0546D1E900A00C46F4F70EFF7D
:100830008046A068EEF7E6FB0646E068EEF7E2FBCE
:10084000042D834640D92069EEF7DCFB034608F10E
:10085000FF3813E0A4F12002602A28BF7F24203C47
:100860001A4A24B2C6EBC40435461444002D0DDAEE
:10087000013506F108029542F8D12E4618F8014FCD
:10088000002CE7D1062003B0BDE8F08FBAF80C20A9
:10089000AA42EDDD14F805905F46B9F1000FE7D0EC
:1008A00019F0010F0CD0002F0ADBBAF80E20BA4263
:1008B00006DD3A46294650460193FFF7BDFD019BF0
:1008C0004FEA59090137E8E70123C0E7B874060881
:1008D000F8B51F46038A8468069D02FB031106468D
:1008E0000C4405B9F8BD204607993A460AF040F98C
:1008F000338A013D1C44F4E72DE9F84F0B9D078A2C
:10090000846805F00F0502FB071205EB051A9846EF
:1009100004EB52045FFA8AFAFF1A01F001060A9BFF
:100920000BB9BDE8F88F0A9B013B0A93CEB9C146CB
:100930004FEA590B5A46514620460AF019F919F068
:10094000010F04EB0B0209D014F80B0000F00F00AC
:1009500040EA051004F80B0006B9013202EB570417
:10096000DDE7B8F1000FE2D0237823F00F032B432B
:1009700004F8013B08F1FF39DAE72DE9F04F88462A
:1009800089B000230D6807938346052203A94046DA
:10099000CDE90333CDE90533FFF7EDFDBBF1060FDC
:1009A000DDE90346DDE905A9079F10D9D8F818004D
:1009B000EEF76CFC58B1CDE900975346324621461C
:1009C0002846FFF751FD062009B0BDE8F08F4FF033
:1009D000010853463246214628460197CDF800804B
:1009E000FFF742FD06EB09025346013A214628462D
:1009F000CDE90087FFF738FD434632462146CDE971
:100A000000972846FFF730FD04EB0A01CDE9009777
:100A1000434632460139D3E708B50A460168007AF1
:100A2000F7F7DCFEBDE80840EEF7ECBA70B4039DC2
:100A300065B10D1E0ADB8689AE4207DD151E05DB9A
:100A4000C489A54202DA70BCFFF7F6BC70BC7047DF
:100A50002DE9F04F87B015460093009ADDE910A309
:100A6000561A002EAAEB0507DABF8E1A4FF0FF3890
:100A70004FF00108002FDABFA5EB0A074FF0FF394E
:100A80004FF00109BE420C461DDB4A46C146904666
:100A90003A46374616462A4614460D46002201922B
:100AA000720002927A00C7EB460603924FF0000BE9
:100AB0005F450ADC012200991092524607B0BDE85A
:100AC000F04FFFF7B3BF0122E9E7019ACAB1002C4A
:100AD0000FDB8289A2420CDD002D0ADBC289AA420B
:100AE00007DD05932A4621460490FFF7A5FCDDE9C2
:100AF0000403002E13DA029A4D4416440BF1010B45
:100B0000D6E79542F5DB8289AA42F2DD002CF0DBC4
:100B1000C289A242EDDD059322462946E4E7039A05
:100B20004444B61AE5E710B588B00C6808460522BB
:100B300003A9FFF720FD079B0193069B0093204626
:100B4000DDE904230399FFF783FF062008B010BDF9
:100B50002DE9F04F87B01F46129B144603F00402A4
:100B600003F0010C03F0020B039203F00802DB0612
:100B7000DDE9109580460E46049232D5BCF1000F97
:100B800007D0012300930195FB18A4EB0902FFF79E
:100B90006BFCBBF1000F09D0012300930195FB18FA
:100BA000A4EB0902F11B4046FFF75EFC039B4BB12F
:100BB000012300930195FB1804EB0902F11B404649
:100BC000FFF752FC049BA3B30123109304EB09022B
:100BD000FB1831464046119507B0BDE8F04FFFF7CE
:100BE00043BC01EB070AA4EB0902CDF800C02B4679
:100BF00051460592FFF71AFF059ACDF800B02B4633
:100C0000F11B4046FFF712FF039B009304EB090220
:100C10002B46F11B4046FFF709FF049B109304EBA2
:100C200009022B465146404607B0BDE8F04FFFF79A
:100C3000FDBE07B0BDE8F08F2DE9F04F95B00B6811
:100C400007930F460023064605220FA93846CDE933
:100C50000F33CDE91233FFF78EFC0F9B0893109BE7
:100C60000993DDE91243062E0A9320D9B869EEF7FD
:100C70000DFB072E4FEA00151AD0F869EEF7C2F9FE
:100C800000F00F0040EA05030593119B53EA0402AC
:100C900011D1059B03F00F030093DDE90701DDE9A6
:100CA0000923FFF7C3FE062015B0BDE8F08F00252D
:100CB00045F00F03E8E703FB03FA4FEA4A02069206
:100CC0005D0004FB04F200264FEA4208C5F101056D
:100CD0000B92554308FB03F93746B346B14531DA69
:100CE000069B65000026C5F101050AFB05F504FB1E
:100CF00003F93746B3464E45D5DC0B9B079806EB08
:100D0000030A059B02930A9B5744CDE90043DDE9A2
:100D100008125B46FFF71CFF05EB4703002B04F1AD
:100D2000FF32A3EB0703C4BF14461F46069A069B77
:100D3000A9EB02022B440BF1010B4644C4BF9146C0
:100D40001D46D8E706EB0A020C92059A02920A9A0F
:100D500007980D93CDE900B2DDE90812FFF7F8FE20
:100D6000069B1E440C9B1F440D9B05EB4702002A6B
:100D700003F1FF31A2EB0702C4BF0B461746A9EBF4
:100D8000080105EB08020BF1010BC4BF89461546AB
:100D9000A4E72DE9F04F91B002AF0B683B628146AA
:100DA00048680C46EEF72EF97862A068EEF72AF94B
:100DB000052207F12C010646E068EEF755FB97F88F
:100DC00034103D6B00224020F7F798FCB5EB400F44
:100DD0004FEA400329D3B5FBF3F82069EEF712F987
:100DE0004FEA4803B9F1050FF8613B6140F2E0803A
:100DF0006069EEF74BFA002800F0DA804FEA48030A
:100E000003F1010A4FF000434FF00109BB616FF09D
:100E10000044CA450ED14FEA880808F1070828F0B7
:100E20000703FB60BB69A34214DA06203C37BD46CA
:100E3000BDE8F08F494607F12C00FFF7EDFDBB69D7
:100E40008442A8BF044609F102098342ACBFBB61DA
:100E5000B861DEE7FB68C7F814D00021ADEB030DE5
:100E600007F12C00FFF7D8FD0121824607F12C0085
:100E7000FFF7D2FD3B6902AD814603F1FF3B4FF026
:100E80000008594607F12C00C7F80490FFF7C4FD8D
:100E90000BF1FF31814607F12C00C7F808A0FFF7DE
:100EA000BBFD7A68BB684A45ABF1020B824603D0B2
:100EB000944214DA4C4514DA4A451146B8BF494603
:100EC000A14226D14A4550DA01230093796AFB6991
:100ED00006EB09025144386AFFF7A8FD19E04C45BA
:100EE000EADAAAEB0301A4EB020C0CFB01F14901C5
:100EF000A9EB020291FBF2F202EB431212F1100392
:100F000048BF02F12F0308F101005B1145F82830BA
:100F10008046BBF1FF3FB4D1B8F1000F21D008F1FA
:100F2000FF3C002305EB83029C4531DCA2194FF006
:100F3000000905F1040B4FF0010AF86955F8291072
:100F40005BF82930CDE900A0786ABA605B1A0133FA
:100F5000014409F10209386AFFF786FAC845BA6800
:100F6000EBDC0134D7F814D05CE7796A32441944D9
:100F700003DD01230093FB69ADE7FB69019306EBF9
:100F8000090300937B6A386A5344FFF761FDC0E7A9
:100F9000116852F8040F814208DD05EB830245F821
:100FA00023005160002B18BF013BBBE70133BBE7B7
:100FB000002107F12C00FFF72FFD0121804607F1EA
:100FC0002C00FFF729FD3B6981465C1E214607F195
:100FD0002C00FFF721FDCB46611E814607F12C0056
:100FE000FFF71AFDFB69019306EB090300937B6A87
:100FF000796AC2460344023C80460BEB0602386A1B
:101000005144FFF725FD631CE0D10EE773B50D4693
:101010000E490646F6F709FF044628B10FCC0FC566
:1010200023682B6002B070BD304601AA6946EEF716
:1010300091F80098031F012B02D92046ECF7E8FE37
:1010400001992B460122FFF729FBEBE7987406086C
:101050002DE9F04F0E468DB0D1F80080054602A96B
:101060007068FFF7D3FFB068EDF7CCFF8246F068F9
:10107000EDF7C8FF042D04464FF0000936D8CDF82F
:1010800024904FF0FF37B8F80C6056452ADDB8F8C9
:101090000E00A04226DDBDF81450CAF10002AA429B
:1010A00020DABDF81630614299421BDA5544B54248
:1010B0002AEAEA79234424EAE474A8BF3546834245
:1010C000D4BF009300900029ACBFC4EB010AC4F167
:1010D000000A002AACBFC9EB020BC9F1000B009B50
:1010E0009C422DDB06200DB0BDE8F08F3069EDF796
:1010F00089FF052D0746CDF82490C4D070690628D5
:10110000C1D007A9FFF782FFBDE7019A0BEB0601EB
:1011100002A8FFF79DF9099A03462AB10146002269
:1011200007A8FFF795F903469F4204D022463146AF
:101130004046FFF781F90136AE42E6DB0134CEE7E7
:101140000AEB04034E460193F6E700002DE9F04F49
:10115000CBB00AAA01F1400514464B780E781B0467
:1011600043EA0663CE7833438E78043143EA06239C
:101170008D4244F8043BF0D11024916B16464FEA9F
:10118000F14383EA714383EA9123716A366852F826
:10119000045F31440B444FEAB54181EAF51181EA1D
:1011A000D50101340B44402CD363E6D1036D009389
:1011B000436D0193836D0293C36D0393036E049398
:1011C000436E0593836E0693C36E0793DDE9067A3B
:1011D000DDE9041CDDE90258DDE900462C4B0893EB
:1011E0004FF0000E0DF12809089A52F8043B0892BE
:1011F0004FEAF12282EAB11282EA7162099259F849
:101200002E2003EB020B099A27EA01035A4401EA54
:101210000C0B83EA0B031A44524486EA05034FEA97
:10122000743A06EA050B8AEAB40A23408AEAB45AF9
:1012300083EA0B030EF1010E5344BEF1400F02EBA3
:10124000080B1344A846BA461AD1009AD31803656E
:10125000019B1C19029B44659E19039B86655D19C1
:10126000049BC5655B440366059B5918069B416654
:1012700063448366079BDF19C7664BB0BDE8F08FF8
:10128000674635468C46264659461C46ACE700BFA5
:101290002C7806080023002203640023C0E91223EF
:1012A0000B4B0C4A0C49DFF840C0C0E914230B4B30
:1012B000C0E916130A4BC0E918C30A4B836603F151
:1012C0007453A3F52303A3F69243C366704700BF8C
:1012D00085AE67BB67E6096A72F36E3C3AF54FA5C7
:1012E0008C68059BABD9831F7F520E5170B50C469D
:1012F0008D180026AC4200D170BD036C14F8012B90
:10130000C2540133402B0364F4D10146FFF71EFFA2
:10131000D0E9123213F5007342F10002C0E9123233
:101320000664E7E71FB504460846237913B1084869
:10133000ECF76EFD01A90522EEF796F804F108001E
:10134000DDE90112FFF7D2FF062004B010BD00BF97
:1013500057D9050870B50D460446114628460222A5
:101360001E46EDF721FA21467820EDF744FD0023D3
:10137000037104460830FFF78DFF012D03D131685A
:101380002046FFF7CFFF204670BD70B5056C802268
:10139000372D425504460E4600EB050337D800F1C1
:1013A000370200219A422FD1D4E91223ED00AD1863
:1013B00043F10003C4E912531BBA2DBAC4E90E3538
:1013C00021462046FFF7C2FE013E1823226DDA4077
:1013D00006F8012F626DDA403271A26DDA40327286
:1013E000E26DDA403273226EDA403274626EDA40B5
:1013F0003275A26EDA403276E26EDA40083B13F1C3
:10140000080F3277E2D170BD03F8011FCAE7C0F1BF
:1014100001010020CA183F2A08D921462046FFF7BB
:1014200095FE3822002109F0A3FBBDE703F8010F68
:10143000F0E700001FB50379044613B10948ECF743
:10144000E7FC0123037120216846DFF72DFF029995
:1014500004F10800FFF799FF6846F3F7FDFC04B0BC
:1014600010BD00BF57D9050808B5830703D102682E
:10147000034B9A4202D00348ECF7A4FE08BD00BF1C
:101480000827060863D905082DE9F843C36853F80F
:1014900022700546894614464C454FEA840603D817
:1014A000EB689F51BDE8F883013CEB68640839465E
:1014B00053F8248000204246ECF7B2FC1E28EFD1FE
:1014C000EB6843F80680E7E72DE9F047D0E90283AF
:1014D0004C0053F821A005460E4601340F46444502
:1014E000EB6808D343F827A03A4631462846BDE8C2
:1014F000F047FFF7C9BF04F10109C1450AD203EB68
:10150000840253F8241052680020ECF789FC0E285E
:1015100008BF4C46EB6853F8242043F827206300AB
:1015200027465C1CDBE738B5FFF79EFF846805465D
:1015300064080CB9062038BD013C21462846FFF757
:10154000C3FFF6E738B5FFF78FFF83681BB90A4979
:101550000A48EBF757FEC168013B0C6851F823506D
:1015600083600D60C268002142F823100BB1FFF7C1
:10157000ABFF204638BD00BF23D905082821060847
:1015800070B505460E46FFF76FFF04463146284604
:10159000F1F7D9FAA2682046013A0021FFF774FF5B
:1015A000062070BD38B500F10C0100F10803456854
:1015B000044601220068A8470346A06808B1ECF77A
:1015C0004BFE03B92373207B38BD000030B58DB0CE
:1015D0001D4603AB01931F4B0093401B0C46012398
:1015E00001EB8501EDF70EF90398062814D11A4B8B
:1015F00006931A4B0793012D1DD104AA082108A8B0
:10160000DFF762FE04A821680322EDF715FC08A8A5
:10161000F3F71CFC0DB030BD08AA0221EDF7BCFDAC
:10162000089B1868F4F712F8089B06905868F4F7BE
:101630000DF80790DFE70A4B6068059302210490DC
:10164000F6F778FF04A821680322EDF7F5FB0620E2
:10165000E0E700BF7C79060872C80508F1DC0508E0
:101660001D8603080123FFF7B1BF0223FFF7AEBFBA
:101670002DE9F04F012191B00446F6F75BFF0025FC
:1016800003680593082108A8049406958DF81C505A
:10169000DFF7FCFD04A8CDE90E55FFF783FFDFF867
:1016A000F092DFF8F0A2DFF8F0822F462E469DF888
:1016B0001C406CB104A8FFF775FF5D2C7BD038D8B7
:1016C0003A2C2CD81F2C06D80A2C25D8082CEED85A
:1016D000AE48ECF79DFBA4F12002D2B20123934067
:1016E00013EA0A0F40F0FD8013EA0803DFD1222C31
:1016F000EED109939DF81C100029E9D0222940F071
:10170000A08004A8FFF74EFFDDE90910F3F7AAFB5C
:1017100004464FF0000B27E00D2CC8D0D8E75B2C17
:10172000D6D100210846F1F79FFC04464FF0010B8B
:101730001AE0742C6DD039D8662C4CD06E2CC7D1E1
:101740009DF81C30752BC3D104A8FFF72BFF6C2824
:10175000BED104A8FFF726FF6C28B9D104A8FFF773
:1017600021FF4FF0000B0624002E40F0EF802046B2
:10177000EDF74EFB0746BBF1000F40F0FD809DF8F2
:101780001C00E0F78BFA002840F014819DF81C3013
:10179000002B9DD1002C9BD00E9B002B98D108A82C
:1017A000DFF79EFD204611B0BDE8F08F7B2C00F0E6
:1017B000C9807D2C8CD1002E8AD00E9B002B00F08E
:1017C000FD80013B0F9A0E9352F823603046EDF7EF
:1017D0001FFB07466BE79DF81C30612B7FF478AF49
:1017E00004A8FFF7DFFE6C287FF472AF04A8FFF7B0
:1017F000D9FE73287FF46CAF04A8FFF7D3FE6528E9
:101800007FF466AF04A8FFF7CDFE4FF0000B0E2467
:10181000AAE79DF81C30722B7FF45AAF04A8FFF79B
:10182000C1FE75287FF454AF04A8FFF7BBFE6528FE
:101830007FF44EAF04A8FFF7B5FE4FF0000B1E2457
:1018400092E75C290CD104A8FFF7ACFE752801468D
:1018500006D86D2808D862283FD0662808BF0C211A
:1018600008A8DFF791FD34E0A0F16E03072BF7D84D
:1018700001A252F823F000BF991804086118040867
:101880006118040861180408DF18040861180408C6
:101890009D180408A11804080A21E1E70921DFE7DF
:1018A00000244FF0040B04A8FFF77CFE40F020005A
:1018B000A0F130035738DBB2C0B2092B88BF034612
:1018C000BBF1010B43EA0414EDD1214608A8DFF770
:1018D00062FD04A8FFF766FE0CE70821C0E70D21B2
:1018E000BEE7002309939B46214608A8DFF74CFD7D
:1018F0009DF81C402D2C18D011D82B2C15D020462B
:10190000E0F7E0F9034680B9DDE90910BBF1000F0B
:1019100012D000931A460393EAF740FFF8E604F06A
:10192000DF03452B05D14FF0010B04A8FFF73AFE6A
:10193000DAE72E2CE3D1F6E75B460A22EAF7EEFD62
:10194000044611E70020EFF71FF9EEE64F4515D1E9
:1019500021463046F1F7F7F8BBF1000F3FF4A7AE90
:101960000F9B13BB01210CA8F1F734FA0F9B1E60EB
:101970002046EDF74DFA0746264698E675B9BBF1C5
:10198000000F7FF4A5AE254691E600BF6DD905088E
:10199000082706080020FF030110000429462246FC
:1019A0003046EFF7F5F90025D6E731460CA8F1F7F8
:1019B000CAF8DDE704A8FFF7F5FDE0E63446DEE609
:1019C00000B58DB0052201A9EDF74EFD029BCDE9D2
:1019D0000433019B069301238DF81C30054B0893BB
:1019E00004AB099308A80023CDE90A33FFF740FEB2
:1019F0000DB000BD4830060830BF0620704700001B
:101A0000024B1868400040F001007047F4090020C4
:101A1000F0B5624995B00546C87E4B7C0A7C0990BA
:101A2000887E0890487E0790087E0690C87D0590C5
:101A3000887D0490487D0390087D0290C87C0190C9
:101A4000897C009156485749E0F7DAF80AF07AFBAA
:101A500004460AF071FB2246034653495048E0F71A
:101A6000CFF80CF0CFFF04460CF0E8FC06460CF073
:101A7000EBFC07460CF000FD33462246CDE9007032
:101A80004A494748E0F7BCF8494A4A494448E0F720
:101A9000B7F8494A49494248E0F7B2F8484A494943
:101AA0003F48E0F7ADF8484A48493D48E0F7A8F814
:101AB000474A48493A48E0F7A3F8474A474938486F
:101AC000E0F79EF8464A47493548E0F799F8464A14
:101AD00046493348E0F794F8454A46493048E0F72C
:101AE0008FF8454A45492E48E0F78AF8444A454967
:101AF0002B48E0F785F8444A44492948E0F780F844
:101B00000DAB0CAA0BA90AA8DFF700FB0D9B0193F4
:101B10000C9B3F4900932248DDE90A23E0F770F867
:101B20000DA8DEF703FE3B491D48E0F769F80D9A62
:101B300039491B48E0F764F8DDE90E2337491848B6
:101B4000E0F75EF8139B009335491548DDE9112352
:101B5000E0F756F8334BD3F8B041A4B1D4E9001202
:101B6000314809F069F8B0B9A4680DA904F144003E
:101B700005F07DFAB4F852200D9B2C4908485A43D1
:101B80005202E0F73DF8012D02D10548DFF7B8F821
:101B9000062015B0F0BDE468DFE700BF007AFF1F44
:101BA000E80E060876D90508ADD90508C8D9050894
:101BB000E0CE0608DFD90508E8CE0608EAD9050810
:101BC00070040020F6D90508BC04002001DA0508DD
:101BD000BC0400200CDA0508F40F002016DA050812
:101BE000F87F012020DA0508F8BF01202CDA05086B
:101BF0000000002038DA0508F40F002047DA050855
:101C0000F87F012057DA050800C0012065DA0508D1
:101C100072DA0508BADA0508BFDA0508CBDA050872
:101C2000D6DA0508BC04002099990508E8DA050809
:101C300008B50FF067FD000001480C21F3F73EB92D
:101C4000107AFF1F2DE9F043814685B08846D0B950
:101C50000CF0D8FEF0F7C4FC00900CF0EFFBF0F7AE
:101C6000BFFC01900CF0F0FBF0F7BAFC02900CF016
:101C700003FCF0F7B5FC694603900420F5F772F811
:101C800005B0BDE8F0830868EDF7BCF9051E2C46E9
:101C900005EBD576B8BFEC1CB9F1010F4FEAA404EF
:101CA0004FEA660620D0D8F80400EDF7ABF9B9F199
:101CB000020F07460CD0D8F80800EDF7A3F9B9F1E8
:101CC000030F044604D0D8F80C00EDF79BF9064644
:101CD00033462246394628460FF062FD10F1160FB2
:101CE00004D10648ECF794F82F46F1E7002802DA11
:101CF00003480EF0C7FF0620C2E700BFFCDA050864
:101D000000DB050807B538B10023009302200B68FB
:101D10000193694615F012FC0FF020FE062003B077
:101D200000BD07B538B10023009302200B68019372
:101D3000694615F003FC0FF043FE0000114B5A6892
:101D400012F0020F104A0BD0042111601A6842F001
:101D500008021A600D4A536F43F08073536770474F
:101D60000A4B5B6F13F0C04F02D003231360F1E7FF
:101D700013F0206F01D00123F8E713F0806318BF40
:101D80000223F3E700700040F4090020003802400D
:101D9000014B00221A607047F409002008B515F0C5
:101DA000C5FE72B6002108460FF0B6FC08B5FFF775
:101DB000F5FF0000004870474C05002007B50B46B2
:101DC00030B90C48022103B05DF804EBF3F74AB8D0
:101DD000186801A9F3F7ACFC019B022B02D000208C
:101DE000ECF716F8034B02781A7042785A70062006
:101DF00003B000BDA104002013B50B4628B90D485F
:101E000002B0BDE81040F3F74FB801A91868F3F726
:101E10008FFC019C202C014602D90020EBF7F8FF33
:101E20002246044808F05AFE024A002306201355B1
:101E300002B010BD8004002001480021F0F7CABFA5
:101E40004C050020F8B50D4E0024D6F89830A3427A
:101E500000D8F8BDD6F89C3053F824703846ECF71B
:101E6000D7FF05463846ECF7D3FF437C05EB8305E7
:101E70002B695B6803B198470134E6E7BC04002096
:101E800008B5064BD3F898201AB905490548EBF771
:101E9000B9F9D3F89C30186808BD00BFBC04002015
:101EA00012DB05089820060830B585B0052201A987
:101EB000EDF7DAFADDE901230020D118914204D1CF
:101EC000400040F0010005B030BD12F8015B08246D
:101ED00080EA050343F3000323F0730383EA500011
:101EE000013CC0B24FEA5505F2D1E7E770B50446B0
:101EF0000E46EFF31185102383F31288C388C2685E
:101F00001B04936106200FF0D3FB16B1E368E2884F
:101F10009A6136200FF0CCFBE368E2889A610A20D0
:101F20000FF0C6FB85F3118870BD70B50C4611F03B
:101F30009FF906462046EDF765F80825044604F0AB
:101F400001013046FFF7D2FF013D4FEA6404F6D1AC
:101F5000062070BD38B50D4611F08AF904462846B2
:101F6000EDF750F801462046FFF7C0FF062038BDC8
:101F700038B5C368C2889A610446EFF3118510230F
:101F800083F31288C388C2681B04936106200FF094
:101F90008FFBE368E2889A6109200FF089FBE36810
:101FA00022891B69C2F3431223FA02F485F31188D4
:101FB00037200FF07DFB04F0010038BD70B511F043
:101FC00057F9002506462C463046FFF7D1FFA840BA
:101FD00001350443082DE4B2F6D1600040F0010061
:101FE00070BD08B511F044F9FFF7C2FF400040F0A2
:101FF000010008BD70B511F03BF9C388C2681B042D
:10200000054693614FF4F0700FF052FBEFF3118629
:10201000102383F31288EB68EA889A6146200FF058
:1020200047FBEB681C692B89C3F34313DC40E44393
:1020300004F0010486F311884FF4CD700FF038FBE3
:10204000002C0CBF0E201E2070BD00000048704701
:10205000407D060838B5094B094DD3F8B0410CB99D
:10206000062038BDA06810F0030205D10368AB421A
:1020700002D1114603F064F8E468F0E7BC040020E4
:102080007086060808B5ECF7C3FE024BC31A584227
:10209000584108BD846E060870B506460C46ECF73C
:1020A000B7FE094DA84203D10021304613F068F96C
:1020B0002046ECF7ADFEA84205D120460121BDE83F
:1020C000704013F05DB970BD846E0608004870471B
:1020D000647E060800487047547E06080048704732
:1020E000247E0608F0B5114C114D124E124F237884
:1020F0002A683168386801FB0231014482EAB17212
:102100004FEA717083EA1223434083F00103386081
:10211000DBB240F0020780EA904080EA4210237070
:1021200037602A6080EA4300F0BD00BFF809002054
:10213000A4040020A8040020AC04002038B5054603
:10214000012404EA0503AB4205D3FFF7CBFF20408F
:102150008542FAD938BD640044F00104F1E710B5B6
:102160002DED028B0C46ECF7A3FF2046B0EE408A23
:10217000ECF79EFFFFF7B6FFC0F3160040F07E506D
:1021800007EE100AF7EE007A30EE480A77EE677A2B
:10219000A0EE278AB0EE480ABDEC028BBDE81040E5
:1021A000EFF7B0B938B50D46ECF72CFF04462846DA
:1021B000ECF728FF844208DC001B0130FFF7BEFF6C
:1021C0002044BDE83840F0F70BBA0020EBF720FEC2
:1021D000F8B5074608680E46ECF714FF012F0546D0
:1021E00007D1002828DDFFF7A9FFBDE8F840F0F788
:1021F000F7B97068ECF706FF022F044606D1854256
:102200001ADA401BFFF79AFF2844EEE7B068ECF7B4
:10221000F9FE061E0BDD601B3044013890FBF6F022
:10222000002809DDFFF78AFF00FB0650DDE703D039
:10223000601B30440130F1E70020EBF7E9FD0000BE
:1022400008B510B10868062802D10948EBF7E0FD8F
:10225000ECF7E4FE074B1860074B45221A60074B6A
:10226000E9221A60064B00221A70062008BD00BF42
:102270006DDB0508AC040020A8040020A4040020A5
:10228000F809002010B5ECF7BDFE2028044602D95D
:102290000848EBF7BDFD58B1FFF724FFC4F1200457
:1022A0004FF0FF33E3401840BDE81040F0F7B3B9FA
:1022B000012010BD75DB050810B50446EDF796F852
:1022C000ECF7A0FE031E0ADDFFF738FFF0F788F9F0
:1022D000042201462046BDE81040EDF799B80248B7
:1022E0000021EAF78FFF00BF2821060808B5FFF795
:1022F000F9FEC0F3160040F07E5007EE900AB7EEEC
:10230000000ABDE8084037EEC00AEFF7FBB800004E
:1023100070B5064608460D46ECF774FE041E02DB57
:102320007368A34203DC0A482946EBF775FF06EB06
:10233000C404E5684DB1B068ECF76AFD226929462E
:10234000521BBDE87040F2F7C1BD062070BD00BF52
:10235000282106084A680149DFF752BC81DB0508DD
:102360000A460149DFF74CBC90DB05082DE9F74F21
:1023700007460C4600921ABB01F10C05D4F800B0D8
:10238000ECF704FA4FF000085E46C2463B780BB10A
:10239000292B17D1BAF1000F0DD02368A3EB0A0344
:1023A000013B5AB29A4218BF48F001085FFA88F818
:1023B0000DB105F80A30B8F1000F18BF002750E042
:1023C0000025DBE73F2B00F01C8113D8243BDAB259
:1023D0000A2A17D822680A2B14D8DFE813F0C6019E
:1023E000130013001300BF0013003C017901130018
:1023F000130064005E2B00F0AF8110D85B2B5CD023
:102400005C2B2BD03A462668002D49D0731C2360E4
:102410000123AB552368591C2160117839E07C2BCE
:10242000F0D1BAF1000F00F073812368A3EB0A0327
:10243000013B5AB29A4218BF48F00108002D00F043
:102440006A8105F80A3022680BF10200A2EB0B0248
:1024500005EB0B01284408F075FB5CE17B7823B9A0
:102460000027384603B0BDE8F08F43F0200164290F
:1024700007F1010203D043F02403772BC3D1266870
:1024800075B1731C23600523AB552368591C21606B
:102490007978E9546368013363601746013775E75B
:1024A000B31C2360F6E7531C164623600DB10223CC
:1024B000AB54636801336360F0E726687978721C77
:1024C0005E2907F10103226018D10DB10423AB5539
:1024D000023723680133236063680133636000219E
:1024E0003B785D2B0FD14BB28B4218BF48F00108EF
:1024F0005FFA88F8002DD1D0A954CFE70DB10321A0
:10250000A9551F46E5E75C2B1BD17B78781C43F06F
:102510002007642F10D1074600232068DDB100F1A9
:10252000010CC4F800C02B542368581C2060387874
:10253000E85401370131D3E743F02407772FEAD07D
:102540000746002B8CD078782D28E6D1B8785D2806
:1025500018BF0237E1E702302060EAE77B783F2BC3
:10256000164631D1BB783A2B2ED10023023799463B
:10257000781C009A01932146FFF7F8FE07460028D1
:102580003FF46EAF0278292A7FF46AAF019B002BDB
:1025900084D02268531C23600DB17E23AB54236882
:1025A0004FEA49095A1C09F1010922604FFA89F2E0
:1025B0004A4518BF48F001085FFA88F8002D3FF43B
:1025C00078AF05F8039074E7A36803F10109531C81
:1025D000C4F8089023600DB17E23AB542268531CCD
:1025E00023604FEA490359B2994218BF48F00108E5
:1025F0005FFA88F805B1AB54636801336360012367
:10260000B6E72268B2423FF42BAF2DB1B01C921B4B
:10261000A919284408F096FA2368023323607B78CE
:102620003F2B13D10DB16223AB55013723689B1BA0
:10263000023B5AB29A4218BF48F001085FFA88F884
:102640000DB12E4473706368013339E0002DEDD075
:102650006123AB55EAE7B2423FF402AF2DB1B01CA3
:10266000921BA919284408F06DFA236802332360ED
:102670000DB16022EA542168731A023B5AB2D21A91
:1026800018BF01220DB129444B7023680233236027
:102690007B783F2B17D10DB16223AB5501372368EF
:1026A0009B1B023B59B2994218BF42F0010248EA13
:1026B00002025FFA82F80DB12E4473706368023330
:1026C00026686360EAE6002DE9D06123AB55E6E7B2
:1026D000B2423FF4C5AE7B783F2B14D10DB16123DC
:1026E000AB5401372368F61A023E72B2B24218BFE9
:1026F00048F001085FFA88F80DB12B445E70266837
:1027000002362660D5E6002DECD06223AB54E9E713
:10271000002D7FF498AE2368DA1C226015B12B449B
:1027200060229A70D4F800A00AF10103236015B169
:10273000612305F80B302368A3EB0B03023B5AB26D
:102740009A4218BF48F001085FFA88F8002DB5D00A
:1027500005EB0B025370B1E72268531C2360002D78
:102760003FF471AF5023AB546DE7531C2360002D31
:102770003FF469AF5123F6E71FB50023CDE90233DB
:1027800001220A2301A90193FFF7F0FD10B101987E
:1027900005B000BD4FF0FF30FAE7000010B507228A
:1027A00004460423C4E900230F4B0022C4E902239A
:1027B00047F6FB6308462382A2742146FFF7D6FD45
:1027C00008B9012010BD00780028FAD12368E1186B
:1027D0007E220A7301224A73626803332360023245
:1027E0007F238B736260EDE76203026038B508688F
:1027F000F2F72CFF0546FFF7BFFF431C02D1084844
:10280000EBF706FB07491030ECF7F5FA29460446CA
:102810000430FFF7C3FF08B10348F1E7204638BD95
:1028200098DB0508F47F0608A1DB050810B50378DE
:102830000A7843F02004642CC3F3401008D16FEAF7
:102840005313303A03F00103092A88BF184610BD1C
:10285000732C0AD1202AFAD06FEA5313093A03F0F5
:102860000103042A88BF1846F1E722F0200141390C
:102870001929ECD9A2F130010929E8D96FEA5313DB
:1028800003F001035F2A18BF1846E0E72DE9F04185
:1028900010F8017C0446FB1E5E4214F8025B884679
:1028A0005E411DB9FE1E18BF012611E014F8012C6F
:1028B0003AB941462046FFF7B9FF48B9013D023415
:1028C000EFE798F800309A42F8D822789A42F5D388
:1028D0003046BDE8F0812DE9F3470A9F81460D4659
:1028E00090461E46EBF752FF99F800304F2B11D857
:1028F000D8F80820AA4239D909F10104512B14D87B
:10290000052B0ED87BB1023B032B2AD8DFE803F05E
:102910003D32323F512B09F10104EFD1D8F8083094
:1029200069E0502B65D0A146DEE7622B3DD012D87E
:10293000602B35D0612BF6D109F1020A99F80140DC
:1029400000973346424629465046FFF7C4FF70B908
:102950004AFA84F4E7E77E2B35D07F2BE3D10120C0
:1029600005E02A7899F801309A4216D0002002B08A
:10297000BDE8F08729462046FFF788FF0028F6D0FB
:1029800099F8013004EB43035C1C0135CBE7294681
:102990002046FFF74BFF0028E9D009F10204F4E7D5
:1029A00099F9014002344C44BDE799F901000097C0
:1029B00009F102043346424629462044FFF78BFFC3
:1029C0000028D4D1AFE709F1020499F80190B94584
:1029D000A9DA56F829A046F829503346009742460E
:1029E00029462046FFF777FF0028C0D146F829A0E6
:1029F000BDE7D8F80030AB42B8D194E710B4019CE1
:102A00003CB111300193134610BC0A464968FFF7E8
:102A100062BF0C30F6E700002DE9F0471568AB0700
:102A200086B080460F46164603D12A682B4B9A4241
:102A30004CD031460120FFF7D9FE002405467068CE
:102A400002A9F2F775FE029BCDE903001844059038
:102A5000DCB1022F19D9B068ECF7D4FA029C049BC0
:102A60008442A8BF20EAE0742344032F04930CD0CF
:102A7000F068ECF7C7FA029A824203DB84422246EE
:102A8000B8BF0246039B13440593EF6801374FEA32
:102A9000470A0AF103008000DDF7ECFBFA00044668
:102AA00000210C3008F064F8CDF80080534604F1A2
:102AB0000C0203A9281DFFF7A1FF48B92046DDF746
:102AC00001FC0624204606B0BDE8F0870124B6E7E5
:102AD000034BC4E900377368A360F3E7F47F06088B
:102AE000B87F06080A4601460120FFF795BF0A464F
:102AF00001460020FFF790BF2DE9F04F89B0064650
:102B000002AFD1E900800C46ECF782F907F1080129
:102B100081466068F2F70CFEBB68D8F80C50C7E934
:102B2000030001351844022E78614FEA450533D978
:102B3000A068ECF767FA044600210846F0F794FA1B
:102B4000AB007B606B46A3EB85039D4606460DF10B
:102B5000080A7A680021504608F00AF80095396999
:102B6000534607F10C0208F11000FFF7B4FEE0B184
:102B7000DAE900218A4218D039694846521AF2F738
:102B8000A5F901463046EFF7DEFFD8F80C20002A01
:102B900004DD0D48EBF738FB0024CDE7DAF804201C
:102BA0003A61002CD5DD013CD3D1D7E90412484667
:102BB000521AF2F78BF901463046EFF7C4FF304660
:102BC0001C37BD46BDE8F08FAADB05082DE9F04FA4
:102BD0008DB0D1F8008018F0030F02AF06460C4606
:102BE00004D1D8F80020664B9A4204D02146012037
:102BF000FFF7FCFD8046032ED4E9019572D9E06809
:102C0000ECF700FA064607F108012846F2F790FDB6
:102C1000BB6803447B61D8F80C3001335A003A603A
:102C200000223A62DA001032ADEB020D554A0495EB
:102C300002ACC7E90300C4E90023DB00834604F1CA
:102C40000C0A7B607A680021504607F091FF3B68D0
:102C5000009307F10C025346594608F11000FFF7A4
:102C60003AFE30B3D4E90332934222D03A6A2AB909
:102C7000396907F11800591ADEF708FB3969E2686B
:102C800007F11800521ADEF7EFFA4846ECF73EF962
:102C900050B321464846EAF7EBFBF2F7D7FC017840
:102CA00021BBD4F810B0C7F810B08E42CADD013E87
:102CB000C8D13B6A8BB1D7E9041207F11800521A48
:102CC000DEF7D2FA2846ECF7A3F82F4B984207F12B
:102CD000180052D1F2F7BAF8054628462C37BD46FF
:102CE000BDE8F08F00268EE74846D6E75C2900F164
:102CF000010B3DD14378672B02D183783C2B23D045
:102D000000229BF80010A1F13003092B2CD80023DE
:102D10004FF00A0E0EFB031358461BF8011FA1F1DA
:102D2000300CBCF1090FA3F13003F3D91AB13E29DD
:102D300008BF00F1020B62689A4209D85B00134891
:102D400043F00101EBF768FA00F1030B0122D8E729
:102D500004EBC303D96829B11A6907F11800521AA4
:102D6000DEF782FA58469AE75C29FBD10BF1010B9A
:102D700007F11800DEF708FBF4E7F2F76DF8ABE7B0
:102D8000F47F0608B87F0608E02F06082821060809
:102D900010B504460846ECF74FFA02220146201D02
:102DA000EBF7F2FD062010BD2DE9F74F9DF830A09E
:102DB0000190884691461C4600254D4502D103B03E
:102DC000BDE8F08F58F82500ECF736FA01220146ED
:102DD0000198EBF7D9FD476883468FB91020DDF7DE
:102DE00049FA064658F8250030600421F5F7A2FBA1
:102DF0008268F760C6E90124CBF804600135DCE79E
:102E0000BAF1000F01D0BB681C43BC60F6E7032891
:102E100037B50D680C460DD18868ECF7F3F803461A
:102E200000220092281D0122211DFFF7BDFF062070
:102E300003B030BD0523F3E738B504460846154610
:102E4000ECF7FAF900220146201DEBF79DFD10B9C1
:102E50000220EBF701FA44682846ECF7D3F8A060AB
:102E6000062038BD10B507491C20EBF7C4FF002130
:102E700004460430EBF752FD00232382A361204671
:102E800010BD00BF6880060850F83100042818BF44
:102E9000002814BF0120002070472DE9F74F82461B
:102EA0000C4691460EF0E2FB83460120EBF788FAD0
:102EB0000025A846DAF804309D4211D30EF0D6FB67
:102EC000B8F1000F3BD1B9F1FF3F35D0A0EB0B03B8
:102ED000994534D90BEB0903181AEBF7D5FAE7E754
:102EE000DAF8083029461846FFF7CEFF10B303EB97
:102EF000C50303215F6801ABD7E90006BA68B04794
:102F0000411CF86002D10198EBF7A6F990B108F1E5
:102F100001087CB1C20742BF236801332360430725
:102F200042BF63680133636030F005031EBFA368CE
:102F30000133A3600135BDE7EBF7A1FAB8E74046DE
:102F400003B0BDE8F08F000070B50C468EB00546AA
:102F500002AA206805A9ECF7FDF8606803AA06A993
:102F6000ECF7F8F8A06804AA07A9ECF7F3F8042D29
:102F700047D04FF0FF35DDE905131944079B0124C5
:102F8000194408A8EBF7CAFC2346059A0299009455
:102F900008A8FFF709FF069A03990094042308A8DC
:102FA000FFF702FF1823079A0499009408A8FFF777
:102FB000FBFE00242A4605A908A8CDE9064405948D
:102FC000FFF76BFF21460598F0F74EF821460B906E
:102FD0000698F0F749F821460C900798F0F744F866
:102FE000CDE90644099D0D90059421468D421BD1E3
:102FF00008A8EBF7A7FC0BA90320F3F7B3FE0EB06C
:1030000070BDE0680628B4D0ECF752F8B5EEC00AFF
:10301000F1EE10FAADDBDFED197A20EE270AFCEEB7
:10302000C07A17EE905AA6E70A9B1846FFF72CFFC6
:1030300010B303EBC1035B68DA68D40707D50B98BC
:10304000C4680598461C05961E6844F82060500721
:1030500007D50C98C4680698461C06961E6844F866
:10306000206032F0050207D00D9A1B68D068079ADD
:10307000541C079440F822300131B7E700007A442D
:103080000128F8B50E6807460D4616D94868062887
:103090000ED14FF0FF34022F13D0A868EBF7B2FF28
:1030A00070612246301D0021BDE8F840FFF7F5BEF3
:1030B000EBF7A8FF041EEEDAEBE700204FF0FF3439
:1030C000EEE70020ECE72DE9F3410E68FFF7D8FFAB
:1030D0000021EFF7C9FF002405462746B368A34245
:1030E00003D8284602B0BDE8F081F36821461846AF
:1030F000FFF7CAFE98B103EBC4035A68D36873B1F3
:103100005B001268D5F80C80009243F00103694619
:1031100002200193F3F726FE48F827000137013417
:10312000DCE770B50C680D46A169064619B90220A6
:10313000F3F718FEA06129463046FFF7A1FF0023F0
:1031400020826382286870BDB0F9102038B503462C
:1031500042B1013AB0F91210856802828D4203D85B
:1031600000221A82002018E05A8A01325A82DA6854
:103170001046FFF789FE88B102EBC1025468E2688D
:1031800062B198695B6921688160520042F0010276
:10319000DB07C26001D50023A36038BD0131DDE744
:1031A0000868704738B545682DB18468646AA047DF
:1031B00040EAE07038BD4FF0FF30FBE738B54568B6
:1031C0002DB18468246AA04740EAE07038BD4FF012
:1031D000FF30FBE704292DE9F041466804461F460D
:1031E0000AD126B18368DB68984700236360032314
:1031F00023760020BDE8F0815EB9032904D190F95F
:10320000183063B1032B0CD016233B604FF0FF3016
:10321000F0E78468A46BA446BDE8F0416047142041
:10322000E8E72020E6E713B50C68636813B96B2064
:10323000EBF712F801280CD94868EBF7E3FE20EA17
:10324000E071A36801AA5B692046984718B101980C
:10325000EEE70221F5E701230620237602B010BD38
:103260002DE9F0430C4695B0054669462068F2F713
:103270005FFA80466068EBF7C5FE022D074611D95C
:10328000A068EBF7BFFE032D0CD0E068EBF7BAFEA9
:10329000042D07D02069EBF7B5FE052D02D060693B
:1032A000EBF7B0FE009B2BB302A8DCF7A3FF08BB33
:1032B0002068012201A907F01DFDDCF771FF002144
:1032C0000520F3F74FFD0522032302900125C0E9F5
:1032D00002230A23C0E9045304462A46394601A8BA
:1032E00007F0F8FC02A9A0612846EFF7BDFE15B073
:1032F000BDE8F083DFF854900024D9F89830A34259
:1033000003D810491048E9F77DFFD9F89C3053F8ED
:1033100024502846EBF77CFD06462846EBF778FD5F
:10332000437C06EB830633691E6846B1009A01AB05
:1033300041462846B0470028C1D0EAF78DFF013446
:10334000DBE700BF12DB050898200608BC0400205C
:103350001FB54B7BDA09C3F38403039202938B8975
:10336000C3F3441301930B7B03F01F0300930B691A
:10337000B1F90E200249DEF743FC05B000BD00BFE5
:10338000C2DB0508062913B504460FD00846EBF743
:103390008FFEDFED0D7A20EE270AFCEEC07A17EEE5
:1033A000901A63682BB96B20EAF756FF4FF0FF3194
:1033B000F7E7A36801AA5B6B2046984708B101981C
:1033C000F2E7062002B010BD00007A4410B50446B2
:1033D0000846EBF75BFF28B106212046BDE8104008
:1033E000FFF7D0BF0121F8E730B543688DB0044640
:1033F00013B96B20EAF730FF0846EBF703FE0146EE
:1034000008A8DDF751FF05AAA368019204AA00925B
:10341000DD6ADDE9092103AB2046A847431C01D141
:103420000598E7E780B1099008A8F1F715FD049920
:103430000690012203A807F04DFC06A90790022080
:10344000F3F790FC0DB030BD0048F0E7102D0608F2
:1034500070B5436886B0044613B96B20EAF7FCFEEA
:103460000846EBF7CFFD0146054602A8DDF71CFF35
:10347000A36804995E6A2A4601AB2046B047431C04
:1034800001D10198EAE728B1039002A8F1F7E4FC22
:1034900006B070BD0048FBE7102D060830B50446A5
:1034A00085B06368084613B92020EAF7D5FE0522E7
:1034B00001A9EBF7D9FF236923BBA368DDE901125A
:1034C0001D6A20466B46A847421C01D10098ECE7D4
:1034D000029B834212D90B20E7E7A36801991D6A7A
:1034E00020466B46A847431CF0D0029B1B1A029350
:1034F000019B03440193029A002AEED1EFF78BF867
:1035000005B030BD0020F6E730B5044685B06368ED
:10351000084613B92020EAF79FFE052201A9EBF720
:10352000A3FFA368DDE901121D6A20466B46A84788
:10353000431C01D10098EEE7EFF76DF805B030BD00
:1035400070B5436886B0054613B91620EAF784FEC5
:1035500021491C20EBF755FC297B037B61F3040315
:103560000373AB898189C3F3441363F349118181E8
:10357000697B1A4BC1F3840143EA8123C1680022AD
:10358000C0E90122C1F309010B43C3604FF0FF33CF
:10359000C0E904320276AB6805AA009201469E6932
:1035A000044604AB03AA2846B047014608B1059873
:1035B000CCE76B686360AB68A3600220F3F7D2FBD3
:1035C000049984600546012203A807F083FBE860A4
:1035D000284606B070BD00BFBC8206080000FFFF91
:1035E00070B50D462846114606221E46EBF7DCF85C
:1035F00015491C20EBF705FC0023C0E90133134BF0
:10360000C3600446C5B13068EBF7FCFC237B012D99
:1036100060F3040323730FD07068EBF7F3FCA38906
:10362000022D60F34913A38106D0B068EBF7EAFCE2
:10363000637B60F38603637300234FF0FF32C4E9BA
:1036400004232376204670BDBC8206082200FFFFBB
:10365000436837B50446B3B90846FEF711FC60600D
:10366000EBF7D6FB05466068EBF7D2FB437C05EB36
:10367000830501A92B69A36020469B68984710B178
:103680000198EAF7E9FD03B030BD00002DE9F041F3
:103690000D686B6886B00C4603AE23B931462846E8
:1036A0000393FFF7D5FF6068EBF7ACFC8046A0689A
:1036B000EBF7A8FC0746E068C20705D4830714D1DE
:1036C0000268184B9A4210D1EBF7A8FC0422029032
:1036D00002ABA968CDE9002628460C6B3A46414664
:1036E000A047D8B10398EAF7B7FD0E28ECD01E2802
:1036F000EAD0142F07D106280DD0EBF707FC10B144
:10370000E3680422E5E70522E0683146EBF7ACFE0A
:10371000DDE90332DDE700221346DAE7062006B0D2
:10372000BDE8F081E025060873B50122044608468D
:10373000694607F01BFB694606462046FFF788FFEF
:10374000A3683246DD69694601AB2046A84710B13F
:103750000198EAF781FD02230620237602B070BDAE
:1037600073B5012204460846694607F0FFFA694628
:1037700006462046FFF76CFFA36832461D6969467E
:1037800001AB2046A84710B10198EAF765FD062075
:1037900002B070BD30B589B0044615460846052212
:1037A00005A9EBF761FE012203A9284607F0DEFA1E
:1037B00003A905462046FFF74BFF04AAA368CDE9FD
:1037C000005220469D6ADDE9051203ABA847431C61
:1037D00002D10498EAF740FDEEF702FF09B030BDD0
:1037E000401000F10050A0EB610020F0404000F1DB
:1037F0006040400040F001007047000010B58CB000
:1038000010B10868062858D113F02EFD002204A933
:103810002F480BF023FC002269462D480BF043FC97
:103820009DF812309DF803008DF80A309DF80030A5
:103830009DF801109DF80220BDF810408DF806108B
:1038400000F5FA60013BADF804008DF80720ADF8F3
:1038500008408DF80B3008F0BFF9ADF80C00BDF84A
:103860000400EEF7BDFE04909DF80600EEF7B8FEEA
:1038700005909DF80700EEF7B3FE06909DF808004E
:10388000EEF7AEFE07909DF80900EEF7A9FE08904E
:103890009DF80A00EEF7A4FE09909DF80B00EEF7E4
:1038A0009FFE0A90BDF80C00EEF79AFE04A90B905B
:1038B0000820F3F757FA0CB010BDEBF757FB054B98
:1038C000C01801AA41F1000108F096F9C7E700BF4E
:1038D000540F002080436D382DE9FF4103AA02A94F
:1038E000EBF738FC029B083B012B02D91848EAF79A
:1038F00069FC039B1868EBF785FB039B044658683B
:10390000EBF780FB039B05469868EBF77BFB039B7B
:103910000646D868EBF776FB039B07461869EBF77A
:1039200071FB039B80465869EBF76CFB3B46CDE986
:10393000008032462946204608F020FA054BC01880
:1039400061F10001EEF73CFE04B0BDE8F08100BF7C
:1039500000DC050880BC92C708B513F0D1FEBDE8B5
:103960000840EEF748BE000008B5EBF7A1FBDFED1D
:10397000067A20EE270AFCEEC07A17EE900A0DF0C8
:1039800043FE062008BD00BF00007A4408B5EBF7EF
:1039900039FB031E01DB0DF037FE062008BD08B51C
:1039A000EBF730FB031E01DD0DF082FE062008BDA3
:1039B00008B50DF05BFE034B03EA400040F0010048
:1039C00008BD00BFFEFFFF7F08B50DF055FE034B9D
:1039D00003EA400040F0010008BD00BFFEFFFF7F8A
:1039E00010B5064C2368DB0701D40DF057FD636862
:1039F000034800EA430040F0010010BD001000E061
:103A0000FEFFFF7F00B589B013F02EFC03A9002252
:103A100010480BF023FB02A900220E480BF043FBD9
:103A20009DF80E309DF80B0001939DF80D309DF828
:103A30000A2000939DF809109DF80C3000F5FA60FB
:103A400008F062F9044BC01861F10001EEF7B8FD0F
:103A500009B000BD540F002080BC92C710B50446C9
:103A60000846EBF7CFFA00F10053013B6FF04042FC
:103A7000934203D305490648E9F7C4FB054B00EB25
:103A8000640003EA400040F0010010BD10DC0508AE
:103A900024220608FEFFFF7F1FB5052201A9EBF7D0
:103AA000E3FC0198EEF7B7FD05B000BD38B505465B
:103AB0000846EEF7D2FD04462846EEF7CEFD014655
:103AC0002046BDE83840ECF737B938B50D46EEF77B
:103AD000C4FD04462846EEF7C0FD01462046BDE879
:103AE0003840F1F7EBB9000008B50148EAF76AFB86
:103AF00021DC050808B50F2843D8DFE800F0080DE1
:103B00000F12151B21294242424242423139885C40
:103B1000400040F0010008BD8856F9E731F8120076
:103B2000F6E731F91200F3E7BDE8084051F822004A
:103B3000EEF771BDBDE8084051F82200EEF750BD28
:103B400001EBC201BDE80840D1E90001EEF753BD29
:103B500001EBC201BDE80840D1E90001EEF730BD3C
:103B600001EB820191ED000ABDE80840EDF7CABC07
:103B700001EBC201D1E9000115F03CFB00EE100A97
:103B8000F2E70020C7E7000070B5054648680C461C
:103B9000ECF75CFFC0B963689A0707D00C4AA368CA
:103BA0000C492846BDE87040DEF72AB819680A4A71
:103BB0009142F3D19B689B0F012B07D0074A08491C
:103BC000022B18BF0A46EAE7064AE8E7064AE6E794
:103BD0003FDC050849DC050828310608EE9B05088E
:103BE00045DC050838DC0508ABA4050870B50E46B1
:103BF0000446114630460D4A1D46EAF7D5FD2146DA
:103C00001020EBF7F8F804462868EBF707FAA060F5
:103C10006B686360032E4FF00203E36003D1A86872
:103C2000EBF7F0F9E060204670BD00BF060004002D
:103C300008280ED14B689A070BD11868064A9042A3
:103C400007D19B689B0F012B03D18B681868EEF797
:103C5000E2BC0020704700BF28310608F0B51F46BF
:103C6000A0F10E03012B85B006460C46154616D86A
:103C70000E2808D1384601EB8204EBF719FA84EDDF
:103C8000000A05B0F0BD384601EBC204EBF710FAAC
:103C900010EE100A15F056FAC4E90001F1E73846B3
:103CA000EBF7BCF9072EECD8DFE806F004040606B3
:103CB00009090C0C6055E4E724F81500E1E744F825
:103CC0002500DEE7054903AA04EBC5030092895DE0
:103CD00003933A463C20F4F7CFFED2E72C85060842
:103CE00038B54368012B01D8FFF7FEFE8468A40FA6
:103CF000012C0AD0022C11D0002CF5D1022BF3D1CB
:103D0000BDE83840C06800F023B8022BECD113683E
:103D1000032B01D804231360042012E0022BC46893
:103D200010D1230F0E2B1EBFC3F341030120984077
:103D3000136808BF0420834200D21060C4F35A0401
:103D4000604338BD032BCFD1006900F001F8F5E7DF
:103D50002DE9F84F06460F469246ECF777FE00280D
:103D60005AD1B0070AD132682F4B9A420BD1524632
:103D700039463046BDE8F84FFFF7B2BFF10702D52C
:103D80002A48EAF71FFAFFF7AFFEF36803EBC50214
:103D900053F83530D3B1042B18D05068C2072BD557
:103DA0004310000FA0F10802052A1FD8C3F3100228
:103DB000C0F3410009FA00F0DAF80030834238BF5E
:103DC000CAF8000013189C4238BF1C460135B3687E
:103DD000AB42DAD8022F06D1DAF800305A1E22445C
:103DE0005B4203EA02042046BDE8F88F0E2823F068
:103DF0007842DDD10420DFE78307C4D1036843455F
:103E0000C1D18368524639464FEA630BFFF768FF1A
:103E10002BF060430344D6E70025DFF80C802C46E6
:103E20004FF00109D3E700BF2831060858DC050828
:103E300037B50C680346002214F00300019219D133
:103E40002268114DAA4204D12046EBF7CFFA03B005
:103E500030BD0E4DAA420DD1012B01D0EAF7B2F9C7
:103E6000E168646801AA2046FFF772FF400040F055
:103E70000100ECE7022B04D14868EBF7C3F80146D8
:103E8000F0E70221EEE700BF001C0608488506089F
:103E900073B50C460546C1684068002601AA019624
:103EA000FFF756FFAB68C4E9003001233046A3603A
:103EB00002B070BD2DE9F043064685B0144672B3DA
:103EC000456815F0030203D12868444B984202D09C
:103ED0004348EAF777F9AB689B0F022B4FEA61077B
:103EE0005DD1E868C0F35A039F4203DB3D493E4879
:103EF000E9F788F96B68022B38D1D6E90215022D53
:103F00004FEA10700FD1042C05D13A4605B0BDE838
:103F1000F043FFF7EFBD23463A46FFF79FFE2046EA
:103F200005B0BDE8F0830E281DBF0123C0F3410298
:103F30009340042303FB0712042C2C49039203AB88
:103F400008D1002D095C0CBF3C203E20F4F7FBFC9F
:103F50000446E4E7002D095C009308BF3C201346AB
:103F600018BF3E202246F4F787FDD8E7042C01D085
:103F70000024D4E7F1680392286903AAFFF7E8FE5A
:103F80001B4980461020EAF736FF2B694360B3686F
:103F900008FB073304468360F368E360BFE7012B47
:103FA000E6D1B368E868D3F8008010F0010303D0CD
:103FB0003A464146000FA9E7F168039303AAFFF7C9
:103FC000C7FE0B4981461020EAF715FF09FB07875A
:103FD000EB68436004468760DEE700BF28310608CF
:103FE0007ADC05087FDC0508282106082C850608F0
:103FF000488506082DE9F04F074685B040680D4614
:104000001446ECF723FD10B97248EAF7DBF8E90033
:10401000786841F00201ECF79FFDC207064640F1C7
:10402000A2804FEA10784CF2FF0323FA08F3DB0773
:104030004FEA600AC0F35A01D7E9020218D4CAF362
:10404000100A022AC1F3444B4FEAA15500EB0A03C0
:104050003DD0003A4FF0010CC6F3417018BF012269
:1040600008F001010CFA00F0F4F750FC814636E04C
:10407000022A014410D134B92246404605B0BDE8B9
:10408000F04FFFF737BD234600224046FFF7E6FD1D
:10409000204605B0BDE8F08F4F48039103AB54B9FB
:1040A000A2420A4610F808100CBF3C203E20F4F74C
:1040B0004AFC0446ECE7002A009322460B4610F81F
:1040C00008100CBF3C203E20F4F7D6FCE0E708F0D7
:1040D0000603022B10D0042B11D010F80A900122F5
:1040E00002FA05F5013D6CB929FA0BF0284005B03C
:1040F000BDE8F04FEEF774BA30F80A90EFE750F8E9
:104100000A90ECE72046EAF77DFF00EA050305FA8E
:104110000BF529EA0509D7E9025003FA0BF3022847
:1041200043EA090305EB0A014FF0010210D108F040
:104130000608B8F1020F05D0B8F1040F05D005F854
:104140000A30A5E725F80A30A2E745F80A309FE7CC
:10415000451EC6F3417668426841B2400090104661
:10416000F4F75CFC94E7830703D102681B4B9A4287
:1041700001D0FFF7B9FC002CFBD18568AB0F012BF8
:10418000C5F35C051FD0022B0ED0002B80D1144943
:104190001020EAF730FEF36843600446BB682B4406
:1041A000A360FB68E36073E74368022B0BD1C3682D
:1041B0001B0F08D1F96803AAFFF792FDB9682944DB
:1041C000EBF7BAFD75E706491020EAF714FE04463E
:1041D0004660E3E786DC05082C85060828310608DA
:1041E0004885060810B5144612681AB9FFF702FF91
:1041F000206010BD6268FFF7FDFE0028F9D00023A3
:104200002360F6E70228F8B50E4607D14868EAF7BA
:10421000F9FE022803D90F48E9F7FAFD00200E4FF6
:1042200000F12A0407EB840330689D68002D08BF65
:10423000062506280CD00721F4F77CF9336807EB34
:1042400084072846BB603168FDF726FF2846F8BD85
:104250000023F4E790DC0508BC04002030B50E4BC9
:104260002A3003EB800393B015460C489C6800226B
:104270009A60DDF7C5FC1DB108482946EAF702FE41
:1042800044B16846DBF7B6FF20B92046F3F7D9FF03
:10429000DBF786FF13B030BDBC040020E80E060833
:1042A0002DE9F04F0025DFF8788095B007462E46BF
:1042B000A94658F804AFBAF1000F1AD0DAF8003066
:1042C000CDF804905A7C03EB82035046D3F810B02B
:1042D000FDF7D8FE044698B1DBF8084001AB3A463A
:1042E00003215046A0470446631C02D02643B74230
:1042F00002D00135032DDCD1304615B0BDE8F08F7A
:1043000002A8DBF777FF0028F0D1DBF8084001AB0B
:104310003A4603215046A0470446DBF741FFE3E756
:104320006805002070B52B4D94B0002455F8040F9B
:10433000002836D0FDF7A6FE98B128680023029326
:1043400003685A7C03EB820301A91B6901221E68E2
:1043500002ABB047029B23BB18B39DF8040014B016
:1043600070BD02A8DBF746FF80BB286803685A7C53
:1043700003EB820369461B6901221E6801ABB0474B
:10438000064638B9DBF70CFF134932462046FFF7E3
:1043900065FF06E001360CD101980B2807D1DBF749
:1043A000FFFE0134032CC1D14FF0FF30D7E7E9F70E
:1043B00053FFDBF7F5FE094B9DF800001B688342B5
:1043C000CDD115F039F96FF00100C8E7039A04491F
:1043D000DCE700BF680500209BDC0508B004002076
:1043E000C0DC05082DE9F04F0026274F93B0814629
:1043F00088460C463546B24657F8040FA0B1FDF783
:1044000041FE0546D8B13868CDF800A003685A7C53
:1044100003EB820349461B694246D3F804B06B465E
:10442000D8478442A8BF04460136032EE4D1002DAC
:1044300014BF20464FF0FF3013B0BDE8F08F684640
:10444000DBF7D8FEB8B93868022342464946F4F78C
:104450008FF806280DD0431023EAE373A342A8BFC8
:10446000234610F0010F18BF1C46DBF799FE01250B
:10447000DAE72C46F9E7019A04493046FFF7EEFEE9
:1044800001250024D0E700BF68050020F4DC050802
:1044900030B5012885B014461D4602D11320E9F736
:1044A000DBFE08B90120FAE780686A46E9F744F8BC
:1044B00025B1A200294602A806F010FB6A46002199
:1044C0002046E8F7E8FF05B030BD000000F0070324
:1044D000022B2DE9F743064611D083070BD00025A8
:1044E0001D4FDDF80480D7F8B04107F5D87964B9DD
:1044F0001620E9F7B1FE0268184B9A42EFD101A9E4
:104500003046F1F715F90546EAE7EDB16368434532
:104510001AD121684246284606F052FBA0B9E3684A
:10452000C9F80030D7F8AC319C4202D10023C7F85B
:10453000AC3100231A4640F25D512046FFF7A8FF38
:10454000062003B0BDE8F083A368B342E7D004F1CE
:104550000C09E468CBE700BFBC040020E02F06088C
:1045600030B51B4CD4F8AC0185B078B300231A46A3
:1045700040F22141FFF78CFFD4F8AC215268012AA8
:10458000034620D0F1F762F8054606F02FFBD4F879
:10459000AC315B68013319186846DCF777FED4F854
:1045A000AC316846D3E90012DCF75EFE2B782F2B86
:1045B00001D16B781BB129466846DCF727FF6846B6
:1045C000F0F72EFC0346184605B030BD3223FAE75B
:1045D000BC04002073B5417B8468054629B12046A0
:1045E00002B0BDE87040E9F73BB98CB16268E3689E
:1045F0008360012A0FD132234273019340F23A4182
:1046000001AB2046FFF744FFA860E9F729F904460B
:10461000204602B070BD0320F2F7A4FBD4E90012DB
:104620000646094B287B094C013A00280CBF20465E
:1046300018460131F0F74AFC48F201020123C6E9AD
:104640000323B0603446E3E7E02F0608B02F0608E6
:104650002DE9F04103782F2B06460F4605D0174B66
:10466000D3F8AC418CB9A04602E001364FF0010806
:104670003478CCB1114BD3F8B0410CB9012413E01C
:104680006568013D03D1A6EB08063E600CE0216899
:104690002A460131304606F0CFFA60B9735D2F2B00
:1046A00006EB050203D13A602046BDE8F08113B95C
:1046B000034B3B60F8E7E468DFE700BFBC04002081
:1046C00005CF050870B58AB0D8B90146EEF7CCFC25
:1046D000324BD3F8B041054614B928460AB070BD34
:1046E000A3680693D4E90001F0F7BCFB06A9079084
:1046F0000220F2F737FB01462846EEF724FAE46879
:10470000EAE706AB0193264B00930423EAF77AF815
:1047100002A90798F1F70CF8069D04AA064640F294
:1047200091412846E8F70AFD049A4AB91D480395C5
:10473000037A00EB830301211C6903ABA047054604
:104740001020DBF797FD029B0660C0E901350023CE
:10475000022240F29141C36008AB0446FFF798FE85
:104760000798F0F773FF03A9FFF772FF012813D929
:104770006368012B02D04368012B0DD00120E9F7BB
:104780006BFD02F10C031A681AB151680129F8D1C6
:10479000E2601C600625A0E7034BF4E7BC040020A0
:1047A000D8850608708606086C060020F7B50E4608
:1047B0000546F0F74BFF01A9FFF74AFF0128044621
:1047C0000FD92846EAF724FB0746019806F00EFAAF
:1047D000019902463846F0F779FB3060204603B075
:1047E000F0BD0020F9E7000010B586B002AC084B20
:1047F000009301940423EAF705F821460298FFF795
:10480000D5FF234602227621FFF742FE06B010BDF7
:10481000B885060837B56946FFF7C8FF0D4C054651
:10482000A0B9D4F8B00120B90620C4F8AC5103B047
:1048300030BD4268012A07D13223019301AB40F217
:10484000B731FFF725FEEFE7C068ECE76B460122C2
:10485000F5E700BFBC04002073B501280CBF0D684C
:104860000A2501A92846FFF7A1FF0646B0B90F495E
:104870001020EAF7C0FA0E4B43600E4BD3F8B0316C
:10488000836004462846EAF7C3FA0B4B6673C31AE3
:10489000584258412073204602B070BD01AB01223E
:1048A00040F23A41FFF7F4FD0446F4E740290608D8
:1048B000D5450408BC040020E02F060838B5FFF7F2
:1048C000CBFF002105460846EEF7CEFB04462846FE
:1048D000E8F7C6FF08B9204638BD04220121EAF7EF
:1048E00097FD01462046EEF72EF9F0E713B501A932
:1048F000FFF75CFF044610B91120E9F7ADFC012871
:1049000007D00198F0F7A2FE064906F07DF90028CD
:10491000F2D001AB01224FF491612046FFF7B8FDC0
:1049200002B010BD05CF050807B501A9FFF73EFF8E
:1049300001AB01228021FFF7ABFD03B000BD37B50D
:104940000D466946FFF732FF01A904462846FFF7E6
:104950002DFF844202D00120E9F77EFC6B46022243
:1049600040F2F641FFF794FD03B030BD07B501A951
:10497000FFF71CFF01AB012240F2FD41FFF788FD6C
:1049800003B000BD07B501A9FFF710FF014680B9CC
:104990000A20F2F7E7F9034648F2010243F8082F2C
:1049A000012100F12C0243F8041F9342FBD103B014
:1049B00000BD01AB012240F22E51FFF769FDF6E781
:1049C00007B501A9FFF7F2FED8B9114BD3F8B00132
:1049D00080B901460A20F2F7C5F90121031D00F153
:1049E000280243F8041F9342FBD140F20113C36233
:1049F00003B000BD4368012B01D0C068E8E7322353
:104A0000019301AB01224FF4A661FFF741FDEFE7EF
:104A1000BC04002030B597B001A9FFF719FE0128AA
:104A2000054631D98068EAF7F3F9447C019944B12D
:104A300000EB8403A8681B691B6817B0BDE8304011
:104A400018470846F0F730FA029004A8DBF7D2FBCB
:104A5000B8B902AB012240F22E512846FFF718FDEB
:104A60000446DBF79DFB204603AA0A21EAF794FBE4
:104A7000039B1868EAF7C6FA10F4804F0CBF0224B3
:104A80000124204617B030BD0024FAE770B596B077
:104A90006FF00403064604A80D460193DBF7AAFB5A
:104AA000044678B9104A02A90220CDE90265FFF751
:104AB00009FE2846FFF7AEFE0194DBF771FB019873
:104AC00016B070BD059C09492068F3F70FF900285E
:104AD000F5D02046ECF710FB01A9EAF76BFA019B31
:104AE0005B420193EBE700BF401F060898200608D1
:104AF0001FB5114C00944900520041F0010142F0F1
:104B00000102C22481600261CDE90143C0F80CD0EA
:104B1000069B0393024600210798E8F7BCFC062891
:104B200007D0EAF76FFA0028C8BF6FF0150004B08D
:104B300010BD0020FBE700BFBC1B060870B50D468A
:104B4000044600F1080240F2E4412846E8F7F4FC8C
:104B500004F11C0240F27C512846E8F7EFFA04F118
:104B6000300240F247412846E8F7E8FA236B23B1C8
:104B7000238843F00403238070BD04F130022846EB
:104B800040F23D51E8F7DAFA04F1380228464A21AA
:104B9000BDE87040E8F7D0BC73B5048814F0010498
:104BA00006D004691846234602B0BDE87040184795
:104BB00045680226CDE90036083005FB02F322469F
:104BC000FFF796FF02B070BD73B5C4691546B4B166
:104BD000048814F0010406D0446A1846234602B043
:104BE000BDE87040184742680226CDE900361C3007
:104BF00002FB05F32246FFF77BFF02B070BD6FF0AA
:104C00001D00FAE708B50B46018811F004010FD02A
:104C10005B00520042F0010243F00103C263836370
:104C200000F1300200210220BDE80840E8F733BC63
:104C3000032B03D0042B0AD0062008BD036B002BE6
:104C4000FAD000F130020846E8F725FCF4E700F15D
:104C500038020846E8E706207047000030B50446F1
:104C6000ADF5037D08461546EAF710FB08B10023B1
:104C70002362A3881B0714D52846EAF707FB70B107
:104C80004FF400730093002202AB092104F14400A9
:104C900002F04EFC28B1074B185CE9F7DDFA0D2055
:104CA000F9E7A388062023F00803A3800DF5037D10
:104CB00030BD00BF5888060813B5044601A944302A
:104CC00002F0D5F9014618B1114B185CE9F7C4FAA6
:104CD0000A20F2F747F8B4F852309B0243F0010380
:104CE000C0E90233636E023B5B0043F001030361E2
:104CF000019B5B0043F00103C0E905330123C0E9D8
:104D00000733C0E9093340F2FF13C36202B010BD9C
:104D10005888060810B5C6B06A46443002F082F9D9
:104D200040B99DF8083013F0100F0CBF022001208D
:104D300046B010BD0020FBE72DE9F0410446C8B0A5
:104D40000846F0F783FC0378014623B12F2B54D19A
:104D50004378002B51D1029342F621030393102391
:104D60008DF8103000210A20F1F7FCFF9DF810307B
:104D7000BDF80C10264E13F0100FBDF80E3003F0E6
:104D80001F024FEA4202044601924FEA5120C3F348
:104D900045120CBF4FF400484FF480480092DB0AE4
:104DA00001F01F0200F2BC70C1F3431106F0ACFF2A
:104DB0004FEA480343F00103A36001238619C4E9C5
:104DC0000333C4E90533E361029861F10007EDF7AD
:104DD00022FC394620623046EDF7F2FB394660622C
:104DE0003046EDF7EDFB3946A0623046EDF7E8FBC3
:104DF000E062204648B0BDE8F08102AA04F1440018
:104E000002F010F90028ADD0024B185CE9F724FA43
:104E100080BC92C75888060800B5A3B0812201A9BA
:104E2000443001F06EFF18B1044B185CE9F714FA36
:104E300001A8F0F739F823B000BD00BF5888060874
:104E400010B504460846F0F701FC014604F14400A1
:104E500001F02AFF18B1034B185CE9F7FDF90620B1
:104E600010BD00BF5888060810B504460846F0F784
:104E7000EDFB014604F1440002F0AFF918B1034B19
:104E8000185CE9F7E9F9062010BD00BF588806084C
:104E90000228F8B50F680C4620D14868124EE9F791
:104EA000B7FF861B606818BF0126F0F7CFFB0546E9
:104EB0000E494020E9F7A5FF0D4B43600D4B836081
:104EC0000446067300F110012A4607F1440002F07F
:104ED00041F830B1084B185CE9F7BEF9074D0126DF
:104EE000E6E72046F8BD00BFB02F060804290608F3
:104EF0000D4F0408014F04085888060800DE050815
:104F000008B5103002F059F8062008BD70B5C6B0DB
:104F100069460646103002F059F8014640BB9DF83C
:104F200016302BB30420F1F71DFF337B04460DF13F
:104F30001600ABB1EFF7B8FFA0609DF808300098FD
:104F400013F0100F48F2010308BF4FF00113E360A4
:104F500001232361EDF75FFB6061204646B070BD21
:104F600005F044FE01460DF11600EFF7A7FFE3E759
:104F700006F1100002F021F80024EEE738B50446EF
:104F8000084611464FF002121D46E9F70DFC214676
:104F90004FF42070E9F72FFF0223838040644FF421
:104FA00000738360296804460430FFF7C7FD04F1ED
:104FB000440001F005FC0D2805D1A38843F0080347
:104FC000A380204638BD0028FBD0024B185CE9F7CF
:104FD00043F900BF5888060830B5ADF5057D03AB31
:104FE0000022186001211248FFF7C8FF4FF4007536
:104FF00000F14404009504AB00220921204602F090
:1050000097FA0E2806D1009504AB00220221204613
:1050100002F08EFA18B1074B185CE9F71DF9064942
:10502000204602F001FA06200DF5057D30BD00BFD7
:10503000708606085888060829DD0508F0B500F1D5
:105040004404C7B008461546F0F700FB6A4606461A
:105050000146204601F0E6FF18B10B4B185CE9F75A
:10506000FBF89DF8083003F01003AB4207D131463E
:10507000204602F057F80028EFD147B0F0BD002DD0
:105080000CBF15201420EAE75888060808B510223E
:10509000FFF7D4FF062008BD08B50022FFF7CEFFBA
:1050A000062008BD2DE9F041074608469046F0F776
:1050B000CDFA05464046F0F7C9FA294602460646AB
:1050C00007F1440002F015F908280AD100224146F0
:1050D0003846FFF7B3FF3246294607F1440002F095
:1050E00008F918B1034B185CE9F7B6F80620BDE8DB
:1050F000F08100BF5888060810B50C4611461A46C4
:1051000038B123460430FFF747FD003818BF0120AF
:1051100010BD0420FCE710B50C4611461A4650B1EC
:1051200023460430FFF750FD10F11E0F05D0003864
:1051300018BF012010BD0420FCE70220FAE70000A0
:1051400070B506460C46154610B90424204670BDBD
:10515000294A01F00703D15C002935D00022043030
:10516000FFF750FD062CF0D801A353F824F000BF40
:105170004D5104088F51040899510408A95104089D
:105180004B510408AF510408AF5104080620E9F759
:1051900039FF28600024D9E7062829D0E9F732FF33
:1051A00080B22880B060F5E701232B60F2E7062883
:1051B00001D0400806D1336AB3FA83F35B099B0040
:1051C0002B70E7E70123FBE7062CBED801A353F8B9
:1051D00024F000BF4D5104088D510408F15104081A
:1051E000A95104084B510408B7510408B7510408E9
:1051F0004FF40070D5E700BF78870608022970B524
:10520000044615461E4613D15368012B0AD0022BC3
:105210000CD01BB91168201D01F011FEA3692B6091
:10522000002070BD81692B681944F4E70169FAE731
:1052300001290AD1043001F0EDFC0028F0D0084B20
:105240001B5C33604FF0FF30EBE7042906D1436865
:10525000002BE5D0043001F018FDEEE71623F0E74F
:105260005888060837B51D46043001AB144601F0D6
:1052700016FC38B1064B1B5C2B604FF0FF34204608
:1052800003B030BD019BA342F9D01C23F4E700BF5B
:105290005888060813B51C46043001AB01F066FBC4
:1052A00030B1044B1B5C23604FF0FF3002B010BDE7
:1052B0000198FBE75888060870B5054608460C4675
:1052C000E9F7B2FD2346024602492846BDE8704090
:1052D000DCF796BC32DD0508F8B5064610460F46E9
:1052E000F0F7B4F9002401382A4909E0782B07D8EF
:1052F000712B21D8612B3CD0622B40D02B2B3BD083
:1053000010F8013F002BF1D12C20E9F77AFD05467A
:105310003846F0F79BF92F1D0246E3B206F1440030
:10532000394601F051FA064658B32846DAF7CAFF63
:10533000194B985DE8F790FF723B062BE0D801A26D
:1053400052F823F06153040801530408E952040899
:105350000153040801530408675304086D530408FB
:1053600044F00104CCE744F00A04C9E744F0060421
:10537000C6E744F01204C3E744F00304C0E707495A
:10538000BEE7E30603D52969384601F058FD2846F3
:10539000F8BD00BF8887060858880608B887060841
:1053A00010B504460068F2F74CFF2046BDE81040F7
:1053B000DAF788BF1FB5037942799342044617D3C1
:1053C0008379934203D94FF0FF3004B010BDE9F761
:1053D00053F801230093A279206803ABE11DF2F793
:1053E00070FF039BC0B26071002BECD10028EAD0A3
:1053F0005A1C22711C44E079E7E70000F0B5C900AF
:1054000087B041F0020142F2BA631D4A0491064698
:1054100004A902200593FFF7E7F901210746F3F7F6
:1054200089F800228468039203AB0B213846A04719
:10543000431E033319D8092838BF0920FF2828BF85
:10544000FF200446E01DDAF715FF01230760847191
:1054500005460093C11D03AB22463846F2F731FFE3
:105460006871039818B1E8F7F7FE1924EAE7054BCD
:1054700028717360044B3560B36007B0F0BD00BFA6
:10548000401F0608B5530408A153040810B403686C
:105490005A7C03EB820301211B691C680023A4468C
:1054A0001A4610BC604710B403680A46597C03EBE7
:1054B000810302211B691C680023A44610BC6047BD
:1054C00038B5436804469A4228BF1A460068154614
:1054D00005F004FB23682B44236063685B1B636057
:1054E00038BD00000FB407B504AA054852F8041BE4
:1054F0000192DCF7D7F903B05DF804EB04B0704714
:10550000E80E06081FB50C4611460A4A0392CDE97B
:1055100000041A4602A8CDF808D0DCF7C3F924B17C
:10552000DDE900321AB903F8012C04B010BD0022E5
:105530001A70FAE7C15404080CB407B504AB53F869
:10554000042B0193FFF7DEFF03B05DF804EB02B01C
:105550007047006870470B0A017043700B0C090E0E
:105560008370C1707047036A0239023B8B4283BF6C
:10557000C389406B01FB030000207047034600F124
:105580000B010020C20102EB500213F8010B024490
:105590008B42D0B2F6D1704737B50D460446E8B11C
:1055A0000368D3B15A7922B9092000242C6003B0D2
:1055B00030BD81885A899142F6D118680DF10702F1
:1055C0000621FFF7BDFD9DF8073003F001031843E6
:1055D00010F0FF00E8D12468E8E71C460920E5E761
:1055E0002DE9F8430026D0F800908E7583690746B0
:1055F0000C46002B78D0C36A01335ED1F9690023D1
:105600004D1E184615F8012F202A00F101000DD07B
:10561000052A08BFE522092805D10B2B9FBFE618F4
:105620002E2777720133E618013372720B28E9D105
:10563000E21800205072A27D002A4AD1002B3FD0F0
:1056400004F1080308255A78581C002A4ED11B1B68
:10565000083B38E06319020A9A75D87502231D4485
:10566000002002368046D9F81030985BA8B1B8F116
:10567000000F05D100F520539BB2B3F5006FF0D3B6
:1056800040F2B51140EA084002F040FAFF280CD978
:10569000A5F1FE03012BDDD80025B8F1000F18BFDE
:1056A000002525440023AB75A8E70028F4D0FF2D82
:1056B000F2D0631998750123D1E7B0463546D2E799
:1056C0003F23A3750123234400229A750B7B03B962
:1056D0006372CB7A237201F11C00FFF73AFF20605E
:1056E000CB8AE3800B8BA380BDE8F8832E2A134678
:1056F0000BD0413A192A05D80E7B03F1200235421E
:1057000018BF1346437303469DE71025FAE7130AB3
:105710008A76CB764379032B01BF120C0A75120AE5
:105720004A75704770B5C5790446CDB1826B00F1FA
:105730003C0101230068FFF7EEFC054690B9A16B20
:10574000E36A626AE071CB1A934209D2A379022B11
:1057500006D10A442068012304F13C01FFF7DBFC79
:10576000284670BD0125FBE7F8B50446FFF7DAFFD0
:105770000546002842D16379032B37D1277A012FC0
:1057800034D101464FF4007204F13C0005F0F0F909
:10579000552384F83A32AA2384F83B32522341221B
:1057A000722184F83C3084F83D30612384F83E3027
:1057B00084F8233284F83F2084F8201284F82112E0
:1057C00084F82222A16904F50970FFF7C4FE61691B
:1057D00004F50A70FFF7BFFEA26A20680132A263D7
:1057E0003B4604F13C01FFF796FC2572002220683D
:1057F0001146FFF7A5FC003818BF0120F8BD38B5E9
:10580000836B8B4205460C4610D0FFF78BFF60B9C7
:1058100022462868012305F13C01FFF76DFC0028B2
:105820001CBF4FF0FF340120AC6338BD0020FCE703
:1058300038B50023C3714FF0FF3383630546FFF78C
:10584000DEFF044608BBB5F83A224AF655239A42D1
:105850001DD195F83C2002F11803DBB2012B01D9D0
:10586000EB2A16D10C49032205F1720005F0A8F9C4
:1058700048B10A49052205F18E0005F0A1F9041E80
:1058800018BF01246400204638BD0424FBE703242C
:10589000F9E70224F7E700BF3DDD050841DD050813
:1058A0002DE9F041437986B0044601F0FE0593B13D
:1058B000062100680DF10702FFF742FC9DF8073052
:1058C000D90708D41DB113F0040518BF0A252846CE
:1058D00006B0BDE8F081002363710DF10702206876
:1058E0000521FFF72DFC9DF80730DA0700F1EF8066
:1058F00015B15B0700F1ED8000212046FFF798FF0E
:10590000022803D0012832D825793DB302AA04F237
:10591000022304F24221174613F8040C10B1184672
:10592000FFF717FE1033994242F8040BF4D12679A1
:10593000002E18BF013E57F82650B5B12946204623
:10594000FFF776FF237923B9012807D90136032E03
:10595000F1D9042800F0BF80012804D8B4F84730FA
:10596000B3F5007F05D00D25B1E70320EAE7002558
:10597000EFE7B4F8527027B904F16000FFF7E9FDD2
:10598000074694F84C3067625A1E012AA371EAD880
:1059900094F84920E281002AE5D0511E1142E2D15B
:1059A000B4F84D80A4F80C8018F00F0FDBD1B4F8D8
:1059B0004F0018B904F15C00FFF7CBFDB4F84A10B2
:1059C0000029D0D007FB03FE01EB181CF44460450E
:1059D000C9D3A0EB0C039342C5D3B3FBF2F33F4A08
:1059E0009342C0D84FF6F57293425DD840F6F576F3
:1059F000B3428CBF022601269A1C29440CEB0500F9
:105A0000032E2262A562E16260634FD1B4F8663072
:105A100058EA0303A7D104F16800FFF79AFD930049
:105A200003F2FF13B7EB532F20639CD34FF0FF33E8
:105A3000C4E90533032E4FF0800323722BD1B4F851
:105A40006C30012B27D1691C2046FFF7D8FE10BB14
:105A5000B4F83A2220724AF655239A421BD104F137
:105A60003C00FFF776FD1E4B984214D104F50870F8
:105A7000FFF76FFD03F1FF5303F500532033984206
:105A800009D104F50970FFF764FDA06104F50A70FF
:105A9000FFF75FFD6061134A6671138800250133CB
:105AA00013806381E56112E70326A5E7B8F1000FD3
:105AB0003FF459AF022E1CBF02EB420203F0010378
:105AC00001EB0E000CBF530003EB5203A8E70325C4
:105AD000FDE60A25FBE60125F9E600BFF5FFFF0F0D
:105AE00052526141FA09002001292DE9F04706468A
:105AF0000C46174609D9036A8B4206D94379022B13
:105B000040D0032B50D0012B03D002252846BDE8FE
:105B1000F08701EB5108C16A01EB5821FFF76FFED6
:105B200005460028F2D106F13C0908F1010AC8F344
:105B3000080814F001041CBF19F8082002F00F0235
:105B40003B4618BF42EA071309F80830F16A0123FF
:105B5000F37101EB5A213046FFF751FE054600284C
:105B6000D4D1CAF3080A2CB13F0909F80A700123FD
:105B7000F371CBE719F80A30C7F3032723F00F03BB
:105B80001F43F2E7C16A01EB1421FFF738FE054617
:105B90000028BBD1640006F13C0304F4FF741A1919
:105BA0001F553F0A5770E2E7C16A01EBD411FFF7B6
:105BB00026FE05460028A9D1A40006F13C0304F402
:105BC000FE741819FFF7C5FC014667F31B0118198D
:105BD000FFF7C1FCCBE7F8B505460E46FFF7A2FD7F
:105BE000044698B931462846FFF7BDFC4FF40072D1
:105BF0000746A863214605F13C0004F0B9FFEB8994
:105C00009C4205D3EB891C1B18BF01242046F8BD1C
:105C1000286801233A1905F13C01FFF77CFA0028B6
:105C2000F0D10134EBE703284B8B04BF8A8A43EAA7
:105C30000243184670470129F8B506460C4609D9B3
:105C4000036A994206D24379022B2BD0032B36D01C
:105C5000012B01D00120F8BD01EB5105C16A01EB18
:105C60005521FFF7CCFD10B14FF0FF30F3E76F1C6B
:105C7000F16AC5F30805354401EB5721304695F824
:105C80003C50FFF7BCFD0028EED1C7F308073744AE
:105C900097F83C3045EA0320E3074CBF0009C0F306
:105CA0000B00D8E7C16A01EB1421FFF7A8FD00281B
:105CB000DAD1640004F4FF743444A08FCBE7C16AE6
:105CC00001EBD411FFF79BFD0028CDD1A40006F114
:105CD0003C0004F4FE742044FFF73BFC20F07040CD
:105CE000B9E7F8B50C46012C0646114629D90568D6
:105CF0002B6AA34225D92AB14FF0FF322846FFF77D
:105D0000F3FEE8B921463068FFF795FF27460446C1
:105D1000B0B1012815D0431C15D0002239462846C1
:105D2000FFF7E2FE60B92A6AAB69911E8B4205D289
:105D30000133AB612B7A43F001032B72A242E1D80D
:105D4000F8BD0220FCE70120FAE72DE9F8430468DA
:105D500007460E4671BBD4F81490B9F1000F39D044
:105D6000236A4B4598BF4FF00109A06958B3B1456C
:105D700034D1236A3868751C9D4228BF0225294604
:105D8000FFF759FF01281ED0431C1AD028B3D4F8BE
:105D90001480B8F1010F21D9236A984528BFB04675
:105DA0004546236A0135AB421BD8B8F1010F17D124
:105DB000002008E02046FFF73EFF012840D9421CA2
:105DC00003D14FF0FF30BDE8F883236A8342FAD84D
:105DD000B146CAE74FF00109C7E775B9C846DFE722
:105DE000022538682946FFF726FF30B10128EAD09E
:105DF0000130E6D04545D4D1DAE74FF0FF322946ED
:105E00002046FFF771FEA8B92EB12A46314620463A
:105E1000FFF76AFE70B9226AA3696561023A93428C
:105E20009CBF03F1FF33A361237A43F00103237284
:105E30002846C8E701280CBF4FF0FF300120C2E719
:105E40000120C0E72DE9F8430369066803F1200843
:105E5000B8F5001F24BF0023836183690546894686
:105E600013B90420BDE8F883C8F30807002F37D121
:105E700041690133836131B9B389B3EB581F2FD81E
:105E80000023AB61EDE7F389013B13EA582327D1E7
:105E90003046FFF7D0FE0128044601D80220E1E792
:105EA000421C01D10120DDE7336A834212D8B9F1E7
:105EB000000FE5D069692846FFF747FF0446B0B1F7
:105EC0000128EBD0431CEDD001463046FFF783FE9E
:105ED0000028C7D16C6121463046FFF744FBA8611A
:105EE0003C363E44C5F81080EE610020BAE707203A
:105EF000B8E700002DE9F047FF24056807460E4685
:105F0000A1464FF00408B96919B9B8F1000F78D06B
:105F100007E02846FFF773FC804620B9F86901784E
:105F200021B94FF004080023BB616AE0C37AE52978
:105F300003F03F03BB7154D02E2952D023F020022E
:105F4000A2F1080CDCF1000242EB0C02B24248D193
:105F50000F2B4CD14B0642D53B69447BFB6201F0D1
:105F6000BF01437BA3423CD1428B002A39D1037845
:105F7000D5F810E0DFF8908023F040034FF00D0CCF
:105F8000013B0CFB03F34FF6FF7A4FF0010C98F83E
:105F9000009030F80990BCF1000F25D0FF2B20D8DD
:105FA0002EF81390CC46013301320D2A08F1010876
:105FB000EDD10278520607D5BCF1000F04D0FF2BBB
:105FC0000FD800222EF813204B1E5FFA83F9002110
:105FD0003846FFF737FF8046002894D0A3E789456D
:105FE000BFD04FF0FF09F2E7D145DDD0F9E7B9F1B5
:105FF000000F03D1FFF7C2FAA04202D04FF0FF33E7
:10600000FB624046BDE8F0871A890608F8B521F41E
:10601000FF1323F4FF5306460D466BBB82680468EA
:106020000161B2B96379022B01D9236B93B9A389BA
:10603000B3EB551F20D9206BC6E90520E0B100EB7A
:1060400055203C34C5F308052C44B061F4610020B0
:1060500013E01346E7891A46B5EB472F114603D2E2
:106060002046FFF780FAE7E73068FFF7E4FD431CBE
:10607000024609D0012801D80220F8BD236A8342D4
:10608000FAD9A5EB4725E7E70120F6E7F8B50F4673
:10609000002106680446FFF7B9FF68B90546A16903
:1060A0003046FFF7ACFB38B9E3691B78E52B00D02D
:1060B0001BB90135BD4201D1F8BD0546012120467D
:1060C000FFF7C0FE0028EAD0042808BF0720F3E746
:1060D000C16A4B1C2DE9F04105680669044618D1D8
:1060E000E5274FF00108A1692846FFF788FBA0B912
:1060F000E3691F7085F807802369B3420DD201461A
:106100002046FFF79FFE0028EDD0042808BF02209C
:1061100003E0FFF77BFF0028E2D0BDE8F08100003C
:106120002DE9F04F002187B0D0F800900446FFF72A
:106130006DFF0546002840F088804FF0FF38FF27AC
:1061400004F12003C4F82C80BA460193A1694846A3
:10615000FFF755FB0546002877D1E6693378002B19
:1061600077D0F17AE52B01F03F02A27103D0090745
:1061700057D50F2A02D0C4F82C804AE094F82B207F
:1061800050063CD4590642D52269777BE26203F07F
:10619000BF03727BBA423CD1728B002A39D1357869
:1061A000D9F810A005F03F050D22013D55432A4ABC
:1061B000012002F10D0B1178715A68B3FF2D28D818
:1061C0000846CDE90313059201F0D0FC02903AF89D
:1061D000150001F0CBFC029B8342DDE9043218D1AB
:1061E0000398013501329345E5D13278520603D543
:1061F00010B13AF8152062B9013B5FFA83FA002129
:106200002046FFF71FFE054600289FD01DE09A4557
:10621000BFD04FF0FF0AF2E74FF6FF7C6145E1D0B7
:10622000F7E7BAF1000F04D13046FFF7A7F9B842FB
:106230000BD094F82B5015F001059CD101990B223D
:10624000304604F0BDFC002895D1284607B0BDE8D3
:10625000F08F0425F9E700BF1A8906082DE9F04FF1
:1062600090F82BA01AF0A00489B0054640F0838076
:1062700007683A6932F81430002B64D105F1200622
:1062800096E8070005AB1AF0010F83E8070079D004
:10629000402385F82B304FF001084FF07E0B05AA04
:1062A00007CA3346D7F810C003C323F8022BB8F14E
:1062B000050F4FEA12421A7059D9ACF10201434658
:1062C00031F8022F002A40D10DF1140C072203F0FF
:1062D0000F0000F130013730392988BF01461B0912
:1062E0000CF8011D02F1FF32F1D102F120016944E5
:1062F00001F814BC05F11F0108469A4204D011F8B8
:1063000001CFBCF1200F34D1072A9CBF02F120013C
:10631000694403F1010396BF11F8141C20210132D6
:10632000072BC154F0D92846FFF7FAFE814628BB57
:1063300008F10108B8F1640FB1D14FF007094846E0
:1063400009B0BDE8F08F013494E7102002F0010C91
:106350000CEB430383F4883C13F4803F8CF0210C56
:1063600018BF634601384FEA5202EFD1A8E743460F
:10637000AAE70133C1E74FF00609E0E70428DED1C0
:1063800085F82BA01AF0020F1BBF0C340D2301243B
:10639000B4FBF3F418BF013421462846FFF776FE1C
:1063A00081460028CBD1013C55D029692846A1EB74
:1063B0004411FFF72BFE81460028C0D13046FFF77D
:1063C000DDF84FF6FF780190A9693846FFF717FA14
:1063D00081460028B3D1EB69019AD7F810E05A73CF
:1063E000E1B24FF00F024FF00D0CDA72DFF8A4A00B
:1063F00018734A1E0CFB02F29876D87684461AF877
:10640000019B404518BF3EF8120003F8090003EB5A
:10641000090B0CF1010C18BF01324FEA10290028BA
:1064200008BF4046BCF10D0F8BF80190E7D1404505
:1064300002D03EF812200AB941F040011970012340
:10644000FB7100212846FFF7FDFC814600287FF400
:1064500076AF013CB8D1A9693846FFF7D0F981463B
:1064600000287FF46CAF01462022E86904F080FB2D
:1064700003CEEB6918605960B278318819819A723D
:1064800095F82B30EA6903F0180313730123FB71AD
:1064900055E700BF1A8906082DE9F04F85B003685B
:1064A00001930B782F2B0646884601D05C2B0AD12E
:1064B000424613782F2B904602F10102F9D05C2B53
:1064C000F7D0002301E0019BDB69B36098F800304E
:1064D0001F2B00F2228180230021304686F82B30CA
:1064E00005B0BDE8F04FFFF791BD1F2830D8042458
:1064F000012D4ED1BAF800302E2B50D100232AF8AE
:10650000153006F11F02AB422CBF20212E21013392
:106510000B2B02F8011FF6D144F0200486F82B4023
:106520003046FFF7FDFD96F82B30002800F0E480A0
:10653000042840F00381990603F0040240F1D8805A
:10654000002A00F0EA80802386F82B300020F5E056
:106550002F2813D05C2811D07F2808D8954A09230A
:10656000013B04D012F8011B8842F9D1E5E0FF2D70
:1065700000F0E3802AF815000135D2E04246137896
:106580002F2B904602F10102F9D05C2BF7D00024AA
:10659000AEE7022D03D1BAF802302E2BAAD00AEBB7
:1065A000450306E033F8022D202A01D02E2A02D11D
:1065B000013D002DF6D14FF000032AF815306A0096
:1065C000002D00F0BA8000213AF8110020280B4677
:1065D00001F10101F8D00BB92E2801D144F00304D8
:1065E000524432F8021D2E2901D0013DF9D14FF05D
:1065F00020324FF0000972623262C6F827204FF055
:10660000080B4F463AF81300002800F0BB80202802
:1066100003F1010304D02E2805D1AB4200F0A7807E
:1066200044F00304EEE7D94580F0A480AB4211D1D9
:10663000BBF10B0F06D1A1E0AB4203D044F0030441
:1066400000F2A080BF00FFB22B464FF00B0B4FF0C3
:106650000809D7E77F2836D944F0020240F2B51185
:106660000393029201F052FA10F0800FDDE9022349
:1066700010D0514900F07F00085C38B14F4C072121
:10668000013960D014F801CB6045F9D142F0030222
:106690005F2010E0FF28F0D90BF1FF31894503D3CB
:1066A00044F00304D946ADE706EB0901040A81F87A
:1066B000204009F1010906EB0901144681F8200088
:1066C00009F101099EE72246D8E747F00207FFB229
:1066D000F1E7A0073FF522AF07F0010344EA0313F7
:1066E000DCB244F0080317F0040F18BF1C4615E78E
:1066F000002A08BF052021E05A071FD4B379DB0622
:106700001FD5019B03F13C013369C3F3080319440E
:10671000019B5879FFF787FAB0603368D3F810A06F
:10672000002518F8010B00283FF4E1AE40F2B51146
:1067300001F008FA00287FF4D8AE062005B0BDE8C5
:10674000F08F0520FAE7A0F1410189B21929BCD9DF
:10675000A0F1610447F00101A4B2C9B2192C98BF9D
:106760000F46A0F1200189B298BF0846A3E7D9459A
:10677000FFF45EAFBBF10B0F7FF45EAF44F0030498
:106780004FF00B0B96F82030E52B04BF052386F85D
:106790002030BB00DBB2BBF1080F08BF1F4607F07B
:1067A0000C030C2B03D007F00303032B91D144F00F
:1067B0000204B3E647DD05089A88060850DD05089F
:1067C00000214171FFF76CB82DE9F0430546ADF5A6
:1067D0000D7D0C4691469846002900F0C38003F0D9
:1067E0003F073946FFF75CF8002840F0B3800CAB58
:1067F0002B61494668460095FFF74EFE6E460246FD
:1068000020B99DF92B308342B8BF062218F01C0F27
:1068100000F08480002A42D0042A40F0898030466B
:10682000FFF71CFD0246002840F0828047F0080771
:10683000D6F81C9068794946FFF7F5F9804611F0C3
:1068400069FB014609F10E00FEF785FEF36920227F
:10685000DA72F16900222846FEF759FFF369002237
:106860001A775A779A77DA770123EB71B8F1000F2C
:1068700012D041463046D5F83890FFF732FA02463A
:10688000002855D149462846FEF7B9FF08F1FF33E5
:106890006B61024600284BD147F040070AE0B3790C
:1068A00003F01103002B42D118F0040F54D118F05B
:1068B000080FBDD1AB6BF169236261626879FFF7A4
:1068C000B2F9A060034601F11C00FEF742FE6A899E
:1068D000A28000226274E261626117F02002064623
:1068E000E0602560277414D000283DD0EF896061F6
:1068F0007F02B7421FD30022A361CAB9C6F30801C1
:1069000039B119462846FEF72EFE48B300EB562053
:10691000E06110460DF50D7DBDE8F08342B9B37915
:10692000D8061BD418F0020FC4D0D907C2D507224D
:1069300000232360EDE719462068FFF77CF9012862
:106940000346A6EB070603D9421CD2D10122D3E7A6
:106950000222D1E70246EBE70822E9E70422E7E753
:106960000222E5E70922D4E70246D2E72DE9F04FFB
:106970009B4685B000238946CBF8003003A9044626
:106980001546FEF709FE002840F0838094F8118038
:10699000B8F1000F1FD194F810A01AF00103009372
:1069A0007AD0E7686369FF1AAF4228BF2F4697B1D4
:1069B0006269039EC2F30803002B52D1F389013BA5
:1069C00013EA522A18D152B9A06801280CD84FF006
:1069D000020884F81180404605B0BDE8F08FA16937
:1069E0002068FFF728F9F0E7431C04D10123DDF804
:1069F00000806374EFE7A061A1693046FEF7B3FD44
:106A00000028E4D07D0A0AEB000229D0F189019226
:106A10000AEB0500884288BFA1EB0A0530682B46C7
:106A20004946FEF769FB0028E0D1F37963B1B06B0A
:106A3000019A801AA84207D24FF4007206F13C0175
:106A400009EB402004F04AF86D02DBF800302B44DB
:106A5000CBF8003063692B447F1BA9446361A6E730
:106A6000E261E16965693046FEF7C9FE0028BDD1E3
:106A7000C5F30805C5F500756169BD4228BF3D46EF
:106A80003C36C1F308012A463144484604F026F852
:106A9000DBE74FF009089EE74FF007089BE72DE979
:106AA000F04F9A4685B000238946CAF8003003A902
:106AB00004469046FEF770FD002840F0A780677CF2
:106AC0004FBB237C9A0740F1A380636913EB080F47
:106AD00001D36FEA0308B8F1000F04D1237C43F01F
:106AE0004003237417E06369039EC3F30802002A7E
:106AF00070D1F589013D15EA53251AD17BB9A168FA
:106B000029B92046FFF721F901460028E6D00129DE
:106B100007D102276774384605B0BDE8F08FA16938
:106B2000EFE74B1C01D10127F4E7A368A16103B98A
:106B3000A160B26BE3699A4204D13046FEF7F2FDE0
:106B40000028F0D1A1693046FEF70DFD0028E0D005
:106B50005FEA582305EB000B2FD0F189E818884233
:106B600088BF4B1B306801935A464946FEF7D3FA5B
:106B700005460028D7D1B16B019BA1EB0B019942CF
:106B800009D24FF4007209EB412106F13C0003F0F9
:106B9000A5FF019BF5715D02DAF800302B44CAF8BD
:106BA00000306369A8EB0508A9441D44E3686561EA
:106BB000AB422CBFE360E5608DE76169E368994211
:106BC00006D33046FEF7AEFD0028ACD1C6F838B08B
:106BD000C4F81CB0E16965693046FEF710FE002874
:106BE000A1D1C5F30805C5F5007563694545C3F333
:106BF000080328BF454606F13C0018442A4649468A
:106C000003F06CFF4FF00103F371C5E7092782E73A
:106C1000072780E72DE9F34101A90546FEF7BCFCF3
:106C200088BB2C7C14F0400429D011F073F9019F2B
:106C3000296A80463846FEF7E2FD0446F8B96E6AD6
:106C4000F37A43F02003F372AA6828683146FEF70E
:106C50005EFDE96806F11C00FEF77DFC414606F189
:106C60001600FEF778FC0123B474F4743846FB7107
:106C7000FEF77AFD2B7C23F0400304462B7420465C
:106C800002B0BDE8F0810924F9E713B50446FFF727
:106C9000C1FF28B901A92046FEF77EFC10B920608B
:106CA00002B010BD0920FBE7F0B50F46ADF50D7D34
:106CB00000210646FEF7F4FD044670B90CAB3361C3
:106CC000394668460096FFF7E7FB044698B99DF9F8
:106CD0002B30834205DA029BF36120460DF50D7DD2
:106CE000F0BD9DF80630DB0609D507997079FEF7EF
:106CF0009AFFF061F1E7042808BF0524EDE70524B9
:106D0000EBE72DE9F04F0D460021ADF5557D2970DB
:106D100007469046FEF7C4FD064600285ED154AAF9
:106D2000D7F81C9002973A614446B9F1000F16D18A
:106D3000444502D1013C2F232B552B46611B1A5D84
:106D400003F8012B5A184245F9D308F1FF331B1BF6
:106D50000134A04538BF002301351D443EE0019BAE
:106D6000CDF81090202102A80993FFF74FF90028D1
:106D700061D1099B089901933846FEF740FD824690
:106D8000002856D101997879FEF74DFF51460490BD
:106D900002A8FFF73BF900284DD104980999049007
:106DA000099102A80021FFF7A5F8824688B9099B3E
:106DB000787901931946FEF736FF484515D05146BC
:106DC00002A8FFF73FF8824609990498BAF1000F2C
:106DD000E5D0BAF1040F14BF564602260023304610
:106DE0002B700DF5557DBDE8F08F02A80EA9DDF8DA
:106DF0001090FEF7F5FB0DF14D00524610F8013FE3
:106E000011460132002BF9D1944216D328190A46B3
:106E100032B9621E541A2A44521A2F21117084E783
:106E2000013A0EAB03EB020C9CF816C000F801CD42
:106E3000EEE70646D2E70646D0E71126CEE72DE973
:106E4000F7430D4601A90446FEF7A6FB00287FD1B3
:106E5000667C002E51D1E368AB4204D2227C12F052
:106E6000020F08BF1D46002263696261ADB1DDF803
:106E70000490B9F80E804FEA482803B3013B6A1E1C
:106E8000B3FBF8F1B2FBF8F28A4218D3C8F100075D
:106E90001F406761EF1BA569B5B9E268636993425A
:106EA00082BF227CE36042F04002C3F3080388BF44
:106EB000227413B3E369AB421FD0E5611DE0A16802
:106EC000A1B12F46A1610D462946474522D83A4631
:106ED0006369C2F3080513446361002DDDD04846A1
:106EE000FEF741FB38B100EB5225D6E72046FEF70E
:106EF0002CFF012805D102266674304603B0BDE898
:106F0000F083411C01D10126F6E72F46A060A06165
:106F10000546C1E7636943446361237C9A0706D54C
:106F20002046FEF712FF024628B90146D0E7206846
:106F3000FEF781FE0246531CE5D0012ADBD9D9F8C1
:106F400020309342D7D9A7EB0807A2611146BCE7CE
:106F50000926D2E770B50546ADF5007D0C4616460C
:106F600049B30021FEF79CFCD0B925603146C5F835
:106F700010D02046FFF790FAB8B994F92B3083422D
:106F800007DBA379DB0614D56879E169FEF74BFED0
:106F9000A0606B89A38000212046FFF737F808B175
:106FA000002323600DF5007D70BD042808BF052077
:106FB000F6E70520F4E70920F4E713B501A9044634
:106FC000FEF7EAFA00B9206002B010BD70B5ADF569
:106FD000027D0D4601A90446FEF7DEFA00BB3DB96D
:106FE000294620460DF5027DBDE87040FFF70EB83A
:106FF000019B02AA01461A612046FEF77BFF10F0B2
:10700000FB060AD129462046FEF7EAFA3146204619
:10701000FEF718FF042808BF00200DF5027D70BDA3
:107020000920FAE72DE9F0418846ADF50C7D0021F5
:1070300007461646FEF734FC0097044680B90CABB1
:107040003B6141466846FFF727FA044640B99DF97F
:107050002B30834209DB1EB131466846FEF7C0FA89
:1070600020460DF50C7DBDE8F0810624F8E72DE9FA
:10707000F047884600210446FEF712FC054640B959
:10708000D4F82090A369A9F10202934204D8C8F869
:1070900000302846BDE8F0876379012B17D102271D
:1070A000064639462046FEF7C6FD431C34D001286B
:1070B00034D000B90136236A0137BB42F1D8C8F891
:1070C0000060237AA66143F001032372E1E7D4F85C
:1070D0002CA00746064637B951462046FEF78FFBDF
:1070E000F0B90AF1010A627907F13C03022A04EBC4
:1070F000030009D1E35A03B901360237B9F1010996
:10710000C7F30807E7D1DAE7FEF723FA30F0704358
:1071100008BF01360437F1E70125D0E70225CEE7A5
:107120000546CCE72DE9F0410F46ADF5187D02216B
:107130000546FEF7B5FB0446A8B918AB8DF82B0041
:107140002B61394668460095FFF7A6F9044650B909
:107150009DF82B3013F0A00F3DD19DF8068018F05C
:10716000010F05D0072420460DF5187DBDE8F081FC
:1071700007996879FEF757FD18F0100F07460BD1F5
:107180006846FEF7A5FF04460028ECD1D7B928468B
:10719000FEF7EAFA0446E6E7EB698342E2D00E9096
:1071A00021460CA80C95FEF731FF04460028DAD1E1
:1071B00001460CA8FEF79EFE04460028D2D0042803
:1071C000D1D1DDE7024639466846FEF78AFD04461E
:1071D0000028C8D1DBE70624C5E72DE9F0470F46B4
:1071E000ADF5107D02210546FEF75AFB0446002846
:1071F0006CD110AB2B61394604A80495FFF74CF90C
:107200000446002871D0042860D19DF83B1011F08D
:1072100020016CD168460095FEF797FD07460028CF
:1072200059D0012859D0431C5C425C4110F072FED9
:107230008146002C53D139462846FEF7CCFC044643
:1072400000284CD14FF02033C5F83D30C5F841300F
:10725000A5F845302E2385F83C30102385F84730BB
:10726000494605F15200FEF776F93A4605F13C0130
:107270002846FEF74CFA05F15C031A4651F8040B58
:1072800042F8040B9942F9D12E23069A85F85D3015
:1072900028464FF0010AFEF73AFA85F807A004A83D
:1072A000FEF7DCFF0446D0B90B9849461630FEF7CE
:1072B00052F93A460B992846FEF729FA0B9B102201
:1072C000DA7285F807A0FEF74FFA044620460DF55E
:1072D000107DBDE8F0870724A8E70224A6E7002276
:1072E00039466846FEF7FDFCF0E70824EEE7062481
:1072F000ECE72DE9F0430E46ADF5217D0221044671
:107300009146FEF7CDFA002837D120AB0A902361D1
:10731000314608A80894FFF7BFF870BB9DF84B30C2
:1073200013F0A00F7CD10F9EDDF8288033466F4606
:1073300006F1200C186859683A4603C208336345C1
:107340001746F7D10DF1200EBEE80F00F77A14AE04
:10735000B446ACE80F00BEE80F00ACE80F009EE8B2
:107360000F008CE80F0049463046FFF795F80028DB
:1073700053D1B368434504D008200DF5217DBDE805
:10738000F08332690C9B9A42F6D13046FEF766FFD5
:107390000028F2D1F1690DF10D0301F10D020DF19B
:1073A0001D0053F804CB42F804CB8342F9D118886E
:1073B00010809B78937047F0200317F0100FDBB21A
:1073C00008BF1F46CF720127E771CB7ADB061BD5BA
:1073D000B368434518D06079FEF725FC0146204686
:1073E000FEF7C1F80146E8B12046FEF708FA00288A
:1073F000C3D194F85D302E2B06D1B26804F15C0144
:107400002046FEF784F9E77108A8FEF761FE002820
:10741000B3D12046FEF7A8F9AFE70428ADD1B4E711
:107420000620AAE70220A8E7F0B50F4693B0022194
:107430000546FEF735FA60BB4FF02033CDE9003347
:10744000013FCDF80730044617F8010F1F2813D865
:107450009DF80030E52B1BD024B1631E1DF80320DE
:10746000202A25D0002106A806950891FEF7CEFD1A
:107470000746F8B138460CE040F2B51100F062FB67
:1074800030B100F073FB40F2B51100F03FFB10B9D2
:10749000062013B0F0BD254B1A7822B1904203F1BB
:1074A0000103F9D1F4E7FF2830D80B2C37D1EFE7EF
:1074B0001C46D1E7012106A8FEF71CFD90B90D9AE4
:1074C00044B16B4603CB1060516019889B7893726E
:1074D000118101E0E52313700123EB712846FEF7CB
:1074E00043F9D6E70428D4D1002CC3D0012106A843
:1074F000FEF7CCFD0028CCD1202201460D9803F0E8
:1075000037FB0D9B0822DA720D9ADAE7092CBFD8F7
:1075100004F148036B44020A03F8482C013404F1D7
:1075200048036B44013403F8480C8DE7888806084B
:107530002DE9F04FD0F800908DB01C460023437128
:10754000039103790293164605210DF1270248465F
:10755000169DFDF7F5FD9DF82730DA0700F18981CA
:107560005F0700F188810AAA03214846FDF7E8FD7C
:1075700030B90A9A531EB3F5004F01D21A4201D016
:1075800001230A935EB19B4BA6F500729A4202D882
:10759000731E334203D013200DB0BDE8F08F14B139
:1075A0006B0A059301D11120F6E7029B002B00F036
:1075B0008B800123002221464846FDF79DFD08B13E
:1075C0000120E9E7B4F8FE214AF655239A4279D121
:1075D000029B04EB031202F5D77392F8B221002A42
:1075E00070D003F10800FDF7B4FF804603F10C00F2
:1075F000FDF7AFFF8346BBF1150FCDF82CB061D975
:10760000B6F5813F4FEA5622C5D2039B13F0020321
:107610000693039B6ED003F00703022B04D0039B59
:1076200003F00103002B68D1002A40F03381724B34
:107630004FEA5B450122188808B1A8427FD9002390
:107640006E4EBBFBF2F5A5F57F40F638B04239D857
:10765000AD0005F2072516461A46002301936D0A70
:10766000202303270198DDF828E008EB030A05EB47
:10767000000CD4440EF1FF306044CEF1000E00EA5D
:107680000E00A0EB0C00032F06BF1B1882442D1820
:10769000C8EB06106044584514D80198ABEB0000C5
:1076A000C01A032FA0EB0500B0FBF6F004904ED1FA
:1076B00004994FF6F570814200F2F58012B9720814
:1076C00040F0E8800E2067E70BAA01214846FDF74D
:1076D00037FD00287FF474AF039A0B9B100706D484
:1076E0003E2BEFD94FF03F08A3EB080B83E7DDF803
:1076F0000880F9E7D9077FF54EAF32BB404B4FEA20
:107700001B350126188808B1A8421BD940F6F5732D
:10771000BBFBF6F59D429BBF05EB450501350235E8
:107720006D088CBF6D0003354FF0200305F2FF1587
:1077300001938CBF022701276D0A012392E70233D0
:10774000520078E702337600DCE71646DEE7022FC8
:1077500040F0A28004994FF6F570814208D9002AC2
:1077600040F094807600402E00F287803246C4E7D5
:10777000049940F6F570814200F29580002AA1D16B
:107780007200802AB9D99DE7594604F12000FDF71F
:10779000E2FEB0E010F0BEFB014604F12700FDF769
:1077A000DAFE2B0AE375802384F82430292384F839
:1077B0002630144BA57504F12B0203F1100153F888
:1077C000040B42F8040B8B42F9D1D3E0F823237069
:1077D000FF236370A370E37023716371A371E3717E
:1077E00023726372A3720F23E37229E10C2562E115
:1077F000062560E100FEFF007A880608FFFFFE0F05
:107800006C88060877DD0508039B1B0700F16E8175
:1078100002994FF40072204603F0AAF9552384F828
:10782000C2510B9D84F8FE31AA2384F8FF3105EB89
:10783000080243F6C163B2FBF3F2FE2384F8C331BE
:10784000930843F03F03012684F8C43184F8C5212E
:10785000414604F5E37084F8BF6184F8C061FDF728
:107860007AFE294604F5E570FDF775FE029A334667
:1078700035E1032090E60A208EE6069B002B7FF47C
:10788000D6AE802E3FF61EAF32463FE7069B002B5A
:107890003FF418AF1346D3E6049940F6F5729142CF
:1078A0003FF610AF01274FF40072002120460693E7
:1078B00003F05EF9069B924AA3731B0A1168E373F7
:1078C00001232160237451686160FB1E1189927A43
:1078D000A27218BF012302225B00BBF5803F218109
:1078E00022736673A374BFF44FAF84F813B04FEAEA
:1078F0001B2B84F814B0F82363753F232376FF23F2
:10790000A376414604F11C00FDF725FE032F7FF40A
:1079100041AF10F0FFFA014604F14300FDF71BFEF2
:10792000294604F12400FDF716FE022384F82C30CA
:10793000002384F82D3084F82E3084F82F3084F81A
:10794000313084F83330802384F8403029230122F9
:1079500084F842306B4B84F83020062284F83220C1
:1079600003F1100104F1470253F8040B42F8040B31
:107970008B42F9D119889B7893704FF0AA0B4FF086
:1079800055031180484684F8FE3184F8FFB1012385
:1079900042462146FDF7BFFB069000287FF410AE5B
:1079A000059B032F4FEA4323079339D1012308F1A5
:1079B000060221464846FDF7AEFB06994FF40072D9
:1079C000204603F0D5F85223237063706123A3701F
:1079D00084F8E731049B41227221E27084F8E411BB
:1079E00084F8E51184F8E621591E04F5F470FDF7DA
:1079F000B2FD022384F8EC314FF0550384F8FE31D8
:107A000008F107020123214684F8FFB14846FDF73B
:107A100082FB012308EB030221464846FDF77BFB6E
:107A2000079A0021204603F0A3F8032F3FF4CEAEBF
:107A3000012F3549204618BF6FF00701FDF78BFD78
:107A4000059BAB4228BF2B462146524648469B46E3
:107A5000FDF761FB014600287FF4B2AD4FF40072E0
:107A6000204603F085F8B5EB0B05DA44E8D1019B1D
:107A7000032F08BF33460193019D059B9D4228BFFC
:107A80001D462B46524621464846FDF744FB00283A
:107A90007FF496AD019B5B1BAA440193ECD1032FAD
:107AA0003FF4A4AE0B9BB3F5803FBFF4A1AE022F11
:107AB00014BF01250425029B002B3FF4A5AE002234
:107AC000012321464846FDF717FB024600287FF4B4
:107AD00077AD029B04EB031383F8B25101232146D7
:107AE0004846FDF718FB00287FF46AAD00221146D6
:107AF0004846FDF725FB003818BF01204CE500BFC4
:107B000057DD050863DD0508F8FFFF007F2801D871
:107B100080B27047B0F5803F01D30020704740F23B
:107B2000B5139942F9D1064A00231188814204D045
:107B30000133802B02F10202F7D18033D8B27047B3
:107B4000D68B06087F280DD940F2B513994201D093
:107B500000207047FF28FBD800F10040024B80381E
:107B600033F81000704700BFD68B0608B0F5803F91
:107B7000F0B522D21F4A204983B2B3F5805F38BFE7
:107B80000A46141D34F8042C2146AAB1934213D39B
:107B900034F8025C2E0AEFB252FA85F5A84223DAD5
:107BA000082E09D8DFE806F0050A10131517191B6F
:107BB0001D00801A34F810301846F0BD9A1A02F0F1
:107BC00001029A1A93B2F7E7103B9BB2F4E7203B0D
:107BD000FBE7303BF9E71A3BF7E70833F5E7503BA3
:107BE000F3E7A3F5E353F0E70434002ECAD101EB29
:107BF0004702C6E728890608E489060808B510EE9A
:107C0000103A5A002DED028BB0EE408A11D4F7EEF7
:107C1000007A30EE678A38EE080AA8EE080A02F009
:107C200059FF38EE000ABDEC028BBDE8084001F0B8
:107C30006FBB23F00043B3F18B4F15D2BFEE000AA8
:107C4000A8EE080A02F046FF70EE087AB7EE007A56
:107C500087EE270AF0EE007A98EE270ABDEC028B39
:107C6000BDE8084002F0A4B802F0A2F8BDEC028B17
:107C7000DFED027A30EE270A08BD00BF1872313FEF
:107C8000DFED0A7A9FED0A7ADFED0A6AA0EE277A25
:107C9000DFED097AE7EE007AB7EE007AA0EE267AF9
:107CA00067EE807A87EE870A704700BF6BD30DBC02
:107CB000BA132FBDAEE534BF75AA2A3E10B510EE3B
:107CC000104A24F00043B3F17E5F2DED028BB0EE3D
:107CD000406A14D319BF76EE467A9FED237ADFED22
:107CE000237A9FED237A12BF87EE276AE0EE077AA8
:107CF000B0EE676ABDEC028BB0EE460A10BDB3F180
:107D00007C5F0BD2A3F50003B3F1645FF2D320EEE6
:107D1000000AFFF7B5FFA0EE066AEBE7B0EEC06A17
:107D2000B7EE008A38EE468AF6EE007A28EE278A09
:107D3000B0EE480A02F0CEFEB0EE406AB0EE480A5D
:107D4000FFF79EFFA0EE066A002CDFED0A7AB0EE88
:107D5000007AE6EE077A9FED066A36EE676AB8BFEC
:107D6000B1EE466AC6E700BF0000000000008003D5
:107D7000DA0FC93F6821A2B308B510EE103A23F01C
:107D80000042B2F17E5F2DED028BF0EE405A12D32D
:107D90000AD19FED360ADFED367A002BB8BFB0EE80
:107DA000670ABDEC028B08BD70EE405ADFED2F7AFA
:107DB00087EEA50AF5E7B2F17C5F11D2B2F14A5F16
:107DC0009FED2C6A4ED920EE000AFFF759FFDFED38
:107DD0002A7AE0EE657A75EEE75A36EE650AE0E754
:107DE000002BB7EE008AF6EE007A1ADA70EE085A27
:107DF00025EEA78AB0EE480A02F06CFEB0EE406AAB
:107E0000B0EE480AFFF73CFFDFED1C7AE0EE067AA1
:107E10009FED180A77EE867A30EE670A30EE000A98
:107E2000BFE738EE408A28EE278AB0EE480A02F013
:107E300051FE10EE103A6FF30B0305EE903AB0EEE0
:107E4000487AA5EEE57A70EE257AB0EE405A87EED4
:107E5000276AB0EE480AFFF713FFA0EE056A36EE78
:107E6000250ADBE7B0EE460A9BE700BF00000000F2
:107E7000DA0F4940DA0FC93F6821A2336821A2B363
:107E800010B52DED048B84B08DED010A019C24F01A
:107E90000043B3F18B4F08EE103A11D3B0EE480A0D
:107EA00001F086FFDFED207A30EE278A002CB8BF84
:107EB000B1EE488AB0EE480A04B0BDEC048B10BDA8
:107EC000620014D5F7EE008AB0EE680AA8EE080A40
:107ED00002F000FE70EE087A88EEA70AF0EE007A53
:107EE000A8EE270A01F064FFB0EE408ADEE7B3F1A6
:107EF000665F10D368EE088AB7EE009A38EE890AFA
:107F000002F0E8FD70EE097A88EEA70A30EE080A62
:107F100001F0FEF9E8E7DFED057A78EE277ACDED9E
:107F2000037A039BC2E700BF1872313F0000807BD9
:107F3000F4EE400AF1EE10FA10B5F0EE407A04D7F4
:107F400070EE207AB0EE670A10BD10EE902AB2F102
:107F50007E5F03D1BDE8104000F082B810EE103A09
:107F6000940F04F0020444EAD37433F0004308D1C0
:107F7000022C59D09FED317A032C08BFF0EE477ADE
:107F8000E0E732F0004209D1DFED2D7A9FED2D7A46
:107F900014F0010F08BFF0EE477AD3E7B2F1FF4FBC
:107FA00010D1B3F1FF4F04F1FF3407D1022C3ED8BA
:107FB000254B03EB8403D3ED007AC3E7022C39D8B9
:107FC000224BF6E702F150619942DDD3B3F1FF4F46
:107FD000DAD0A10703D503F1506393420CD387EEA7
:107FE000A00AB0EEC00A00F03BF8012CF0EE407A97
:107FF00004D1F1EE407AA5E7DFED157A022C0AD024
:10800000002C9FD09FED137A77EE877A9FED127A3E
:1080100077EEC77A96E79FED0F7A77EE877A9FED36
:108020000E7A77EE677A8DE7DFED0B7A8AE7DFED80
:108030000B7A87E7DFED067A84E700BFDB0F49C0E4
:10804000DB0FC9BFDB0FC93FE48C0608D88C0608DC
:10805000000000002EBDBB33DB0F4940DB0F493F62
:1080600010EE102A22F00043B3F1994F82B00ED3E4
:10807000B4EE400AF1EE10FA07D69FED410ADFEDAB
:10808000417A002AB8BFB0EE670A02B070473E4995
:108090008B420BD8B3F1665F5AD212F0FF4FF4D186
:1080A00060EE007ACDED017A019BEEE737498B4215
:1080B000F0EEC07A37D8A1F5D0018B4229D8F0EE86
:1080C000006ABFEE007AA7EEA67A002377EEA67AC2
:1080D00087EE270A591C60EE006A9FED2D6ADFEDDE
:1080E0002D7ADFED2D5A26EEA67AE7EE067A9FED81
:1080F0002B6AA7EE876ADFED2A7AE7EE257A67EE2C
:10810000877AE6EE267A67EE807A24D130EE670A27
:10811000BBE7B7EE007A77EEC76A77EE877A01237E
:1081200086EEA70AD6E71F498B420BD8F7EE086AFE
:10813000B7EE007AA7EEA67A022337EEE66A86EE5D
:10814000070AC7E7BFEE007A87EE270A0323C1E7D5
:108150004FF0FF33BEE71449144801EB830100EBF5
:10816000830393ED007A77EEC77A002A37EEC00AD0
:10817000D1ED007A37EEC00AB8BFB1EE400A84E70D
:10818000DA0FC93FDA0FC9BFFFFFDF3EFFFF973F9E
:1081900025AC7C3D0DF5113E4712DABDA9AAAA3ED9
:1081A00098CA4CBEFFFF1B40008D0608F08C0608E5
:1081B0001FB58DED010A019C24F00043B3F17C5FF3
:1081C00000EE103A23D2B3F13E5F0DD214F0FF4F10
:1081D00004D160EE007ACDED037A039B002CB8BF8A
:1081E000B1EE400A04B010BD30EE007AF7EE007A2E
:1081F00067EE006A77EEC07A86EEA70A30EE070ACD
:1082000001F086F8F6EE007A20EE270AE6E7F7EEB0
:10821000007A77EEC07A80EE277A37EE070AEFE72A
:1082200070B510EE105A844A25F00043934286B090
:10823000044605D8002380ED000A4360002022E0B8
:108240007E4A93423AD825F00043002DDFED7C7A38
:108250007C4A23F00F0318DD934230EE670A09BF12
:10826000DFED797A9FED797A9FED797A30EE670AC2
:1082700070EE477A30EE670AC0ED007A30EE470ABA
:1082800080ED010A012006B070BD934230EE270A4E
:1082900009BFDFED6D7A9FED6D7A9FED6D7A30EE5F
:1082A000270A70EE077A30EE670AC0ED007A30EEEA
:1082B000070A80ED010A4FF0FF30E4E7654A934278
:1082C0006CD89FED657AB0EEC00AF6EE007AE0EE6B
:1082D000077AFDEEE77AB8EEE76A17EE900ADFED6F
:1082E000587AA6EE670A1F28DFED587A66EE277ADD
:1082F00070EE676A09DC5949461E25F0004251F8C4
:10830000261022F0FF028A4207D116EE902AC2F30D
:10831000C752C2EBD352082A15DCB0EE407A37EED2
:10832000667A002D37EE677AC4ED006A84ED017A33
:10833000A9DAF1EE666AB1EE477AC4ED006A84ED1F
:10834000017A40429FE7DFED406AB0EE407AA6EE48
:10835000667A70EE477AE6EE667ADFED3D6AD6EE33
:10836000267A77EE676A16EE902AC2F3C752C2EBFE
:10837000E353192BD3DDDFED3A6AF0EE475AE6EE10
:10838000665A77EE657A9FED377AE6EE667AD6EE34
:10839000077AB0EE657A75EEE76AC0E7B3F1FF4F92
:1083A00006D330EE400A80ED010A80ED000A45E771
:1083B000DA15863AA3EBC25307EE903ABDEEE77AA0
:1083C000DFED296AB8EEC77A77EEC77A8DED037ACA
:1083D00067EEA67ABDEEE77AB8EEC77A77EEC77A8F
:1083E0008DED047A67EEA67AF5EE407AF1EE10FA9A
:1083F000CDED057A1ED1B5EE407AF1EE10FA0CBF44
:1084000001230223194901910221009103A8214669
:1084100000F0E8FB002DBFF636AFD4ED007AF1EEA8
:10842000677AC4ED007AD4ED017AF1EE677AC4ED93
:10843000017A86E70323E5E7D80F493FE3CB1640EF
:10844000800FC93FD00FC93F00443537434435370B
:1084500008A3852E800F494384F9223F108D06081A
:1084600000A3852E32318D2400008043908D0608B4
:1084700070B510EE105A25F000440123B4F1FF4FFF
:108480002DED048B0646B0EE408A036006D320EE45
:10849000008AB0EE480ABDEC048B70BD34B9DFED44
:1084A000D07AB7EE007A87EE278AF2E7B4F1E45F7C
:1084B0000BD2002DBEBF4FF0FF330360B1EE400A78
:1084C00001F076FCB1EE408AE3E7002D80F2C48231
:1084D000B4F1964FE3D2B4F17A5FDFEDC29A2AD2BB
:1084E000DFEDBF0A20EE290A002000F0E9FDB0EE22
:1084F000409AB5EE409AF1EE10FAD0D028EE090A73
:10850000B0EEC00A89EE800A01F052FCB5EEC09AC6
:10851000F1EE10FAF0EE408A02D54FF0FF333360EF
:10852000B4F17E5F02D0B4F1804F62D19FEDAC8A8E
:1085300038EEC88AADE7F1EE408AB0EE680A01F085
:1085400077FDF4EE408AF1EE10FA19D0F6EE007ADB
:1085500068EEA78AB0EE680A01F06AFD38EEC00A3C
:1085600030EE000AF0EE407AFEEECF7A17EE903A47
:10857000062B39D8DFE803F02312121F1F2B2B0024
:10858000DFED997A77EEC87A17EE903A03F001039F
:1085900007EE903A9B00B8EEE70AE9E7F6EE007ABC
:1085A00037EEC00ADFED8E0A20EE290A00F0C0FA8D
:1085B000B1EE409A9DE7F7EE007A37EEC00ADFEDA4
:1085C000880A20EE290A002000F07AFDF0E7F7EE95
:1085D000087A30EE670ADFED820A20EE290A00F001
:1085E000A7FAB1EE400AE3E7F0EE007A30EE670A50
:1085F000E5E7B1EE488A6B0000F17E817B4B9C423F
:1086000000F29A80B0EE480A01F0D2FB784B9C420F
:10861000B1EE400A42D9B7EE007A37EE487A67EEFB
:10862000077ADFED746A9FED746A9FED748AA7EE96
:10863000A66ADFED736AE6EE276A9FED726AA6EE20
:10864000A76ADFED716AE6EE276A9FED706AA6EE13
:10865000A78ADFED6F6AE7EE866A9FED6E6AA6EE87
:10866000A76ADFED6D6AE6EE276A9FED6C6AA6EEFB
:10867000A76ADFED6B6AE6EE276A28EE078AA6EEA8
:10868000A78AF6EE007AA7EE678A38EE008A002DF8
:10869000FFF64EAFFDE6DFED528AACE7614B9C4240
:1086A00064D99FED617A38EE477A67EE074A9FED0D
:1086B0005F6ADFED5F6ADFED5F5A9FED5F5A9FED06
:1086C0005F8A64EE877AE7EE866A9FED5D6AA6EEC2
:1086D000A76ADFED5C6AE6EE276A9FED5B6AA6EEAD
:1086E000A76ADFED5A6AE7EEA65ADFED596AE5EEB2
:1086F000A76ADFED585AE6EEA75ADFED576AE5EEB6
:10870000A76ADFED565AA7EEA55ADFED555AE5EEFA
:10871000275A9FED545AA5EEA75ADFED535AE5EEBE
:10872000275AE5EE876AA6EEE78ADFED507A94EEE7
:10873000868A38EE678AA8E74D4B9C4206D9B0EE90
:10874000007A37EE487A9FED260A68E7494B9C424B
:1087500006D99FED497A9FED220A38EE477AA4E7C1
:10876000F7EE007A38EE678A9FED1D0A9FED437A97
:10877000DFED437ADFED436AE8EE077A9FED427A58
:10878000A7EE887ADFED417AE7EE087A9FED407A2E
:10879000A7EE887ADFED4A7AE7EE087A9FED3D7A18
:1087A000E8EE076A9FED3C7AA6EE887ADFED3B6A39
:1087B000E7EE086A9FED3A7AA6EE887AF7EE006A4D
:1087C000E7EE086A67EE887A87EEA67AFEEE006A20
:1087D000F0EE477AE8EE267A37EE808A57E700BF58
:1087E00000000000DB0F49400000004B6666663F5A
:1087F0001F4A3B3FA283D337679767393F239E3D8C
:10880000A1549C3A7E02F23B01F0893D752C3C3824
:108810004584E23834B6053AC66E3D3B1599A83C0E
:10882000661AA53E07336D3E0C5BEC3E6B7BA539AB
:1088300076F4B7BA67F8663A85300DBA521CE6315D
:1088400007E7C73B474D06BD5EB9F73E27F9A3B919
:10885000FE7771BB3D37933C3C2117BEF7E9AF393A
:108860009916143BFEFC28BC155A843DCDCDF83D2D
:1088700017A6DD3F1FA69D3FC316BB3F5E3C5B3C7A
:1088800078756A3EAF72D53DB24B7A3FE73ABA3F50
:10889000F400223FDBD5523BDFEF443F2D39084047
:1088A000BE2E1D4067FF0538B435F13ABDD7F53609
:1088B000E440DA3CE6DC153E7ACCA63E5A245C3E27
:1088C0003F239EBDD6EE4B3A54BF983C6E0F303ED0
:1088D000C5D0383F3B2DB23FE8C4D5BAD23D5B3A54
:1088E0005C061CBAFD0C503A610B36BBABAAAA3D24
:1088F0001D7FD63E00000000B4F1824FB7EE009A13
:1089000075D2BDEEC87A5FED196A1FED196A5FED89
:10891000195AF8EEC77A17EE103A78EE677A033BE9
:10892000A7EEA66A5FED1E6AE6EE276A1FED1F6AD4
:10893000A6EEA76A5FED206AE6EE276A1FED216AC0
:10894000A6EEA76A5FED226AE6EE276A1FED236AAC
:10895000A7EEA56A5FED245AE6EE275A1FED256AB9
:10896000A5EEA76A5FED265AE6EE275A1FED276AA5
:10897000A5EEA76A66EEA76AA6EE279A86EE898A12
:10898000F6EE006AA7EEA68A042B3FF680AEDFE87B
:1089900003F02B2825220300B1EE087A37EE877A00
:1089A000F1EE046A77EEA66A66EE876AB1EE007AA7
:1089B00037EE877A27EE267AB0EE080A37EE800A7D
:1089C00020EE070AB0EE007A77EE877A27EE800A6B
:1089D00001F0EEF959E6B7EE007AE1E7F7EE006A4A
:1089E000E4E7B7EE007AE7E7B7EE000AEAE7B4F1AA
:1089F000B94FB0EE480A28D201F0DAF9C9EE086A98
:108A00005FED4B5A1FED4B6A66EEA67AB6EE007A22
:108A1000A7EEA56A5FED4E5AE6EE275A1FED4F6AA4
:108A2000A5EEA76A5FED505AE6EE275A1FED516A90
:108A3000A5EEA76A38EE477A1FED538AA6EE268A7E
:108A400030EE490AA7EE008A21E601F0B1F930EED6
:108A5000490A20EE088A1AE6B4F17E5F03D0B4F129
:108A6000804F7FF418AE1FED5D8A12E510EE901A6C
:108A70004A0030B50AD0F4EE600AF1EE10FA05D6DD
:108A800010EE104AC4F3C753FF2B04D160EE200A46
:108A900080EEA00A30BDB2EB440F05D3FAD1DFED72
:108AA000237A20EE270AF5E7C1F3C755C3B962025E
:108AB000B2FA82F25342013204FA02F2ADB948022C
:108AC000B0FA80F04542013001FA00F0AB42A2EB6F
:108AD00000010FDC002926DBE1D004F0004412E0A5
:108AE000C4F3160242F40002E8E7C1F3160141F4B0
:108AF0000000EBE7002901DBD1D00A465200013B20
:108B0000E4E74900013BCA0DFBD0002BD3BFC3F102
:108B10000103A1F5000141EAC35321FA03F3234302
:108B200000EE103AB6E71146D7E700BF000000009C
:108B300010EE103A23F00043B3F1485FB7EE007A2D
:108B400004D2FDEEC07A17EE902ABAB360EE006A46
:108B5000DFED1C5A9FED1C6A1C4AA6EEA56A9342E3
:108B6000DFED1B5AE6EE265A9FED1A6AA5EEA66ABD
:108B7000DFED195AE6EE265A9FED186AA5EEA66AB1
:108B800060EEC00A26EE266AF6EE007AE6EE860A67
:108B900066EEA77A04D877EEE07A37EE670A704778
:108BA0000F4A93429ABF03F17F4306EE903AF5EEE7
:108BB000026A37EE667A77EEE67AECE7B0EE470ABD
:108BC000704700BF4ED747ADF6740F319999993E63
:108BD0007CF293B4010DD037610BB6BAABAA2A3D33
:108BE0000000483F2DE9F04F2DED048BD9B09146A0
:108BF0009B46669ABB4B039053F8228019F1040FF1
:108C00000BF1FF330E4602932BDBB9F1030348BF90
:108C100009F10403DB100193019B679C5D1CEB00D1
:108C20000493019B0BF1FF329A1A0BF1FF3308EB0F
:108C30000300A9EBC5051CA900231444834212DDDF
:108C40000DF5887A1CAB03EB8B020BF1FF310BEBBC
:108C5000080C5746DDF80CE0DFEDA67A1446002339
:108C600015E00023D7E7D34257BFE75CDFEDA17AD9
:108C700007EE907AF8EE677A0133E1EC017ADDE7EE
:108C8000FEEC016A34ED017AE6EE877A0133029850
:108C90008342F5DD01316145E7EC017A02F104021E
:108CA000D8D108AB03EB8803DFED918A9FED8F9A53
:108CB00005934446A300079358AB03EB840313EDDD
:108CC000140A06940AEB840108AA2346002B4BDC05
:108CD000284600F0BFFBB0EE408AB4EE000A28EE52
:108CE000000A01F0A5F9F2EE007AA0EE678A002DE5
:108CF000FDEEC87ACDED007AF8EEE77A38EE678AB5
:108D000044DD08AA611E009F52F82100C5F1080C3D
:108D100040FA0CF31F4403FA0CF3C31A42F8213053
:108D2000C5F10702009743FA02F7002F3DDD009BD3
:108D30004FF0000C0133009308A8614664456CDCD9
:108D4000002D04DD012D79D0022D00F08180022F4D
:108D50002BD1B7EE000A30EE488A31B3284600F036
:108D600079FB38EE408A20E060EE287A013BFDEE88
:108D7000E77AF8EEE77AA7EEC90ABDEEC00AA2ECE0
:108D8000010A31ED010A37EE800A9FE705D1631E23
:108D900008AA52F823703F12C7E7F6EE007AB4EE45
:108DA000E78AF1EE10FA36DA0027B5EE408AF1EEE6
:108DB00010FA40F0A180611E00200DF1200C414509
:108DC0004EDA00287FD0013C083D08A951F8242044
:108DD000002A00F083802846B7EE000A00F03AFB34
:108DE0000AF104009FED427AA10000EB84002246C4
:108DF00008AD002A80F2AE8030AA914620460028B5
:108E0000C0F2C580384BDFED3B7A0AEB800C0025C1
:108E1000A4EB000BB5E0022789E7026849B91AB153
:108E2000C2F58072026001220CF1010C043011467F
:108E300084E7C2F1FF0202600A46F5E704F1FF3C55
:108E400008A850F82C2002F07F0240F82C207EE782
:108E500004F1FF3C08A850F82C2002F03F02F4E790
:108E60005CF8212001391043A9E7013253F8041DB1
:108E70000029FAD007996798019F631C14440AF1EE
:108E800004020A440699009259441CAA02EB81018B
:108E900000EB070E9C42FFF60DAF1EF80320039F68
:108EA00007EE902AF8EE677A0020E1EC017ADFED18
:108EB000117A8C46029A904208DD009AE2EC017A1F
:108EC00000920133E6E7059B0122CFE7F7EC016A48
:108ED0003CED017A0130E6EE877AEBE7013C083D94
:108EE00074E700BF848E0608588E06080000804391
:108EF0000000803B00000000049BB0EE480AA3EB9A
:108F0000090000F0A7FA1FED077AB4EEC70AF1EEE8
:108F100010FA19DB5FED0A7A60EE277A08AAFDEEF7
:108F2000E77A0835F8EEE77AA7EEC70AFDEEE77AAA
:108F3000BDEEC00A10EE103A42F8243017EE903A17
:108F4000013442F8243046E7BDEEC00A08AA10EE0C
:108F5000103AF6E755F8223007EE903AF8EEE77A45
:108F6000013A67EE807A20EE070A60ED017A40E769
:108F7000F3EC016ABCEC017A0135A845E6EE877A8C
:108F800001DB5D45F4DDE9EC017A013837E7669BEA
:108F9000022B0ADC002B27DC3FD0009B03F00700EC
:108FA00059B0BDEC048BBDE8F08F669B032BF4D168
:108FB00050180546A446BCF1000F4FDC2546012D94
:108FC0005DDC04325FED357A0A44012C67DCDDEDAF
:108FD000306A9DED317A002F67D1C6ED006A86EDCB
:108FE000017AC6ED027AD8E704321FED3E7A1144C9
:108FF0002046002823DA47B3F1EE477AC6ED007A1F
:10900000DDED307A77EEC77A01218C4220DA0FB19C
:10901000F1EE677AC6ED017ABFE704325FED4B7A75
:109020000A44002C05DA0FB1F1EE677AC6ED007A3A
:10903000B3E732ED017A013C77EE877AF1E771ED23
:10904000017A013837EE277AD3E7F0EE477AD5E791
:10905000B2EC017A013177EE877AD6E775ED017AC5
:10906000D5ED016A37EEA67A0CF1FF3C77EEC77AB0
:1090700085ED007A77EEA67AC5ED017A9BE770ED73
:10908000017AD0ED016A37EEA67A013D77EEC77A14
:1090900080ED007A77EEA67AC0ED017A8FE732EDA7
:1090A000017A013C77EE877A8FE7F1EE666AB1EEDE
:1090B000477AC6ED006A86ED017AF1EE677A90E7AD
:1090C00010EE103A23F00043B3F1485F04D2FDEEF6
:1090D000C07A17EE903A5BB320EE007ADFED157A96
:1090E0009FED156AA7EE276ADFED147AE6EE077AA0
:1090F0009FED136AA7EE876ADFED127A60EE076ACA
:10910000E6EE077A30B99FED106AA7EE276AA6EE61
:10911000260A704767EEE67AB6EE006AE0EE867AD7
:10912000D7EE870ADFED097AE6EEA70A30EE600A8D
:10913000704700BFD3C92E2F342FD7B21BEF38365C
:10914000010D50B98988083CABAA2ABEABAA2A3EB9
:1091500010EE103A23F00042B2F1465F7BD2FDEEF2
:10916000C07A17EE901A002964D0F0EE407A67EECC
:10917000A76ADFED565A9FED566A9FED565A56493B
:1091800026EEA67A67EEA64AA7EE256A8A42DFEDAA
:10919000535AE6EE075A9FED526AA5EE876ADFED55
:1091A000515AE6EE075A9FED506AA5EE876ADFED49
:1091B0004F5AE7EE055A9FED4E5AA5EE875ADFED5E
:1091C0004D5AE5EE075A9FED4C5AA5EE875ADFED52
:1091D0004B5AE5EE075AB0EE467AA5EEA67AB0EE07
:1091E000606AA7EE246A9FED467AE6EE260AE4EE70
:1091F000870A37EEA00A49D307EE100AF8EEC76ACD
:1092000060EE005A30EE260A9B1785EE806A03F066
:109210000203C3F1010307EE103A36EE606AB8EEBE
:10922000C77A77EEC67AB0EE006AE7EEC66A26EE37
:10923000870A7047431C134306D1F0EEC07AB7EE9D
:10924000007A87EE270A704701283DD0FFEE007AAA
:1092500087EE800A704720498A4286D3F1EE407A31
:10926000002BB8BFB0EE670AF1EE607AB8BFF0EE3F
:10927000670ADFED247A37EEC07ADFED237A77EEE6
:10928000E07ADFED220A77EE877A70E701281BD0BB
:1092900010EE103A6FF30B0306EE903A76EEE77A93
:1092A00070EEE70AFFEE007A87EE807AF7EE007A3A
:1092B00017EE103A6FF30B0300EE103AE6EE807AE9
:1092C000E0EE807AA7EE870A704700BF5FAE9BB7DB
:1092D00045F4A3388453D93740A12C3FC8261A3A05
:1092E00016696B3BA427B33C8988083E7AC0953841
:1092F000B937813948DEBE3A1F37113CD10D5D3D8B
:10930000ABAAAA3EDA0F493F6821223300000000D1
:1093100010EE103A444A45499A188A4282B077D9E9
:1093200013F1814F0ED3BFEE007AB4EE470AF1EE8F
:1093300010FADFED3F7A18BF30EE407A87EE270A49
:1093400002B070475A00B2F1CE4F08D213F0FF4F6F
:10935000F6D160EE007ACDED017A019BF0E7354A57
:1093600093425CD9F7EE007A70EE276A16EE903AD7
:1093700003F5950303F5F6430D33DA0D7F3A182A0A
:109380004ADC012ACBBF36EEC00A36EEE77A37EE6A
:10939000C00A30EE470A80EE267AC3F31601264B48
:1093A000CB1806EE903A36EEE70AF0EE007A70EE51
:1093B000277ADFED226ADFED224ADFED223AC0EEA6
:1093C000275A07EE902A25EEA54AB6EE006A24EE4B
:1093D000045A20EE066AE5EE264ADFED1B6AE5EE4A
:1093E000236AF8EEE77A66EE846AE4EE856A9FED1A
:1093F000175AE0EE066AA7EE857AA6EEA57AA0EEE9
:10940000467A37EE000A9FED127AA7EE870A97E7B1
:10941000B3F1FF4FA6D393E79FED057ABDE79FED2C
:10942000047A0022C1E700BF30EC2BC12FEC2B41A6
:109430000000000019F695BEF304353F269E783EE5
:1094400013CECC3EEEE9913EAAAA2A3FD1F71737B8
:109450008071313F7F2815DDDFED167AA0F17F03A3
:109460007F2B20EE270A06DDA0F1FE037F2B20EEE6
:10947000270AA8BF7F237F33DB0507EE903A20EE53
:10948000270A704710F17E0F12DADFED0B7A00F138
:109490007E0313F17E0F20EE270AECDA00F1FC03C5
:1094A0006FF07D02934220EE270AB8BF1346E2E731
:1094B0000346E0E70000007F0000800010EE901AF5
:1094C00031F0004070B502D1B7EE000A70BD10EE69
:1094D000105AB5F17E5FF7D025F00042B2F1FF4F90
:1094E00002D8B0F1FF4F02D930EE200AEEE7002D8E
:1094F0001DDAB0F1974F80F05082B0F17E5F34D327
:10950000C415C4F1960440FA04F303FA04F4844247
:1095100029D103F00103C3F10203B0F17E5F25D12D
:109520000029D3DAF7EE007A87EE800ACEE7B0F1B1
:10953000FF4F18D1002303E0B2F17E5FC4D00223B5
:10954000B2F17E5F06D99FEDB50A0029A8BFB0EE43
:10955000600ABBE7002A00F02582002980F21A8207
:10956000B1EE600AB2E70023D7E70023B1F1804FE4
:1095700002D120EE000AA9E7B1F17C5F40F012822F
:10958000002DC0F20F82BDE8704001F0A3BA012B9C
:1095900002D0B0EE670A99E7B1EE670A96E7002DB0
:1095A0001ADA13B970EE407A17E2012BBFEE006AA7
:1095B000B7EE007A18BFB0EE476AB0F19A4F64D99F
:1095C000974B9A420BD800290EDADFED967A26EEF9
:1095D000270A20EE270A79E7B7EE006AEDE7924BFB
:1095E0009A4204D90029F0DCDFED907AEFE7B7EE7C
:1095F000007A77EEC76ADFED8E7AB5EE007AE6EE96
:10960000C77AB6EE007AA7EEE67A66EEA65ADFEDE6
:10961000897A27EE257ADFED885A67EEC77A9FEDC3
:10962000877AE6EE877AB0EE677AA6EEA57A17EE2D
:10963000103A6FF30B0307EE103AB0EE475AA6EE5E
:10964000E55A77EEC57A6FF30B0106EE901A70EECD
:10965000E65A67EEA00A67EE267AE5EE870A30EE54
:10966000A77A17EE102AB2F1864FAEDC40F00881DF
:10967000DFED736A37EE677A70EEA66AF4EEC76ABA
:10968000F1EE10FAA1DC13460BE115F0FF4F08BF15
:109690009FED6C7A6C4802BF67EE877A6FF0170215
:1096A00017EE904A4FEAE45318BF00227F3B134461
:1096B000C4F31602824242F07E5406DD63488242C1
:1096C00040F3A9800133A4F500040020604A02EBB6
:1096D000800292ED005A07EE104A75EE077AF7EE17
:1096E000006A86EEA74A77EE455A65EE844A14EE84
:1096F000902A6FF30B0206EE902A564A02EA6402A1
:1097000042F0005202F5800202EB405207EE902A2E
:10971000E6EEE75A37EEC55A64EEA47A37EE457A9C
:109720009FED4D5AE6EEC75A9FED4C7AA7EE875A49
:109730009FED4B7AA5EE277A9FED3D5AA7EE275A6B
:109740009FED487AA5EE277A9FED475A65EE845A39
:10975000A7EE275A34EEA67A27EEA74A27EE257AF7
:10976000F0EE087AA4EE057AB0EE675AA6EEA65A95
:1097700035EE075A15EE102A6FF30B0205EE102A8C
:1097800075EE677AE6EEE67A77EE677A67EEA47AA8
:10979000E5EE857AF0EE675AE6EE855A15EE902AE8
:1097A0006FF30B0205EE902AB0EE657AA6EEC57A4D
:1097B0002E4A02EB800277EEC77A9FED2D7A9FED5D
:1097C0002D5A67EE877A9FED2C7AE5EE877A92ED37
:1097D000007A77EE877A07EE103A284BF8EEC76AE0
:1097E000B0EE677AA5EE857A03EB8003D3ED004AED
:1097F00037EE247A37EE267A17EE103A6FF30B0322
:1098000007EE103A77EE666A76EEE46AE5EEC56A30
:1098100077EEE67A17E7012058E700BF0000000066
:10982000F7FF7F3FCAF249710700803F6042A20DF7
:10983000ABAAAA3E3BAAB83F00AAB83F70A5EC3637
:109840003CAA38330000804B71C41C00D6B35D00C5
:10985000A88E060800F0FFDF55326C3E42F1533E01
:1098600005A38B3EB76DDB3E9A99193F988E06088B
:109870004F38763F0040763FC623F6B8A08E0608E4
:10988000574B22F0004199423FF6AEAE5548824216
:1098900077D137EE677AB4EEE07AF1EE10FABFF6E0
:1098A000A3AEDB157E3B4FF4000018411044C0F31B
:1098B000C7534D497F3B1941014007EE101AC0F3D1
:1098C000160040F40000C3F117031841002A77EE98
:1098D000C77AB8BF404277EEA06A9FED447ADFEDC9
:1098E000445A16EE903A6FF30E0306EE903A76EE77
:1098F000E77AB7EE000A70EEE70ADFED3E7A66EE31
:10990000A77AE0EE877AB0EE677AA6EEA57AB0EE97
:10991000475AA6EEE55A67EE076A77EEC57ADFED9D
:10992000365A9FED365AE6EE855A9FED355AA5EE2A
:10993000A65ADFED345AE5EE265A9FED335AA5EECE
:10994000A65AF0EE475AE5EE665AF0EE006A27EEA8
:10995000255A75EEE65AE7EE277AC5EE256A76EEC9
:10996000E77A77EEC77A30EE670A10EE103A03EB2B
:10997000C053B3F5000F0ADAFFF76CFD20EE060ABC
:10998000A4E5B1F17C5F0B468BD80020A3E700EE85
:10999000103AF3E79FED1D0A98E5B0F1FF4F3FF451
:1099A000CBAD022325F04046B6F17E5F1446F0EEC3
:1099B000C07A02D0002A7FF4F2AD0029BCBFB7EE16
:1099C000007AC7EE277A002DBFF6E3ADA2F17E52F2
:1099D0001A437FF4DCAD77EEE77A87EEA70A75E5E8
:1099E00000001643000016C3000080FF1872313FCC
:1099F0000072313F8CBEBF350EEADDB54CBB313352
:109A000055B38A38610B36BBABAA2A3E0000000072
:109A100010EE102A404822F00043834282B04FEA01
:109A2000D2711CD900F5313000F5E470834207D9BA
:109A3000002A07DBDFED397A20EE270A02B07047F3
:109A4000002A12DA9FED367AC7EE007ACDED007A61
:109A5000009A344A934208D99FED330AEEE7334A1D
:109A6000934244D9324A93423DD9324B9FED327AE8
:109A700003EB8103D3ED007AE0EE077AFDEEE77A9F
:109A800017EE900A07EE900A9FED2C7AF8EEE77A2F
:109A9000F0EE406AE7EEC76A9FED297A67EE877AB3
:109AA00036EEE70A20EE006ADFED265A9FED267AB1
:109AB000A6EE257AF0EE405AE7EE465AB0EE006A7E
:109AC00020EE250A36EE656A80EE067AB7EE000AC9
:109AD00077EE677A77EEA67A37EE800A0028ADD067
:109AE00002B0FFF7B7BC81F00100401ACAE7B3F13A
:109AF000645F0BD8DFED097A70EE277ACDED017A3D
:109B0000F7EE007A019B30EE270A97E7DFED067A41
:109B1000F0EE406A0020C5E74FACAE420000007F87
:109B200001000080B4F1CF42000000001872B13E85
:109B30009215853F908E06083BAAB83F0072313FD0
:109B40008EBEBF35155235BB8FAA2A3E10EE103A95
:109B5000744923F000428A4282B012D9B2F1FF4F19
:109B600000F28280002BC0F2DA80DFED6F7AB4EE73
:109B7000E70AF1EE10FA46DDDFED6C7A27EE800A97
:109B800072E06B498A4264D96A498A4254D89FED8F
:109B90006A7A002BA7BF30EE477ADFED687ADFEDF7
:109BA000687A30EE077AACBF01234FF0FF3337EE0F
:109BB000670A37EE407A77EE677AF6EE005A20EEC3
:109BC000254ADFED606A9FED605A20EE047AF0EEE0
:109BD000084AA7EE265AF7EE006AB0EE666AA5EECE
:109BE000076AE4EE464AB1EE084AA0EE644A36EE51
:109BF000645A85EE046A26EE076ACBBB90EE067ABD
:109C000030EE470A30E09FED517A20EE077AF6EE0B
:109C1000007A77EE877ADFED486AFDEEE77AB0EEFC
:109C2000407A17EE903AF8EEE77AA7EEE67ADFEDA3
:109C3000436A67EEA67ABAE79FED447A002BF6EE08
:109C4000007AFEEE006A20EE077AB8BFF0EE667A80
:109C5000DFE7B2F14C5F09D213F0FF4F04D160EEA1
:109C6000007ACDED017A019B02B070470023A4E792
:109C700036EE676A5A1CD0EE067A77EEC77A06D1BE
:109C800070EE677ABEEE000AA7EEA50AECE7012B9C
:109C900016D1BDEE007AB4EEC70AF1EE10FA06D581
:109CA00070EE255AB8EE000A77EEE57A66E770EEB8
:109CB000677AB0EE007AE7EE876AB0EE660AD3E71D
:109CC00003F17F02D205382B07EE102A0ED970EE71
:109CD000677A802B77EEA67A04BF9FED147A77EE31
:109CE000A77A27EE277A37EE660ABDE7C3F17F022F
:109CF000D20506EE102A162BCBBF77EE867A30EE11
:109D0000670A70EE677A76EEC66ACBBF77EEA67A00
:109D100030EE260A27EE870A20EE070AA4E7BFEEF8
:109D2000000AA1E743B895418071B1420000007F6D
:109D30001872B13E9115853F8071313FD1F71737C9
:109D4000D1F717B71030CF3A688808BD3BAAB83FA3
:109D5000B5EEC00AF1EE10FA08B514D5B1EE400A1E
:109D60000120F8EE007A20EE270AFFF7EFFEB0EEB2
:109D7000007A30EE077AC0EE077A08B9F1EE677A1A
:109D8000B0EE670A08BD0020EBE70000DFED067AC1
:109D900008B530EE670AFFF73BFEDFED047A20EEF0
:109DA000270A20EE270A08BDBCE322430000007A00
:109DB00010EE103AA3F50002B2F1FF4F59D35A004A
:109DC00006D160EE007ABFEE007A87EE270A704770
:109DD000002B04DA30EE407ADFED2B7AF5E7DFED89
:109DE0002B7A60EE277A6FF0180117EE903A284A26
:109DF000DFED284ADFED283A9FED280A9A18D30DA7
:109E00007F3B0B4406EE903A254BC2F31602D31863
:109E100007EE103AF7EE007A77EE677AB0EE007A46
:109E200037EE877AB6EE006AC7EE875A9FED1D7A45
:109E300025EEA54A27EE866A24EE045AF8EEE66A75
:109E4000E5EE074A9FED187AA5EE237A26EE800A02
:109E500027EE047AA4EE857AA6EE277AA7EE250AE5
:109E6000A6EE670A30EE270ADFED107AA6EEA70A03
:109E70007047B3F1FF4F06D2B3F17E5F01D00021EE
:109E8000B5E79FED010A7047000000000000004C9C
:109E90000DFB4A0013CECC3EEEE9913ED1F71737C9
:109EA000F304353F269E783EAAAA2A3F8071313FAF
:109EB00008B5FFF77DFFDFED027A80EE270A08BDC7
:109EC0008E5D134010EE103A07B51C4A23F0004394
:109ED000934200EE103A1CD8B3F1665FF7EE003AF9
:109EE0000AD2DFED177A30EE270A8DED010A019BC9
:109EF000B0EE630A03B000BDFFF728FE20EE007A43
:109F000030EE230A30EE000AC7EE007A37EEA30ADD
:109F1000F0E70C4A93420CD8FFF77AFDF7EE007A8F
:109F2000C7EE803AF6EE007A73EE803A23EEA70A87
:109F3000E0E703B05DF804EBFFF728BF1672313F8E
:109F40000000807B1672B14208B510EE103A181E60
:109F50001C4B20F00040BEEE003AF6EE007AA8BF9F
:109F6000B0EE673A9842F0EE403A00EE100A21D87F
:109F7000FFF7ECFDB0F17E5F13D2B0F1665F0DD359
:109F8000F7EE007A70EE277A20EE007AC7EE273AD5
:109F9000F0EE007AD0EE273A63EE833AB0EE630A31
:109FA00008BDF7EE007A70EE277AC0EE273A73EE1E
:109FB000803AF1E7FFF7EAFE33EE033A63EE003A48
:109FC000ECE700BF1672B14210EE103AC3F3C7516E
:109FD0007F39162982B013DC002913DB124A0A41AB
:109FE00013420DD0DFED117A30EE270A002B8DEDF4
:109FF000000AA8BF9B18009923EA020300EE103A5A
:10A0000002B07047DFED097A30EE270A002B8DEDA4
:10A01000010A019A04DB5B0018BF4FF07E53EDE7A5
:10A020004FF00043EAE700BFFFFF7F000000807BA6
:10A0300010EE103AC3F3C7517F39162982B013DCF2
:10A04000002913DB124A0A4113420DD0DFED117AC9
:10A0500030EE270A002B8DED000AB8BF9B1800993F
:10A0600023EA020300EE103A02B07047DFED097AEE
:10A0700030EE270A002B8DED010A019A05DA5B000C
:10A08000054B08BF4FF00043ECE70023EAE700BFB1
:10A09000FFFF7F000000807B000080BF10EE101AE1
:10A0A000C1F3C753763B1F2B82B013DC082BD8BFFC
:10A0B00001234FF0FF3222FA03F319420AD0DFEDF9
:10A0C000067A30EE270A21EA03038DED010A019A90
:10A0D00000EE103A02B070470000807B10EE103A9C
:10A0E000C3F3C752952A18D8DFED0C7A002BB5BF01
:10A0F00030EE670A30EE270A30EE270A30EE670AA4
:10A10000B5EE400AF1EE10FA07D19FED050ADFED3A
:10A11000057A002BB8BFB0EE670A70470000004B0D
:10A12000000000000000008010EE103A07B5184A49
:10A1300023F00043934206D8DFED160A03B05DF822
:10A1400004EBFEF7F5BCB3F1FF4F03D330EE400A4A
:10A1500003B000BD6846FEF763F800F00300012875
:10A160009DED000ADDED010A05D0022808D050B9A6
:10A17000FEF7DEFCECE7FEF7A3FFB1EE400AE7E7EF
:10A18000FEF7D6FCF9E70120FEF79AFFE0E700BFF3
:10A19000D80F493F0000000010B510EE104A24F01F
:10A1A0000043B3F1FF4F2DED068B10D3F7EE006A9D
:10A1B00086EE807AE40F6400C4F1010407EE904A51
:10A1C000F8EEE77A37EE870ABDEC068B10BD9E4AA3
:10A1D000934244D8B3F1465F14D214F0F84F0CD137
:10A1E000DFED9A7A60EE277AB2EE007AE0EE077A37
:10A1F000B4EE000A27EE800AE6E7DFED957AA0EEDE
:10A20000270AE1E760EE007ADFED926A9FED927A2D
:10A210009FED926AA7EEA67ADFED916AE7EE276AD4
:10A220009FED907AA6EEA77ADFED896AE7EE276ABE
:10A230009FED8D7AA7EE867A9FED8C6AA7EE276A4E
:10A240009FED8B7AA6EE277A9FED8A6AA7EE276AA2
:10A25000B7EE007AA6EE277AC6EE877ACFE7864A6F
:10A26000934244D8F7EE007AB0EEC00A30EE670AA7
:10A270009FED827ADFED826A9FED826AE0EE076AE7
:10A28000002C9FED817AA6EE807ADFED806AE7EE02
:10A29000006A9FED7F7AA6EE807ADFED7E6AE7EEB8
:10A2A000006A9FED7D7AA6EE807ADFED7C6AE0EEB3
:10A2B000066A9FED7B6AA6EE806ADFED7A6AE6EEBB
:10A2C000006A9FED796AA6EE806ADFED786AE6EEB5
:10A2D000006AE6EE807A87EE270AABBFDFED747A7C
:10A2E000DFED747A30EE270A37EEC00A6CE7724A67
:10A2F000934208D9002CBFEE000AF7EE007AA8BFFF
:10A30000B0EE670A60E76D4AF0EEC09A20EE000AF0
:10A31000B7EE009A9342C9EE007A62D89FED687A50
:10A32000DFED686ADFED688AE7EE876A9FED677A9E
:10A33000A6EEA77ADFED666AE7EE276A9FED657AFB
:10A34000A6EEA77ADFED646AE7EE276A9FED637AEF
:10A35000A6EEA77ADFED626AE7EE278A9FED617AC3
:10A36000A7EEA67ADFED606AE7EE276A9FED5F7AD7
:10A37000A6EEA77ADFED5E6AE7EE276A9FED5D7ACB
:10A38000A6EEA77ADFED5C6AE7EE276A9FED5B7ABF
:10A3900019EE903AA6EEA77A6FF30B0308EE103A87
:10A3A000F0EE49AABEEE020AE7EE27AAA8EE480A96
:10A3B000FFF72EFBB0EE40AA88EEAA0A78EE697A83
:10A3C00039EE888AA7EE880AFFF722FB2AEE00AA58
:10A3D000002C8AEE290AACBF39EE400A30EE490A59
:10A3E000F2E6DFED476A9FED477ADFED478AA7EE99
:10A3F000A67ADFED466AE7EE276A9FED457AA6EE7C
:10A40000A77ADFED446AE7EE276A9FED437AA6EE6E
:10A41000A77ADFED426AE7EE278A9FED417AE7EE01
:10A42000876A9FED407AA6EEA77ADFED3F6AE7EEF6
:10A43000276A9FED3E7AA6EEA77ADFED3D6AE7EE4A
:10A44000276A9FED3C7AA3E7FFFF573FD475833F10
:10A45000D475033EB156C7B78914BDBB1AE284B6A2
:10A460008F52E9BCEB6BA6BE49EE0A391681A63BBA
:10A47000632A853DCEBBCB3EFFFF9F3FC0F90DBB9E
:10A48000B351113DA35A443CC21CE3BD54FEA23E4D
:10A490000892BEBE0568D43EC6CD1ABB136E5F3CA3
:10A4A0000733013EE71A933D85570A3F31F3D93D03
:10A4B0000B56583F0B5658BFFFFFBF406DDB364071
:10A4C0007E071DC12B93A2C293A021BCE79A38C37B
:10A4D0008C6522C3578079C222F028C1B7A031BF52
:10A4E000977F77BD7C3FD2401F45D9420B81D64331
:10A4F000C95821446F48D94363A80943CE359D41CB
:10A5000075C2F1C30B2380C492A021BC41641FC457
:10A51000EAA220C34B108EC1D49D4CBFA743ED438C
:10A520001287B3C1CE901F45BBFD47455917C044A4
:10A5300071E5A24359B4F24110B510EE104A24F06F
:10A540000043B3F1FF4F2DED068B0ED3E40F6400F3
:10A5500007EE904AF7EE006AB8EEE77AC6EE807A28
:10A5600037EE270ABDEC068B10BDA64A934244D8AD
:10A57000B3F10E5FF7EE007A02D237EEC00AF1E7D0
:10A5800020EE007ADFEDA06A9FEDA06ADFEDA05A11
:10A59000A7EE266AB4F17A5FDFED9E6AE6EE076AFF
:10A5A0009FED9D6AA6EE876ADFED9C6AE6EE076A7C
:10A5B0009FED9B6AE7EE065A9FED9A6AA5EE876AC1
:10A5C000DFED995AE6EE075A9FED986AA5EE876A85
:10A5D000F0EE675AE6EE075A86EEA57A27EE007A85
:10A5E00004DA30EE077A37EEC70ABBE7F6EE007AF8
:10A5F00030EE670A30EE070ABFE78D4A934247D82C
:10A60000F7EE007AB0EEC00A30EE670A9FED897A65
:10A61000DFED896A9FED896AE0EE076A002C9FED05
:10A62000887AA6EE807ADFED876AE7EE006A9FED12
:10A63000867AA6EE807ADFED856AE7EE006A9FED06
:10A64000847AA6EE807ADFED836AE0EE066A9FEDFB
:10A65000826AA6EE806ADFED816AE6EE006A9FED0F
:10A66000806AA6EE806ADFED7F6AE6EE006AB0EEF1
:10A67000676AA6EE806A87EE060A02DBDFED7A7A69
:10A680007BE79FED7A7A30EE070A30EE270A69E71A
:10A69000774A934200F2A980A2F1D472A2F59232D5
:10A6A00060EE006A933AB7EE007A9342C7EE267ADC
:10A6B00063D8DFED706A9FED706ADFED709AA7EEE8
:10A6C000A66ADFED6F6AE6EE276A9FED6E6AA6EE78
:10A6D000A76ADFED6D6AE6EE276A9FED6C6AA6EE6B
:10A6E000A76ADFED6B6AE6EE276A9FED6A6AE6EE1F
:10A6F000A79ADFED696AE7EE866A9FED686AA6EEC3
:10A70000A76ADFED676AE6EE276A9FED666AA6EE46
:10A71000A76ADFED656AE6EE276A9FED646AA6EE3A
:10A72000A76ADFED636AE6EE276AB0EEC08A18EE2C
:10A73000103AA6EEA77A6FF30B0308EE903ABEEE3E
:10A74000020AA8EEE80AB0EE479AFFF761F9B0EE08
:10A7500040AA89EE890A78EEC87A78EE288AA7EEB0
:10A76000A80AFFF755F92AEE00AA002C8AEE080A7B
:10A770003FF7F8AEF0EE007AFFE6002C02DA4D4A21
:10A7800093423BD89FED4C6ADFED4C6ADFED4C9A6B
:10A79000E7EE866A9FED4B6AA6EEA76ADFED4A6A8E
:10A7A000E6EE276A9FED496AA6EEA76ADFED486AE2
:10A7B000E6EE276A9FED476AE6EEA79ADFED466A66
:10A7C000A7EEA66ADFED456AE6EE276A9FED446ACA
:10A7D000A6EEA76ADFED436AE6EE276A9FED426ABE
:10A7E000A6EEA76ADFED416A9DE79FED410A002CC6
:10A7F000F0EE007AD8BFB0EE670AB3E6B0EE000A1A
:10A80000B0E600BFFFFF573FB156C7B78914BDBBC5
:10A8100049EE0A398F52E9BCEB6BA6BED475033EF4
:10A820001AE284B61681A63B632A853DCEBBCB3E99
:10A83000FFFF9F3FC0F90DBBB351113DA35A443CEC
:10A84000C21CE3BD54FEA23E0892BEBE0568D43EC3
:10A85000C6CD1ABB136E5F3C0733013EE71A933D2A
:10A8600085570A3F31F3D93DD4A71E3E0B56583FBA
:10A87000FFFFDF417E071DC12B93A2C293A021BC25
:10A88000E79A38C38C6522C3578079C222F028C169
:10A89000B7A031BF977F77BD7C3FD2401F45D942DB
:10A8A0000B81D643C95821446F48D94363A8094353
:10A8B000CE359D41FFFFBF4075C2F1C30B2380C45D
:10A8C00092A021BC41641FC4EAA220C34B108EC1D8
:10A8D000D49D4CBFA743ED431287B3C1CE901F4513
:10A8E000BBFD47455917C04471E5A24359B4F24135
:10A8F0000000000010EE103A002110B523F00042D5
:10A9000001600F49541E8C4218D213F0FF4F0AD138
:10A91000DFED0C7A60EE277A6FF0180117EE903AAF
:10A92000016023F000420168D21523F0FF437E3A14
:10A9300043F07C53114400EE103A016010BD00BF9B
:10A94000FFFF7F7F0000004C9FED0A7AF0EEC06AA7
:10A95000F4EE476AF1EE10FAF0EE407A06D8B5EE62
:10A96000400AF1EE10FA01D0FEF774BDB0EE670AAE
:10A97000704700BFFFFF7F7F10EE103AC3F3C7524E
:10A980007F3A162AF0EE407A0ADC002A03DA03F056
:10A99000004303607047094941FA02F21A4206D1A6
:10A9A00003F0004300EE103A17EE903AF1E723EA85
:10A9B000020307EE103A30EE470AEAE7FFFF7F0096
:10A9C00010EE103A07B5194A23F00043934207D816
:10A9D000DFED170A002003B05DF804EBFEF770BB53
:10A9E000B3F1FF4F03D330EE400A03B000BD684619
:10A9F000FDF716FC00F0030001289DED000ADDEDD7
:10AA0000010A06D0022807D060B90120FEF758FBE2
:10AA1000EBE7FEF78DF8E8E70120FEF751FBB1EE1A
:10AA2000400AE2E7FEF784F8F9E700BFD80F493F94
:10AA30000000000010EE103A07B5114A23F0004361
:10AA4000934207D8DFED0F0A012003B05DF804EB55
:10AA5000FEF77EBBB3F1FF4F03D330EE400A03B0E5
:10AA600000BD6846FDF7DCFB400000F00200DDEDB4
:10AA7000010A9DED000AC0F10100FEF769FBEEE757
:10AA8000DA0F493F0000000007B501A8FDF7F0FC10
:10AA900003B000BDDFED0D7AB0EEC07AB4EE677A98
:10AAA000F1EE10FA07B505D9DFED097A30EE270A85
:10AAB00003B000BD01A8FDF7DBFCFEF7A9FF019B79
:10AAC000002BB8BFB1EE400AF2E700BFFFFF7F7F67
:10AAD0000000807FB1EEC00A7047000040EA010329
:10AAE0009B0730B596461FD1940828D00D46031F0A
:10AAF00001EB840C51F8042B43F8042F8C45F9D159
:10AB0000013C2A1D00EB840302EB840104331EF098
:10AB1000020F1CBF31F8022B23F8022B1EF0010F8D
:10AB200001D00A781A7030BD002AFCD0431E8E4432
:10AB300011F8012B03F8012F7145F9D130BD0346FF
:10AB4000E5E700BF81420FD28B1898420CD26AB160
:10AB5000013A831801330A44013912F801C903F894
:10AB600001CD8A42F9D17047FFF7B8BF704700BFE7
:10AB700000F0030C5CEA010C17D100B55FEA920EFD
:10AB80001CD000EB8E01034643F804CB9942FBD165
:10AB900000EB8E0E910744BF00232EF8023BD30733
:10ABA00002D500238EF8003000BD32B102440346C6
:10ABB00003F8011B9342FBD1704770478646E9E7D3
:10ABC000013A4B1E0138114406E010F801CF13F88A
:10ABD000012F944506D303D88B42F6D1002070474D
:10ABE000012070474FF0FF30704700BF017849B136
:10ABF0000346194613F8012F002AFAD1C0F10100CB
:10AC000008447047084670470138013903E072B1C3
:10AC1000934207D309D810F8013F11F8012F002BF8
:10AC2000F5D122B14FF0FF30704701207047181E58
:10AC300018BF0120704700BF82B10378013A7BB191
:10AC400091F800C0BCF1000F0AD063450FD300F1AA
:10AC5000010001F10101EFD9012070471046704752
:10AC60000B7823B90278D01A18BF012070474FF033
:10AC7000FF307047037853B1CAB202E010F8013FC9
:10AC80002BB19A42FAD1914218BF002070471A4660
:10AC9000914218BF0020704710B50378427884783D
:10ACA000C07888B079B9CDE901230094034610211A
:10ACB000074A0DEB0100FAF73FFC014604A8EAF74A
:10ACC000D1F808B010BDCDE901400092EFE700BF18
:10ACD0008BDD050813B50C461146FFF7DDFF00902C
:10ACE0002046E7F77DFC694601900220ECF73AF830
:10ACF00002B010BDF7B50C4601A91546EAF718FDDC
:10AD0000019BF3B1034402469342164606D912F85A
:10AD1000011B2E29F8D030390929F5D9E21C21462A
:10AD20004FF00A0C0023B04202D207782E2F0BD12D
:10AD30007DB91370A2420ED1B04203D00A48E3F7A6
:10AD400067F8236003B0F0BD0CFB03730130303BA8
:10AD5000E9E70B70EEE7B042F0D203782E2BEDD18D
:10AD6000013A01310130DDE797DD050837B50C46C2
:10AD70001546022101AAE4F70FFA019B2A4618683A
:10AD80002146FFF7B7FF019B5868E4F73BF903B092
:10AD900030BD0000042807B5034606D801460B481D
:10ADA00003B05DF804EB06F059BB094A062168467A
:10ADB000FAF7C2FB00F108036B444422411C6846C9
:10ADC00003F8082C06F04AFB03B000BD9BDD050824
:10ADD000A0DD0508F8B5244DAB7DDB0731D52E6825
:10ADE000706801282DD9B168431ECA5C0A2A28D18F
:10ADF0004A1E002B01DC1A4608E0D45C0A2CFAD06B
:10AE0000013BF6E78C5C202C02D101329042F9D84C
:10AE1000002B0CDD541CA04209D14C1E1C448C425A
:10AE200005D014F8017D0A2F0BD0202FF7D0014454
:10AE3000D21A11F8023C3A2B4FEA920400D10134A5
:10AE400004B9F8BD094904223046D6F70DFA07487F
:10AE5000042106F003FB2B6904332B61AB7D43F027
:10AE60000203013CAB75EBE7FC09002086DD050819
:10AE7000024820220021FFF77BBE00BF2C050020E6
:10AE800038B50C4C4368206000220546A26022754C
:10AE900008464FF0FF32C4E903236360A16100F06C
:10AEA00013FE6B680BB90123A375BDE83840FFF7AB
:10AEB00091BF00BFFC090020F8B503780446CBB170
:10AEC0000D4E306F18B12146FFF79EFE90B120461F
:10AED000FFF78CFE451C2846D5F7D7F9074648B141
:10AEE0002A462146FFF7FAFD04491C22081DFFF7F8
:10AEF00029FE3767F8BD00BFBC0400202C050020E8
:10AF00002DE9F341A24C0646A56820684768042D48
:10AF100000F2B481DFE815F0050012011B018A017F
:10AF2000AE01731E042B0AD86368BB4204D13546B8
:10AF3000284602B0BDE8F081012E00F08381B31EE7
:10AF4000132B55D801A252F823F000BF1BB20408FE
:10AF50002FAF040863B2040859B20408FBB1040817
:10AF6000F1AF0408F1AF0408F1AF0408F1AF040831
:10AF70009DAF0408F1AF0408F1AF0408D5B104088F
:10AF8000F1AF0408A5B10408F1AF0408F1AF04085B
:10AF9000F1AF0408F1AF0408DBAF04082169791AA6
:10AFA000D6F759FA23685B68BB4203D2794803217C
:10AFB00006F054FA22682369D2E90110C91A18442C
:10AFC00006F04CFA236858682369C01A401BFFF743
:10AFD000E1FE23692B44236163E061682269521A10
:10AFE000D6F740FA26696368F61A002E2BDCD9E7FB
:10AFF0000D2E01D00A2E29D1637D0BB19E420BD1BB
:10B000006548667500F060FD2068D6F7AEF96368A4
:10B010001844FFF751FF8BE700236375082E01D01A
:10B020007F2E23D12169626891423AD9A1EB020CAB
:10B030002B46634511D1042BB4BF012604263246AA
:10B04000891BD6F70FFA4FF001081EE000231B2ED4
:10B050006375E3D10123A36023E086681644F65CA0
:10B06000202E01D10133E4E70126E8E7A37D9A070A
:10B070001ED5092E13D0202E55D14FF000080321E4
:10B0800084F81680D6F7E7F903263046FFF782FEEC
:10B0900023699B1B2361B8F1000F83D1B2E0002329
:10B0A000A375A37D23F00203A3754FF0FF353FE79F
:10B0B000092E38D1E7B183682269134413F8010CD3
:10B0C000D6F7ECFDA0B1354B019304260025019B7A
:10B0D000216920685A1C01922944012293F80080BA
:10B0E000D6F7A1F90135B54280F80080EFD159E7D4
:10B0F000236860689E682169294A091A01AB3044B7
:10B10000F0F7A6FF06460028CBD0431CDED1A0698D
:10B1100000F0DAFC2268636821699068C91A184453
:10B1200006F09CF93EE7A6F120035E2BB9D8216911
:10B130000122D6F778F90125067033E74F2E04D0A7
:10B140005B2E40F09B80022385E7042383E7A6F172
:10B150003003092B03D80323A3602675A1E700233E
:10B16000413EA360072E9CD801A353F826F000BFF0
:10B17000A5B10408D5B10408FBB104081BB204084A
:10B18000A3B0040859B20408A3B0040845B20408E7
:10B19000FC090020A5DD050848DE050886DD050858
:10B1A000E80E0608E268062A3FF77BAF344B03EB54
:10B1B0008203551C596F00293FF473AF6368E56043
:10B1C0004360D6F723F92268636826695568F61A42
:10B1D000ED1A0AE7E368002BFFF663AF6168013BF5
:10B1E000791AE360D6F737F9E268002AEBDB244BE3
:10B1F000206803EB8203196FE3E72569BD422CBF8A
:10B2000000250125002D7FF74CAF2368986823693E
:10B210002946184406F022F9DBE6226963689A425F
:10B220007FF63FAF0025A84601262EE77E2E25D1CA
:10B23000237D313B072B21D8DFE803F00420130ED8
:10B240002020040E266963680025F61AAE42A56028
:10B250007FF727AFA84618E7256900237D1BA36069
:10B26000D0E72169B94209D201220025D6F7FAF8C0
:10B27000A56097E6462EEFD0482EE3D00023EAE6FD
:10B28000BC04002008B5FFF7FBFD06F0CFF8FFF780
:10B2900037FE431CF9D008BD00B58BB06846D4F723
:10B2A00061FF044B1968091A8908D5F72FF90BB00B
:10B2B00000BD00BFBC040020014B1860704700BFF8
:10B2C000B004002008B5436880685B680021984797
:10B2D000BDE80840E7F784B9F8B50C68636807462D
:10B2E0005B68A0680D4601219847E7F779F9022FBE
:10B2F000064608D163686868A4681F68E3F782FEA1
:10B3000001462046B8473046F8BD000038B505462E
:10B3100014200C46D4F7C7FF044B8460C0E9003505
:10B320000623C3600023037438BD00BFB08E060837
:10B3300070B5062892B005460E4603D1002420467B
:10B3400012B070BDF2B1E2F7BFFFD5F787F86846DB
:10B35000D4F750FF044650B931462846E2F788F842
:10B36000D4F71EFFD5F782F8E2F7C4FFE7E70749F5
:10B370000748D6F745FC01990548E3F783FD4FF0F0
:10B38000FF34EFE7E2F7D4FFD8E700BFA9DD0508F7
:10B39000E80E060810B5027C0446D0E90210FFF75B
:10B3A000C7FF013006D16368A0681B680021984779
:10B3B0000623E36010BD10B504460846114600227E
:10B3C000E3F7F2F92046FFF7E5FF062010BD000085
:10B3D0002DE9F0439BB00446002608A81546884690
:10B3E0000996D4F707FF05F001078146002862D1CE
:10B3F00015F0080330D01020D4F73CFF534A1269EF
:10B400004260034694E803004A46C3E90201A0688B
:10B410001946E1F7BDFA2906064602D40320FFF7D4
:10B420004BFF06F023F904463046E1F7EFFF4FF0FB
:10B43000FF30FFF741FF0120E2F7C2FFD4F7B0FE73
:10B44000002F7DD04248012106F008F80126012195
:10B450003F4806F003F86FE0EA061CD5D4E9012165
:10B46000E120D8F79CFA0446B8F1010F266806D10E
:10B47000F10041F002014FF45A70E1F70BFE424631
:10B48000214606A8D8F7F8FEC5F38002314606A883
:10B49000DBF7A4FFBFE76E0605D594E80E00E120B8
:10B4A000D8F730FADFE7A806DED52046D5F7F4FD59
:10B4B000D8F781FAD7E74FF0FF30FFF7FDFE3046AF
:10B4C000E2F77EFF6A0602D5A368206898471FB19D
:10B4D0001F48012105F0C2FF099B1E491868ECF7BF
:10B4E00005FC044600282DD109991B48E3F7CAFC46
:10B4F0002646AB071ED5194B1B78DBB106F0B6F814
:10B500001749021B1448D6F77BFB06AB05AA04A912
:10B5100003A8D5F7FBFD069B0193059B11490093FA
:10B520000D48DDE90323D6F76BFB0BF089F80A48D9
:10B53000D5F7C8FB002F8AD130461BB0BDE8F08399
:10B540000126D6E700244FF48076D2E7BC04002021
:10B55000D5DD050820230608E80E0608180A002095
:10B56000D7DD050872DA050808B5E3F74BFD034B94
:10B57000003818BF01201870062008BD180A0020E6
:10B5800008B503784BB901210170044805F066FF46
:10B5900005F04CFF03380128FAD808BDD5DD0508B1
:10B5A00070B5067805461EB14FF0FF34204670BDD9
:10B5B00005F03CFFC31E012B04460BD801210C48AB
:10B5C000297005F04BFF032CEED10A4846643C304D
:10B5D000D4F728FEAB88013B9BB2AB80002BE5D1B2
:10B5E0000548012105F03AFF6B88AB80DEE700BF1C
:10B5F000D5DD0508BC040020FFDD0508F0B58BB0E3
:10B60000202106A8D5F742FE0027354800F05CFA55
:10B610000797344800F058FA05F008FF431E032B43
:10B6200045D8DFE803F00236414907990229ECD1F9
:10B63000089B1A78052AE8D15E78412E05D02A4861
:10B6400005F00CFF00230793E3E7284805F006FF09
:10B650008024012503216846ADF800408DF8025092
:10B6600005F0FCFE00238DF8043001AB0393204B62
:10B67000049332461F4BADF80640294603A8ADF8A7
:10B6800008400593FFF7A4FEC205DBD54FF4807098
:10B6900008E0194800F018FA06A8D5F721FE174B64
:10B6A000002018700BB0F0BD00230793B4E7C1B2BF
:10B6B00006A8D5F769FEAFE7114800F005FA079B29
:10B6C00033B90D4800F000FA06A8D5F709FEDDE70A
:10B6D0001122012106A8FFF77BFEC30598D5D5E707
:10B6E000E3DD0508E9CD0508208F0608FEDD050825
:10B6F000A1B5040881B5040848DE0508190A002030
:10B7000001DE050830B587B0202102A8D5F7BEFDBF
:10B710003F48404C00F0D8F93F4800F0D5F93F4889
:10B7200000F0D2F93E4800F0CFF900250120258134
:10B730000395F0F7B7FB014602A8FFF7A3FD013818
:10B7400004284AD8DFE800F0030F27131C00334811
:10B7500000F0BAF902A8D5F7C3FD324B01221A70E6
:10B76000002007B030BD2D4800F0AEF9D0E72B48DF
:10B7700000F0AAF902A8D5F7B3FD4FF48070F0E706
:10B78000294800F0A1F9039505F050FEC1B2032944
:10B790008DF8071003D1214800F096F9C6E7042977
:10B7A0000AD11E4800F090F90121162202A8FFF7E5
:10B7B0000FFEC305BAD5E0E702A8D5F7E5FD9DF871
:10B7C00007300D2B03D1194800F07EF9DCE7012189
:10B7D0000DF1070005F042FED6E7039B002BA5D034
:10B7E00002A8D5F7C2FDF0F777FB70B10A2102A8D5
:10B7F000D5F7CAFD0220F0F755FB014602A8FFF776
:10B8000041FD0328C7D00428EAD10021CDE700BFBD
:10B8100047D00508BC04002004DE050848DE050802
:10B8200025DE0508190A00204BDE05087BDE050829
:10B8300020220121FFF7CCBD37B50C466A4601A98D
:10B840000546F0F74FFD019984F0010201294FEA06
:10B85000C2120BD0022906D0074908482A46D6F75B
:10B86000CFF9002005E042F0080201210098FFF71F
:10B87000AFFD03B030BD00BF82DE0508E80E06084C
:10B88000002210B511460446F0F72CFD022805D120
:10B8900020460121BDE81040FFF7CEBF2046F9F752
:10B8A000B9F8022804D12046BDE81040FFF7C0BF18
:10B8B000012010BDEFF3108172B6064B1B68C21A4F
:10B8C000002A054ADABF01331360106081F3108843
:10B8D000704700BF240A0020200A002040694B69FD
:10B8E000C01AC00F704700002DE9F843EFF311872D
:10B8F000F02383F312880E4E00243568A04625B944
:10B90000346087F31188BDE8F88369680948C5F891
:10B910000480E2F7D1FE2B8A9B07814605D422469C
:10B9200004482946E2F7A7FE04464D46E7E700BF74
:10B930001C0A0020DDB804082DE9F8431C4B1D4DFE
:10B940001E682C6800274FF0010913E061681A484F
:10B950006760E2F7B1FE228AE369D107804613D51A
:10B96000C2F3800221461846FFF7E2FC78B1A4F842
:10B9700012904446CCB16069831B002BE6DD2C603D
:10B98000BDE8F843FFF796BF0BB120469847638A9E
:10B99000022BEED1D4E905321344636121460648F7
:10B9A0004246E2F768FE0446CDE72C60BDE8F88326
:10B9B000240A00201C0A0020DDB804082DE9F34108
:10B9C000EFF31187F02383F31288114E00253468BA
:10B9D000A8462CB9356087F3118802B0BDE8F08124
:10B9E00061680C48C4F804800194E2F765FE019B8D
:10B9F0001B8A9B07044603D5012101A8D4F786FDC5
:10BA00002A4601990348E2F736FE0546E1E700BF02
:10BA10001C0A0020DDB80408002370B54360C36031
:10BA20000C4B1B68194404464161EFF31186F02367
:10BA300083F31288084D01462A680848E2F71BFE86
:10BA40008442286002D16069FFF734FF86F31188D1
:10BA500070BD00BF240A00201C0A0020DDB80408C5
:10BA600038B50246EFF31185F02383F31288044CB6
:10BA700004482168E2F741FE206085F3118838BD53
:10BA80001C0A0020DDB8040838B545180146A94253
:10BA900006D1884215D2BDE83840091A05F0DEBC4F
:10BAA0000C4614F8013B0A2B09D1884202D2091A2C
:10BAB00005F0D4FC0348022105F0D0FC20462146C5
:10BAC000E5E738BD48DE050810B50446FFF78EF8F7
:10BAD00001462046BDE8104005F0C0BC032902D154
:10BAE000104605F089BC04291DBF16224FF0FF3017
:10BAF0001A60002070470846114605F0AFBC70B5CB
:10BB000015460C468E18B44201D1284670BD05F08A
:10BB10008DFC04F8010BF6E738B5054614466A6853
:10BB2000013A012A084604D82146FFF7ADFF204616
:10BB300038BD01221A604FF0FF34F8E770B50546B2
:10BB400008460C46E3F770F9636803490246284645
:10BB5000BDE87040D6F754B89EDE050870B51546AE
:10BB600042686AB90C464E19A64201D1284670BDFA
:10BB700005F05CFC0D2808BF0A2004F8010BF3E770
:10BB800001221A604FF0FF35F0E7830705D16422E8
:10BB9000B0FBF2F302FB13034BB94FF4C873B0FBD5
:10BBA000F3F203FB1200B0FA80F040097047012065
:10BBB00070470000074B4A1E10B533F9114033F9A6
:10BBC00012300229A4EB030402D1FFF7DEFF044484
:10BBD000204610BD0890060810B5064B4C1E0229E1
:10BBE00033F91440144402D9FFF7CFFF0444204630
:10BBF00010BD00BF08900608F8B5154600233F4A5F
:10BC00000DF048FB002B044616461F4604DA3B4A5B
:10BC1000B61843F10007013C4FF46162002330463F
:10BC200039460DF037FB3C22287100233046394657
:10BC30000DF030FB002316463C220DF02BFBE31CDD
:10BC40006A71072293FBF2F2C2EBC2029B1A04F55F
:10BC500003342B4AAE7148BF073304F56A7448F6C3
:10BC6000AC61EB7194FBF2F302FB134292FBF1F433
:10BC7000042C08BF032440F2B55001FB142292FBB0
:10BC8000F0F1192908BF182100FB112240F26D10B4
:10BC900092FBF0F0042808BF03206FF4B67606FB91
:10BCA000002264267343192606FB04330B4400EB81
:10BCB000830000F5C86080B21249288000230C7808
:10BCC000944216DD991CC9B20B2984BFA3F10A0165
:10BCD000013002F1010201F1010188BF80B2D2B24C
:10BCE000C9B288BF2880EA70A970FFF775FF288164
:10BCF000F8BD0131121B0133E1E700BF80510100A3
:10BD0000B13A0200FC8F0608F8B51D46A0F2B277E2
:10BD100040F26D135F436FF4C863C418A308DB19C6
:10BD20004FEAE77646F100066427B4FBF7F7DB1B22
:10BD300066F100064FF4C877B4FBF7F4E41846F157
:10BD40000006593C46F1FF36FFF746FF0A4B013823
:10BD50000019A0FB032146F1000603FB0611DDE9F3
:10BD600006303C2404FB03004FF4616303FB050031
:10BD7000801841F10001F8BD805101002DE9F0412A
:10BD8000079C069E4FF03C0C94FBFCF50CFB154405
:10BD90002E44002C04EB0C07A8BF274606F1FF3405
:10BDA000B8BF264696FBFCF40CFB14662344002E19
:10BDB00006EB0C04B8BF264603F1FF34B8BF234698
:10BDC0004FF0180C93FBFCF40CFB1433A518002B5C
:10BDD00003EB0C08A8BF984605F1FF33B8BF1D461A
:10BDE0004B1E0C2193FBF1F201FB1233002B02EBF3
:10BDF00000041944A8BF194604F1FF33B8BF1C461C
:10BE00000131002D0DDD2046FFF7D4FEA84213D3EB
:10BE1000CDE9066743462A462046BDE8F041FFF7D4
:10BE200073BF013904F1FF3304BF1C460C212046C7
:10BE3000FFF7C0FE0544E4E701310D2904F10103D9
:10BE4000A5EB000504BF1C460121DCE7044B00F014
:10BE50000F0200099A5C185C40EA0210C0B27047F9
:10BE6000229006082DE9F04FD0F8009087B01F46C9
:10BE70000B4404460393B9F1000F51D0BA4602F1C6
:10BE8000FF38039B534551D0A37918F8016F1BB9B4
:10BE90003046FFF7DBFF06464FF0080B0025E2684F
:10BEA000D388D268F10758BF1B0493616379002BD4
:10BEB00040F08F80484605F0FBFBA2682179D388CB
:10BEC000D268012908BF1B0493612269D3681289D3
:10BED0001B69C2F34312D34003F0010343EA450355
:10BEE000DDB26379002B40F08280484605F0E0FB2C
:10BEF000A2682179D388D268002976D09361BBF1FA
:10BF0000010BC6F34706CAD13FB1A3791BB128463E
:10BF1000FFF79CFF05468AF800500AF1010AB0E7D6
:10BF2000531E3D460293039BAB4202D107B0BDE8CE
:10BF3000F08F029AA379019312F8013F0292019ABD
:10BF40001AB91846FFF782FF0346226994F804E005
:10BF5000D06812890490C2F34311E268B2F80690E7
:10BF6000D2F80CA0A268B2F806C0D6684FEA09421F
:10BF70004FF00808002005924FEA0C4BDA075ABF31
:10BF8000059ACAF81820CAF81890049ABEF1010F51
:10BF900014BFC6F818C0C6F818B01269CA4002F03B
:10BFA000010242EA4002D0B2BEF1000F0ED0C6F844
:10BFB00018C0B8F10108C3F34703DFD127B1019BD3
:10BFC0000BB1FFF743FF28700135ACE7C6F818B096
:10BFD000EFE7A2682179D388D268012908BF1B0442
:10BFE0009361484605F064FB6FE71B0486E7A2688F
:10BFF0002179D388D26821B19361484605F058FB76
:10C000007DE71B04F8E710B50446B1B980682179D3
:10C01000C388C26899B1936100231A46012105F0D3
:10C0200067FA00231A46E068012105F061FA00234F
:10C0300020691A46194605F05BFA002010BD1B0462
:10C04000E9E70000F0B585B00C4607F011F90023D0
:10C050001A460521054605F04BFA062201A920469D
:10C06000E3F702FA029B042B02D82848E1F7D0FE3E
:10C07000EB68EA889A61FA2005F0C6FAEB88EA686C
:10C080001B049361122005F0BFFAEFF31186102311
:10C0900083F31288EB68EA889A610A2005F008FBAE
:10C0A00005F0EAFA0746EB681C692B89C3F34313D2
:10C0B000DC4014F001041FD1962201212846F1F73B
:10C0C000F5FF00281DDB019F642201212846F1F7BE
:10C0D000EDFF002815DBE3103028FA5C94BF002048
:10C0E0000120013440EA4200282CF854ECD186F3B8
:10C0F0001188062005B0F0BD05F0BEFAC01B64280B
:10C10000D1D986F311886E20E2F7A6F821D0050870
:10C1100010B5084B044618684FF47A73B0FBF3F07F
:10C1200000F022FA002221464FF0FF3000F0CEF955
:10C13000002010BD70040020014B1868000C7047EF
:10C14000002004E0024B1868C0F30B00704700BFEA
:10C15000002004E07047000010B50446002800F0FD
:10C160009F80036C23B9436480F83C30FFF7F2FFF3
:10C17000236CDB0600F19280236C23F4885323F0B8
:10C18000020343F002032364464B5A6822F4403210
:10C190005A605A6861680A435A60236821695A687C
:10C1A00022F480725A605A6842EA01225A605A6840
:10C1B000A16822F040725A605A680A435A609A682D
:10C1C000E16822F400629A609A680A439A603649EC
:10C1D000A26A8A4256D0996821F070619960996884
:10C1E0000A439A609A68E16A22F040529A609A681B
:10C1F0000A439A609A68A16922F002029A609A68DA
:10C2000042EA41029A60226A002A43D05A6842F404
:10C2100000625A605A6822F460425A60626A586842
:10C22000013A4FF4604191FAA1F1B1FA81F18A40EB
:10C2300002435A60DA6AE16922F47002DA62DA6A69
:10C24000013942EA0152DA629A68216B22F40072E3
:10C250009A609A6842EA41229A609A68616922F477
:10C2600080629A609A68002042EA81229A60606443
:10C27000236C23F0030343F001032364002384F8B9
:10C280003C3010BD9A6822F070629A609A6822F081
:10C290004052AEE75A6822F40062CAE70120EDE797
:10C2A0000120EEE7002301400100000F82B00023CF
:10C2B000019390F83C30012B4ED0012380F83C30A4
:10C2C00003689A68D10705D59A68D20714D400206C
:10C2D00002B070479A68214942F001029A60204AF0
:10C2E0001268B2FBF1F202EB42020192019A002ABB
:10C2F000EAD0019A013AF8E7026C22F4E06222F0F7
:10C30000010242F4807202645A68510541BF026C16
:10C3100022F4405242F480520264026C12F48052C1
:10C320001CBF426C22F006024264002280F83C20CE
:10C330006FF022021A600B4A5268D20608D19A683E
:10C3400012F0405FC3D19A6842F080429A60BEE723
:10C35000054A9342BBD1F2E70220B9E740420F0001
:10C3600070040020002301400020014090F83C3080
:10C37000012B14D003689A6822F001029A609B682E
:10C38000DB0707D4036C23F4885323F0010343F045
:10C3900001030364002380F83C30184670470220F4
:10C3A00070470000F7B50023019390F83C30012B53
:10C3B0007FD00C6802688E68092CA5B231D9A5F12E
:10C3C0000A03D76803EB43034FF0070C0CFA03FC96
:10C3D00027EA0C07D760D76806FA03F33B43D3601C
:10C3E0004B68062B2CD8013B516B03EB83031F26B4
:10C3F0009E4021EA06015163516B05FA03F30B439A
:10C4000053632D4B9A4206D1122C38D12B4A5368D4
:10C4100043F480035360002380F83C30184603B097
:10C42000F0BD136904EB440C072707FA0CF723EA65
:10C4300007031361136906FA0CF61E431661CFE772
:10C440000C2B0ED8073B116B03EB83031F269E407A
:10C4500021EA06011163116B05FA03F30B43136321
:10C46000CFE70D3BD16A03EB83031F269E4021EAF1
:10C470000601D162D16A9D400D43D562C1E7104AE1
:10C48000944201D0112CC6D10C494B68944243F41C
:10C4900000034B60BFD10B4B0B4A1B68B3FBF2F39D
:10C4A0000A2253430193019B002BB4D0019B013B13
:10C4B000F8E70220B3E700BF00200140002301405D
:10C4C000120000107004002040420F00144BDB6883
:10C4D000C3F3022330B5DD1E042D94BFC3F107035F
:10C4E00004234FF0FF3488BF002504FA03F321EA48
:10C4F0000301AC40002822EA040201FA05F141EAF6
:10C500000201AEBF00F16040064A00F00F004FEAA2
:10C510000113AABF00F56140135480F8003330BD09
:10C5200000ED00E014ED00E0002807DB044A4109BB
:10C53000012300F01F00834042F82130704700BF04
:10C5400000E100E000280CDB4309064900F01F0071
:10C5500020330122824041F82320BFF34F8FBFF3E5
:10C560006F8F704700E100E00138B0F1807F0BD29F
:10C570004FF0E023054A5861F02182F82310002093
:10C58000072298611A6170470120704700ED00E0B2
:10C5900070B590F83440012C01D1022070BD012407
:10C5A00080F8344090F83540866D012C4FF000043F
:10C5B00029D1022580F8355044650468256825F4A2
:10C5C0008025256063608368402B0EBFA260A16058
:10C5D000E260C26D08BFE1603F239340B36023680F
:10C5E00043F016032360636943F080036361036CC7
:10C5F0001BB1236843F008032360236843F0010361
:10C6000023600020CAE780F83440C6E7F7B500236E
:10C6100001935C4B856D1F68C36D2E6808229A409C
:10C62000324204460CD001680868400708D5086803
:10C6300020F004000860AA60626D42F001026265A9
:10C64000514A9A40324208D021684969090641BFDF
:10C65000AA60626D42F0020262654C4A9A40324220
:10C6600008D021680968880741BFAA60626D42F05E
:10C670000402626510229A40324210D02368196881
:10C6800009070CD5AA601A68500337D51B6819032F
:10C6900001D4236C00E0A36C0BB120469847E16DF8
:10C6A00020228A4032423AD023681868C60636D51E
:10C6B000AA6094F83520052A1A6827D122F01602BC
:10C6C0001A605A6922F080025A61226C0AB9A26C7F
:10C6D0001AB11A6822F008021A603F238B40AB603F
:10C6E000002384F83430012384F83530236D002B87
:10C6F00045D0204603B0BDE8F04018471A68D2057F
:10C700005EBF1A6822F008021A60C2E7500327D5FC
:10C710001B68190331D4636C0BB120469847636DD5
:10C720006BB3636DDA0719D522684FF41653B7FB64
:10C73000F3F7052384F83530136823F00103136001
:10C74000019B0133BB42019302D81368DB07F7D486
:10C75000002384F83430012384F83530E36CC6E7D5
:10C760001A6812F4807208D1196821F0100119605A
:10C77000012384F8342084F83530E36BCCE703B030
:10C78000F0BD00BF700400200100800004008000A4
:10C79000406D7047036810B5DAB2103A064C6FF37B
:10C7A00009035F2A88BF04331821B2FBF1F1615CF1
:10C7B000C1658365184610BD3C90060870B50446F7
:10C7C0000CF032FF0546002C60D0002384F8343092
:10C7D0002268022384F83530136823F001031360C4
:10C7E00022681368D8072ED413683248A16918400C
:10C7F000D4E901352B43E5682B4325692B43656953
:10C800002B43E5690B432B43256A2B430343606AA3
:10C81000042802BFD4E90B5635432B4313605369F8
:10C82000042823F0070343EA000335D1A06AE56A30
:10C8300003438DB391B9012820D030F002012BD1F0
:10C84000E90129D51DE00CF0EFFE401B0528C7D9F2
:10C8500020230320636584F8350070BDB1F5005FC7
:10C8600016D1032818D801A151F820F083C8040874
:10C8700041C8040883C804087DC80408B5F1C07F16
:10C880000AD140236365012384F835300120E4E7B1
:10C890000228F6D90328D3D053612046FFF77AFF48
:10C8A000E26D3F239340836000200123606584F89C
:10C8B0003530D2E73F8010F038B50546E8B190F842
:10C8C0003540022C17D003681A6822F001021A6062
:10C8D000002421221C605C609C60DC601C615A6149
:10C8E000FFF758FFEA6D3F23934083606C6585F83E
:10C8F000344085F83540204638BD0124FBE7000070
:10C900002DE9F74FDFF89081614C00234FF00109CA
:10C910000D6809FA03FA0AEA05023AEA050540F049
:10C92000A4804D6825F0100EBEF1020F14D14FEA1D
:10C93000D30C00EB8C0C03F0070BDCF820604FEA03
:10C940008B0B0F2707FA0BF726EA07070E6906FA83
:10C950000BF63E43CCF8206007684FEA430C0326F1
:10C9600006FA0CF627EA060B05F0030707FA0CF7A0
:10C970000EF1FF3E47EA0B07BEF1010F076010D82A
:10C98000876827EA060ECF6807FA0CF747EA0E0712
:10C990008760476827EA0A0E2F099F4047EA0E077B
:10C9A0004760C76827EA06078E6806FA0CF63E431A
:10C9B000C660EE0059D500260196D8F8446046F4CA
:10C9C0008046C8F84460D8F8446023F0030707F1B4
:10C9D000804706F4804607F59C37019603F0030C68
:10C9E000019ED7F808E04FEA8C0C0F2606FA0CF6E9
:10C9F0002EEA060E274EB0423ED006F58066B042C3
:10CA00003CD006F58066B0423AD006F58066B0426A
:10CA100038D006F58066B04236D006F58066B04262
:10CA200034D006F58066B04214BF0726062606FA03
:10CA30000CF646EA0E06BE602668EF0354BF964326
:10CA4000164326606668AF0354BF9643164366607C
:10CA5000A668EF0254BF96431643A660E668AD028F
:10CA600054BF26EA02023243E2600133102B7FF406
:10CA70004FAF03B0BDE8F08F0026D8E70126D6E718
:10CA80000226D4E70326D2E70426D0E70526CEE720
:10CA9000003C014000000240003802400268536937
:10CAA00013F480630DD06FF4806353610423036437
:10CAB00020220023036380F83C3080F83D200120D1
:10CAC0007047184670472DE9F04205460E46174656
:10CAD0001C464FEA11492B68B9F1010F1FD1586963
:10CAE00026EA000080B2B0FA80F04009874201D007
:10CAF000002012E0621CEFD02CB10CF095FD069BDB
:10CB0000C01AA042E7D9002320222B6385F83C30CD
:10CB100085F83D20032085F83E30BDE8F082986915
:10CB2000C043C0F3400080F00100C0B2DEE72DE951
:10CB3000F04104460F46164698462568686927EA7C
:10CB4000000080B298B16B695A0512D52B6843F486
:10CB500000732B606FF480636B61042323642022D5
:10CB60000023236384F83C3084F83D200120BDE895
:10CB7000F081731CE2D046B900232022236384F89D
:10CB80003C3084F83D200320F1E70CF04DFDA0EB94
:10CB90000800B042D1D9EFE770B504460D461646FD
:10CBA0002068436913F0400301D000200DE0426982
:10CBB000D2060BD56FF0100242612022236484F864
:10CBC0003C302363012084F83D2070BD5DB9236CA7
:10CBD00043F020032364202384F83D30002384F8AD
:10CBE0003C300320F1E70CF01FFD801BA842D7D991
:10CBF000EDE770B504460D46164623685B695B0792
:10CC000001D5002012E02046FFF748FF70B96A1CEA
:10CC1000F3D065B9236C43F0200323642022002362
:10CC2000236384F83C3084F83D20032070BD0CF071
:10CC3000FBFC801BA842E0D9ECE770B505460E4628
:10CC40002B689C69E44314F0020401D000200DE03D
:10CC50000CF0EAFC801B1928F2D920232C6385F8FC
:10CC60003C4085F83D30032085F83E4070BD70B5EE
:10CC700004460D46164623685B691B0601D5002055
:10CC800012E02046FFF70AFF70B96A1CF3D065B9BD
:10CC9000236C43F02003236420220023236384F8C1
:10CCA0003C3084F83D20032070BD0CF0BDFC801B9F
:10CCB000A842E0D9ECE700002DE9F04315460268F0
:10CCC00085B0DDE90C679946136843F480731360FF
:10CCD00088460097334600224FF001110446FFF7C3
:10CCE000F2FE18B1032005B0BDE8F08322681C49AC
:10CCF00008F0FE03136120463B463246FFF717FF5C
:10CD000028B1236C042B0CBF01200320EBE7236820
:10CD100003905A6903929B6903933A463146204631
:10CD2000039BFFF7A4FF48B1236C042BDAD12268E0
:10CD3000136843F4007313600120D4E7B9F1010FC5
:10CD4000236802D1EDB21D61CDE72A0A1A6131468E
:10CD50003A462046FFF78BFF0028E5D12368F1E72C
:10CD6000020001002DE9F0439946036817461A684E
:10CD700042F4806285B01A601A68DDE90C5642F40C
:10CD800080721A60884600962B4600224FF00111EF
:10CD90000446FFF798FE18B1032005B0BDE8F08304
:10CDA00023682E4908F0FE021A61204633462A46BF
:10CDB000FFF7BDFE28B1236C042B0CBF012003201C
:10CDC000EBE7236803905A6903929B690393324609
:10CDD00029462046039BFFF74AFF48B1236C042BEA
:10CDE000DAD12268136843F4007313600120D4E79A
:10CDF000B9F1010F236825D1FFB232461F612946E0
:10CE00002046FFF734FF02460028E7D121680B686F
:10CE100043F480730B60204600962B464FF00111BF
:10CE2000FFF751FE0028B7D1236848F00101C9B2CD
:10CE300019612A46094933462046FFF778FE002843
:10CE4000ABD0B8E73A0A1A61294632462046FFF7C6
:10CE50000EFF0028C2D12368CEE700BF0200010008
:10CE60007047000038B50446002866D090F83D3081
:10CE70001BB980F83C30FFF7F3FF2268242384F8C5
:10CE80003D30136823F00103136001F0DDFA62689E
:10CE90002B4B25682B49B0FBF1F19A42696000F1F8
:10CEA000FF3024D85200B0FBF2F2531C40F6FC7263
:10CEB00001311342296230D10423EB61D4E90732F6
:10CEC00013432B60D4E903231343AB60D4E9053249
:10CED0001343EB602B6843F001032B6000202023F9
:10CEE000206484F83D30206384F83E0038BD4FF460
:10CEF000967359434FF47A73B1FBF3F1A368013190
:10CF000029626BB119235A43B0FBF2F30133C3F327
:10CF10000B036BB143F44043CFE7C3F30B03CCE700
:10CF200002EB4202B0FBF2F20132C2F30B030BB987
:10CF30000123C2E743F40043BFE70120D6E700BF67
:10CF4000A086010040420F00704710B5044698B11A
:10CF50000268242380F83D30136823F00103136036
:10CF6000FFF7F2FF0020206484F83C0084F83D00C5
:10CF7000206384F83E0010BD0120FCE72DE9F0435A
:10CF8000044685B098460C9F0D4691460CF04CFB2C
:10CF900094F83D30202B064604D101462046FFF789
:10CFA0004CFE20B10225284605B0BDE8F08394F878
:10CFB0003C30012BF6D0012384F83C3023681A68FA
:10CFC000D2075EBF1A6842F001021A601A6822F4A2
:10CFD00000621A60212284F83D20102284F83E204D
:10CFE00000222264A2F58032A4F82A80E262628DD7
:10CFF0002285E26AC4F82490042A04D0012A02D0CF
:10D0000012F5803F04D11A6842F480721A6002E07F
:10D01000226B122AF7D000963B4600224FF00111F6
:10D020002046FFF750FD002833D123692268B3F56D
:10D03000804F20D105F0FE051561374933463A4649
:10D040002046FFF774FD054610BB236803905A691C
:10D0500003929B690393039B238D3BBB21680A6862
:10D0600042F400720A60202284F83D2084F83C30AB
:10D0700084F83E3097E7EB1103F0060343F0F0032A
:10D080001361264933463A462046FFF750FD48B122
:10D09000236C236C042B4FF0000384F83C300ED13A
:10D0A000012580E72368EDB21D61C6E732463946A7
:10D0B0002046FFF7DCFD50B1236C042B01D0032583
:10D0C00071E72268136843F400731360E8E7626A4B
:10D0D0002068531C636213780361638D013B638591
:10D0E000238DD0F814C0591E89B21CF0040F21857D
:10D0F00009D041B1911C616252780261628D023B9C
:10D10000013A62852385324639462046FFF771FD94
:10D110000028A1D0D0E700BF0200010008000100F4
:10D120002DE9F043044689B09846109F0D4691467C
:10D130000CF07AFA94F83D30202B064604D10146D3
:10D140002046FFF77AFD20B10225284609B0BDE848
:10D15000F08394F83C30012BF6D0012384F83C3066
:10D1600023681A68D1075EBF1A6842F001021A608C
:10D170001A6822F400621A60222284F83D201022EC
:10D1800084F83E2000222264A2F58032A4F82A808E
:10D19000E262628D2285E26A1968C4F8249041F443
:10D1A0008061042A196004D0012A02D012F5803F60
:10D1B00004D11A6842F480721A6002E0226B112ACC
:10D1C000F7D000963B4600224FF001112046FFF7B2
:10D1D0007AFC002830D122692368B2F5804F1CD137
:10D1E00045F00105EDB21D61794933463A462046C6
:10D1F000FFF79DFC0546F0B9228D2368002A4BD02D
:10D20000012A5DD11A6822F480621A6004905A697A
:10D2100004929A690492049A44E04FEAE51808F0EF
:10D22000060848F0F0021A616A4933463A46204639
:10D23000FFF77DFC48B1236C236C042B4FF00003F7
:10D2400084F83C3026D101257FE723686049EDB2A0
:10D250001D613A4633462046FFF769FC0246002826
:10D26000E9D123680790596907919969079107994E
:10D27000196841F480711960204600963B464FF0D2
:10D280000111FFF720FC0028D6D1226848F0F103F5
:10D290001361A9E7032558E703905A6903929A6935
:10D2A0000392039A1A6842F400721A60238D13BB2A
:10D2B000202284F83D2084F83C3084F83E3044E756
:10D2C000022A1A680DD122F480621A601A6842F4A8
:10D2D00000621A6005905A6905929B690593059B47
:10D2E000E4E742F480621A6006905A6906929B69EC
:10D2F0000693069BDAE7032B50D8012B0BD132465D
:10D3000039462046FFF748FC08B3236C202B0CBF9E
:10D310000325012519E7022B2F4900963B464FF0C4
:10D320000002204620D1FFF7CEFB0028B2D12368AF
:10D330001A6842F400721A601A69636A591C6162C1
:10D340001A70238D013B2385638D013B6385236820
:10D350001A69636A591C61621A70238D013B238527
:10D36000638D013B6385A1E7FFF7ADFB0246002813
:10D3700090D12368196821F4806119601969636A82
:10D38000581C60621970238D1349013B2385638DFE
:10D39000013B6385204600963B46C4E7324639464A
:10D3A0002046FFF7F9FB0028AFD123681A69636AAA
:10D3B000591C61621A70238D013B2385638D013BEB
:10D3C000638523685A6952077FF570AFC0E700BFD5
:10D3D0000200010008000100040001002DE9FF41E6
:10D3E00004461D460F4690460CF01EF994F83D3059
:10D3F000202B06460BD11FB9012004B0BDE8F081F7
:10D40000B8F1000FF8D094F83C30012B01D1022084
:10D41000F3E7012384F83C30236844491A68D207B3
:10D420005EBF186840F0010018601868212220F4DF
:10D430000060186084F83D20202284F83E200022FD
:10D440002264A4F82A80E162618D218519686762EF
:10D4500041F4806119602046354900962B46FFF75C
:10D4600032FB024608B10320C7E7236802905969DE
:10D4700002919B690293029B2369B3F5404F0ED141
:10D480002B4900962B462046FFF71DFB0028EAD1CA
:10D49000236803905A6903929B690393039B228D2F
:10D4A000C2B900962B464FF482312046FFF70BFBA2
:10D4B0000028D8D123686FF480625A611A6822F478
:10D4C00080621A60202384F83D3084F83C0084F8A0
:10D4D0003E0092E7324629462046FFF7C8FB236804
:10D4E00048B11A6822F480621A60236C042B0CBFC6
:10D4F0000120032081E7616A4A1C62620A781A618E
:10D50000628D013A6285228D5F69501E80B27F076D
:10D510002085C4D50028C2D0881C60624978196172
:10D52000638D023A013B63852285B8E70000FFFF67
:10D53000020001002DE9FF4104461E460D469046BB
:10D540000CF072F894F83D30202B07460CD125B929
:10D550000125284604B0BDE8F081B8F1000FF7D0EE
:10D5600094F83C30012B01D10225F2E7012384F825
:10D570003C3023684B491A68D0075EBF186840F0FA
:10D58000010018601868222220F40060186084F8F6
:10D590003D20202284F83E2000222264A4F82A8024
:10D5A000E162618D21851968656241F480611960CD
:10D5B00020463D4900973346FFF785FA0546002887
:10D5C0006DD1236802905A6902929B690293029B73
:10D5D000238DC3B923685A69D20640D5002203922D
:10D5E00059690391196841F001011960039919689B
:10D5F00021F480611960202384F83D3084F83C20B8
:10D6000084F83E20A5E73A4631462046FFF7C4FAA3
:10D61000236848B11A6822F480621A60236C202BB8
:10D620000CBF0325012594E71A69636A591C6162DE
:10D630001A70238D013B2385638D013B638523682D
:10D640005A695107C4D51A69636A591C61621A7014
:10D65000238D013B2385638D013B6385B8E720461D
:10D66000FFF71CFA80B926B10BF0DEFFC01B864223
:10D67000B0D2236C43F020032364202200232363D1
:10D6800084F83C3084F83D202268136823F48063DA
:10D690001360236C042B0CBF0125032559E70325D8
:10D6A00057E700BF0000FFFF0200010073B50E4600
:10D6B00011460022019290F83D20202A044602D013
:10D6C000022002B070BD354A46F2A8101268B2FBC3
:10D6D000F0F2192042430192019A501E01903AB98A
:10D6E0002023226384F83C2084F83D300320E8E7BF
:10D6F000226890698507EFD494F83C000128DFD0B8
:10D70000012084F83C001068C0075EBF106840F03C
:10D7100001001060106820F400601060212084F87F
:10D720003D000025102084F83E00256463851C4BD5
:10D73000E362638D61622385666403B3606B194E97
:10D74000C663194EC6641032C0E91055856405657C
:10D75000FEF71EFF23681A6842F480621A601A6896
:10D7600042F480721A6084F83C505A6842F4407265
:10D770005A605A6842F400625A600020A1E71168BA
:10D7800041F480611160116841F48071116084F886
:10D790003C30536843F4E0635360EEE770040020CC
:10D7A0000000FFFF8BE1040857E1040873B504464D
:10D7B0000020019094F83D00202802D0022002B001
:10D7C00070BD364846F2A8150068B0FBF5F0192583
:10D7D000684301900198451E019538B920232063C4
:10D7E00084F83C0084F83D300320E8E72568A86908
:10D7F0008607EFD494F83C000128DFD0012084F89C
:10D800003C002868C0075EBF286840F0010028601F
:10D81000286820F400602860222084F83D0000265B
:10D82000102084F83E00266463851D4BE362638DFF
:10D830006262238561640BB3A06B1A49C1631A4904
:10D84000C164C0E910668664066505F11001FEF743
:10D850009FFE23681A6842F480621A601A6842F4D4
:10D8600080721A6084F83C605A6842F440725A60D0
:10D870005A6842F400625A600020A0E72A6842F425
:10D8800080622A602A6842F480722A6084F83C3000
:10D890006B6843F4E0636B60EEE700BF7004002048
:10D8A0000000FFFF8BE1040857E1040873B5002373
:10D8B000019390F83D30202B0446164602D00220FA
:10D8C00002B070BD09B90120FAE7002AFBD02B4B4A
:10D8D00046F2A8121B68B3FBF2F3192253430193DB
:10D8E000019B5A1E01923BB92022236384F83C30ED
:10D8F00084F83D200320E3E723689A699007EFD47A
:10D9000094F83C20012ADAD0012284F83C201A68DD
:10D91000D2075EBF186840F00100186018681A4608
:10D9200020F40060212342F8100B84F83D302023BE
:10D9300084F83E300025124B2564606B6685E362F7
:10D94000638D104E23856162C6630F4EC664C0E9C5
:10D95000105585640565FEF71BFE23681A6842F4BE
:10D9600080621A6084F83C505A6842F440725A60EF
:10D970005A6842F400625A602846A1E77004002009
:10D980000000FFFF8BE1040857E1040873B5002392
:10D99000019390F83D30202B04460E4602D0022021
:10D9A00002B070BD09B90120FAE7002AFBD02C4B68
:10D9B00046F2A8111B68B3FBF1F319214B43019305
:10D9C000019B591E01913BB92022236384F83C300E
:10D9D00084F83D200320E3E7236899698807EFD4A2
:10D9E00094F83C100129DAD0012184F83C10196820
:10D9F000C9075EBF196841F001011960186819462E
:10DA000020F40060222341F8100B84F83D302023DD
:10DA100084F83E300025134B2564A06B6285E362D9
:10DA2000638D114A23856662C263104AC264C0E9ED
:10DA30001055324685640565FEF7AAFD23681A680D
:10DA400042F480621A6084F83C505A6842F4407292
:10DA50005A605A6842F400625A602846A0E700BF44
:10DA6000700400200000FFFF8BE1040857E1040868
:10DA70002DE9F34704469A460C9E884691460BF0E2
:10DA8000D3FD94F83D30202B054603D0022002B090
:10DA9000BDE8F08701462046FFF7CFF80028F5D112
:10DAA00094F83C30012BF1D0012384F83C302368FA
:10DAB0001A68D2075EBF1A6842F001021A601A683B
:10DAC00022F400621A60212384F83D30402384F858
:10DAD0003E300A9B63620027BDF82C3027646385C3
:10DAE000294BE362638D23854A46CDE900655346A1
:10DAF00041462046FFF7E0F800282ED0236C84F83A
:10DB00003C70042B07D10120C1E7FFF7B0F850B1FA
:10DB1000236C042B01D00320B9E72268136843F477
:10DB200000731360EFE7626A2068531C6362137826
:10DB30000361678D238D013F67854769591E89B24F
:10DB40007F07218509D541B1911C6162527802613C
:10DB5000023B2385638D013B6385238D2A46314635
:10DB60002046002BD1D1FFF744F80028D0D12268FD
:10DB7000136843F400731360202384F83D3084F865
:10DB80003C0084F83E0082E70000FFFF2DE9F047EB
:10DB9000044686B09A46109F0D4691460BF044FD10
:10DBA00094F83D30202B064604D101462046FFF76D
:10DBB00044F820B10225284606B0BDE8F08794F865
:10DBC0003C30012BF6D0012384F83C3023681A68DE
:10DBD000D1075EBF1A6842F001021A601A6822F487
:10DBE00000621A60222384F83D30402384F83E30DE
:10DBF0000E9B63624FF00008BDF83C30C4F84080D3
:10DC00006385604BE362638D23852946CDE9007609
:10DC100053464A462046FFF7A5F8054640B1236C17
:10DC200084F83C80042B01D10125C4E70325C2E719
:10DC3000228D2368A2B902905A6902929A690292CF
:10DC4000029A1A6842F400721A60238D002B2CD1BC
:10DC5000202284F83D2084F83C3084F83E30AAE746
:10DC6000012A0AD11A6822F480621A6003905A6964
:10DC700003929A690392039AE3E7022A0ED11A6883
:10DC800022F480621A601A6842F400621A600490FA
:10DC90005A6904929B690493049BD6E705905A69DC
:10DCA00005929B690593059BCFE7032B50D8012B69
:10DCB0000BD1324639462046FEF76EFF08B3236C7F
:10DCC000202B0CBF0325012575E7022B2E4900965A
:10DCD0003B464FF00002204620D1FEF7F4FE00281C
:10DCE000A4D123681A6842F400721A601A69636A40
:10DCF000591C61621A70238D013B2385638D013BA2
:10DD0000638523681A69636A591C61621A70238DDE
:10DD1000013B2385638D013B638596E7FEF7D3FEC8
:10DD20000246002882D12368196821F480611960B5
:10DD30001969636A581C60621970238D1249013B8E
:10DD40002385638D013B6385204600963B46C4E7EF
:10DD5000324639462046FEF71FFF0028AFD1236820
:10DD60001A69636A591C61621A70238D013B23850D
:10DD7000638D013B638523685A6952077FF565AF60
:10DD8000C0E700BF0000FFFF040001002DE9F04FD5
:10DD9000044685B09A46002302930E9FBDF83C606E
:10DDA000884691460BF040FC94F83D30202B04D07F
:10DDB0000225284605B0BDE8F08F384B1D6846F2B5
:10DDC000A813B5FBF3F519235D430295029B5A1E78
:10DDD00002923BB92022236384F83C3084F83D2032
:10DDE0000325E6E72568AB699A07EFD494F83C3041
:10DDF000012BDDD0012384F83C302B68DB075EBFAC
:10DE00002B6843F001032B602B6823F400632B6025
:10DE1000212384F83D30402384F83E304FF0000B3E
:10DE20001F4BC4F840B0676266852685E362002E0A
:10DE300032D02323019000934A4653464146204660
:10DE4000FEF73AFF054630B1236C84F83CB0042B52
:10DE5000C6D10125ADE7606B124B2268C363124B3C
:10DE6000C36410323346C0E91055856405653946F0
:10DE7000FEF78EFB236803955A6903929A69039211
:10DE800084F83C50039A5A6842F480725A605A6887
:10DE900042F400625A608CE735468AE7700400203D
:10DEA0000000FFFF8BE1040857E104082DE9F0476B
:10DEB000044686B09A46002303930E9FBDF83C604B
:10DEC000884691460BF0B0FB94F83D30202B1CD1D6
:10DED0004D4B1D6846F2A813B5FBF3F519235D43BE
:10DEE0000395039D6B1E03933DB92023256384F89E
:10DEF0003C5084F83D30032508E02568AB699A075B
:10DF0000EFD494F83C30012B04D10225284606B00A
:10DF1000BDE8F087012384F83C302B68DB075EBF47
:10DF20002B6843F001032B602B6823F400632B6004
:10DF3000222384F83D30402384F83E3000232364BC
:10DF4000A3F580336685E362628D676223232285B1
:10DF5000CDE900305346002A3CD04A46414620468F
:10DF6000FEF700FF054640B1236C042B4FF0000381
:10DF700084F83C30BFD10125C8E7A06B234B216852
:10DF8000C363234BC3643A4633461031C0E910558E
:10DF900085640565FEF7FCFA2368012E0BBF1A683D
:10DFA0005A6822F4806242F480520CBF1A605A60B0
:10DFB00000220492596904919969049184F83C20E3
:10DFC00004995A6842F480725A605A6842F40062B6
:10DFD0005A609BE74A4641462046FEF7C3FE054687
:10DFE0000028C1D1236805905A6905929A69059263
:10DFF000059A1A6842F400721A60202384F83D30B2
:10E0000084F83C0082E700BF700400208BE1040824
:10E0100057E104082DE9FF47044698460F4691460C
:10E020000BF002FB94F83D30202B054604D101464D
:10E030002046FEF702FE18B1022004B0BDE8F087CA
:10E0400094F83C30012BF7D0012384F83C3023684E
:10E050001A68D2075EBF1A6842F001021A601A6895
:10E0600022F400621A60242384F83D300026374BE6
:10E07000266407F0FE07E3622268136843F48073A6
:10E0800013604FF001110095434600222046FEF731
:10E090001AFD00284ED123681F610BF0C5FA2268D3
:10E0A0005369526994F83D100546C3F34003C2F327
:10E0B00080224FF0A00A134301D1A0291DD123686B
:10E0C0004FF0200A84F83DA05A6912F0020F1A6836
:10E0D00042F400721A6025D0002203925A6903921A
:10E0E0009B69039329462046039BFEF7A6FD08BBC8
:10E0F00084F83DA084F83C009FE7B8F1000F0BD1F5
:10E1000084F83DA022685369526994F83D10C3F326
:10E110004003C2F38022CEE70BF086FA401B404555
:10E12000EED8EFE76FF480625A6129462046FEF789
:10E1300084FD08B1032080E70136B1459CD884F8FE
:10E140003C0084F83DA0012077E700BF0000FFFFFE
:10E1500070477047704710B5846BFEF719FB0228B3
:10E1600012D02268136823F48063136000232022F6
:10E17000638584F83D2084F83E30236C43F010031F
:10E1800023642046FFF7E6FF10BD08B5806B90F8CA
:10E190003D20036890F83E10212A03D0222A0CD19A
:10E1A00020290AD15A6822F400625A60002242856E
:10E1B0005A6842F440725A6008BD1A6822F48062BC
:10E1C0001A601A6842F400721A605A6822F4805287
:10E1D0005A605A6822F400625A6000234385026C38
:10E1E00012B1FFF7B7FFE7E7202280F83D2090F853
:10E1F0003E2080F83E30402A02D1FFF7AAFFDBE73D
:10E20000FFF7A6FFD8E790F83D0070474FF4807302
:10E2100093FAA3F3B3FA83F303F1845303F5603362
:10E220009B0001221A6070470B4A136823F0030316
:10E2300003431360094B1A69012942F004021A6171
:10E2400005D130BF1A6922F004021A61704740BF3D
:10E2500020BF20BFF6E700BF0070004000ED00E0E7
:10E26000054A136843F002031360044A136943F03C
:10E270000403136130BF70470070004000ED00E000
:10E2800038B50E4B0E4C4FF4007292FAA2F2B2FA6D
:10E2900082F2D3189B0001221A600BF0C5F90546E3
:10E2A00063681B0701D5002038BD0BF0BDF9401B8A
:10E2B000B0F57A7FF4D90320F6E700BF2080831001
:10E2C000007000404FF4007393FAA3F3B3FA83F3A2
:10E2D00003F1845303F560339B0001221A607047F9
:10E2E000524B1A6802F00F028A422DE9F0410446AF
:10E2F0000D4605D219701B6803F00F038B4213D132
:10E300002268960706D54A49A0688B6823F0F00377
:10E3100003438B60D00727D56268454B012A06D19D
:10E320001B6813F4003F0CD10120BDE8F081911E61
:10E3300001291B6802D813F0007FF4E713F0020FE5
:10E34000F1E73B4EB36823F003031343B3600BF0D4
:10E350006BF96368012B074641F2883841D1B368F5
:10E3600003F00C03042B35D1304B1A6802F00F0276
:10E37000AA4205D91D701B6803F00F03AB42D3D12D
:10E380002268510706D52A49E0688B6823F4E053D8
:10E3900003438B60130707D5254A2169936823F44B
:10E3A000604343EAC103936000F02CFB204B9B6861
:10E3B000F02203F0F00392FAA2F2B2FA82F2D34012
:10E3C0001C4AD35CD8401C4B18600020FDF7A0FE0F
:10E3D0000020AAE70BF028F9C01B4045BFD9032055
:10E3E000A3E7022B0AD1B36803F00C03082BBBD0C0
:10E3F0000BF01AF9C01B4045F5D9F0E7032B0FD1FC
:10E40000B36803F00C030C2BAED00BF00DF9C01B5E
:10E410004045F5D9E3E70BF007F9C01B4045DED8CE
:10E42000B36813F00C0FF6D19EE700BF003C02402A
:10E43000003802404896050870040020014B186817
:10E44000704700BF70040020084B1868084B9B6899
:10E450004FF4E05203F4E05392FAA2F2B2FA82F2DD
:10E46000D340044AD35CD840704700BF70040020FA
:10E470000038024040960508084B1868084B9B6816
:10E480004FF4604203F4604392FAA2F2B2FA82F2CD
:10E49000D340044AD35CD840704700BF70040020CA
:10E4A000003802404096050803682DE9F74313F051
:10E4B000010604460BD0B749866BD1F88C2022F0B8
:10E4C000C0623243B6FA86F6C1F88C2076099A0704
:10E4D0000CD5B048E16BD0F88C2022F0C0520A4332
:10E4E000C0F88C20002908BF46F0010613F004058F
:10E4F00012D0A849256BD1F88C20B5F5801F22F4E5
:10E50000401242EA050218BFB5FA85F5C1F88C2021
:10E5100012BF6D09002501261F0710D59D48616BAC
:10E52000D0F88C2022F440020A43B1F5800FC0F8E5
:10E530008C2000F0B881002908BF45F0010598063D
:10E540004ED500230193934B934F1A6C42F08052A7
:10E550001A641B6C03F080530193019B3B6843F4E6
:10E5600080733B600BF060F880463B68D90540F152
:10E570009C81884F3B6F13F440731BD0226C02F4D4
:10E580004072934216D03B6F844A0121C2F8401E6C
:10E5900023F440730021C2F8401E3B673B6FDA074B
:10E5A00008D50BF041F841F2883980463B6F9B0754
:10E5B00040F18681236C03F44072B2F5407F754AC6
:10E5C000916808BF23F0704021F4F81104BF20F4D3
:10E5D000407001439160116FC3F30B030B4313674A
:10E5E0002368DF0642BF6E4B94F85820C3F8E02141
:10E5F0002368180608D56749E06CD1F8942022F406
:10E6000040020243C1F89420590608D56149A06C24
:10E61000D1F8942022F080620243C1F89420DA05F8
:10E620000DD55C48616DD0F8942022F000620A4359
:10E63000C0F89420B1F1006F08BF45F001059F05B7
:10E6400008D55449606CD1F8942022F080520243DE
:10E65000C1F89420580540F13B814E49226DD1F814
:10E66000943023F000531343B2F1005FC1F89430AB
:10E6700040F0C281494B474E00229A660AF0D4FF0F
:10E6800007463368190100F1A4812168CA0701D542
:10E69000A36B1BB18B0736D5E36BA3BB3D4ED4E90F
:10E6A0000170D6F88430D6F8842003F440334FF458
:10E6B000403E47F6C0789EFAAEFE98FAA8F8BEFA39
:10E6C0008EFEB8FA88F823FA0EF302F0706200FAB0
:10E6D00008F04FF0706C9CFAACFCBCFA8CFC384330
:10E6E00022FA0CF203FA0EF3034302FA0CF21A4375
:10E6F00063694FF0E04090FAA0F0B0FA80F08340F8
:10E700001343C6F884304F0703D5236BB3F5801F3E
:10E7100005D00E074AD5636BB3F5800F46D11D4E69
:10E72000D4E90172D6F88400D6F8843000F4403081
:10E730004FF4403E47F6C0789EFAAEFE98FAA8F82D
:10E74000BEFA8EFEB8FA88F820FA0EF002FA08F245
:10E750003A4300FA0EF01043226903F0E0434FF011
:10E76000E04C4FF070679CFAACFC97FAA7F7BCFA44
:10E770008CFCB7FA87F723FA0CF3BA40024303FA8A
:10E780000CF31343C6F88430D6F88C20A36A22F029
:10E790001F0207E0003802400070004000004742BE
:10E7A00000104742013B1343C6F88C3048053DD565
:10E7B000236DB3F1005F39D1A668904F6368D7F835
:10E7C0008480D7F8842047F6C07E9EFAAEFEBEFA5B
:10E7D0008EFE06FA0EF646EA030EE66808F44033AB
:10E7E00076084FF4403C9CFAACFCBCFA8CFC23FA53
:10E7F0000CF3013E06FA0CF6013346EA0E0602F06F
:10E80000E0425B004FF0E0404FF0706E90FAA0F0F5
:10E810009EFAAEFEB0FA80F0BEFA8EFCC24003FA59
:10E820000CF3334382401A43C7F884200A052AD5E3
:10E83000D4E9011347F6C07292FAA2F2B2FA82F258
:10E84000934043EA0102E3685B08013B4FF4403127
:10E8500091FAA1F1B1FA81F18B40134322694FF093
:10E86000706191FAA1F1B1FA81F18A401A436369AA
:10E870004FF0E04191FAA1F1B1FA81F18B401343DD
:10E880005E4AC2F884305E4B5C4E01229A660AF002
:10E89000CBFE074633681B0121D40AF0C5FEC01B1E
:10E8A0000228F7D908E0012649E60AF0BDFEA0EBF0
:10E8B000080002287FF659AE032003B0BDE8F083BC
:10E8C0000AF0B2FEA0EB080048457FF66FAEF3E712
:10E8D000012E3FF4CFAEB3F5006F3FF4CBAE012D68
:10E8E00075D1474B454D00221A670AF09DFE06463A
:10E8F0002B689F0074D42068450701D5236B1BB19A
:10E9000001072ED5636B63BB3C49D4E90665D1F89A
:10E9100088304FF4403203F4403392FAA2F247F6C3
:10E92000C077B2FA82F297FAA7F7B7FA87F7D3401F
:10E93000BD4035439340626A2B434FF0706595FAB2
:10E94000A5F5B5FA85F5AA401A43C1F88820D1F893
:10E950008C30E26A23F4F853013A43EA0223C1F807
:10E960008C30C20529D5636DB3F1006F25D1D4E990
:10E97000066347F6C07090FAA0F0B0FA80F01F4D21
:10E98000834043EA0600236AD5F888205B0802F03A
:10E990007062013B4FF070614FF4403691FAA1F183
:10E9A00096FAA6F6B1FA81F1B6FA86F4CA40A34007
:10E9B00003438A401343C5F88830114B0F4C0122A2
:10E9C0001A670AF031FE054623689B000ED5002029
:10E9D00073E70AF029FEC01B02287FF652AE6BE7F0
:10E9E0000AF022FE801B022882D965E70AF01CFE8D
:10E9F000401B0228E8D95FE7012E6EE7003802408D
:10EA000000004742294B9A6802F00C02082A07D0FE
:10EA10000C2A2AD0264B2748042A18BF18467047CC
:10EA200059685A6812F4800F14BF2248204801F038
:10EA30003F01B0FBF1F1586847F6C072104092FAFE
:10EA4000A2F3B3FA83F3D840184B5B684FF440321B
:10EA500003F4403392FAA2F2B2FA82F2D3400133C5
:10EA600048435B00B0FBF3F0704759685A6812F4F2
:10EA7000800F14BF0F480E4801F03F01B0FBF1F1C9
:10EA8000586847F6C072104092FAA2F3B3FA83F3C3
:10EA9000D840064B5B684FF0E04203F0E04392FA47
:10EAA000A2F2B2FA82F24843D340DBE700380240D8
:10EAB0000024F40000127A000368F7B5DE0704466C
:10EAC00030D59E4B9A6802F00C02042A10D09A6846
:10EAD00002F00C02082A02D15B685D0208D4974B51
:10EAE0009A6802F00C020C2A0BD15A68500208D521
:10EAF000924B1B68990315D563689BB9012003B03D
:10EB0000F0BD6268B2F5803F40F0CC801A6842F4F4
:10EB100080321A600AF088FD884D06462B689A03F9
:10EB200040F1E48023689F072AD5844B9A6812F04D
:10EB30000C0F12D09A6802F00C02082A02D15B680E
:10EB40005E020AD57D4A936803F00C030C2B40F05B
:10EB5000D58053685D0200F1D18078490B68980731
:10EB600002D5E368012BC9D10B682069F82292FA1B
:10EB7000A2F2B2FA82F223F0F803904003430B6052
:10EB800023681B070FD562696D4B002A00F0F280E5
:10EB90000122C3F8802E0AF047FD684D06466B6FD0
:10EBA0009F0740F1E080236859072AD5002301938D
:10EBB000624B644D1A6C42F080521A641B6C03F075
:10EBC00080530193019B2B6843F480732B600AF000
:10EBD0002BFD06462B68DA0540F1DC80A368574D13
:10EBE000012B40F0DE802B6F43F001032B670AF00E
:10EBF0001BFD524D074641F288362B6F9B0740F1B3
:10EC0000F180A269002A4BD04C4DAB6803F00C0395
:10EC1000082B3FF473AF4A4B022A4FF000021A66EA
:10EC200040F0F5800AF000FD06462B68990100F1DE
:10EC3000E080D4E9073243EA0201636A47F6C07212
:10EC400092FAA2F2B2FA82F2934043EA0102A36A74
:10EC50005B08013B4FF4403191FAA1F1B1FA81F127
:10EC60008B401343E26A4FF0706191FAA1F1B1FA5F
:10EC700081F18A401A43236B304C4FF0E04191FA06
:10EC8000A1F1B1FA81F18B4013436B602C4B01224F
:10EC90001A660AF0C9FC054623689A0140F1B08063
:10ECA00000202CE7254DB2F5A02F2B6807D143F4A7
:10ECB00080232B602B6843F480332B602AE723F4F6
:10ECC00080332B602B6823F480232B60002A7FF491
:10ECD00021AF0AF0A9FC06462B689B037FF522AF03
:10ECE0000AF0A2FC801B6428F6D905E00AF09CFC1F
:10ECF000801B64287FF612AF032000E7E268104B08
:10ED000012B301221A600AF08FFC0C4D06462B68E4
:10ED100099070CD52B682169F82292FAA2F2B2FA6F
:10ED200082F223F0F80391400B432B6028E70AF0AE
:10ED30007BFC801B0228EAD9DEE700BF00380240D6
:10ED400000004742007000401A600AF06DFC364D2A
:10ED500006462B689A077FF513AF0AF065FC801B07
:10ED60000228F6D9C8E70AF05FFC801B02287FF66C
:10ED700016AFC1E7C3F8802E0AF056FC2A4D0646AE
:10ED80006B6F98077FF50FAF0AF04EFC801B0228CF
:10ED9000F6D9B1E70AF048FC801B02287FF61AAFCB
:10EDA000AAE7052B04D12B6F43F004032B671AE766
:10EDB0002A6F22F001022A672A6F22F004022A67D2
:10EDC000002B7FF414AF0AF02FFC41F2883607467F
:10EDD0002B6F98077FF515AF0AF026FCC01BB042D9
:10EDE000F6D989E70AF020FCC01BB0427FF605AFD8
:10EDF00082E70AF019FC801B02287FF616AF7BE73A
:10EE00000AF012FC401B02287FF646AF74E70AF0B6
:10EE10000BFC04462B689B017FF542AF0AF004FC13
:10EE2000001B0228F6D967E700380240026838B5AF
:10EE3000D36823F0A003D36004460AF0F5FB05462F
:10EE40002368DB689B0601D5002038BD0AF0ECFB87
:10EE5000401BB0F57A7FF3D90320F6E738B5036895
:10EE6000DA685206044601D5002038BD4FF0FF3263
:10EE7000DA600AF0D9FB05462368DB685B06F3D449
:10EE80000AF0D2FB401BB0F57A7FF5D90320ECE7FE
:10EE90000023092803D840EA0310C0B270470A389B
:10EEA0000133C0B2F5E72DE9F041037F012B06469F
:10EEB0000F464FF002052ED00168457701230377F6
:10EEC00038787D78BC788B6842BB13F0400308BF6C
:10EED000FB70FFF7DDFF80462846FFF7D9FF0246AB
:10EEE0002046FFF7D5FFFB7840EA034343EA084397
:10EEF00043EA0224CA234B6253234B623046FFF796
:10EF0000ADFF32680546B0B1FF2353620423737727
:10EF10000023337701252846BDE8F08113F0400334
:10EF200008BFFB702D02FA7845EA004545EA040364
:10EF300043EA0244DEE704F07F3424F0FE44146028
:10EF4000936823F480239360D7E9033091680343E7
:10EF50000B439360D36823F08003D360946814F06C
:10EF600020040AD13046FFF761FF30B13368FF2239
:10EF70005A62042373773477CCE73368FF225A62EE
:10EF80000123737700233377C5E7F8B5037F012B9F
:10EF900004464FF0020630D00123037746770D7800
:10EFA0004E788F78C8786D034ABBF30641BF26F0D0
:10EFB00010060A36F6B24E70FFF76AFF0146304679
:10EFC000FFF766FF02463846FFF762FF284340EA34
:10EFD000014040EA02252368CA225A6253225A623B
:10EFE0002046FFF73BFF2268064670B1FF235362BD
:10EFF000042363770023237701263046F8BD45EAD2
:10F0000000453D4345EA0625E5E725F07F4525F027
:10F01000C0055560D36823F08003D360956815F070
:10F0200020050AD12046FFF701FF30B12368FF22F7
:10F030005A62042363772577DEE72368FF225A624A
:10F040000123637700232377D7E7030903EB8303C7
:10F0500000F00F0000EB4300C0B270470368986AED
:10F0600070B5486018691C68C0F30E00C4F306450B
:10F07000C4F30626886005F04003C4F3054004F09D
:10F080007F0408704E708C70CB7052B9FFF7DDFFB3
:10F0900008703046FFF7D9FF48702046FFF7D5FFCC
:10F0A0008870002070BD38B503685B68C3F3074003
:10F0B000C3F3042503F03F04C3F34233C8704D701B
:10F0C0008C700B7052B9FFF7C0FFC8702846FFF76D
:10F0D000BCFF48702046FFF7B8FF8870002038BD9D
:10F0E0002DE9F0411F46037F012B04460E461546CD
:10F0F0004FF0020029D06077012320682377CA23CC
:10F10000436253234362C368DA0306D50AF08CFADC
:10F1100080462068C368DB0309D43D43FF233543A1
:10F12000C563436201230020637720770DE00AF076
:10F130007BFAA0EB0800B0F57A7FEAD92368FF22BA
:10F140005A620320002360772377BDE8F0812DE920
:10F15000F041069E0446884617461D46226893687D
:10F1600038EA03030CBF01230023BB4201D1002076
:10F170002BE06B1CF3D055BB23685A6822F0E002E9
:10F180005A606268B2F5827F0AD1A268B2F5004F78
:10F1900002D0B2F5806F03D11A6822F040021A60E3
:10F1A000A26AB2F5005F09D11A6822F40052120473
:10F1B000120C1A601A6842F400521A60012384F893
:10F1C0005130002384F850300320BDE8F0810AF06C
:10F1D0002BFA801BA842C1D3CEE713B50B46009291
:10F1E000802100220446FFF7B2FF20B1636D43F097
:10F1F00020036365032002B010BD704710B50446BC
:10F20000002834D00023836290F851301BB980F875
:10F210005030FFF7F2FF2168A269022384F85130D1
:10F220000B6823F040030B60D4E901300343E0682E
:10F2300003432069034360690343E0690343206A91
:10F240000343A06A034302F4007003430B60120CF3
:10F25000636A02F004021A434A60CB6923F4006334
:10F26000CB6100200123606584F8513010BD01207E
:10F27000FCE7704710B5044680B10268022380F8AD
:10F280005130136823F040031360FFF7F2FF0020B2
:10F29000606584F8500084F8510010BD0120FCE73F
:10F2A0002DE9F0431F4690F85030012B85B00446FD
:10F2B0000D46914600F09880012380F850300AF006
:10F2C000B3F994F85160012E804640F08B80002DF8
:10F2D00054D0B9F1000F51D0032384F85130A26803
:10F2E000256300236365C4E91033A4F83690A36353
:10F2F000E387A3872368A4F83490B2F5004F08BFD2
:10F300001A68E16804BF42F480421A601A68520623
:10F310005EBF1A6842F040021A60B1F5006F626881
:10F3200036D112B1E28E012A05D135F8022BDA600E
:10F33000E38E013BE386E38E93B9CDF800803B4634
:10F34000012202212046FFF702FFB0B942463946AA
:10F350002046FFF742FF002836D0202363650DE0EA
:10F3600023689A689007E0D43FB1791CE3D00AF093
:10F370005BF9A0EB0800B842DDD30326012384F833
:10F380005130002384F85030304605B0BDE8F0839A
:10F3900012B1E28E012A05D115F8012B1A73E38E02
:10F3A000013BE386E38E002BC7D023689A6892075F
:10F3B000F2D4002FE1D07B1CF4D00AF035F9A0EB99
:10F3C0000800B842EED3D8E7A36833B903932368A3
:10F3D000DA6803929B680393039B666D003E18BF37
:10F3E0000126CBE70226C9E70226CDE72DE9F04347
:10F3F000984690F8503085B0012B0C9F04460D467E
:10F40000164600F0D580012380F850300AF00CF940
:10F4100094F8511062680129814610D0B2F5827FBC
:10F4200001D1A3684BB10220012384F8513000239D
:10F4300084F8503005B0BDE8F0830429F3D1002DE5
:10F4400048D0002E46D0B8F1000F43D094F8513088
:10F45000A663012B04BF052384F8513000236365A4
:10F46000C4E910332368A4F83E80A4F836801968F4
:10F47000A4F83C80480658BF1968256358BF41F07E
:10F480004001A4F8348058BF1960E168B1F5006FFD
:10F490004BD112B1E28E012A05D135F8022BDA6088
:10F4A000E38E013BE3860123E28EAAB9E28F9AB98B
:10F4B000CDF800903B46012202212046FFF747FE8F
:10F4C00018BB4A4639462046FFF787FE002863D01E
:10F4D000202363650120A7E763B1E28E52B1226861
:10F4E0009168890706D535F8023BD360E38E013B6E
:10F4F000E3860023E28F52B99846781C13D00AF0B5
:10F5000093F8A0EB0900B8420DD303208CE72268E2
:10F51000916811F00108EFD0D36826F8023BE38F21
:10F52000013BE387E9E74346BEE712B1E28E012AD9
:10F5300005D115F8012B1A73E38E013BE3860123F5
:10F54000E28E12B9E28F002AB2D063B1E28E52B1DC
:10F5500022689168890706D515F8013B1373E38E7D
:10F56000013BE3860023E28F52B998467B1C05D00D
:10F570000AF05AF8A0EB0900B842C6D24346DFE7CA
:10F580002268916811F00108EFD0D36806F8013BBA
:10F59000E38F013BE387E9E7A368002B7FF444AFE7
:10F5A00023680390DA6803929B680393039B3BE70D
:10F5B00002203FE72DE9F3411E464368B3F5827F01
:10F5C00004460D4617460CD1836853B9042380F8CE
:10F5D0005130134600960A46FFF708FF02B0BDE817
:10F5E000F08194F85030012B79D0012384F8503009
:10F5F0000AF01AF8804694F8510001286DD1002DC8
:10F6000059D0002F57D0042384F85130A268A7871F
:10F6100000236365C4E91033E7872363E386A38689
:10F620002368A563B2F5004F02BF1A6822F4804236
:10F630001A601A6857065EBF1A6842F040021A60E4
:10F64000E368B3B1E38FBBB123689A68D20739D5B9
:10F65000DB6825F8023BE38F013BE387F2E7236891
:10F660009A68D0071DD51B7B05F8013BE38F013B52
:10F67000E387E38F002BF2D16368B3F5827F0BD170
:10F68000A368B3F5004F02D0B3F5806F04D12268B0
:10F69000136823F040031360606D003818BF012029
:10F6A00009E03EB1711CE4D009F0BEFFA0EB0800F8
:10F6B000B042DED30320012384F85130002384F8C4
:10F6C00050308BE7002EF5D0731CBBD009F0ACFF97
:10F6D000A0EB0800B042B5D3ECE70220EBE7022034
:10F6E0007CE7000010B590F85030012B044644D060
:10F6F000012380F8503090F8510098423BD1002906
:10F7000035D0002A33D0032384F8513000236365B9
:10F71000C4E91033E286A363E387A387A368A286C4
:10F720002268A06C2163B3F5004F02BF136843F455
:10F7300080431360124B0364124BC363124BC364C8
:10F74000002303650C32E38EFCF722FF23681A685E
:10F7500052065EBF1A6842F040021A605A6842F0D0
:10F7600020025A605A6842F002025A6000200023C8
:10F7700084F8503010BD0220F9E70220FAE700BFFC
:10F7800045F904088BF9040869F9040838B50446FA
:10F7900090F85000012861D0012084F8500094F8BE
:10F7A000510001280DD06568B5F5827F04D0022094
:10F7B000002384F8503038BDA568002DF7D1042807
:10F7C000F5D109B90120F3E7002AFBD0002BF9D0CD
:10F7D00094F85100A386012804BF052084F8510045
:10F7E00000206065E386E387A38794F851302163A6
:10F7F000042BC4E9100019BF19491A4B1A491B4BB5
:10F80000E06CA263C0E90F312168194BC364002585
:10F81000E38F05650C31FCF7BBFE2268A06C5368D2
:10F82000216B43F001035360E38E0C32C0E90F55A6
:10F83000C0E91355FCF7ACFE23681A6852065EBF98
:10F840001A6842F040021A605A6842F020025A6078
:10F850005A6842F002025A600020A9E70220AAE793
:10F860005DF904083DFA040851F90408EDF90408AB
:10F8700069F904081346826870B504460D465AB902
:10F880004668B6F5827F07D1042280F85120BDE892
:10F8900070400A46FFF77ABF94F85010012944D00F
:10F8A00094F851000121884284F850103BD1002D7A
:10F8B00035D0002B33D0042184F85110002161652C
:10F8C000C4E91011E387A186E1862168A387B2F518
:10F8D000004F08BF0B68E06CA56304BF23F48043AE
:10F8E0000B60134B0364134BC363134BC3640023BC
:10F8F00003652A46E38F0C31FCF74AFE23681A6839
:10F9000052065EBF1A6842F040021A605A6842F01E
:10F9100020025A605A6842F001025A600020002317
:10F9200084F8503070BD0220F9E70220FAE700BFEA
:10F9300051F90408EDF9040869F9040870477047A3
:10F940007047704708B5806BFFF7FBFF08BD704735
:10F9500008B5806BFFF7FBFF08BD704708B5806BEB
:10F96000FFF7FBFF08BD7047806B026808B553685E
:10F9700023F003035360436D43F0100343650123F9
:10F9800080F85130FFF7EFFF08BD37B50546846BAF
:10F9900009F04AFE2B681B68DB05024622D4216869
:10F9A0004B6823F002034B6020466421FFF715FCEF
:10F9B00018B1636D43F020036365A36833B9019305
:10F9C0002368DA6801929B680193019B0023E38618
:10F9D000012384F85130636D23B12046FFF7C3FF44
:10F9E00003B030BD2046FFF7A9FFF9E708B503468D
:10F9F000806B1B681B68DB051DD403685A6822F006
:10FA000003025A604268B2F5827F0AD18268B2F579
:10FA1000004F02D0B2F5806F03D11A6822F0400285
:10FA20001A600023C387012380F85130436D13B15E
:10FA3000FFF799FF08BDFFF782FFFBE738B50546E2
:10FA4000846B09F0F1FD2B681B68DB05024619D4B5
:10FA500064212046FFF7C1FB18B1636D43F020031A
:10FA600063652268536823F0030353600023E38631
:10FA7000E387012384F85130636D1BB12046FFF703
:10FA800072FF38BD2046FFF75BFFFAE7036A23F0F9
:10FA9000010370B50362036A446882690D6822F04D
:10FAA00073022A438D6823F002032B430C4DA842B6
:10FAB00003D005F58065A8420BD1CD6823F008037B
:10FAC0002B43D1E9055624F44074354323F0040355
:10FAD0002C43446082614A684263036270BD00BF88
:10FAE00000000140036A23F4807370B50362036A67
:10FAF0004468C2690D6822F073022A438D6823F4BA
:10FB0000007343EA05230D4DA84203D005F5806537
:10FB1000A8420DD1CD6823F4006343EA0523D1E95F
:10FB2000055624F44054354323F4806344EA051415
:10FB30004460C2614A68C263036270BD0000014054
:10FB4000036A23F4805330B50362036A4468C269D0
:10FB50000D6822F4E64242EA05228D6823F4005340
:10FB600043EA0533084DA84203D005F58065A84255
:10FB700004D14D6924F4804444EA85144460C26190
:10FB80004A680264036230BD0000014070470268A9
:10FB9000022380F83930136843F001031360012316
:10FBA00080F8393000207047022380F8393003682C
:10FBB000196A41F21112114208D1196A40F2444205
:10FBC000114202BF1A6822F001021A60012380F874
:10FBD0003930002070470368DA6842F00102DA60C9
:10FBE0001A6842F001021A6000207047704770479F
:10FBF000036889B1042907D01A6A22F001021A6247
:10FC00001A6A42F001021A621A6A22F010021A629B
:10FC10001A6A42F0100206E01A6A22F001021A6221
:10FC20001A6A42F001021A621A6842F001021A606E
:10FC300000207047704770477047704703681A6923
:10FC4000910710B504460ED5DA6892070BD56FF010
:10FC500002021A61012202769B699B0777D0FFF7A7
:10FC6000EAFF0023237623681A69500710D5DA6863
:10FC700051070DD56FF004021A61022222769B69AA
:10FC800013F4407F204668D0FFF7D5FF002323768A
:10FC900023681A6912070FD5DA6810070CD56FF0C0
:10FCA00008021A6104222276DB69990720465AD09D
:10FCB000FFF7C1FF0023237623681A69D20610D507
:10FCC000DA68D0060DD56FF010021A61082222768C
:10FCD000DB6913F4407F20464BD0FFF7ACFF0023D5
:10FCE000237623681A69D10708D5DA68D20705D5C3
:10FCF0006FF001021A61204602F0E0F823681A69E9
:10FD0000100608D5DA68110605D56FF080021A6171
:10FD1000204600F0D4FB23681A69520608D5DA6839
:10FD2000500605D56FF040021A612046FFF785FFA7
:10FD300023681A69910622D5DA6892061FD56FF0FA
:10FD4000200220461A61BDE8104000F0B7BBFFF763
:10FD500071FF2046FFF770FF83E7FFF76BFF204638
:10FD6000FFF76AFF92E7FFF765FF2046FFF764FFA2
:10FD7000A0E7FFF75FFF2046FFF75EFFAFE710BD8C
:10FD80002D4A0368904212D0B0F1804F0FD0A2F5F7
:10FD90007C4290420BD002F58062904207D002F57F
:10FDA0008062904203D002F57842904239D14A688D
:10FDB00023F070031343204A90421DD0B0F1804FCE
:10FDC0001AD0A2F57C42904216D002F58062904291
:10FDD00012D002F5806290420ED002F57842904235
:10FDE0000AD0164A904207D002F58062904203D0B2
:10FDF00002F58062904203D1CA6823F44073134332
:10FE000003608B68C3620B6883620B4B984203D01C
:10FE100003F58063984201D10B69036301234361B9
:10FE20007047074A9042E7D002F580629042E3D0E3
:10FE300002F58062D3E700BF0000014000180040D7
:10FE40000040014010B5044690B190F839301BB91C
:10FE500080F83830FFF79AFE0223206884F83930A2
:10FE6000211DFFF78DFF012384F83930002010BDDC
:10FE70000120FCE710B5044690B190F839301BB969
:10FE800080F83830FFF7B2FE0223206884F839305A
:10FE9000211DFFF775FF012384F83930002010BDC4
:10FEA0000120FCE7F8B505460C4600283ED090F846
:10FEB00039301BB980F83830FFF799FE2946022304
:10FEC00085F8393051F8040B836823F00703836009
:10FED000FFF756FF816822688369A669076A1143A4
:10FEE000A26823F4407323F0030342EA06221A4374
:10FEF0002369E6691B0143EA0623E6683343266A61
:10FF000022F47C4222F0FC0243EA06331343666982
:10FF10006268816027F0AA0742EA061283611743EC
:10FF20000123076285F839300020F8BD0120FCE785
:10FF300070B5046A194E24F0010404628469056AEC
:10FF4000B04224F0030426D0B0F1804F23D0A6F5B0
:10FF50007C46B0421FD006F58066B0421BD006F545
:10FF60008066B04217D006F57846B04213D006F549
:10FF70007056B0420FD0A6F59436B0420BD044F084
:10FF8000010425F00A0501F00A0163F3071429436F
:10FF90008461016270BD1443F3E700BF00000140BB
:10FFA000F8B590F83830012B04460D4617464FF04F
:10FFB000020016D084F83900D1E900122068EB68FD
:10FFC00087B9FFF7B5FF8369AA6823F00C03836143
:10FFD0008369134383610123002084F8393084F856
:10FFE0003800F8BD042FAE68056A1AD125F0100557
:10FFF00005628569076A25F44075090145EA02250D
:020000040805ED
:1000000027F0A00701F0A00163F30F3539438561A4
:100010000162836923F440638361836943EA0623B1
:10002000D8E7082F19D125F480750562C569076ADC
:1000300025F003050902154327F4206701F4206128
:1000400063F307153943C5610162C36923F00C03EB
:10005000C361C3693343C361BDE725F480550562BD
:10006000C569076A25F44075090345EA022527F4A6
:10007000204701F4204163F30F353943C561016224
:10008000C36923F44063C361C36943EA0623E2E71B
:10009000036A23F0100370B50362036A446882693F
:1000A0000D6822F4E64242EA05228D6823F020031F
:1000B00043EA05130D4DA84203D005F58065A8421B
:1000C0000DD1CD6823F0800343EA0513D1E905562D
:1000D00024F44064354323F0400344EA850444603B
:1000E00082614A688263036270BD00BF0000014004
:1000F00010B590F83830012B04464FF002000DD0B7
:10010000082A84F8390018D009D872B1042A10D00E
:100110000123002084F8393084F8380010BD0C2AFF
:10012000F6D12068FFF70CFDF2E72068FFF7AEFC80
:10013000EEE72068FFF7ACFFEAE72068FFF7D2FCA4
:10014000E6E738B590F83830012B04464FF002004E
:100150000DD0082A84F839003CD009D8D2B1042A3D
:1001600028D00123002084F8393084F8380038BDC5
:100170000C2AF6D12068FFF7E3FCC3690A6943F44F
:100180000063C361C36923F48063C361C36943EA45
:1001900002232DE02068FFF779FC83690A6943F0A8
:1001A00008038361836923F0040383618369134334
:1001B0008361D6E72068FFF76BFF83690A6943F420
:1001C00000638361836923F480638361836943EA05
:1001D0000223EDE72068FFF785FCC3690A6943F055
:1001E0000803C361C36923F00403C361C3691343F4
:1001F000C361B6E7036A10B501248C4023EA040307
:100200000362036A8A401A43026210BD08B500689F
:100210000122FFF7EFFF084B984203D003F58063FC
:10022000984203D1436C43F400434364036843F0B2
:1002300001030360002008BD00000140FFF7E6BF96
:10024000082908B5006826D016D8D9B104291ED0CF
:100250000122FFF7CFFF124B984203D003F58063D2
:10026000984203D1436C43F400434364036843F072
:1002700001030360002008BD0C29E9D1C36843F0E5
:10028000100302E0C36843F00203C360E0E7C36801
:1002900043F00403F9E7C36843F00803F5E700BF40
:1002A00000000140FFF7CCBF082908B500683BD02B
:1002B0002BD800292FD0042932D00022FFF79AFF33
:1002C0001B4B984203D003F5806398420DD1026A1C
:1002D00041F211131A4208D1026A40F244431A4211
:1002E00002BF436C23F400434364026A41F21113DA
:1002F0001A4208D1026A40F244431A4202BF03681C
:1003000023F001030360002008BD0C29D5D1C36888
:1003100023F0100302E0C36823F00203C360CCE7BC
:10032000C36823F00403F9E7C36823F00803F5E783
:1003300000000140FFF7B8BF006808B50122FFF7D1
:1003400059FF036843F001030360002008BD08293A
:1003500008B500681BD00BD881B1042913D0012245
:10036000FFF748FF036843F001030360002008BD66
:100370000C29F4D1C36843F0100302E0C36843F0D2
:100380000203C360EBE7C36843F00403F9E7C36803
:1003900043F00803F5E7082908B5006825D015D80B
:1003A000D1B104291DD00022FFF724FF026A41F2D7
:1003B00011131A4208D1026A40F244431A4202BFA2
:1003C000036823F001030360002008BD0C29EAD173
:1003D000C36823F0100302E0C36823F00203C36084
:1003E000E1E7C36823F00403F9E7C36823F00803D7
:1003F000F5E7036A10B504248C4023EA0403036282
:10040000036A8A401A43026210BD006808B50422DC
:10041000FFF7EFFF436C43F400434364036843F08A
:1004200001030360002008BDFFF7EFBF10B590F88F
:100430003830012B4FF0020318D080F839300368B0
:100440000C685A68496822F070025A605A68224360
:100450005A609A6822F080029A609A680A439A6009
:10046000012380F83930002380F83830184610BD59
:1004700090F83830012B1FD0CB688A6823F4407382
:1004800013434A6823F4806313430A6823F4006328
:1004900013430A6923F4805313434A6923F4005336
:1004A00013438A6923F440431343026853640023CF
:1004B00080F8383018467047022070477047704700
:1004C0002DE9F8430368C1681A69044622F44052D2
:1004D0000A431A612569A268D968C0692A43656917
:1004E00021F416412A4321F00C0102430A43DA6049
:1004F0005A69A16922F440720A43B0F5004F5A616B
:10050000824A40F08480934203D002F58062934295
:1005100049D1FDF7B1FF63684FF019095B0009FB92
:1005200000F7B7FBF3F7FDF7A7FF636809FB00F5DA
:100530005B00B5FBF3F5FDF79FFF63684FF06408C0
:100540005B0009FB00F0B0FBF3F0B0FBF8F008FB38
:100550001056FDF791FFB7FBF8F76368F6003236E7
:10056000B6FBF8F6760009FB00F55B0006F4F876BA
:10057000B5FBF3F5FDF780FF636822685B0009FBBC
:1005800000F0B0FBF3F0B0FBF8F008FB1053DB0019
:100590003233B3FBF8F303F0070303EB07133344E1
:1005A0009360BDE8F883FDF74FFF63684FF01909CA
:1005B00009FB00F75B00B7FBF3F7FDF745FF636846
:1005C00009FB00F55B00B5FBF3F5FDF73DFF636844
:1005D0004FF064085B0009FB00F0B0FBF3F0B0FBE8
:1005E000F8F008FB1056FDF72FFFB7FBF8F763682C
:1005F000F6003236B6FBF8F6760009FB00F55B0034
:1006000006F4F876B5FBF3F5FDF71EFFB4E7934269
:1006100002D03F4A934246D1FDF72EFF63684FF068
:1006200019099B0009FB00F7B7FBF3F7FDF724FF5F
:10063000636809FB00F59B00B5FBF3F5FDF71CFFB4
:1006400063684FF064089B0009FB00F0B0FBF3F017
:10065000B0FBF8F008FB1056FDF70EFFB7FBF8F7FC
:1006600063683601323609FB00F59B00B6FBF8F6ED
:10067000B5FBF3F506F0F006FDF7FEFE63682268B1
:100680009B0009FB00F0B0FBF3F0B0FBF8F008FBB7
:1006900010531B013233B3FBF8F303F00F03334362
:1006A00003EB07137CE7FDF7CFFE63684FF01909F2
:1006B00009FB00F79B00B7FBF3F7FDF7C5FE636886
:1006C00009FB00F59B00B5FBF3F5FDF7BDFE636884
:1006D0004FF064089B0009FB00F0B0FBF3F0B0FBA7
:1006E000F8F008FB1056FDF7AFFEB7FBF8F76368AC
:1006F000360109FB00F59B003236B5FBF3F5B6FB7E
:10070000F8F606F0F006FDF79FFEB7E7001001408F
:1007100000140140704710B5044630B390F83930EA
:100720001BB980F83830FFF7F5FF2268242384F8DE
:100730003930D36823F40053D3602046FFF7C0FE5E
:1007400023681A6922F490421A615A6922F02A0237
:100750005A61DA6842F40052DA6000202023E06334
:1007600084F8393084F83A3010BD0120FCE70000ED
:10077000084910B50C6924F440740C610C6944F408
:1007800040740C610C6944F001040C610260436028
:1007900010BD00BF003C0240074B1A6922F44072B2
:1007A0001A611A6942F400721A611A6942F0010270
:1007B0001A610160704700BF003C0240074B1A6994
:1007C00022F440721A611A6942F480721A611A693D
:1007D00042F001021A610180704700BF003C0240F4
:1007E000204BDA68D00606D51F49CA6942F01002CC
:1007F000CA611022DA60DA68910606D51A49CA6918
:1008000042F00802CA612022DA60164BDA6852060A
:1008100006D51549CA6942F00402CA614022DA606D
:10082000DA68100606D51049CA6942F00202CA61A8
:100830008022DA600B4BDA68D10507D50A49CA690C
:1008400042F00102CA614FF48072DA60DA689207FE
:1008500006D50549CA6942F02002CA610222DA605F
:10086000704700BF003C0240280A0020064B1A696E
:10087000002ABFBF054A5A6002F188320020B4BF87
:100880005A600120704700BF003C024023016745C9
:10089000034A136943F0004313610020704700BF0F
:1008A000003C02402DE9F0411F4E9846337E012B5B
:1008B00007460C46154634D001234CF250303376AF
:1008C00008F0B6FEA8B9C7B9184B1A6922F44072ED
:1008D0001A611A691A611A6942F001021A612570D7
:1008E0004CF2503008F0A4FE104A136923F00103C3
:1008F000136100233376BDE8F081012F04D1A9B242
:100900002046FFF75BFFEBE7022F04D12946204684
:10091000FFF742FFE4E72A4643462046FFF728FF59
:10092000DEE70220E7E700BF280A0020003C024083
:10093000074B1A6922F440721A611A6942F00402E4
:100940001A611A6942EA002242F480321A61704741
:10095000003C0240104B1A6922F440721A611A6975
:10096000022994BF09024FF440710A431A611A69BF
:1009700022F0F8021A611969F82292FAA2F2B2FA88
:1009800082F29040084340F0020018611A6942F474
:1009900080321A61704700BF003C0240144B1A6855
:1009A00091050FD51A6822F400721A601A6842F491
:1009B00000621A601A6822F400621A601A6842F42F
:1009C00000721A600A4B1A6852050FD51A6822F491
:1009D00080621A601A6842F480521A601A6822F41F
:1009E00080521A601A6842F480621A60704700BF31
:1009F000003C02403D4B4A6930B5D3F8004244F018
:100A00000104C3F80042D3F8004224F47C54C3F834
:100A10000042D3F800424D6A44EA0524C3F800427C
:100A2000D3F81C420120904024EA0004C3F81C4281
:100A3000CC69002C38D1D3F80C4224EA0004C3F866
:100A40000C42CB688C8844EA0344D30003F1804312
:100A500003F5C8430A88C3F840428C6842EA04425E
:100A6000C3F844228B69214A9BBBD2F8043223EAA3
:100A70000003C2F804320C691C4B74BBD2F8144258
:100A800024EA0004C2F814420A6A012A02BFD3F819
:100A90001C220243C3F81C22D3F8002222F00102D8
:100AA000C3F80022002030BD012CDBD1D3F80C426A
:100AB0000443C3F80C420B688C8844EA0344D30017
:100AC00003F1804303F5C8438A89C3F840428C6828
:100AD000C4E7D2F804320343CBE7012C02BFD3F8BA
:100AE00014220243C3F81422CEE700BF0064004082
:100AF000704770B50446002800F08E8090F83C30B6
:100B00001BB980F83D30FFF7F3FF022384F83C3037
:100B100023681A6822F002021A601A6842F0010281
:100B20001A6008F081FD064623685D6815F001052E
:100B300057D05A68D1076CD5A269012A1A680CBF30
:100B400042F0800222F080021A60E269012A1A68EB
:100B50000CBF42F0400222F040021A60226A012AD1
:100B60001A680CBF42F0200222F020021A60626A6A
:100B7000012A1A680CBF42F0100222F010021A601B
:100B8000A26A012A1A680CBF42F0080222F0080289
:100B90001A60E26A012A1A680CBF42F0040222F0CD
:100BA00004021A60D4E902210A4321690A436169F7
:100BB0000A43616801390A43DA611A6822F00102C6
:100BC0001A6008F031FD054623685A68D20714D42C
:100BD000586810F001001CD10123206484F83C30D7
:100BE0000AE008F021FD801B0A289DD9032384F820
:100BF0003C3084F83D50032070BD08F015FD401BCB
:100C00000A28E1D9032384F83C30002384F83D30DE
:100C1000F1E7042384F83C300120EDE7704710B57C
:100C2000044650B1022380F83C30FFF7F7FF002064
:100C300084F83C0084F83D0010BD0120FCE738B585
:100C4000054600240121084602F0BEF800210220DA
:100C500002F0BAF8FA2000F0D7FC0021012002F0DF
:100C6000B3F80121022002F0AFF80134FA2000F0BD
:100C7000CBFCA542E6D1BDE838400021022002F0BD
:100C8000A3B8000007B500231C4A00930446009B4C
:100C900093422BD30121084602F096F8012102204D
:100CA00002F092F80121032002F08EF801210420C5
:100CB00002F08AF80E211248104E00F0CFFB2046B9
:100CC000F9F794FF0146204600F0C8FB00242546B2
:100CD00004F00300013002F08BF80195019BB34250
:100CE00008D301340F2CF3D930BFF1E7009B013357
:100CF0000093CCE7019B01330193EFE780969800C6
:100D0000A9DE0508F8B5074606F0A8F9002842D084
:100D10000A2501240021012002F056F8002606F0E1
:100D20009DF980B10121084602F04EF8642000F0E0
:100D300081FC0021012002F047F80136C82000F0B4
:100D400079FCA642EBD14FF4C87000F073FC06F0BA
:100D500085F928B10134042C08BF0124013DD9D103
:100D6000022600250121084602F02EF8642000F03A
:100D700061FC0021012002F027F80135C82000F0B5
:100D800059FCA542EED14FF4C87000F053FC012E7F
:100D900002D00126E5E701243C70F8BD08B5012129
:100DA000084602F011F80021022002F00DF800219F
:100DB000032002F009F8BDE808400021042002F0F9
:100DC00003B8000010B50378022B04460AD00F4880
:100DD000FAF756FDC30517D420B902232370042067
:100DE000FFF72DFF0021012001F0EEFF002102207E
:100DF00001F0EAFF0021032001F0E6FF04200021BA
:100E000001F0E2FF002010BD0120FCE7B8DE05087C
:100E100010B50378022B02D00D4B1B7813B10024C0
:100E2000204610BD0B4BD3F8D80060B1E4F70EFCA0
:100E3000FAF726FD10F4807407D10028F0D10320C2
:100E4000FFF7FDFEECE70448F2E70124E8E700BF06
:100E5000190A0020BC040020C0DE050801234370ED
:100E6000704701230370704730B50B6803F0070427
:100E7000022C85B005D09C0712D11D680A4CA542F2
:100E80000ED10A4CC4F8D83003AB0193084B009341
:100E9000043101230138DDF7B5FC039BC4F810329F
:100EA000062005B030BD00BFE02F0608BC040020BE
:100EB00044900608032810B5044601D100F0CAFD8D
:100EC0000E4840F2EA61F3F7E1FD10F1130F10D183
:100ED000032C05D10A490B48D0F792FE002010BD23
:100EE00000F0B8FD0028F5D1044840F2EA61F3F7BC
:100EF000CDFD0028EED10120F1E700BF98BB060828
:100F0000C8DE0508E80E0608014608B5044605488F
:100F1000F4F7E8FA04482146DDF7B4FF0348FFF789
:100F2000B1FE00BFE0DE0508E80E060800DE050899
:100F30002DE9F04186B00746CFF764F8734B744A49
:100F40007449754C754DD21A1846F9F7C7FDA06063
:100F5000636943F40073636100F0EAFB704B1A6845
:100F600042F400721A601A6842F480621A601A68C9
:100F700042F480721A60E2686A4B22F4E062120462
:100F8000120C1343E3600020674CFBF7C1F8CFF766
:100F90005FF800F017FB01F003FF06F057F8F0F7D9
:100FA000CDFE002006F0CCF8EDF76EF804F000F866
:100FB0005E4B236023896FF3080343F4817300269B
:100FC00023810223E681238232463346CDE901663E
:100FD00000964FF4E131204603F0FAFF544A4FF4F3
:100FE0008271204604F043F90121204604F0C8F93B
:100FF000C5F89441C5F8A84103F082FB02F07CFFDC
:1010000006F06AFD05A88DF814708DF81560494F3B
:10101000494EFFF777FEBE1B05A8FFF7BFFE474806
:101020004749C5E90076CFF7EBF9DBF7ABFFF9F7F6
:101030001FFF02F011F905F037FF00F029FFF0F76C
:10104000FBFE05F083FA9DF81400FFF733FF58B15B
:1010500040F2EA61D5F83C01E1F775FDD5F83C01B5
:1010600040F2F261E1F76FFD002305A8C5F8D83022
:10107000FFF7A8FE012834D105A8FFF7EFFE9DF881
:1010800015301BB12F493048D0F7BAFD06F04EFDA0
:101090009DF815301BB12D492B48D0F7B1FDF0F765
:1010A000D1FEFAF721FC00F0FBFE04F057F903F043
:1010B000E7FC03F047FAECF771FF05F04FFAECF7A5
:1010C0003FF807F06FFBEDF71FFBF0F761FE05A897
:1010D000C5F8A841FFF7C5FECFF71CFBDBF7AEFF55
:1010E0009AE707F03FF805A8FFF792FE0128C3D062
:1010F000DFF85C8098F80030012B04D1FAF77EFA13
:101100000028F7D0B8E7FAF7FDFAF9E70000002069
:10111000700400200000000800ED00E0BC04002086
:10112000003C02400003FA054C0B0020846E0608C8
:10113000480A0020F8BF0120F8830120F40F0020A6
:10114000F87F0120FEDE0508E80E060815DF050819
:10115000190A0020114B020F9A5C0A70C0F3036257
:101160009A5C4A70C0F303529A5C8A70C0F30342DF
:101170009A5CCA70C0F303329A5C0A71C0F303220E
:101180009A5C4A71C0F3031200F00F009A5C1B5C7A
:10119000CB7100238A710B720846704727DF050860
:1011A0001FB50C46FAF790FC01A92046FFF7D2FFC5
:1011B000FAF78AFC0248FAF787FC04B010BD00BFBA
:1011C00048DE05087FB5374B1B6804460BB900F0B5
:1011D00099FA3548354DFAF777FC21683448FFF71E
:1011E000DFFF61683348FFF7DBFFA1683248FFF794
:1011F000D7FFE1683148FFF7D3FF21693048FFF797
:10120000CFFF30482146FFF7CBFF61692E48FFF73B
:10121000C7FFA1692D48FFF7C3FFE1692C48FFF71D
:10122000BFFFAE6A2B48E96AFFF7BAFF2A4831468A
:10123000FFF7B6FF320603D5696B2848FFF7B0FF0A
:10124000330403D5A96B2648FFF7AAFF254B9C4220
:1012500002D22548FFF716FD244B9C42F9D22448C0
:10126000FAF732FC234B9C422CBF234D04F180053E
:10127000A542EED921482668FAF726FC01A92046A6
:10128000FFF768FFFAF720FC1C48FAF71DFC01A9DC
:101290003046FFF75FFFFAF717FC1948FAF714FC1E
:1012A0000434E5E7700B002038DF050800ED00E0AE
:1012B00044DF05084BDF050852DF050859DF050844
:1012C00060DF050867DF05086EDF050875DF0508C4
:1012D0007CDF050883DF05088ADF050891DF050844
:1012E00098DF0508000000209FDF050800C00120EE
:1012F000A9DF0508F87F0120F8BF012088DD050877
:1013000048DE05081EF0040F0CBFEFF30880EFF372
:101310000980FFF757BF704708B50148FFF7B2FCD7
:10132000B2DF050808B50148FFF7ACFCBCDF0508D3
:1013300008B50148FFF7A6FCC5DF050870477047F0
:10134000102005F0C7BD112005F0C4BD152005F023
:10135000C1BD0000034AD36823F48063D360162024
:1013600005F0B8BD00280040092001F0B5BC08B563
:10137000012001F0B1FCBDE808400A2001F0ACBC3E
:101380000B2001F0A9BC012001F0A6BC022001F055
:10139000A3BC032001F0A0BC042001F09DBC000010
:1013A00008B5052001F098FCBDE808400148FEF7AB
:1013B00045BC00BFC00B0020062001F08DBC0720FB
:1013C00001F08ABC0C2001F087BC08B5082001F0B0
:1013D00083FCBDE808400D2001F07EBC082001F030
:1013E0007BBC0E2001F078BC08B5024B185CDCF722
:1013F00033FF00BF589006080B4B37B50546D3F8AE
:10140000A80148B103685A7C03EB820303211B69DE
:101410002A469C6801ABA04704462846F2F740FFE5
:10142000204303B030BD00BFBC04002010B50A4CFF
:10143000D4F8A80140B103F0B9FF28B1D4F8A8014D
:10144000BDE8104003F0DCBFF2F76CFF031E02DAC8
:10145000DDF715F8ECE710BDBC0400200E4B70B5AD
:101460000646D3F8A8010C4678B10A46314604F086
:1014700041F8012521463046F2F7B4FF002806DB8B
:10148000844228BF0446204670BD0546F2E7002D81
:1014900008BF0024F7E700BFBC040020084B1A680F
:1014A00012F001020BD10748D0F8FC1041F0807116
:1014B000C0F8FC105A601A6842F001021A607047C6
:1014C000001000E000ED00E0084A00F13F4000F5A8
:1014D0007E00116B800A012383400B4382B01363AB
:1014E000136B0193019B02B0704700BF00380240AC
:1014F0002DE9F041C46806890D46204698461746F6
:10150000FFF7E2FF25F00403022BC6F343160FD1C9
:10151000F10804EB810106F007030A6A9B000F2023
:10152000984022EA000208FA03F842EA08020A6236
:10153000206872000321914005F0030320EA0100B6
:1015400093400343236063680120B040AD0823EA61
:101550000003B5402B436360A368022023EA010324
:1015600090400343A360E368974023EA01033B43B1
:10157000E360BDE8F08170B50D46164619469DF84A
:101580001020044601F067FF30B1037A324620464E
:101590002946FFF7ADFF012070BDEFF3108372B64F
:1015A000002B14BF0E201E20704708B528B1086814
:1015B000DDF76CFE80F00100C0B280F310880620D9
:1015C00008BD0000034B00221A60034BF02283F891
:1015D00022207047780B002000ED00E0034A1368DA
:1015E00013B1002111601847704700BF740B002031
:1015F00004490868002804D04FF000020A60FFF791
:10160000EDBF7047780B002070B50546EFF31083EF
:101610004BB9074C26680120DCF736FF23689B1B7B
:101620009D42F8D870BDBDE87040FDF7EBB900BF32
:10163000240A0020EFF3108343B9054A11681368A8
:101640005B1A834200D3704730BFF8E7FFF7DCBF77
:10165000240A002038B505460C4607F0E5FF401B7C
:10166000844200D838BD30BFF7E70000014B18684E
:10167000704700BF240A002070B5EFF3108672B6E1
:101680004FF0E025AC6907F0CFFF2B6986F3108897
:10169000DB0302D5322C88BF01306B694FF47A72BC
:1016A0001C1B54430133B4FBF3F402FB004070BD38
:1016B00038B50446EFF3108343B9FFF7DDFF054665
:1016C000FFF7DAFF401BA042FAD338BDBDE838402F
:1016D000FDF798B9BFF34F8F0549064BCA6802F46E
:1016E000E0621343CB60BFF34F8F00BFFDE700BF45
:1016F00000ED00E00400FA050A6882F308884A68F1
:101700001047000008B5034B00200021C3E9000189
:10171000FFF7E0FFF8BF012008B541F4B461034BC7
:1017200041F00501C3E90001FFF7D4FFF8BF012034
:1017300038B5114BD3E9000100240025C3E9004569
:10174000C1F30B0240F2A5539A4214D10B4B5A6FCE
:10175000D20010D54FF080725A67A3F580336FF333
:101760000B011A6822F007021A601A6842F001029F
:101770001A60FFF7C1FF38BDF8BF012000380240F2
:1017800008B5022343600521FCF7AAFD10B9034BFD
:10179000186008BD6FF00400FBE700BF000047427F
:1017A0002DE9F04F95B082460C4616460193FDF7A1
:1017B00029F950456FD06649664BBAFBF3F301F146
:1017C0002C02009332F8025D0098EBB29842C0F010
:1017D0009580C5F301270137AD0A4FEA470769D065
:1017E000012D67D07B4303FB05F24FEAD20B4FF08C
:1017F00002093021B3FBF1F80520FFF705FFBAFB22
:10180000F4F40F2102914946012928BF0121012C3E
:10181000039155D9022C55D0042C55D9082C55D9F3
:10182000102C55D9402C55D9802C55D9B4F5807F32
:101830008CBFF021E021484804910909415C2AFA53
:1018400001F1B1FBF6F6012E48D9022E48D0042E44
:1018500049D9082E8CBF4FF4E0504FF4C050019B83
:10186000B1FBF3F10129059040D9022940D00429A8
:1018700041D908298CBF4FF4E0514FF4C051069173
:1018800002A80121FCF72CFD00283DD06FF00400D8
:1018900015B0BDE8F08FFCF7D1FDA0428BD1FCF76D
:1018A000D3FDB04287D1FCF7E7FD019B984282D17E
:1018B0000020EDE7A9464FF007084FF4A87B9BE70F
:1018C0000021B8E78021B6E79021B4E7A021B2E774
:1018D000B021B0E7C021AEE7D021ACE70020BEE7E1
:1018E0004FF48050BBE74FF4A050B8E70021C6E7A3
:1018F0004FF48051C3E74FF4A051C0E791427FF409
:1019000061AF6FF01500C3E74FF4A0210124CDE9CA
:101910000741102102220A900B9107A84FF4800181
:10192000CDE90D21CDE90F5BCDE91178FDF7C4F8C4
:1019300002460028AAD1B9F1020FB9D10099029448
:1019400002A8FFF71DFF002818BF6FF004009FE7F3
:101950007090060840420F004896050810B5EFF356
:10196000108472B6FCF7AEFC01210846FCF75CFC63
:10197000114B1A6842F480221A601A6842F48032CD
:101980001A601A689203FCD50C4B01221A660A4AA7
:1019900013689B01FCD5936823F0030343F0020313
:1019A0009360936803F00C03082BFAD1034B0022D9
:1019B0001A6084F3108810BD0038024000004742CE
:1019C00008B505F051FC104B10489A68CA215962BD
:1019D00053215962996821F470419960D96821F4C2
:1019E0007061D960016841F004010160996802F4F6
:1019F00070420A439A60FF225A62054B00225A60E5
:101A0000FCF72EFCFFF77EFE00280040007000402F
:101A1000002004E070B50E4C8CB00646022522680A
:101A20000A2302A93046F4F7CFFE40B9D4E90121D8
:101A300001AB02A8F5F733F802A8F5F726F9012D56
:101A400004F10C0401D10CB070BD0125E7E700BF23
:101A50009C90060830B50121ADF28C4D022001F0BA
:101A6000B3F907F0E1FD0024054682A8ADF80C4269
:101A700006F028FA4FF400730093224602AB0121CE
:101A800093A8F5F755FD044640B10D490D48D0F730
:101A9000B7F86FF012000DF28C4D30BD0A4993A8D3
:101AA000F5F7C2FC93A8FFF7B5FFC8212846FFF75A
:101AB000D1FD0220214601F087F92046EBE700BF67
:101AC000D0DF0508E80E060829DD0508036942791C
:101AD000DB6A32B99BB2826932F0100208BF01336F
:101AE00001E05A1CF7D118467047012870B50C6800
:101AF0000E460DD12369D86A6379002B4FF6FF7328
:101B000018BF4FF0FF33BDE870401840E0F768BDE4
:101B10004868DDF777FA63794FF6FF75002B08BF49
:101B20002A46236918BF4FF0FF321040D862706810
:101B3000DDF768FA6379002B18BF4FF0FF352840B6
:101B4000E061062070BD012810B50C6806D123693C
:101B5000986ABDE8104080B2E0F742BD4868DDF702
:101B600051FA236980B29862062010BD012810B591
:101B70000C6805D12369BDE81040586AE0F730BD14
:101B80004868DDF73FFA23695862062010BD012836
:101B900010B50C6811D16268217A136903EB8103D7
:101BA000BDE81040186B5379002B4FF6FF7318BF38
:101BB0004FF0FF331840E0F713BD4868DDF722FA15
:101BC0006368217A5A791B69002A03EB81034FF677
:101BD000FF7218BF4FF0FF3210401863062010BD8F
:101BE00013B54B684C7A1A79044B53F83430009390
:101BF0000B7A0349D0F704F802B010BD1C95060813
:101C0000F4DF050838B50546012303FA01F12B6915
:101C10001C69104604EA0102A14312D1D96801EA05
:101C200002048A430DD1E4432A7B1C612946F9F75B
:101C30007FFB002805DA0623AB602B69DA681440C5
:101C4000DC6038BD062938B504460D4607D1026967
:101C5000D36823F00103D3608160062038BD0846B5
:101C6000DDF754F9A8B12369DA6822F00102DA60DD
:101C70006FF00102A56004F110001A61FDF794FFF6
:101C800004F11000FDF7A7FF94F94C00FAF74CFCA3
:101C9000E3E70148DCF7BCF820E00508062938B581
:101CA00004460D460BD14368007A19690122CB68BE
:101CB000824023EA0203CB60E560062038BD084677
:101CC000DDF724F9002845D06268207A1169E560C3
:101CD00001238340DB430B611379012B16D11B20B9
:101CE000FAF722FC637A072B16D8012B6068217A59
:101CF00023D9013989001030FEF7D6FA217A6068BD
:101D0000013989001030FEF79BFAD6E7082B14BF83
:101D100092F94C002E20E3E7082BCED1217A60689F
:101D2000013989001030FEF736FB217A60680139ED
:101D300089001030FEF70BFBBFE701398900103036
:101D4000FEF7F8FA217A6068013989001030FEF751
:101D5000A9FAB2E70148DCF75BF800BF20E005080C
:101D600070B5054606210026FFF76CFF2C6D2E6529
:101D700034B92B6985F8494006201C621C6070BD8F
:101D800020460621FFF78AFF236926611C46EFE7FC
:101D90008B0710B50446084621D10A68194B9A42B0
:101DA0001DD1DDF785F9B5EEC00AF1EE10FA02D8C3
:101DB0000024204610BDDFED147AB4EEE70AF1EE00
:101DC00010FAF6DA80EE277A07EE904AF8EE677A94
:101DD00027EE277AFCEEC77A17EE904AE9E7DDF79F
:101DE00011F90028E4DD6328E3DC084B9C4298BF2E
:101DF00044434FF064038ABFB4FBF3F4B4FBF3F441
:101E00004443D6E7802306080000C842285C8F02BE
:101E100070B50C68656806462846FFF757FE012E28
:101E200020D1227A2B699FED190A03EB82036A798C
:101E30001B6B002A4FF6FF7218BF4FF0FF321340A2
:101E400098420BD907EE903A07EE100AF8EE677A3F
:101E5000B8EE477A67EE807A87EE870ABDE8704071
:101E6000DFF750BB4968FFF793FF6268217A537927
:101E70001269002B02EB81024FF6FF7318BF4FF07F
:101E8000FF3303401363062070BD00BF0000C8424B
:101E9000024838220021F8F76BBE00BF7806002008
:101EA00038B5054D002455F8040F08B1FFF758FF69
:101EB00001340E2CF7D138BD74060020024B984235
:101EC00001D106F081B97047C00B0020034B0138E7
:101ED00053F8200020F0FF00704700BFE49406088C
:101EE00001388EB00D281BD8DFE810F00E001C0062
:101EF00029003600430050005D006A00770084002E
:101F000091009E00AB00B800002300935A4B5A6C1E
:101F100042F001025A645B6C03F001030093009BE2
:101F20000EB0704700230193534B1A6C42F001022C
:101F30001A641B6C03F001030193019BF0E700237B
:101F400002934D4B1A6C42F002021A641B6C03F0B0
:101F500002030293029BE3E700230393464B1A6CB0
:101F600042F004021A641B6C03F004030393039B06
:101F7000D6E700230493404B1A6C42F008021A641F
:101F80001B6C03F008030493049BC9E7002305932B
:101F9000394B1A6C42F010021A641B6C03F01003E8
:101FA0000593059BBCE700230693334B1A6C42F064
:101FB00020021A641B6C03F020030693069BAFE714
:101FC000002307932C4B5A6C42F002025A645B6C5C
:101FD00003F002030793079BA2E700230893264B15
:101FE0005A6C42F480325A645B6C03F48033089379
:101FF000089B95E7002309931F4B5A6C42F400326B
:102000005A645B6C03F400330993099B88E700234F
:102010000A93194B5A6C42F480225A645B6C03F4A5
:1020200080230A930A9B7BE700230B93124B1A6CC5
:1020300042F040021A641B6C03F040030B930B9BAD
:102040006EE700230C930C4B1A6C42F080021A646A
:102050001B6C03F080030C930C9B61E700230D9332
:10206000054B1A6C42F480721A641B6C03F4807383
:102070000D930D9B54E700BF00380240142808B5AB
:102080000CD80A4BC340DB0708D5FCF7F5F9084B21
:102090009B6803F4604303B1400008BDFCF7D4F92A
:1020A000034B9B6803F4E053F5E700BF020F1000F9
:1020B0000038024037B5144B144D002401941A6CBB
:1020C00042F008021A641B6C03F008030193019BA1
:1020D0000F4B602283F832233220FAF725FA0D4B9A
:1020E0002B60052040F2CF73EB60FFF7C7FF0A4B70
:1020F000B0FBF3F00138686028462C61AC6003B097
:10210000BDE83040FDF7B6BE00380240C00B0020ED
:1021100000E100E0000C0040A086010013B50023A0
:102120000193174B1A6C42F010021A641B6C03F0F7
:102130001003044601930620019BFFF79FFFA04276
:102140001BD30620FFF79AFF0123B0FBF4F0B0F594
:10215000803F0FD20B490C4A0A600138013BC8602E
:102160004B60084600230B618B60FDF76BFE054852
:1021700002B010BD40085B00E9E701231846E9E71B
:1021800000380240840B002000100040F8B50646DD
:1021900000790F461546FFF771FFBB070446384626
:1021A0003AD13A683D4B9A4236D1DCF781FFB5EE21
:1021B000C00AF1EE10FA33D905220123F7EE007AB6
:1021C0000A21B2EE047AB4EEE70AF1EE10FA03D572
:1021D000013A1DD142F2107307EE904AF8EE677A89
:1021E00087EE807AFCEEC77A17EE900A72790128A2
:1021F00038BF0120002A49D1294C2A4E03274FF02D
:10220000050CB0F5803F12D201384FF6FF7240E066
:1022100020EE070A4B43D6E7DCF7F4FE002802DC89
:102220002148DBF7F5FD0123B4FBF0F0DEE704FB0A
:1022300000F2B2F1333F08D803EB8302B2F5803FDE
:1022400003D8B0FBFCF01346DBE706FB00F2B2F16B
:10225000553F4FEA430106D8CA18B2F5803F02D86D
:10226000B0FBF7F0EFE7B1F5803F0A4601D8400830
:10227000E9E7B3F5803F07D0A0FB03301B0C43EA2E
:1022800000404FF48032DEE70848CAE701384FF0DB
:10229000FF320240581E2A6080B2F8BD8023060833
:1022A000CDCCCCCCABAAAAAA34E0050845D705080A
:1022B000012873B50E683FD1336972799D6ADC6A73
:1022C0003079002A4FF6FF7218BF4FF0FF321440EA
:1022D000FFF7D4FEADB26A1C631CB0FBF2F102FB47
:1022E0001104A4B107EE900AB8EE677A07EE902ABF
:1022F000F8EEE77AC7EE276A07EE903AB8EE670A7B
:1023000086EE800A02B0BDE87040DFF7FBB8B1FB93
:10231000F3F003FB101252B107EE901A07EE103AD9
:10232000F8EE677AB8EE470A87EE800AEAE702B06D
:10233000BDE87040E0F754B901AA49683046FFF79C
:1023400025FF3269019B90620620D362F36102B0DF
:1023500070BD08B50079FFF791FEBDE80840E0F7D1
:102360003FB9000038B5044600790D46FFF786FEF8
:1023700023699B6A9BB20133B0FBF3F42846DCF778
:1023800041FEC517A0FB0401034A002304FB05110D
:1023900006F0D0FF38BD00BF40420F0038B50C68D2
:1023A000012865681FD1227A2B69287903EB820303
:1023B0001C6B6B79002B4FF6FF7318BF4FF0FF3388
:1023C0001C40FFF75BFE2B6911499B6A9BB20133EE
:1023D000B0FBF3F20023A4FB010106F0ABFFBDE864
:1023E0003840E0F718B949682846FFF7BBFF626834
:1023F000217A53791269002B02EB81024FF6FF73A9
:1024000018BF4FF0FF3303401363062038BD00BFF1
:1024100040420F000000000038B5044600790D4628
:10242000FFF72CFE23699B6A9BB20133B0FBF3F4E8
:102430002846DCF7E7FDC517A0FB040104A3D3E998
:10244000002304FB051106F075FF38BDAFF30080D3
:1024500000CA9A3B000000002DE9F047804694B086
:10246000D1E9005089469246DCF7CCFD431E032B90
:10247000064604D9A2490246A248DAF7CCFE2C6DE2
:1024800000276CB9B8F1020F1DD1DAF80030072B24
:102490000DD8002C08BF0624204614B0BDE8F087F4
:1024A000237AB34200F0918127462469E9E754B1C9
:1024B00006212046FFF7F2FB0FB123693B61236938
:1024C0002B650023236102AB01938F4B009352468F
:1024D000092309F10801A8F10200DCF793F914209F
:1024E000CDF7C8FE0023C0F80A30C0F80E30438292
:1024F000864B0672C0E90035029B4372049E039B23
:10250000C360062E04462AD016F0030703D13268B2
:102510007F4B9A4202D07F48DBF77AFC2A79394612
:10252000304600F098FF28B92B79B2887A4975486F
:10253000DAF771FE794B42F25A48CDE90B360523A2
:10254000CDE90D8341F62A430F93037A5B0043F0F4
:1025500001030BAA022138461093DAF79CFF2B6D7A
:1025600023612C65627A05F110060B2A00F22B819B
:10257000DFE812F00C000C005B005B005B005B000E
:102580005B005B00A000DC00DC00DC00644B069913
:1025900003EBC20306295B680B9332D02846FFF792
:1025A00095FAFFF7F5FB0023CDE90E330D934FF4B9
:1025B000807E4FF40073CDE910E30C90227A013A4B
:1025C0000BA992003046FDF7BCFDE168062928D131
:1025D000217A013989003046FDF730FE2B69514AD6
:1025E000934204D002F5806293427FF455AF217A82
:1025F0000139890008293FF64FAF3046FDF714FF37
:102600004AE70799062903D02846FFF7ABFECAE739
:102610000899062903D02846FFF7FEFEC3E7059870
:10262000C1E72046FFF73AFBD8E73D4B03EBC20377
:102630000A9A5B680B93571C099B0C9308BF0022F6
:1026400000230F93D31A18BF0123DB000E934FF41E
:10265000807C4FF40073CDE910C332F002030D9279
:1026600001D0314908E7227A013A0BA9920030469D
:10267000FDF73EFDE168062918D1217A013989006C
:102680003046FDF7C3FD2B69264A934204D002F57C
:10269000806293427FF400AF217A013989000829D2
:1026A0003FF6FAAE3046FDF7B0FEF5E62046FFF7FE
:1026B000F5FAE8E70A9A511C4FF0000308BF002220
:1026C0000120CDE90C030E9332F002030B9201D0EE
:1026D0000A2AC6D1227A013A0BA992003046FDF7A8
:1026E0005FFCE168062906D1217A0139890030466C
:1026F000FDF722FED0E62046FFF7D0FACCE600BF79
:1027000041E005089C1F060870920608C894060858
:102710006499060850E005085CE005081C99060865
:102720001C9506080000014067E00508294B03EBF3
:10273000C2030A9A5B680B93531C4FF0010308BF56
:1027400000220D93119300230E9312930F93139372
:1027500032F002030C92109201D00A2A81D12B6927
:102760001D4A934215D0B3F1804F12D0A2F57C429E
:1027700093420ED002F5806293420AD002F5806245
:10278000934206D002F57842934202D02A79134947
:1027900072E6DA6822F00102DA600BA93046FDF732
:1027A00081FB2B6900225A62AA68062A06D06FF0C4
:1027B00001021A61DA6842F00102DA60182130463B
:1027C000FDF716FA68E6064956E6B8F1020F7FF4FF
:1027D0006FAE5AE61C9506080000014077E0050838
:1027E0008BE0050838B50C68012865681FD1227A8E
:1027F0002B69287903EB82031C6B6B79002B4FF656
:10280000FF7318BF4FF0FF331C40FFF737FC2B69F5
:1028100011499B6A9BB20133B0FBF3F20023A4FB86
:10282000010106F087FDBDE83840DFF7F4BE4968D6
:102830002846FFF7F1FD6268217A53791269002B6F
:1028400002EB81024FF6FF7318BF4FF0FF330340D6
:102850001363062038BD00BF00CA9A3B2DE9F04F34
:1028600097B00446084611461A460CAB0193874BB5
:1028700000930A23DBF7C6FF0C99062914D004F154
:102880001C022046FFF782FC6061109AA26132F0C0
:1028900010037DD022F04003202B79D0402A77D03E
:1028A0007B497C48DAF7B7FCDDE90D355E1C04D0C6
:1028B000681C6AD06361E561E7E7691C65D020792F
:1028C0000F9EFFF7DBFB002D01DD002E02DC7248BE
:1028D000DBF79EFA3246F317A5FB000106F02AFD4E
:1028E00094F8059006460F46B9F1000F1BD04FF043
:1028F000FF3800230393012543F2333A45F2555B39
:10290000039BB045BB4112D3B9F1000F4FF6FF73E3
:1029100006F1FF3618BF4FF0FF33013D1E40ADB248
:10292000E6616561B1E74FF6FF784B46E2E7554552
:102930000CD8052200233046394606F0FBFC1A432A
:1029400006D105EB850506460F46D9E75D450AD851
:10295000032200233046394606F0ECFC1A4302D12C
:1029600005EB4505EFE770086D0040EAC770A84227
:102970004FEA570171F100033CBF06F001063543F1
:10298000B5F5803FDFD94548A2E74548DBF71AFC9B
:10299000119B022B57D01A1F534253415B022179DE
:1029A0002362002363620846FFF79AFA05290CD0D8
:1029B00094F84C303B4A03F07F031344D0200129A4
:1029C00083F8000342D182F81B0304F1100630465D
:1029D000FDF738FA2369344A934203D002F5806246
:1029E00093421FD1DDE913571C22002105A8F8F7F7
:1029F000BFF8002D3FDD7F2D05DDFF2D2BDC6D1099
:102A0000403D45F080050895002F38D0013F4FF438
:102A1000805318BF012709937F0305A930460A9701
:102A2000FDF726FD22691299136843F080031360B5
:102A300006299DF85430237324D13046FDF7A7F8BA
:102A400017B0BDE8F08F4FF48073A8E7082908BFDE
:102A500082F82E03B9E7B5F5007F04DAED10203DCA
:102A600045F0C005CFE7B5F57C7F06DA2D11203D96
:102A700045F0E005C7E70025C5E7FF25C3E74FF4AC
:102A80000057CAE72046FFF7DDF8D9E7209206088D
:102A90008BE005089C1F060834E00508F3D70508FD
:102AA00097E0050800E100E0000001402DE9FF4744
:102AB00098460D4691464946264A2846DBF774FE5D
:102AC000D8F80000DCF79EFA421E0D2A07463CD8D3
:102AD000214E00F16D0306EB83067468FCB91F4BB1
:102AE000542053F822A0CDF7C5FB4E220446002106
:102AF0000630F8F73DF81A4B23601A4A277106236F
:102B0000A3602AF0FF03B3F1804F18BF9342236103
:102B10000CBF0123002384F84CA063717460012D65
:102B200002D8B9F1000F0CD008EB8502494601A884
:102B3000DBF701FF01AB08F10402691E2046FFF735
:102B40008DFE204604B0BDE8F087024606490748DE
:102B5000DAF761FBFFFF0300BC040020E4940608E1
:102B600038930608000C0040C7E005089C1F0608C3
:102B700010B50C4613460A1D411E2068FFF76EFE75
:102B8000062010BDF0B591F849300A7985B00546A8
:102B90000C462BB93B4905B0BDE8F040CFF730B843
:102BA0000B699E6ADF6A4B79002B10464FF6FF7364
:102BB00018BF4FF0FF331F40FFF760FAB6B27A1C20
:102BC00006FB0222B0FBF2F3A069227900283DD077
:102BD0002D49DFF8DCC0102808BF6146206AB0F537
:102BE000007F35D0B0F5807F14BF01200220CDE9F1
:102BF0000210CDE9006725492846CFF701F823697F
:102C0000234A934203D002F58062934217D15B6C52
:102C100019061FD403F07F021E492846CEF7F0FFA5
:102C200023695A6CD20428D55B6C1B4A1B4913F4E8
:102C3000005F1B4B284618BF1A46CEF7E1FF194923
:102C4000284605B0BDE8F040CEF725BC1649C5E7DB
:102C50000420CCE703F0C002802A04D103F03F0334
:102C600040335A00D8E703F01F0203F0E00320329C
:102C7000C02B0CBFD2001201CEE70C492846CEF77C
:102C8000BFFFDCE7CCE00508699C0508D6E0050835
:102C90000000014012E10508519C050820E10508EB
:102CA000489C0508DCE5050899A4050829E1050804
:102CB000B4A4050810B50446DCF7AAF8044B984202
:102CC00002D00448DBF7A4F804F1100010BD00BFE7
:102CD0003893060837E10508F8B5431E0D2B2CD8AC
:102CE000164B03EB8003D3F8B84134B3A26800213C
:102CF0002046FEF787FF0126256D374695B92369E3
:102D0000DA6822EA060212F0FF0216D0D968D04330
:102D100021EA0201D960186109490A48BDE8F84072
:102D2000CEF76EBFEA68297A2046FEF76BFF2B7A52
:102D30002D6907FA03F31E43E0E7F8BDBC04002049
:102D40003DE10508E80E06084A680149CEF758BF7C
:102D50006BE1050810B51C46084611464FF00212FB
:102D6000DBF722FD2068DCF74DF90128024603D08D
:102D700002490348DAF74FFA024810BD73E105082B
:102D80009C1F0608F09506080379012B04D1034B1C
:102D9000DA68DB881B0493610620704758C5060873
:102DA00070B5084CE5682846FEF78EFBE3881B04E7
:102DB000AB61002320461A46BDE870400121FEF7B2
:102DC00097BB00BF58C50608012805D1034BDA6838
:102DD000DB8801B91B049361704700BF58C5060822
:102DE00008B500790121FFF7EFFF062008BD0000BC
:102DF000012805D1034BDA68DB8851694B405361E8
:102E0000704700BF58C5060808B50079FFF7F0FF06
:102E1000062008BD012808D1054BDA68DB88526915
:102E2000134214BFFF20002070470020704700BFEE
:102E300058C506080029D4BF00210121FFF7C4BFEF
:102E40000B68012810B51C7906D12046FFF7E2FF78
:102E5000BDE81040DFF7C4BB4868DCF7D3F8014693
:102E60002046FFF7E7FF062010BD00000128044BB5
:102E700083BF4A68C3F8D4200620D3F8D400704733
:102E8000BC0400200128044B83BF4A68C3F8D0204B
:102E90000620D3F8D0007047BC040020C388C26865
:102EA0001B04936106207047C368C2889A6106209C
:102EB00070478088C00040F002007047007A00F040
:102EC0001F00400040F0010070470089C0F343102C
:102ED000400040F001007047C068400040F0010031
:102EE0007047007A400040F0010070474068C00021
:102EF00040F002007047C068400040F00100704799
:102F000008B500F092FA400040F0010008BD08B595
:102F100000F080FA400040F0010008BD08B500F064
:102F200065FA400040F0010008BD0021F8B50646F2
:102F30000846E0F799F8376905460024737AC3F329
:102F40004303A34201D82846F8BD07EB04112846E5
:102F5000DFF7F9FD0134F1E72DE9F041002180466A
:102F60000846E0F781F8B8F80410C90041F0020102
:102F70000746DFF7E8FD0C4BDC685B68083400258A
:102F8000C3F3DC06AE4202D83846BDE8F08154F8FF
:102F9000043C434504D154F8081C3846DFF7D3FD00
:102FA00001350834EEE700BF30BE060870B586B0C4
:102FB00003AB51F8045B01930B4B009304460323CE
:102FC00001381646DBF71EFC012C02D83368072BAC
:102FD00006D9039B9DF814200499284603F0BCFEF3
:102FE000062006B070BD00BF249606084A68014955
:102FF000CEF706BEA7E1050870B58A880D462A49B6
:103000000446CEF7FDFD284600F0F0F903280AD863
:103010000138022839D8DFE800F002352F0040F2ED
:103020004520002604E0112832D040F22D10012660
:10303000CEF751F801462046CEF72DFA284600F08B
:10304000E9F9012827D0022805D14FF42072174949
:103050002046CEF7D5FD26B3284600F0E6F9064611
:103060000146284600F00BFAC0B911493246204605
:10307000BDE87040CEF7C4BD0E492046BDE87040A3
:10308000CEF709BA4FF49670D1E740F20720C8E7AF
:103090004FF41170C5E740F28222D8E74268064932
:1030A000E5E70649E9E700BF7EE10508A0E105087C
:1030B000AEE1050898E10508B8E10508DCE505087A
:1030C000012905D002290CD04FF0FF32104670477D
:1030D000C3681A690389C3F34313DA4002F001029B
:1030E000F4E7C388C16812B18B610022EEE71B04CC
:1030F0008B61EBE7012810B5064C05D94868DCF771
:10310000C5F82070062010BD2378002B0CBF0E20C0
:103110001E20F8E7FC0B002070B50D460446114652
:10312000284602221E46DBF73FFB5DB9E3681869BB
:103130002389C3F34313D840400000F0020040F05D
:10314000010070BD3068DCF7A1F8E388E26810B1D7
:1031500093610620F5E71B04FAE710B40C460B1D3B
:103160000022411E206810BCFFF7D6BFF0B58DB01D
:103170000646084611461A4602AB01932A4B0093B5
:103180000523DBF73FFB029C032C18D9A4F11103A4
:10319000012B14D9254A24F4001393420FD002F5D1
:1031A000801294420BD0A2F57022934207D0204B9C
:1031B0009C4204D01F4922461F48DAF72CF8039896
:1031C000062807D0DBF71EFF02280246074602D971
:1031D0001A49F1E70027069D6B1C24F0100308BF75
:1031E000049D022B06D10D2D04D90F2D02D01449B8
:1031F0002A46E1E7F068FEF767F9059828B1DCF7A1
:1032000045F8F388F26868B19361F388F06809972C
:10321000CDE9073407A90223CDE90A35F9F770FB98
:103220000DB0F0BD1B04EFE7FC950608000011107F
:1032300000002210C6E105089C1F0608D0E1050821
:10324000DAE1050810B50C4613460A1D411E206838
:10325000FFF78CFF062010BD034B0622C3E9342282
:10326000024B00221A707047BC040020FC0B0020A7
:10327000F8B510F003043A4F064615D10268394BF1
:103280009A4211D13B7813B934462046F8BD3649ED
:103290003648CEF7B5FC21463046DBF7EBFD344926
:1032A0003248CEF7ADFCEFE7324DD5F8D400062812
:1032B00027D03146DAF7DCF80628044621D010F092
:1032C000030503D10268274B9A4202D02A48DAF755
:1032D0009FFD3B78002BD8D028492448CEF790FC9E
:1032E00030460121DBF7C6FD25492048CEF788FC92
:1032F00020460021DBF7BEFD1D491C48CEF780FCAF
:10330000C3E7D5F8D00006280CD00022314604309F
:10331000DBF73AFB30B1446824B13B78002BB4D0E2
:103320001849DAE71848314600F08DF8044620B114
:103330003B78002BA9D01549CFE71548314600F05E
:1033400082F8044620B13B78002B9ED01149C4E797
:103350003046E2F77BF9104902461048D9F75BFF87
:10336000FC0B002064990608E2E10508E80E060857
:1033700049DE0508BC040020F6E105080FE2050857
:1033800020E2050825E2050830BE060838E20508F7
:1033900080C0060848E2050856E205089C1F06089A
:1033A000F0B50C461E46174685B00F4A39462046F2
:1033B000DBF7FAF93068FFF75BFF012C054600D810
:1033C00077B106EB8402394601A8DBF7B4FA01AB0A
:1033D000321D611E2846FFF7C9FE284605B0F0BD24
:1033E000C068FEF771F8F8E7FFFF0300C1680289C3
:1033F0000B68C2F343125200D34003F003035A1E7A
:10340000012A05D84A68C188114218BF43F0100349
:1034100018467047C368DA680389C3F343135B0037
:1034200022FA03F000F0030070470389C168C3F378
:1034300000220832C3F3421351F822009B00D84007
:1034400000F00F00704708B500220430DBF79CFA4B
:1034500000B1406808BD30B5447A0369C4F3430441
:103460000020844202D80023184630BD5D7A8D4288
:1034700002D19D7A9542F7D001301033F1E710B5B3
:103480000369407A0022C0F34300904202D800232F
:10349000184610BD1C7A8C42FAD001321033F4E782
:1034A00038B5C3070C46154605D481070CD1026810
:1034B000084B9A4208D1DBF7A5FD01222870422370
:1034C000C4E90123256038BD21460522BDE8384006
:1034D000DBF7CABFE025060830B5C20785B0044651
:1034E0000D4605D483070ED102680C4B9A420AD1CF
:1034F0002046DBF787FD01462846CDF7D5FE0024A0
:10350000204605B030BD062201A92046DBF7ACFFFE
:10351000019BAB60029B6B60F2E700BFE0250608F1
:1035200037B5EFF3108472B61B4901230A680D68A2
:1035300083402B430B6084F31088072817DCD2B23A
:103540009AB9164B1A6B12F400120ED100921A6B34
:1035500042F400121A631B6B03F400130093009BE8
:103560000F4B4FF0FF321A605A6003B030BD12F4B7
:103570007F4FFAD1094B1A6B12F48002F5D10192F8
:103580001A6B42F480021A631B6B03F480030193ED
:10359000019B044BE5E700BF000C0020003802400F
:1035A000040C00200C0C002007280849D4BF00227E
:1035B000012201238B54064A0649116006490A6814
:1035C000834022EA03020A60704700BFFE0B00201E
:1035D0007C0B0020DD350508000C0020124B1A88FA
:1035E00002B310F0060F1DD1C0F3C0001A5CCAB1BF
:1035F0001A5C0132D2B2082A1A5413D90B4A0C4968
:10360000126851F820100A400AD11A54094B1A6B5B
:1036100018B922F400121A63704722F48002FAE704
:1036200001221A54704700BFFE0B0020000C00203E
:10363000BC99060800380240024B186808B1F8F738
:10364000E5BF7047140C0020024B586808B1F8F72A
:10365000DDBF7047140C0020024B986808B1F8F7E2
:10366000D5BF7047140C0020024BD86808B1F8F79A
:10367000CDBF7047140C0020024B186908B1F8F751
:10368000C5BF7047140C0020024B586908B1F8F709
:10369000BDBF7047140C0020024B986908B1F8F7C1
:1036A000B5BF7047140C0020024BD86908B1F8F779
:1036B000ADBF7047140C0020024B186A08B1F8F730
:1036C000A5BF7047140C0020024B586A08B1F8F7E8
:1036D0009DBF7047140C0020024B986A08B1F8F7A0
:1036E00095BF7047140C0020024BD86A08B1F8F758
:1036F0008DBF7047140C0020024B186B08B1F8F70F
:1037000085BF7047140C0020024B586B08B1F8F7C6
:103710007DBF7047140C0020024B986B08B1F8F77E
:1037200075BF7047140C0020024BD86B08B1F8F736
:103730006DBF7047140C0020F0B5CD6804469C4660
:103740000B6844F8043B06460F4696460FCD0FC45F
:103750000FCD0FC495E80F0084E80F007B68C6F812
:1037600008E07360C6F838C0F0BD00002DE9F041F4
:103770000F4616460021602205469846F7F7F8F9ED
:10378000BFB397F908403246394643462846FFF70B
:10379000D3FF194B204643F82450FFF7C1FE7A6847
:1037A000B6FA86F35B09C2F3426242EAC312134BD4
:1037B000134E195D914215D028461A55F9F77CF839
:1037C0002846F8F7FBFF335D03F07F0303F1604306
:1037D00003F56143502283F800233057BDE8F041E0
:1037E000F8F7A2BE012385F835302846F8F7D2FF56
:1037F000F3E7BDE8F08100BF140C0020040C0020AA
:10380000C499060810B5044678B190F90830074A03
:10381000D056F8F797FE94F90800054B0022BDE852
:10382000104043F82020FFF7BFBE10BDC499060822
:10383000140C002010B560B190F90810054C4368D5
:10384000625CC3F3426302F07F029A4204BFFF232B
:10385000635410BD040C002070B50546066890F94D
:1038600008000C46FFF75CFEEA686B68916A234328
:103870000B43D16A0B43D1690B43D1680B43916869
:103880000B433360D2E908321343736170BD70B5E6
:103890000468236823F0010323600546FDF7E6FE74
:1038A00006462368DB0704D5FDF7E0FE801B63288E
:1038B000F7D9002323606360212363612846BDE8B4
:1038C0007040FFF79FBF000070B590F90840006896
:1038D000072C86BF083C0F4D0F4D032C88BF043CBE
:1038E0004FF0060604FB06F694BF08350C35012C94
:1038F00088BF04363D24B4402C60046824F480243E
:10390000046043608260C160036843F001030360A8
:1039100070BD00BF006402400060024000F14043FF
:103920002DE9F041A3F5A84305460E469C0A05F093
:103930007BFE0B4F80466B69334201D000200DE0C7
:1039400005F072FE37F81430A0EB08009842F2D36D
:103950002B6823F001032B606FF06D00BDE8F08150
:10396000560C0020F8B500F14043A3F5A8430446E7
:103970009D0A05F059FE0C4E0746206810F40070B1
:1039800004D1236823F0010323600CE005F04CFE12
:1039900036F81530C01B9842EFD3236823F001039B
:1039A00023606FF06D00F8BD560C00202DE9FF413B
:1039B000044604F14046A6F5A846B60A771C1D4603
:1039C000FFB201230846904600971A460621FDF7EC
:1039D000D2FD20B94FF0FF3004B0BDE8F0810123E3
:1039E00000971A4606214046FDF7C5FD0028F1D094
:1039F000214BBDF8282023F81620204B4FF400124D
:103A0000196AB24011431962196A21EA0201196266
:103A1000196C0A431A641B6C0393039BFAF714FD99
:103A200000222260164BB0FBF3F36360A260E260F9
:103A3000144A1549AA4228BF2A468D4200F1FF3098
:103A40000CD85200B0FBF2F00130042838BF04203B
:103A5000E0610133002023626062BDE719214A431F
:103A6000B0FBF2F0013040F4404003EB43030A2284
:103A7000E061B3FBF2F3ECE7560C002000380240A3
:103A800040420F00801A0600A0860100F8B51E46CD
:103A900003689DF818C00D46D9070446174613D48D
:103AA0008369DA0710D52A4900F14043A3F5A843FA
:103AB0000A6A9B0A4FF4001000FA03F31A430A62E1
:103AC0000A6A22EA03030B6215B1BCF1000F3BD076
:103AD000C4F808C0236843F001032360236843F45B
:103AE0008073236001212046FFF718FF10B16FF0AB
:103AF0006D00F8BD45EA4707276140F202412046C4
:103B0000FFF70CFF0028F2D163695B0509D5236834
:103B100043F4007323602046FFF724FF6FF0120088
:103B2000E7E72DB1012E236804D823F480632360D6
:103B3000A369DEE7022E04D143F400632360236807
:103B4000F3E743F48063F2E76FF01500D1E700BFBD
:103B5000003802402DE9F04104460D4698461AB956
:103B60006FF01500BDE8F081012BF9D0D718012FB7
:103B700014D1036843F4007303604021FFF7CEFEC5
:103B800010B16FF06D00EDE723692B70B8F1000FF5
:103B900024D12046BDE8F041FFF7E4BE8E18042191
:103BA0002046FFF7BBFE0028EBD1022F08D1236887
:103BB00043F40073236023692B7023696B70E5E77E
:103BC000032F02BF236823F480632360236905F871
:103BD000013BB54207F1FF37E1D1D7E70020C1E74C
:103BE0002DE9F04188464FF49061054617461E4680
:103BF000FFF794FE044628B16FF06D042046BDE83F
:103C0000F0810134BC420CD018F804302B6140F232
:103C100004412846FFF782FE0028EDD16B695B0561
:103C2000EFD5002EEAD1AB68002BE7D02B6843F428
:103C300000732B602846FFF795FE002818BF6FF031
:103C40006D04DBE708B500F00703022B05D08207FF
:103C50000AD102680B4B9A4206D1E1F7F7FC0A49F8
:103C600002460A48D9F7D7FADBF7CCF9431E062BF0
:103C7000024603D80E230341DB0701D40449F0E7D1
:103C800008BD00BFE02F060861E205089C1F06087A
:103C90006CE20508044B1B78DB0702D5034800F0F3
:103CA0005AB8012000F05CBC540C002000540040C5
:103CB000044B1B78DB0702D5034800F04CB8012009
:103CC00000F0BABC540C002000540040044B1B7898
:103CD0009B0702D5034800F03EB8022000F040BC2C
:103CE000540C002000580040044B1B789B0702D561
:103CF000034800F030B8022000F09EBC540C0020B5
:103D000000580040044B1B785B0702D5034800F0C5
:103D100022B8032000F024BC540C0020005C0040BA
:103D2000044B1B785B0702D5034800F014B803204E
:103D300000F082BC540C0020005C004040F2047390
:103D40004900436041F4804100238160C36040F238
:103D500001430360704738B54569436923F45F4305
:103D600043616B05044601D5EAF716F9A80706D5A5
:103D70006569A1692046C1F38001EAF73DF829068B
:103D800002D52046EAF7C4F86A0602D52046EAF7CB
:103D900055F8EB060BD56369236823F48063236031
:103DA0002046EAF7A7F8236843F48063236038BD10
:103DB00070B504460D4605F037FC06462046FAF776
:103DC00022FA202801D1002070BD05F02DFC801BB7
:103DD000A842F3D30320F7E74368DB68FE2B70B5F6
:103DE000064602D00C48DAF7EDF900210846DFF765
:103DF0003BF9102405467068C8230122A1B2FAF7E6
:103E000009F920B944F001012846DEF79CFE02348E
:103E1000F02CF0D1284670BD77E205084368DB68D6
:103E2000FE2B70B5064602D00A48DAF7CBF90846F1
:103E3000DBF7E8F84400A4B20A257068C8230A2218
:103E40002146FAF7E7F818B1013DF6D10E2070BD12
:103E50001E20FCE777E2050802685368D069D26942
:103E6000120454BF054A49F6404203F03F0353434E
:103E7000C0F30B00B3FBF0F0704700BF20A10700B8
:103E800010B504464868174A0368934212D002F5F9
:103E90008062934210D014498B420CBF0321002151
:103EA00090F83D2052B90A4620461049BDE810401E
:103EB000CDF7A6BE0121F3E70221F1E7C268FE2A91
:103EC00009D1FFF7C9FF0A46094903462046BDE864
:103ED0001040CDF795BE9B680A46C3F346030549DB
:103EE000F4E700BF00540040005C004089E2050890
:103EF00091E20508B6E20508054B064A1A60064B32
:103F000002F580621A60054B02F580621A60704704
:103F1000080D002000540040B40C0020600C00206C
:103F2000F0B53D4B984287B0054639D10023039345
:103F30003A4B3B4E1A6C3B4842F400121A641B6C1D
:103F400003F400130393039B0124E7B2012300222F
:103F500006210097FDF70FFB0097012300220621A1
:103F60003046FDF708FB2846F8F77CFF002850D1C3
:103F70002D4B1422013C02FB0434A068FFF75AFCCD
:103F8000E068FFF757FC2B68284A93422ED11F2088
:103F9000F8F7CAFA2020F8F7C7FA002007B0F0BDFA
:103FA000234B98420FD1002304931C4B214E1A6CD3
:103FB000214842F480021A641B6C03F480030493CA
:103FC000049B0224C1E71D4B98421FD10023059397
:103FD000124B1B4E1A6C1B4842F400021A641B6CF5
:103FE00003F400030593059B0324AEE7164A9342AE
:103FF00004D12120F8F798FA2220CCE7134A934203
:10400000CBD14820F8F790FA4920C4E76FF01500AB
:10401000C4E76FF00400C1E7080D0020003802403B
:10402000F0C3060804C40608A49C06080054004017
:10403000B40C002068C40608DCC30608600C00202D
:10404000C4C206081CC5060800580040005C0040B9
:1040500010B50446F8F779FF2368214A934214D13A
:10406000204B1A6A42F400121A621A6A22F40012F1
:104070001A621A6C22F400121F201A64F8F762FA0E
:104080002020BDE81040F8F75DBA174A934211D1DD
:10409000144B1A6A42F480021A621A6A22F48002ED
:1040A0001A621A6C22F4800221201A64F8F74AFA84
:1040B0002220E6E70D4A934211D10A4B1A6A42F4D4
:1040C00000021A621A6A22F400021A621A6C22F4BE
:1040D000000248201A64F8F735FA4920D1E710BDEC
:1040E000005400400038024000580040005C00408E
:1040F00038B50446322523689B699B070CD50120FF
:10410000FDF782FA013DF6D12046FFF7A1FF2046D8
:10411000BDE83840FFF704BF38BD00002DE9F0438B
:10412000A7B009AB51F8045B01932F4B0093013802
:104130000523DAF767FB6B68DB68FE2B02D02B48A0
:10414000DAF740F8099805AA06A9FFF7A9F90D9B27
:104150000A9C6868BDF82C60082B2B691B784FEA15
:104160004404A4B214BF1027012723B3EFF310882F
:10417000B8F1000F1FD10DF138090346A96840229C
:104180004846FFF7F3FA6868BDF81C30C0E90D989F
:104190000193069B009321463B463246F9F7F6FD14
:1041A000044620B90C996868FFF702FE0446A86827
:1041B000FFF728FB0CE00C9B0293BDF81C30019329
:1041C000069B009321463B463246F9F751FC0446D4
:1041D0002CB16868FFF78CFF2046FDF705F9062033
:1041E00027B0BDE8F08300BF409C060877E20508D1
:1041F0002DE9F047A6B009AB51F8045B0193314BB0
:10420000009301380523DAF7FDFA6B68DB68FE2BB3
:1042100002D02D48D9F7D6FF099805A9FFF75CF918
:104220000D9B0A9CBDF82C80082B2B691B784FEA4C
:1042300044040646A4B2686814BF4FF010094FF05A
:10424000010913B3EFF31087FFB90DF1380A0346E4
:10425000E9683A465046FFF789FA6868BDF81830B1
:10426000C0E90D7A0193079B009321464B464246D5
:10427000F9F71CFE044620B90C996868FFF798FD11
:104280000446E868FFF7BEFA0CE00C9B0293BDF809
:1042900018300193079B009321464B464246F9F79D
:1042A00075FC04462CB16868FFF722FF2046FDF735
:1042B0009BF81EB905A8E0F7CFFD0646304626B0AC
:1042C000BDE8F087409C060877E205082DE9F0413B
:1042D000A2B003AB51F8045B01932D4B009301385E
:1042E0000323DAF78FFA039806A9FFF7F5F82B698D
:1042F0001C7806466CB1EFF31087A7B90DF12808BA
:104300006B68E9683A464046FFF730FA6B68C3E9E4
:104310000D786868C368FE2B26D10499FE2904D164
:104320001C48D9F74FFF0024F3E74900089ABDF86D
:104330001C3089B25CB9059C0094F8F7F1FE044684
:10434000ECB16868FFF7D4FE2046FDF74DF8F9F7A9
:104350002DFA044620B905996868FFF729FD04463F
:10436000E868FFF74FFAEBE70899BDF81C201CB985
:10437000059BF9F7DFF8E2E7F9F708FBE9E71EB973
:1043800006A8E0F769FD0646304622B0BDE8F08198
:10439000809B0608DBE20508F0B5A3B004AB51F83A
:1043A000045B01932B4B009301380323DAF72AFABD
:1043B000049803AA07A9FFF773F82B691C7864B166
:1043C000EFF31086BEB90AAF6B68A9684022384681
:1043D000FFF7CCF96B68C3E90D766868C368FE2BFC
:1043E0002AD10599FE2908D114B1A868FFF70AFA65
:1043F0001948D9F7E7FE0024EFE74900079ABDF80E
:10440000203089B25CB9069C0094F8F7B7FD0446E9
:10441000ECB16868FFF76CFE2046FCF7E5FFF9F7A2
:1044200045F9044620B906996868FFF7C1FC0446BF
:10443000A868FFF7E7F9EBE70799BDF820201CB95A
:10444000069BF8F7CBFFE2E7F9F730FAE9E7062039
:1044500023B0F0BD689B0608DBE2050808B540689C
:10446000FFF7F6FD062008BD10B588B004460846E3
:1044700011461A4603AB0193174B00930523DAF755
:10448000C1F9039B606813B3049B5B00DBB2059A20
:10449000C360124B9A42D4BF426043609DF818201B
:1044A0004FF480438360036192010023C0E9063228
:1044B0004361036223699DF81C201A70FFF7C8FD51
:1044C0006068FFF72DFD20B14042D9F7C5FEFE23FD
:1044D000DDE708B010BD00BF409B0608801A06004B
:1044E000F0B51E460D46174685B00F4A0F4C3946AB
:1044F0002846DAF759F93068FFF7A4FB142301388E
:10450000012D03FB004400D85FB106EB850239465C
:1045100001A8DAF710FA01AB321D691E2046FFF739
:10452000A3FF204605B0F0BDFFFF0300A49C0608D2
:1045300010B50C4613460A1D411E2068FFF794FF74
:10454000062010BD38B5054D0424686808B1FFF792
:104550007FFD013C05F11405F7D138BDA49C060888
:104560000138022882B016D8304B53F82020136847
:10457000596911F0011F10D092F83D10526C212999
:1045800016BF42F0010202F0FE02D2B21A615A686E
:1045900042F400625A6002B07047586924490140F1
:1045A000F1B192F83D10222906D1518D012907D190
:1045B0001A6822F480621A609B690193019BEAE702
:1045C000528D022A07D11A6822F480621A601A6892
:1045D00042F400621A605A6842F480525A60EBE773
:1045E0005869144901400029D5D092F83D1021297D
:1045F000D1D1518D41B1516A481C5062097819617D
:10460000538D013B5385C6E7596821F4E061596039
:10461000D16A01291EBF196841F400711960002395
:1046200082F83E30202382F83D30B4E7349B060800
:1046300002000100040001000138022830D8194BA3
:1046400053F8203018481A685169014206D0186C96
:1046500040F0010018646FF48070506111F4813FE4
:1046600006D0186C40F0020018646FF400705061BE
:1046700011F4823F0AD0186C40F0040018641068EE
:1046800040F4007010606FF48060506111F4843F5A
:1046900006D0196C41F0080119646FF4006353618E
:1046A000704700BF349B0608000101000368054AFB
:1046B000934201D1F9F7C8BE034A9342FAD0F9F701
:1046C000DBBE00BF00380040003C004070B506462D
:1046D0000D461446EFF3108372B696F85120012A66
:1046E00003D183F31088002070BD30BF83F310889E
:1046F00004F09AFF401BA042ECD30320F4E7000033
:10470000074B084A1A60084BA2F578421A60074B1B
:1047100002F580621A60064B02F578421A60704713
:10472000640E0020003001400C0E0020B40D00206B
:104730005C0D002008B500F00703022B05D08307AD
:104740000AD102680B4B9A4206D1E0F77FFF0A4973
:1047500002460A48D8F75FFDDAF754FC431E052BE2
:10476000024604D80C214B430549CB580BB90549E7
:10477000EFE708BDE02F0608E3E205089C1F0608E6
:10478000F49C0608EEE205082DE9F8431F464B1C91
:10479000DDE908850A9E046891460AD1B2F1FF3F1F
:1047A0000BD02046FFF782FF09F1FF310144B1FB36
:1047B000F9F102291DD80023E361781C04D0003FE1
:1047C00018BF01277F002761B8F1FF3F04D0B8F17F
:1047D000000318BF01236361691C05D0A5F1100215
:1047E00055425541ED02E560731C18BF2662BDE8D5
:1047F000F883042901D80823DEE7082901D810230B
:10480000DAE7102901D81823D6E7202901D8202378
:10481000D2E7402901D82823CEE7802994BF30234E
:104820003823C9E72DE9F0438BB007680DF118086C
:10483000102206460D4640460021F6F799F93B68DE
:104840004C4A93423CD14C4B06934C4B07934C4BF8
:1048500008934C4B0993002302934B4B5A6C42F440
:1048600080525A645B6C03F480530293029B3B6951
:10487000464C002BA6EB0404454B4FEAA40403FB73
:1048800004F404F1010414BF4FF001094FF00209D0
:1048900085F00105E4B258F8250000285DD1013506
:1048A000042DF8D13846FAF7A9FC044600285DD15A
:1048B0007068FEF7BFFFB068FEF7BCFF204634E02B
:1048C000344A934214D1344B0693344B0793344B00
:1048D0000893344B0993002303932B4B1A6C42F437
:1048E00080421A641B6C03F480430393039BBEE76E
:1048F0002D4A934214D12D4B06932D4B07932D4BEC
:1049000008932D4B0993002304931F4B1A6C42F418
:1049100000421A641B6C03F400430493049BA6E753
:10492000264A934204D06FF015000BB0BDE8F08327
:10493000194B0693194B0793214B0893214B09936D
:1049400000230593104B5A6C42F400525A645B6C7E
:1049500003F400530593059B89E7009404234A461A
:104960000221FCF708FE002899D1DCE76FF0040073
:10497000DBE700BF00300140B8C4060858C5060890
:1049800044C5060830C5060800380240F49C0608F5
:10499000ABAAAAAA00380040C8C30608B4C30608D8
:1049A000A0C306088CC30608003C00406CC506087E
:1049B00068C4060854C4060840C406080034014010
:1049C000A8C50608E0C4060810B504682046FAF732
:1049D00051FC2368254A934211D1254B5A6A42F46F
:1049E00080525A625A6A22F480525A625A6C22F4F5
:1049F00080525A642320BDE81040F7F7A3BD1D4A3A
:104A000093420ED11A4B1A6A42F480421A621A6A11
:104A100022F480421A621A6C22F480421A64242022
:104A2000E9E7154A93420ED1114B1A6A42F400424B
:104A30001A621A6A22F400421A621A6C22F40042C4
:104A40001A643320D7E70D4A93420ED1084B5A6AB5
:104A500042F400525A625A6A22F400525A625A6C64
:104A600022F400525A645420C5E710BD00300140C2
:104A70000038024000380040003C00400034014053
:104A800038B5064C0625236813B12046FFF79CFF76
:104A9000013D04F10C04F6D138BD00BFF49C0608BA
:104AA0002DE9F04FB5B00446DDF8F88000680D46FA
:104AB00017461E46002B3ED1012903D0EFF3108389
:104AC000012B0CD14346AAB23946FAF7E9FB8346DB
:104AD000BBF1000F00F0BE805846FCF785FC0DF1DD
:104AE00070090346616848464022FEF73FFE23688E
:104AF000C3E9129604F098FD4FF6FF7982464D45C2
:104B00002E4628BF4E462068B2B23946FAF7EAFD73
:104B1000834648B9206842465146FFF7D7FD834691
:104B200030B9AD1B3744EAD16068FEF76BFECFE7C2
:104B30004FF0030BF8E7002A46D1012903D0EFF329
:104B40001083012B05D14346AAB23146FAF732FD54
:104B5000BDE74368B3F5827F07D104AF03466168C0
:104B600038464022FEF702FE206887641CAF0346E9
:104B7000A16800223846FEF7F9FD2368DF6404F0DF
:104B800053FD4FF6FF7982464D452F4628BF4F46CD
:104B90002068BAB23146FAF76DFE834648B92068FC
:104BA00042465146FFF792FD834650B9ED1B3E4405
:104BB000EAD12268926C12B16068FEF723FEA06809
:104BC000B3E74FF0030BF4E7012903D0EFF31083B1
:104BD000012B07D1CDF80080ABB232463946FAF747
:104BE00005FC74E70DF11009034661684846402250
:104BF000FEF7BCFD2368A168C3F848900DF1700969
:104C000000224846FEF7B2FD2368C3F84C9004F03A
:104C10000BFD4FF6FF7A03905545A94628BFD146B4
:104C200020681FFA89F332463946FAF7AFFD83460A
:104C30000028C1D1039920684246FFF747FD83460B
:104C400028B9B5EB09054F444E44E5D1B4E74FF020
:104C5000030BB1E735B0BDE8F08F00002DE9F3415B
:104C60000C68304B174622689A42054650D003F52F
:104C700080639A424ED003F578439A420CBF0422D7
:104C8000012229492846CCF7BBFF94F85130002B6C
:104C900037D06368B3F5827F3ED1E6692046FFF7DF
:104CA00005FDF608013620FA06F81FB11F4928460F
:104CB000CCF7A6FF1E4942462846CCF7A1FF2FB1EC
:104CC00001221C49B2402846CCF79AFFE168D4E99A
:104CD0000423002914BF10210821003B18BF012321
:104CE000003A009118BF012213492846CCF788FFEB
:104CF000A36AB3F5005F04D1E26A10492846CCF7F5
:104D00007FFF0F49284602B0BDE8F041CCF7C3BB96
:104D10000222B6E70322B4E70A492846CCF770FF1F
:104D2000D4E700BF00380040F9E2050800E30508B9
:104D300011E305081FE305083FE3050860E30508E4
:104D4000DCE505082EE3050810B588B003AB51F883
:104D5000044B01930A4B009301380223D9F752FD0B
:104D6000039802AA05A9FEF79BFB049B00936068C9
:104D7000DDE905210023FFF793FE062008B010BDF2
:104D8000949D060813B501F1640400944068FFF790
:104D900087FE02B010BD000030B591B003AB51F8F2
:104DA000045B0193204B009301380323D9F72AFDBC
:104DB000DDE90303984206AC19D121460722DAF750
:104DC00053FB94E8070009AB83E80700039C059BAD
:104DD0000093DDE90621099B6868FFF761FE1CB9B5
:104DE0000CA8E0F739F80446204611B030BD214642
:104DF00002AAFEF755FB049C44B907990CA8CCF70E
:104E000053FA0D9B0A930E9B0993E0E7062209A92A
:104E10002046DAF729FB0A9A079B9A4202D00348F8
:104E2000D8F7F6FF049CD2E7B49D06086BE30508AB
:104E300030B589B002AB51F8045B01930D4B009380
:104E400001380223D9F7DEFC04A90298FEF744FBDF
:104E5000039B00930446069B059968680022FFF7B0
:104E60001FFE1CB904A8DFF7F7FF0446204609B06F
:104E700030BD00BFA49D060808B54068FFF7A4FD3B
:104E8000062008BD49680122FFF7E8BE30B591B0A1
:104E90000546084611461A4605AB01931B4B009385
:104EA0000B23D9F7AFFC6868059B046863600D9B12
:104EB00002930B9B0193099B0093DDE90621089B5C
:104EC000FFF762FC0A9BA3600C9B0F98A3619DF8FF
:104ED000383006284FEA031363620ED10020A06227
:104EE000A169E062B1F5007118BF01216868FFF7A0
:104EF00099FC40B14042D9F7AFF94FF40053A36297
:104F0000DAF780F8ECE711B030BD00BF3C9D060831
:104F1000F0B50D461E46174685B00F4A0F4C394670
:104F20002846D9F741FC3068FFF704FC012D00F159
:104F3000FF3004EBC00400D85FB106EB85023946B0
:104F400001A8D9F7F8FC01AB321D691E2046FFF716
:104F50009DFF204605B0F0BDFFFF0300BC9E060884
:104F600010B50C4613460A1D411E2068FFF78EFF40
:104F7000062010BD09B9C08B704701290CBF808B7A
:104F800000207047F8B506460F46144604F04CFB67
:104F9000054673681B683B4208D10CB90020F8BD78
:104FA00004F042FB401BA042F3D3F7E70120F6E7F1
:104FB0007047062809D8042803DC003818BF0120F0
:104FC0007047831F584258417047002070470000C7
:104FD0002DE9F04FA3B0044603919346002110221F
:104FE0000AA89A46DDF8B480F5F7C2FD794B0FCBDD
:104FF0000EAD85E80F00237A013B052B00F2E88017
:10500000DFE813F0060074009400B400E600C80066
:10501000714B0A93714B0B9300230593704B714EA8
:105020005A6C42F010025A645B6C03F01003059353
:10503000059B25250123DBB20AAF4FF0000902933F
:10504000386850B1029B00930EAA022352F829201F
:105050001946FCF790FA002845D009F10109B9F189
:10506000040F07F10407EBD124220021666019A880
:10507000F5F77EFD039B1296CDE9133B2C9B12A8FE
:10508000CDE9153A0C23CDE91738FBF744FB6368EB
:10509000DA6822F4F872DA601A6922F040021A61C2
:1050A0005A6922F4806222F001025A6105F16043DC
:1050B00003F56143102283F800232846F7F734FAFA
:1050C000BBF5805F7AD1BAF1000F7DD0FF210022BD
:1050D000637AA18143F0060363720023A372E27234
:1050E000A3832362012023B0BDE8F08F3E4B0A93D7
:1050F00018F4807F3D4B0B933D4B3E4E08BF002381
:1051000018F4007F0C933C4B08BF00230D93002341
:105110000693334B1A6C42F400321A641B6C03F48E
:1051200000330693069B2625022384E7334B0A931C
:1051300018F4807F324B0B93324B334E08BF002361
:1051400018F4007F0C93314B08BF00230D9300230C
:105150000793234B1A6C42F480221A641B6C03F4ED
:1051600080230793079B2725032364E700230893E5
:105170001B4B274E1A6C42F400221A641B6C03F47A
:1051800000230893089B1C4B0A93194B0B9334255F
:10519000042350E71F4B0A931F4B0B9300230993E3
:1051A0000F4B1E4E5A6C42F020025A645B6C03F0A7
:1051B00020030993099B472506233CE7BAF1000F1A
:1051C0000CBFFF217F2182E740F2FF1101227FE720
:1051D000002088E7089F06082CC4060818C40608A3
:1051E000003802400010014094C5060880C506083A
:1051F000A8C5060800440040BCC50608DCC3060874
:1052000014C30608A0C3060800480040B4C306083B
:10521000004C004000C30608ECC206080014014020
:10522000F0B5878B8FB10B4B00255A88940607D4B5
:10523000174205D042681C88D66839B13443D4601F
:105240000135052D03F10403EFD1F0BD26EA040476
:10525000F5E700BFF49E060810B50C460021FFF7E5
:10526000DFFF84830121FFF7DBFF002010BD002357
:105270008382C382436882614182DA6819B922F06D
:105280002002DA60704742F02002FAE708B5437A5C
:10529000426823F002034372D36823F40053D360BF
:1052A000037A013B042B14D8DFE803F003142535FF
:1052B00045002520F7F746F9274B5A6A42F01002BD
:1052C0005A625A6A22F010025A625A6C22F0100294
:1052D0005A6408BD2620F7F735F91F4B1A6A42F4C5
:1052E00000321A621A6A22F400321A621A6C22F42C
:1052F00000321A64EDE72720F7F724F9164B1A6AF3
:1053000042F480221A621A6A22F480221A621A6C0B
:1053100022F48022EDE73420F7F714F90E4B1A6AD5
:1053200042F400221A621A6A22F400221A621A6CEB
:1053300022F40022DDE73520F7F704F9064B1A6A5C
:1053400042F480121A621A6A22F480121A621A6CEB
:1053500022F48012CDE700BF0038024070B5074E3E
:10536000062556F8040F30B1437A13F0010402D138
:10537000FFF78CFF3460013DF3D170BD480600207B
:1053800081727047037A012B01D0062B01D1F9F706
:1053900073B8F9F759B810B54468FFF7F3FFA2687E
:1053A00093B20BB1B0FBF2F3184610BD838AC28AE8
:1053B0009B1A02D5428AD018704705BF4368186807
:1053C0001846C0F340107047F8B505460E4604F085
:1053D0002BF90746AB8AEA8A9A420DD16B681C68A2
:1053E00014F0200408D104F01FF9C01BB04205D20C
:1053F0000120D9F749F8EDE70120F8BD2046FCE788
:10540000C28A0346808A5968824230B515D0DC7A58
:105410009869012C5C8A0CBF30F81200805C013264
:10542000B2FBF4F504FB1522DA820B689D0603D566
:10543000CB6843F02003CB6030BD98894A681040A8
:105440009A8B940642BFCB6843F02003CB60D3060F
:10545000F2D5CB6843F01003EDE7F8B505460E46EC
:1054600004F0E2F807466B681C6814F0800408D169
:1054700004F0DAF8C01BB04205D20120D9F704F8D5
:10548000F1E70120F8BD2046FCE72DE9F04706468C
:105490000C469146984642B3078AD0F804A07F0094
:1054A00000253A4680213046FFF76CFD00B3F37AC1
:1054B000012B0CBF34F8023B14F8013B05F1010548
:1054C00008BFC3F30803A945CAF80430E9D13A4636
:1054D00040213046FFF756FD00280CBF6E23002305
:1054E000C8F800302846BDE8F08715461346F7E7B0
:1054F0006E23F5E707B501ABFFF7C7FF03B000BDAB
:10550000064B1A6A42F000721A621A6A22F000729E
:105510001A621A6C22F000721A6470470038024056
:1055200070B504460D461646E7F758FD3246294643
:105530002046BDE8704001F027B82DE9F843074642
:105540000C4690467ABBCD68CE68C96815F0030555
:105550004FF0020918BF0125C6F3C006C1F30011C0
:1055600008204FF0040C4A462DB1636913EA090F75
:1055700014BF0125002576B3636923EA0C03636138
:10558000022A4FF008030CBFE3602361E9B16369AD
:10559000022A23EA000363614FF0100329D1E3607C
:1055A0004246022113E00D690E69096915F00305F1
:1055B00018BF0125C6F3C006C1F300114FF0100952
:1055C00040204FF0200C0422CEE74246012138460D
:1055D000FFF7A6FF01E00029D9D165B1636923EA8D
:1055E00009036361424638460021BDE8F843FFF7EE
:1055F00097BF2361D4E7BDE8F8830B46042110B4BC
:1056000059609B6913EA010404D00022032110BCF5
:10561000FFF786BF13F0020201D02246F7E7DB074F
:1056200001D50521F3E710BC7047F0B504680263AB
:1056300004EB0113D3F8800100F00100C3F88001EE
:10564000D2E9020628BBD3F880011568304340EA4E
:105650004550C3F880011069D3F8845100F00F0061
:1056600025F00F051061C3F88451D3F88451284305
:10567000C3F8840104EB01145069C4F888019269ED
:10568000C4F88C21D3F8802142F00102C3F88021B4
:10569000F0BDD3F8807155683043384340EAC50007
:1056A000D7E7000002689368D80710B50ED5C3F39A
:1056B00040030B700123936000241048824214BF02
:1056C00013203F20F6F730FF204610BDDC0507D53C
:1056D000C3F340230B704FF4807393600124ECE715
:1056E000D80341BFC3F340430B704FF48033936042
:1056F0004CBF02244FF0FF34DFE700BF00680040DA
:105700002DE9F04F89B08360129B4360139B9DF895
:105710005820013B1B0603F04073C360149B013B00
:105720001B0403F470230361159B013B1B0503F469
:10573000E003436101294FF00003C0E90723C0E9FA
:10574000093304468361C36206D002294ED0002586
:10575000284609B0BDE8F08F0393354A354B0692D1
:10576000354A07921A6CDFF8DC9042F000721A6436
:105770001B6C03F000730393039B132616275FFA39
:1057800081FB0DF118084FF0000ACDF800B0D8F8F1
:105790000000072301220221FBF7EDFE0546002849
:1057A000D6D008F10408BAF1000F3DD0C4F800903B
:1057B0002046FBF79EF90028C9D12268536943F4BB
:1057C0000743536107F1604303F56143702483F895
:1057D00000433846F6F7A8FE06F1604303F561433F
:1057E000304683F80043F6F79FFEB1E7134A06926E
:1057F000134A07920F4A0493106CDFF84C9040F064
:1058000000701064106C00F0007004900498059310
:10581000136C43F080631364136C03F0806305938F
:10582000059B3F264227AAE74FF0010AADE700BFDC
:10583000F0C306080038024004C406082CC4060859
:1058400040C40608006400400068004010B50446EB
:10585000FBF7E5F923681A4A934211D11420F6F7B1
:1058600071FE1520F6F76EFE1620F6F76BFE154B4F
:105870001B6C13F0806F21D1BDE81040FFF740BED4
:10588000114A93421AD14020F6F75CFE4120F6F708
:1058900059FE4220F6F756FE0A4B1A6A42F0806221
:1058A0001A621A6A22F080621A621A6C22F080620E
:1058B0001A64064B1B6813F4800FDCE710BD00BFB1
:1058C00000640040003802400068004000E100E051
:1058D000F8F7BABD02680029536914BF6FF0700170
:1058E0006FF00E010B4053617047000070B5036804
:1058F0001546154A934206460C4616D1002914BF98
:105900001520142000F1604303F56143702283F8F1
:105910000023F6F709FE31684B6984B9A5420CBF34
:105920000C220E2213434B6170BD084A934204D1EE
:10593000002914BF41204020E4E70020E2E7002DC9
:105940000CBF60227022EDE7006400400068004058
:1059500000B500238BB0CDE904316946CDE90033B1
:10596000CDE90233CDE90633CDE90832FBF742F841
:105970000BB000BD2DE9F846056881460F46164676
:105980001C4600293FD10C3503F04EFE82462B68A1
:105990009B073AD0D9F8002002EB0713D3F8B001E7
:1059A00000F00400B060D3F8B01100283AD1490DDE
:1059B0003160D3F8B01101F00201F160D3F8B411F5
:1059C000D3F8B43102EB0712C3F30723F361D2F823
:1059D000B83101F00F013161190A23706170190C9F
:1059E0001B0EA170E370D2F8BC3123711A0A6271E8
:1059F0001A0C1B0EA271E3712B6843F020032B607D
:105A00000020BDE8F8861035BEE70120D8F73CFD40
:105A100003F00AFE089BA0EB0A009842B7D36FF090
:105A20006D00EEE7C9087160C3E710B504686369EB
:105A300043F001036361FFF7F8FD002010BD70B56E
:105A40000546F9B1012920D0022140F21C532A68F1
:105A5000DBB2906801249C4034EA00001FD0B9B941
:105A600080239360FBF708FE06462B689B6834EAA8
:105A7000030305D0FBF700FE801BB0F5FA6FF4D3EB
:105A8000012070BD40F21A53E1E740F21B53DEE7FC
:105A900001290CBF4FF400434FF40003E1E700205D
:105AA000EFE700002DE9F8431E46036801630A464C
:105AB00099684C0105460ED4996808010DD49B687D
:105AC000D90032D5022421462846FFF7AEFD36B96B
:105AD0000020BDE8F8830024F5E70124F3E703F094
:105AE000A3FDDFF85080DFF8509007462B6810497F
:105AF0009A6894B931EA0202EAD0721CF8D003F035
:105B000093FDC01BB042F1D921462846FFF797FF0D
:105B100000280CBF00200320DBE7012C02D139EA6A
:105B20000202E9E738EA0202E6E70220D1E700BF15
:105B300003000004000003100003000890F83C304C
:105B400043B103689B69590706D49A0706D403F04A
:105B500001030133184670470423FBE70323F9E7E9
:105B600000688369C3F307420A6082681B0E4B60BA
:105B7000120E084B02F01C02134103F00F038B605E
:105B8000C36803F00303CB60036903F003030B61F5
:105B9000704700BF231212010268536923F001030A
:105BA0005361704703681A6842F001021A605A682C
:105BB000D107FCD51A6822F001021A605A68D20790
:105BC000FCD47047024900220120FFF7B6BC00BF99
:105BD00000640040012202491046FFF7AEBC00BF3E
:105BE0000064004001490120FFF707BD0064004048
:105BF00008B51320F6F7A6FCBDE8084006210120F1
:105C0000E7F7ECB9024900220220FFF796BC00BF7B
:105C100000680040024901220220FFF78EBC00BF4D
:105C20000068004001490220FFF7E7BC006800401F
:105C300008B53F20F6F786FCBDE8084006210220A3
:105C4000E7F7CCB92DE9F0410C4F97F800800546F5
:105C5000002444450ADB05F11800FFF7F7FD6B7BD4
:105C600023F001036B730620BDE8F08121463A78EA
:105C700005F11800FFF76CFE0134EAE7B4040020D8
:105C8000F8B5074608461646D9F7BCF910F0FF04E8
:105C90000CBF3D1D07F10805062E07D1214607F16F
:105CA0001800FFF717FE2E600620F8BD2B68062BA4
:105CB000F9D13046D9F72AF90028F5D02E60012213
:105CC000214607F11800FFF711FEEDE72DE9FF412E
:105CD0000746D1E900600D469046D9F793F903AB2A
:105CE00001930C4B00930446424605F10801B81E8F
:105CF0000123D8F787FD084B1A78337B022B08BFA6
:105D0000A41806F118002146FFF722FE062004B071
:105D1000BDE8F081D09F0608B40400202DE9F043CF
:105D200097B006AB51F8046B0193AF4B0093013869
:105D30000623D8F767FD099805AA02A9D9F70AFA38
:105D40000A9818B104AA03A9D9F704FA079B012BF2
:105D500000F20A81029A042A7FD1002213929DF850
:105D60002C200A9F002A00F0A480002F00F09D80C4
:105D7000049A1068002B73D1D9F744F9049BB0F151
:105D80000009586818BF4FF00109D9F73BF9051E03
:105D900018BF012502274FEA49096D00B846059B47
:105DA0001868D9F72FF9059B44131868D9F72AF911
:105DB00004F4C064C0F3C230059B044344EA090400
:105DC000586844F008040D94D9F71CF9059B441356
:105DD0005868D9F717F904F4C064C0F3C230059BC2
:105DE000044344EA0804986844F008040F94D9F77F
:105DF00009F9059B44139868D9F704F904F4C064C1
:105E0000C0F3C230059B04432C43D86844F0080417
:105E10000C94D9F7F7F8059B4513D868D9F7F2F831
:105E200005F4C065C0F3C23045EA00043C4344F0C9
:105E30000804079B0E94002B40F0918000231293DE
:105E4000327B089B1093012A069B6849119340F00E
:105E5000E3800A789342C0F0E7806548D7F7D8FF1F
:105E6000D9F7D0F8049BB0F10009586818BF4FF07B
:105E70000109D9F7C7F8049BB0F10008986818BF6A
:105E80004FF00108D9F7BEF8049B051ED86818BF6B
:105E90000125D9F7B7F8071E18BF01274FEA4909AE
:105EA0004FEA48086D007F0079E73D46B846B9469D
:105EB00075E7002F4FD0049A106863BBD9F7A2F89A
:105EC000049B003818BF01204FEA00185868D9F722
:105ED00099F8051E18BF012510242D012746059BA2
:105EE0001868D9F78FF8059B48EA40100D9058685C
:105EF000D9F788F8059B47EA401798680F97D9F7B4
:105F000081F8059B45EA4015D8680C95D9F77AF8D1
:105F100044EA40148DE7D9F775F8049B003818BFA0
:105F200001204FEA00185868D9F76CF8049B071E47
:105F3000986818BF0127D9F765F8049B051ED86833
:105F400018BF0125D9F75EF8041E18BF01243F01D0
:105F50002D012401C3E73C463D46B846BFE7012B6F
:105F60007FF46EAF01236AE79A1E012A3FF675AFF0
:105F7000029C022C7FF471AF012213920A9A002A2C
:105F800047D0049A022B106834D1D9F73BF8003877
:105F900018BF01204500059B1868D9F733F8059B09
:105FA000C0F34F300C901868D9F72CF8C3009BB29F
:105FB0002B4343F004030D93059B5868D9F722F84F
:105FC000059BC0F34F300E905868D9F71BF8C300FB
:105FD0009BB2234343F004030F93079B022B3FF430
:105FE0002DAF032BBCE700BFA09F0608B404002020
:105FF0007FE30508D9F706F8049B003818BF012095
:1060000045005868D8F7FEFF041E18BF012464003D
:10601000C1E714461546BEE7022A12D10A78134496
:1060200011931B2B3FF619AF0123149306F11800AF
:106030000B7815930CA9FAF7DDFC062017B0BDE824
:10604000F0830D2BEEE700BFF0B58FB002AB51F837
:10605000044B0193474B009301380323D8F7D2FB3D
:106060009DF80870012F02D90020D8F7ABF8049BE7
:10607000009304F118050AAB05AA39462846FFF734
:1060800079FC002802DA4042D8F7E6F8099E47BBBF
:106090006368062B33D103980521DDF70FF8039BC6
:1060A000C4688342054643D031460AA8DEF706FF9E
:1060B0002061079A002A53D1059B5B0043F001033E
:1060C0000E22C4E90032089B022B14BF0E231E23AC
:1060D000A3600C9B5B0043F001032846E3600FB014
:1060E000F0BDA368062BD6D0A369E07B1B6913F033
:1060F00003030CBF0122002204F10F0109E0A36990
:10610000A07BDB6813F003030CBF0122002204F123
:106110000E01012805D00238012804D801230B7094
:1061200001E0002BFBD039462846FFF7DFFBB2E742
:10613000236913F0030097D119680F4A914293D154
:106140001A79812A05D042F02002E22A01D0D7F73D
:106150005FFED8689E6032460AA9F4F7BFFCA8E744
:10616000069B042A4FEA430343F0010314BF0E22A7
:106170001E22A6E7889F0608BC1B060810B592B031
:1061800006AB51F8044B01931D4B009301380523D6
:10619000D8F738FB02AA069803A9FDF781F9049AFB
:1061A000082A02D91748D7F733FE9DF82810079B15
:1061B0000F92C1B123F060430C9304219DF8243069
:1061C0000D915B000E93039B0DF13F011A44934226
:1061D0000DD1089B10AA0BA904F11800FFF762FC6F
:1061E00050B1FBF701F9C3F30A030B93E6E713F889
:1061F000010B01F8010FEAE7062012B010BD00BF45
:10620000609F060896E3050830B5012887B00D6841
:106210008CBF486806200821DCF750FF01A904461E
:1062200005F11800FFF79CFC019BE2685B0043F05E
:1062300001031360029BE2685B0043F001035360BB
:106240002B8AE2685B0043F0010393606B8AE2688B
:106250005B0043F00103D360AB8AE2685B0043F06C
:1062600001031361039BE2685B0043F00103536188
:10627000049BE2685B0043F001039361059BE268C5
:106280005B0043F001032046D36107B030BD08B581
:10629000437B13F0010302D11846D7F7B9FD18303C
:1062A000FFF780FC062008BD032910B516D112F0B7
:1062B000010308D08169CC68A40704D10B6913F0ED
:1062C000030318BF0123520706D58269926812F0B2
:1062D000E05F01D043F00403184610BD16221A6097
:1062E0004FF0FF33F8E700004B7BDB0707B50A7B75
:1062F00005D4144903B05DF804EBCBF781BC0B6AFD
:10630000B3F1804F17D0B3F1004F17D0002B40F2FC
:106310003A2318BF4FF437738969096811F0400FA9
:106320000CBF4FF4EB714FF44E7100910649CBF75F
:1063300067FC03B000BD40F22923EDE740F2DB2308
:10634000EAE700BFA3E30508ABE3050808B5437B14
:10635000DB0706D51830FFF7F1FB400040F00100E5
:1063600008BD0120FCE700002DE9F04F93B0044682
:10637000084611461A4609AB0193384B009309238E
:10638000D8F740FA4422002104F11800F4F7F0FB9A
:10639000DDF83C80B8F1000F2ED0109DFFF798FA81
:1063A0000A236B4301214FF47A7EB8FBFEFB01EB1D
:1063B0004102012606E00137082F8C4408D1102E37
:1063C0000A4435D0079601360EFB06FA944601279B
:1063D000B0FBFCF5B8EB050548BF6D42AB45EAD90B
:1063E000F519BAFBF5F55D1B48BF6D42042DE2DCE3
:1063F000079B0A91CDE90C37194B119A1A709DF839
:10640000383004930D9B03930C9B02930B9B0193D9
:106410000A9B0093099B217B1B01002204F11800B9
:10642000FFF76EF980B9227B0E490F48D6F7F3FECD
:106430000131B1F5806FBAD10A220C49B3FBF2F3F6
:1064400009484246D6F7E7FE637B43F001036373D6
:1064500000232361A38213B0BDE8F08F189F0608C4
:10646000B4040020EAE305089C1F0608CCE30508F5
:106470002DE9F04398460D46914685B0224A234EB9
:1064800049462846D8F790F9D8F80000E6F700FE0C
:1064900000F16C0306EB83060746746854BB1C4985
:1064A0005C20D8F7A8FC437B013723F00103077376
:1064B000437304467060637BDB0702D52046FFF719
:1064C000C1FB0623C4E90133012D4FF00003E38132
:1064D00002D8B9F1000F12D008EB8502494601A895
:1064E000D8F729FA01AB08F10402691E2046FFF72C
:1064F0003BFF04E0637BDA07DDD5012DDBD82046C6
:1065000005B0BDE8F08300BFFFFF0300BC0400201E
:10651000D89F060810B50C4613460A1D411E206878
:10652000FFF722FF062010BD10B504460846D8F735
:1065300069FDC0B2A36938B9DB6803F00303002B1F
:106540000CBF0E201E2010BD1B69F6E7024B002277
:10655000C3E96D22704700BFBC04002010B5094C90
:10656000D4F8B40120B1FFF76DFB0023C4F8B431B7
:10657000D4F8B80120B1FFF765FB0023C4F8B831A7
:1065800010BD00BFBC0400202A4BF0B503EB800314
:1065900093B0D3F8B0410D46164664B3D4E9013741
:1065A0004AB904F10E021F46052D24D8DFE805F094
:1065B0002D062F20252904F10F02F5E70223062FCF
:1065C000137018D0D7F780FEC9F748FF6846C9F79F
:1065D00011FEF0B96A0042F0010221463846D6F7B2
:1065E00050FFC9F7DDFDC9F741FFD7F783FE02E091
:1065F000A38A0133A38213B0F0BD638A013363829F
:10660000F9E7238A01332382F5E70123D7E7032340
:10661000D5E77100062241F001012046FFF730FB6B
:10662000227B05490548CBF7EBFA01990348D8F7D7
:1066300029FCD8E7BC040020F9E30508E80E0608A9
:1066400008B5C9F723FFF4F727FEF5F7B7F9BDE85A
:106650000840C9F797BF00002DE9F84FB0F8069041
:10666000DFF8B0C0D0F80C800F460D1F2749144644
:106670001E464FEA094A00204FF47A7E41F6573B06
:1066800055F8043F0A68B2FBFCF253435B45B3FB89
:10669000FEF288BF063AC3072A6001D40130EFE753
:1066A00055F8043C03281A442A6001D00220E7E789
:1066B000FAF7F4FEEFF3108572B6154926444FF051
:1066C000000CA64203D185F31088BDE8F88F14F8BA
:1066D000013B08209A0902F00202C1F804C0C8F880
:1066E000189007EB820E57F82220D1F804B093459A
:1066F000FBD3C8F818A05B00DEF80420DBB2D1F8A9
:1067000004E09645FBD30138E4D1DAE770040020B9
:10671000001000E040420F002DE9F74316461C46EA
:106720000A9A002380461D46B34215D102F00107A4
:10673000C2F340020092D8F804000A462B463946BC
:10674000FDF7A4F9002804DB08344FF0000946B92E
:10675000484603B0BDE8F08354F8330001330544E4
:10676000E2E754F8082CD8F8040054F8041CAD1AD9
:106770002B463FB1FDF7EEF90028EADB0834013E75
:106780008144E4E7FDF72CFAF6E700004A68536815
:10679000D26913B5C2F30B04120454BF0B4A49F675
:1067A000404203F03F035343B3FBF4F48B68084AC1
:1067B0009B8801948A1AC968121189880091013254
:1067C0000449CBF71DFA02B010BD00BF20A107009D
:1067D00014A906082DE4050807B50B4602F2E732B6
:1067E0004FF47A71B2FBF1F292B20092D0E9021248
:1067F0004068FDF7DBF803B000BD0000F0B50C46C3
:1068000089B016461D4611B11B68013316D11B49CC
:106810001B48CAF740FE1B48027A00EB8202002C9C
:10682000176904F1FF3105F10403324604BF2B461A
:106830002146BC4609B0BDE8F040604703AB019378
:10684000114B00932A46052331462046D8F738F8E5
:106850000398FDF7F7F9049B0BB9059B13B10B489F
:10686000D7F7D6FA0A4C013804EB00142046DDE9CC
:106870000612FFF7B1FF204609B0F0BD4EE405084F
:10688000E80E0608B4660608A8A806088DE4050800
:1068900014A90608F0B50C468FB016461D4611B176
:1068A0001B68013316D12A492A48CAF7F4FD2A4841
:1068B000027A00EB8202002C176904F1FF3105F126
:1068C0000403324604BF2B462146BC460FB0BDE848
:1068D000F040604705AB0193204B00932A46092303
:1068E00031462046D7F7ECFF0598FDF723FF0B9BB9
:1068F0001BB90C9B0BB90D9C14B11948D7F788FA3A
:10690000184D013805EBC0054FF482726E6833688C
:10691000C3E901244FF400729A61C3E90944DC62BF
:106920000A9B0293099B0193089B00934FF0FF3150
:106930003046DDE90623FDF727FF21463046FDF707
:1069400071FF10B14042D7F787FC28460FB0F0BD69
:10695000A9E40508E80E0608EC6C06086CA9060810
:10696000E8E40508E4A9060813B501F164040094FD
:106970004068FEF795F802B010BD4068FEF724B8F5
:1069800010B58AB00446084611461A4605AB019375
:106990000D4B00930523D7F735FF099B0293089B06
:1069A0000193079B009360684FF0FF31DDE90523F9
:1069B000FDF7EAFE60680021FDF734FF10B14042A8
:1069C000D7F74AFC0AB010BD44A90608496800225E
:1069D000FEF744B930BF06207047000010B5D8F765
:1069E00011FB0446FAF748FE031B034800EA430084
:1069F00040F0010010BD00BFFEFFFF7F10B5D8F7CB
:106A000001FB0446FAF732FE031B034800EA430089
:106A100040F0010010BD00BFFEFFFF7F08B5D8F7B2
:106A200035FC024B1860062008BD00BF700B00202B
:106A300038B5134C0D4628B9D4F8A801002808BF72
:106A4000062038BD086806280AD1D4F8A80128B164
:106A50000021FEF795FC0023C4F8A8310620F0E7DA
:106A6000D8F7D6F9074B984206D12868C4F8A80190
:106A70000121FEF785FCF1E70348D7F7C9F900BF0C
:106A8000BC040020846E0608FEE40508406840004F
:106A900040F001007047000010B5104C104922680A
:106AA0001048CBF7ADF862680F490E48CBF7A8F84D
:106AB000A2680E490B48CBF7A3F8E2680C490948D5
:106AC000CBF79EF822690B490648CBF799F8626923
:106AD00009490448CBF794F8062010BD003C01405A
:106AE00007E50508E80E060818E5050829E5050884
:106AF0003AE505084BE505085CE505084A680149E3
:106B0000CBF77EB86DE5050816280AD8054B1B5C47
:106B100003F1047303F59E3300EBC30080000123EF
:106B2000036070472F0F002008B54068FFF7ECFFA7
:106B3000062008BD162808D800F1845000F51E2054
:106B4000800000230360C0F88030704708B54068BB
:106B5000FFF7F0FF062008BD16280AD8054A0123D2
:106B6000116903FA00F021EA000111611369184369
:106B700010617047003C014008B54068FFF7ECFF2A
:106B8000062008BD162810D8084B094AC3188A43A6
:106B90004FEA83030CBF012200221A60054A8A4390
:106BA0000CBF01220022C3F88020704740E089100A
:106BB00000001110000021102DE9F04387B01746A6
:106BC000C2079DF838900E46984605D4830715D124
:106BD0000268434B9A4211D1D8F714FA0F280446A1
:106BE00004D8404902464048D6F715FB16281ED95E
:106BF00002463E493C481723D6F70DFBFCF738FB0D
:106C000004890546C4F34314394A26F40013934219
:106C10000FD002F5801296420BD0A2F5702293425B
:106C200007D0344B9E4204D033493246DBE700257F
:106C3000EAE7022F02D931493A46D4E7304A04F153
:106C40003601B9F1000F0AD102EB81035B68062B14
:106C500005D0B8F1060F02D02A492246C3E702EB5D
:106C600081022046FFF766FFC6F30043C2F80480A6
:106C700083F00103244A9B00B8F1060F13551DD081
:106C8000224B01221A5504FA02F31343204A42F818
:106C90002430BDB920463146FFF774FFFFF734FFBB
:106CA0001C4B185D00F07F0303F1604303F5614363
:106CB000E02283F8002340B2F5F736FC204607B007
:106CC000BDE8F083E868FAF7FFFBEB88E868039714
:106CD000CDE9013601A902230493F5F711FEDFE7A0
:106CE000E02506087EE505089C1F060891E50508D5
:106CF00000001110000022109EE50508A8E5050817
:106D0000BC040020B2E505082F0F0020180F00205A
:106D1000BC0E0020F8B9060810B586B00446084637
:106D200011461A4602AB01930A4B00930423D7F78E
:106D3000C7FD21460820D8F75EF8002304460093DB
:106D4000DDE90201DDE90423FFF736FF606020463C
:106D500006B010BDA8B906082DE9F3410489484ED4
:106D6000C4F3431404F136081F4606EB88030546B6
:106D70005B68062B0ED0434B53F82400A84209D081
:106D8000C30756BF828840494049414848BF224610
:106D9000D6F741FA2046FFF7CDFEC1F300403D4B48
:106DA00006EB880680F001008000062F18557760FA
:106DB00062D0394B1A55334B384A43F824500023DC
:106DC0000193506C40F480405064526C04F00C000D
:106DD00000F1804002F4804200F59C30019204F002
:106DE0000306019A8768B6000F22B24027EA02071D
:106DF000EA682B4DAA421BD003F1804303F501330F
:106E00009A422FD003F580639A422DD003F5806318
:106E10009A422BD003F580639A4229D003F5806310
:106E20009A4227D003F580639A4214BF07230623B2
:106E3000B3403B4383602046FFF7A4FE194B185D27
:106E400000F07F0303F1604303F56143E02283F820
:106E5000002340B2F5F768FB204602B0BDE8F041E0
:106E6000FFF752BE0123E3E70223E1E70323DFE755
:106E70000423DDE70523DBE702B0BDE8F08100BFB6
:106E8000BC040020BC0E0020B2E50508BDE50508E5
:106E9000982006082F0F0020180F0020003802400D
:106EA00000000240F8B906080023084A084830B537
:106EB00006211C4652F8045F042D18BFC45403F188
:106EC000010318BF1160172BF4D130BD94050020C9
:106ED0002F0F002030B5214A012351698340194208
:106EE00093B0044629D01628536126D81C4D00F1D2
:106EF000360305EB8305686806281ED0194B1B5D19
:106F00003BB9194B53F8241013B0BDE83040D7F704
:106F10000FBAD7F7D9F9C9F7A1FA6846C9F76AF9DC
:106F200068B9114B686853F82410D6F7A1FAC9F76D
:106F300037F9C9F79BFAD7F7DDF913B030BD06234F
:106F400020466B600949FFF7F5FD22460848CAF75D
:106F500057FE01990648D7F795FFEAE7003C014044
:106F6000BC040020180F0020BC0E0020DEE5050840
:106F7000E80E06080020FFF7ADBF0120FFF7AABF0B
:106F80000220FFF7A7BF0320FFF7A4BF0420FFF7ED
:106F9000A1BF08B50520FFF79DFF0620FFF79AFF68
:106FA0000720FFF797FF0820FFF794FFBDE8084090
:106FB0000920FFF78FBF08B50A20FFF78BFF0B20D2
:106FC000FFF788FF0C20FFF785FF0D20FFF782FFFA
:106FD0000E20FFF77FFFBDE808400F20FFF77ABFC4
:106FE0000149CAF758BA00BF16E6050808B50846B1
:106FF00011460022D7F7D8FB004808BD6CBA060836
:1070000007B5084B0848C3F8381101230093074B14
:107010000022062908BF0B460549FFF7CDFD0620D3
:1070200003B000BDBC04002074C206085CBA0608A8
:107030000000211008B5044BD3F83801062801D010
:10704000D6F7E4F9062008BDBC040020002302485E
:107050001A461946FAF74CBA74C20608044BDA68A5
:10706000DB88126913420CBF01200020704700BF6B
:1070700074C2060808B5084611460022D7F794FBEB
:10708000FFF7ECFF00280CBF0E201E2008BD08B53E
:10709000FFF7E4FF00280CBF0E201E2008BD0000F3
:1070A000014B1868DBF79CBA500F002008B5084662
:1070B00011460022D7F778FB004808BDF8BA060849
:1070C00073B51B4B0124F0B10021C3F8801E0023CF
:1070D0000193184B184D1A6C42F080521A641B6CC5
:1070E00003F080530193019BF7F790F802F09CFAAC
:1070F00006462B68DB050AD50E4B1A6F8CB142F0A1
:1071000001021A6708E0C3F8804E0446DFE702F088
:107110008BFA801B0228ECD9084B01221A7002B0AE
:1071200070BD22F001021A671A6F22F00402E8E72C
:10713000000047420038024000700040460F002027
:10714000424B4349002270B5C3E900127F24FF215E
:10715000C3E90241C3E904229A613E4B3E4D1A70D5
:10716000002864D13D4C236F48F20331194048F2A6
:107170000312914248D1F7F749F8636F2A6843F048
:107180008073636742F48022344B196F5B6F1B027C
:1071900003F4407301F007010B4313432B602C4BA6
:1071A0001A69C2F30E02FF2A05D11A6902F4FE021F
:1071B000B2F5FE0F27D0CA225A6253225A624FF00C
:1071C000FF32DA6002F030FA214C064602F02CFA67
:1071D000801BB0F57A7F0FD2E3685B06F6D5236992
:1071E0006FF30E0343F0FF032361236943F4FE03AF
:1071F00023616FF08003E360154BFF225A622B6816
:1072000043F480132B6070BD03F40343B3F5024FC6
:107210000DD1F6F7FBFF636F2A6843F08073636755
:10722000636F43F00103636742F40022ACE702F0AE
:10723000FBF90B4B18600B4B20F07F4040F07C506B
:107240002860BDE870401878FFF73ABF540F00205F
:1072500000280040460F0020500F00200038024058
:10726000480F00204C0F00202DE9F043644E337886
:1072700099B0002B3DD0634D634C644F00232B60CD
:10728000637FF3B92377624BDFF89091D3F80080E6
:107290003B78002B55D0D9F870309B072CD5202394
:1072A00001933B78002B0CBF4FF400734FF48073B5
:1072B00001A81193F7F7F8F828BB564B0122C3F841
:1072C0003C2E022363772368CA225A6253225A62F1
:1072D0002046F7F7C3FD23688046002836D0FF22FA
:1072E0005A62042363770EE06FEA13436FEA0343A5
:1072F0002B6019B0BDE8F08302F096F9A0EB08000E
:10730000B0F57A7FC7D93A782B68002AECD043F0E1
:1073100080734FF000082B6087F8008002F084F93A
:107320003B4B18603878FFF7CBFEF6F76FFF84F819
:107330001D80A5E702F078F9A0EB0800B0F5FA7F10
:10734000E1D8D9F874309807F4D5A8E79A6861684D
:1073500022F4E00222F040029A6022699868114308
:10736000626911430143E26899601A611A69A16870
:1073700042EA01421A616FF08002DA601A6CA16978
:1073800022F480221A641A6C0A431A64FF225A6299
:10739000012363773B781B0743F000532B6002F017
:1073A00043F91B4B1B68C01A2B6880B21843286036
:1073B000194B1548009342466946F7F7E6FD024629
:1073C00030B9CDE90400019001A90F48F7F76BFD32
:1073D000124A536F190142BF2B6843F480332B606C
:1073E000536F0E4A5B0142BF2B6843F400332B609E
:1073F000536F43F0807353670023337079E700BF06
:10740000460F0020500F0020540F00204C0F00208A
:10741000480F0020000047420401010F00380240DD
:1074200008B50120FFF78CFEFFF71EFF062008BD00
:1074300030B505468FB00C46FFF716FF012D38D149
:10744000002201A93C48F7F709FE694600223A48A4
:10745000F7F729FE9DF8030000F5FA60DBF7C0F8A6
:1074600006909DF80100DBF7BBF807909DF802003D
:10747000DBF7B6F808909DF80000DBF7B1F809904B
:107480009DF80400DBF7ACF80A909DF80500DBF7E7
:10749000A7F80B909DF80600DBF7A2F80C90029875
:1074A000DBF79EF806A90D900820DFF75BFC0FB014
:1074B00030BD6A4608216068D7F76EFE009B1868E9
:1074C000D7F7A0FD009B30308DF807005868D7F73C
:1074D00099FD009B8DF805009868D7F793FD009BF8
:1074E0008DF80600D868D7F78DFD002201A98DF828
:1074F00004001148F7F749FD009B1869D7F782FD92
:10750000009B8DF818005869D7F77CFD009B8DF81B
:1075100019009869D7F776FD00228DF81A004FF40C
:10752000802305488DF81B2006A909920A93F7F7D6
:10753000BAFC0620BBE700BF540F0020F8B5074691
:107540000E46FFF791FE0320F4F7FCFF032F70684F
:107550007BD8062877D0D7F755FDB0F57A6F12DDC6
:10756000B0F5FA5F5CDDB0F57A5F5CDDB0F5FA4F3F
:107570005CDD424B98424FF47A74B0FBF4F458DC73
:107580000425013C0DE0032502224FF40043B3FB28
:10759000F2F34343B3F57A7F4FF47A7493FBF4F438
:1075A000EFDA0122032F5AD1B3683549C1F83431DB
:1075B000344B2D219965344BCA21596253215962AC
:1075C000996821F480619960D9684907FCD5002A3F
:1075D00047D05C619A6822F4884222F0070205F0E5
:1075E00007052A4342F488429A60FF225A62274ADA
:1075F000116841F480011160916841F4800191604B
:10760000D96821F48061D9604FF480035361204B25
:10761000F02283F803230320F4F786FF0620F8BD49
:1076200002250422B1E701250822AEE70025102239
:10763000ABE7A4F58034B4F5803F02DD1548D6F7FA
:10764000E7FB06259DE70022ACE7D7F7DBFC054604
:10765000B068D7F7D7FCF36804460122A5E70623F4
:10766000A3E79A6822F480429A60FF225A62074A8E
:10767000136823F480031360D0E700BFE703E80337
:10768000BC040020BC0E002000280040003C01404B
:1076900000E100E01FE6050838B505460C46FFF797
:1076A000E3FD022D18D16068D7F7ACFC00F2FF13A0
:1076B000B3F5806F02D31048D6F7AAFB0028CBBFE2
:1076C000C0F5007343424FF40042002200210B48F2
:1076D000F7F706FD062038BD084B1B68DA6BD86B40
:1076E0001304C0F30800BDE838404CBFC0F500707B
:1076F0004042DAF775BF00BF2AE60508540F0020A4
:1077000010B588B0FFF7B0FD03A9002219481A4C44
:10771000F7F7A4FC02A900221648F7F7C4FC9DF86D
:107720000E309DF80B0001939DF80D309DF80A2056
:1077300000939DF809109DF80C3000F5FA60F4F7FD
:10774000E3FA0E4BC01861F10003A0FB042104FB17
:1077500003110B48049B584300F5731000F6F730F3
:107760004FF47A7380085843801841F1000108B043
:1077700010BD00BF540F002000CA9A3B80BC92C7C6
:10778000F7C2FFFFB0F1006F2DE9F047964626D310
:10779000144E03274FF0000CD6F8089000254D45F5
:1077A00005EB0C0405D1013F06F10C0617D0A446E9
:1077B000F2E77268D6F80080013502FB05F308EBAA
:1077C000030A5045EBD211B19B1A43440B60BEF142
:1077D000000F01D0CEF800202046BDE8F0874FF022
:1077E000FF30FAE7FCBA060810B586B00446F9F790
:1077F0003DF80D4BF322DA60002102230122CDE98E
:10780000042320460A460191FFF7BCFF0091039034
:10781000694601A801F004FF0446F9F739F8034B63
:10782000185D404206B010BD003C0240589006086A
:107830002DE9F041074688461646F9F717F8002566
:10784000B54207D10024F9F723F8094B185D4042EF
:10785000BDE8F08158F82520002307EB85010220C0
:10786000F9F720F804460028EDD10135E8E700BF1C
:107870005890060813B501AA69460446FFF782FF2F
:10788000054B009A1B68934203BF0448E41A001991
:10789000204602B010BD00BF7C0F002000C00120B8
:1078A00010B5164C2378D9070AD523785A0708D47F
:1078B000134B1868FFF798FF237843F004032370F5
:1078C00010BD23789B070ED50E4B0F491A680C4B41
:1078D00092081868FFF7ACFF00212170BDE8104046
:1078E0000120FBF771BA01F09FFE084B1B68C01A1C
:1078F00041F287339842E7D8E2E700BF800F0020CB
:107900007C0F0020780F002000C00120740F0020A1
:1079100038B5EFF31185602383F31288084C237880
:10792000DA0706D5237843F0020323702378DB07B8
:1079300003D485F31188002038BDFFF7B1FFF5E7C8
:10794000800F00202DE9F34101AA6946174D184F19
:107950000446FFF717FF174B019A5B1B9A4288BF3B
:1079600001933A68009B9A420CD0FFF7D1FFDDE902
:1079700000860E4832464146F3F7B0F80E4BC7F882
:1079800000801E600D4A1378012143F00103084670
:107990001370FBF719FA01F047FE094B1860009BC2
:1079A000E01A284402B0BDE8F08100BF00C0012009
:1079B0007C0F002000000220780F0020800F0020A4
:1079C000740F0020013808B506281FD8DFE800F042
:1079D000041E1A0F1E1E17000E4A002313700E4AB3
:1079E0004FF0FF3111600D4A1360002006E00C4893
:1079F0000C4BC01A48BF00F2FF10401208BDFFF741
:107A00004FFFF2E7BDE80840FFF782BF6FF01500B7
:107A1000F4E700BF800F00207C0F0020740F0020CF
:107A2000004001080040000810B50D4B04460D4809
:107A30001B1A48BF03F2FF13B1EB632F01D30020E1
:107A400010BD00EB4120431CF9D0FFF713FF4FF4AA
:107A5000007201462046F3F741F80120F0E700BF2D
:107A6000004001080040000838B5104B054610489A
:107A70001B1A48BF03F2FF13B1EB632F01D30020A1
:107A800038BD00EB4120431CF9D0EFF31184602393
:107A900083F31288FFF756FF4FF400722946F3F77D
:107AA0001DF884F311880120EAE700BF00400108B7
:107AB00000400008054B994202D10549CAF7A0B819
:107AC000D1E901230349CAF79BB800BF98BB060858
:107AD00031E6050839E6050808B50A4B197879B981
:107AE00001201870084B094A5A60FFF76BFF084BDA
:107AF000602283F80423BDE808400420F4F714BD95
:107B000008BD00BF810F00207C0B0020F901002080
:107B100000E100E008B500210420FFF753FF00F565
:107B2000807008BD00210720FFF74CBF0021032013
:107B3000FFF748BF38B5044608461546D7F762FA3E
:107B40000138052828D8DFE800F0061A1A1E031CA1
:107B500040F2014038BDFFF7BFFF2846D7F752FA81
:107B6000012804D00020400040F00100F2E70B4B58
:107B70009C4201D02073F5E74FF0FF30F3E7FFF7A9
:107B8000D5FF0120E6E7054B9C4202D1FFF7C2FF7B
:107B9000E9E7A068400AE6E70620DBE798BB0608AD
:107BA00038B504460D46002940F098804FF4DF7246
:107BB000F2F7DEFF29460420FFF704FF431B18BF3E
:107BC0004FF0FF3384F8BF3184F8C03184F8C131FD
:107BD00084F8C33184F8C43184F8C531030A84F8C9
:107BE000CB31030C012284F8CA0184F8CC31000E99
:107BF000552384F8BE5184F8C22184F8C65184F814
:107C0000C72184F8C85184F8C95184F8CD0184F89B
:107C1000CE5184F8CF5184F8D05184F8D15184F8F2
:107C2000D25184F8D35184F8D45184F8D55184F8D2
:107C3000D65184F8D75184F8D85184F8D95184F8B2
:107C4000DA5184F8DB5184F8DC5184F8DD5184F892
:107C5000DE5184F8FE31AA2384F8DF5184F8E05124
:107C600084F8E15184F8E25184F8E35184F8E45156
:107C700084F8E55184F8E65184F8E75184F8E85136
:107C800084F8E95184F8EA5184F8EB5184F8EC5116
:107C900084F8ED5184F8EE5184F8EF5184F8F051F6
:107CA00084F8F15184F8F25184F8F35184F8F451D6
:107CB00084F8F55184F8F65184F8F75184F8F851B6
:107CC00084F8F95184F8FA5184F8FB5184F8FC5196
:107CD00084F8FD5184F8FF31012038BDFF2905D813
:107CE0004FF400720021F2F743FFF5E70021042072
:107CF000FFF768FE00F58070A84206D9A5F58071EF
:107D00002046BDE83840FFF78FBE0020E5E770B59C
:107D10000C4605465618B44201D1002070BD2146DC
:107D20002846FFF73DFF05F5007501340028F2D124
:107D30006FF00400F2E7F0B5074685B0D1E90060C6
:107D40000D46D7F75FF90622044601A9A868D7F7C0
:107D50008BFB032F12D17168029A01980029B8BFDA
:107D600001F2FF1104EB6121520A01F58071FFF766
:107D7000CEFF400040F0010005B0F0BD6FF0040000
:107D8000F7E7FF2938B505460C460ED90021042037
:107D9000FFF718FE00F58070A04208D9A4F58071A5
:107DA0002846BDE83840FFF75FBE012038BD0020FF
:107DB000FCE770B50C4605465618B44201D10020C8
:107DC00070BD21462846FFF7DCFF05F5007501343C
:107DD0000028F2D16FF00400F2E7F0B5074685B055
:107DE000D1E900600D46D7F70DF90522044601A937
:107DF000A868D7F739FB032F12D17168029A01984E
:107E00000029B8BF01F2FF1104EB6121520A01F50C
:107E10008071FFF7CEFF400040F0010005B0F0BDDB
:107E20006FF00400F7E7000038B504460D46FFF791
:107E300071FE621CA0F580704FEA402012D00F4BFB
:107E400023400BB1062038BDA042FBD96B1C0BD1DF
:107E5000051B0B491020D6F7CEFF0023C0E90145D2
:107E60000373F0E70024F1E7002DEBDD6319834293
:107E7000E8D8C5F30803002BEBD0E3E7FF0100804F
:107E800030BB06081FB5084611461A4602AB0193DF
:107E90000A4B00930223D6F713FDDDE9020100EA45
:107EA0000103013306D0FFF7BFFF062803D10020EE
:107EB000D5F7AEFF024805B000BD00BF20BB0608E5
:107EC00098BB06080C4B036083880C4A426143F060
:107ED00005038380012380F84830094B094AC360B9
:107EE000094B4064C0E90823084A8262084A0361DA
:107EF000C0E90D23704700BF708606080F7D050896
:107F00008CBB060880BB060898BB0608B37D050835
:107F100078BB06087FB5FFF7A7F901A90022114831
:107F2000F7F79CF8002269460E48F7F7BCF89DF871
:107F300002309DF801209DF803001B0443EA4253E0
:107F40009DF8042043EAC2239DF8052043EA42132A
:107F50009DF80620143043EA520343EA406007B01C
:107F600000BD00BF540F002038B50D46D7F74AF8C2
:107F700004462846D7F746F8FA28A8BFFA20322840
:107F800004F1FF33B8BF3220032B05D8DFE803F03C
:107F90000206090C064B5863062038BD044B986353
:107FA000FAE7034BD863F7E7014B1864F4E700BF27
:107FB000000C004038B50D46D7F724F80446284693
:107FC000D7F720F8024BDC62D863062038BD00BF2B
:107FD000000C0040F0B501280C6887B006460D463D
:107FE0002CD1207A00EB80004000DAF7F9FA0190FA
:107FF000607A00EB80004000DAF7F2FA0290A07A93
:1080000000EB80004000DAF7EBFA0390A37AE07A05
:10801000184400EB80004000DAF7E2FA0490207B7D
:10802000A37A184400EB80004000DAF7D9FA01A9DE
:1080300005900520DEF796FE07B0F0BD032828D98D
:108040004868D6F7DFFF0A2790FBF7F02072A86890
:10805000D6F7D8FF90FBF7F06072E868D6F7D2FF4A
:10806000042E90FBF7F0A07211D0062E11D12869D2
:10807000D6F7C8FFA37A90FBF7F0C01AE0726869E0
:10808000D6F7C0FFA37A90FBF7F0C01A2073062042
:10809000D2E7024902483246D5F7BDF851E6050855
:1080A000E41F0608054ACB898A1A0549D2104A43BB
:1080B0000A214B4301320349C9F7A2BD840F0020B6
:1080C000ABAAAAAA68E60508F0B51C46084689B01E
:1080D00011464FF00212D6F767FB2068D6F792FFE1
:1080E000461E032E024603D918491948D5F793F8BE
:1080F000184D1949182404FB065400226068E389CE
:1081000023820389A282C3F34313CF5C022319465F
:10811000F9F7EEF9114B1B6C1B0701D4F9F7CAFFF5
:1081200060230193182303FB06553A46EB8902931B
:1081300001A900230A4803930593F8F702F839468A
:108140000748F8F77BF8204609B0F0BD7BE6050844
:108150009C1F0608840F0020A8BB060800380240B8
:10816000C00B0020124BF0B5DFF858E004211A468E
:108170004FF0400CF2279624612646250020013955
:10818000C3F800E083F808C05F729C72DE721D7352
:10819000DC811882988203F11803F0D1054B5360FB
:1081A000054BD361054B5363054BD364F0BD00BF52
:1081B000840F0020BCC50608A8C5060894C506089B
:1081C00080C50608ACBB06081E4B30B5042400254C
:1081D000D8891A8A904218D0197A8A4202D2198212
:1081E0000A4602E0597A8A42F9D8998A012918D8B0
:1081F000DA8100215A6899821289D989C2F343121F
:10820000920002F18042C2F8341C013C03F11803D1
:10821000DED10D4B1B68DA688DB142F00102DA60E5
:1082200030BD5D8A2D1A2A4412B292FBF1F501FB92
:1082300015222844D8815A8201390125DAE722F033
:108240000102ECE7840F0020C00B0020F8B52DEDF3
:10825000028B0C680746012FA57A207B0E460BD1B6
:10826000BDEC028BE38964225B1B534393FBF0F06C
:10827000BDE8F840DAF7B4B907EE900A4868B8EEFE
:10828000678AD6F715FF9FED107A28EE008A022F35
:10829000C8EE077AFDEEE77A17EE903A1D44258284
:1082A00007D10023A382FFF78FFFBDEC028B0620CE
:1082B000F8BDB068D6F7A6FE142390FBF3F00023B8
:1082C000A0826382EFE700BF0000C842F8B52DED41
:1082D000028B0C680746012FA57AE07A0E460BD177
:1082E000BDEC028BE3895A225B1B534393FBF0F0F6
:1082F000BDE8F840DAF774B907EE900A4868B8EEBE
:10830000678AD6F7D5FE9FED107A28EE008A022FF5
:10831000C8EE077AFDEEE77A17EE903A1D44258203
:1083200007D10023A382FFF74FFFBDEC028B06208D
:10833000F8BDB068D6F766FE142390FBF3F0002377
:10834000A0826382EFE700BF0000B442012838B585
:108350000C684FF00A0505D1E0896843BDE8384054
:10836000DAF73EB94868D6F74DFE002390FBF5F0EA
:10837000A3822082FFF728FF062038BD064A01218C
:108380001368814023EA01031360116802238340CC
:108390000B431360704700BF0074004030B5094CB8
:1083A00001252368854023EA05032360236841F6FD
:1083B000FE758540114323EA050381400B4323608A
:1083C00030BD00BF0074004008B50079FFF7D6FF4C
:1083D000062008BD13B5F9F7A1FE202200230446AC
:1083E0006946CDE90023F8F721F82046F7F7CFFBDF
:1083F00002B010BD2DE9F0411E46174B07461C6820
:108400000079C44024F00204E404E40C41F00103C8
:108410009C420D4690461CD0104B114A002814BFB8
:1084200010461846FBF733FA294638794246FFF7DB
:10843000B5FF01210B4A0C4B002808BF1A461660F5
:1084400029B1054A0123116883400B431360BDE83D
:10845000F0810021EEE700BF00740040549A060846
:10846000449A0608147400400874004010B504468D
:108470000846D6F7C7FDFFF7ADFF2046E279002397
:1084800040F68431FFF7B6FF062010BD10B5044654
:108490000846D6F7B7FDFFF79DFF2046E279002397
:1084A00040F64431FFF7A6FF062010BD10B5044684
:1084B0000846D6F7A7FD6379A279C3F10C0300FA49
:1084C00003F300212046FFF795FF062010BD0000B2
:1084D0002DE9F04F8BB004AB51F8046B0193454B81
:1084E000009301380323D6F78DF90498052207A9D4
:1084F000D6F7BAFF0598C40705D4810709D10268E9
:108500003D4B9A4205D1D6F77DFDFFF763FF04216D
:1085100028E00E28F7D01E28F5D0FAF7CBFB04464A
:108520000023202202A9CDE90223F7F77FFF236869
:10853000B3F1804F15D0314A934253D002F5806297
:10854000934251D002F580629342E0D002F58062FE
:1085500093424BD002F57042934249D02848D5F758
:1085600057FC24213579F279264C284641F4805174
:10857000FFF714FF244B71792448254E002D08BFC6
:108580001C4608291EBF089B5B08089306AF97E8A6
:1085900080050CBF89464FF00009082914BF4FF42D
:1085A000205B4FF0000B002D18BF06462046FBF75E
:1085B0006EF947EA0B01204641F04001FBF74CF908
:1085C0001FFA8AF309EB060220464146FBF77CF9C5
:1085D000104B01201A68A8401043186006200BB009
:1085E000BDE8F08F2C21BDE71C21BBE71421B9E7C2
:1085F0000C21B7E74CBC0608E0250608000800403F
:1086000088E60508449A0608549A0608147400403F
:1086100008740040007400400B79002B18BF022240
:108620004B79024908BF0122C9F7EABA9FE605085B
:1086300070B586B00546084611461A4604AB01934C
:108640001E4B00930223D6F7DDF81D4E2C791D48F2
:1086500000239C4218BF30461A460321F8F748FF12
:108660000024194B03941A6C184942F000521A6402
:108670001B6C287903F000530393039B0B680122C2
:10868000824023EA02030B60049B23F00402082AC1
:1086900008D16B710598062807D10223AB71EC71E4
:1086A00006B070BD0A48D5F7B3FBD6F7EFFD10B999
:1086B00002231C46F2E72346FBE700BF3CBC06084A
:1086C00058C506086CC50608003802400074004012
:1086D000B0E60508F0B50D4617461E46234A284663
:1086E00085B03946D6F760F83068C20705D48307ED
:1086F00025D102681E4B9A4221D1D6F783FC01286E
:10870000024629D100231B491B48013A01EBC20450
:1087100041F832002371637913B1012D00D85FB1A4
:1087200006EB8502394601A8D6F705F901AB321DE3
:10873000691E2046FFF77CFF204605B0F0BDFAF722
:1087400097FD0E4B98420BD00D4B98420AD0828871
:108750000C490D48D4F75FFD022804D00B49F8E717
:108760000122CFE702221023CDE700BFFFFF030065
:10877000E0250608E40F002064BC06086CC5060866
:1087800058C50608B4E605089C1F0608BDE605089E
:1087900010B50C4613460A1D411E2068FFF748FF1E
:1087A000062010BD08B50020FFF7E8FDBDE8084031
:1087B0001020FFF7E3BD0000C10701D5012070477D
:1087C000820703D10268054B9A42F7D00E28F5D0F4
:1087D000A0F11E0358425841704700BFE02506082B
:1087E0001FB50123CDE90013A1F11103012B0AD913
:1087F000064B99420CBF0721012102916946F3F70C
:10880000D1FD05B000BD0721F7E700BF1200001041
:1088100038B50D4604460749C8F73DFE696820464D
:108820000022D6F709FBAA6803492046BDE8384074
:10883000C9F7E6B9C8E605089AD5050838B504466B
:1088400000F0F2FE054623681B689B0704D400F085
:10885000EBFE401B0A28F6D938BD2DE9F04F85B054
:10886000164680460622084601A9D6F7FDFD9DF86A
:108870000C1000224020DFF741FF82463046FFF710
:108880009BFF30B33046D6F7BDFBF9F747FC0446F3
:10889000F7F77DF908F10C07D8F8081038460025DD
:1088A0006FF0010BFFF79CFF029BB3FBFAF94D45FC
:1088B00014D13846F3F75AFD3046FFF77DFF10B16B
:1088C0002046F7F771F90298D9F78AFE05B0BDE89E
:1088D000F08F3046FAF7EEF90446DBE723681A69B1
:1088E000D207FCD5C3F810B0BDB93846F3F7DEFCAB
:1088F0003846FFF7A3FFD8F80C300199DB6C9DF8E0
:108900000C00BAF1010F08BF1B095B002A4643F0B7
:108910000103E0F73DF90135C9E7D8F80C20936869
:1089200043F080439360E3E72DE9F04F8FB000AF51
:108930000D46144607F1100107F11802D6F70AFC9C
:1089400007F11C0207F114012846D6F703FC3B6926
:1089500013B95448D5F75CFA7A69934201D052486A
:10896000F8E7FB690622186807F12001D6F77CFDBD
:1089700097F8281000224020DFF7C0FE7B69F860DE
:108980009B00073323F00703ADEB030DE9460025F9
:108990007B69AB4239D82046FAF78CF9BB691C6871
:1089A0008346A16804F10C00FFF71AFF04F10C00E4
:1089B000F3F77CFC04F10C00FFF740FFE368DB6C8D
:1089C000DBF800306FF001021A611A69D007FCD59C
:1089D0006FF0010A7D6AC3F810A04FF00108FB6830
:1089E000B5FBF3F30025BB60BB689D4224D1BB6996
:1089F00018680C30F3F7BAFCB8F1000F0CBF0E206A
:108A00001E203C37BD46BDE8F08FFB69062253F8B7
:108A1000250007F12C01D6F727FD7A6A3B6B9A42B5
:108A200003D1BA6A7B6B9A4201D0204892E7FB6A75
:108A300049F825300135ABE7DBF800301969C90783
:108A40000AD41969CA07FCD5C3F810A000243B69F1
:108A5000A34204D80135C7E74FF00008F4E7BB692B
:108A600053F8246006F10C00B1687860FFF7B8FE97
:108A7000F3687868996841F080419960FFF7DEFEFD
:108A8000F368FA68DB6C59F8241097F82800012A7B
:108A900008BF1B095B0043F001032A46E0F778F8A2
:108AA0000134D4E7D1E60508DDE60508F0E605085F
:108AB00017B400230E4A0193546C44F48074546438
:108AC000526C816002F480720192019A83610122EA
:108AD000C261426102F17062C0E90833C0E90A2351
:108AE000C0E903334360036303B010BCF3F734BB46
:108AF0000038024070B51C46084611464FF002127D
:108B0000D5F752FE2668F10705D4B2070BD13268BB
:108B1000224B9A4207D13046D6F774FA1028044601
:108B200014D11F4C17E03046FAF7A2FB837A5B079B
:108B300004D482881B491C48D4F76DFB8468C4F3B5
:108B40004434122C1DD919492246F4E7122818D9A9
:108B5000134B9842F7D15420C7F78CFB44220546AB
:108B600000211030F2F704F8114BAC602846C5E93B
:108B70000036104B40F80C3F0021FFF799FF2846C4
:108B800070BD0F2CE7D80C4B53F824000028E2D01E
:108B900000231A460321F8F7ABFCDCE7E0250608C2
:108BA0001200001002E705089C1F060809E70508E7
:108BB00088BD060800200140F0BD060870B50446D7
:108BC0000E46FFF70DFE2046F3F770FB2046FFF739
:108BD00035FE23682046DD6CF3F7C8FB122E01BF7B
:108BE000034A536823F480035360284670BD00BFD6
:108BF0000023014008B581680C30FFF7DFFFBDE8B6
:108C00000840D9F7EDBC000010B504460846D6F779
:108C1000F9F9102802460CD0122802D9084B9842C4
:108C200009D1201D1146FFF7C9FFBDE81040D9F753
:108C3000D7BC034AF5E703490348D4F7ECFA00BF71
:108C40001200001009E705089C1F06082DE9F843EB
:108C50008B1F04469046062B26D8DFE803F02A2512
:108C60002D25042523004FF08076DFF86090002545
:108C7000012707FA05F313EA080F07D059F8250072
:108C800020B100231A460321F8F732FC0135102DDC
:108C9000EFD120460A4B40F8043F3146BDE8F84387
:108CA000FFF706BF0026E0E70A4606480649D4F764
:108CB000B2FA4FF04076D8E74FF00076D5E700BF24
:108CC000002001409C1F06081CE70508F0BD0608AF
:108CD000F8B50E46304611460D4A1D46D5F764FDDF
:108CE0000C494C20D6F787F804462868D6F78AF94D
:108CF000012E074609D96868D6F784F9024620464E
:108D00003946FFF7A3FF2046F8BD4FF0FF32F6E7E4
:108D1000040002000CBD060803685B6803F04073A2
:108D2000B3F1007F08D0B3F1407F07D0B3F1807F6B
:108D30000CBF0A200C20704708207047062070479F
:108D400010B50446FFF73AFF02462046FFF7E4FF5E
:108D5000C0F10C0002FA00F010BD000008B5114986
:108D6000FFF7EEFF104A9FED116A938DD28DD21A54
:108D700007EE902AF8EEE77A07EE100AC7EE866A49
:108D80000B4A07EE903A92ED006AB8EEC77AF8EE19
:108D9000E77AD7EE067A87EEA60AF3EE0E7A30EE81
:108DA000270A08BD12000010007AFF1F0000A04231
:108DB000B804002008B50430FFF7D0FFBDE8084034
:108DC000D8F7A0BB08B51221FFF7BAFF074B9FEDFC
:108DD000087A93ED000A830007EE903AF8EE677A7E
:108DE00067EE877A27EE800A08BD00BFB80400202E
:108DF0006740533A08B50430FFF7E4FFBDE8084088
:108E0000D8F780BB08B51121FFF79AFF0A4B5B8D9D
:108E100007EE900A00EE103AF8EE677AF8EE406A34
:108E2000064B86EEA77AB8EEC00ADFED057A83ED31
:108E3000007A20EE270A08BD007AFF1FB804002040
:108E40006740533A08B50430FFF7DCFF054BDFED10
:108E5000067A93ED000ABDE8084020EE270AD8F70D
:108E600051BB00BFB80400203333534008B5043071
:108E7000FFF7C8FFBDE80840D8F744BB81F00041C8
:108E800002E000BF83F0004330B54FEA41044FEAEF
:108E9000430594EA050F08BF90EA020F1FBF54EA8A
:108EA000000C55EA020C7FEA645C7FEA655C00F026
:108EB000E2804FEA5454D4EB5555B8BF6D420CDDF7
:108EC0002C4480EA020281EA030382EA000083EA7A
:108ED000010180EA020281EA0303362D88BF30BD1A
:108EE00011F0004F4FEA01314FF4801C4CEA113170
:108EF00002D0404261EB410113F0004F4FEA0333CF
:108F00004CEA133302D0524263EB430394EA050F59
:108F100000F0A780A4F10104D5F1200E0DDB02FAC8
:108F20000EFC22FA05F2801841F1000103FA0EF25C
:108F3000801843FA05F359410EE0A5F120050EF122
:108F4000200E012A03FA0EFC28BF4CF0020C43FA53
:108F500005F3C01851EBE37101F0004507D54FF060
:108F6000000EDCF1000C7EEB00006EEB0101B1F5B0
:108F7000801F1BD3B1F5001F0CD349085FEA3000F6
:108F80004FEA3C0C04F101044FEA445212F5800F01
:108F900080F09A80BCF1004F08BF5FEA500C50F19E
:108FA000000041EB045141EA050130BD5FEA4C0C81
:108FB000404141EB0101013C28BFB1F5801FE9D2DE
:108FC00091F0000F04BF01460020B1FA81F308BF01
:108FD0002033A3F10B03B3F120020CDA0C3208DDCD
:108FE00002F1140CC2F10C0201FA0CF021FA02F1A8
:108FF0000CE002F11402D8BFC2F1200C01FA02F118
:1090000020FA0CFCDCBF41EA0C019040E41AA2BF3C
:1090100001EB0451294330BD6FEA04041F3C1CDA04
:109020000C340EDC04F11404C4F1200220FA04F024
:1090300001FA02F340EA030021FA04F345EA0301CE
:1090400030BDC4F10C04C4F1200220FA02F001FA90
:1090500004F340EA0300294630BD21FA04F0294612
:1090600030BD94F0000F83F4801306BF81F48011AB
:109070000134013D4EE77FEA645C18BF7FEA655C1E
:1090800029D094EA050F08BF90EA020F05D054EAF0
:10909000000C04BF1946104630BD91EA030F1EBFF5
:1090A0000021002030BD5FEA545C05D140004941F9
:1090B00028BF41F0004130BD14F580043CBF01F5EC
:1090C000801130BD01F0004545F0FE4141F47001D2
:1090D0004FF0000030BD7FEA645C1ABF19461046AD
:1090E0007FEA655C1CBF0B46024650EA013406BFAE
:1090F00052EA033591EA030F41F4002130BD00BF6D
:1091000090F0000F04BF0021704730B54FF4806429
:1091100004F132044FF000054FF0000150E700BFAA
:1091200090F0000F04BF0021704730B54FF4806409
:1091300004F1320410F0004548BF40424FF00001F6
:109140003EE700BF42004FEAE2014FEA31014FEA39
:1091500002701FBF12F07F4393F07F4F81F0605188
:10916000704732F07F4208BF704793F07F4F04BFD3
:1091700041F40021704730B54FF4607401F00045B0
:1091800021F000411CE700BF50EA010208BF704710
:1091900030B54FF000050AE050EA010208BF704701
:1091A00030B511F0004502D5404261EB41014FF46A
:1091B000806404F132045FEA915C3FF4D8AE4FF072
:1091C00003025FEADC0C18BF03325FEADC0C18BF55
:1091D000033202EBDC02C2F1200300FA03FC20FAA6
:1091E00002F001FA03FE40EA0E0021FA02F11444F3
:1091F000BDE600BF4FEA4102B2F1E04324BFB3F540
:10920000001CDCF1FE5C0DD901F0004C4FEAC002FD
:109210004CEA5070B2F1004F40EB830008BF20F0E1
:109220000100704711F0804F21D113F13872BCBF9B
:1092300001F00040704741F480114FEA5252C2F1F0
:109240001802C2F1200C10FA0CF320FA02F018BF39
:1092500040F001004FEAC1234FEAD32303FA0CFC8C
:1092600040EA0C0023FA02F34FEA4303CCE77FEA1B
:10927000625307D150EA01331EBF4FF0FE4040F465
:109280004000704701F0004040F0FE4040F4000014
:10929000704700BF7BB972B90029BEBF00204FF0F4
:1092A000004106E008BF00281CBF6FF000414FF0EE
:1092B000FF3000F0B3B9ADF1080C6DE904CE002920
:1092C00009DB002B1ADB00F04DF8DDF804E0DDE9E6
:1092D000022304B07047404261EB4101002B1BDBCD
:1092E00000F040F8DDF804E0DDE9022304B040427C
:1092F00061EB4101524263EB43037047524263EB1F
:10930000430300F02FF8DDF804E0DDE9022304B0A8
:10931000404261EB41017047524263EB430300F06E
:1093200021F8DDF804E0DDE9022304B0524263EBEA
:109330004303704753B94AB9002908BF00281CBF2E
:109340004FF0FF314FF0FF3000F068B9ADF1080C7D
:109350006DE904CE00F006F8DDF804E0DDE9022353
:1093600004B070472DE9F047089F154604468E4625
:109370001E46002B40F0D2808A424DD9B2FA82FCC0
:10938000BCF1000F02FA0CF3CCF1200E18BF1D4601
:1093900020FA0EFE01FA0CF34EEA030E00FA0CF36B
:1093A0000CBF8E461C464FEA1548A8B2BEFBF8F12A
:1093B000220C08FB11EE01FB00F342EA0E4293423D
:1093C00006D9AA1801F1FF3E01D293421ED8714678
:1093D000D21AA4B2B2FBF8F308FB1322584344EAB2
:1093E0000244A04206D92C1903F1FF3201D2A04257
:1093F0000FD81346241A43EA014027B124FA0CF48B
:1094000000233C607B603146BDE8F08702392A4486
:10941000DEE7023B2C44EDE7002A71D0B2FA82F37A
:10942000DBB31E46C6F1200302FA06F521FA03F269
:10943000B14020FA03F30B434FEA154E00FA06F44D
:109440001FFA85FCB2FBFEF00EFB10211A0C00FB8C
:109450000CF842EA0142904506D9AA1800F1FF3102
:1094600001D290454ED80846A2EB08029BB2B2FB4F
:10947000FEF10EFB112201FB0CFC43EA02439C456A
:1094800006D9EB1801F1FF3201D29C453DD81146B7
:10949000A3EB0C0341EA004101E08B1A01214FEAE2
:1094A000154E1FFA85FCB3FBFEF0220C0EFB1033A9
:1094B00000FB0CF842EA0342904506D9AA1800F1D5
:1094C000FF3301D2904523D81846A2EB0802A4B27C
:1094D000B2FBFEF30EFB132203FB0CFC44EA024436
:1094E000A44506D92C1903F1FF3201D2A44512D8A4
:1094F0001346A4EB0C0443EA0040B4460E467CE756
:109500001F268FE702382A44AEE702392B44BFE713
:1095100002382A44D9E7023B2C44EAE78B4205D9BA
:109520000FB1C7E90001002630466CE7B3FA83FCAF
:10953000BCF1000F0FD18B4201D3824209D8841AAB
:1095400061EB030301209E460FB1C7E9004E0026E0
:1095500059E76046F8E7CCF1200E03FA0CF322FA43
:109560000EF521FA0EF41D4301FA0CF320FA0EF168
:1095700019434FEA154900FA0CF61FFA85F8B4FBB7
:10958000F9F009FB104A0C0C00FB08F344EA0A440A
:10959000A34202FA0CF206D92C1900F1FF3A01D2CB
:1095A000A34235D85046E41A89B2B4FBF9F309FB5B
:1095B000134403FB08F841EA0441884506D96918B9
:1095C00003F1FF3401D2884525D8234643EA004001
:1095D000A1EB0801A0FB029841454C46434602D34B
:1095E00006D14E4504D2B9EB020468EB05030138FD
:1095F000002FACD0321B61EB030101FA0EFE22FA00
:109600000CF34EEA030321FA0CF1C7E900319EE79F
:1096100002382C44C7E7023B2944D7E7704700BF14
:109620005FF800F0990300205FF800F03504002097
:109630005FF800F0490300205FF800F0C50100204A
:109640000000000001020304000000000000000010
:10965000010203040607080948414C5F5243435F77
:109660004F7363436F6E6669670048414C5F5243B6
:10967000435F436C6F636B436F6E66696700FFCE39
:1096800095CD0051282573290A0063616E27F46483
:109690006F65736E27F46F626A6563F4696E766155
:1096A0006C69E4617267756D656EF4272571A76D4D
:1096B0007573F4617267756D656E74F366756E63CC
:1096C00074696FEE6E6FF4272573A7666F726D6114
:1096D000F465786973F4756E737570706F72746584
:1096E000E425E474EF62E56FE6747970E5636F6E0C
:1096F000766572F4657870656374F3746FEF726504
:109700007175697265E4696D706C656D656E74651F
:10971000E4666FF26B6579776F72E46C656E6774FF
:10972000E8737472696EE7706F736974696F6E6164
:10973000ECE17370656369666965F2737570706FEB
:10974000727465E4696E6465F869EE69F37769744B
:10975000E861EE6172E76174747269627574E5655F
:109760007870656374696EE7686176E5696E746543
:109770006765F26361706162696C69746965F36160
:109780006EE4656D7074F969736E27F472616E67CB
:10979000E572657175697265F372657365727665F8
:1097A000E476616C75E561737369676E6D656EF47F
:1097B0006964656E7469666965F250696E28257121
:1097C000A9636F6D706C65F86F7574736964E56794
:1097D000656E657261746FF2457874496EF46E61FE
:1097E000746976E573796E7461F865787065637491
:1097F00065E46EEF6FF26F766572666C6FF7736596
:109800007175656E63E566726FED61667465F2652C
:1098100072726FF26669656CE46861F3696EF46D8B
:10982000697373696EE76E656564F3756E6B6E6F71
:1098300077EE6275666665F27265747572EE414424
:10984000C354696D6572282564A96C6F6EE76E61FB
:109850006DE56F7065726174696FEE6F75F47265B6
:10986000646566696E65E462617564726174E5637E
:10987000616C6C61626CE56C617267E56D756C744E
:1098800069706CE56E656761746976E56E6F6E6C24
:109890006F6361EC72656769737465F27475706CFF
:1098A000E543414E282564A9616C6C6F7765E461DE
:1098B0006C72656164F96275F464656661756CF477
:1098C000737472756374BA737570706F72F47469BF
:1098D0006D656F75F425F161F4626974F3636F640B
:1098E000E5667265F16C6973F46D616EF96E6565BC
:1098F000E47A6572EF696D706F72F46E756D626512
:10990000F273636B2F6D6F73692F6D6973EF7370F3
:109910006563696669636174696FEE76616C75652C
:10992000F3766563746FF2696E636F6D706174696D
:10993000626CE56973737562636C61737328A92542
:10994000F354696D65F263616C6962726174696F89
:10995000EE636C6173F3666F756EE467697665EE4E
:10996000676FF4696E737472756374696FEE6C611E
:109970006265EC6C6F6361EC6D617463E87069EE55
:109980007365F40025236F00252378002E2E2E20EA
:10999000002E66726F7A656E002F666C61736800C8
:1099A0002F666C6173682F6C6962002F7364002FDF
:1099B00073642F6C6962003C737464696E3E003C92
:1099C000737472696E673E003E3E3E200041444320
:1099D0000041444331004144433132335F434F4DF2
:1099E0004D4F4E0041444332004144433300414413
:1099F00043416C6C004144435F4352310041444356
:109A00005F435232004144435F4452004144435F4C
:109A1000485452004144435F4A4452310041444358
:109A20005F4A445232004144435F4A44523300414A
:109A300044435F4A445234004144435F4A4F4652D4
:109A400031004144435F4A4F465232004144435F34
:109A50004A4F465233004144435F4A4F4652340016
:109A60004144435F4A535152004144435F4C545276
:109A7000004144435F534D505231004144435F53D2
:109A80004D505232004144435F53515231004144E2
:109A9000435F53515232004144435F5351523300AC
:109AA0004144435F5352004146315F54494D3100B8
:109AB0004146315F54494D32004146325F54494D71
:109AC00033004146325F54494D34004146325F54C1
:109AD000494D35004146335F54494D3130004146D0
:109AE000335F54494D3131004146335F54494D385D
:109AF000004146335F54494D39004146345F493295
:109B00004331004146345F49324332004146345FBD
:109B100049324333004146355F5350493100414695
:109B2000355F53504932004146355F535049330049
:109B30004146365F53504933004146375F535049E1
:109B400032004146375F53504933004146375F5535
:109B50005341525431004146375F555341525432BC
:109B6000004146375F555341525433004146385FF8
:109B70005541525434004146385F55534152543692
:109B8000004146395F43414E31004146395F434110
:109B90004E32004146395F54494D31320041463919
:109BA0005F54494D3133004146395F54494D31349A
:109BB0000041465F494E45540041465F494E455479
:109BC000360041465F4F440041465F505000414CD3
:109BD0005400414C545F4F50454E5F445241494EF2
:109BE00000414E414C4F470041505F4946004152B1
:109BF000524159004155544F004246494E54313666
:109C0000004246494E543332004246494E543800D1
:109C1000424655494E54313600424655494E54331A
:109C20003200424655494E54380042465F4C454E3C
:109C30000042465F504F53004249475F454E4449FA
:109C4000414E00424F54480042524B5F48494748FA
:109C50000042524B5F4C4F57004279746573494F35
:109C60000043414E004345430043454E5445520096
:109C700043495243554C415200434F52455F54456E
:109C80004D5000434F52455F5642415400434F529E
:109C9000455F5652454600435243004352435F439B
:109CA00052004352435F4452004352435F4944527F
:109CB000004354530043616E63656C6C6564457288
:109CC000726F72004430004431004431300044313E
:109CD00031004431320044313300443134004431E6
:109CE00035004433004434004435004436004437E2
:109CF00000443800443900444143004441433100AA
:109D00004441435F4352004441435F44485231322F
:109D10004C31004441435F44485231324C3200449C
:109D200041435F44485231324C44004441435F4414
:109D3000485231325231004441435F44485231323B
:109D40005232004441435F4448523132524400444D
:109D500041435F444852385231004441435F4448D4
:109D600052385232004441435F4448523852440012
:109D70004441435F444F5231004441435F444F529A
:109D800032004441435F5352004441435F535754B0
:109D900052494752004442474D4355004442474DC3
:109DA00043555F41504231465A004442474D435566
:109DB0005F41504232465A004442474D43555F434B
:109DC00052004442474D43555F4944434F44450088
:109DD00044434D490044454550534C4545505F521E
:109DE0004553455400444D413100444D41320044F7
:109DF0004D415F484946435200444D415F484953F5
:109E00005200444D415F4C4946435200444D415F2E
:109E10004C495352004465666C617465494F004576
:109E20004143434553004541444452494E555345EF
:109E30000045414741494E0045414C524541445936
:109E40000045424144460045434F4E4E41424F5229
:109E50005445440045434F4E4E52454655534544A4
:109E60000045434F4E4E52455345540045455849D1
:109E700053540045484F5354554E524541434800B2
:109E800045494E50524F47524553530045494E564F
:109E9000414C0045494F0045495344495200454E05
:109EA000435F4100454E435F414200454E435F42A0
:109EB00000454E4F4255465300454E4F44455600CF
:109EC000454E4F454E5400454E4F4D454D00454E75
:109ED0004F54434F4E4E00454F504E4F54535550E4
:109EE0005000455045524D004552524F525F41433C
:109EF00054495645004552524F525F5041535349C1
:109F00005645004552524F525F5741524E494E47B7
:109F1000004554494D45444F5554004556545F46FD
:109F2000414C4C494E47004556545F524953494EA7
:109F300047004556545F524953494E475F46414C8E
:109F40004C494E47004558544900455854495F45CF
:109F50004D5200455854495F465453520045585499
:109F6000495F494D5200455854495F505200455889
:109F700054495F5254535200455854495F5357490E
:109F8000455200457874496E740046494C54455218
:109F9000535F4D415800464C41475F4558545F4917
:109FA0004400464C41475F52545200464C41475F83
:109FB000554E4F52444552454400464C415348008B
:109FC000464C4153485F41435200464C4153485F21
:109FD000435200464C4153485F4B45595200464C52
:109FE0004153485F4F5054435200464C4153485FE1
:109FF0004F505443523100464C4153485F4F5054E8
:10A000004B45595200464C4153485F535200464C11
:10A010004F4154333200464C4F4154363400464D84
:10A0200050493243310046616C73650046696C6586
:10A03000494F00466C617368004672616D654275F8
:10A0400066666572004672616D6542756666657228
:10A0500031004750494F41004750494F4200475057
:10A06000494F43004750494F44004750494F45002E
:10A070004750494F46004750494F47004750494FC6
:10A0800048004750494F5F41465230004750494FC2
:10A090005F41465231004750494F5F425352520090
:10A0A0004750494F5F4253525248004750494F5F13
:10A0B000425352524C004750494F5F494452004767
:10A0C00050494F5F4C434B52004750494F5F4D4FF3
:10A0D000444552004750494F5F4F44520047504952
:10A0E0004F5F4F535045454452004750494F5F4FD3
:10A0F0005459504552004750494F5F5055504452B3
:10A10000004753325F484D5342004753345F484D38
:10A1100053420047533800475A495000484152447F
:10A120005F52455345540049324354617267657428
:10A13000004932435F434352004932435F43523147
:10A14000004932435F435232004932435F44520078
:10A150004932435F464C5452004932435F4F4152AB
:10A1600031004932435F4F415232004932435F531D
:10A170005231004932435F535232004932435F54F7
:10A180005249534500494F42617365004952515F3E
:10A19000414444525F4D415443485F52454144005D
:10A1A0004952515F414444525F4D415443485F57C7
:10A1B00052495445004952515F454E445F52454112
:10A1C00044004952515F454E445F5752495445003F
:10A1D0004952515F46414C4C494E47004952515FEC
:10A1E000524541445F524551004952515F524953D3
:10A1F000494E47004952515F524953494E475F46C5
:10A20000414C4C494E47004952515F525800495207
:10A21000515F525849444C45004952515F53544193
:10A220005445004952515F5458004952515F5458A7
:10A230005F4641494C4544004952515F54585F497B
:10A2400044585F4D41534B004952515F54585F4948
:10A2500044585F5348494654004952515F57524948
:10A2600054455F52455100495744470049574447B8
:10A270005F4B5200495744475F505200495744478B
:10A280005F524C5200495744475F5352004C495368
:10A29000543136004C4953543332004C4954544CD9
:10A2A000455F454E4449414E004D41534B313600C8
:10A2B0004D41534B3332004D4153544552004D4FA5
:10A2C00044455F4C4F4F504241434B004D4F444536
:10A2D0005F4E4F524D414C004D4F44455F53494CEA
:10A2E000454E54004D4F44455F53494C454E545FD5
:10A2F0004C4F4F504241434B004D4F44455F534CF0
:10A30000454550004D4F4E4F5F484C5342004D4F16
:10A310004E4F5F484D5342004D4F4E4F5F564C538A
:10A3200042004D564C5342004E4154495645004E52
:10A330006F6E65004E6F74496D706C656D656E74FF
:10A340006564004F435F414354495645004F435FA6
:10A35000464F524345445F414354495645004F439D
:10A360005F464F524345445F494E41435449564529
:10A37000004F435F494E414354495645004F435FA8
:10A3800054494D494E47004F435F544F47474C4552
:10A39000004F4E455F53484F54004F55545F4F4454
:10A3A000004F55545F5050004F72646572656444AD
:10A3B00069637400504130005041310050413130E8
:10A3C00000504131310050413132005041313500AF
:10A3D000504132005041330050413400504135006B
:10A3E000504136005041370050413800504139004B
:10A3F0005042300050423100504231300050423122
:10A400003200504231330050423134005042313535
:10A410000050423200504233005042340050423526
:10A420000050423600504237005042380050423906
:10A43000005043300050433100504331300050430E
:10A4400031310050433132005043313300504331F9
:10A4500034005043313500504332005043330050F4
:10A4600043340050433500504336005043370050CA
:10A470004338005043390050443200504552494F50
:10A48000444943005048300050483100504F4C4C34
:10A4900045525200504F4C4C48555000504F4C4C78
:10A4A000494E00504F4C4C4F5554005054520050A0
:10A4B000554C4C5F444F574E0050554C4C5F4E4FDF
:10A4C0004E450050554C4C5F55500050574D005074
:10A4D000574D5F494E56455254454400505752001F
:10A4E0005057524F4E5F5245534554005057525F9C
:10A4F0004352005057525F4353520050696E005010
:10A50000696E4146005155414453504900524343FE
:10A51000005243435F41484231454E52005243434B
:10A520005F414842314C50454E52005243435F41D7
:10A5300048423152535452005243435F41484232E1
:10A54000454E52005243435F414842324C50454EC3
:10A5500052005243435F41484232525354520052D8
:10A5600043435F41484233454E52005243435F41AB
:10A570004842334C50454E52005243435F4148429B
:10A580003352535452005243435F41504231454E7F
:10A5900052005243435F415042314C50454E5200AD
:10A5A0005243435F4150423152535452005243434D
:10A5B0005F41504232454E52005243435F41504248
:10A5C000324C50454E52005243435F41504232524A
:10A5D000535452005243435F424443520052434358
:10A5E0005F43464752005243435F43495200524340
:10A5F000435F434B474154454E52005243435F43F0
:10A6000052005243435F435352005243435F44431B
:10A610004B43464752005243435F44434B434647F4
:10A620005232005243435F504C4C43464752005213
:10A6300043435F504C4C49325343464752005243C8
:10A64000435F504C4C5341494346475200524343A9
:10A650005F535343475200524543565F4552525F42
:10A6600046554C4C00524543565F4552525F4F563B
:10A67000455252554E0052474235363500525443EA
:10A68000005254435F414C524D4152005254435F7B
:10A69000414C524D41535352005254435F414C522E
:10A6A0004D4252005254435F414C524D425353521B
:10A6B000005254435F424B503052005254435F4269
:10A6C0004B50313052005254435F424B5031315263
:10A6D000005254435F424B50313252005254435F58
:10A6E000424B50313352005254435F424B5031344D
:10A6F00052005254435F424B503135520052544342
:10A700005F424B50313652005254435F424B5031FE
:10A710003752005254435F424B503138520052542A
:10A72000435F424B50313952005254435F424B50C9
:10A730003152005254435F424B5032520052544304
:10A740005F424B503352005254435F424B5034529D
:10A75000005254435F424B503552005254435F42C3
:10A760004B503652005254435F424B5037520052C6
:10A7700054435F424B503852005254435F424B5057
:10A780003952005254435F43414C494252005254A3
:10A79000435F43414C52005254435F435200525472
:10A7A000435F4452005254435F4953520052544352
:10A7B0005F50524552005254435F534849465452E9
:10A7C000005254435F535352005254435F54414626
:10A7D0004352005254435F5452005254435F545307
:10A7E0004452005254435F54535353520052544303
:10A7F0005F54535452005254435F575052005254C6
:10A80000435F57555452005254530052696E674982
:10A810004F00534149310053414932005344494F9D
:10A8200000534C41564500534F434B5F4447524100
:10A830004D00534F434B5F52415700534F434B5FC3
:10A8400053545245414D00534F46545F5245534572
:10A850005400534F4C5F534F434B455400534F5F8D
:10A8600042524F41444341535400534F5F4B45457F
:10A8700050414C49564500534F5F52435654494D41
:10A88000454F00534F5F5245555345414444520094
:10A89000534F5F534E4454494D454F005350444924
:10A8A0004652580053504934005350495F43523187
:10A8B000005350495F435232005350495F43524363
:10A8C0005052005350495F4452005350495F49323F
:10A8D0005343464752005350495F49325350520048
:10A8E0005350495F525843524352005350495F53AB
:10A8F00052005350495F54584352435200535441FD
:10A9000054455F4143544956450053544154455FB3
:10A910004255535F4F46460053544154455F5041A2
:10A9200053534956450053544154455F53544F5077
:10A930005045440053544154455F5741524E494E8F
:10A9400047005354415F49460053570053595343FE
:10A950004647005359534346475F434647520053C7
:10A9600059534346475F434D504352005359534355
:10A9700046475F4558544943523000535953434664
:10A98000475F455854494352310053595343464752
:10A990005F45585449435232005359534346475F29
:10A9A00045585449435233005359534346475F4D2A
:10A9B000454D524D50005359534346475F504D4308
:10A9C00000536572766F005369676E616C00536F58
:10A9D000667449324300536F667453504900537490
:10A9E0006F704173796E63497465726174696F6EDB
:10A9F00000537472696E67494F00537769746368D6
:10AA00000054494D360054494D370054494D5F417B
:10AA100052520054494D5F424454520054494D5FD4
:10AA2000434345520054494D5F43434D5231005416
:10AA3000494D5F43434D52320054494D5F434352A9
:10AA4000310054494D5F434352320054494D5F43F6
:10AA50004352330054494D5F434352340054494DEF
:10AA60005F434E540054494D5F4352310054494DA9
:10AA70005F4352320054494D5F4443520054494DA4
:10AA80005F444945520054494D5F444D4152005482
:10AA9000494D5F4547520054494D5F4F520054495C
:10AAA0004D5F5053430054494D5F52435200544947
:10AAB0004D5F534D43520054494D5F53520054581B
:10AAC0005F51554555455F4C454E005461736B00D1
:10AAD0005461736B51756575650054657874494FA1
:10AAE000577261707065720054696D6572005469C7
:10AAF0006D65724368616E6E656C005472756500B9
:10AB0000554152540055415254350055494E540058
:10AB100055494E54363400554C4F4E4700554C4F16
:10AB20004E474C4F4E470055534152545F4252528C
:10AB30000055534152545F435231005553415254D2
:10AB40005F4352320055534152545F4352330055D4
:10AB5000534152545F44520055534152545F47543D
:10AB600050520055534152545F5352005553425F67
:10AB70004F54475F4653005553425F4F54475F4819
:10AB800053005553484F525400556E69636F6465C6
:10AB90004572726F7200564F4944005666734661A3
:10ABA00074005669706572547970654572726F727F
:10ABB00000574454005744545F524553455400577E
:10ABC00057444700575744475F434652005757443E
:10ABD000475F435200575744475F5352005A4C490E
:10ABE00042005F5F61656E7465725F5F005F5F6109
:10ABF000657869745F5F005F5F61697465725F5F4C
:10AC0000005F5F616C6C5F5F005F5F616E657874B1
:10AC10005F5F005F5F62617365735F5F005F5F62CC
:10AC200075696C645F636C6173735F5F005F5F6421
:10AC3000656C5F5F005F5F64656C617474725F5F19
:10AC4000005F5F646963745F5F005F5F66696C6586
:10AC50005F5F005F5F676C6F62616C735F5F005F77
:10AC60005F696D706F72745F5F005F5F70617468C1
:10AC70005F5F005F5F7265706C5F7072696E745FBA
:10AC80005F005F5F72657665727365645F5F005F2A
:10AC90005F7365745F6E616D655F5F005F5F7365B5
:10ACA00074617474725F5F005F5F74726163656288
:10ACB00061636B5F5F005F6173796E63696F005FF3
:10ACC0006275696C64005F6D616368696E65005FE1
:10ACD0006D7079005F6F6E6577697265005F746192
:10ACE000736B5F7175657565006132625F62617378
:10ACF000653634006162735F746F6C006163636515
:10AD000070740061636F730061636F7368006164E6
:10AD100064725F73697A6500616464726573736FEE
:10AD2000660061660061665F6C69737400616C69DE
:10AD3000676E00616C6C6F635F656D657267656EF1
:10AD400063795F657863657074696F6E5F6275665D
:10AD500000616C7400616E645F00617070656E64A8
:10AD60006C6566740061726776006173696E00617C
:10AD700073696E680061736D5F7468756D62006100
:10AD80007372006174616E006174616E320061748F
:10AD9000616E68006175746F5F726573746172745F
:10ADA000006232615F6261736536340062616E6BAE
:10ADB000006261756472617465006269670062694E
:10ADC0006E0062696E61736369690062696E640036
:10ADD000626974726174650062697473747265612A
:10ADE0006D00626C00626C697400626F6F746C6FEE
:10ADF0006164657200626F756E645F6D6574686F23
:10AE0000640062726B0062733100627332006275BB
:10AE10006666657200627566666572696E67006275
:10AE200078006279746561727261795F6174006241
:10AE30007974656F726465720062797465735F61BD
:10AE4000740063616C6373697A650063616C696245
:10AE5000726174696F6E0063616E63656C0063613B
:10AE60006E63656C5F73656E6400636170747572A8
:10AE700065006365696C0063656E74657200636884
:10AE80006469720063686F69636500636C65617211
:10AE900066696C74657200636C6F737572650063CC
:10AEA0006C7A00636D61746800636F6C6C656374C9
:10AEB00000636F6C6C656374696F6E7300636F6DB4
:10AEC0007061726500636F6D70696C6500636F6DB2
:10AED000706C657800636F70797369676E00636F7B
:10AEE000726F00636F756E74657200636F756E7458
:10AEF00072790063707369640063707369650063DD
:10AF00007263006372633332006372633800637587
:10AF1000725F7461736B0064617461006461746575
:10AF200074696D65006465616474696D650064656C
:10AF3000636F64650064656570736C65657000645B
:10AF400065666C617465006465677265657300644D
:10AF500065696E69740064656C617474720064651F
:10AF60006C65746572006465717565006468745F12
:10AF700072656164696E746F00646963745F766999
:10AF80006577006469676573740064697361626CF6
:10AF9000650064697361626C655F69727100646900
:10AFA000736361726400646D6100646F6300647553
:10AFB0006D700064756D7073006475707465726D8A
:10AFC00000647574795F6E7300647574795F7531B0
:10AFD0003600656C61707365645F6D6963726F7371
:10AFE00000656C61707365645F6D696C6C6973009A
:10AFF000656C6C6970736500656E61626C65006597
:10B000006E61626C655F69727100656E636F646525
:10B0100000656E756D6572617465006572660065C8
:10B02000726663006572726E6F006572726F726332
:10B030006F6465006578656366696C65006578694D
:10B0400074006578706D31006578746672616D6545
:10B050000066616273006661756C745F6465627539
:10B06000670066656564006669666F0066696C6C9A
:10B070000066696C6C5F72656374006669727374F4
:10B0800062697400666C61677300666C6F6F720052
:10B09000666C6F7700666C75736800666D6F640030
:10B0A0006672616D656275660066726578700066CD
:10B0B000726F6D6865780066726F6D6B657973008D
:10B0C00066726F7A656E7365740066756E63746917
:10B0D0006F6E0067630067656E63616C6C00676527
:10B0E0006E657261746F72006765745F636F756E11
:10B0F00074657273006765745F74696D696E6773F8
:10B100000067657461646472696E666F0067657478
:10B110006377640067657472616E6462697473005A
:10B120006765747465720067657476616C75650037
:10B13000676D74696D65006770696F0067726F7520
:10B1400070006861726400686172645F7265736543
:10B150007400686173686C696200686561705F6C37
:10B160006F636B00686561705F756E6C6F636B0019
:10B17000686561706966790068656170706F7000FC
:10B1800068656170707573680068656170710068EA
:10B19000656C70006869676800686C696E65006955
:10B1A000646C650069676E6F726500696C697374C1
:10B1B00064697200696D616700696D706C656D65C9
:10B1C0006E746174696F6E00696E646963657300A3
:10B1D000696E70757400696E74656E736974790058
:10B1E000696E74657273656374696F6E00696E74FD
:10B1F000657273656374696F6E5F757064617465A1
:10B2000000696E7665727400696F63746C006970B2
:10B210006F6C6C0069735F72656164790069736358
:10B220006C6F73650069736469736A6F696E74002B
:10B230006973656E61626C656400697366696E69E5
:10B240007465006973696E660069736E616E00698A
:10B250007373756273657400697373757065727367
:10B260006574006974656D73697A65006A736F6EE1
:10B27000006B62645F696E7472006B656570656E09
:10B280006473006C6162656C006C64657870006C5E
:10B29000647262006C64726578006C647268006C41
:10B2A000656E677468006C67616D6D61006C6962E2
:10B2B000635F766572006C69676874736C6565704E
:10B2C000006C697374656E006C6F6164006C6F6113
:10B2D0006473006C6F63616C74696D65006C6F679B
:10B2E0003130006C6F6732006C736C006C737200ED
:10B2F0006D616B6566696C65006D6170706572008B
:10B300006D61746368006D6178006D6178696D7559
:10B310006D20726563757273696F6E2064657074F9
:10B3200068206578636565646564006D617873693C
:10B330007A65006D656D3136006D656D3332006D77
:10B34000656D38006D656D5F6164647273697A65FF
:10B35000006D656D5F616C6C6F63006D656D5F6244
:10B3600061636B7570006D656D5F66726565006D1C
:10B37000656D5F696E666F006D656D5F72656164B6
:10B38000006D656D5F7772697465006D656D6164F0
:10B390006472006D656D6F727976696577006D69AD
:10B3A0006E006D69736F006D6B646972006D6B6622
:10B3B00073006D6B74696D65006D6F6466006D6F11
:10B3C00064696679006D6F64756C65006D6F647596
:10B3D0006C6573006D6F7369006D6F7674006D6FCF
:10B3E0007677006D6F767774006E616D6564747545
:10B3F000706C65006E616D6573006E617469766571
:10B40000006E6574776F726B006E65776C696E6540
:10B41000006E6F64656E616D65006E6F69736500C7
:10B420006E6F70006E7373006E756D5F66696C741D
:10B4300065725F62616E6B73006F6374006F666646
:10B44000006F70745F6C6576656C007061636B5F34
:10B45000696E746F00706172616D73007061746801
:10B46000007065656B0070656E645F7468726F77FD
:10B470000070685F6B657900706861736500706962
:10B480000070696E00706978656C00706C6174663C
:10B490006F726D00706F6C617200706F6C617269B9
:10B4A000747900706F6C7900706F706C65667400F1
:10B4B0007072657363616C6572007072696E745F3F
:10B4C000657863657074696F6E0070726F70657215
:10B4D0007479007073310070733200707472007090
:10B4E00074723136007074723332007074723800C6
:10B4F00070756C6C0070756C73655F7769647468E7
:10B500000070756C73655F77696474685F6E730053
:10B5100070756C73655F77696474685F706572637A
:10B52000656E740070756C73655F77696474685FCD
:10B5300075730070776D0070796200707974686F50
:10B540006E5F636F6D70696C657200717374725FAA
:10B55000696E666F0072616469616E730072616E1C
:10B5600064696E740072616E646F6D0072616E6406
:10B5700072616E6765007262697400726561645F12
:10B580006275665F6C656E00726561645F636861B9
:10B590006E6E656C00726561645F636F72655F7487
:10B5A000656D7000726561645F636F72655F76627E
:10B5B000617400726561645F636F72655F76726566
:10B5C0006600726561645F74696D656400726561CF
:10B5D000645F74696D65645F6D756C746900726534
:10B5E00061645F75313600726561645F76726566AD
:10B5F00000726561646269740072656164626C6F97
:10B60000636B730072656164627974650072656171
:10B610006463686172007265616466726F6D007266
:10B6200065616466726F6D5F696E746F00726561EB
:10B630006466726F6D5F6D656D00726561646672E0
:10B640006F6D5F6D656D5F696E746F0072656164CB
:10B650006C696E657300726561646F6E6C790072FF
:10B6600065616C007265637666726F6D0072656706
:10B6700000726567730072656C5F746F6C00726551
:10B680006C656173650072656E616D6500726570F1
:10B690006C5F696E666F007265706C5F7561727465
:10B6A0000072657365745F636175736500726576BA
:10B6B000657273656400726D64697200726F75748F
:10B6C000650072706172746974696F6E0072747271
:10B6D00000727862756600727863616C6C62616397
:10B6E0006B0073616D706C655F706F696E74007371
:10B6F00063616E007363686564756C650073636B8A
:10B700000073636C007363726F6C6C007364610030
:10B710007364697600736561726368007365656B55
:10B720000073656C6563740073656E645F72656356
:10B73000760073656E64616C6C0073656E64627232
:10B7400065616B0073656E64746F00736570617220
:10B7500061746F727300736572766F007365745FE6
:10B7600066696C7465727300736574626C6F636B89
:10B77000696E670073657466696C746572007365E1
:10B7800074736F636B6F70740073657474657200AB
:10B7900073657474696D656F7574007368613235B3
:10B7A000360073696E676C650073697A656F660051
:10B7B000736A7700736C6565705F6D7300736C6599
:10B7C00065705F757300736C69636500736F667491
:10B7D0005F726573657400736F757263655F66721F
:10B7E00065710073706565640073706C69746C6971
:10B7F0006E657300737461636B5F7573650073745A
:10B80000616E64627900737461740073746174654D
:10B810000073746174766673007374646572720089
:10B82000737464696E007374646F75740073746DFF
:10B830000073747262007374726578007374726856
:10B840000073747275637400737562007377696E48
:10B85000740073796D6D65747269635F646966669F
:10B860006572656E63650073796D6D657472696389
:10B870005F646966666572656E63655F7570646155
:10B880007465007379736E616D6500746175007421
:10B89000656C6C007468726573686F6C64007469C1
:10B8A000636B5F687A007469636B735F61646400E3
:10B8B0007469636B735F637075007469636B735F46
:10B8C00064696666007469636B735F6D73007469A5
:10B8D000636B735F75730074696D655F6E7300747D
:10B8E000696D655F70756C73655F75730074696D04
:10B8F000656F75745F6368617200746F67676C650C
:10B9000000747269616E676C65007472696767655F
:10B9100072007472756E63007473656731007473BE
:10B92000656732007478646F6E6500756374797052
:10B930006573007564656C6179007564697600757E
:10B940006D6F756E7400756E616D6500756E6865FE
:10B95000786C69667900756E69666F726D00756ED8
:10B96000696F6E00756E697175655F696400756EEB
:10B970006C696E6B00756E7061636B5F66726F6D84
:10B9800000756E726567697374657200757379739B
:10B9900000757466380076636D7000766376745F48
:10B9A0006633325F73333200766376745F7333329B
:10B9B0005F6633320076657273696F6E007665720A
:10B9C00073696F6E5F696E666F007669706572008D
:10B9D000766C647200766C696E6500766D6F7600C9
:10B9E000766D727300766E6567007673717274009F
:10B9F000767374720077616B6575700077666900A5
:10BA000077726974655F72656164696E746F0077DF
:10BA1000726974655F74696D6564007772697465D5
:10BA2000626974007772697465626C6F636B73002E
:10BA30007772697465627974650077726974656399
:10BA4000686172007772697465746F0077726974E7
:10BA500065746F5F6D656D00777269746576746F7C
:10BA6000007B3A23627D005F5F6469725F5F003C28
:10BA70006D6F64756C653E005F5F63616C6C5F5FEA
:10BA8000005F5F636C6173735F5F005F5F64656C31
:10BA90006974656D5F5F005F5F656E7465725F5F9F
:10BAA000005F5F657869745F5F005F5F6765746101
:10BAB0007474725F5F005F5F6765746974656D5F62
:10BAC0005F005F5F686173685F5F005F5F696E69F9
:10BAD000745F5F005F5F696E745F5F005F5F6974D2
:10BAE00065725F5F005F5F6C656E5F5F005F5F6DDB
:10BAF00061696E5F5F005F5F6D6F64756C655F5F4E
:10BB0000005F5F6E616D655F5F005F5F6E65775FB1
:10BB10005F005F5F6E6578745F5F005F5F71756186
:10BB20006C6E616D655F5F005F5F726570725F5F15
:10BB3000005F5F7365746974656D5F5F005F5F735D
:10BB400074725F5F0041726974686D657469634502
:10BB500072726F7200417373657274696F6E4572B1
:10BB6000726F7200417474726962757465457272A5
:10BB70006F7200454F464572726F7200456C6C697A
:10BB80007073697300496D706F72744572726F7271
:10BB900000496E64656E746174696F6E4572726F90
:10BBA0007200496E6465784572726F72004B6579F8
:10BBB0004572726F72004B6579626F617264496E93
:10BBC00074657272757074004C6F6F6B757045722E
:10BBD000726F72004D656D6F72794572726F72008F
:10BBE0004E616D654572726F72004E6F6E6554796D
:10BBF0007065004E6F74496D706C656D656E74652F
:10BC0000644572726F72004F534572726F72004FCB
:10BC1000766572666C6F774572726F720052756EE0
:10BC200074696D654572726F720053796E746178D4
:10BC30004572726F720053797374656D45786974DB
:10BC40000056616C75654572726F72005A65726F4D
:10BC50004469766973696F6E4572726F7200616EC6
:10BC60007900617070656E6400626F6F6C00627560
:10BC7000696C74696E73006279746561727261795E
:10BC80000062797465636F64650063616C6C616206
:10BC90006C650063687200636C6173736D657468D2
:10BCA0006F6400636C65617200636F6E7374006330
:10BCB0006F7079006469766D6F6400656E64737788
:10BCC000697468006576616C006578656300657805
:10BCD00074656E6400666F726D61740066726F6D7C
:10BCE0005F6279746573006765746174747200676C
:10BCF0006C6F62616C730068617361747472006868
:10BD000061736800696E73657274006973616C7049
:10BD100068610069736469676974006973696E7347
:10BD200074616E63650069736C6F77657200697327
:10BD30007370616365006973737562636C617373BB
:10BD40000069737570706572006A6F696E006C6966
:10BD500074746C65006C6F63616C73006C737472E7
:10BD60006970006D61696E006D6170006D6963726C
:10BD70006F707974686F6E006E657874006F626AB8
:10BD8000656374006F70656E00706F706974656DC7
:10BD900000706F77007072696E7400726561646C18
:10BDA000696E650072656D6F7665007265706C61B5
:10BDB0006365007265707200726576657273650006
:10BDC0007266696E640072696E64657800726F7580
:10BDD0006E64007273706C6974007273747269704F
:10BDE00000736570007365746174747200736574B8
:10BDF00064656661756C7400736F727400736F7242
:10BE00007465640073746172747377697468007325
:10BE100074617469636D6574686F640073746F70C6
:10BE20000073756D00737570657200746F5F627971
:10BE3000746573007574662D38007A6970003C640F
:10BE4000696374636F6D703E003C67656E65787002
:10BE5000723E003C6C616D6264613E003C6C6973D3
:10BE600074636F6D703E003C736574636F6D703EFC
:10BE7000005F5F6162735F5F005F5F6164645F5F6B
:10BE8000005F5F616E645F5F005F5F626F6F6C5F3A
:10BE90005F005F5F636F6D706C65785F5F005F5F11
:10BEA000636F6E7461696E735F5F005F5F64656C82
:10BEB0006574655F5F005F5F6469766D6F645F5F87
:10BEC000005F5F65715F5F005F5F666C6F61745FED
:10BED0005F005F5F666C6F6F726469765F5F005FC3
:10BEE0005F67655F5F005F5F6765745F5F005F5FEF
:10BEF00067745F5F005F5F696164645F5F005F5FDD
:10BF0000696E766572745F5F005F5F697375625F0B
:10BF10005F005F5F6C655F5F005F5F6C73686966A1
:10BF2000745F5F005F5F6C745F5F005F5F6D617483
:10BF30006D756C5F5F005F5F6D6F645F5F005F5F7B
:10BF40006D756C5F5F005F5F6E655F5F005F5F6E6A
:10BF500065675F5F005F5F6F725F5F005F5F706F5D
:10BF6000735F5F005F5F706F775F5F005F5F72613D
:10BF700064645F5F005F5F72616E645F5F005F5F5C
:10BF800072666C6F6F726469765F5F005F5F726C80
:10BF900073686966745F5F005F5F726D61746D7571
:10BFA0006C5F5F005F5F726D6F645F5F005F5F7209
:10BFB0006D756C5F5F005F5F726F725F5F005F5FE8
:10BFC00072706F775F5F005F5F727273686966742B
:10BFD0005F5F005F5F7273686966745F5F005F5FD9
:10BFE000727375625F5F005F5F727472756564691A
:10BFF000765F5F005F5F72786F725F5F005F5F7395
:10C0000065745F5F005F5F7375625F5F005F5F74A1
:10C010007275656469765F5F005F5F786F725F5FFE
:10C0200000747275650066616C73650028295B5D3C
:10C030007B7D2C3B7E3A653D3C653D633C653D3EEA
:10C04000653D633E653D2A653D632A653D2B653D43
:10C050002D653D653E26653D7C653D2F653D632F25
:10C06000653D25653D5E653D40653D3D653D212E57
:10C07000002E666F726D61742800FF756E69636FC4
:10C080006465CE65736361706573005F5F6465624C
:10C0900075675F5F00616E64006173006173736553
:10C0A0007274006173796E63006177616974006313
:10C0B0006F6E74696E75650064656C00656C6966A9
:10C0C00000656C7365006578636570740066696E01
:10C0D000616C6C7900696D706F7274006C616D6277
:10C0E0006461006E6F6E6C6F63616C006E6F7400E4
:10C0F000706173730072657475726E007768696C35
:10C100006500FF899D636F6E7374616E7400756E58
:10C11000657870656374656420696E64656E74002B
:10C12000FF756E696E64656E7481FD616E79206F56
:10C130007574657220696E64656E74206C657665D1
:10C140006C006D616C666F726D656420662D737432
:10C1500072696E6700FF83BA00FF2A788690B27416
:10C16000617267657400FF27627265616B272F2714
:10C17000636F6E74696E756527B66C6F6F7000FFC4
:10C18000B3D1617320676C6F62616C00FFBC626940
:10C190006E64696E6798D7F700FFB3D16173D700FB
:10C1A000FFC8928500FF616E6E6F746174696F6E77
:10C1B0008690A4B300FF806465636C617265D7A14B
:10C1C0006F75746572E500FF277969656C6427B641
:10C1D0008800FFA76B65793A76616C75659864692C
:10C1E000637400FFA76A7573749DB198FF00FF6EBA
:10C1F0006F6E2D64656661756C7484666F6C6C6FB0
:10C200007773DE8400FF2772657475726E27B688B7
:10C2100000FF8064656C6574652065787072657375
:10C2200073696F6E00FF84CE72657573656400FF7D
:10C23000696E6C696E6520617373656D626C6572A1
:10C2400086909D8800FFC89200FFCA616E6E6F7471
:10C250006174696F6E8690A4B300FFA7A4617373C5
:10C26000656D626C6572FA00FF276C6162656C2710
:10C27000AF318400FFFBD100FF27616C69676E2737
:10C28000AF318400FF276461746127AFE36C65619F
:10C29000737420328700FF276461746127AFA98718
:10C2A00000FF8061737369676E8F65787072657364
:10C2B00073696F6E00FFD52A78A1B200FF617379B0
:10C2C0006E6320666F722F77697468B66173796EDA
:10C2D000638800FFDE276578636570742786906C3D
:10C2E00061737400FF2AA5C12A2A00FF2AA5C16B29
:10C2F0007761726700FF95E86172677300FF4C48D1
:10C30000539199A58690A4696400FF9CA5C12A2A2F
:10C3100000FF9CA5C199A500FF737570657228295F
:10C320008066696E642073656C6600FF27617761C3
:10C33000697427B68800FF836D6963726F707974C2
:10C34000686F6E206465636F7261746F7200FFEBDB
:10C350002A89E36D6F64756C65206C6576656C0089
:10C36000FF62797465636F6465BE00FF95E86C6F6A
:10C3700063616C7398B96D6574686F6400FFFC85C8
:10C3800075736564206265666F7265926B6E6F7718
:10C390006E00FF636F6E76657273696F6E8F8200D9
:10C3A000FFFC85C49285DD736F75726365A285009D
:10C3B000FF276E6F7427899700FF80646F20756E6A
:10C3C000617279206F70918500FFB9726169736540
:10C3D00000FF867261697365A48200FF80696D70D9
:10C3E0006C696369746C7993858F27626F6F6C27B2
:10C3F00000FFCABB85DDF9850063617374696E67F0
:10C4000000FF6469762F6D6F6489979875696E7403
:10C4100000FF636F6D70617269736F6E91C5AB756C
:10C42000696E7400FF62696E617279206F70E289D3
:10C430009700FF80646F2062696E617279206F706F
:10C44000206265747765656E85AB8500FFB9796993
:10C45000656C6400FF806C6F6164C08500FF806C58
:10C460006F6164A385A000FF8073746F726585009F
:10C47000FF8073746F72658F8500FF8073746F72B5
:10C4800065A385A000FF8A94A461646472657373D8
:10C490009174686520666F726D205B612C20625D0F
:10C4A00000FF8A94A4A900FF8AA9307825788166C4
:10C4B0006974A16D61736B203078257800FF8A94D0
:10C4C0009DFB00FFFB8589646566696E656400FFFE
:10C4D0008A94E36D6F73742072256400FF8A94A4BC
:10C4E000465055D800FF8A949DD800FF8A947B72ED
:10C4F000302C2072312C202E2E2E7D00FF63616E99
:10C50000206F6E6C79A875708F3420706172616DC8
:10C5100065746572738F5468756D6220617373659D
:10C520006D626C7900FF706172616D657465727324
:10C530008690726567697374657273A1BF72308F7C
:10C54000723300415053525F6E7A63760046505307
:10C55000435200FF8A949D7370656369616CD800D3
:10C56000FF8D5468756D62FA8AA38E8700FF627230
:10C57000616E636889A1AE00FF696E742829A532D7
:10C5800086903E3D2032AB3C3D20333600FF83BADF
:10C5900098A9A3626173658E00FF83BA98EC00FFCF
:10C5A000F12E6D70792066696C6500FFF12E6D705B
:10C5B00079206172636800FFCE85AD646566696E3F
:10C5C000656400FF8D929825713A8A00FF8A82ADDA
:10C5D000D300FF657863657074696F6E73866465F8
:10C5E00072697665C0426173654578636570746988
:10C5F0006F6E00FF928285C4BCA68500FF8A82C44C
:10C60000BCA68500FFB77261697365642053746FBF
:10C6100070497465726174696F6E00FF8A82AD69DA
:10C6200074657261626C6500FF8A82ADA46974658D
:10C630007261746F7200FFE96D6F726520746861DA
:10C640006E8EEF8F756E7061636B00FF95E8EF8FF4
:10C65000756E7061636B20286578706563746564BE
:10C660002025642900FF80EBCEE200FF6D656D6F31
:10C67000727920616C6C6F636174696F6E206661A2
:10C68000696C65642C2068656170A26C6F636B6572
:10C6900064006D656D6F727920616C6C6F6361749D
:10C6A000696F6E206661696C65642C20616C6C6FCB
:10C6B000636174696E672025752062797465730003
:10C6C000FFD6736869667420636F756E7400FF8DA2
:10C6D00074797065739825713A20272573272C8A01
:10C6E00000FF646976696465206279EA00FF84C4AA
:10C6F00077726F6E679200FF8093F38FC500FF889B
:10C700008174616B65998700FF8874616B65738EB6
:10C710009C87DD8E77657265F800FF88C68E969CD3
:10C720008700FF88BBE36D6F73748E617267756DF0
:10C73000656E74732CF98E00FF85849600FF657812
:10C740007472619C87F800FF65787472619987F84C
:10C7500000FF99617267756D656E742873298997FA
:10C760002D20757365206E6F726D616C206172672C
:10C770007320696E7374656164003C25713E0054DA
:10C78000726163656261636B20286D6F73742072E0
:10C790006563656E742063616C6C206C61737429D1
:10C7A0003A0A00202046696C6520222571222C203F
:10C7B0006C696E65202564002C20696E2025710A45
:10C7C00000FF8093F38F666C6F617400FF8093F3BA
:10C7D0008FB500FF828AAD9DD9BDE700FF726571FC
:10C7E0007565737465649A8EDD82C49A8E00FFE26B
:10C7F000696E64696365738690696E746567657256
:10C80000732C89F300FFE2A0D091AE00FF829192D9
:10C810008AC4BC6C656E282900FF8A8281E0697435
:10C82000656D2064656C6574696F6E00FF8A82AD0A
:10C8300073756273637269707461626C6500FF8AFC
:10C840008281E06974656DB200FF82A3C970726F66
:10C85000746F636F6C96006279746561727261794E
:10C8600028620061727261792827256327002C20D5
:10C870005B002C2000FF6F6E6C7920736C69636520
:10C8800073A3737465703D312028616B61204E6F16
:10C890006E6529206172659F00FF6C6873AB7268DA
:10C8A000732073686F756C6490636F6D70617469E9
:10C8B000626C6500FF61727261792F6279746573D1
:10C8C000966F6E207269676874207369646500FFF3
:10C8D0006D656D6F727976696577206F66667365D1
:10C8E0007495D400FF9B84776974686F7574A46530
:10C8F0006E636F64696E670025713D006A29006A86
:10C9000000FF807472756E636174652D6469766969
:10C9100064659DB5EC00FFB5646976696465206265
:10C9200079EA00FF302E308F9DB5706F7765720009
:10C93000FFAC00285B005D2900FF706F70697465B3
:10C940006D28293A2064696374696F6E617279A2F7
:10C95000AC00257128007B002200FF64696374200D
:10C96000757064617465BFC477726F6E679A006496
:10C970006963745F6974656D7300646963745F6B88
:10C9800065797300646963745F76616C75657300C3
:10C990005B4572726E6F2025645D202571003C66D8
:10C9A000756E6374696F6E20257120617420307814
:10C9B00025703E00FFB7DC657865637574696E6746
:10C9C000003C67656E657261746F72206F626A65A4
:10C9D000637420272571272061742025703E00FF95
:10C9E0008073656E64206E6F6E2D4E6F6E65B18FB5
:10C9F0009D6A7573742D73746172746564B700FFFA
:10CA0000B769676E6F7265642047656E65726174A1
:10CA10006F724578697400FF8093696E668FC500F8
:10CA2000FF80934E614E8FC500FF706F772829A35A
:10CA30003387AF696E74656765727300FFBE636F9D
:10CA40006E76657274696E67CDC58F6D6163686956
:10CA50006E6520776F726400FF8093D6C58F756E08
:10CA60007369676E656400FFB1776F756C64BE9D16
:10CA70008E62797465C900FF706F70C0ACE7003CCE
:10CA80006D6F64756C6520272573272066726F6D46
:10CA900020272573273E003C6D6F64756C65202749
:10CAA0002573273E00FFA58690757365722D7479F6
:10CAB000706500FFBC73756368A6006E756C6C00D2
:10CAC000FF80FFA600FF756E65787065637465640E
:10CAD00099848500FF88F9D5EF98848500FFEA7373
:10CAE0007465700072616E67652825642C2025646A
:10CAF000002C2025642900FF706F70C0A4ACFF00DB
:10CB000073657428290066726F7A656E7365742880
:10CB100000736C6963652800FF736C69636520733B
:10CB20007465708090EA00FF809385828FE2696D62
:10CB3000706C696369746C7900FF6A6F696E949DAB
:10CB4000E7917374722F6279746573206F626A65FE
:10CB500063747320636F6E73697374656E74A3730B
:10CB6000656C6682006E6F6E2D68657820646967FB
:10CB7000697400FFC8656E636F64696E673AE200AE
:10CB8000FF6368617289A172616E676528307831D0
:10CB9000313030303029005C2563005C5C005C6E15
:10CBA000005C72005C74005C7825303278005C7543
:10CBB0002530347800FF6279746573B1D091AE008E
:10CBC000FF737562737472696E6789F700FFAC73E7
:10CBD0006570617261746F7200FF77726F6E67ECDF
:10CBE000918700FF8BC79D6469637400FF696E6362
:10CBF0006F6D706C6574658B6B657900FF696E6332
:10CC00006F6D706C6574658B00FF8B9BC76D6F7269
:10CC1000658700FF2563C7C5BD6368617200FFA912
:10CC20006E656564656400FF8D8B63686172616326
:10CC3000746572202725632720283078257829E31A
:10CC4000A08E00FF8B9B6469646E277493616C6C8B
:10CC500087007273706C6974284E6F6E652C6E2934
:10CC600000FF73696E676C6520277D2720656E6302
:10CC70006F756E7465726564A18B9B00FF62616461
:10CC800020636F6E76657273696F6E9E00FF756EBE
:10CC90006D61746368656420277B27A18B00FFBBEF
:10CCA000273A27C18B9E00FF80737769746368C041
:10CCB0006175746F6D61746963C36E756D62657261
:10CCC000696E678F6D616E75616CC3EE00FFD9A0F0
:10CCD000D091AE00FF617474726962757465738976
:10CCE0009F00FF80737769746368C06D616E7561C2
:10CCF0006CC3EE8F6175746F6D61746963C36E751B
:10CD00006D626572696E67003C3E3D5E0062636401
:10CD10006545664667476E6F7378582500FF838BBD
:10CD20009E00FF7369676E89DBA19B8B9E00FF737A
:10CD300069676E89DBA3A98B9E27632700FFC88BD9
:10CD4000E527256327988291928A00FF273D2720B7
:10CD5000616C69676E6D656E7489DBA19B8B9E004B
:10CD60005C552530387800FF9B696E646963657394
:10CD70008690696E7465676572732C89F300FF9BFA
:10CD8000A0D091AE003C696F2E537472696E6749F2
:10CD90004F20307825783E003C696F2E42797465CB
:10CDA00073494F20307825783E00FF492F4FCF6FD1
:10CDB0006E20636C6F7365642066696C65002C007F
:10CDC00063616C6C20737570657228292E5F5F69D2
:10CDD0006E69745F5F2829206669727374003C6312
:10CDE0006C61737320272571273E00FF756E726595
:10CDF000616461626C65A6003C2573206F626A65A0
:10CE000063742061742025703E003C7375706572F8
:10CE10003A2000FF8063726561746585696E737482
:10CE2000616E63657300FF80616464207370656385
:10CE300069616C206D6574686F648F616C72656187
:10CE400064792D737562636C6173736564F600FFBA
:10CE50009285ADA461636365707461626C652062E4
:10CE60006173659200FFD56261736573A8696E7323
:10CE700074616E6365206C61792D6F757420636FCA
:10CE80006E666C69637400FF9274616B6573203128
:10CE9000BD338700FF5F5F696E69745F5F2829207B
:10CEA00073686F756C64CA4E6F6E652C898A00FF5B
:10CEB000F2A53286909DF6BD9DD991636C61737326
:10CEC000657300FFF2A53186909DF600FF8289A16F
:10CED000BF00FF73747265616DCF899F00626164EA
:10CEE0002074797065636F646500FF807065726699
:10CEF0006F726D2072656C6174697665EB002E66E9
:10CF0000726F7A656E2F00FFBC6D6F64756C652063
:10CF10006E616D6564850062616420636F6D706928
:10CF20006C65206D6F646500506C757320616E795F
:10CF3000206D6F64756C6573206F6E20746865205A
:10CF400066696C6573797374656D0A006F626A65F2
:10CF500063742000206973206F66207479706520E7
:10CF600025710A00202D2D2000FFA5A2A4ACBF0032
:10CF7000FF6F72642829BB9D636861726163746589
:10CF8000722CDD9B919A8EF700FF867573659984EC
:10CF9000986B65798800FF6D61746820646F6D61BE
:10CFA000696EC200FFD6666163746F7269616C005E
:10CFB000737461636B3A202575206F7574206F66FA
:10CFC0002025750A007173747220706F6F6C3A209F
:10CFD0006E5F706F6F6C3D25752C206E5F71737482
:10CFE000723D25752C206E5F7374725F646174618D
:10CFF0005F62797465733D25752C206E5F746F7464
:10D00000616C5F62797465733D25750A00736368AE
:10D010006564756C652071756575652066756C6CE9
:10D0200000FFC995736D616C6C007079626F6172FD
:10D0300064004E55434C454F5F46343436524500EC
:10D04000332E342E303B204D6963726F50797468F3
:10D050006F6E2076312E32392E30206F6E203230B6
:10D0600032362D30382D323400FF88C6969C84230A
:10D07000256400FF88C69699848500FF88C66B6585
:10D0800079776F72642D6F6E6C7984000A25730056
:10D090005461736B20657863657074696F6E207777
:10D0A00061736E27742072657472696576656400B9
:10D0B000302E312E3000444854313100444854322F
:10D0C000320044485442617365004576656E7400D1
:10D0D000494F5175657565004C6F636B004C6F630C
:10D0E0006B206E6F74206163717569726564004CAA
:10D0F0006F6F70004D415443485F524F4D004F6E6B
:10D100006557697265004F6E655769726545727241
:10D110006F720050524F544F434F4C5F544C535F0B
:10D12000434C49454E54005345415243485F524F8A
:10D130004D00534B49505F524F4D0053534C436F7A
:10D140006E74657874005365727665720053696E0B
:10D15000676C65746F6E47656E657261746F72009F
:10D1600053747265616D0053747265616D526561CF
:10D170006465720053747265616D5772697465728B
:10D180000054687265616453616665466C6167004E
:10D1900054696D656F75744572726F72005F526588
:10D1A0006D6F7665005F5F76657273696F6E5F5F46
:10D1B000005F6174747273005F6465717565756595
:10D1C000005F656E7175657565005F6578635F63A7
:10D1D0006F6E74657874005F6578635F68616E6414
:10D1E0006C6572005F696F5F7175657565005F6F73
:10D1F00077005F70726F6D6F74655F746F5F7461DD
:10D20000736B005F72756E005F7365617263685F58
:10D21000726F6D005F7365727665005F73746F7017
:10D220005F7461736B005F73746F7070657200611F
:10D23000636C6F736500616371756972650061731A
:10D24000796E63696F2F5F5F696E69745F5F2E70BF
:10D2500079006173796E63696F2F636F72652E70E9
:10D2600079006173796E63696F2F6576656E742ED0
:10D270007079006173796E63696F2F66756E637381
:10D280002E7079006173796E63696F2F6C6F636BB9
:10D290002E7079006173796E63696F2F7374726594
:10D2A000616D2E70790061770061777269746573C2
:10D2B0007472006261636B6C6F670063616C6C5FBA
:10D2C000657863657074696F6E5F68616E646C65C4
:10D2D000720063616E277420676174686572006311
:10D2E0006200636865636B73756D206572726F723F
:10D2F00000636F726500636F726F3D00636F726FE2
:10D300007574696E65206578706563746564006323
:10D3100072656174655F7461736B006375727265C9
:10D320006E745F7461736B0064656661756C745FC5
:10D33000657863657074696F6E5F68616E646C6553
:10D3400072006468742E707900646F5F68616E6447
:10D350007368616B655F6F6E5F636F6E6E6563743C
:10D3600000647261696E00647400657370006578B2
:10D3700063006578635F747970650066756E6373CA
:10D3800000667574757265006675747572653A002D
:10D390006765745F6576656E745F6C6F6F7000674C
:10D3A00065745F657863657074696F6E5F68616EE0
:10D3B000646C6572006765745F65787472615F693B
:10D3C0006E666F00686F73740068756D6964697468
:10D3D00079006964780069735F736574006C5F72CB
:10D3E0006F6D006D61696E5F7461736B006D656177
:10D3F00073757265006D657373616765006E65773F
:10D400005F6576656E745F6C6F6F70006E6F207213
:10D41000756E6E696E67206576656E74206C6F6FD1
:10D4200070006F6E65776972652E7079006F706538
:10D430006E5F636F6E6E656374696F6E006F757497
:10D440005F62756600706565726E616D6500706F14
:10D450006C6C65720071756575655F7265616400FD
:10D4600071756575655F7772697465007265616471
:10D4700065786163746C7900726571756972656451
:10D480000072657475726E5F657863657074696F3C
:10D490006E730072756E5F666F726576657200728C
:10D4A000756E5F756E74696C5F636F6D706C6574BB
:10D4B000650072756E715F6C656E0073656C656397
:10D4C000745F726F6D007365727665725F686F73FB
:10D4D000746E616D65007365727665725F73696401
:10D4E00065007365745F657863657074696F6E5FFE
:10D4F00068616E646C6572007367656E0073736C4F
:10D500000073746172745F73657276657200737410
:10D510007265616D5F61777269746500737A00741A
:10D52000620074656D70657261747572650074690E
:10D53000636B7300756173796E63696F2E70790028
:10D54000776169745F636C6F736564007761697498
:10D550005F666F7200776169745F666F725F6D738B
:10D5600000776169745F696F5F6576656E740077D7
:10D5700061697465720077616974696E67007761CB
:10D580006974715F6C656E00777261705F736F6351
:10D590006B6574003C4144432575206368616E6E81
:10D5A000656C3D25753E00FFB4646F657389A8CB3B
:10D5B000AA00FF95E866696C7465727300FF836961
:10D5C0006400FF6461746195CD00FF66696C7465E9
:10D5D00072206974656D7386A89A3300FF7472694E
:10D5E00067676572203078253038788D00FF686174
:10D5F0006E646C657286904E6F6E65BDD300FF756C
:10D600006E61626C658F63616C63756C61746520BB
:10D6100042525098D20043414E20696E6974206690
:10D6200061696C65640043414E2825752C20626950
:10D6300074726174653D25752C206D6F64653D4382
:10D64000414E2E25712C20736A773D25752C207450
:10D65000736567313D25752C2074736567323D25F0
:10D66000752C20665F636C6F636B3D25752900FF29
:10D6700043414E28257329818C00FFDA818C00FFFD
:10D68000493243CF899F00FF836164647273697A72
:10D690006500536F66744932432873636C3D25718E
:10D6A0002C207364613D25712C20667265713D25C7
:10D6B000752900FF68617264204952519600493211
:10D6C000435461726765742825752C206164647207
:10D6D0003D257529006D656D5F6164647273697ABB
:10D6E00065206D75737420626520302C20382C20E5
:10D6F00031362C203234206F7220333200FF6164C7
:10D7000064726573732025303878A289616C69670B
:10D710006E65648F8E6279746573003C25752D6229
:10D720006974206D656D6F72793E00FF8372656765
:10D73000696F6E003C50574D2054494D25755F432D
:10D740004825753E00FFE695736D616C6C00FFE641
:10D7500095D400FFB481A850574DAA00FF627566AA
:10D760006665727386907468652073616D659A0052
:10D77000536F6674535049286261756472617465B1
:10D780003D25752C20706F6C61726974793D25752B
:10D790002C2070686173653D25752C206669727355
:10D7A000746269743D25752C2073636B3D25712C63
:10D7B000206D6F73693D25712C206D69736F3D2558
:10D7C000712900FFE486903800FF867370656369F5
:10D7D000667920616C6C91ED0054696D6572286DFD
:10D7E0006F64653D25712C20706572696F643D25FD
:10D7F000752900FF706572696F6495D400FFF4812C
:10D800008C00FF8D636F6D62696E6174696F6E91DC
:10D81000E4AB70617269747900FF55415254282558
:10D820006429818C00FF55415254A273746174695C
:10D8300063AB727862756680906368616E676564D9
:10D8400000FFFFD28EA28977697468696E20352542
:10D85000259164657369726564B100FF5541525446
:10D8600028257329818C005541525428257529009B
:10D87000554152542825752C20626175647261747B
:10D88000653D25752C20626974733D25752C2070CB
:10D8900061726974793D002C2073746F703D257539
:10D8A0002C20666C6F773D007C002C2074696D65C0
:10D8B0006F75743D25752C2074696D656F75745F87
:10D8C000636861723D25752C2072786275663D250E
:10D8D00075003B206972713D3078257800FF574410
:10D8E00054E19573686F727400FF574454E195CD0D
:10D8F00000FF574454E1956C6F6E672C206D617882
:10D900002025756D7300FF57445428257129818C9B
:10D9100000FF57445428256429818C00FF807761DB
:10D92000697400FFAC6865617000FF8063616E63BD
:10D93000656C2073656C6600696E636F72726563F7
:10D94000742070616464696E6700FF8B00776269A0
:10D95000747300FF838B00FF68617368A266696E51
:10D96000616C00FF6865617086909DE700FFBAC238
:10D97000A14A534F4E0049443D253032782530327C
:10D980007825303278253032783A25303278253093
:10D99000327825303278253032783A253032782581
:10D9A00030327825303278253032780A00444556B6
:10D9B00049443D3078253034780A52455649443D33
:10D9C0003078253034780A00533D25750A483D25C6
:10D9D000750A50313D25750A50323D25750A005FA4
:10D9E00065746578743D25700A005F7369646174BD
:10D9F000613D25700A005F73646174613D25700AA2
:10DA0000005F65646174613D25700A005F73627335
:10DA1000733D25700A005F656273733D25700A00CF
:10DA20005F73737461636B3D25700A005F65737487
:10DA300061636B3D25700A005F72616D5F73746195
:10DA400072743D25700A005F686561705F73746170
:10DA500072743D25700A005F686561705F656E6471
:10DA60003D25700A005F72616D5F656E643D2570D3
:10DA70000A00717374723A0A20206E5F706F6F6CC7
:10DA80003D25750A20206E5F717374723D25750AFD
:10DA900020206E5F7374725F646174615F62797479
:10DAA00065733D25750A20206E5F746F74616C5F2D
:10DAB00062797465733D25750A0047433A0A002070
:10DAC00020257520746F74616C0A00202025752054
:10DAD0003A2025750A002020313D257520323D254C
:10DAE00075206D3D25750A004C46532066726565AC
:10DAF0003A2025752062797465730A00FF83E60079
:10DB000063616E2774206368616E67652066726565
:10DB10007100FFBC617661696C61626C65204E4981
:10DB20004300312E32392E30006E65776C69620009
:10DB30004743432031362E312E30004D6963726FDA
:10DB4000507974686F6E2D312E32392E302D6172FE
:10DB50006D2D48414C312E31362E302D7769746849
:10DB60002D6E65776C6962342E362E3000FFBCDE78
:10DB70007365656400FFE486903332BD6C65737332
:10DB8000003C6D61746368206E756D3D25643E00D8
:10DB90003C72652025703E00FF726567657895B51B
:10DBA00000FFC2A1726567657800FF73706C6974CD
:10DBB00074696E67A37375622D63617074757265A5
:10DBC00073003C736F636B65742066643D2564204D
:10DBD00074696D656F75743D256420646F6D61694E
:10DBE0006E3D256420747970653D25642070726FE8
:10DBF000746F3D256420626F756E643D25623E0042
:10DC0000FF6D6B74696D65C79DD9919A38BD3900F8
:10DC1000FF7469636B7320696E74657276616CBEA4
:10DC200000FFBAC2A175637479706573206465736F
:10DC300063726970746F72005354525543540045B7
:10DC400052524F5200756E6B003C73747275637460
:10DC50002025732025703E00FF80756E616D62691E
:10DC600067756F75736C79206765742073697A6561
:10DC70006F66207363616C617200FFDF80A000FF3C
:10DC8000DFA0D091AE00FFDFBC6669656C647300F5
:10DC9000FF836475707465726DA00064757074653F
:10DCA000726D3A20454F46207265636569766564FA
:10DCB0002C20646561637469766174696E670A001B
:10DCC0006475707465726D3A204578636570746927
:10DCD0006F6E20696E20726561642829206D6574FD
:10DCE000686F642C20646561637469766174696E21
:10DCF000673A20006475707465726D3A20457863E8
:10DD0000657074696F6E20696E207772697465281A
:10DD100029206D6574686F642C2064656163746983
:10DD2000766174696E673A2000707962666C61731F
:10DD300068003C696F2E25732025703E00464154D3
:10DD400000464154333200222A3A3C3E3F7C7F0059
:10DD50002B2C3B3D5B5D00EBFE904D53444F533508
:10DD60002E30004E4F204E414D4520202020464170
:10DD7000543332202020004E4F204E414D4520206C
:10DD8000202046415420202020200025752E257576
:10DD90002E25752E257500FF8387000808080800CA
:10DDA0001B5B2575001B5B4B00556E6361756768D7
:10DDB0007420657863657074696F6E20696E2049A0
:10DDC00052512063616C6C6261636B2068616E64A8
:10DDD0006C65720A000400746F6F6B202575206DEE
:10DDE000730A00726177205245504C3B20435452D5
:10DDF0004C2D4220746F20657869740D0A00520121
:10DE0000004F4B003B204E55434C454F2D4634347C
:10DE100036524520776974682053544D3332463466
:10DE2000343678780054797065202268656C7028E3
:10DE3000292220666F72206D6F726520696E666F91
:10DE4000726D6174696F6E2E0D0A000D0A70617338
:10DE50007465206D6F64653B204374726C2D4320A4
:10DE6000746F2063616E63656C2C204374726C2D3B
:10DE70004420746F2066696E6973680D0A3D3D3DEC
:10DE80002000636F756C64206E6F742066696E6429
:10DE9000206D6F64756C6520272573270A003C6927
:10DEA0006F2E25732025643E000A464154414C20C4
:10DEB0004552524F523A0A00626F6F742E707900C9
:10DEC0006D61696E2E7079004D50593A2063616E14
:10DED0002774206D6F756E7420666C6173680A001C
:10DEE000464154414C3A20756E63617567687420F1
:10DEF000657863657074696F6E2025700A004D50F7
:10DF0000593A2073796E632066696C65737973740E
:10DF1000656D730A004D50593A20736F6674207214
:10DF200065626F6F740A00303132333435363738FA
:10DF30003961626364656600486172644661756C4C
:10DF4000740D0A0052302020202000523120202061
:10DF50002000523220202020005233202020200098
:10DF600052313220202000535020202020004C52DB
:10DF700020202020005043202020200058505352C1
:10DF80002020004846535220200043465352202070
:10DF9000004D4D464152200042464152202000484B
:10DFA0006172644661756C7400537461636B3A0D01
:10DFB0000A004D656D4D616E61676500427573467F
:10DFC00061756C740055736167654661756C7400AA
:10DFD0004D50593A2063616E2774206372656174F5
:10DFE0006520666C6173682066696C65737973740B
:10DFF000656D0A0054696D65724368616E6E656C8B
:10E000002874696D65723D25752C206368616E6E9C
:10E01000656C3D25752C206D6F64653D257129006B
:10E02000FF63616C6C6261636B86904E6F6E65BD61
:10E030009DD38200FF86A8706F736974697665E668
:10E0400000FF836368616E6E656C2028256429007B
:10E05000FFFE84C78F909D50696E9200FFB481A827
:10E06000A4616C7498CC00FF83706F6C61726974EA
:10E0700079202825642900FF656E636F64657289C5
:10E080009F6F6E2074696D65728E00FF836D6F6483
:10E0900065202825642900FF8673706563696679A9
:10E0A0002065697468657220667265712C207065E0
:10E0B00072696F642CBD7072657363616C6572AB5D
:10E0C000706572696F6400FFCC818C0054696D6566
:10E0D00072282575290054696D65722825752C20D4
:10E0E000667265713D25752C207072657363616C75
:10E0F00065723D25752C20706572696F643D2575CC
:10E100002C206D6F64653D25732C206469763D2558
:10E1100075002C206465616474696D653D2575002A
:10E120002C2062726B3D2573002C2062726B3D4285
:10E13000524B5F4F464600FFE99DF48200756E68C2
:10E14000616E646C656420696E746572727570745A
:10E150002053523D30782530327820286E6F77205A
:10E1600064697361626C6564290A004C4544282522
:10E17000752900FF4C454428256429818C0050698D
:10E180006E2850696E2E6370752E25712C206D6F70
:10E1900064653D50696E2E00414E414C4F47290049
:10E1A0002C2070756C6C3D50696E2E2571002C20F2
:10E1B000616C743D256429002C20616C743D5069AC
:10E1C0006E2E25712900FF83FE6D6F64653A8E0007
:10E1D000FF83FE70756C6C3A8E00FF83FE61663AB9
:10E1E0008E0050696E206D6170207061737365647C
:10E1F0002070696E2000FF50696E2E6D6170706531
:10E2000072206469646E2774CA9D50696E820050E2
:10E21000696E2E6D6170706572206D617073200083
:10E2200020746F200050696E2E6D61705F646963A9
:10E2300074206D617073200050696E2E626F617280
:10E2400064206D617073200050696E2E63707520BC
:10E250006D6170732000FF50696E28257329818CD1
:10E2600000FF49324328257329818C00FF4932433E
:10E2700028256429818C00FF49324386909D636F75
:10E280006E74726F6C6C6572004932432825752973
:10E29000004932432825752C204932432E434F4EE6
:10E2A00054524F4C4C45522C20626175647261741B
:10E2B000653D257529004932432825752C204932B2
:10E2C000432E5045524950484552414C2C206164E0
:10E2D00064723D3078253032782900FF61646472C1
:10E2E000849600FF53504928257329818C00FF53E1
:10E2F000504928256429818C0053504928257500F0
:10E300002C205350492E434F4E54524F4C4C4552A3
:10E31000002C2062617564726174653D2575002C66
:10E32000207072657363616C65723D2575002C20E9
:10E330005350492E5045524950484552414C002CAB
:10E3400020706F6C61726974793D25752C2070683E
:10E350006173653D25752C20626974733D257500D8
:10E360002C206372633D3078257800FF72656376F8
:10E37000869073616D659A61732073656E6400FFAA
:10E3800043414E2066696C74657220706172616DE4
:10E3900065746572C200FF43414E2064617461C3BD
:10E3A00095CD0043414E282575290043414E28252F
:10E3B000752C2043414E2E25712C206175746F5FA2
:10E3C000726573746172743D25712900FF636F7506
:10E3D0006C646E2774FDD22575AB73616D706C65CE
:10E3E00020706F696E7420257500FFDA696E69749C
:10E3F000206661696C75726500756E63617567682A
:10E400007420657863657074696F6E20696E20434F
:10E41000414E2825752920727820696E74657272C4
:10E420007570742068616E646C65720A00493243CD
:10E430002825752C2073636C3D25712C2073646135
:10E440003D25712C20667265713D25752900576147
:10E45000726E696E673A20493243282D312C202E86
:10E460002E2E29206973206465707265636174655E
:10E47000642C2075736520536F6674493243282ECF
:10E480002E2E2920696E73746561640A00FF657819
:10E49000706C696369742063686F69636591736305
:10E4A0006C2F736461A28997005761726E696E6701
:10E4B0003A20535049282D312C202E2E2E29206908
:10E4C0007320646570726563617465642C20757374
:10E4D0006520536F6674535049282E2E2E292069CB
:10E4E0006E73746561640A00FF6578706C696369B6
:10E4F000742063686F69636591EDA2899700FFE9F5
:10E500009D554152548200455854495F494D52200F
:10E510002020253038780A00455854495F454D522F
:10E52000202020253038780A00455854495F52543D
:10E5300053522020253038780A00455854495F4608
:10E540005453522020253038780A00455854495FEA
:10E55000535749455220253038780A0045585449C8
:10E560005F505220202020253038780A003C457822
:10E5700074496E74206C696E653D25753E00FFB868
:10E58000F08E3C2031362C207573659D50696E826B
:10E5900000FFB8F08E3E3D206D6178918E00FF83C4
:10E5A000B84D6F64653A8E00FF83B850756C6C3A55
:10E5B0008E00FFB8F08EA2DCA175736500FF495292
:10E5C00051207265736F75726365DC74616B656E83
:10E5D0002062792050696E28272571272900756EE1
:10E5E00063617567687420657863657074696F6EC0
:10E5F00020696E20457874496E7420696E74657266
:10E60000727570742068616E646C6572206C696EDE
:10E61000652025750A00537769746368282900FF0F
:10E6200077616B657570B195D400FFF5B1D091AE8F
:10E6300000466C617368282900466C617368287312
:10E64000746172743D25752C206C656E3D257529AD
:10E6500000FFF5A7312C2034BD3620617267756D3F
:10E66000656E74732CF98E003C536572766F2025AD
:10E670007520617420257575733E00FF53657276B1
:10E680006F28256429818C00FFF4646F657389E02D
:10E690004441432074726967676572696E6700441C
:10E6A00041432825752C20626974733D2575290026
:10E6B000FF8DE400FFB481A8444143AA00FF444118
:10E6C0004328256429818C003C414443206F6E20FF
:10E6D00000FFE9E36C656173742031CB00FF9A9110
:10E6E000CBABC96C6973747320646966666572002C
:10E6F000FF73697A65AB929162756666657273861F
:10E70000FD00FFB481A8CBAA00FF899D76616C69EA
:10E7100064CB4368616E6E656C3A8E00FF72657300
:10E720006F6C7574696F6E8E899F000047433A2045
:10E73000746F74616C3A2025752C20757365643A8A
:10E740002025752C20667265653A2025750000002D
:10E750000A204E6F2E206F6620312D626C6F636B26
:10E76000733A2025752C20322D626C6F636B733ADF
:10E770002025752C206D617820626C6B20737A3AAD
:10E780002025752C206D6178206672656520737A6E
:10E790003A2025750A0000004743206D656D6F72B1
:10E7A00079206C61796F75743B2066726F6D2025DE
:10E7B000703A00000A2020202020202028257520E3
:10E7C0006C696E657320616C6C20667265652900EA
:10E7D0000A253038783A200025630000FFFC766176
:10E7E000726961626C65207265666572656E6365EB
:10E7F00064206265666F7265B2000000FFBC6163F1
:10E800007469766520657863657074696F6E8F7260
:10E8100065726169736500006F70636F6465000005
:10E82000E0080608D90000800A000000AA040000E1
:10E830008AFF0508E0FA0508849905088899050803
:10E840008C9905089199050899990508A0990508DA
:10E85000AB990508AF990508B7990508BF99050850
:10E86000C8990508B5A30508E79D0508BDA30508D7
:10E87000C2A30508C7A30508CCA30508EC9D05089D
:10E88000D5A30508D9A30508DDA30508E1A305085C
:10E89000E5A30508E9A30508EDA30508CD9905083A
:10E8A000D1990508D6990508E4990508E99905085C
:10E8B000EE990508F5990508FD990508059A0508DA
:10E8C0000C9A0508149A05081D9A0508269A050849
:10E8D0002F9A0508389A0508429A05084C9A0508A7
:10E8E000569A0508609A0508699A0508719A0508FC
:10E8F0007B9A0508859A05088E9A0508979A050857
:10E90000A09A0508A79A0508B09A0508B99A0508BB
:10E91000C29A0508CB9A0508D49A0508DE9A05081C
:10E92000E89A0508F19A0508FA9A0508039B050874
:10E930000C9B0508159B05081E9B0508279B0508D1
:10E94000309B0508399B0508429B05084B9B050831
:10E95000569B0508619B05086C9B0508769B05087E
:10E96000819B05088A9B0508939B05089D9B0508CC
:10E97000A79B0508B19B0508B99B0508C29B050824
:10E98000C89B0508CE9B0508D29B0508E19B05089E
:10E99000E89B0508EE9B0508F49B0508F1A3050814
:10E9A000F5A30508F9A30508FEA3050803A40508B7
:10E9B00008A405080DA4050812A4050816A4050856
:10E9C0001AA405081EA4050822A4050826A4050803
:10E9D0002AA405082EA40508F99B0508019C050832
:10E9E000099C0508109C0508199C0508229C05082F
:10E9F0002A9C0508319C0508389C0508439C05089D
:10EA0000489C0508519C05082FE1050810A9050838
:10EA1000599C050832A4050823A005083AA4050856
:10EA20003FA4050844A4050849A405084EA4050808
:10EA300053A40508099B0508129B050860A4050856
:10EA400064A4050868A405086CA4050870A405085A
:10EA500074A40508619C0508859B05088E9B050824
:10EA6000659C0508699C0508709C050806E3050877
:10EA7000799C0508839C05088D9C0508979C0508D2
:10EA80009B9C0508A29C0508A99C0508B19C05084B
:10EA9000B59C0508C49C0508C79C0508CA9C0508C8
:10EAA000CE9C0508D29C0508D69C0508DA9C050872
:10EAB000DE9C050878A40508E29C0508E59C05088D
:10EAC000E89C0508EB9C0508EE9C0508F19C0508F0
:10EAD000F49C0508F79C0508FB9C0508009D0508AB
:10EAE000079D0508139D05081F9D05082B9D05081A
:10EAF000379D0508439D05084F9D05085A9D05084B
:10EB0000659D0508709D0508799D0508829D05088D
:10EB1000899D0508959D05089C9D0508AA9D0508E9
:10EB2000B89D0508C29D0508D09D0508D59D05081E
:10EB3000E59D0508EA9D0508EF9D0508F99D050876
:10EB4000029E05080C9E0508B4A40508159E05083C
:10EB50001F9E0508269E0508319E0508389E05085B
:10EB6000419E0508479E0508549E0508619E0508BC
:10EB70006C9E0508739E0508809E05088C9E0508FE
:10EB8000939E0508979E05089E9E0508A49E05086D
:10EB9000AB9E0508B19E0508B99E0508C09E0508F4
:10EBA000C79E0508CE9E0508D79E0508E29E05086B
:10EBB000E89E0508F59E0508039F0508119F0508B6
:10EBC0001B9F0508279F0508329F0508459F0508DC
:10EBD0004A9F0508539F05085D9F0508669F050825
:10EBE0006E9F0508789F0508839F0508FFA105080B
:10EBF0008A9F0508969F0508A29F0508AB9F0508F8
:10EC0000BA9F0508C09F0508CA9F0508D39F05083D
:10EC1000DE9F0508EA9F0508F79F050805A005087F
:10EC20000EA0050816A005081EA0050826A00508C8
:10EC30002CA0050833A0050839A0050845A0050843
:10EC400052A0050858A005085EA0050864A00508A4
:10EC50006AA0050870A0050876A005087CA0050834
:10EC600082A005088CA0050896A00508A0A00508AC
:10EC7000ABA00508B6A00508BFA00508C9A00508F7
:10EC8000D4A00508DDA00508EAA00508F6A005083F
:10EC900001A105080AA1050813A1050817A1050887
:10ECA00085A4050889A405081CA105084C9C050835
:10ECB000D2A9050821A00508079B0508109B050897
:10ECC00027A1050831A1050839A1050841A10508BA
:10ECD00049A1050850A1050859A1050862A1050828
:10ECE0006BA1050873A105087BA1050881A405088F
:10ECF000359E05080CAB0508FB9B0508039C050821
:10ED000011AB05080B9C050885A105088CA1050819
:10ED1000A0A10508B5A10508C2A10508D0A1050854
:10ED2000DCA10508E9A10508F4A1050807A205086A
:10ED30000EA2050819A2050823A205082AA20508A3
:10ED400038A2050848A2050859A2050867A20508C7
:10ED50006CA2050874A205087CA2050885A2050816
:10ED600034A205088DA2050894A205089BA20508F7
:10ED700022AB05081EAB0508C3A20508559C050873
:10ED80000AA30508A9A20508B0A20508B7A20508AC
:10ED9000BEA20508CCA20508D8A20508E4A2050871
:10EDA000F9A2050804A305080EA3050818A3050881
:10EDB00006A1050822A3050828A30508D1A2050875
:10EDC0002FA3050834A3050843A305084DA3050890
:10EDD0005EA3050871A305087DA3050887A30508A0
:10EDE00091A30508D69B0508179F05089AA3050857
:10EDF000A1A30508A8A30508B4A30508B8A305089E
:10EE0000BCA30508C1A30508C6A30508CBA3050834
:10EE1000D0A30508D4A30508D8A30508DCA30508DA
:10EE2000E0A30508E4A30508E8A30508ECA305088A
:10EE3000F0A30508F4A30508F8A30508FDA3050839
:10EE400002A4050807A405080CA4050811A40508D8
:10EE500015A4050819A405081DA4050821A4050882
:10EE600025A4050829A405082DA4050831A4050832
:10EE700035A4050839A405083EA4050843A40508DF
:10EE800048A405084DA4050852A4050857A4050880
:10EE90005BA405085FA4050863A4050867A405082A
:10EEA0006BA405086FA4050873A4050877A40508DA
:10EEB0007BA4050834E3050884A4050888A4050894
:10EEC0008CA4050894A405089CA40508A3A405081F
:10EED000ABA40508AFA40508B9A40508C3A4050898
:10EEE000CBA40508CFA40508DCA40508E0A4050808
:10EEF000ECA40508F3A40508FBA40508FFA4050875
:10EF000005A5050837A805080DA5050811A50508DC
:10EF10001DA505082BA5050838A5050844A5050865
:10EF200052A505085FA505086BA5050879A5050884
:10EF300086A5050892A50508A0A50508ADA50508A4
:10EF4000B9A50508C7A50508D4A50508DDA50508C8
:10EF5000E6A50508EEA50508FBA5050802A6050817
:10EF60000AA6050816A6050823A605082FA6050863
:10EF70003EA605084DA6050857A6050865A605087E
:10EF800076A60508EDA105087DA6050881A6050859
:10EF90008CA6050899A60508A4A60508B1A605082B
:10EFA000BBA60508C6A60508D1A60508DCA6050867
:10EFB000E7A60508F2A60508FDA6050808A70508A6
:10EFC00013A705081EA7050829A7050833A70508E4
:10EFD0003DA7050847A7050851A705085BA7050831
:10EFE00065A705086FA7050879A7050883A7050881
:10EFF0008EA7050897A705089EA70508A5A70508D9
:10F00000ADA70508B6A70508C1A70508C9A7050843
:10F01000D3A70508DAA70508E3A70508EDA70508A3
:10F02000F6A70508FEA7050807A805080BA8050808
:10F0300012A8050817A805081CA8050883AB050831
:10F04000DDA20508E9A2050821A8050827A80508EA
:10F0500032A805083BA8050847A8050852A80508D6
:10F060005DA805086AA8050877A8050883A805080B
:10F0700090A805089CA8050809A50508199B05087E
:10F08000229B05082B9B0508A4A80508A9A805082C
:10F09000B1A80508B9A80508C3A80508CAA80508A5
:10F0A000D6A80508E0A80508EBA80508F2A80508F9
:10F0B000FDA805080AA9050818A9050826A9050834
:10F0C00034A9050842A905082CA9050849A905087D
:10F0D0004CA9050853A905085FA905086CA90508EE
:10F0E0007BA905088AA9050899A90508A8A9050802
:10F0F000B6A90508C1A90508C7A90508CEA905082C
:10F10000D6A90508DEA90508F1A90508FAA9050888
:10F11000AB9A0508D89A0508E29A0508979B050856
:10F12000A19B0508AB9B0508B49A0508BD9A050884
:10F13000C69A0508CF9A050801AA050806AA050877
:10F14000EC9A0508F59A05080BAA050813AA050804
:10F150001CAA050825AA05082FAA050839AA05082A
:10F1600042AA05084BAA050854AA05085DAA050885
:10F1700065AA05086DAA050875AA05087DAA0508EF
:10F1800086AA05088FAA050897AA05089EAA050859
:10F19000A6AA0508AEAA0508B7AA0508BEAA0508CA
:10F1A000CBAA0508D0AA0508DAAA0508E8AA050826
:10F1B000EEAA0508FBAA050800AB0508709B050828
:10F1C00005AB05080BAB0508129C05081B9C050840
:10F1D00010AB0508249C050817AB05081DAB0508F6
:10F1E00099A405084F9B05085A9B0508659B0508CF
:10F1F0007A9B050827AB050831AB05083BAB050832
:10F2000045AB05084FAB050858AB050863AB0508CF
:10F210006CAB050877AB050882AB050889AB050820
:10F2200096AB0508929C05089BAB0508A2AB0508A8
:10F23000B1AB0508B5AB0508BFAB0508C4AB050805
:10F24000CDAB0508D5AB0508DDAB0508E2AB05087D
:10F25000EDAB0508F7AB050801AC050809AC0508DE
:10F2600013AC05081DAC05082DAC050835AC050828
:10F2700041AC05084AAC050853AC05085FAC05086D
:10F280006AAC050873AC050882AC05088FAC0508AC
:10F290009CAC0508A8AC0508B6AC0508BFAC0508D1
:10F2A000C6AC0508CFAC0508D4AC0508DDAC050834
:10F2B000E9AC0508F4AC0508FCAC050803AD05088D
:10F2C00008AD0508ACB805088EB305080EAD0508F5
:10F2D00018AD050848B3050822AD050825AD050899
:10F2E0002DAD050833AD050851AD050855AD050830
:10F2F00004B905085AAD0508F1C2050865AD050851
:10F300007BBC0508C5AD05086AAD05086FAD0508ED
:10F3100075AD05087FAD050883AD050888AD050806
:10F320008EAD050894AD050861C80508A1AD0508B6
:10F33000ACAD0508B1AD0508BAAD0508BEAD050810
:10F34000C2AD0508CBAD0508D0AD05081BB1050859
:10F35000D8AD0508E2AD0508E5AD05082CD00508D7
:10F36000EAAD0508F5AD050802AE050806AE0508CC
:10F370000AAE05080EAE050815AE05081FAE050855
:10F3800022AE05082FAE050839AE050842AE0508C5
:10F390004BAE0508D9B6050857AE05085EAE0508A0
:10F3A0006AAE050872AE050877AE05088DB505088A
:10F3B0007EAE050884AE05088BAE050897AE05083D
:10F3C0009FAE0508A3AE050897B9050830AF05083C
:10F3D000A9AE0508B1AE0508BDAE0508C5AE050865
:10F3E000CDAE050859D30508D5AE0508DEAE050833
:10F3F00004AD050809AD0508E3AE0508EBAE050848
:10F40000F3AE0508F9AE0508B6B80508FFAE050865
:10F4100003AF050809AF05080EAF050817AF0508CB
:10F420001CAF050825AF05085CB005082EAF050820
:10F4300035AF0508F0BD05083FAF050847AF050823
:10F440004FAF050856AF050834B905085EAF05088B
:10F4500066AF05086CAF050879AF05085CB805080C
:10F4600071B8050883AF05088AAF050892AF050893
:10F470009EAF050811B70508A6AF0508AAAF050895
:10F4800026B90508AEAF0508B3AF0508B9AF050842
:10F49000C1AF0508C9AF0508B1BD0508D2AF050861
:10F4A000E1AF0508F0AF0508F8AF0508FFAF0508A4
:10F4B0000AB00508EFC8050811B005081BB005081B
:10F4C0001FB0050824B005082AB0050834B00508A7
:10F4D0003DB005088BB2050842B0050848B00508E4
:10F4E00051B00508A6CF050856B0050862B005085A
:10F4F00067B00508B9CD05086CB0050871B00508FE
:10F5000090AE05087BB0050884B00508C6C705089D
:10F510008AB0050890B0050895B005089BB00508AD
:10F52000A0B005080DDB0508A9B00508AFB00508B7
:10F53000B7B00508C0B00508CAB00508A7B20508ED
:10F54000D3B00508D6B00508DEB00508E8B0050858
:10F55000F5B0050801B105080DB1050814B105089D
:10F5600020B1050827B1050830B1050837B10508F5
:10F570003CB10508DCD1050842B1050847B10508D2
:10F5800052B105085AB1050864B1050870B1050803
:10F5900078B1050880B1050889B105088FB1050863
:10F5A000B3B005084EB9050894B1050899B105082E
:10F5B000CDD405089FB10508A4B10508ABB1050875
:10F5C000B4B10508B9B10508C8B1050845B20508C8
:10F5D000BFD3050851AF0508D0B10508D6B105085D
:10F5E000E0B10508EDB1050801B20508BCAC05089D
:10F5F00008B205080EB2050806B0050814B20508E1
:10F600001DB2050825B2050830B205083AB2050852
:10F6100043B2050849B205084FB2050858B20508BB
:10F6200063B205081FC605082DC605086CB205089B
:10F6300071B205087AB2050883B2050889B20508D7
:10F64000D1B905088FB2050894B205089AB2050829
:10F650009FB20508A6B20508ADB20508B6B2050806
:10F660009FBD0508ACB10508C1B20508C8B20508C0
:10F67000CDB20508D3B20508B7D20508DDB205083A
:10F68000E3B2050891B00508E8B20508ECB2050838
:10F69000C7AC0508F0B20508F9B2050800B30508C3
:10F6A000A4AE050806B305080AB305082BB3050880
:10F6B00036B6050833B3050839B305083FB3050866
:10F6C00044B3050851B305085BB3050866B30508E4
:10F6D0006FB3050878B3050881B305088BB3050837
:10F6E00093B30508DAAF0508E9AF05089EB305082E
:10F6F000A2B30508A7B30508ADB30508B2B3050862
:10F7000023CF0508B9B30508BEB30508C5B305087E
:10F71000CCB30508D4B3050840B90508DCB9050821
:10F72000D9B30508DEB30508E3B30508E1B9050858
:10F7300015B40508E9B30508F4B305084BB205088C
:10F74000FAB3050801B4050809B4050811B40508A1
:10F750001AB4050820B4050824B4050828B405081F
:10F7600039B405083DB4050875BD0508D5AC0508D4
:10F7700085B7050841B4050805AD050846C6050866
:10F780004BB4050855B4050812D80508C3B60508DA
:10F790005CB4050861B4050866B40508C0E0050856
:10F7A00071B4050878B405087EB4050881B405086D
:10F7B00085B405088BB4050894B405089AB4050807
:10F7C0000FB20508A3B40508A8B40508D7C00508FA
:10F7D000B0B40508BAB40508CAB40508D3B405081E
:10F7E000D7B40508DBB40508DFB40508E5B405089F
:10F7F000EBB40508F0B40508F5B4050801B5050833
:10F8000010B5050824B5050884B1050833B5050809
:10F8100037B505083BB505084BB50508A2CB05086B
:10F8200055B505085DB5050865B505086CB505084D
:10F8300091B2050876B50508C2AE05087BB5050886
:10F8400088B5050895B50508A4B50508B3B505083C
:10F85000C2B50508CDB50508DEB50508E7B505084C
:10F86000F1B50508F9B5050804B605080DB6050893
:10F8700016B605081FB605082DB605083AB60508E0
:10F880004CB6050856B605085FB6050876B00508FB
:10F890002DB7050864B605086DB6050883B90508D7
:10F8A00071B6050876B605087EB6050886B6050861
:10F8B0008DB6050897B605084CB10508A1B6050830
:10F8C00099AD0508ADB60508B6B60508BCB605087D
:10F8D000C2B60508CDB60508D1B60508D7B60508E5
:10F8E000E2B60508EFB60508F4B60508FDB605084A
:10F8F00001B7050805B705080CB7050810B70508D6
:10F9000015B7050870DB05081CB7050821B7050801
:10F9100028B7050832B705083AB7050844B70508FF
:10F920004BB7050856B705085CB7050868B7050862
:10F9300074B705087EB7050889B7050890B70508AC
:10F940009BB7050860CA05086BAD0508A2B7050896
:10F9500070AD0508A9B70508B0B7050839AF0508A7
:10F96000B4B70508BDB70508C6B705088DD50508A5
:10F97000CCB70508D7B70508E3B70508E9B7050808
:10F98000EBB90508F4B70508FEB7050806B8050881
:10F990000BB8050811B8050819B8050820B80508FE
:10F9A00026B805082DB8050831B8050836B8050889
:10F9B0003CB8050841B8050848B805084CB8050822
:10F9C00052B8050867B80508A4C005088DB9050830
:10F9D00083B8050884AD05088FAD05088BB8050808
:10F9E0008FB8050841D1050894B80508DBB50508AE
:10F9F0009EB80508A6B80508B0B80508BAB8050845
:10FA0000C5B80508CEB8050829AF0508D7B8050858
:10FA1000DFB8050893B70508EDB80508FAB805087A
:10FA200001B905080AB9050812B9050818B9050889
:10FA30001EB9050824B905082BB9050833B905080E
:10FA40003AB905080CC405083FB9050846B90508C8
:10FA50004CB9050856B905085EB9050864B905082A
:10FA60006EB9050844C6050875B9050881B90508C9
:10FA70008CB9050891B9050896B905089BB9050820
:10FA8000A8B90508B5B90508BDB9050815B8050830
:10FA9000CAB90508D0B90508D5B90508DBB9050804
:10FAA000E0B90508E5B90508EAB90508F0B905089F
:10FAB000F5B90508FCB9050800BA05080FBA05082C
:10FAC0001BBA050824BA050830BA05083ABA050871
:10FAD00044BA05084CBA050858BA050861BA0508C1
:10FAE00003030407060A03070708040202030303CB
:10FAF00003020202020202020203040D04040607CA
:10FB00000706070808080809090909080709090874
:10FB10000808060808080808090908080808080865
:10FB200008080808080A0A0A090A0808090909074A
:10FB3000080505030E06050504020203030303037B
:10FB4000020202020202020207070608080706066E
:10FB50000A0408070707070202030303030303025B
:10FB6000020202020202020304040306080A09094F
:10FB70000903060607030E0202030303030303023D
:10FB8000020202020202020304060B0B0B0B0B0B18
:10FB90000A0A0A0808060B060D0D090D040F0404D5
:10FBA000090809080409060A0608050C0C0A060CCF
:10FBB0000B06030605060507060606080A050C0DD2
:10FBC0000D090B0A120408090807090A06070B0B9E
:10FBD000080E0509080A0B0C0D080707070506059E
:10FBE0000B0C05050505050505050909090A0A089F
:10FBF000090A080C0B0A0808030402020A04030499
:10FC00000404090707070608080807070902020392
:10FC1000050505040613140C0D0B0C0A12060A093F
:10FC2000060D0F100D04070708070306060D04084C
:10FC30000803030606060D0B0B140A090909030540
:10FC40000606040E0910120B0909080A0306060B22
:10FC50000303040404040303030303030303030370
:10FC6000040404040403030303030303030303045E
:10FC70000404040404030303030303030303080A43
:10FC800003030707060703090907030C030B06070D
:10FC900003050703030B0D0C0B0D0C0B0D0C0B0DCB
:10FCA0000C0B0D0C0808070C06070B0C0B0E0E09AD
:10FCB0000D100606030A0C0A0C090A0A0A0A0A0AA7
:10FCC0000A0A0A0A0909090909090909090A0806A3
:10FCD0000607080A070906080908070803060404B6
:10FCE0000405060F050A080B0A0A0C0C0B0C0B077F
:10FCF0000304040404070709060B090A060A0C0D8D
:10FD00000D0D0D060702060B0C0E0E0E0E0D0A054C
:10FD10000607071208060405050505050404040482
:10FD20000404040407080809090808080807070765
:10FD30000708080706070708060C04090D050C0448
:10FD40000405050406060605050902060606060959
:10FD5000090909080A080A0A060C0404060E030920
:10FD600004080707040A09090709090F070B08080F
:10FD70000B0A080E0C0C0B0D08060804080B0A07EA
:10FD800006040503040909080207051D0304050A02
:10FD900003040505040509030405050C010A04080C
:10FDA000030308040704090204050A0C03030306FD
:10FDB00009020C0908080B08060B070406070506CC
:10FDC0000B0703050304070B0707070708040304D1
:10FDD00007070505030305040804080805060907C5
:10FDE000070706070507050C090A1106070B070395
:10FDF0000303040405070708010E0E07060A060898
:10FE00000903040509080403050804090B04040494
:10FE10000409060805050504050408040507080982
:10FE200008050207090C0B0B060B0608060405075C
:10FE3000040A07090B07070805040307040508045B
:10FE40000608040E0703040405090C130602050541
:10FE50000308070A09080505080A0808080408082D
:10FE60000505030405040606080A04070604050937
:10FE7000030504030303070806050403200703051D
:10FE800005040C090A08080809070A060603040500
:10FE90000406040406060704050304040503040A13
:10FEA00005030607070805030310030302070309F8
:10FEB00002040906060904040A06060502030508E9
:10FEC000050804040704090F0803030305050404D7
:10FED0000B0E130E0403030F0901070706090204A2
:10FEE000020C0C0E0E0E0A100809070A0808080D6D
:10FEF0000C1109080404040803080407070609098B
:10FF0000050B070805050A03050A0C040803030688
:10FF1000030406040406090709060A050B0B090A6F
:10FF2000060A0606030604060305080805060A0B6A
:10FF3000050A040907040507060506030405040667
:10FF40000305141B0403070304030404090207093F
:10FF5000090A080804070D070C0608070505050629
:10FF60000706040406050907050906060B0A04042A
:10FF7000040C0C070C030504050404040504060323
:10FF80000E0B080B0909070B08056C1A7B1A8B2846
:10FF900081F41A4E924DBD3DB51EE36352539BACA6
:10FFA00054725572C5BCC4BCC7BCC0BC5672577233
:10FFB00050725172527253725C725D7263B6F28209
:10FFC000219EF182F08202283CF03FF00AA1D2B0DB
:10FFD000F143F243F343F443DCDDDFDDDEDDD9DD65
:10FFE0006600D6A051B752B7DDBDDEBDDFBD7DA036
:10FFF0006D8F6E8F8C5F8B5F8A5F3F253E25263F1E
:020000040806EC
:10000000273F00B203B202B2931B901B911BF299DF
:10001000D299D399DA19D919D81963D67207797593
:100020007A75375B365B315BEBB77DB5962F7D2FED
:100030007CB7F8EBAFF204965C7AEAB8F772F67226
:1000400086D184D185D182D183D1F572F472F372D5
:10005000F272F172F072FF72FE7295E253E24A9A06
:1000600040A606A6BFAF19B0529DFF51143F8F8B1B
:1000700035BF8ED471FE1AB79672977247C546C5C2
:1000800045C544C543C542C5947295729272937238
:10009000907291729E729F7289CF98C09BC000CF60
:1000A0008EDBB476990DCD58809C065837D1392215
:1000B000DE22574E61D1F69B3172307200B801B822
:1000C00002B803B804B805B83372327235723472AC
:1000D000377236723972387203BA52FA8D81FC2245
:1000E000FF228922A223A123D72339973A974C973D
:1000F000549057909D7F62881F7D7E4A3D4611D166
:10010000E055E614140E1C2D1F2D648BD2F960CB24
:10011000562B3747B82E37C2171120EC461561A36E
:1001200027AB3A2C19FB53AD86259AA05CFF86A617
:10013000A54F931EB1F0901EE387B6675E65A48558
:1001400079D7AC97EA7F8E61293EC852FFF83A5DB5
:1001500055FECD0825C620B729FD2C87988EBDAB4E
:1001600080FF7F5C02691D510D15024B82D19550B5
:100170005AAF5BEE6F49102C21AE24A54BF0B4872B
:100180001787D786386FC5159591D8BEE999D5E2FE
:10019000D6E2D7E2D0E2D1E2D2E2D3E2DCE2CEEEA6
:1001A000CFEE1AAE12711671F4E5FD237AD5F2DCAA
:1001B00031E2EE2E88F328C36E73A9C001E7BD7348
:1001C000BC73B0512B6C5DDFCCCACFCACECA0CCF8A
:1001D0009042C244C14434F3EE67AF31AC31D284B3
:1001E000D184DBD32F73227336D791765776F4758B
:1001F000CEBD36BE82A8ED3212047D7837C0BBB1C9
:1002000078ED60D59A9A7E7247C55C9BC0493D2CBB
:10021000098C94AEF8361E24E5250BCC062588DC27
:10022000C0288628BF5B0F6585D4123D51DCD8DE1F
:10023000B69CF09C398D6E93CA7950FE984CF6C4EA
:100240004C98CD8312FC59CA0314048EF6796FD1F1
:100250003EC6FA02FC6F1B511D9CE62864085EFF37
:100260005E480BE31F2A3427F07E640F650F35FCD0
:1002700034FC37FC30FC660F670F600F610F620FB4
:10028000630F6C0F6D0F870F860F7600740075007B
:1002900072007300850F840F830F820F810F800F10
:1002A0008F0F8E0FA60FA70FB704B604B504B404C2
:1002B000B304B204A40FA50FA20FA30FA00FA10FA8
:1002C000AE0FAF0FC30E0A3589914D104C10DFC031
:1002D000778A7D617485B30CADFB55B5BA5E4F0D61
:1002E000E3FF500DDBCB7EAE0D7E121435584E78F9
:1002F000010757076B01772BF5DA886C54BA76EA59
:1003000029C83579778973426F12ED8490AD4CA17D
:100310006E941FDF388350BDABF9D9248ABFD42136
:10032000665C684E00B3D3E77E0631E885BC64CCDA
:100330002D0BA0047ECDDE1EDDCDBDAA84CAF52323
:10034000D4233723162371235023B3229222FD2472
:10035000DC24A5CAC6CAE7CA00CA21CA42CA63CAFF
:100360008CCBADCB481C834D4ECCA9CBF72BCA44CC
:100370002D256D161D62B9C92E204AE13E1E8A0444
:100380001BAAB00491006F876C879482F71B6C24C2
:10039000245D6815B314CA9632BE01C60FDFF9C6D4
:1003A0002AA3DB28215325FF073DEF11FE4FFD4F08
:1003B000FC4FFB4FB008B308C04B067C282F7A8A4D
:1003C0001A5F717ADCB141A999CE06EF642CE780FF
:1003D000B31B4C81E174DE81912A2EDBE06DE16D6F
:1003E000E26DE36DAB465F9F98D99BE413F2215811
:1003F000ECF07676970084E134123512361237121B
:10040000301287E186E181E180E183E182E18DE1E3
:100410008CE1EB9FAAD07D70245E275E69716A71C2
:100420006B716C71F3A50AA809A85FBB10FA90E97B
:100430005AAE570C4AECC9D5A50BCB0E7FB7084274
:10044000995CAD8DA21F41991317B719A350A25003
:10045000233DC41782176118BBE17A8D70C6A07363
:10046000355B365B375B325BF96FDB5AD85AD95A4A
:100470008DA62ADABAA368262625A2F422D131F263
:10048000A280159BDD056203087226294E8B889792
:100490009895B81E4C84C4CF4E2BC4C383B403308C
:1004A000428868375B777F5403549DAE383EC8233B
:1004B00000BB61FFBF5454194FCFDA492C23BF4B07
:1004C0005E29F779D9C53C0B7D6D85891BA013A3E7
:1004D0004432B67A4C405AF99391226E5F80A8FB61
:1004E000782A5C339194842CB01E9134C7C67C72F8
:1004F000545750E5388F436D65351FBECD819781C8
:1005000002FFC7B53C8F8344F5D8E948E048913CE9
:100510008464B85D4968A615CB6EF6507FD4E2EFCF
:1005200097A21E4965496649E5A025DBDF6E9C5C04
:100530006199B65D4D38AF334CF00387808E61B65C
:1005400006B04EBF2691B1B22E33DC2C74CA504C8B
:10055000B6F43B4C68DA9B65E0C822A7F4C9C59D98
:10056000DB3D3314B4DB7A4CD2DB1142ED44E8C7F7
:10057000E9C7C34D174D76E8CFEFF32D15DCE40442
:1005800054F8D455A9599ED2CE7D7E3A02419E8D13
:10059000DBC8504C6EDB0599EC622DA972249CFAE5
:1005A000CDC49176043A0F71FE1E6D1F2D1F4503B9
:1005B000E92F7A2DAA5A3B25F4F6C0B539FA8EC236
:1005C0000FDC04DE916043CA069C71BA94237796CF
:1005D000C11110DD582885BEC8247472117493129D
:1005E000CC3261C1A7230335C334CA3435ED25BEEF
:1005F0002039FA8F35447D46374061C1E544698230
:10060000E53A1C98063937BDED9C27020290616ED1
:100610008B0696C38BFDCFB56E1803D0667D90B266
:1006200078AC5A8E54D8BAB0DD5DDA70D051106D06
:10063000AD8C562DAF2DD627876B681D945C7050FE
:100640002A7F2B4C833CC295A1DC3D1A716A47B7C7
:10065000172D5A480453EBB31FB4735ACA3D282AC6
:1006600006DDB700236F78C2535D8F560B00494EED
:10067000F7689AE5A6AB3E119E03B9C1FCEC75770D
:10068000259247BEFDD1F613628B43E7406F5F4072
:100690005D4CE2D7574C5987CE6CFFB954E7CB1C61
:1006A00098E3CC0E6324B0B07D46213F4091732384
:1006B000313FB641A84160ABC1D55E05962235BB3E
:1006C000B143731ED470204407CA41CA18C8E9A3B5
:1006D000522BB1E1CB62D1F18DEB628C93E869448E
:1006E000AC885B21AF429D989CB576B0962B26C016
:1006F00025C0F566BF99ECD11DC2A80DF14365C2B6
:1007000066C2520F8945A2751E169129E458840BC2
:100710005B28378962AB9BF4B4572B5A261DFD5CCE
:100720008A5C646F28FCCE5E8767796FBCD11FA995
:1007300079E2420587E588CE7EC1F374A0A0F51A60
:100740006AD51C70F2734DF03A19050C41ED9AD937
:100750008FD9719A5CD828151C22C229F770F470C1
:100760005370F4CAB2CA8B7A807D2314013A27B73A
:100770003A39BB7E2F70EE718D95B081D7B5873F2A
:10078000AFDCBE2CA33ED570E8EED270A109CBB68B
:10079000E0C2EDB76B74F9FE8F72DAAE6F00084FEE
:1007A0002D1C7DF0EF9241B1823F3B65388E6A5936
:1007B0000389BFF9E5F9E7F99190758BACA166FA69
:1007C0005646EC8F3518BF37235810F4CE2FB2752C
:1007D000A16E45A73C2815D051897E6786D0B09779
:1007E0001A8EE0ACFE8FF98F285A538FCD7AABC1A9
:1007F00092759D758D41A430389FC6112203EB0C74
:1008000078DACBE56E18C71E38E80459DC8A2E0169
:100810003701B1903F20B9A649730B90EA270B63CB
:100820001360B5F460CCE1654726620F6AD32144BA
:1008300097F7D2D9D735D2F01419A35821040883D9
:100840004F8D3237AD1D38371290218DB27ACE6779
:1008500060F8A262BC8E9B36FE61D6A1E56114B140
:1008600098AFF22F986F7DDB9DAE1AA5B1E04232B2
:100870005A31F0C172B2890C3E54794AB743EB99B0
:100880009D8C5B99D1F0D2F0C9FFF87125AF8B3107
:10089000E33DDD9EB79CB1B901F5F67C0489FE8F7E
:1008A000073C0E6D17D4C9F3BAECADC147C9073385
:1008B000BFD36E0A867A5D23C9071DF6E70A9F0932
:1008C000FFEEF742C67E78329D7E8984964FC7A59B
:1008D00002DFD21E40E0033979ED7575583700000C
:1008E00000000000000000000A000000D900000025
:1008F000360D06085C0C060800DE050800DE05085B
:1009000067BA050849DE050889DD0508E9C205085A
:1009100005CF05086FBA05080BC0050878BA0508A9
:1009200081BA05088BBA050897BA0508A1BA050867
:10093000AABA0508B6BA0508C2BA0508CBBA0508AE
:10094000D4BA0508DCBA0508E5BA0508EDBA050809
:10095000F6BA050801BB05080ABB050812BB050865
:100960001BBB050828BB050831BB05083DBB0508B6
:1009700045BB050855BB050864BB0508E5C505086A
:1009800073BB05087CBB0508E9C5050809CA05084D
:1009900085BB050891BB0508A2BB0508ADBB0508D2
:1009A000B6BB0508C8BB0508D4BB0508E0BB0508F5
:1009B000EABB0508F3BB050807BC05080FBC050822
:1009C0001DBC05080DC605082ABC050836BC05086F
:1009D000A7AB050841BC05084CBC050852B005088A
:1009E000DAB005085EBC050862BC0508F8C2050857
:1009F00069BC05086EBC050877BC050881BC050804
:100A0000BAC605088ABC050893BC050897BC05084A
:100A1000A3BC050830D20508A9BC0508AFBC050871
:100A2000C8C60508DEC1050880AE0508B4BC0508C7
:100A300065BC0508BBBC0508C4BC0508C9BC0508E5
:100A4000CEBC0508C1BD0508D5BC0508DCBC050841
:100A50002DA10508E7BC0508EFBC0508F7BC050893
:100A6000FFBC05086BB90508C7BD050804BD05082E
:100A700061B505080BBD050813BD05081BBD0508BC
:100A800026BD05082EBD050836BD050841BD050873
:100A900074C9050871D5050849BD050874B4050871
:100AA0007FC9050884B5050828AD05084EBD0508B1
:100AB00055BD050828BD05085CBD050863BD0508D2
:100AC00068BD05086CBD050878BD05087DBD050835
:100AD00084BD050854CA05087CB1050889BD050810
:100AE00091BD050895BD050870B505085BD40508DE
:100AF00006BA05089BBD0508A4BD0508ABBD0508E1
:100B0000B3BD0508B8BD0508C0BD0508C6BD0508CC
:100B1000CDBD0508D3BD0508DABD050826C3050807
:100B20007AE30508E1BD0508D9D30508E5BD050848
:100B3000EDBD0508F8BD0508FDBD0508D4BD0508D7
:100B40009BAD050804BE05080FBE0508DFCA0508F1
:100B50001CBE0508AFD205085DBD050821BE05080D
:100B600025BE05086BB405082BBE0508EEB30508C5
:100B7000AECA05087CB8050843BD050834BE0508A3
:100B80002AB1050889C9050866D405083ABE0508D2
:100B90003EBE050849BE050853BE05085CBE0508F3
:100BA00067BE050871BE050879BE050881BE050847
:100BB00089BE050892BE05089EBE0508ABBE0508A5
:100BC000B6BE0508C1BE0508C8BE0508D2BE0508E8
:100BD000DFBE0508E6BE0508EEBE0508F5BE050841
:100BE000FEBE050809BF050812BF050819BF0508A4
:100BF00024BF05082BBF050836BF05083EBF050802
:100C000046BF05084DBF050855BF05085CBF050870
:100C100064BF05086CBF050875BF05087EBF0508E1
:100C20008CBF050898BF0508A4BF0508ADBF05081F
:100C3000B6BF0508BEBF0508C7BF0508D3BF050876
:100C4000DEBF0508E7BF0508F4BF0508FDBF0508BE
:100C500005C005080DC0050819C0050800000701FA
:100C6000010101080108090B09080B0B0808070816
:100C700007080A0807080C080B070F0E0E0D0808D6
:100C8000090D0B100A08110B0B090813070D0C0DA9
:100C90000B0A090A110303030604040809080508DE
:100CA000030B0505050405040306030804040604F4
:100CB000060A03070707040205060307070A0707D2
:100CC0000A07050404030403040606050604030BCF
:100CD00004060403030703050504080806070407C0
:100CE000050605060604040303070A040605050AAB
:100CF0000C0404030503050508050406050505069F
:100D000005030A09080A09070707080B0C0A0A065F
:100D1000090C060706080A08060A060A0707060756
:100D200006070708080D0B0B080807080B0A080C34
:100D30000807070B0700000005157A8FAFB585B5CA
:100D40008FB58AB5BD94FAB5A7F92BC5FD356DBA37
:100D500045F840F82639F7C85FA5161BCF32E2B038
:100D60008E13FF30E238791502736B00100B323EA0
:100D7000D0CD2D8C975A21DE079291BFF0E0F22959
:100D80001662209C5C2083ADEA00AFE2FF69DC8341
:100D9000BA2D1768C698A16581E161F1EA1C948FAC
:100DA00020FF25969687B6279532443313336B97E9
:100DB000C2C6EB3CF73176A3227D5CB20D70DC4CF1
:100DC000B48C7CA03367C0FFE0DBA64D3FFCFA1E6D
:100DD000B8040A231BA39BA61EC063E80034263375
:100DE0003574333BC0179D498CB0B770286F7B2892
:100DF00012541653EB37A89AB6BEFC805BF8B57F49
:100E0000DDA7E3538F21A75C326D01136240271DDC
:100E1000896A3BA1C6CBE5B9CEB7B9430B7C428802
:100E2000908DD13A1C5E2A73BF2C2D7354C61A5E66
:100E3000B7F94BBFF919638A4925D0F7252AD29C07
:100E4000E92BE725A5003B957977B976238F278F86
:100E5000D4A86CA3BF9D5E15B73385EF74E862AF6D
:100E600057369D36508D291E2E8DC4B2B344D83EC0
:100E7000FD419D7FB4762794B7824E347DBE98A8FD
:100E8000E6ACCC8D346A808CD415545195D6C4828E
:100E90000EDB2B65C5E2C65FDCED7811713E357067
:100EA000465FA746B38FB6826D4AF7770878CC13B2
:100EB00009885D6849F3633731420E0B69D538BB49
:100EC00029F02D0016C5DC2E54981BD1DB03318A86
:100ED00063012ADCFF9AC59D579873775AD7F2862B
:100EE000A7B3210988EF20EC000000008F1402084E
:100EF00030303030303030303030303030303030F2
:100F00005F3030302C303020202020202020202046
:100F100020202020202020000000000000000000F1
:100F200003030303030000000000000000000000B2
:100F300000000000000000030101010101010101A6
:100F4000010101010101014545454545454545452D
:100F500045010101010101015959595959591919FD
:100F600019191919191919191919191919191919F1
:100F70001919010101010101696969696969292971
:100F800029292929292929292929292929292929D1
:100F9000292901010101000026A005082FA3050849
:100FA000FBAA05088BC0050895C0050899C005086F
:100FB0009CC00508A3C00508A9C005083EB70508E0
:100FC0003BBD0508AFC0050834DF0508B8C00508FB
:100FD000BCC00508C1C00508C6C00508CDC00508CD
:100FE00051D505087CB9050885C10508BEC00508AE
:100FF000D5C00508FCA40508EDAF0508DCC0050850
:10100000E3C00508ECC0050852D50508F0C0050886
:10101000CBC30508F5C00508EFAE0508FCC0050800
:10102000BFBC05084EC405085455565758595A5D5B
:10103000335B3234373D4A35383E4B414E46533FA1
:101040004C404D5F3C493A474451435045523B4820
:10105000424F5E360E000000060000001E00000039
:1010600037000000060000006C100608E21F0000B8
:10107000503F0608CA2A0000CC8306089A230000C5
:10108000303906087A230000EC7906087A26000039
:1010900014AA0608A2290000A0AB06080001020459
:1010A0000C0E101214151617191A1C1E22242629AC
:1010B0002B31363D414546484A4E525456585A5CAB
:1010C0005E60626466686A6C6F7174777A7D808234
:1010D0008486888A8C91009395979A9C9E9FA3A45E
:1010E000A7A9ABADB0B3B5B8BABCBFC1C3C5C6C87C
:1010F000CAD2D5D7D8DADCDEE1EEF3F5F7F9FBFD9D
:1011000000030406080A0C0E101214161F222327CF
:10111000292C30323336393B3D3F414547494D4F0D
:10112000515A5C5E5F6163686A6D6F70727E808227
:101130008486888A8D8F91939597999B9D9FA1A373
:10114000A6A8ABADAFB1B4B6B8BDC0C201303E20A9
:10115000422043201A1008105410463055104530D4
:101160005B107D2054205D10062055305A205A1007
:101170001B109D202B10171019102D103630392000
:101180002C105E3024106B2021106120241063206D
:1011900022106D2028106D20141080206E30151044
:1011A000702023101A205B107D20713079302F10B1
:1011B0001A205B107D20793020109D2025103620CC
:1011C0005B107D2079302E105B107D207320301055
:1011D0007A205B107D20522080207F301E208130BD
:1011E00027104C305B10802027104C305B10822081
:1011F0001F202A10832012102910832023208420EE
:101200004110232024203A1025203B1026203C109A
:1012100027208820282089208B208A208C208B2042
:101220008D208F30161090208E3090208E305410EC
:101230009130551056109230571058109F30591059
:101240005410A43055105610332057105C1008105D
:1012500098205A10802035305B10993080205A1029
:1012600080203B3018100810A3305B107D20311017
:10127000AE305B1080205E108020051053206F2060
:101280000510522036204030051042106C203030BE
:1012900005104120382003204420151003205F1042
:1012A000802047205A10482049204A2008103B300F
:1012B0003C3041104B30461008103B3008103B309A
:1012C0004D205A104E204F20502008103C30411025
:1012D00051304610081008106F20532004200510CC
:1012E000072008205D2060201020112012200520FA
:1012F0005B20562057205C20592058205E10592032
:1013000039200620222080205B10802058304C108D
:101310004D104E104F1051105210491047104810E8
:101320004A104B105310501009200A200B200D209A
:101330000C2080205F30211080200E200F206C2098
:10134000622065206C30411064206A2054106A20AD
:10135000551066205C100D10081069306C20693043
:101360001310081067205A1068205A1008105C10DB
:1013700008105A105A10802014201520162017200B
:1013800018200320382002201320032018201620C4
:1013900072201C101A205B107D207420782077208A
:1013A000793078301E1076305B107D2080206930D7
:1013B00075201F105B107D201D105B107D207B2091
:1013C0005A1080207C30131023207E2053200510DB
:1013D000061019200710321080201C201B2023101B
:1013E0001E201D1080201D201E20202021203410B2
:1013F000351036103710381039102510852086200A
:10140000291025102610873029103D103E103F105E
:1014100040104110421044104510431029202A204A
:101420003F10401033102B202C20972046108B208B
:10143000081009100A100B100C100D100F101010CE
:101440000E102D202E202F20392092209320943012
:1014500022201A20AC2095205A10963093205A1042
:10146000302031203220352034209A209B205B1000
:10147000803080209C305B1080309E205A102220CB
:1014800023203720A030AC20A1205A10A2303720D2
:101490005A105410A4305510A5205A10A620A72089
:1014A000A82041108020461080208020A930AC2048
:1014B0003C20AA2032108020AC20AD2020109D209E
:1014C00025101E20AB3023108220AB30AF203620F9
:1014D00021108020613262A833223322212121226F
:1014E000212222242222232226252724243262623A
:1014F000A4A43131223122313131313131626223C0
:10150000622323232323223362223362A522006233
:1015100062131262212432132262331363222322C4
:101520003313622222611262181362326212122392
:101530001D1562621212621363321222626233312B
:10154000313162191332241263246232236331620F
:10155000621264621224121219222221121215122E
:10156000131232621C1262121262331312122262BE
:1015700022331262122233633313222262132212A5
:10158000A52312220700A8A9A6AAA700535702085C
:101590005357020841710208B56802085357020800
:1015A000CB640208E15602082D4B0208535702088B
:1015B000814B0208814B0208615602084956020815
:1015C000FD5502083D4B020869720208554C02089D
:1015D000554C020895550208CD680208BD54020812
:1015E000335402080B600208C96C0208E95F020864
:1015F0005357020821710208D9530208D94A020838
:10160000D94A0208C3520208C3520208A95202086A
:10161000C9510208754B0208895102088951020814
:10162000895102084F5102084F5102084F510208D8
:10163000235102088F570208ED700208816F0208DB
:1016400015570208A75702081D510208756F0208B6
:10165000A74F0208F5480208E15602081F4F02088A
:101660001F4F0208E1560208074F020829710208BD
:10167000454E0208034902080981020869800208F0
:1016800051790208B97C0208417E0208CB7A02082F
:10169000697E0208ED7A0208277B0208FB7A0208BD
:1016A00069790208E37D0208C17F0208F97E020819
:1016B000C17A0208DF7E0208D7790208D77A0208C9
:1016C000DF790208597D0208117E0208E7790208D5
:1016D000EF790208F7790208017A0208097A02080C
:1016E000197C0208857D0208977D02082D7C02087E
:1016F000817C0208F57F02081F800208117A020827
:101700001B7A0208997C02087D790208A37C0208F2
:10171000297A0208A97D0208357B0208357A020879
:101720004B7B0208737B02087D7B0208AB7F0208BB
:10173000837F0208B57E0208C97E02083F7A02084C
:10174000537A0208697A0208857902088B790208BF
:101750000E100C0075003E005E005C05C404C7045A
:10176000C504C60434BF8CBF0CBF94BF2CBF14BFCC
:10177000B4BFCCBF0CBFD4BFACBF14BFA1A902087B
:1017800021A30208098A0208698902084BA00208FD
:10179000078E0208D99F0208459202082592020886
:1017A000F58D0208199402082F910208658D020830
:1017B000018A0208FB8B0208FD8C0208F9890208E5
:1017C000B79C0208758B0208D5AD020855A5020822
:1017D000D19E0208B78F020873890208FD9C020897
:1017E0002F900208038F02083B96020835960208E4
:1017F000B1940208099F0208C5990208339D0208A6
:10180000419602086F9C02088999020877890208AC
:1018100081940208A5920208A5A002080399020873
:1018200081900208B9900208459C0208159C0208A4
:1018300095980208F1970208A19D0208AD97020849
:10184000F59A02085D93020805A60208F9930208BA
:101850007F89020804050600DFB20208DBB2020835
:1018600009B50208ADB202086DB5020830616464C2
:1018700034737562206D756C8064697600685B04F2
:1018800000785C0400885E040060970000703505F5
:101890000080370504656F72086C736C0C6C737292
:1018A0001061737214616463187362631C726F72E7
:1018B00020747374246E656728636D702C636D6E7D
:1018C000306F7272346D756C386269633C6D766E20
:1018D0007165656E73636363696D6C70737663764F
:1018E0006968736C6567746C7467656C05495053FF
:1018F000520000000011424153455052490000720D
:10190000300001723100027232000372330004723F
:10191000340005723500067236000772370008720F
:101920003800097239000A7231300B7231310C7291
:1019300031320D7231330E7231340F7231350A7318
:101940006C000B6670000D7370000E6C72000F70EF
:101950006300000088190608060000000E00000061
:101960001E000000B82C0608BC310608200019042F
:10197000000001000000000000000000D5E10208A6
:101980007428060818050020060000000E0000005C
:101990001E000000ABE50208ADE4020895E4020871
:1019A00089D202082DD2020845D0020881D502084A
:1019B00039D50208CD7C03086DD0020895D0020805
:1019C00031D7020811F402088DF20208B9D20208D8
:1019D00021DE0208656D030869300308890B0308DE
:1019E000FD3D0308B33E0308472B0308910D030890
:1019F00091C902089FE5020897D40208F9D80208A5
:101A0000FDE5020895E50208F5010208A1010208BA
:101A1000EBE50208F1D4020829DD0208A1D602088C
:101A2000DD41030895DB02082DDC020881D00208A5
:101A3000A9D00208E9FF0208A9E7020811BE0308BD
:101A4000BDC20308A1C2030811E50208000000009E
:101A500071AB040845AB0408DD0A0208011C02084A
:101A6000A518020805D2020811EE0208654E030807
:101A7000BD4E030839FD02080BE50208F5E4020833
:101A8000F1E40208DDE402083DD1020869F402082D
:101A90003585030805E80208C1E80208FD86030849
:101AA000DD870308918B0308E80E0608BC310608A1
:101AB000E02F060808270608D81E06089C240608FA
:101AC000842406086C240608542406083C240608CE
:101AD000B4220608E8320608B8320608A032060822
:101AE000D0320608000002000400060008000A00C8
:101AF0000C00110017001D0025002F003B004900BD
:101B000061007F00A700DF00250185010902B30203
:101B10009703C7045B0671089D0CDF124B1C6D2AEE
:101B2000913F575FFF8E7BD600000000E02506083E
:101B3000E02F0608E025060800000000E025060862
:101B4000D4290608E025060800000000E025060864
:101B5000E02F0608E025060800000000E025060842
:101B6000601C0608E025060884240608F5ED020836
:101B7000BC31060880005504000000000000000190
:101B80000000000085F50208BC31060800008B0348
:101B900001020004050006030700000841FA0208DC
:101BA0000DF60208C5F40208A1F4020811FB0208B0
:101BB000C5F60208EDF40208302D0608BC3106080F
:101BC000080483040100000304060702080000055E
:101BD000A1FC0208C5F40208A1F4020811FB0208E6
:101BE000202D060899F60208C5F60208EDF4020851
:101BF0006C24060875FA02086C240608ADF5020884
:101C0000BC31060808044000010200040500060378
:101C100007000008D9F902080DF60208C5F4020809
:101C2000A1F4020811FB0208C5F60208EDF402084F
:101C3000402D0608BC31060800009D00000100028E
:101C40000304050600000000D9FD0208156D030815
:101C5000196E030855FD0208E16E0308296C03089C
:101C6000BC31060808003E00010200030400000029
:101C7000000000003DFE020811FE0208F7FD020808
:101C8000E7FD0208BC3106080000A40300000203BF
:101C900004010000000000009BFE020811FF020882
:101CA00063FE020879FE0208BC310608000001004C
:101CB000000000000000000000000000BC31060829
:101CC0002000BA0300000200000100000000000034
:101CD000E1FF020851FF0208BC3106080000BE0304
:101CE000000000000000000000000000BC310608F9
:101CF0000C00C30301020003040500000000000003
:101D00006D01030815000308D900030899040308AE
:101D100085000308BC3106080000DF030100000253
:101D20000000030400000005DD0503086906030840
:101D300099050308CD0403083C1D0608D81E0608B3
:101D40002F000000050000004C1D0608E201000005
:101D5000941D0608421C00008C1D0608920200001B
:101D6000841D0608C2030000741D0608EA25000051
:101D70007C1D060884240608390603088424060806
:101D8000990603086C240608710503086C240608EC
:101D90002D0503086C240608E9040308D81E06086C
:101DA000770000000E000000AC1D060832020000A3
:101DB000D01E06084A020000C81E0608BA2000000D
:101DC000B41E0608B2020000A81E06083203000076
:101DD0002C1E060852030000241E0608C203000041
:101DE0009C1E0608CA030000881E06087204000034
:101DF000901E0608FA0400007C1E06081A05000062
:101E00001C1E06087A00000060320608E20000008E
:101E1000583206085A00000050320608842406088A
:101E20004107030884240608350A030884240608A9
:101E30001D0A03086FC905087AC9050884C9050881
:101E4000BC310608800055040000000000000001BD
:101E50000000000005080308BC3106080000E1038B
:101E60000001000203000004000000003D08030818
:101E700011070308710D0308F90603083C2406083E
:101E8000FFFF0300750A030884240608B10803084D
:101E90003C24060806000400B90703083C24060891
:101EA00006000400BF0703083C24060806000400DF
:101EB000C50703085C310608BC1E06083C2406085A
:101EC00006000400F90B0308842406083F0C0308ED
:101ED00084240608CB070308BC31060800004B0029
:101EE000010200030400050600000007A10B03081F
:101EF0000D090308D1060308710C0308C50D03087A
:101F0000290703089C1D0608BC310608000048028A
:101F1000010200030400050600000708A10B0308E6
:101F20000D090308D1060308710C0308C50D030849
:101F300029070308D81E06089C1D0608D81E060897
:101F4000060000000000000000000000540403012F
:101F5000000000009200020000000000BC310608F2
:101F60008000F903010000000000000200000000F2
:101F7000210E0308F90D0308BC31060800005203C6
:101F80000102000000030000000004009D0F030890
:101F9000D50E0308151103089C1F0608BC3106085E
:101FA00000003700010200000003000000000400F0
:101FB0009D0F0308D50E030815110308B422060867
:101FC000BC310608000056030102000000030000B7
:101FD000000004009D0F0308D50E03081511030827
:101FE000E41F0608BC3106080000360001020000AC
:101FF00000030000000004009D0F0308D50E030835
:1020000015110308B4220608BC3106080000270099
:102010000102000000030000000004009D0F0308FF
:10202000D50E0308151103082C200608BC3106083C
:102030000000340001020000000300000000040062
:102040009D0F0308D50E030815110308B4220608D6
:10205000BC31060800002F00010200000003000050
:10206000000004009D0F0308D50E03081511030896
:1020700074200608BC31060800003200010200008E
:1020800000030000000004009D0F0308D50E0308A4
:1020900015110308B4220608BC3106080000300000
:1020A0000102000000030000000004009D0F03086F
:1020B000D50E030815110308B4220608BC31060822
:1020C00000002D00010200000003000000000400D9
:1020D0009D0F0308D50E030815110308B422060846
:1020E000BC31060800002C000102000000030000C3
:1020F000000004009D0F0308D50E03081511030806
:10210000B4220608BC3106080000290001020000C4
:1021100000030000000004009D0F0308D50E030813
:10212000151103084C210608BC31060800002800E0
:102130000102000000030000000004009D0F0308DE
:10214000D50E0308151103084C210608BC310608FA
:1021500000002B000102000000030000000004004A
:102160009D0F0308D50E030815110308B4220608B5
:10217000BC31060800002600010200000003000038
:10218000000004009D0F0308D50E03081511030875
:10219000B4220608BC31060800002200010200003B
:1021A00000030000000004009D0F0308D50E030883
:1021B00015110308B4220608BC31060800002000EF
:1021C0000102000000030000000004009D0F03084E
:1021D000D50E030815110308B4220608BC31060801
:1021E00000001F00010200000003000000000400C6
:1021F0009D0F0308D50E030815110308B422060825
:10220000BC31060800003800010200000003000095
:10221000000004009D0F0308D50E030815110308E4
:1022200048220608BC310608000031000102000007
:1022300000030000000004009D0F0308D50E0308F2
:102240001511030848220608BC31060800001E00CC
:102250000102000000030000000004009D0F0308BD
:10226000D50E030815110308B4220608BC31060870
:102270000000330001020000000300000000040021
:102280009D0F0308D50E030815110308B422060894
:10229000BC31060800000C0301020000000300002E
:1022A000000004009D0F0308D50E03081511030854
:1022B000B4220608BC310608000024000102000018
:1022C00000030000000004009D0F0308D50E030862
:1022D0001511030844230608BC3106080000250038
:1022E0000102000000030000000004009D0F03082D
:1022F000D50E03081511030844230608BC3106084F
:1023000000002A0001020000000300000000040099
:102310009D0F0308D50E0308151103084423060872
:10232000BC31060800003500010200000003000077
:10233000000004009D0F0308D50E030815110308C3
:1023400044230608BC3106080000210001020000F9
:1023500000030000000000009D0F0308D50E0308D5
:1023600015110308BC31060880000B0401000000B1
:102370000000000200000000E1130308B31303088B
:10238000BC3106080C000E0401020003040000002A
:1023900000000000291503080F140308891503081D
:1023A0008D180308802306080000C07F80230608DC
:1023B0000000807F80230608DB0FC94080230608C9
:1023C000DB0F49408023060854F82D40BC31060835
:1023D00020001904000001000000000000000000BF
:1023E000411B0308BC31060820001904000001004D
:1023F000000000000000000057190308BC31060867
:102400002000190400010300000200000000000089
:102410005D1C0308311C030831190308BC31060890
:102420002000190400010300000200000000000069
:102430005D1C0308311C03087D190308BC31060824
:10244000600019040000010000000000000000000E
:10245000FD1A0308BC3106086000190400000100E1
:10246000000000000000000011190308BC3106083C
:1024700060001904000001000000000000000000DE
:10248000F3180308BC3106086000190400000100BD
:102490000000000000000000D7180308BC31060847
:1024A00060001904000001000000000000000000AE
:1024B000C1180308BC31060880001D04000100009B
:1024C0000000000200000003E11D0308331F0308A1
:1024D000D4240608D81E06082700000004000000C7
:1024E000E42406083A0200000C2506085204000005
:1024F00020250608DA040000142506088A250000B5
:10250000042506086C240608C91D0308842406084F
:102510003D1F03083C240608080004000D1F0308A3
:102520006C2406082B1F0308BC31060820001D047C
:10253000000001000002000000000000511D03081F
:10254000311C0308BC31060820001D0400000200F5
:102550000001000000000000311C0308D91C030822
:10256000D82206080000000000000000EC30060839
:10257000BC31060880005504000000000000000186
:1025800000000000891F03085F0402000100000032
:10259000AC030300CA1C00001C050102000000007F
:1025A000D81E06081700000002000000B02506082B
:1025B000AA020000CC250608E2040000C025060897
:1025C0003C240608FFFF0300F51F03085C310608E2
:1025D000D42506083C2406080800040051200308FE
:1025E000BC31060800005E00010200030400000088
:1025F0000000000531210308132303087324030896
:1026000095260308A0250608000101020202020324
:102610000303030303030304E02506080A00000084
:102620000200000028260608FFFFFF7F6900030262
:10263000060000008300010200000000D81E06080A
:102640005F0000000B0000004C260608E2010000BD
:102650000027060832020000F02606084A020000A1
:10266000E826060852020000E02606089202000052
:10267000F8260608E2020000D4260608EA02000056
:10268000CC260608C2030000C0260608020400008B
:10269000B82606081A040000B02606087A040000CE
:1026A000A42606083C240608FFFF0300152D030896
:1026B00084240608352A03086C240608072B03081F
:1026C0003C240608040002007D2A0308542406085E
:1026D000AB2B03083C24060808000400F52A030875
:1026E0006C240608F72B0308842406088D300308A1
:1026F00084240608252B03086C240608652D03088E
:102700006C240608472B0308BC31060800006C0047
:102710000102000304000506000000073D30030825
:10272000012C0308F5290308712F0308252E03083F
:10273000192A03083C260608BC31060880007200EE
:102740000100000000000002000000001931030831
:10275000CF3003088F00000011000000602706083A
:102760005A1C00003C330608DA1C0000D070060832
:10277000021E0000E4370608E21F0000503F060872
:102780005A210000B87706088A2100002C79060833
:1027900032220000B0380608B22200008479060810
:1027A0007A230000EC7906084A250000887C060898
:1027B000C2250000CC7D0608AA260000747E06080B
:1027C000CA2600000C7F0608722800001080060848
:1027D00032290000FC800608C22900008C3D060852
:1027E0006A2A0000E082060887000000100000004E
:1027F000F4270608FA0100007C330608E21D0000F9
:10280000003C0608CA1E0000187206089A20000044
:10281000D0720608DA2000001C3806089A2300004F
:10282000303906089A030000C03C0608E224000084
:10283000A07B06087A26000014AA0608A229000038
:10284000A0AB0608F2290000003E0608CA2A0000D4
:10285000CC830608722B0000748506088A1B0000D2
:10286000F06F0608AA1B0000087C0608AA000000FA
:1028700080190608BC31060800008E040001000023
:102880000002000000000000113203087931030843
:10289000BC310608000075000100000000000000C7
:1028A0000000000235340308AC280608D81E0608CC
:1028B0002700000004000000BC2806088A00000071
:1028C000FC280608C2000000EC2806087A1B00005D
:1028D000E4280608321B0000DC2806086C240608E1
:1028E000B133030854240608693303087431060819
:1028F000F4280608842406080934030884240608FA
:1029000065330308BC310608800055040000000050
:1029100000000001000000024F34030820290608CF
:10292000D81E06080F00000001000000302906082C
:102930002A1B00003829060884240608533403089B
:10294000BC310608800055040000000000000001B2
:10295000000000004F3403080100030006000000DF
:102960000100030006000000010003000600000053
:10297000EA03030006000000BC3106080000C104A1
:10298000010000000000000000000002AD34030858
:1029900094290608D81E06081F0000000300000046
:1029A000A42906081A210000CC290608CA2800001C
:1029B000C4290608F21E0000BC2906086C2406087B
:1029C000573403086C240608733403086C24060883
:1029D0008F340308BC31060800002E0000010000FF
:1029E0000000000000000000E93403086C24060821
:1029F00049360308BC31060800007C0001030004CE
:102A0000000205060000000065370308C53703080B
:102A1000ED3703082F37030829380308ED3603087C
:102A2000BC310608800055040000000000000001D1
:102A30000000000009370308BC3106088000FC04D0
:102A4000010000000000000200000000CB38030875
:102A5000B1380308BC3106080000D60201000000AE
:102A6000000000000002000319390308742A060858
:102A7000842A0608393A0308D53903087D39030842
:102A800000000000D81E0608370000000600000005
:102A9000942A0608DA010000C42A0608EA030000A6
:102AA000E8320608FA030000A0320608F20300002C
:102AB000B832060822050000D03206083A020000AB
:102AC00090320608842406089D3A0308D81E06089A
:102AD0004F00000009000000DC2A06084A0200003E
:102AE000402C0608121F00002C2C06081A22000099
:102AF000182C060862220000082C06088A22000012
:102B0000002C060892220000F82B0608DA290000A3
:102B1000D82B06080A2B0000C42B060882050000EB
:102B200048320608D81E0608970000001200000070
:102B3000342B0608E21B0000502C0608320200006D
:102B4000482C06084A020000402C06083A1F0000E4
:102B5000382C0608121F00002C2C06081A1F000033
:102B6000202C06081A220000182C06082222000039
:102B7000102C060862220000082C06088A22000099
:102B8000002C060892220000F82B0608C203000061
:102B9000F02B060802040000E82B0608DA290000E2
:102BA000D82B0608E2290000E02B06080A2B0000BB
:102BB000C42B0608FA040000CC2B0608820500008E
:102BC000483206086C240608DB3B03083C24060850
:102BD000FEFF03003D3B03086C240608EF3B03089F
:102BE0006C2406085B3B03086C240608053C0308BC
:102BF00084240608953C03086C240608B53F0308A6
:102C00006C240608C13F03086C240608813B0308B6
:102C10006C240608A73E03086C240608AD3E030892
:102C20003C240608FEFF0300833C03083C240608FE
:102C3000FEFF03008F3C03086C2406080B3B0308CF
:102C400084240608B13B030884240608253C0308B5
:102C50006C240608FD3A0308BC3106080800180475
:102C6000010200030400000500000006BB3E03084B
:102C7000C53C03086D3D0308C93F0308E13A03085A
:102C8000CC2A0608BC31060800008C0001020003B3
:102C90000400000500000006BB3E0308C53C030815
:102CA0006D3D0308C93F0308E13A0308242B0608D9
:102CB000C02C06083C020000C02C060823000000BF
:102CC000BC31060800000100000100000000000007
:102CD0000000000045410308BC310608000025053E
:102CE0000003000100020000000000005141030841
:102CF000A9410308554103086C240608AD420308A6
:102D000020090A0D0B0C000058040100000000000F
:102D1000B02F0608000000000000000000DE0508DB
:102D2000D81E06080F00000001000000802D0608D4
:102D3000D81E06081700000002000000702D0608CB
:102D4000D81E0608FF0000001F000000702D0608B6
:102D5000D81E0608EF0000001D000000802D0608A8
:102D6000D81E0608DF0000001B000000982D060892
:102D7000E2010000F81B060892020000F01B0608A2
:102D80009A210000802E0608B2200000702E06084E
:102D9000B21E0000982E06089A020000782F06083E
:102DA000220400006C2F0608E2020000602F0608D3
:102DB0002A040000542F060842030000A82F06082A
:102DC0008A0400009C2F060852290000902F060854
:102DD0003A040000842F06089A040000482F0608D1
:102DE0007A0200003C2F0608C2040000302F0608BB
:102DF00082030000242F060842040000182F060852
:102E0000A2020000042F06080A040000F82E06089B
:102E100052020000EC2E060872250000E42E06087F
:102E2000FA270000DC2E0608AA1D0000102F060855
:102E30007A030000D42E060802050000CC2E0608F6
:102E40001A030000C42E0608FA020000BC2E060871
:102E500002030000B42E06082A030000AC2E060868
:102E600012030000A42E0608BA1F00008C2E0608CC
:102E70005C310608782E06086C2406081148030801
:102E80003C24060804000200255703083C240608D9
:102E900006000200515403083C2406080600020004
:102EA00025560308842406080548030884240608D8
:102EB000F947030884240608ED470308842406081C
:102EC000E147030884240608D5470308842406083C
:102ED000C944030884240608BD4403086C2406087A
:102EE000335203086C2406082D5203083C240608BC
:102EF000080004006D4603083C240608080006008C
:102F00008D4C03083C240608FFFF0300ED65030811
:102F10006C240608FD4503083C2406080400020052
:102F2000495103083C240608040002003F510308ED
:102F30003C24060804000200355103083C2406081E
:102F400008000400236003083C240608080004006D
:102F50001D6003083C24060808000400834C030895
:102F60003C240608080004007B4C03083C240608A7
:102F700008000400714C03083C2406080800040003
:102F8000694C03083C24060806000200355E03086D
:102F90003C240608FFFF0300814F03083C24060879
:102FA00006000200FD5C03086C240608D5440308F3
:102FB000BC310608000042000102000003000405C5
:102FC0000600000731540308AD4A0308755703088B
:102FD000014F03083D430308CF480308502D06085E
:102FE000BC3106080000970001020003040005063A
:102FF0000700000879540308F5660308AF66030864
:1030000075570308F96803084D660308CF4803089D
:10301000602D0608BC31060880014F010102000046
:103020000000000000030004F16A0308CD690308F2
:10303000383006087C300608996B0308656A030877
:10304000F569030800000000BC31060880010D038B
:10305000010200000000000000030004F16A030800
:10306000CD6903086C3006087C300608996B0308AC
:10307000656A0308F569030801000000D81E060808
:103080005F0000000B0000008C300608EA0300001F
:10309000E8320608F2030000B8320608FA0300001E
:1030A000A032060822050000D03206086A28000077
:1030B000783206081A2A0000703206088A200000BA
:1030C000683206083A020000903206082221000009
:1030D000E430060862000000681B06086A00000071
:1030E0008432060884240608D96B030828310608B0
:1030F00000000000D81E06081700000002000000B3
:10310000043106085202000020310608E2020000E5
:10311000143106083C24060808000400C96C0308A2
:103120006C240608D96C0308BC31060800009D0019
:103130000102000304000506000000079D6D03085E
:10314000456C0308156D0308196E0308E16E03084A
:10315000296C0308F4300608B7D5B100BC31060865
:103160000000450001000000000000000000000019
:10317000F9710308BC31060800009400010000004A
:103180000000000000000000F97103086C2406082C
:10319000197E03086C240608F57D0308BC31060877
:1031A00000009A000102000000030000000000007F
:1031B000AD7D030855760308E5700308BC310608A9
:1031C00000009E0001020300000400000000000057
:1031D00091780308ED710308957603086177030879
:1031E000BEB8B3BCB6C20000000000000000B9BB0E
:1031F000000000000000C4D8ADBDD1ACD6C1BFB541
:10320000D7C0C6B2B0CED4C8CAD0C7D2CDCBC9D32E
:10321000CCCFC5C3BA00AE1410AB12B4AF000000DF
:103220003C240608FFFF0300A96F0308BC31060811
:103230008000A50001000000000000020000000066
:103240008D7E03084B7E03086C240608317F03083B
:103250006C240608137F030854240608F37E030831
:103260006C240608D57E0308842406086F820308B0
:10327000842406081F8503083C2406080600040071
:10328000D58403083C240608080008006982030866
:1032900084240608438203088424060895820308D0
:1032A0003C24060804000200A38103083C2406080D
:1032B00006000400178603083C24060806000400E4
:1032C000118603083C240608080004000B86030846
:1032D0003C24060808000400058603083C24060870
:1032E00004000200AB8403083C240608040002002A
:1032F000A58403083C2406080A000200918E0308F6
:103300003C24060806000200259203083C24060817
:10331000060002001F9203083C2406080600020073
:10332000199203083C2406080C000600C990030803
:103330003C24060802000000519203087428060885
:1033400044330608D81E06081700000002000000DB
:1033500054330608BA0000005A1C00005A1C000032
:10336000881B06088B000302220000004E000302A7
:103370001A000000080403025C8F0608742806087F
:1033800084330608D81E06081F03000063000000EF
:1033900094330608BA000000FA010000221B000066
:1033A000D8370608521B0000F4320608621B0000E2
:1033B0001C370608F2010000601C0608120200001B
:1033C000B02F060802020000001C06081A1E0000AA
:1033D000EC1C06085A020000D81E0608CA1F00008E
:1033E0005C1F06085A2000006423060872200000B3
:1033F00080230608C2200000582C0608F2020000B4
:10340000E025060862030000082706089203000072
:10341000382706081A240000BC1B0608AA0300006F
:10342000902806080A26000078290608E203000012
:10343000F4290608E2270000382A06086204000082
:10344000842C06082A290000D82C0608BA0400009B
:10345000E02F0608D20400009C310608EA040000B0
:1034600028310608F2040000BC3106082A050000D5
:103470002C3206082A0200005C310608A204000073
:10348000743106081A010000B82C0608E211000089
:10349000B02C0608CA010000D0370608D20100008F
:1034A000C8370608DA010000C0370608D21C000041
:1034B000B83706081A020000B0370608121E0000CE
:1034C0002433060822020000A8370608E21E000086
:1034D000D4360608620200009C3706086A02000023
:1034E0009437060882020000183306088A0200009A
:1034F0000C330608F21F000000330608BA02000071
:10350000E43606086A040000DC360608C202000041
:10351000C4360608CA020000CC360608D2020000F3
:103520008C37060892210000303306089A210000EB
:1035300084370608DA020000B43606080A220000C2
:10354000783706080A0300008C31060822030000C1
:10355000943106083A030000703706085A03000049
:10356000AC36060872030000BC360608A223000031
:10357000643706083224000058370608A20300000A
:103580004C3706081A25000044370608B20300002D
:1035900050860608BA0300003C370608D203000034
:1035A00030370608DA03000024370608120400004A
:1035B00014370608320400000837060882040000A9
:1035C000F0360608CA040000FC3606080A010000AE
:1035D00044230608F200000048220608FA00000012
:1035E000DC21060802010000B821060812010000D3
:1035F0009421060822010000B42206082A010000D6
:10360000D822060832010000702106083A010000A5
:103610000820060842010000282106085201000087
:10362000FC2206084A010000042106085A01000095
:103630004C21060862010000E02006086A01000033
:10364000BC2006087A010000502006088201000014
:10365000982006088A010000242206089201000032
:103660007420060862180000902206089A010000E3
:103670006C220608A20100002C200608AA01000006
:1036800020230608B2010000E41F0608921A000079
:10369000781F0608BA0100009C1F0608B21A000035
:1036A000C01F0608C2010000002206088424060884
:1036B000EDF302088424060839F202089C24060867
:1036C000DD9303089C240608D19303086C240608A4
:1036D000E19803086C2406085D9903085424060841
:1036E000439903083C2406080600040005990308D2
:1036F0003C240608FFFF0300AD9803083C2406089D
:1037000004000200379503083C2406080400020068
:103710009D970308842406087997030884240608E3
:10372000AD9903083C240608FFFF0100F996030841
:103730003C240608060004008D990308842406082A
:1037400095960308842406082B9503083C24060854
:1037500004000200659903083C240608FFFF0300EB
:103760008F9603083C240608FFFF03008996030890
:1037700084240608659403083C240608020000001F
:103780006D950308842406081F9503088424060801
:103790005D9403086C240608159503083C2406086C
:1037A00002000000F599030884240608DD9403084C
:1037B00084240608CB94030884240608B3940308E1
:1037C000842406088F940308842406086B94030855
:1037D00084240608559403083C240608FEFF0500CF
:1037E000E993030874280608EC370608D81E060873
:1037F0002700000004000000FC370608BA000000A3
:10380000021E0000FA1E0000141D0608C22400005B
:10381000EC29060842120000081F06087428060852
:1038200024380608D81E06084700000008000000DB
:1038300034380608BA000000DA200000FA1D000043
:10384000A83806082A1F0000A0380608AA1F000092
:10385000983806086A22000090380608F223000013
:1038600088380608E2230000803806082A2A00006B
:10387000743806083C24060802000000E59A030894
:103880009C240608CD9A03089C240608B79A0308CE
:103890009C240608999A03089C240608899A030820
:1038A0009C240608799A03089C240608AD9A03080C
:1038B00074280608B8380608D81E06082F0000002D
:1038C00005000000C8380608BA00000032220000D7
:1038D000B2030000508606086A100000043906088A
:1038E0006A180000483006087A0A000014300608FA
:1038F000CF9B0308C19B0308299B0308000000001D
:1039000004390608BC31060800000D020100000061
:103910000000000000020000219B0308F0380608A8
:10392000F404030200000000780303020100000019
:103930007428060838390608D81E060877010000E2
:103940002E00000048390608BA0000009A23000043
:103950008A1F0000C4230608AA250000BC2306080D
:10396000122A0000B4230608F2210000AC23060846
:10397000D2240000A42306085A290000F83B0608B8
:10398000D2030000F03B060802200000E83B0608D6
:103990000A200000E03B06084A230000E03A06083F
:1039A0005A230000D83B060852230000D03B0608EB
:1039B000421E0000C83B0608FA280000C03B06086B
:1039C0000A2A0000B83B0608DA1B0000B03B0608D4
:1039D000721C0000A83B06089A1C0000A03B0608C9
:1039E0003A1E0000983B0608EA280000903B0608B3
:1039F000022A0000883B0608D21B0000803B060814
:103A00006A1C0000783B06088A1C0000703B060810
:103A1000921C0000683B0608A21D0000603B0608DF
:103A20002A1E0000583B06081A200000503B0608DA
:103A30007A200000483B060892200000403B060820
:103A4000AA200000D83A0608D2220000183B060837
:103A500062240000D03A060872220000383B0608B3
:103A60007A220000303B060882220000283B06082C
:103A70005A220000EC3A0608AA2A0000203B060859
:103A80009A260000C83A0608D21E0000C03A06086E
:103A900022200000B83A0608D21F0000103B06089A
:103AA000DA1F0000083B0608D2200000003B060891
:103AB00002230000F83A060884240608F19F030850
:103AC00084240608999E030884240608B59E0308EA
:103AD0008424060827A00308842406087DA0030880
:103AE0003C24060804000200DDA003083C2406086C
:103AF000FFFF0500659C030884240608919D0308C8
:103B0000842406089D9D030884240608A99D0308B3
:103B100084240608B59D03086C24060853A00308F6
:103B20008424060815A0030884240608F99B0308CA
:103B300084240608359C030884240608119C030885
:103B40006C240608599F030884240608A7A00308CC
:103B500084240608C19D03086C240608659F030899
:103B600084240608CBA003086C240608719F030870
:103B700084240608CD9D030884240608D99D0308E3
:103B800084240608E59D030884240608F19D0308A3
:103B900084240608FD9D030884240608099E030862
:103BA00084240608159E030884240608219E030821
:103BB000842406082D9E030884240608399E0308E1
:103BC00084240608459E030884240608519E0308A1
:103BD000842406085D9E030884240608699E030861
:103BE00084240608759E030884240608819E030821
:103BF0006C2406087D9F0308842406088D9E030814
:103C000074280608083C0608D81E0608670000004D
:103C10000C000000183C0608BA000000E21D00007D
:103C20008A1F0000C4230608AA250000BC2306083A
:103C3000A2250000B83C0608CA250000B03C0608D2
:103C400072270000A83C060802200000A03C0608DD
:103C50004A230000983C060852230000903C0608C6
:103C60005A290000883C06083A1E0000803C0608DD
:103C7000EA280000783C0608842406084DA10308C1
:103C800084240608A5A1030884240608FDA10308CE
:103C90008424060865A2030884240608B9A2030840
:103CA0008424060805A303086C24060849A3030816
:103CB00084240608A5A303088424060887A3030810
:103CC00074280608C83C0608D81E060867000000CD
:103CD0000C000000D83C0608BA0000009A0300005F
:103CE00042020000681B060842250000803D0608CD
:103CF000FA230000743D06088A260000683D060885
:103D000062290000603D0608221C0000483D0608AC
:103D100062210000583D06086A210000503D060857
:103D2000BA220000403D0608B2160000542A0608D8
:103D30002A280000383D06086C240608A1A40308C0
:103D40008424060831A4030884240608811003088B
:103D50009C24060841A403089C24060859A40308CF
:103D60009C240608E7A303083C2406080200000080
:103D700065A403083C24060802000000F5A303081C
:103D80003C24060802000000D9A403087428060891
:103D9000943D0608D81E0608370000000600000003
:103DA000A43D0608BA000000C2290000721D0000F0
:103DB000F83D060852250000E03D06085A2500009F
:103DC000D43D0608222B0000EC3D06082A2B0000FB
:103DD000EC3D06083C240608FEFF0700D9A70308AF
:103DE0003C240608FEFF030095A703083C240608B0
:103DF00006000400E1A5030884240608C7A50308FB
:103E000074280608083E0608D81E06087700000039
:103E10000E000000183E0608BA000000F22900005B
:103E2000521C00005C050020622B0000383F060891
:103E30006A2B0000243F0608E2210000B83E060875
:103E4000C2250000A83E0608621D00006A030000AB
:103E5000B223000018260608FA1F00009C3E060840
:103E600092290000648F06089A2900005C8F0608DA
:103E70008A290000548F06087A24000008050020D3
:103E800002260000903E0608AF04C204C3040000EE
:103E90003C2406080400020045A803083C24060848
:103EA000020000002DA80308E02F06080000000013
:103EB000070000002AD00508341C06080500000091
:103EC0009A0300000C3F0608FC3E06080D3E000069
:103ED000EC3E0608D83E0608970400006C0500007A
:103EE000730300007403000072030000E02F060853
:103EF000000000000D00000032D00508E02F060889
:103F0000000000001E00000006DE0508283106083B
:103F100004000000030000003B000000010000005E
:103F20000A00000028310608030000000700000016
:103F30000900000001000000E02F0608000000005A
:103F40002800000040D005085C8F06081D86030885
:103F500074280608583F0608D81E0608C700000047
:103F600018000000683F0608BA000000E21F0000C9
:103F7000EA1F000028400608B20D00000300000000
:103F8000920D0000050000005A0D00000B0000001B
:103F90001A0D0000130000000A0D000017000000B9
:103FA0009A0D000019000000FA0C00001B00000030
:103FB0003A0D0000230000008A0D000027000000D9
:103FC000620D00002B000000520D00002D000000CB
:103FD000AA0D0000BF000000020D0000C500000097
:103FE000220D0000CF000000320D0000D1000000C3
:103FF000820D0000D3000000A20D0000D7000000D9
:10400000D20D0000DD0000002A0D0000DF000000DE
:10401000420D0000E3000000120D0000E50000006A
:104020004A0D0000E7000000D81E0608B600000098
:10403000160000003840060803000000B20D000022
:1040400005000000920D00000B0000005A0D00005A
:10405000130000001A0D0000170000000A0D0000F8
:10406000190000009A0D00001B000000FA0C00006F
:10407000230000003A0D0000270000008A0D000018
:104080002B000000620D00002D000000520D00000A
:10409000BF000000AA0D0000C5000000020D0000D6
:1040A000CF000000220D0000D1000000320D000002
:1040B000D3000000820D0000D7000000A20D000018
:1040C000DD000000D20D0000DF0000002A0D00001E
:1040D000E3000000420D0000E5000000120D0000AA
:1040E000E70000004A0D0000DAAB0308DAAB030872
:1040F000DAAB0308DAAB0308DAAB0308DAAB030880
:10410000DAAB0308DAAB0308DAAB0308DAAB03086F
:10411000DAAB0308DAAB0308DAAB0308DAAB03085F
:10412000DAAB0308DAAB030858B70308BAB60308DA
:1041300098B6030846B6030810B60308DCB50308B2
:104140002AB50308F6B40308BEB40308FCB3030899
:10415000CCB3030824AE0308EEAD0308DAAB0308C2
:10416000DAAB0308DAAB030812AF0308C8AE0308E2
:104170007AB7030824B70308FEB60308DCB60308C1
:1041800092B503085EB5030866B403082CB40308AF
:1041900018B10308F2B00308D6B0030894B00308BE
:1041A00050B0030818B00308DAAF03089AAF030849
:1041B00072AF030848AF030894AE030864AE030867
:1041C000F0AC0308ACAC0308DAAB0308DAAB0308C5
:1041D000DAAB0308DAAB0308DAAB0308DAAB03089F
:1041E000DAAB0308DAAB0308CEB10308DAAB030895
:1041F000C0A9030846B303081EB30308FAB20308B4
:10420000D8B2030870B20308F6A90308F6A9030898
:104210003EB1030854B10308DAAB0308DAAB030874
:10422000DAAB0308DAAB0308A8B70308A2B70308A0
:104230009CB703081EB70308C4B50308B2B503084A
:10424000A0B40308C8B30308ACB30308AAB30308B7
:1042500092B3030874B303082AB20308AEB103088B
:10426000A4B1030884B10308DAAB0308DAAB03088E
:10427000BAB00308AEB803088CAC03087CAC0308E2
:104280006AAC0308BAAB030810AC0308D6AD030848
:10429000DAAB0308DAAB0308DAAB0308DAAB0308DE
:1042A000DAAB0308DAAB0308B6AD0308B6AD030812
:1042B000B6AD0308B6AD0308B6AD0308B6AD030846
:1042C000B6AD0308B6AD0308B6AD0308B6AD030836
:1042D000B6AD0308B6AD0308B6AD0308B6AD030826
:1042E000B6AD0308B6AD0308B6AD0308B6AD030816
:1042F000B6AD0308B6AD0308B6AD0308B6AD030806
:10430000B6AD0308B6AD0308B6AD0308B6AD0308F5
:10431000B6AD0308B6AD0308B6AD0308B6AD0308E5
:10432000B6AD0308B6AD0308B6AD0308B6AD0308D5
:10433000B6AD0308B6AD0308B6AD0308B6AD0308C5
:10434000B6AD0308B6AD0308B6AD0308B6AD0308B5
:10435000B6AD0308B6AD0308B6AD0308B6AD0308A5
:10436000B6AD0308B6AD0308B6AD0308B6AD030895
:10437000B6AD0308B6AD0308B6AD0308B6AD030885
:10438000B6AD0308B6AD0308B6AD0308B6AD030875
:10439000B6AD0308B6AD0308B6AD0308B6AD030865
:1043A000B6AD0308B6AD03088EAD03088EAD0308A5
:1043B0008EAD03088EAD03088EAD03088EAD0308E5
:1043C0008EAD03088EAD03088EAD03088EAD0308D5
:1043D0008EAD03088EAD03088EAD03088EAD0308C5
:1043E0008EAD03088EAD03086EAD03086EAD0308F5
:1043F0006EAD03086EAD03086EAD03086EAD030825
:104400006EAD03086EAD03086EAD03086EAD030814
:104410006EAD03086EAD03086EAD03086EAD030804
:104420006EAD03086EAD03084EAD03084EAD030834
:104430004EAD03084EAD0308DAAB0308DAAB030850
:10444000DAAB030826AD030826AD030826AD030842
:1044500026AD030826AD030826AD030826AD0308E4
:1044600026AD030826AD030826AD030826AD0308D4
:1044700026AD030826AD030826AD030826AD0308C4
:1044800026AD030826AD030826AD030826AD0308B4
:1044900026AD030826AD030826AD030826AD0308A4
:1044A00026AD030826AD030826AD030826AD030894
:1044B00026AD030826AD030826AD030826AD030884
:1044C00026AD030826AD030826AD030826AD030874
:1044D000DAAB0308DAAB0308DAAB0308DAAB03089C
:1044E000DAAB0308DAAB0308696D706F72742000F1
:1044F000205F0608685706088C55060854520608BF
:10450000C8500608E84A0608A44A06088C48060867
:104510009C4506086173796E63696F2F5F5F696EF2
:1045200069745F5F2E7079006173796E63696F2FB4
:10453000636F72652E7079006173796E63696F2F96
:104540006576656E742E7079006173796E63696F3C
:104550002F66756E63732E7079006173796E63696F
:104560006F2F6C6F636B2E7079006173796E636966
:104570006F2F73747265616D2E7079007561737938
:104580006E63696F2E7079006468742E7079006FA5
:104590006E65776972652E7079000000BC4506086B
:1045A000A845060810460608AC4506082831060846
:1045B000020000000600000001000000E305070003
:1045C00075038E058D0583051100B6044004440271
:1045D0008202F904E304E5047E007B057D05A40066
:1045E000F5058C050405A5059005D003A20524005A
:1045F0009B05170016001A0091058900ED05B70507
:104600006B00A200EF05D905C4054000D2030000ED
:1046100000000200694806081C4606085C480608B7
:1046200024460608000002000C480608304606082A
:10463000F3470608D8470608CA470608BC470608D5
:104640009647060886470608764706085D47060827
:1046500040470608074706086D46060860460608F4
:104660002206171F2812181417B136016373081594
:104670001F2526B0140B36004343230063B01410EB
:10468000B01316360159B143461227883401C112BE
:1046900027883401C380C4228040C58042DC805713
:1046A000C680C78042C78057C8B0140C3600C9B056
:1046B000140C36004448B94443230063425AB943BA
:1046C00057B2B5D8434EB1B65581B8F0EF4449B2B0
:1046D000B5DC444481C9B5C4B0140FB9360159B929
:1046E0004446B781B8F0E0C7B581E6C581E5578893
:1046F000D743B37F59B7B3B65681E55788D7439EA2
:104700007F59B3B42A02634904141F2B00C12280CD
:1047100041C250C380425F57C4B01415B3B23602D1
:104720003002C3C2B34446B1B32B01E5C1B280D954
:104730004442424981E55722817FD7431A59B163E8
:104740002206121F24B0140B360059B01410B013F7
:1047500013360159B01411B1360159516352061183
:104760001F21B15F4B0EC212181410B01307B236DE
:104770000259423051632A06101F2312181410B038
:104780001307B13602632A060F1F231218140FB045
:104790001307B13602633A060E1F211222B134010B
:1047A00080425057C21218140DB013073601B1B22F
:1047B0005681E5585AD7432B5959516319040D1F97
:1047C0001218140DB0130736016319040C1F1218C8
:1047D000140CB01307360163AA01060B1F20121830
:1047E000140BB013073601C2B14446B2434312035F
:1047F00065B2632A06061F07B1B01807B013071485
:1048000008B11309B1130A360259516308020411A1
:104810001B161C1004161D228170161622805516B8
:104820001322814C161E32001606502A0153330102
:10483000160B3202160C3203160D3204160E320518
:10484000160F3206161032071611320816123209E8
:104850001614320A1615320B161751630002031193
:104860001B161C1003161D516318020180511B02F8
:104870001618543200100311193403160354320170
:104880001004340216041005161A5163AC480608C9
:1048900098480608E8480608021F0000DA2D0000C4
:1048A000A448060880230608CDCCCC3DC3050700EC
:1048B0003E056F04E003B8049300C905E805CF0482
:1048C00086058405850583051100B604B705DE0558
:1048D000D605020659006A039B05170016001A0048
:1048E000890040002400000000000200174A06086A
:1048F000F4480608A8490608684906080049060859
:1049000000000200524906080C4906083D49060805
:10491000144906082104131AB01310825522807F0F
:10492000EF88F0B013108355ED2302F4C1B01310DB
:104930008255228100EF4443B1D1C1B16319041201
:104940001AB01310805588F0B013108155ED230272
:10495000F46300020C11171618100C161932001609
:10496000123201161351630000000200904906083C
:1049700074490608864906087C4906081104131A7A
:10498000B013108255631104121AB01310805563CE
:1049900000020B11171618100B16193200161232DE
:1049A000011613516300000000000200024A0608CD
:1049B000B4490608EF490608BC4906082104111A43
:1049C000B01310C11204B0130FB1340259B18055A5
:1049D000B18155F2B18255F2B18355F222817FEF58
:1049E000B18455DC4447121C230134016551631A1C
:1049F000060E1A0FB1B0180F121B853401B0181033
:104A0000516300020A11171618100A1619320016FF
:104A10000E32011611516318020180511B02160259
:104A200080511B0316031114110323003402444E5A
:104A30008010042A011B031C04160459427D110234
:104A40001305140610073601444E8010042A011B7A
:104A5000071C041604594263110213051008D944B7
:104A60004E8010042A011B091C04160459424C11E3
:104A700015110213053401130416041903543200EE
:104A8000100A3402160A543201100B110A340316AC
:104A90000B543202100C110A3403160C100D1616AA
:104AA00051630000B04A060800000000BC4A060836
:104AB000040607000E00AB05B20557000000020017
:104AC000DC4A0608C84A0608CC4A06082104020443
:104AD00080511B03C11205B1B034026300020132E0
:104AE0000016025163000000F84A0608F44A06085E
:104AF0009C4B0608102D0608B1050700BD050100F6
:104B0000950593050706A905B405B505E405A901B2
:104B1000FC0326052004E0021605C403FA059205ED
:104B20008F050E06F605C505A105EA05FB05180566
:104B3000E202E6029C036504C005A6050006230503
:104B40006F01B103FD05A400C6051100F405F103D2
:104B5000E505D40547007D00E9057E00EB057F00F3
:104B60005E035F032F057903F7053E05C004E605E4
:104B700096059705170016001A00D505BE043000EB
:104B8000BA05B6058900B705A404FE0583046B00C9
:104B90000506E0052200CC05CB0501060000020059
:104BA0006B500608A84B0608644E0608B74D060869
:104BB000884C0608FB4B0608BC4B0608B8C4010A23
:104BC0002646474849B280DC4345B37FDC445A124D
:104BD0004AB13401C1B37FD94446124BB13401C349
:104BE000B1B2B2B3F22E0255C1B01427B136015999
:104BF000B0142836005E516859516381D6010C1AF1
:104C0000444142451280511B0DC5B5140EB1B23658
:104C1000028055C6B5140DB680553601C7B71410BD
:104C200050360159B7141BB5131CB5131D8136033B
:104C300059B7141EB67F55360159B7141FB3360144
:104C40005912053400C812021420B81421B7B0B4A8
:104C500036033601B81822480D120214238036019B
:104C60005E5168594A1D5712021324DF4454C94942
:104C70000AB813221425360059B96551C928095DAF
:104C80004A015DB86300000000000200964D06086E
:104C9000944C06088F4D0608764D0608644D0608AC
:104CA000564D0608A84C0608F8460A21462A441222
:104CB00050B01836480D120213181430B13601677F
:104CC000594A235712021324DF445AC44910B1141D
:104CD0002E360059B0133644425163B4655151C465
:104CE00028045D4A015D480BB1143736003002C517
:104CF000C64A065940DA80015DB344764810B314C1
:104D000015B5103852101750368401C54A24571271
:104D100043DF445DC7491312021339143AB7360111
:104D200059B5142E36005940680251C728075D4A0C
:104D3000015DB51410503601591204B52C01B6109E
:104D40003B623402C812021420B2B8B834023601F1
:104D50005942E07E51639140040646B013225E51F1
:104D60006859516311042E4652B01836B0132214FC
:104D7000253600595163A8440A35464F5051B014A6
:104D80002E360059B0140636005E516859516389B9
:104D900040043446B063000205113E163F1005166C
:104DA0004032001634320116353202162E32031606
:104DB0000632041621516388D6010A0A41421216AE
:104DC00080100B2A011B0C1C0BC45980511B0DC5F4
:104DD000B5140EB0B180B5130F36048055C6B514A6
:104DE0000DB68055B68155B682553603C7B7141037
:104DF00050360159480BB71411B67F553601594A40
:104E00001B571243DF4454C8490AB8130CB4DC449E
:104E100042B8655151C828085D4A015DB2446DB27F
:104E200052DE444E80511B12C9B91413B913143603
:104E300001C2B34342B0C3B21415B71016B3101772
:104E400050368401C7B71410503601591204B734D4
:104E500001CA120213181419B736016759BABA2ACF
:104E600002630000000002002D500608704E060884
:104E7000175006080C50060806500608F74F06089B
:104E8000BA4F06089E4F06085C4F0608244F0608D6
:104E9000EE4E0608984E0608C140042846B0132C72
:104EA000434B120214238036015E516863124AB0EC
:104EB000132C3401C180C24265120213181419B0B8
:104EC000132A36016759B0132A1427B1B2512E02A2
:104ED000553601C3B351DED34444B2B3E5C2B21276
:104EE0004BB13401D743122300B0182C51632A066A
:104EF000274647B0132C4361B0132A1427B136015B
:104F0000C2B2124BB13401D944425163B251DED323
:104F10004447B1B2512E0255C1B057132CB1E55AD6
:104F2000182C5163A9400433462300C11202131800
:104F30001430B0132A36016759B0132A14333600DF
:104F4000C2B251DE44424250B1B2E5C1B24447B1AF
:104F50007F558AD94442B16342125163B24006324E
:104F6000464D2300C24272120213181430B0132AA5
:104F700036016759B0132A142FB13601C3B351DE7D
:104F8000D34456124BB334014343124E65B2B3E5DA
:104F9000C2B1124BB33401E6C1B1430BB263A240BC
:104FA00006314647120213181430B0132A3601672F
:104FB00059B0132A1431B1360163B241062F464D60
:104FC0002300C2120213181430B0132A3601675995
:104FD000B0132A142FB13601C3B351DED34454B1F8
:104FE00080DB4442B363124BB334014342B263B239
:104FF000B3E5C2420E51639140040646B0132A1431
:105000002E360059516309042E4651631A062D4667
:105010004CB0132BB15563A3010829462A2BB1B01C
:10502000182AB2B0182B2300B0182C5163080204C0
:10503000113E163F100416402C002A01533300166F
:10504000293201162D3202162E320316067F2A014E
:10505000533304162F320516313206163232071634
:1050600033320816273209162851631002018110C5
:10507000022A011B031C0216025954320010043488
:105080000216041104163C1104163D51512A025314
:105090003301160A54320210053402160585512ACE
:1050A00002533303161A807F2A0253330416261143
:1050B00004130611041807112611041808112611EB
:1050C0000418095163000000D8500608D45006089F
:1050D00014510608522C0000B0050700BD05010060
:1050E000890511002F0534030C06DB05F504B00417
:1050F00078007603CD04AA05D103D2036F015E03C5
:105100005F03170016001A0089003200CC05CB059A
:105110000106000000000200375206082051060870
:1051200024510608000002001252060830510608F9
:10513000FF510608F5510608BC51060864510608DF
:105140005651060848510608A8440A14181A1B1C90
:10515000B0140A3600639140041318B0140F3600DF
:105160005E516863B942040F18B0130680DC44C571
:1051700080B01308140E12021310360159B0130830
:1051800012021310181148055167594A2957120283
:105190001312DF4460C14916B0130612021310D96E
:1051A000444A81B01806B0140A360059B16551C19D
:1051B00028015D4A015D81B01806526319040A187E
:1051C000B0130681DC444712192300340165B01383
:1051D00008140B36004458B01308140C3600B018ED
:1051E000061202130D140EB0130636015942448004
:1051F000B01806516311040918B0130681D9631160
:1052000004051880B01806120214073600B01808FA
:1052100051630002041115161610041617320016F9
:1052200005320116093202160A3203160F3204162D
:10523000133205161451631002018110022A011B5A
:10524000031C021602595432001004340216045191
:10525000630000006452060860520608BC5206084B
:10526000CA2D0000AF050700BD05010022059A0503
:10527000EE05A405D203B1036F010806A305C0051E
:10528000D103A2003D00990509062305D1052F058C
:105290008000EB037603CD04A9000B06B3052100C3
:1052A0005005170016001A0094006B0061003300CF
:1052B00032005E00FF050500C80500000000020086
:1052C00054550608C8520608125506089B5406088D
:1052D0008B54060860540608DC52060800000201E0
:1052E00047530608E852060807530608F052060816
:1052F00049041A292B00B05F4B0CC11202140CB1E7
:1053000036012F14423263B9040C17292929282A9F
:10531000250213081205DED3444251632500434E93
:105320001224B4122534024345B42701424C25010E
:1053300081E6270125014442516312021318141912
:1053400025023601595163F0CA80C0408501140618
:10535000000708B0B7B8200003C23201B13401C35E
:105360008027071223B334018042C48057C4B3B4EA
:1053700055131552DE444EB2B3B4551815250781A6
:10538000E527074269B3B4551315435B1224B3B440
:1053900055130812253402434C250043481223B309
:1053A0003401D1270742471226230034016581E5E5
:1053B000585AD743B67F59591202130E270850C5C1
:1053C000250780D844661205250818084805516746
:1053D000594A19571202130ADF4450C6490652C5EA
:1053E000B627075151C628065D4A015D1223B33422
:1053F000018042DA8057C4B3B4551315B2DE44536A
:1054000052B3B4551815B54448B3B4551409360011
:1054100059427A1224B3B455130812253402444C6D
:10542000B3B4551308130FB3B45642612500444A70
:10543000B3B4551308B3B4564253122425071227A8
:1054400034024449B3B45513082707424081E55854
:105450005AD743A07F595925074443250765B363AD
:1054600000000200765406086C54060870540608C2
:10547000090416285163080205111F16201005168D
:1054800021112232003401161651632A06121C1E05
:10549000120BB0B112021313340363DB43080B1C6D
:1054A0001E041202140CB03601C0B151DE4445B0E6
:1054B0005E5168631202140D12071202130EB0340B
:1054C000023601C3480AB2B134015E5168594A320A
:1054D000571202130ADF4469C4491FB4130FC5B53C
:1054E00051DE4448B31409360059B465B552DE4460
:1054F00046B41310815563B5655151C428045D4A03
:10550000015DB31409360059B35E51685912021394
:105510001165D24206071B1C4809B15E5168C25290
:10552000C34A1657121DDF444FC4490551C2B4C3C4
:105530005151C428045D4A015DB0130851DE445244
:10554000B014093600444B1202140AB3B23602B04A
:10555000180851631802018110022A011B031C0262
:1055600016025932001607110213042A015333019F
:10557000160B32021612543203100534021605536C
:105580002C00501006623304161451639855060817
:1055900000000000D8550608AE050700BD05010053
:1055A0008705460498050D0211002F0534030C06EB
:1055B000D8058C007603CD047800B00446000606BA
:1055C000D103D2034704A105E90526001700160000
:1055D0001A008900EC050D04000002002B57060894
:1055E000E45506087C560608EC5506080000020043
:1055F00058560608F85506084E5606083B56060843
:1056000031560608275606080C560608994004131A
:105610001DB01309434B120213171418B03601675B
:105620005980B0180951631104121D80B018095136
:105630006311040D1D81B0180951632308161D1E46
:105640001FB183D94446B01309B2F4637F631104D8
:10565000081D80B018095163000206111A161B10AC
:1056600006161C32001608320116163202160D32CA
:1056700003161232041613516300000000000200EA
:105680000A57060888560608F7560608EF56060811
:10569000CA560608C05606089C56060899400413C8
:1056A0001DB013094358B0130B140F120213143614
:1056B0000159B0130B120213141815516759526394
:1056C0001104121D50B01809516321040D1D4250E0
:1056D0001202130E140FB0130B14103600360159BA
:1056E000B0130B14113600432752B0180951630947
:1056F000040C1DB01309631104081D50B0180912E1
:1057000002140A3600B0180B5163000204111A1675
:105710001B1004161C320016083201160C32021639
:105720000D320316123204161351632C020181103C
:10573000022A011B031C02160259543200100434C1
:10574000021604481580511B051605543201100637
:1057500011051307340316064A0A571119DF44438B
:10576000594A015D516300009057060874570608B6
:105770006858060880570608FA2D0000122F00000E
:10578000E02F0608CDFD00001F00000090D00508A6
:10579000AD0507004B054A0548054D053E050E05BC
:1057A00034033303710300066F019905DF05CD054E
:1057B000CF05940588058B0523052F052205A30534
:1057C000C0058A00CD04F205B004B30472000A06D5
:1057D0007800D203C6039B00B805A200F005A80517
:1057E000D205C105E1051100CB05130019007003B6
:1057F000BB04E7059E05F2047D027E028D049D0533
:105800006605E905EA0580004804F10596004700B1
:10581000F805A005D305C20508043105D005BE056D
:10582000C0040306210024009F05D103A70517002B
:1058300016001A00FF05F90574045E00B305610047
:105840005900360058007603DD053300A1054300FA
:10585000F3050D0632008900F405D7055B00C70586
:105860002804DC05BC057B0000000200445E06083D
:1058700074580608375E06082A5E0608B85D0608F2
:105880009E5D06088C5D0608A85B0608925B06080C
:105890006A5B0608105A0608025A0608FC590608F0
:1058A000E0580608D5580608C2580608B058060839
:1058B00000022A12083400175B12123400175E121D
:1058C0001363080229124D51DE4447126223023449
:1058D0000165124D63928001062860611213630016
:1058E00000000200C8590608EC580608BE59060810
:1058F000A4590608965906087E59060879590608DB
:105900006E590608665906082659060810590608F1
:105910001904246A1213134145041213134312137A
:10592000B03402595163420643696A126BB1100EDA
:105930005510441206134534820159126B1046B1BA
:105940001010551047B110105513221044120613B1
:10595000453482045912061448B1100F551206132B
:105960004536025951630002421213134163110478
:105970004068B012131841516300023F5163100296
:105980003E124E51DED3444C125B141A124E3601B5
:105990005951174E516319041B56121B1217B0347C
:1059A0000134016310023D120912273400125A34E7
:1059B000003402174E121B124E3401595163110468
:1059C00018221218B0340163000213114F16501040
:1059D000131651511641320016183201163D32028B
:1059E000161B3203163E3204163F320516403206AD
:1059F00016423207164332081624516380400227AC
:105A0000516319042622121B1218B03401340163A9
:105A1000F103041B5C120C124B2A02C1120C125D22
:105A20002A02C281C3427E7FC3125B141C3600C4AB
:105A3000B444531254801203B4131D124934003479
:105A4000023402C34257125E131E435151174DB028
:105A50004445B013154342516383C34240125E1460
:105A60001FB3360159B380D843BC7F125B14203674
:105A700000C4B4174D4822B41321C5B5434BB41329
:105A800022141951360159424D51B41821B4132230
:105A90001423B53601594ACC0157B1DF44C581C63C
:105AA00049BA01B4B0DEC7B7445D51174D1257B6BD
:105AB000125D3402434650B41815B665B41315513F
:105AC000DE444450B41815B4131544E480B41315DF
:105AD00052DE444CB7444350424151B41815427809
:105AE000125FB4131534014450B41415B4B6360221
:105AF0005950B4181552C7425F4250125B141AB481
:105B000013151420360036015952C7B41315141C4E
:105B10003600432750B41815B743501257B6B23465
:105B2000024348125B141AB4360159B6B418214224
:105B300062B4131551DE445BB5B41821B5124C1094
:105B40000F56B4124C10105612131424124C360176
:105B5000594240B4B0DE4444B61325635151C628BF
:105B6000065D4A015D42BB7D516321041822125833
:105B7000B010193402434712592301340165120948
:105B8000B0125A34003402C1125B141AB1360159F2
:105B9000B163190417561257B0120934024442B0C7
:105BA000631218B03401630000000200635D060850
:105BB000B45B06084F5D0608E65C0608CB5C060889
:105BC000BC5C0608AD5C06086C5C0608D05B060889
:105BD00062061F6367B01331143CB136015F4B8915
:105BE000013002C2C3B0131E1266B2340155C4B3F1
:105BF00012071335D2EF4456B4805551DED3444ECC
:105C0000125B141AB4805536015951B48056B31240
:105C1000071334D2EF4456B4815551DED3444E12AB
:105C20005B141AB4815536015951B48156B480556C
:105C300051DE4450B4815551DE4449B01437B23678
:105C400001594263B4805551DE444FB013311436CC
:105C5000B212071335360259424DB013311436B221
:105C60001207133436025942F47E51636A063B63CD
:105C70000B51C2B0131E5F4B1FC3B0131EB3553080
:105C800003C4C5C6B4B1DE4345B5B1DE4448B6C2AF
:105C9000595959594242421FB251DED34449B014B6
:105CA00037B636015942424242420651632A063A09
:105CB0006364B01432B18136025951632A063963E4
:105CC00064B01432B18036025951632206376364DE
:105CD000B0131E1266B13401535B56B01331143841
:105CE000B136015951634B08326364651266B134B1
:105CF00001B0131EDDD3446F5151B12B03C3124DBC
:105D0000B3B256B3B0131E1266B1340156B013319C
:105D10001433B1B280D944461207133442441207F7
:105D200013353602594261B0131E1266B134015563
:105D3000C4124DB4B256B013311436B11207133435
:105D400012071335ED360259B0124D182151631167
:105D5000042B63120714303600B018312C00B01831
:105D60001E5163000212114F1650101216513200CC
:105D7000162B32011632320216373203163932042C
:105D8000163A3205163B3206161F5163210416528D
:105D900012141255B0228768F43401340163B20141
:105DA00006145253120412493400125480B03402C3
:105DB0003402B11815B1630000000200115E06083C
:105DC000C45D0608005E0608FA5D0608D05D060898
:105DD00021042E63B0131551DED34452125B141A02
:105DE000124DB0131536025951B01815516351B008
:105DF000132C182FB0132C65516309042D63B06365
:105E000011042B6351B01815125D3400B0182C51D9
:105E100063000211114F1650101116513200162B4B
:105E20003201162D3202162E516300020D114F164B
:105E300050100D1651516300020C114F1650100CEA
:105E4000165151632C0201801002100310042A0322
:105E50001B051C0216491C0316031C04160459805A
:105E6000511B06160680511B0716074814801008A0
:105E700010092A021B0A1C0816081C091609594A8F
:105E8000165981100810092A021B0B1C0816081C41
:105E9000091609594A015D543200100C114A3403A5
:105EA000160C543201100D114B3403160D2C032324
:105EB00000100E6251100F6251101062164C5432D5
:105EC00002101134021611111134002A0153330348
:105ED00016143204161654320510123402161232F9
:105EE00006161732071618512A01533308161B32AB
:105EF000091626320A162751174D51174E54320BE8
:105F000010133402161380802A0253330C162832E1
:105F10000D1629320E162A112A3400595163000039
:105F20005C5F06082C5F0608885F0608485F060865
:105F30004A300000C22C0000222F0000DA2F00009F
:105F4000B22C0000BA2C0000283106080300000023
:105F5000070000000100000001000000AC05070080
:105F60000500BD05CE050806D105CA058705DA0579
:105F70008905FC050E0056009B059C05B205200016
:105F800057006A035800000000000200CB5F0608BB
:105F9000945F0608985F060849040C10120F140D50
:105FA000B0513602C1B151DE44461211B034016520
:105FB00012121213B1121434005152813405B0344C
:105FC00002C2B212143400B056B263100201811042
:105FD000022A011B03692300160E2C0A1004100567
:105FE0006210042301621004100662100710086298
:105FF00010072302621009100A62100B23036210BB
:106000000B230462100B230562100B230662160F8C
:106010003200160C5163000020E80508830500805B
:106020000A0000008C000000EC62060860620608AE
:10603000B0D00508B6D00508BCD00508C2D0050808
:10604000CAD00508D0D00508D8D00508DDD005088D
:10605000EFD00508F4D00508FED0050806D10508E4
:1060600013D1050827D1050832D105083BD1050811
:1060700046D105084DD1050860D1050867D105084E
:1060800074D1050881D1050890D105089DD1050876
:10609000A5D10508B1D10508B8D10508C1D10508B9
:1060A000CAD10508D7D10508E4D10508EED1050805
:1060B000F2D1050803D2050808D2050814D2050854
:1060C0001BD2050826D205082FD2050836D20508AE
:1060D000B7AC05083ED2050852D2050862D20508C1
:1060E00073D2050884D2050894D2050859AF050873
:1060F000A6D2050815D50508A9D20508B3D205080A
:106100004DAD0508BBD20508D2D20508DFD205087F
:10611000E2D20508CFD10508F1D20508F6D205086C
:10612000FCD205080FD305081BD3050828D30508A2
:1061300042D30508C0B8050849D3050861D305084E
:1061400067D3050871D105086AD3050869D5050824
:106150006ED3050872D30508C0B405087BD30508C3
:1061600081D3050888D30508D8D2050890D305083F
:106170009FD30508B5D30508C4D30508C9D30508BE
:10618000D2D30508D6D30508DDD305085FB10508CD
:106190008BC605081DD40508E3D30508EDD3050813
:1061A000F5D305089FCB0508FDD305080CD40508D9
:1061B00022D405082DD405083DD4050845D405088A
:1061C0004ED405082AD0050855D4050860D4050822
:1061D0006CD405080EDB050878D4050881D40508C1
:1061E00010D2050804D2050893D405089FD40508E9
:1061F000B2D405088ED00508BBD40508C6D405085E
:10620000D6D40508E2D40508F8D40508FDD405085D
:1062100001D50508DBAD05080ED505081CD5050818
:10622000A5CB050816D305081FD5050822D50508F6
:106230002ED5050834D5050830B70508AAC00508CD
:1062400040D505084CD5050855D5050861D5050884
:106250006FD5050876D505087ED5050888D50508CB
:1062600005050507050704110409070C130A080AA8
:106270000612060C0C0E0C070B0608080C0C090382
:1062800010040B060A08060707130F10100F11045D
:106290000206090703160C020E070405120B0C195F
:1062A0000604170502020305030809050607060E82
:1062B000150E0408030605040604090707010E1558
:1062C0000A0F070806070A0B0B03081103030B123A
:1062D00008010A0F0B1504030C060D020104020B42
:1062E000050B01040B080B0D0607090B14695D80F3
:1062F000FD80286FE98A92658EE8A7AB19E9B9514C
:1063000068D8505DE128A46FCB11D6BDA00B393100
:1063100039D89C9A368B5625664B7C913F981A5FEC
:106320006AC2C068243383CCD2A9821F5261B3E50C
:10633000FB7EADD81016253252601DD345ADB7F7A0
:1063400076F0016320B666407189B6BC336EF9C140
:10635000EC0A6AA97449E84CB711E46E30CFFAD858
:10636000BEDB095229C593521E2241B35ADDC8FC37
:10637000F9217549956DB26D6324C969DB24FCCBA5
:10638000D2EB086B00393A598808034EBCECC74081
:1063900025357CAF5054C2E426A3AE230FBA39246E
:1063A000FC7B1DAE6EBCCBB5890CD3BF0FD8D863B8
:1063B00085758020EDA4569679CD1622C95C638B35
:1063C0002C4CD4B9B58B6C89CC61EF9325CED6B566
:1063D000E24F58EF64EFA8149A7DE98DBFF859D4C5
:1063E0005AE8EC70D1B5289E936FE9DE430817D9BF
:1063F000D3B58E55E3722A9FCB61241BF9ECEE795D
:106400008755CBF30000000000000000BC310608F7
:106410000000F20001020000000000000000000384
:1064200089C40308B1C303082C640608D81E0608F3
:106430002F000000050000003C6406080A27000049
:1064400064640608A21A0000FFFF01004A0B000066
:10645000010200003A0B000003020000420B0000A2
:10646000050200008424060851C603080C0A080629
:106470003C2406080800080065C603083002330201
:106480002F02310200000080000000400000008068
:10649000000000C09D030201000000008B04020008
:1064A00000000000030502004B000000210502006F
:1064B0000100000056050200FFFFFFFF5705020024
:1064C000FFFFFFFF5B00020100000000D203030199
:1064D000000000000D04020000000000BC310608AE
:1064E0000000600101020000000000000000000345
:1064F000D9D0030881CF0308FC640608D81E06081B
:1065000017010000220000000C65060802220000AE
:1065100080660608DA1E00008C6606084A22000023
:106520001C660608520400006C660608921D0000F6
:10653000646606087A27000058660608AA28000044
:10654000506606087A29000048660608F220000016
:106550003C660608FA20000030660608DA270000CC
:106560002866060882110000010000009A11000050
:10657000030000007A110000050000008A110000ED
:10658000070000009211000009000000D21700006F
:1065900001000000BA17000003000000DA17000035
:1065A00005000000CA17000007000000C217000025
:1065B000090000004A0E000003000000420E000027
:1065C00005000000520E0000210000004A150000E6
:1065D000030000005215000005000000B21000008A
:1065E00005000000CA10000003000000C2100000F7
:1065F00011000000D210000009000000E2100000AD
:1066000021000000DA100000FF01000092190000D4
:10661000070000003A0E00001D0000003C240608A0
:10662000FFFF030079CB0308842406088BCC030802
:106630003C24060804000200E9C603083C240608BE
:1066400004000200C5CA03088424060811CC03080C
:106650006C240608FDC903083C2406080400020057
:10666000E9C803086C24060829CC03083C24060862
:10667000FFFF070001C803085FCB0308F9CE03083A
:106680003C240608FFFF0300C1CE0308842406084B
:10669000D5CE03080705030100000000090503012A
:1066A0000000000014040202801A060050050202D5
:1066B00050C30000BC31060800000A0301020000BC
:1066C000000000000003000471D80308F9D5030896
:1066D000D8660608F866060809D803080000000016
:1066E00001D70308D9D7030831D90308AFD7030866
:1066F0005DD9030800000000D81E060877000000DE
:106700000E00000008670608022200002068060844
:10671000DA1E000018680608222800001068060823
:106720009204000008680608B20400000068060829
:10673000F2030000F467060822050000EC67060873
:106740003A270000E067060842270000D4670608E1
:10675000FA2B0000C86706080A2C0000BC67060870
:106760004A27000090670608522700008467060841
:10677000022C0000786706083C240608FFFF03008F
:10678000D1D403083C240608FFFF030081D403088A
:106790003C240608FFFF030029D403087D030201FF
:1067A00000000000820402010000000089030301D0
:1067B0000000000080030202080000003C240608DC
:1067C0000800060045D503083C240608080006001A
:1067D00005D303083C24060808000600BDD20308C0
:1067E0003C2406080800060051D303086C24060860
:1067F00071D203083C2406080600040015D20308E1
:10680000842406087BD603088424060859D6030886
:1068100084240608D5D1030884240608BFD10308C0
:106820003C240608FFFF030035D603085B00030184
:10683000000000007D03020100000000800302024E
:106840000700000077040302060000007B04020238
:1068500008000000280403000600000054050200A0
:10686000300000002904010000000000BC310608CF
:106870000000FB0101020000000300000000000412
:106880009DDC0308E1DB0308ADDB03089068060824
:10689000D81E0608570000000A000000A06806087D
:1068A000DA1E00000C690608F203000004690608FD
:1068B00022050000FC6806084A220000F06806086D
:1068C00072100000030000007A10000005000000B4
:1068D0009A10000009000000EA10000011000000FA
:1068E00082100000210000008A100000410000001A
:1068F0003C240608FFFF0300CDDA03086C240608D9
:1069000061DB03086C24060887DB0308842406087F
:1069100009DC03086C680608005400401F002000D2
:1069200004C40608F0C306086C6806080058004056
:1069300021002200DCC3060868C406086C6806084B
:10694000005C0040480049001CC50608C4C2060897
:106950000000000000000000000000000000000037
:106960000000000011DA030839DA03083C240608A5
:10697000020000004DE00308BC1B0608C200000036
:106980000010000000400240BC1B0608C9000000C7
:106990001400000050280040B06906080400000000
:1069A000B069060802000000B06906080100000096
:1069B000BC3106080000770400010000000002005E
:1069C000000000003DE00308E5DF03083C24060862
:1069D00006000400F5E0030814040200FFFFFFFFB7
:1069E000F0030202FFFFFFFFEF030202FFFFFFFFC2
:1069F00045040202FFFFFFFFBC31060800008302CE
:106A00000102000000000000000000034DE5030843
:106A1000B1E10308186A0608D81E06082F00000016
:106A200005000000286A0608022200007C6A0608A9
:106A3000DA1E0000746A0608A2200000686A0608D0
:106A4000821F00005C6A06087A1F0000506A060870
:106A50003C2406080400020055E203083C24060812
:106A600004000200E1E403083C24060804000200DC
:106A700009E403088424060879E103083C24060895
:106A8000FFFF0300CDE40308F869060801000000D9
:106A9000F869060801010000F86906080102000013
:106AA000F869060801030000F86906080200000002
:106AB000F869060802010000F869060802020000F1
:106AC000F869060802030000F869060803000000E0
:106AD000F869060803010000F869060803020000CF
:106AE000F869060803030000F869060804000000BE
:106AF000F869060804010000F869060804020000AD
:106B0000F869060804030000F8690608050000009B
:106B1000F869060805010000F8690608050200008A
:106B2000F869060805030000F86906080800000077
:106B3000F869060808010000F86906080802000064
:106B4000F869060808030000F86906080900000053
:106B5000F869060809010000F86906080902000042
:106B6000F869060809030000F86906080A00000031
:106B7000F86906080A010000F86906080A02000020
:106B8000F86906080A030000F86906080B0000000F
:106B9000F86906080B010000F86906080B020000FE
:106BA000F86906080B030000F86906080C000000ED
:106BB000F86906080C010000F86906080C020000DC
:106BC000F86906080C030000F86906080D000000CB
:106BD000F86906080D010000F86906080D020000BA
:106BE000F86906080D030000F86906080E000000A9
:106BF000F86906080E010000F86906080E02000098
:106C0000F86906080E030000BC31060800000903FD
:106C100001000200000000000003000459E703081F
:106C200085E803082C6C0608306C060859E8030850
:106C3000D81E06081F00000003000000406C060874
:106C400012050000686C06082A250000606C060822
:106C500022250000586C06088424060841E7030832
:106C6000842406084DE703083C24060804000200BB
:106C7000B9E803089803020020A10700BA04020241
:106C800000000000B4040202000000009E030202A3
:106C9000080000000C0402020000000006050302C8
:106CA00000000000900403020000000087040302BB
:106CB0000000000098030200FFFFFFFFBA0402007B
:106CC000FFFFFFFFB4040200FFFFFFFF0C040202FE
:106CD000FFFFFFFF0605030200000000900403020F
:106CE000000000008704030200000000BC31060819
:106CF00000000B030102000000000000000300047C
:106D0000E5EA0308FDE90308106D06081C6D060896
:106D100079EA030800000000F5E90308D81E060818
:106D200047000000080000002C6D06080222000049
:106D30009C6D0608DA1E0000946D0608EA03000048
:106D4000886D0608F20300007C6D0608220500002D
:106D5000746D0608CA2B00006C6D0608BA1100009D
:106D6000010000005A11000001010000542406082F
:106D7000B5E903086C24060895E903083C240608D5
:106D80000600040059E903083C2406080600040034
:106D900015E9030884240608EBE803083C240608E8
:106DA000FFFF0300CBE803088B040202020000008F
:106DB000B003030200000000B2040202FFFFFFFF65
:106DC00047050202E8030000140403020600000065
:106DD0002904010200000000D81E06082700000058
:106DE00004000000E86D060802220000106E06088C
:106DF000DA1E0000086E06081A12000003000000E8
:106E0000BA13000005000000842406086DEB030897
:106E10003C240608FFFF0300A9EC0308BC31060868
:106E20000000360301020000000000000000000323
:106E300041EC030879EB0308D86D060898030201BA
:106E4000802500009E03020008000000AD0403003E
:106E5000060000009600020001000000100402027B
:106E6000000000005005020200000000510502026F
:106E70000000000001050202FFFFFFFFDA0402022A
:106E800040000000BC310608800139030102000007
:106E9000000000000003000475EF0308B1F00308D0
:106EA000A86E0608B86E060807EF030829F0030865
:106EB00071F0030800000000D81E06088F000000D3
:106EC00011000000C86E0608022200008C6F060840
:106ED000DA1E0000846F06088A2000006832060867
:106EE000EA030000DC320608FA030000A0320608BC
:106EF000F2030000AC32060822050000C432060886
:106F0000DA0100007C6F0608C22A0000746F0608D0
:106F10008A2800006C6F060832270000646F06089C
:106F2000F22B00005C6F06084A220000506F060832
:106F3000AA16000001020000720B0000010400000C
:106F4000BA10000021000000B21000004100000053
:106F50003C240608FFFF03000DEE03086C2406081E
:106F6000ADEE030884240608E7EE0308842406082F
:106F7000CFEC030884240608CBEC0308842406081D
:106F80005DEF0308842406086BEF03083C24060821
:106F9000FFFF0300F9ED03085B00030001000000A0
:106FA0005005020088130000BC310608000057039A
:106FB00001000000000000000000000231F20308A0
:106FC000C46F0608D81E06080F000000010000006C
:106FD000D46F060832200000DC6F060884240608FF
:106FE000C1F10308A86F060800300040AAAA0000FB
:106FF00074280608F86F0608D81E06081F0000004F
:107000000300000008700608BA0000008A1B000098
:10701000A2190000AC7006089A1900008C700608CE
:10702000A1F4030871F5030884240608ADF50308EC
:107030008424060893F30308D81E060827000000DE
:1070400004000000487006088225000084700608CD
:107050006A26000078700608C203000070700608F7
:1070600002040000687006086C240608C5F30308D3
:1070700084240608E9F403083C24060806000400FA
:1070800035F503088424060889F30308BC31060893
:1070900000013303010000000002000300000000B3
:1070A000DDF3030825F4030820700608BC31060848
:1070B0000000340301000000000000000000000296
:1070C000A7F30308387006089D04010001000000C2
:1070D00074280608D8700608D81E06083700000075
:1070E00006000000E8700608BA000000DA1C000084
:1070F000A221000040710608FA2A00003871060833
:10710000BA1B000030710608B21C0000247106088A
:107110007A1E0000187106083C24060804000200CC
:1071200065F603083C240608FFFF030099F60308F0
:1071300084240608B1F703088424060865F80308C8
:107140003C2406080400020071F803080000000057
:107150006410B71DC8206E3BAC30D9269041DC7658
:10716000F4516B6B5861B24D3C7105502083B8ED02
:1071700044930FF0E8A3D6D68CB361CBB0C2649B26
:10718000D4D2D38678E20AA01CF2BDBD1011120041
:10719000080709060A050B040C030D020E010F0077
:1071A0001800010020000200280003003000040045
:1071B00038100500401007004820090050200D003D
:1071C000593011006930190079402100894031009F
:1071D0009A504100BA506100DA608100FA60C10043
:1071E0001B7101015B7181019B810102DB81010344
:1071F0001C9201049C9201061CA301089CA3010C93
:107200001DB401101DB501181DC601201DC7013098
:1072100010D8014000D001607428060820720608CA
:10722000D81E06083700000006000000307206086D
:10723000BA000000CA1E0000F20C000060720608CE
:107240008A09000001000000621400000300000031
:10725000EA1A000005000000920F0000070000007D
:10726000BC31060800009E01010000000000000083
:1072700000020003EDF80308C072060880720608D9
:10728000D81E0608370000000600000090720608AD
:10729000EA030000E8320608F2030000B8320608EC
:1072A000FA030000A03206083A02000090320608F5
:1072B00062000000681B06086A00000084320608AD
:1072C000C50004080000000081F903080000000068
:1072D00074280608D8720608D81E06085F00000049
:1072E0000B000000E8720608BA0000009A200000B7
:1072F000CA0E000098740608D20E000040730608FB
:10730000C211000001000000B211000001000000E5
:107310005A150000030000007A0F00000B00000067
:10732000820F0000050000008A0F00000D00000021
:10733000A211000007000000AA11000009000000CF
:107340003C24060808000600E1070408D81E0608C9
:10735000670000000C0000005C7306084A20000073
:107360003C7406085220000030740608BA2500005C
:1073700024740608B2210000187406088A2B000045
:107380000C74060872270000007406081A23000017
:10739000F4730608A21F0000E8730608E225000047
:1073A000DC7306080A1D0000D0730608422800009E
:1073B000C8730608222A0000BC7306083C2406088D
:1073C0000A0008002108040854240608D10404080F
:1073D0003C2406080C000800511004083C24060850
:1073E0000C000A00930D04083C24060810000C0051
:1073F000390C04083C2406080C000C00270B040878
:107400003C2406080E000C007B0904083C240608F6
:107410000A000A00930504083C2406080A000A0032
:10742000BD0504083C2406080800060011060408EF
:107430003C2406080C000C00E70504086C24060830
:107440006D0604087F020408AB020408C5020408A4
:10745000170304082703040835030408DB030408A2
:1074600005040408F9080408B9010408ED0104083A
:107470000D020408B9010408ED0104080D02040816
:10748000670304088F030408A90304081D04040803
:107490002B040408D1080408BC3106080000D901F7
:1074A000010000000000000002000003BD07040806
:1074B000110804084C7306080000000000000000DA
:1074C0000000004F4F000000000707000007070002
:1074D000147F7F14147F7F1400242E6B6B3A1200EC
:1074E000006333180C66630000327F4D4D77725095
:1074F000000000040603010000001C3E6341000080
:10750000000041633E1C0000082A3E1C1C3E2A0865
:107510000008083E3E080800000080E0600000000F
:10752000000808080808080000000060600000006B
:1075300000406030180C0602003E7F49457F3E0047
:107540000040447F7F40400000627351494F460035
:1075500000226349497F360000181814167F7F10F7
:1075600000276745457D3900003E7F49497B320051
:10757000000303797D07030000367F49497F360009
:1075800000266F49497F3E000000002424000000CF
:10759000000080E46400000000081C3663414100E4
:1075A000001414141414140000414163361C080024
:1075B00000020351590F0600003E7F414D4F2E003F
:1075C000007C7E0B0B7E7C00007F7F49497F36006C
:1075D000003E7F4141632200007F7F41633E1C00EB
:1075E000007F7F4949414100007F7F090901010077
:1075F000003E7F41497B3A00007F7F08087F7F0083
:107600000000417F7F410000002060417F3F01007A
:10761000007F7F1C36634100007F7F404040400078
:10762000007F7F060C067F7F007F7F0E1C7F7F0020
:10763000003E7F41417F3E00007F7F09090F060029
:10764000001E3F21617F5E00007F7F19396F460079
:1076500000266F49497B32000001017F7F01010054
:10766000003F7F40407F3F00001F3F60603F1F00A2
:10767000007F7F3018307F7F0063771C1C776300AA
:1076800000070F78780F0700006171594D474300DC
:1076900000007F7F414100000002060C183060406E
:1076A000000041417F7F000000080C06060C080026
:1076B000C0C0C0C0C0C0C0C00000010306040000BC
:1076C00000207454547C7800007F7F44447C380050
:1076D00000387C44446C280000387C44447F7F00A0
:1076E00000387C54545C580000087E7F0903020077
:1076F0000098BCA4A4FC7C00007F7F04047C78007C
:107700000000007D7D0000000040C08080FD7D0005
:10771000007F7F30386C44000000417F7F400000D4
:10772000007C7C1830187C7C007C7C04047C780015
:1077300000387C44447C380000FCFC24243C1800C5
:1077400000183C2424FCFC00007C7C04040C080091
:1077500000485C545474200004043F7F44642000BB
:10776000003C7C40407C3C00001C3C60603C1C00B9
:10777000001C7C3018307C1C00446C38386C440091
:10778000009CBCA0A0FC7C00004464745C4C4400E1
:107790000008083E77414100000000FFFF000000A4
:1077A000004141773E080800000203010302030183
:1077B000AA55AA55AA55AA5574280608C0770608DE
:1077C000D81E06081700000002000000D077060847
:1077D000BA0000005A210000DA280000E07706080D
:1077E000BC31060800001B0501000000000000007D
:1077F0000000000255130408FC770608D81E06088E
:1078000017000000020000000C780608FA040000CF
:1078100024780608221F00001C7806088424060825
:10782000351404086C24060825130408982F8A428E
:1078300091443771CFFBC0B5A5DBB5E95BC25639C2
:10784000F111F159A4823F92D55E1CAB98AA07D8DA
:10785000015B8312BE853124C37D0C55745DBE72FD
:10786000FEB1DE80A706DC9B74F19BC1C1699BE47D
:107870008647BEEFC69DC10FCCA10C246F2CE92D0D
:10788000AA84744ADCA9B05CDA88F97652513E9831
:107890006DC631A8C82703B0C77F59BFF30BE0C638
:1078A0004791A7D55163CA0667292914850AB727C6
:1078B00038211B2EFC6D2C4D130D385354730A6563
:1078C000BB0A6A762EC9C281852C7292A1E8BFA23A
:1078D0004B661AA8708B4BC2A3516CC719E892D1A2
:1078E000240699D685350EF470A06A1016C1A41925
:1078F000086C371E4C774827B5BCB034B30C1C3924
:107900004AAAD84E4FCA9C5BF36F2E68EE828F74E2
:107910006F63A5781478C8840802C78CFAFFBE90FC
:10792000EB6C50A4F7A3F9BEF27871C67428060870
:1079300034790608D81E060827000000040000005D
:1079400044790608BA0000008A2100008221000064
:10795000747906087A2100006C790608722100000B
:107960006479060884240608271504088424060878
:10797000451504086C240608811504081305030244
:1079800006000000742806088C790608D81E060830
:107990002F000000050000009C790608BA000000D6
:1079A000B2220000621F0000E07906086A1F000092
:1079B000D479060832230000CC7906083A23000067
:1079C000C479060884240608C1190408842406081A
:1079D000711604083C240608FFFF0300651604081E
:1079E0003C240608FFFF05006B16040874280608EF
:1079F000F4790608D81E0608470100002800000098
:107A0000047A0608BA0000007A230000D22300009E
:107A1000A8690608C2230000A0690608CA2300005E
:107A200098690608EA2300006C690608122B00001A
:107A3000687B06083A2900009C3E06081A1D0000D3
:107A4000887B0608CA270000787B0608D22700003A
:107A5000707B0608C2210000807B0608A22000007F
:107A60005C7B060812230000507B0608BA1E00004B
:107A7000447B0608FA1C000070640608021F000020
:107A8000349006087A2A0000CC6906084A180000DB
:107A9000086C060852180000B46606085A18000060
:107AA000EC6C0608920700000C640608020B00004C
:107AB000DC640608BA0F0000D0A80608DA0F000040
:107AC0006C6806081A140000F86906084A170000D6
:107AD000B4A90608CA190000846E0608BA1A000084
:107AE000A86F0608FA210000947B060812290000FE
:107AF000507B0608321F000068900608B21F000085
:107B00005C9006084A140000649906086A15000093
:107B100070BA0608B21900001C6E06083214000084
:107B200003000000AA0F000005000000C21A0000B8
:107B300007000000B20C0000090000000A17000056
:107B4000010000003C24060802000000231D040878
:107B50003C24060802000000051D04083C24060819
:107B600008000000451C04089C240608391C040871
:107B70009C240608011A04089C240608311C0408E9
:107B80009C240608F91904083C2406080200000099
:107B9000AD1D04083C24060802000000111A040868
:107BA00074280608A87B0608D81E060837000000BF
:107BB00006000000B87B0608BA000000E2240000BE
:107BC000521E0000F47B0608BA210000E87B06087C
:107BD000F2270000007C0608E21700000100000008
:107BE0007A090000030000003C240608020000009F
:107BF000F91D04083C24060802000000BD1D04080D
:107C00009C240608B51D040874280608107C060884
:107C1000D81E06083F00000007000000207C060870
:107C2000BA00000032250000CA270000807C060848
:107C30001A270000787C06082A270000707C0608B6
:107C4000DA2B0000687C0608EA2B0000607C06083E
:107C5000821E0000587C060884240608A91E040819
:107C60006C2406082B1F04086C240608551F040802
:107C700084240608BD1F040884240608E31F0408A2
:107C800084240608F51F040874280608907C06085A
:107C9000D81E06089F00000013000000A07C060804
:107CA000BA0000004A250000EA290000C47D060849
:107CB000F22A0000387D06085A0400003200000055
:107CC000BA1D0000488606080A2100004086060802
:107CD0002223000028860608422400002086060889
:107CE0000204000018860608B22700001086060865
:107CF000EA270000088606081A2B000018860608E6
:107D0000722900000086060882290000F88506080E
:107D1000721F0000AC850608D221000034860608D8
:107D20008A24000064860608EA2A00005C860608A9
:107D3000AA1A0000708606089C2406084D20040834
:107D4000341C060805000000A07D0608907D06088A
:107D5000807D0608707D0608607D0608B07D0608F7
:107D6000E02F0608000000001E00000006DE0508E7
:107D7000E02F0608000000001500000053D00508A1
:107D8000E02F0608000000000600000022DB0508C6
:107D9000E02F060800000000070000002AD00508B8
:107DA000E02F060800000000070000002AD00508A8
:107DB0003F0500009E040000F50400006C05000073
:107DC0006F0400009C240608552004087428060847
:107DD000D47D0608D81E0608270000000400000015
:107DE000E47D0608BA000000C2250000C22500009C
:107DF000187E060882260000107E06080A2300006E
:107E0000047E06083C240608FFFF0100DD2004086C
:107E10009C240608D52004083C240608FFFF010026
:107E2000CD2004082831060802000000447E060820
:107E3000347E0608E02F0608000000000500000060
:107E400067DB0508E02F06080000000006000000C0
:107E500029DB0508E02F0608000000000A000000EA
:107E600030DB0508E02F06080000000031000000AC
:107E70003BDB0508742806087C7E0608D81E060829
:107E800047000000080000008C7E0608BA000000D1
:107E9000AA26000012210000047F060862280000C4
:107EA000F87E0608B2260000EC7E0608A226000036
:107EB000E47E0608C21D0000DC7E0608AA2600003B
:107EC000D47E0608022B0000CC7E06086C2406082F
:107ED0005F2104089C240608ED2204088424060877
:107EE000B92204086C240608A52104083C240608CD
:107EF00006000200D12104083C240608020000000C
:107F000041220408842406088522040874280608EF
:107F1000147F0608D81E06082F0000000500000088
:107F2000247F0608BA000000CA260000121E0000C6
:107F30004C7F060892230000AC7F06085A280000F8
:107F4000A07F0608CA290000887F06083C2406088E
:107F500004000200ED270408D81E060827000000D0
:107F600004000000687F060892230000AC7F06082A
:107F70005A280000A07F06088A040000947F0608A3
:107F8000CA290000887F06083C2406080A0006006B
:107F9000CD2B04083C24060806000400F92A040836
:107FA0003C24060808000400EF2A04083C240608C4
:107FB00008000400E52A0408BC3106080000720429
:107FC000000100000000000000000002552304082A
:107FD000D47F0608D81E06080F000000010000002C
:107FE000E47F06083A210000EC7F06086C240608AE
:107FF00011230408BC3106080000D9040001000068
:10800000000000000000000261230408587F0608F9
:108010007428060818800608D81E06083F000000CD
:108020000700000028800608BA000000722800003F
:1080300072280000F0800608DA250000608006083B
:10804000EA13000003000000F21300000900000022
:10805000DA13000011000000E2130000210000000C
:108060009C240608652E0408BC3106088000BB0469
:108070000000000000000001000000024931040877
:1080800084800608D81E06082F00000005000000A6
:108090009480060892270000E4800608322B000036
:1080A000DC8006086A240000D4800608DA25000077
:1080B000C880060842220000BC8006083C2406084E
:1080C00006000200233104083C24060804000200D4
:1080D000C730040854240608392E04086C24060806
:1080E000912D04083C240608060004000F2E040805
:1080F0003C24060808000600492F040874280608D6
:1081000004810608D81E0608770000000E00000053
:1081100014810608BA00000032290000322900004C
:10812000BC82060802210000848106084209000082
:10813000050000004A0900001500000002170000B9
:1081400003000000F216000005000000FA1600000F
:108150000700000012170000FF1F00003217000088
:10816000090000001A17000041000000221700005B
:10817000110000003A1700000B2000002A17000031
:108180000D2000003C2406080C00040061320408A5
:10819000A5310408BD310408D531040800000000F1
:1081A000D81E06089F00000013000000B0810608DA
:1081B0002A1B0000903206083A020000903206089E
:1081C000E21C0000B48206082A230000A8820608E8
:1081D000CA1B0000A0820608221E00009882060822
:1081E0005204000090820608822800008882060857
:1081F0007A2700008082060892280000788206080C
:108200008227000070820608C228000064820608E7
:108210008223000058820608D228000050820608F7
:10822000B228000048820608EA030000E832060887
:10823000F2030000B8320608FA030000A032060874
:1082400022050000D03206086C240608CD3304084D
:108250006C240608853304083C2406080600020046
:10826000A13104083C240608080008008D360408E3
:108270006C240608E93304085424060895370408DA
:108280006C240608513404086C2406089D34040844
:108290006C240608093504086C24060829370408EC
:1082A00084240608413504083C2406080400020022
:1082B000273204086C24060861370408BC3106081C
:1082C0000000260501040000000000000002000379
:1082D000E135040890810608A0810608513304089E
:1082E00074280608E8820608D81E060877000000F1
:1082F0000E000000F8820608BA0000006A2A00009A
:108300002A210000C083060842230000C08306081B
:1083100052240000B88306086A2A0000B0830608C9
:10832000722A0000A883060812290000A08306080C
:108330001A29000098830608222900009083060865
:108340005A2A000088830608622A000080830608F3
:108350004A2A000078830608422A0000688306083B
:10836000522A0000708306086C2406085D3A04084F
:108370006C240608E13704089C240608E139040847
:108380009C240608C93904089C240608B13904084D
:10839000842406089F390408842406088D390408BB
:1083A00084240608693904089C24060859390408FD
:1083B0009C240608053A040884240608D9380408D1
:1083C0003C24060802000000FD3704087428060853
:1083D000D4830608D81E06083701000026000000D6
:1083E000E4830608BA000000CA2A0000C22900007F
:1083F00048850608022900003C850608FA1B000093
:10840000248506086A1D0000148506085A1D000010
:108410001C850608CA11000005000000321100008A
:10842000010000004A0A0000030000009A1A000040
:1084300001000000021A00000100000062100000AC
:1084400001000010EA190000010000204A1000009D
:1084500001000030F219000001000040521000003D
:1084600001000050FA190000010000605A100000DD
:1084700001000070320A0000010000801A0A0000AA
:1084800001000090220A0000010000A00A0A00007A
:10849000010000B02A0A0000010000C0120A00001A
:1084A000010000D0420A0000230000003A0A000048
:1084B0002D0000009A0E0000010000E0A20E000056
:1084C000010000F0D2160000010000308A1A0000FE
:1084D000010000204210000001000050E2190000DD
:1084E000010000403A110000010000500A1A00008B
:1084F000010000404211000001000070121A00004B
:1085000001000060FA130000010000408209000031
:10851000010000806C240608CB3A04086C2406088D
:10852000AD3A040884240608993A0408426248686F
:10853000496951712D2D2D2D2D2D66643C24060881
:1085400004000200313E0408BC3106080000380572
:10855000010200050003040006000000ED3B0408D2
:10856000893B0408E5410408B53E0408313C040891
:10857000913E0408742806087C850608D81E060863
:1085800027000000040000008C850608BA000000E7
:10859000722B00008A24000064860608EA2A000084
:1085A0005C860608AA1A0000708606083C240608A5
:1085B000040002000542040808040301060000004C
:1085C0008B04030092260000A9030200FFFFFFFFB7
:1085D000F803030006000000010003010000000092
:1085E0000100030100000000EC0403020E00000083
:1085F000890403020E00000084240608C14904080F
:108600008424060885490408842406086D49040862
:108610006C2406083F4904088424060829490408F4
:1086200084240608ED4804083C24060802000000E3
:10863000BD4804083C24060802000000594804080C
:108640009C2406086145040884240608154804088B
:108650003C240608FFFF0100E947040884240608BB
:10866000CD4404083C240608FFFF0100C546040869
:10867000BC310608000055030100000000000000A6
:10868000000200037D4F04089086060894860608C1
:10869000154D0408D81E06086F0000000D000000EC
:1086A000A48606084A24000068870608B203000072
:1086B00080870608D22100005C870608422400005B
:1086C0003C870608EA2700004C870608BA1D000010
:1086D000348706080A2100002C87060802040000DF
:1086E00054870608B2270000448706087229000054
:1086F00024870608822900001C8706088A240000B7
:1087000014870608EA2A00000C8706088424060855
:10871000574C0408542406085D4C04086C240608D1
:10872000B94C04086C240608394D04088424060852
:10873000194E04086C240608414E04086C240608EF
:10874000694E040854240608A55004086C24060841
:108750008D5004086C240608995004083C2406082F
:1087600004000200914E0408743106087087060860
:1087700084240608D94F0408030405000001000002
:1087800054240608D9520408BC3106088001350378
:10879000000100000000000000020003B9520408BC
:1087A000A8870608E8870608955204086552040859
:1087B000FD51040801000000BC3106088001D7010A
:1087C000000100000000000000020003B95204088C
:1087D000D8870608E88706089552040865520408F9
:1087E000FD51040800000000D81E060867000000C4
:1087F0000C000000F8870608EA030000E8320608CB
:10880000F2030000B8320608FA030000A03206089E
:108810005A2700009832060822050000D0320608C8
:108820008A200000683206083A02000090320608EA
:108830006A280000783206081A2A000070320608FA
:108840002A1B00009032060862000000681B060820
:108850006A00000084320608000505100202160DA9
:1088600011161E1313130505050C1816010004003C
:10887000100040000001000200000100020004009E
:1088800008001000200000002B2E2C3B3D5B5D2FCC
:108890005C222A3A3C3E3F7C7F00809A45418E41D3
:1088A0008F804545454949498E8F9092924F994F07
:1088B000555559999A9B9C9D9E9F41494F55A5A5F9
:1088C000A6A7A8A9AAABACADAEAFB0B1B2B3B4B5D0
:1088D000B6B7B8B9BABBBCBDBEBFC0C1C2C3C4C5C0
:1088E000C6C7C8C9CACBCCCDCECFD0D1D2D3D4D5B0
:1088F000D6D7D8D9DADBDCDDDEDFE0E1E2E3E4E5A0
:10890000E6E7E8E9EAEBECEDEEEFF0F1F2F3F4F58F
:10891000F6F7F8F9FAFBFCFDFEFF01030507090E67
:1089200010121416181C1E007D1D0100632C001E61
:108930009601A01E5A01001F0806101F0606201FE0
:108940000806301F0806401F0606511F0700591F62
:10895000521F5B1F541F5D1F561F5F1F601F0806BD
:10896000701F0E00BA1FBB1FC81FC91FCA1FCB1F15
:10897000DA1FDB1FF81FF91FEA1FEB1FFA1FFB1F8F
:10898000801F0806901F0806A01F0806B01F0400DD
:10899000B81FB91FB21FBC1FCC1F0100C31FD01FBF
:1089A0000206E01F0206E51F0100EC1FF31F010095
:1089B000FC1F4E2101003221702110028421010090
:1089C0008321D0241A05302C2F04602C0201672C3F
:1089D0000601752C0201802C6401002D260841FF40
:1089E0001A03000061001A03E0001703F8000703F0
:1089F000FF00010078010001300132010601390158
:108A000010014A012E017901060180014D00430247
:108A1000810182018201840184018601870187012D
:108A200089018A018B018B018D018E018F019001DB
:108A30009101910193019401F6019601970198012A
:108A400098013D029B019C019D0120029F01A00114
:108A5000A001A201A201A401A401A601A701A701EE
:108A6000A901AA01AB01AC01AC01AE01AF01AF019C
:108A7000B101B201B301B301B501B501B701B8014C
:108A8000B801BA01BB01BC01BC01BE01F701C001C4
:108A9000C101C201C301C401C501C401C701C801AC
:108AA000C701CA01CB01CA01CD011001DD010100DE
:108AB0008E01DE011201F3010300F101F401F40162
:108AC000F8012801220212013A020900652C3B023A
:108AD0003B023D02662C3F02400241024102460237
:108AE0000A015302400081018601550289018A0171
:108AF00058028F015A0290015C025D025E025F0221
:108B000093016102620294016402650266026702D7
:108B1000970196016A02622C6C026D026E029C0142
:108B2000700271029D01730274029F017602770246
:108B3000780279027A027B027C02642C7E027F0238
:108B4000A60181028202A9018402850286028702AF
:108B5000AE014402B101B20145028D028E028F02C4
:108B600090029102B7017B030300FD03FE03FF03A4
:108B7000AC0304008603880389038A03B10311034D
:108B8000C2030200A303A303C4030803CC0303002E
:108B90008C038E038F03D8031801F2030A00F90334
:108BA000F303F403F503F603F703F703F903FA03FA
:108BB000FA033004200350041007600422018A04E1
:108BC0003601C1040E01CF040100C004D0044401E9
:108BD000610526040000C700FC00E900E200E40093
:108BE000E000E500E700EA00EB00E800EF00EE003F
:108BF000EC00C400C500C900E600C600F400F600A1
:108C0000F200FB00F900FF00D600DC00A200A30088
:108C1000A500A7209201E100ED00F300FA00F100A9
:108C2000D100AA00BA00BF001023AC00BD00BC00F8
:108C3000A100AB00BB009125922593250225242598
:108C400061256225562555256325512557255D2526
:108C50005C255B251025142534252C251C25002595
:108C60003C255E255F255A25542569256625602506
:108C700050256C25672568256425652559255825C7
:108C8000522553256B256A2518250C258825842512
:108C90008C2590258025B103DF009303C003A30337
:108CA000C303B500C403A6039803A903B4031E229B
:108CB000C603B50329226122B10065226422202364
:108CC0002123F7004822B0001922B7001A227F2082
:108CD000B200A025A000000000000080DB0F49408A
:108CE000DB0F49C0DB0F49BFE4CB1640E4CB16C015
:108CF0006937AC3168212233B40F14336821A233B1
:108D00003863ED3EDA0F493F5E987B3FDA0FC93F8B
:108D1000000FC93F000F494000CB9640000FC940EB
:108D20000053FB4000CB164100ED2F41000F49419D
:108D30000031624100537B41003A8A4100CB9641A9
:108D4000005CA34100EDAF41007EBC41000FC94172
:108D500000A0D5410031E24100C2EE410053FB4189
:108D600000F20342003A0A420083104200CB16424E
:108D700000141D42005C234200A5294200ED2F4251
:108D800000363642007E3C4200C74242000F494254
:108D9000A2F9836E4E441529FC2757D1F534DDC066
:108DA000DB6295993C439041FE5163ABDEBBC561EC
:108DB000B7246E3A424DD2E006492EEA09D1921C00
:108DC000FE1DEB1CB129A73EE88235F52EBB44847D
:108DD000E99C7026B45F7E413991D639835339F4CA
:108DE0009C845F8BBDF9283B1FF897FFDE05980F29
:108DF000EF2F118B5A0A6D1F6D367ECF27CB09B727
:108E00004F463F669E5FEA2D7527BAC7EBE5F17BBB
:108E10003D0739F78A5292EA6BFB5FB11F8D5D08FF
:108E200056033046FC7B6BABF0CFBC209AF4361D6A
:108E3000A9E391615EE61B086599855F14A068400F
:108E40008DFFD8804D73273106061556CA73A8C901
:108E500060E27BC08C6B00000000C93F0000F0396D
:108E60000000DA370000A2330000842E0000502BEF
:108E70000000C2270000D0220000C41F0000C61B53
:108E80000000441704000000070000000900000073
:108E90000000003F000000BF00000000DCCFD13523
:108EA0000000000000C0153F0000803F0000C03FF0
:108EB000BC31060800004904000001000000000069
:108EC00000000002B7B30408CC8E0608D81E0608BE
:108ED0001700000002000000DC8E06086A20000077
:108EE000F88E0608A22A0000EC8E06083C2406082C
:108EF00004000200D9B2040884240608C5B204089C
:108F000028040300060000005405020000000000D1
:108F100029040100000000008424060869B5040843
:108F200052000000BC3106088001D701000100009A
:108F300000000000000200033DBB0408448F060847
:108F40009C8F0608FFBA0408F7BA0408DDBA0408C3
:108F5000000000006C8F0608020000006C8F0608FD
:108F6000010000006C8F060800000000BC310608FC
:108F70008001350300010000000000000002000332
:108F80003DBB04088C8F06089C8F06085DBB040857
:108F900019BB0408DDBA040801000000D81E060849
:108FA0004F00000009000000AC8F0608421D0000C1
:108FB000F48F0608EA030000E8320608F203000016
:108FC000B8320608FA030000A03206085A2700004B
:108FD0009832060822050000D03206083A02000046
:108FE000681B060862000000681B06086A00000093
:108FF00084320608248F0608000000001F1E1F1E72
:109000001F1F1E1F1E1F1F1D00001F003B005A00B8
:1090100078009700B500D400F300110130014E0133
:109020006D010008040C020A060E0109050D030B70
:10903000070F00006C24060845C00408000610163F
:1090400000061016A7040200000000003C240608D9
:10905000FFFF0300690E05080005106E3C2406089A
:1090600002000000AB1505089C2406089B150508A6
:109070000804100018231E1F2022241B281E2A1754
:109080003021361338163C1D401248195415602003
:109090006C11781C9018A814C010D810B8DE050800
:1090A00046010000D7900608C0DE05082200000037
:1090B000B490060823206D61696E2E7079202D2DE5
:1090C0002070757420796F757220636F64652068F5
:1090D000657265210D0A002320626F6F742E70790E
:1090E000202D2D2072756E206F6E20626F6F7420A0
:1090F000746F20636F6E66696775726520555342A1
:1091000020616E642066696C6573797374656D0D9A
:109110000A23205075742061707020636F6465208D
:10912000696E206D61696E2E70790D0A0D0A696D88
:10913000706F7274206D616368696E650D0A696D88
:10914000706F7274207079620D0A237079622E6DCF
:1091500061696E28276D61696E2E70792729202339
:10916000206D61696E2073637269707420746F2062
:1091700072756E2061667465722074686973206F01
:109180006E650D0A23696D706F7274206E65747759
:109190006F726B0D0A236E6574776F726B2E636F3F
:1091A000756E747279282755532729202320495337
:1091B0004F20333136362D3120416C7068612D32AD
:1091C00020636F64652C2065672055532C2047422F
:1091D0002C2044452C204155206F72205858206681
:1091E0006F7220776F726C64776964650D0A236E05
:1091F0006574776F726B2E686F73746E616D65281E
:10920000272E2E2E2729202320444843502F6D44FB
:109210004E5320686F73746E616D650D0A00000017
:109220001404030206000000BF040202FFFFFFFF58
:10923000B2040202FFFFFFFF47050202E80300003D
:109240008B04020200000000E8030202010000009B
:10925000B003030206000000D40302020000000075
:10926000A503020200000000290401020100000021
:109270008B04020100000000B0030302060000009E
:10928000B604030206000000C90402020000000048
:10929000CB04030206000000CC0403020600000019
:1092A000CA04030206000000C1030202000000001D
:1092B000BA040202FFFFFFFFD81E06083F000000AD
:1092C00007000000C8920608821D000000930608EF
:1092D0004A2600002C9306085A2600002093060810
:1092E0006226000014930608522600000893060820
:1092F0009A1D00002C9306080A1E00002C930608F5
:109300006C2406089D1C05083C2406080400020085
:10931000E52705083C240608040002009D230508F3
:109320003C24060804000200111E05083C2406081F
:10933000040002008F1B0508BC310608000036033C
:10934000010200000000000000000003AD2A050833
:10935000852B050858930608D81E0608070100004B
:10936000200000006893060802220000BC94060852
:10937000DA1E0000B4940608B21D0000A894060886
:109380004A1E00009C940608422900009494060896
:10939000A220000088940608FA2500007C940608A4
:1093A0009225000070940608821D0000689406084B
:1093B0001A1A000001000000EA0C00002100000061
:1093C000220B0000410000001A1400000100000000
:1093D00022140000030000000A1200000500000033
:1093E000EA1100000700000002120000090000005E
:1093F000121200000B000000F21100000D0000002E
:10940000FA1100000F0000003210000011000000EF
:109410006A0D0000130000007A0D00001500000026
:10942000720D000017000000B20F000001000000E4
:10943000521100000500000062150000010000004C
:10944000320E000005000000520A00001500000066
:109450006A0A000001000000620A00000300000028
:109460005A0A0000050000006C240608451C050887
:109470003C24060804000200EB1A05083C240608F8
:1094800004000200471B05083C24060804000200F3
:10949000B122050884240608532305083C24060845
:1094A000040002006D1B05083C240608FFFF0500B0
:1094B0005924050884240608611D05083C24060873
:1094C000FFFF0300712B0508BC31060800003703BD
:1094D000000100000000000000000002E11B050880
:1094E000B8920608190001401C0000401D0400400D
:1094F0001E080040320C0040361000403714004077
:109500002C04014018400140194401401A48014010
:109510002B1800402C1C00402D200040830200002E
:1095200060000000840200007000000041020000A2
:10953000000000003D02000010000000400200009A
:109540002000000042020000300000003E02000047
:10955000500000003F020000400000000602000032
:1095600000000000AD01000001000000AF0100009C
:1095700002000000AE01000003000000BC3106083C
:1095800000002302010200000000000000000003B0
:10959000552D0508492D05089C950608D81E060876
:1095A0002700000004000000AC9506082A250000F2
:1095B000E895060822250000E0950608922A00009A
:1095C000D895060812220000CC9506083C2406080F
:1095D00004000200412E050884240608092E05080F
:1095E00084240608892D050884240608E12D050831
:1095F0007C9506080100000058C506088B0402018E
:1096000000000000C80403000600000081030200FF
:10961000FFFFFFFFA200030200000000850302021B
:10962000FFFFFFFF280403000600000054050200AE
:10963000000031102904010000000000BC310608C0
:1096400000008A020001000000000000000000028B
:10965000ED2F050858960608D81E06081F000000C2
:109660000300000068960608E202000090960608D3
:10967000BA240000889606088A270000809606080B
:1096800084240608F72E050884240608ED2E050814
:1096900084240608E32E0508C1300508D81E0608F4
:1096A0000702000040000000AC96060802220000FD
:1096B0001C990608120500001099060822250000D2
:1096C000089906082A250000009906084A22000089
:1096D000F49806086223000008990608AA210000F1
:1096E00000990608BA240000EC980608CA24000075
:1096F000E4980608121C0000DC980608F225000019
:10970000D4980608B2250000CC9806083221000043
:10971000C49806085A240000BC9806084226000097
:10972000B49806080A1C0000AC9806088A230000BA
:10973000509906085A0200003C990608AA1E00002B
:1097400028990608121D00008C9906086A1E000060
:10975000A49906083A100000010000002A12000037
:109760000300000022120000230000006209000034
:10977000050000006A0900002500000072090000D1
:109780000700000012140000030000000214000093
:1097900005000000A210000001002220921000002D
:1097A000010042203A1200000300000032120000C3
:1097B000230000005A0900000500000052090000C3
:1097C000250000000A1400000100000062080000EB
:1097D000030000006A080000030000007208000097
:1097E000050000007A080000050000008208000063
:1097F000050000008A080000070000009208000031
:10980000070000009A08000007000000A2080000FE
:1098100007000000AA08000009000000B2080000CC
:1098200009000000BA08000009000000C20800009A
:109830000B000000CA0800000B000000D208000066
:109840000B000000DA0800000D000000E208000034
:109850000F000000EA0800000F000000F2080000FE
:109860000F000000FA0800000F00000002090000CD
:109870000F0000000A09000011000000120900009A
:10988000110000001A090000130000002209000066
:10989000130000002A090000130000003209000034
:1098A000130000003A090000130000008424060899
:1098B000012F0508842406080F2F050884240608B4
:1098C0001D2F050884240608D92E050884240608BF
:1098D000CB2E050884240608BD2E0508842406081E
:1098E0002B2F050884240608592F05088424060810
:1098F000B32E05083C240608FFFF0300AD2F050822
:1099000084240608A92E0508842406089D2E05082F
:109910003C240608040002005B3105083C240608CC
:10992000FFFF0300453205085C3106083099060840
:109930003C24060804000200F53005085C310608E6
:10994000449906083C24060804000200852E0508F8
:109950005C310608589906083C24060804000200F9
:109960006D2E0508BC3106080000890201020300C3
:109970000000000000040005A1330508F92F0508C8
:1099800019310508989606089C960608BC31060809
:109990000000A20300000000000000000000000121
:1099A00030BE0608BC3106080000CD0300000000F0
:1099B000000000000000000180C00608FF00000059
:1099C00000FF00000B0C0D0E0F10112F38393A3B21
:1099D0003C44454688640240000000060D0000003B
:1099E000049B0608706402400000000A0C0000009E
:1099F000049B0608586402400000000A0B000000A7
:109A0000049B060840640240000000060A000000B3
:109A1000049B0608B86002400000000E070000002A
:109A2000049B0608B8600240000000020700000026
:109A3000049B0608B8600240000000000700000018
:109A4000049B0608A06002400000000E0600000013
:109A5000D49A0608886002400000000E050000004D
:109A6000D49A06087060024000000006040000005E
:109A7000049B060870600240000000000400000023
:109A8000049B06085860024000000000030000002C
:109A9000049B0608406002400000000E0200000027
:109AA000049B06084060024000000006020000001F
:109AB000049B060840600240000000000200000015
:109AC000049B060810600240000000020000000035
:109AD000049B0608000000000000000000000000D9
:109AE0000004000000000000000000000000000072
:109AF0000000020000000000010000000000000063
:109B00000000000000000000000000000000000055
:109B10000004000000000000000000000000000041
:109B200000000000000000000300000000008000B2
:109B300000002000080D0020B40C0020600C002064
:109B40008B040200000000007D03020212000000EE
:109B500098030202801A06001C04010200000000A3
:109B6000E9030102000000008A0003010000000078
:109B70007D030200FE000000500502028813000071
:109B8000EF040301000000007D030200FE0000005E
:109B90005005020288130000BC3106080000F701DE
:109BA000010200000000000000000003E14405087D
:109BB000813E0508B89B0608D81E0608670000000D
:109BC0000C000000C89B060802220000989C0608B2
:109BD000DA1E0000909C060852220000889C0608AD
:109BE00022280000809C060852040000749C06088D
:109BF0007A270000689C060802240000349C0608AE
:109C00000A240000289C0608320B00000100000016
:109C1000C2130000030000007211000001000000E8
:109C2000EA160000030000003C240608FFFF0300C2
:109C30001D4105083C240608FFFF0300F14105080B
:109C4000D2030301000000007D03020100000000B8
:109C50008204020100000000500502028813000087
:109C60007E030202080000003C240608FFFF0300F8
:109C7000CD4205083C240608FFFF03009943050870
:109C800084240608D93D05086C2406081D3E0508F5
:109C9000842406085D4405083C240608FFFF0300F1
:109CA00031450508989B0608080D0020249A0608EF
:109CB000C49A06085C0C0020989B0608B40C00208F
:109CC000149A0608949A06085D0C0020989B0608D2
:109CD000600C0020649A0608A49A06085E0C002016
:109CE000989B060800000000000000000000000033
:109CF00000000000640E0020D4990608049A0608AB
:109D00000C0E0020749A0608849A0608B40D0020F0
:109D1000349A0608B49A06085C0D0020E4990608F7
:109D2000F499060800000000000000000000000098
:109D30000000000000000000000000008B04020191
:109D40000000000098030200BD010500BF040202EC
:109D5000FFFFFFFFBA04020201000000B404020288
:109D6000000000004C000202000000009E030202FE
:109D700008000000A1040202000200000C0402021C
:109D8000000000004605010200000000CE030302AF
:109D9000060000008A0003010000000050050202D6
:109DA00088130000EF0403010000000050050202C8
:109DB000881300008A00030100000000EF04030084
:109DC000000000005005020288130000BC310608A4
:109DD0000000E9020102000000000000000300048E
:109DE000114F0508854E0508F09D0608FC9D0608E4
:109DF0000000000000000000854D0508D81E060880
:109E00007F0000000F0000000C9E060802220000E8
:109E1000B09E0608DA1E0000A89E0608EA030000AD
:109E2000886D0608F20300007C6D0608220500001C
:109E3000746D0608CA2B00006C6D06085204000001
:109E40009C9E06087A270000909E06087A2800004B
:109E5000849E0608320B000009020000C2130000B5
:109E6000010000007211000009020000EA16000063
:109E700001000000BA110000010000005A110000AA
:109E8000010100003C240608FFFF0300994D05086E
:109E90003C240608FFFF0300314E05083C24060859
:109EA000FFFF0300494D050884240608794E050884
:109EB0003C240608FFFF0300614F0508CC9D0608FF
:109EC000F49C0608CC9D0608009D0608CC9D06085B
:109ED0000C9D0608CC9D0608189D0608CC9D06081A
:109EE000249D0608CC9D0608309D06085952050899
:109EF000754F05081000100000010100800080006F
:109F00004000400020002000000000000100000090
:109F100000000000010000008B04020100000000AE
:109F2000BF040200640000002105020201000000DD
:109F3000A603020206000000A703020208000000B8
:109F400094030102000000009803020200000000D8
:109F5000030502024B000000A20402020E000000F2
:109F6000D2030301000000005B00020100000000BA
:109F70005005020200000000000501020000000080
:109F800002040100000000000704020100000000BC
:109F90006C00030006000000500502028813000058
:109FA00097030201000000008B0402010000000082
:109FB0000704020100000000AC04030100000000DF
:109FC0000005030200000000020401000000000080
:109FD0000204010000000000BC310608000060011E
:109FE0000102000000000000000300047164050885
:109FF000E9620508FC9F06080CA0060800000000A6
:10A0000000000000A962050800000000D81E060834
:10A01000C7000000180000001CA006080222000073
:10A0200040A10608DA1E000038A10608DA27000061
:10A0300030A106087A29000028A10608FA210000AC
:10A040001CA10608DA01000014A106085204000051
:10A0500008A106087A270000FCA00608BA2800001C
:10A06000E4A00608CA1D0000F0A00608122800009F
:10A07000DCA00608D2110000010000004A11000017
:10A0800001000008DA16000001000010E2160000CE
:10A090000100001862110000010000002211000000
:10A0A000030000006A110000050000002A110000F2
:10A0B00007000000EA17000001000000BA0D0000D0
:10A0C00003000000CA0D000005000000C20D0000E2
:10A0D00007000000720A000009000000542406086E
:10A0E000815C05083C240608FFFF03001D5D050890
:10A0F0003C240608FFFF0500CD5C05083C2406084B
:10A10000FFFF0300496005083C240608FFFF030029
:10A110007D6105086C240608296505083C240608AD
:10A120000400020009620508842406084D6305083E
:10A13000842406088F62050884240608455C050807
:10A140003C240608FFFF03001565050857656C638E
:10A150006F6D6520746F204D6963726F50797468FC
:10A160006F6E210A0A466F72206F6E6C696E6520F1
:10A17000646F637320706C656173652076697369C1
:10A180007420687474703A2F2F646F63732E6D6936
:10A1900063726F707974686F6E2E6F72672F0A0A20
:10A1A000517569636B206F76657276696577206F8C
:10A1B0006620636F6D6D616E647320666F722074CC
:10A1C000686520626F6172643A0A20207079622E9D
:10A1D000696E666F2829202020202D2D207072693D
:10A1E0006E7420736F6D652067656E6572616C209B
:10A1F000696E666F726D6174696F6E0A2020707986
:10A20000622E64656C6179286E2920202D2D2077BF
:10A2100061697420666F72206E206D696C6C697361
:10A2200065636F6E64730A20207079622E6D696CAD
:10A230006C6973282920202D2D20676574206E7588
:10A240006D626572206F66206D696C6C6973656301
:10A250006F6E64732073696E636520686172642039
:10A2600072657365740A20207079622E5377697461
:10A270006368282920202D2D206372656174652074
:10A280006120737769746368206F626A6563740A1A
:10A2900020202020202020202020202020202020BE
:10A2A000202020537769746368206D6574686F643B
:10A2B000733A2028292C2063616C6C6261636B28DF
:10A2C00066290A20207079622E4C4544286E292088
:10A2D0002020202D2D2063726561746520616E2021
:10A2E0004C4544206F626A65637420666F72204C2F
:10A2F0004544206E20286E3D312C322C332C3429DD
:10A300000A20202020202020202020202020202063
:10A31000202020204C4544206D6574686F64733A9A
:10A32000206F6E28292C206F666628292C20746FD8
:10A3300067676C6528292C20696E74656E73697473
:10A3400079283C6E3E290A20207079622E50696E71
:10A350002870696E2920202D2D20676574206120CA
:10A3600070696E2C206567207079622E50696E28A6
:10A3700027583127290A20207079622E50696E28CB
:10A3800070696E2C206D2C205B705D29202D2D2096
:10A3900067657420612070696E20616E6420636F50
:10A3A0006E66696775726520697420666F722049F0
:10A3B0004F206D6F6465206D2C2070756C6C206D66
:10A3C0006F646520700A202020202020202020207B
:10A3D00020202020202020202050696E206D6574D0
:10A3E000686F64733A20696E6974282E2E292C20B8
:10A3F00076616C7565285B765D292C2068696768D5
:10A4000028292C206C6F7728290A20207079622E49
:10A41000457874496E742870696E2C206D2C2070FC
:10A420002C2063616C6C6261636B29202D2D20638D
:10A43000726561746520616E2065787465726E6105
:10A440006C20696E74657272757074206F626A65D3
:10A4500063740A20207079622E4144432870696E2B
:10A460002920202D2D206D616B6520616E20616E8D
:10A47000616C6F67206F626A6563742066726F6DCE
:10A4800020612070696E0A202020202020202020BA
:10A4900020202020202020202020414443206D65C2
:10A4A00074686F64733A207265616428292C207285
:10A4B0006561645F74696D6564286275662C2066E9
:10A4C000726571290A20207079622E4441432870F8
:10A4D0006F727429202D2D206D616B6520612044E1
:10A4E0004143206F626A6563740A20202020202087
:10A4F00020202020202020202020202020444143F4
:10A50000206D6574686F64733A20747269616E6758
:10A510006C652866726571292C20777269746528CC
:10A520006E292C2077726974655F74696D65642883
:10A530006275662C2066726571290A202070796226
:10A540002E525443282920202020202D2D206D61BB
:10A550006B6520616E20525443206F626A6563749C
:10A560003B206D6574686F64733A20646174657430
:10A57000696D65285B76616C5D290A2020707962BF
:10A580002E536572766F286E2920202D2D20637240
:10A590006561746520536572766F206F626A6563CA
:10A5A0007420666F7220736572766F206E20286E3D
:10A5B0003D312C322C332C34290A2020202020201D
:10A5C00020202020202020202020202020536572C1
:10A5D000766F206D6574686F64733A2063616C698F
:10A5E00062726174696F6E282E2E292C20616E674D
:10A5F0006C65285B782C205B745D5D292C20737062
:10A60000656564285B782C205B745D5D290A0A50BF
:10A61000696E7320617265206E756D626572656426
:10A620002058312D5831322C205831372D583232A4
:10A630002C2059312D5931322C206F722062792013
:10A640007468656972204D4355206E616D650A50CE
:10A65000696E20494F206D6F646573206172653AA1
:10A66000207079622E50696E2E494E2C20707962CE
:10A670002E50696E2E4F55542C207079622E5069E1
:10A680006E2E4F50454E5F445241494E0A50696EFE
:10A690002070756C6C206D6F646573206172653A13
:10A6A000204E6F6E652C207079622E50696E2E5090
:10A6B000554C4C5F55502C207079622E50696E2E8F
:10A6C00050554C4C5F444F574E0A4164646974695D
:10A6D0006F6E616C2073657269616C2062757320A6
:10A6E0006F626A656374733A207079622E493243EF
:10A6F000286E292C207079622E535049286E292CFF
:10A70000207079622E55415254286E290A0A436FEF
:10A710006E74726F6C20636F6D6D616E64733A0A54
:10A7200020204354524C2D41202020202020202046
:10A730002D2D206F6E206120626C616E6B206C6924
:10A740006E652C20656E74657220726177205245AB
:10A75000504C206D6F64650A20204354524C2D42AA
:10A7600020202020202020202D2D206F6E206120F1
:10A77000626C616E6B206C696E652C20656E746511
:10A7800072206E6F726D616C205245504C206D6F5F
:10A7900064650A20204354524C2D43202020202061
:10A7A0002020202D2D20696E7465727275707420C2
:10A7B000612072756E6E696E672070726F6772616C
:10A7C0006D0A20204354524C2D442020202020206C
:10A7D00020202D2D206F6E206120626C616E6B2019
:10A7E0006C696E652C20646F206120736F66742025
:10A7F0007265736574206F662074686520626F618E
:10A8000072640A20204354524C2D452020202020E1
:10A810002020202D2D206F6E206120626C616E6BD8
:10A82000206C696E652C20656E7465722070617392
:10A830007465206D6F64650A0A466F7220667572D2
:10A84000746865722068656C70206F6E206120737B
:10A8500070656369666963206F626A6563742C2042
:10A86000747970652068656C70286F626A290A4681
:10A870006F722061206C697374206F66206176614D
:10A88000696C61626C65206D6F64756C65732C20FA
:10A89000747970652068656C7028276D6F64756CBD
:10A8A000657327290A0000005B0003010000000017
:10A8B0000705030200000000090503020000000074
:10A8C00014040202801A06005005020250C3000060
:10A8D000BC3106080000F701010200000000000082
:10A8E00000030004FD6705088D670508F4A8060845
:10A8F000F8660608000000000000000000000000EC
:10A9000000000000000000000000000019670508BA
:10A9100000000000D0A806080054004004C4060847
:10A92000F0C30608D0A8060800580040DCC306089B
:10A9300068C40608D0A80608005C00401CC50608CC
:10A94000C4C2060898030202FFFFFFFFBA04020216
:10A95000FFFFFFFFB4040202FFFFFFFF9E0302029E
:10A96000FFFFFFFF0C040202FFFFFFFF5B0003017C
:10A97000000000009803020020A10700BA040202B0
:10A9800000000000B4040202000000009E03020266
:10A99000080000000C04020200000000060503028B
:10A9A000000000009004030200000000870403027E
:10A9B00000000000BC3106080000E90201020000AE
:10A9C000000000000003000495680508CD69050833
:10A9D000D8A906081C6D0608816905087B69050869
:10A9E00069690508B4A90608F49C0608B4A9060814
:10A9F000009D0608B4A906080C9D0608B4A906081F
:10AA0000189D0608B4A90608249D0608B4A90608DE
:10AA1000309D0608742806081CAA0608D81E0608D9
:10AA20004F010000290000002CAA0608BA0000000F
:10AA30007A2600002A20000098AB06081A1D0000A4
:10AA4000887B060852210000787B0608FA21000066
:10AA5000947B0608122B0000687B0608A2200000E9
:10AA60005C7B0608BA270000188F0608C22B00007E
:10AA700090AB0608321F000068900608B21F000065
:10AA80005C900608B2040000507B06086A290000AA
:10AA9000447B06088A0300004C900608C227000089
:10AAA00074AB0608521E0000F47B06082A2400003E
:10AAB000888306089A1F000088AB0608222400003D
:10AAC00080830608921F000080AB0608EA1E000083
:10AAD00098830608D22A000090830608EA2900001D
:10AAE000C47D06088A24000064860608B2190000A6
:10AAF000389306086A15000070BA06084A14000068
:10AB0000649906082A0E000020B906087226000083
:10AB10002CBC0608A228000034BC0608421800001D
:10AB2000ACBB06087218000010BA0608C20E00007E
:10AB300030BB06081A1100007C950608BA0F000009
:10AB4000989B06084A170000CC9D0608CA19000009
:10AB5000846E0608020B0000D89F060892070000CA
:10AB600088BD0608BA0700000CBD0608020C0000EC
:10AB700064BC06083C24060802000000316A05088F
:10AB800084240608DD69050884240608FD69050893
:10AB90009C240608D5690508842406081D6A050852
:10ABA00074280608A8AB0608D81E06086F0800001F
:10ABB0000D010000B8AB0608BA000000A229000091
:10ABC000D2230000A8690608C2230000A069060875
:10ABD000CA23000098690608AA1800000CB90608E4
:10ABE000B2180000F8B80608BA180000E4B8060861
:10ABF000C2180000D0B80608CA180000BCB8060881
:10AC0000D2180000A8B806089218000094B80608E8
:10AC10009A18000080B80608A21800006CB8060850
:10AC20006A15000058B80608CA1A000044B8060899
:10AC3000F210000030B806085A1700001CB80608C9
:10AC40006217000008B8060842170000F4B70608AB
:10AC50002A1A0000E0B70608321A0000CCB706082E
:10AC6000D2190000B8B70608DA190000A4B7060820
:10AC7000C20F000090B70608CA0F00007CB7060894
:10AC8000D20F000068B70608AA0E000054B70608E5
:10AC90000A0B000040B70608120B00002CB706088C
:10ACA0001A0B000018B706082A14000004B706089B
:10ACB0000A0C0000F0B60608020C0000F0B6060808
:10ACC0007A180000DCB60608DA180000C8B60608D4
:10ACD000221A0000B4B606083A1A0000A0B6060808
:10ACE0009A0700008CB60608AA07000078B6060886
:10ACF000B207000064B60608A207000050B60608B6
:10AD0000CA1600003CB606085217000028B606080E
:10AD10006A17000014B60608FA17000000B6060805
:10AD2000F20D0000ECB50608E2180000D8B50608E0
:10AD300082180000C4B506088A180000B0B50608DD
:10AD4000BA1600009CB50608C216000088B50608B1
:10AD5000DA0E000074B50608E20E000060B50608C1
:10AD6000EA0E00004CB50608F20E000038B50608E1
:10AD7000FA0E000024B50608020F000010B5060800
:10AD80000A0F0000FCB40608120F0000E8B4060821
:10AD9000520B0000D4B406086A140000C0B40608C0
:10ADA0005A0E0000ACB40608BA0C000098B40608AD
:10ADB000C20C000084B40608AA0C000048B40608BF
:10ADC0005A14000034B40608820C000020B40608AF
:10ADD0007A1A00005CB40608821A000070B40608F3
:10ADE0005A08000001000000C2070000090000002E
:10ADF000CA0700001100000032080000190000001E
:10AE00003A080000210000000208000029000000AC
:10AE10000A0800003100000012080000390000009C
:10AE20001A08000041000000DA0700004900000095
:10AE30002A080000510000004208000059000000EC
:10AE40004A0800006100000052080000690000008C
:10AE50002208000071000000E207000079000000F5
:10AE6000EA07000081000000F207000089000000EE
:10AE7000FA07000091000000D207000099000000CE
:10AE8000620B0000010000006A0B000009000000D6
:10AE90005A0B000011000000120C0000010000001D
:10AEA0007A0C000009000000320C000011000000C4
:10AEB0001A0C0000190000004A0C000021000000DC
:10AEC0003A0C000029000000220C000031000000B4
:10AED000520C000039000000420C0000410000004C
:10AEE0002A0C0000490000005A0C0000510000002C
:10AEF000620C0000590000006A0C000061000000B4
:10AF0000720C000069000000A20C000001000000AB
:10AF10009A0C0000090000008A0C000011000000DB
:10AF2000920C000019000000E20C0000010000007B
:10AF3000D20C000009000000DA0C00001100000033
:10AF4000CA0C0000190000000A0E000001000000F9
:10AF5000FA0D0000090000001A0E000011000000A8
:10AF6000020E000019000000220E00002100000067
:10AF7000120E000029000000620E00000100000017
:10AF8000720E0000090000008A0E0000110000008F
:10AF9000920E0000190000006A0E0000210000005F
:10AFA0007A0E000029000000820E0000310000002F
:10AFB000520F0000010000006A0F000009000000AD
:10AFC000620F000011000000720F00001900000065
:10AFD000420F0000210000005A0F0000290000006D
:10AFE0002A0F0000310000004A0F00003900000065
:10AFF0001A0F000041000000220F0000490000006D
:10B000003A0F000031000000320F00003500000050
:10B0100032180000010000003A180000090000008A
:10B0200012180000110000001A180000190000009A
:10B0300022180000210000002A180000290000004A
:10B040000A1800004100000002180000590000002A
:10B05000EA0F000001000000F20F000009000000EC
:10B060000A1000001100000012100000190000007A
:10B07000FA0F0000210000001A1000002900000053
:10B080002210000031000000E20F00003900000033
:10B090002A100000410000000210000049000000DA
:10B0A000FA10000001000000021100000900000079
:10B0B0000A11000011000000121100001900000028
:10B0C0003A140000010000004214000009000000D2
:10B0D0000A150000010000002A1500000900000008
:10B0E000F214000011000000FA1400001900000022
:10B0F00082140000210000009A14000029000000C2
:10B10000B214000031000000CA1400004100000029
:10B11000E214000049000000721400006100000009
:10B120008A14000069000000A214000071000000F1
:10B13000BA14000081000000D21400008900000051
:10B140007A140000A100000092140000A900000081
:10B15000AA140000B1000000C2140000C1000000E9
:10B16000DA140000C9000000EA140000E100000049
:10B1700012150000E9000000421500000101000066
:10B1800032150000090100003A150000110100000D
:10B190001A1500001901000002150000210100002D
:10B1A00022150000290100007A16000001000000AD
:10B1B0004A160000090000004216000011000000BD
:10B1C00052160000190000005A160000210000006D
:10B1D000A216000029000000321600003100000015
:10B1E00072150000390000008215000041000000C7
:10B1F0009A160000490000006A1600005100000085
:10B200006216000059000000921600006100000064
:10B2100082160000690000008A160000710000001C
:10B220003A1600007900000072160000810000004C
:10B230007A150000890000008A15000091000000C6
:10B2400092150000A1000000EA150000A90000000E
:10B25000F2150000B1000000FA150000B90000006E
:10B2600002160000C10000000A160000C90000001C
:10B2700012160000D10000001A160000D9000000CC
:10B2800022160000E10000002A160000E90000007C
:10B290009A150000F1000000A2150000F90000005E
:10B2A000AA15000001010000B2150000090100000C
:10B2B000BA15000011010000C215000019010000BC
:10B2C000CA15000021010000D2150000290100006C
:10B2D000DA15000031010000E2150000390100001C
:10B2E00072170000010000007A170000090000003A
:10B2F000AA170000110000008A17000019000000C2
:10B300008217000021000000A217000029000000A1
:10B31000B217000031000000921700003900000051
:10B320009A170000410000003A19000001000000D7
:10B3300042190000090000008219000011000000FD
:10B3400052190000190000008A19000021000000B5
:10B3500062190000290000000219000031000000FD
:10B360000A19000039000000FA180000410000002E
:10B37000321900004900000072190000510000005D
:10B38000EA180000590000007A190000610000006E
:10B3900012190000690000001A1900007100000075
:10B3A00022190000790000002A1900008100000025
:10B3B000F2180000890000004A1900009100000006
:10B3C0005A190000990000006A190000A10000004D
:10B3D000721A000001000000621A0000090000005B
:10B3E000421A0000110000004A1A00001900000073
:10B3F000521A0000210000005A1A00002900000023
:10B400006A1A000031000000DA1A00000100000092
:10B41000D21A000009000000E21A0000110000002A
:10B42000E02506080A0000000200000030B406080B
:10B43000002004E0E02506080A00000002000000E9
:10B4400044B40608001000A0E02506080A00000029
:10B450000200000058B4060800000550E025060868
:10B460000A000000020000006CB406080000005052
:10B47000E02506080A0000000200000080B406086B
:10B4800000000440E02506080A0000000200000059
:10B4900094B4060800640240E02506080A00000093
:10B4A00002000000A8B4060800600240E02506087B
:10B4B0000A00000002000000BCB40608003C024084
:10B4C000E02506080A00000002000000D0B40608CB
:10B4D00000380240E02506080A00000002000000D3
:10B4E000E4B4060800300240E02506080A00000027
:10B4F00002000000F8B40608001C0240E02506081F
:10B500000A000000020000000CB506080018024006
:10B51000E02506080A0000000200000020B5060829
:10B5200000140240E02506080A00000002000000A6
:10B5300034B5060800100240E02506080A000000A5
:10B540000200000048B50608000C0240E02506088D
:10B550000A000000020000005CB506080008024076
:10B56000E02506080A0000000200000070B5060889
:10B5700000040240E02506080A0000000200000066
:10B5800084B5060800000240E02506080A00000015
:10B590000200000098B50608005C0140E02506089E
:10B5A0000A00000002000000ACB506080058014087
:10B5B000E02506080A00000002000000C0B50608E9
:10B5C00000480140E02506080A00000002000000D3
:10B5D000D4B5060800440140E02506080A00000032
:10B5E00002000000E8B5060800400140E02506081A
:10B5F0000A00000002000000FCB50608003C014003
:10B60000E02506080A0000000200000010B6060847
:10B6100000380140E02506080A0000000200000092
:10B6200024B6060800340140E02506080A000000A0
:10B630000200000038B6060800300140E025060888
:10B640000A000000020000004CB60608002C014071
:10B65000E02506080A0000000200000060B60608A7
:10B6600000230140E02506080A0000000200000057
:10B6700074B6060800220140E02506080A00000012
:10B680000200000088B6060800210140E0250608F7
:10B690000A000000020000009CB6060800200140DD
:10B6A000E02506080A00000002000000B0B6060807
:10B6B00000140140E02506080A0000000200000016
:10B6C000C4B6060800100140E02506080A00000084
:10B6D00002000000D8B6060800040140E025060874
:10B6E0000A00000002000000ECB60608000001405D
:10B6F000E02506080A0000000200000000B7060866
:10B7000000740040E02506080A0000000200000066
:10B7100014B7060800700040E02506080A00000083
:10B720000200000028B70608006C0040E02506086B
:10B730000A000000020000003CB706080068004054
:10B74000E02506080A0000000200000050B70608C5
:10B7500000640040E02506080A0000000200000026
:10B7600064B7060800600040E02506080A000000F3
:10B770000200000078B70608005C0040E0250608DB
:10B780000A000000020000008CB7060800580040C4
:10B79000E02506080A00000002000000A0B7060825
:10B7A00000540040E02506080A00000002000000E6
:10B7B000B4B7060800500040E02506080A00000063
:10B7C00002000000C8B70608004C0040E02506084B
:10B7D0000A00000002000000DCB706080048004034
:10B7E000E02506080A00000002000000F0B7060885
:10B7F00000440040E02506080A00000002000000A6
:10B8000004B8060800400040E02506080A000000D1
:10B810000200000018B80608003C0040E0250608B9
:10B820000A000000020000002CB8060800380040A2
:10B83000E02506080A0000000200000040B80608E3
:10B8400000300040E02506080A0000000200000069
:10B8500054B80608002C0040E02506080A00000045
:10B860000200000068B8060800280040E02506082D
:10B870000A000000020000007CB80608002000401A
:10B88000E02506080A0000000200000090B8060843
:10B89000001C0040E02506080A000000020000002D
:10B8A000A4B8060800180040E02506080A000000B9
:10B8B00002000000B8B8060800140040E0250608A1
:10B8C0000A00000002000000CCB80608001000408A
:10B8D000E02506080A00000002000000E0B80608A3
:10B8E000000C0040E02506080A00000002000000ED
:10B8F000F4B8060800080040E02506080A00000029
:10B900000200000008B9060800040040E02506080F
:10B910000A000000020000001CB9060800000040F8
:10B92000BC3106080000C501010200000000000053
:10B9300000000003196D0508FD6A050840B90608F6
:10B94000D81E06085F0000000B00000050B9060872
:10B950001A230000F0B90608AA1F0000E8B906087B
:10B960002A1F0000E0B90608D2290000D8B906084D
:10B970009A270000C8B90608A21000000100222082
:10B980009210000001004220AA1000000100622075
:10B99000E20D000001002420DA0D00000100442027
:10B9A000EA0D000001006420B6040301000000005D
:10B9B0008B04020100000000C80402010000000026
:10B9C000B00303010000000074310608D0B9060876
:10B9D0009C240608996A050884240608796B0508E2
:10B9E000842406084D6B050884240608296B050885
:10B9F000842406088D6A0508060708090A17171720
:10BA0000171728282828282801292A3E4C02030035
:10BA1000BC31060800000E03010203000000000014
:10BA200000000004ED6F0508E16F0508757005085A
:10BA300034BA0608D81E06081700000002000000ED
:10BA400044BA06081205000064BA0608821D000008
:10BA500054BA06086C2406080170050884240608F8
:10BA600035700508842406088F70050810BA06088A
:10BA7000BC3106080000AD0201000000000000001B
:10BA800000000002AD7005088CBA0608D81E060832
:10BA90002F000000050000009CBA060802220000EA
:10BAA000F0BA0608FA210000E8BA06089A1E00005B
:10BAB000DCBA0608BA2B0000D0BA06087A1D0000CE
:10BAC000C4BA06083C24060804000200997605085A
:10BAD0003C240608080004003D7505083C240608BF
:10BAE000040002003174050884240608A1700508CA
:10BAF000842406082174050870BA060800000008AE
:10BB000000400000040000000000010800000100E7
:10BB10000100000000000208000002000300000015
:10BB200092000202FFFFFFFF6B000202FFFFFFFF18
:10BB3000BC3106080000D80101020000000000002E
:10BB400000000003857E0508B57A050850BB06088D
:10BB5000D81E06081F0000000300000060BB060896
:10BB6000222700008CBB0608E22B000080BB0608E1
:10BB70003A22000078BB060854240608357B0508E5
:10BB80003C24060808000600DB7D05083C24060866
:10BB900008000600377D050830BB06080000FEFFE0
:10BBA00000000000000000000004080CBC31060882
:10BBB0000000080301020000000000000000000374
:10BBC000C9800508A5800508CCBB0608D81E060854
:10BBD0002700000004000000DCBB06084A26000025
:10BBE00020BC06087A1D000014BC06083A1C0000A0
:10BBF00008BC06084A290000FCBB06083C240608CD
:10BC0000060002004D8205083C24060806000200DA
:10BC1000CD8205083C2406080C000200D57F0508EB
:10BC20003C240608040002004D8305086C24060825
:10BC3000B57F05086C240608697F05089E0302008D
:10BC400008000000A903030206000000D20303015C
:10BC50000000000014040301000000008B04020235
:10BC600000000000BC310608000080010102000055
:10BC70000000000000000003D586050819860508AD
:10BC800084BC0608D81E0608470000000800000013
:10BC900094BC06080222000000BD0608DA1E00005F
:10BCA000F8BC060822050000E0BC0608FA240000E3
:10BCB000F0BC06089A2A0000E8BC0608D22B000057
:10BCC000D4BC0608D2110000010000002A0B0000BD
:10BCD000010200003C240608FFFF0300D184050890
:10BCE0006C240608AD8405086C2406086D840508DC
:10BCF0006C2406088D84050884240608C983050879
:10BD00003C240608FFFF030091870508BC310608A4
:10BD10000000F70001000000000000000000000229
:10BD2000D18C050828BD0608D81E06082F00000083
:10BD30000500000038BD0608DA26000080BD0608B0
:10BD4000E226000078BD0608EA26000070BD06085D
:10BD5000F226000068BD06081227000060BD060834
:10BD600084240608458E0508842406086D8E05087F
:10BD700084240608F58D050884240608B58D050879
:10BD80006C240608098C0508BC3106080000F20086
:10BD9000010200000000000000000003F58A050811
:10BDA00011880508A8BD0608D81E06081F00000057
:10BDB00003000000B8BD0608EA030000E8BD06085D
:10BDC000FA260000E0BD060802270000D0BD0608E4
:10BDD00074310608D8BD06085424060829890508C8
:10BDE000542406085B88050884240608F58B05089A
:10BDF000BCC50608A8C5060894C5060880C506087F
:10BE00006CC5060858C5060844C5060830C50608AE
:10BE1000A4C4060890C4060878C3060864C30608CC
:10BE200050C306083CC3060828C3060814C3060806
:10BE3000D81E0608470200004800000040BE060861
:10BE400022070000BCC506084A120000BCC506084F
:10BE50002A070000A8C5060852120000A8C5060857
:10BE60008A0B000094C506087A12000094C50608E3
:10BE7000820B000080C506088212000080C50608FB
:10BE8000520700006CC506088A1200006CC506083F
:10BE9000AA0B000058C506081A11000058C506086C
:10BEA0009212000058C50608A20B000044C50608FF
:10BEB0009A12000044C506089A0B000030C5060817
:10BEC000A212000030C50608EA0B00001CC50608D7
:10BED000AA1200001CC50608F20B000008C50608DF
:10BEE000B212000008C50608C20B0000F4C4060820
:10BEF0005A120000F4C4060862120000E0C40608EA
:10BF00006A120000CCC4060872120000B8C4060809
:10BF10005A070000A4C40608BA120000A4C4060808
:10BF2000C212000090C40608F21200007CC4060889
:10BF3000CA0B000068C40608FA12000068C40608AC
:10BF4000DA0B000054C406080213000054C40608AB
:10BF5000D20B000040C406080A13000040C40608C3
:10BF6000920B00002CC40608121300002CC4060813
:10BF70001A13000018C40608BA0B000004C406080F
:10BF80002213000004C40608B20B0000F0C3060828
:10BF90002A130000F0C30608E20B0000DCC3060809
:10BFA000CA120000DCC30608D2120000C8C306088B
:10BFB000DA120000B4C30608E2120000A0C30608AB
:10BFC000EA1200008CC306086A07000078C306085E
:10BFD0003213000078C306086207000064C3060835
:10BFE0003A13000064C306087213000050C3060829
:10BFF0007A1300003CC306088213000028C3060819
:10C000008A13000014C306089213000000C3060838
:10C01000FA0B0000ECC206089A130000ECC20608F6
:10C02000A2130000D8C20608AA130000C4C2060862
:10C0300042130000B0C206084A1300009CC2060862
:10C040005213000088C206085A13000074C2060882
:10C05000F217000074C206086213000060C20608EE
:10C060006A1300004CC20608B213000038C206086A
:10C07000CA13000024C20608D213000010C206082A
:10C08000D81E0608870100003000000090C0060896
:10C0900022070000BCC506082A070000A8C506083C
:10C0A0005207000094C506085A07000080C506081C
:10C0B000620700006CC506086A07000058C506083C
:10C0C0007207000044C506087A07000030C506085C
:10C0D000820700001CC506088A07000008C506087C
:10C0E00032070000F4C406083A070000E0C406085E
:10C0F00042070000CCC406084A070000B8C406087E
:10C1000092090000A4C406089A09000090C4060819
:10C11000CA0900007CC40608D209000068C40608E9
:10C12000DA09000054C40608E209000040C4060809
:10C13000EA0900002CC40608F209000018C4060829
:10C14000FA09000004C40608020A0000F0C3060849
:10C15000A2090000DCC30608AA090000C8C306083B
:10C16000B2090000B4C30608BA090000A0C306085B
:10C17000C20900008CC30608820A000078C30608C2
:10C180008A0A000064C30608C20A000050C30608F9
:10C19000CA0A00003CC30608D20A000028C30608E9
:10C1A000DA0A000014C30608E20A000000C3060809
:10C1B000EA0A0000ECC20608F20A0000D8C206082B
:10C1C000FA0A0000C4C20608920A0000B0C20608BB
:10C1D0009A0A00009CC20608A20A000088C206084B
:10C1E000AA0A000074C20608B20A000060C206086B
:10C1F000BA0A00004CC20608C20B000038C206088A
:10C200009A0F000024C20608A20F000010C2060800
:10C2100064990608F401020027000000001C024097
:10C22000D0C5060864990608F30101000700000064
:10C23000001C0240D0C50608649906087801040075
:10C2400043020000000C0240D0C5060864990608AD
:10C2500057010080E201000000080240E0C5060826
:10C260006499060856010040C2010000000802401F
:10C27000E0C506086499060855010020A2010000E7
:10C2800000080240E0C50608649906085401001041
:10C290008207000000080240E0C50608649906080D
:10C2A00053010008620700000008024010C606089B
:10C2B0006499060852010004420700000008024089
:10C2C00040C60608649906085F01000222070000C4
:10C2D0000008024070C60608649906085E01000165
:10C2E0000207000000080240A0C60608649906087C
:10C2F0005D018000E208000000080240D0C6060888
:10C30000649906085C014000C20600000008024073
:10C3100010C70608649906085B012000A2E20D0020
:10C320000008024040C70608649906085A01100038
:10C3300082C00D000008024050C706086499060834
:10C340005901080062A21D000008024050C70608FB
:10C35000649906085801040042821D00000802404A
:10C3600060C70608649906085101020022641D0096
:10C370000008024070C706086499060850010100D1
:10C3800002401D000008024090C706086499060894
:10C3900038010080E10900000004024090C706084F
:10C3A0006499060837010040C10B000000040240F8
:10C3B000D0C706086499060836010020A1090000CC
:10C3C0000004024020C806086499060835010010E0
:10C3D000810900000004024060C80608649906084C
:10C3E000340100044109000000040240A0C806080E
:10C3F0006499060840010002210D0000000402407B
:10C40000E0C80608649906083F010001010D00001C
:10C410000004024040C90608649906083E018000F5
:10C42000E106000000040240A0C90608649906085D
:10C430003D014000C108000000040240D0C90608C8
:10C44000649906083C012000A10800000004024095
:10C4500010CA0608649906083B011000810A000012
:10C460000004024050CA0608649906083A01080010
:10C470006108000000040240A0CA0608649906088A
:10C48000390104004104000000040240E0CA06082B
:10C49000649906083301020021260D0000040240C1
:10C4A00000CB06086499060832010100010A0D005C
:10C4B0000004024030CB060864990608E9000080B9
:10C4C000E00B00000000024080CB060864990608DB
:10C4D000E80000108007000000000240D0CB0608F2
:10C4E00064990608E70000086007000000000240A9
:10C4F00000CC060864990608E60000044005000028
:10C500000000024030CC060864990608F1000002E1
:10C51000200700000000024050CC0608649906087D
:10C52000F0000001000700000000024080CC060877
:10C5300064990608EF008000E0EA0C000000024069
:10C54000B0CC060864990608EE004000C0CA0C0092
:10C550000000024000CD060864990608ED002000A6
:10C56000A0A80C000000024050CD060864990608FF
:10C57000EC00100080860C000000024090CD060800
:10C5800064990608EB00080060681C000000024087
:10C59000C0CD060864990608EA00040040481C0063
:10C5A0000000024000CE060864990608E50002007B
:10C5B00020281C000000024040CE060864990608AE
:10C5C000E4000100000C1C000000024080CE0608C0
:10C5D0003C9606080E01000002000308000400401B
:10C5E0003C960608160100000401020000580040B5
:10C5F0003C9606081B01000006040300003C0040B6
:10C600003C96060820010000070203040048004091
:10C610003C9606081B01000006040301003C004094
:10C620003C96060820010000070203010048004074
:10C630003C9606082101000008020401004C00405D
:10C640003C9606081B01000006040302003C004063
:10C650003C96060820010000070203000048004045
:10C660003C9606082101000008020400004C00402E
:10C670003C9606080E01000002000303000400407F
:10C680003C96060813010000030008030004014063
:10C690003C9606081701000004010300005C0040FE
:10C6A0003C9606080E010000020003020004004050
:10C6B0003C96060813010000030008020004014034
:10C6C0003C960608220100000802060400140140FE
:10C6D0003C9606080E010000020003010004004021
:10C6E0003C96060813010000030008010004014005
:10C6F0003C960608190100000504020200380040BB
:10C700003C960608220100000802060100140140C0
:10C710003C9606080E0100000200030000040040E1
:10C720003C960608130100000300080000040140C5
:10C730003C96060822010000080206000014014091
:10C740003C96060820010000070203010048004053
:10C750003C9606081901000005040200003800405C
:10C760003C9606081901000005040201003800404B
:10C770003C9606081A01000005040300003C004036
:10C780003C9606081C010000070402000038004027
:10C790003C9606080C010000010001060000014063
:10C7A0003C9606081301000003000806000401403F
:10C7B0003C960608190100000504020000380040FC
:10C7C0003C9606082501000009000C0100180040F5
:10C7D0003C9606080C010000010001050000014024
:10C7E0003C96060813010000030008050004014000
:10C7F0003C960608190100000504020100380040BB
:10C800003C96060820010000070203030048004090
:10C810003C9606082501000009000C0000180040A5
:10C820003C9606080C0100000100010400000140D4
:10C830003C96060819010000050402020038004079
:10C840003C96060820010000070203020048004051
:10C850003C96060824010000090702000068004019
:10C860003C9606080C01000001000109000001408F
:10C870003C96060819010000050402030038004038
:10C880003C9606082001000007020304004800400F
:10C890003C960608240100000907020100680040D8
:10C8A0003C9606080D010000010002020000004055
:10C8B0003C960608160100000401020100580040E1
:10C8C0003C960608190100000504020200380040E9
:10C8D0003C960608200100000702030000480040C3
:10C8E0003C9606080D010000010002010000004016
:10C8F0003C9606080F0100000200040300080040F7
:10C900003C9606081201000003000B00004801409D
:10C910003C96060815010000040101000054004087
:10C920003C96060819010000050402030038004087
:10C930003C9606082301000009070100006400403E
:10C940003C9606080D0100000100020000000040B6
:10C950003C9606080D01000001000208000000409E
:10C960003C9606080F010000020004020008004087
:10C970003C9606081101000003000A000044014033
:10C980003C96060815010000040101010054004016
:10C990003C960608230100000907010100640040DD
:10C9A0003C9606080F010000020004010008004048
:10C9B0003C960608150100000401010000540040E7
:10C9C0003C9606081E01000007020101001001400C
:10C9D0003C9606080F010000020004000008004019
:10C9E0003C960608150100000401010100540040B6
:10C9F0003C9606081E0100000702010000100140DD
:10CA00003C96060824010000090702000068004067
:10CA10003C9606080E0100000200030100040040DD
:10CA20003C96060818010000050401000030014092
:10CA30003C9606081B01000006040300003C004071
:10CA40003C96060824010000090702010068004026
:10CA50003C9606080E01000002000300000400409E
:10CA60003C9606081701000004010300005C00402A
:10CA70003C96060818010000050401010030014041
:10CA80003C9606081B01000006040301003C004020
:10CA90003C9606081C010000070402030038004011
:10CAA0003C9606080D010000010002010000004054
:10CAB0003C960608160100000401020000580040E0
:10CAC0003C960608180100000504010200300140F0
:10CAD0003C9606081B01000006040302003C0040CF
:10CAE0003C9606080D010000010002030000004012
:10CAF0003C9606081D01000007040300003C0040AE
:10CB00003C9606080C0100000100010600000140EF
:10CB10003C9606080E0100000200030300040040DA
:10CB20003C960608130100000300080600040140BB
:10CB30003C9606080C0100000100010500000140C0
:10CB40003C9606080E0100000200030200040040AB
:10CB50003C9606081301000003000805000401408C
:10CB60003C9606081D01000007040300003C00403D
:10CB70003C9606082101000008020402004C004017
:10CB80003C9606080D010000010002000000004074
:10CB90003C9606080D01000001000208000000405C
:10CBA0003C9606081801000005040103003001400E
:10CBB0003C9606081B01000006040303003C0040ED
:10CBC0003C9606082101000008020403004C0040C6
:10CBD0003C9606080C01000001000108000001401D
:10CBE0003C9606081E0100000702010300100140E8
:10CBF0003C9606082301000009070100006400407C
:10CC00003C9606080C0100000100010300000140F1
:10CC10003C9606081E0100000702010200100140B8
:10CC20003C9606082301000009070101006400404A
:10CC30003C9606080C0100000100010200000140C2
:10CC40003C9606081E010000070201010010014089
:10CC50003C9606080C0100000100010100000140A3
:10CC60003C96060819010000050402020038004045
:10CC70003C9606081E01000007020100001001405A
:10CC80003C9606080C010000010001000000014074
:10CC90003C9606081701000004010301005C0040F7
:10CCA0003C9606081E010000070201040010014026
:10CCB0003C9606080C010000010001040000014040
:10CCC0003C9606080E01000002000301000400402B
:10CCD0003C9606081301000003000804000401400C
:10CCE0003C960608180100000504010000300140D0
:10CCF0003C9606082701000009000E0000200040B5
:10CD00003C9606080C0100000100010900000140EA
:10CD10003C9606080E0100000200030000040040DB
:10CD20003C960608130100000300080900040140B6
:10CD30003C9606081801000005040101003001407E
:10CD40003C9606082601000009000D00001C00406A
:10CD50003C9606080D0100000100020000000040A2
:10CD60003C9606080D01000001000208000000408A
:10CD70003C9606081301000003000804000401406B
:10CD80003C9606081801000005040102003001402D
:10CD90003C9606081801000005040103003001401C
:10CDA0003C9606081B01000006040303003C0040FB
:10CDB0003C9606081F0100000702020400440040E0
:10CDC0003C9606080D01000001000203000000402F
:10CDD0003C9606081001000002000503000C00400C
:10CDE0003C960608140100000300090100400140C0
:10CDF0003C9606081F0100000702020100440040A3
:10CE00003C9606080D0100000100020200000040EF
:10CE10003C9606081001000002000502000C0040CC
:10CE20003C96060814010000030009000040014080
:10CE30003C9606081F010000070202000044004063
:10CE40003C9606080D0100000100020100000040B0
:10CE50003C9606081001000002000501000C00408D
:10CE60003C9606081F010000070202030044004030
:10CE70003C9606082101000008020401004C004015
:10CE80003C9606080D010000010002000000004071
:10CE90003C9606080D010000010002080000004059
:10CEA0003C9606081001000002000500000C00403E
:10CEB0003C96060813010000030008080004014026
:10CEC0003C9606081F0100000702020200440040D1
:10CED0003C9606082101000008020400004C0040B6
:08CEE00084C4FE7F0100000084
:10CEE8000024F400A86F0608002C00400000000091
:10CEF8006D70792D73746D333200000000000000EE
:10CF08000000000000000000000000000000000019
:10CF180000585800E900000045000000BABAA4ED26
:0CCF2800FFFFFFFF0E0000000000803F34
:040000050802011DCF
:00000001FF
