:020000040800F2
:10000000F8FF0120190102080BFC0408F9FB0408A1
:100010000DFC040819FC040825FC0408000000007D
:1000200000000000000000000000000031FC040897
:1000300033FC040800000000351105084D110508C7
:1000400001000208B1FC0408C3FC0408C9FC040850
:100050002B76050801000208F1690508F769050813
:10006000FD690508036A0508096A0508E531050800
:10007000F531050805320508153205082532050851
:1000800035320508453205080100020861560508A9
:100090003556050845560508555605080F6A0508E2
:1000A000DDFC0408E3FC0408F5FC0408FBFC040880
:1000B00001FD040807FD04080DFD0408413805088A
:1000C0005D380508793805089538050801000208EB
:1000D000010002085DFD040863FD040869FD0408D1
:1000E000336A0508B7FC040841FC040839FD04081C
:1000F0003FFD040857FD040851FD0408553205086A
:10010000010002080100020815FD040801000208B0
:100110006FFD040875FD04082DFD040833FD040877
:1001200065320508753205088532050895320508DF
:10013000A532050801000208BDFC0408A156050807
:1001400075560508855605089556050835FC0408BA
:10015000B5320508C5320508D53205087BFD04080F
:100160000100020801000208010002080100020863
:10017000010002080100020801000208000000005E
:08018000010002080100020861
:10018800006870470B0A017043700B0C090E8370EE
:10019800C1707047036A0239023B8B4283BFC3892F
:1001A800406B01FB030000207047034600F10B0180
:1001B8000020C20102EB500213F8010B02448B42EB
:1001C800D0B2F6D1704737B50D460446E8B103689A
:1001D800D3B15A7922B9092000242C6003B030BD6C
:1001E80081885A899142F6D118680DF107020621D3
:1001F80002F0C8FA9DF8073003F00103184310F025
:10020800FF00E8D12468E8E71C460920E5E72DE966
:10021800F8430026D0F800908E75836907460C468F
:10022800002B78D0C36A01335ED1F96900234D1ED3
:10023800184615F8012F202A00F101000DD0052AD3
:1002480008BFE522092805D10B2B9FBFE6182E27EA
:1002580077720133E618013372720B28E9D1E2187C
:1002680000205072A27D002A4AD1002B3FD004F111
:10027800080308255A78581C002A4ED11B1B083B36
:1002880038E06319020A9A75D87502231D440020C4
:1002980002368046D9F81030985BA8B1B8F1000F43
:1002A80005D100F520539BB2B3F5006FF0D340F2AF
:1002B800B51140EA084043F081FFFF280CD9A5F1A9
:1002C800FE03012BDDD80025B8F1000F18BF00256B
:1002D80025440023AB75A8E70028F4D0FF2DF2D001
:1002E800631998750123D1E7B0463546D2E73F2315
:1002F800A3750123234400229A750B7B03B963720B
:10030800CB7A237201F11C00FFF73AFF2060CB8AF9
:10031800E3800B8BA380BDE8F8832E2A13460BD00D
:10032800413A192A05D80E7B03F12002354218BF3D
:100338001346437303469DE71025FAE7130A8A76A6
:10034800CB764379032B01BF120C0A75120A4A7542
:10035800704770B5C5790446CDB1826B00F13C0198
:100368000123006802F0F9F9054690B9A16BE36A28
:10037800626AE071CB1A934209D2A379022B06D1A3
:100388000A442068012304F13C0102F0E6F92846FA
:1003980070BD0125FBE7F8B50446FFF7DAFF05460F
:1003A800002842D16379032B37D1277A012F34D122
:1003B80001464FF4007204F13C0046F031FF55232A
:1003C80084F83A32AA2384F83B325223412272211C
:1003D80084F83C3084F83D30612384F83E3084F85A
:1003E800233284F83F2084F8201284F8211284F8FC
:1003F8002222A16904F50970FFF7C4FE616904F5BA
:100408000A70FFF7BFFEA26A20680132A2633B466A
:1004180004F13C0102F0A1F925720022206811467E
:1004280002F0B0F9003818BF0120F8BD38B5836B69
:100438008B4205460C4610D0FFF78BFF60B9224669
:100448002868012305F13C0102F078F900281CBF57
:100458004FF0FF340120AC6338BD0020FCE70000FA
:1004680038B50023C3714FF0FF3383630546FFF7A8
:10047800DDFF044608BBB5F83A224AF655239A42EE
:100488001DD195F83C2002F11803DBB2012B01D9EC
:10049800EB2A16D10C49032205F1720046F0E8FE5A
:1004A80048B10A49052205F18E0046F0E1FE041E16
:1004B80018BF01246400204638BD0424FBE7032448
:1004C800F9E70224F7E700BF81D8050885D80508B1
:1004D8002DE9F041437986B0044601F0FE0593B159
:1004E800062100680DF1070202F04CF99DF807306B
:1004F800D90708D41DB113F0040518BF0A252846EA
:1005080006B0BDE8F081002363710DF10702206891
:10051800052102F037F99DF80730DA0700F1EF807E
:1005280015B15B0700F1ED8000212046FFF798FF29
:10053800022803D0012832D825793DB302AA04F253
:10054800022304F24221174613F8040C10B118468E
:10055800FFF716FE1033994242F8040BF4D12679BE
:10056800002E18BF013E57F82650B5B1294620463F
:10057800FFF776FF237923B9012807D90136032E1F
:10058800F1D9042800F0BF80012804D8B4F8473016
:10059800B3F5007F05D00D25B1E70320EAE7002574
:1005A800EFE7B4F8527027B904F16000FFF7E8FDEF
:1005B800074694F84C3067625A1E012AA371EAD89C
:1005C80094F84920E281002AE5D0511E1142E2D177
:1005D800B4F84D80A4F80C8018F00F0FDBD1B4F8F4
:1005E8004F0018B904F15C00FFF7CAFDB4F84A10CF
:1005F8000029D0D007FB03FE01EB181CF44460452A
:10060800C9D3A0EB0C039342C5D3B3FBF2F33F4A23
:100618009342C0D84FF6F57293425DD840F6F5760E
:10062800B3428CBF022601269A1C29440CEB050014
:10063800032E2262A562E16260634FD1B4F866308E
:1006480058EA0303A7D104F16800FFF799FD930066
:1006580003F2FF13B7EB532F20639CD34FF0FF3304
:10066800C4E90533032E4FF0800323722BD1B4F86D
:100678006C30012B27D1691C2046FFF7D7FE10BB31
:10068800B4F83A2220724AF655239A421BD104F153
:100698003C00FFF775FD1E4B984214D104F5087015
:1006A800FFF76EFD03F1FF5303F500532033984223
:1006B80009D104F50970FFF763FDA06104F50A701C
:1006C800FFF75EFD6061134A6671138800250133E8
:1006D80013806381E56112E70326A5E7B8F1000FEF
:1006E8003FF459AF022E1CBF02EB420203F0010394
:1006F80001EB0E000CBF530003EB5203A8E70325E0
:10070800FDE60A25FBE60125F9E600BFF5FFFF0F28
:10071800525261419405002001292DE9F04706460F
:100728000C46174609D9036A8B4206D94379022B2E
:1007380040D0032B50D0012B03D002252846BDE81A
:10074800F08701EB5108C16A01EB5821FFF76EFEF3
:1007580005460028F2D106F13C0908F1010AC8F360
:10076800080814F001041CBF19F8082002F00F0251
:100778003B4618BF42EA071309F80830F16A01231B
:10078800F37101EB5A213046FFF750FE0546002869
:10079800D4D1CAF3080A2CB13F0909F80A70012319
:1007A800F371CBE719F80A30C7F3032723F00F03D7
:1007B8001F43F2E7C16A01EB1421FFF737FE054634
:1007C8000028BBD1640006F13C0304F4FF741A1935
:1007D8001F553F0A5770E2E7C16A01EBD411FFF7D2
:1007E80025FE05460028A9D1A40006F13C0304F41F
:1007F800FE741819FFF7C4FC014667F31B011819AA
:10080800FFF7C0FCCBE7F8B505460E46FFF7A1FD9C
:10081800044698B931462846FFF7BCFC4FF40072ED
:100828000746A863214605F13C0046F0F9FCEB8930
:100838009C4205D3EB891C1B18BF01242046F8BD38
:10084800286801233A1905F13C0101F086FF0028C8
:10085800F0D10134EBE703284B8B04BF8A8A43EAC3
:100868000243184670470129F8B506460C4609D9CF
:10087800036A994206D24379022B2BD0032B36D038
:10088800012B01D00120F8BD01EB5105C16A01EB34
:100898005521FFF7CBFD10B14FF0FF30F3E76F1C88
:1008A800F16AC5F30805354401EB5721304695F840
:1008B8003C50FFF7BBFD0028EED1C7F308073744CB
:1008C80097F83C3045EA0320E3074CBF0009C0F322
:1008D8000B00D8E7C16A01EB1421FFF7A7FD002838
:1008E800DAD1640004F4FF743444A08FCBE7C16A02
:1008F80001EBD411FFF79AFD0028CDD1A40006F131
:100908003C0004F4FE742044FFF73AFC20F07040E9
:10091800B9E7F8B50C46012C0646114629D90568F1
:100928002B6AA34225D92AB14FF0FF322846FFF798
:10093800F3FEE8B921463068FFF795FF27460446DD
:10094800B0B1012815D0431C15D0002239462846DD
:10095800FFF7E2FE60B92A6AAB69911E8B4205D2A5
:100968000133AB612B7A43F001032B72A242E1D829
:10097800F8BD0220FCE70120FAE72DE9F8430468F6
:1009880007460E4671BBD4F81490B9F1000F39D060
:10099800236A4B4598BF4FF00109A06958B3B14588
:1009A80034D1236A3868751C9D4228BF0225294620
:1009B800FFF759FF01281ED0431C1AD028B3D4F8DA
:1009C8001480B8F1010F21D9236A984528BFB04691
:1009D8004546236A0135AB421BD8B8F1010F17D140
:1009E800002008E02046FFF73EFF012840D9421CBE
:1009F80003D14FF0FF30BDE8F883236A8342FAD869
:100A0800B146CAE74FF00109C7E775B9C846DFE73D
:100A1800022538682946FFF726FF30B10128EAD0B9
:100A28000130E6D04545D4D1DAE74FF0FF32294608
:100A38002046FFF771FEA8B92EB12A463146204656
:100A4800FFF76AFE70B9226AA3696561023A9342A8
:100A58009CBF03F1FF33A361237A43F001032372A0
:100A68002846C8E701280CBF4FF0FF300120C2E735
:100A78000120C0E72DE9F8430369066803F120085F
:100A8800B8F5001F24BF00238361836905468946A2
:100A980013B90420BDE8F883C8F30807002F37D13D
:100AA80041690133836131B9B389B3EB581F2FD83A
:100AB8000023AB61EDE7F389013B13EA582327D103
:100AC8003046FFF7D0FE0128044601D80220E1E7AE
:100AD800421C01D10120DDE7336A834212D8B9F103
:100AE800000FE5D069692846FFF747FF0446B0B113
:100AF8000128EBD0431CEDD001463046FFF783FEBA
:100B08000028C7D16C6121463046FFF743FBA86136
:100B18003C363E44C5F81080EE610020BAE7072055
:100B2800B8E700002DE9F047FF24056807460E46A0
:100B3800A1464FF00408B96919B9B8F1000F78D087
:100B480007E02846FFF772FC804620B9F86901786B
:100B580021B94FF004080023BB616AE0C37AE52994
:100B680003F03F03BB7154D02E2952D023F020024A
:100B7800A2F1080CDCF1000242EB0C02B24248D1AF
:100B88000F2B4CD14B0642D53B69447BFB6201F0ED
:100B9800BF01437BA3423CD1428B002A39D1037861
:100BA800D5F810E0DFF8908023F040034FF00D0CEB
:100BB800013B0CFB03F34FF6FF7A4FF0010C98F85A
:100BC800009030F80990BCF1000F25D0FF2B20D8F9
:100BD8002EF81390CC46013301320D2A08F1010892
:100BE800EDD10278520607D5BCF1000F04D0FF2BD7
:100BF8000FD800222EF813204B1E5FFA83F900212C
:100C08003846FFF737FF8046002894D0A3E7894588
:100C1800BFD04FF0FF09F2E7D145DDD0F9E7B9F1D0
:100C2800000F03D1FFF7C1FAA04202D04FF0FF3303
:100C3800FB624046BDE8F08766870608F8B521F4F0
:100C4800FF1323F4FF5306460D466BBB8268046806
:100C58000161B2B96379022B01D9236B93B9A389D6
:100C6800B3EB551F20D9206BC6E90520E0B100EB96
:100C780055203C34C5F308052C44B061F4610020CC
:100C880013E01346E7891A46B5EB472F114603D2FE
:100C98002046FFF77FFAE7E73068FFF7E4FD431CDB
:100CA800024609D0012801D80220F8BD236A8342F0
:100CB800FAD9A5EB4725E7E70120F6E7F8B50F468F
:100CC800002106680446FFF7B9FF68B90546A1691F
:100CD8003046FFF7ABFB38B9E3691B78E52B00D04A
:100CE8001BB90135BD4201D1F8BD05460121204699
:100CF800FFF7C0FE0028EAD0042808BF0720F3E762
:100D0800C16A4B1C2DE9F04105680669044618D1F3
:100D1800E5274FF00108A1692846FFF787FBA0B92E
:100D2800E3691F7085F807802369B3420DD2014635
:100D38002046FFF79FFE0028EDD0042808BF0220B8
:100D480003E0FFF77BFF0028E2D0BDE8F081000058
:100D58002DE9F04F002187B0D0F800900446FFF746
:100D68006DFF0546002840F088804FF0FF38FF27C8
:100D780004F12003C4F82C80BA460193A1694846BF
:100D8800FFF754FB0546002877D1E6693378002B36
:100D980077D0F17AE52B01F03F02A27103D0090761
:100DA80057D50F2A02D0C4F82C804AE094F82B209B
:100DB80050063CD4590642D52269777BE26203F09B
:100DC800BF03727BBA423CD1728B002A39D1357885
:100DD800D9F810A005F03F050D22013D55432A4AD8
:100DE800012002F10D0B1178715A68B3FF2D28D834
:100DF8000846CDE90313059243F010FA02903AF839
:100E0800150043F00BFA029B8342DDE9043218D146
:100E18000398013501329345E5D13278520603D55E
:100E280010B13AF8152062B9013B5FFA83FA002144
:100E38002046FFF71FFE054600289FD01DE09A4573
:100E4800BFD04FF0FF0AF2E74FF6FF7C6145E1D0D3
:100E5800F7E7BAF1000F04D13046FFF7A6F9B84218
:100E68000BD094F82B5015F001059CD101990B2259
:100E7800304646F0FDF9002895D1284607B0BDE870
:100E8800F08F0425F9E700BF668706082DE9F04FC3
:100E980090F82BA01AF0A00489B0054640F0838092
:100EA80007683A6932F81430002B64D105F120063E
:100EB80096E8070005AB1AF0010F83E8070079D020
:100EC800402385F82B304FF001084FF07E0B05AA20
:100ED80007CA3346D7F810C003C323F8022BB8F16A
:100EE800050F4FEA12421A7059D9ACF10201434674
:100EF80031F8022F002A40D10DF1140C072203F01B
:100F08000F0000F130013730392988BF01461B092D
:100F18000CF8011D02F1FF32F1D102F12001694400
:100F280001F814BC05F11F0108469A4204D011F8D3
:100F380001CFBCF1200F34D1072A9CBF02F1200158
:100F4800694403F1010396BF11F8141C20210132F2
:100F5800072BC154F0D92846FFF7FAFE814628BB73
:100F680008F10108B8F1640FB1D14FF007094846FC
:100F780009B0BDE8F08F013494E7102002F0010CAD
:100F88000CEB430383F4883C13F4803F8CF0210C72
:100F980018BF634601384FEA5202EFD1A8E743462B
:100FA800AAE70133C1E74FF00609E0E70428DED1DC
:100FB80085F82BA01AF0020F1BBF0C340D23012457
:100FC800B4FBF3F418BF013421462846FFF776FE38
:100FD80081460028CBD1013C55D029692846A1EB90
:100FE8004411FFF72BFE81460028C0D13046FFF799
:100FF800DCF84FF6FF780190A9693846FFF716FA32
:1010080081460028B3D1EB69019AD7F810E05A73EA
:10101800E1B24FF00F024FF00D0CDA72DFF8A4A026
:1010280018734A1E0CFB02F29876D87684461AF892
:10103800019B404518BF3EF8120003F8090003EB76
:10104800090B0CF1010C18BF01324FEA10290028D6
:1010580008BF4046BCF10D0F8BF80190E7D1404521
:1010680002D03EF812200AB941F04001197001235C
:10107800FB7100212846FFF7FDFC814600287FF41C
:1010880076AF013CB8D1A9693846FFF7CFF9814658
:1010980000287FF46CAF01462022E86946F0C0F8CA
:1010A80003CEEB6918605960B278318819819A7259
:1010B80095F82B30EA6903F0180313730123FB71C9
:1010C80055E700BF668706082DE9F04F85B003682D
:1010D80001930B782F2B0646884601D05C2B0AD14A
:1010E800424613782F2B904602F10102F9D05C2B6F
:1010F800F7D0002301E0019BDB69B36098F800306A
:101108001F2B00F2228180230021304686F82B30E5
:1011180005B0BDE8F04FFFF791BD1F2830D8042473
:10112800012D4ED1BAF800302E2B50D100232AF8C9
:10113800153006F11F02AB422CBF20212E210133AE
:101148000B2B02F8011FF6D144F0200486F82B403F
:101158003046FFF7FDFD96F82B30002800F0E480BC
:10116800042840F00381990603F0040240F1D88076
:10117800002A00F0EA80802386F82B300020F5E072
:101188002F2813D05C2811D07F2808D8954A092326
:10119800013B04D012F8011B8842F9D1E5E0FF2D8C
:1011A80000F0E3802AF815000135D2E042461378B2
:1011B8002F2B904602F10102F9D05C2BF7D00024C6
:1011C800AEE7022D03D1BAF802302E2BAAD00AEBD3
:1011D800450306E033F8022D202A01D02E2A02D139
:1011E800013D002DF6D14FF000032AF815306A00B2
:1011F800002D00F0BA8000213AF8110020280B4693
:1012080001F10101F8D00BB92E2801D144F00304F3
:10121800524432F8021D2E2901D0013DF9D14FF078
:1012280020324FF0000972623262C6F827204FF070
:10123800080B4F463AF81300002800F0BB8020281E
:1012480003F1010304D02E2805D1AB4200F0A7809A
:1012580044F00304EEE7D94580F0A480AB4211D1F5
:10126800BBF10B0F06D1A1E0AB4203D044F003045D
:1012780000F2A080BF00FFB22B464FF00B0B4FF0DF
:101288000809D7E77F2836D944F0020240F2B511A1
:101298000393029242F092FF10F0800FDDE90223DF
:1012A80010D0514900F07F00085C38B14F4C07213D
:1012B800013960D014F801CB6045F9D142F003023E
:1012C8005F2010E0FF28F0D90BF1FF31894503D3E7
:1012D80044F00304D946ADE706EB0901040A81F896
:1012E800204009F1010906EB0901144681F82000A4
:1012F80009F101099EE72246D8E747F00207FFB245
:10130800F1E7A0073FF522AF07F0010344EA031312
:10131800DCB244F0080317F0040F18BF1C4615E7A9
:10132800002A08BF052021E05A071FD4B379DB063D
:101338001FD5019B03F13C013369C3F3080319442A
:10134800019B5879FFF787FAB0603368D3F810A08B
:10135800002518F8010B00283FF4E1AE40F2B51162
:1013680042F048FF00287FF4D8AE062005B0BDE85B
:10137800F08F0520FAE7A0F1410189B21929BCD9FB
:10138800A0F1610447F00101A4B2C9B2192C98BFB9
:101398000F46A0F1200189B298BF0846A3E7D945B6
:1013A800FFF45EAFBBF10B0F7FF45EAF44F00304B4
:1013B8004FF00B0B96F82030E52B04BF052386F879
:1013C8002030BB00DBB2BBF1080F08BF1F4607F097
:1013D8000C030C2B03D007F00303032B91D144F02B
:1013E8000204B3E68BD80508E686060894D80508F3
:1013F80000214171FFF76CB82DE9F0430546ADF5C2
:101408000D7D0C4691469846002900F0C38003F0F4
:101418003F073946FFF75CF8002840F0B3800CAB73
:101428002B61494668460095FFF74EFE6E46024618
:1014380020B99DF92B308342B8BF062218F01C0F43
:1014480000F08480002A42D0042A40F08980304687
:10145800FFF71CFD0246002840F0828047F008078D
:10146800D6F81C9068794946FFF7F5F9804656F09A
:10147800D1FA014609F10E00FEF784FEF369202235
:10148800DA72F16900222846FEF758FFF369002254
:101498001A775A779A77DA770123EB71B8F1000F48
:1014A80012D041463046D5F83890FFF732FA024656
:1014B800002855D149462846FEF7B8FF08F1FF3302
:1014C8006B61024600284BD147F040070AE0B37928
:1014D80003F01103002B42D118F0040F54D118F077
:1014E800080FBDD1AB6BF169236261626879FFF7C0
:1014F800B2F9A060034601F11C00FEF741FE6A89BB
:10150800A28000226274E261626117F0200206463E
:10151800E0602560277414D000283DD0EF89606111
:101528007F02B7421FD30022A361CAB9C6F30801DC
:1015380039B119462846FEF72DFE48B300EB562070
:10154800E06110460DF50D7DBDE8F08342B9B37931
:10155800D8061BD418F0020FC4D0D907C2D5072269
:1015680000232360EDE719462068FFF77CF901287E
:101578000346A6EB070603D9421CD2D10122D3E7C2
:101588000222D1E70246EBE70822E9E70422E7E76F
:101598000222E5E70922D4E70246D2E72DE9F04F17
:1015A8009B4685B000238946CBF8003003A9044642
:1015B8001546FEF708FE002840F0838094F8118055
:1015C800B8F1000F1FD194F810A01AF0010300938E
:1015D8007AD0E7686369FF1AAF4228BF2F4697B1F0
:1015E8006269039EC2F30803002B52D1F389013BC1
:1015F80013EA522A18D152B9A06801280CD84FF022
:10160800020884F81180404605B0BDE8F08FA16952
:101618002068FFF728F9F0E7431C04D10123DDF81F
:1016280000806374EFE7A061A1693046FEF7B2FD60
:101638000028E4D07D0A0AEB000229D0F189019242
:101648000AEB0500884288BFA1EB0A0530682B46E3
:10165800494601F073F80028E0D1F37963B1B06B23
:10166800019A801AA84207D24FF4007206F13C0191
:1016780009EB402045F08AFD6D02DBF800302B4471
:10168800CBF8003063692B447F1BA9446361A6E74C
:10169800E261E16965693046FEF7C8FE0028BDD100
:1016A800C5F30805C5F500756169BD4228BF3D460B
:1016B8003C36C1F308012A463144484645F066FDE8
:1016C800DBE74FF009089EE74FF007089BE72DE995
:1016D800F04F9A4685B000238946CAF8003003A91E
:1016E80004469046FEF76FFD002840F0A780677C0F
:1016F8004FBB237C9A0740F1A380636913EB080F63
:1017080001D36FEA0308B8F1000F04D1237C43F03A
:101718004003237417E06369039EC3F30802002A99
:1017280070D1F589013D15EA53251AD17BB9A16815
:1017380029B92046FFF721F901460028E6D00129FA
:1017480007D102276774384605B0BDE8F08FA16954
:10175800EFE74B1C01D10127F4E7A368A16103B9A6
:10176800A160B26BE3699A4204D13046FEF7F1FDFD
:101778000028F0D1A1693046FEF70CFD0028E0D022
:101788005FEA582305EB000B2FD0F189E81888424F
:1017980088BF4B1B306801935A46494600F0DDFF6D
:1017A80005460028D7D1B16B019BA1EB0B019942EB
:1017B80009D24FF4007209EB412106F13C0045F0D3
:1017C800E5FC019BF5715D02DAF800302B44CAF89C
:1017D80000306369A8EB0508A9441D44E368656106
:1017E800AB422CBFE360E5608DE76169E36899422D
:1017F80006D33046FEF7ADFD0028ACD1C6F838B0A8
:10180800C4F81CB0E16965693046FEF70FFE002890
:10181800A1D1C5F30805C5F5007563694545C3F34E
:10182800080328BF454606F13C0018442A464946A5
:1018380045F0ACFC4FF00103F371C5E7092782E7D7
:10184800072780E72DE9F34101A90546FEF7BBFC10
:1018580088BB2C7C14F0400429D056F0DBF8019F9B
:10186800296A80463846FEF7E1FD0446F8B96E6AF3
:10187800F37A43F02003F372AA6828683146FEF72A
:101888005DFDE96806F11C00FEF77CFC414606F1A7
:101898001600FEF777FC0123B474F4743846FB7124
:1018A800FEF779FD2B7C23F0400304462B74204679
:1018B80002B0BDE8F0810924F9E713B50446FFF743
:1018C800C1FF28B901A92046FEF77DFC10B92060A8
:1018D80002B010BD0920FBE7F0B50F46ADF50D7D50
:1018E80000210646FEF7F4FD044670B90CAB3361DF
:1018F800394668460096FFF7E7FB044698B99DF914
:101908002B30834205DA029BF36120460DF50D7DED
:10191800F0BD9DF80630DB0609D507997079FEF70A
:101928009AFFF061F1E7042808BF0524EDE70524D4
:10193800EBE72DE9F04F0D460021ADF5557D2970F7
:1019480007469046FEF7C4FD064600285ED154AA15
:10195800D7F81C9002973A614446B9F1000F16D1A6
:10196800444502D1013C2F232B552B46611B1A5DA0
:1019780003F8012B5A184245F9D308F1FF331B1B12
:101988000134A04538BF002301351D443EE0019BCA
:10199800CDF81090202102A80993FFF74FF90028ED
:1019A80061D1099B089901933846FEF73FFD8246AD
:1019B800002856D101997879FEF74DFF51460490D9
:1019C80002A8FFF73BF900284DD104980999049023
:1019D800099102A80021FFF7A5F8824688B9099B5A
:1019E800787901931946FEF736FF484515D05146D8
:1019F80002A8FFF73FF8824609990498BAF1000F48
:101A0800E5D0BAF1040F14BF56460226002330462B
:101A18002B700DF5557DBDE8F08F02A80EA9DDF8F5
:101A28001090FEF7F4FB0DF14D00524610F8013FFF
:101A380011460132002BF9D1944216D328190A46CF
:101A480032B9621E541A2A44521A2F21117084E79F
:101A5800013A0EAB03EB020C9CF816C000F801CD5E
:101A6800EEE70646D2E70646D0E71126CEE72DE98F
:101A7800F7430D4601A90446FEF7A5FB00287FD1D0
:101A8800667C002E51D1E368AB4204D2227C12F06E
:101A9800020F08BF1D46002263696261ADB1DDF81F
:101AA8000490B9F80E804FEA482803B3013B6A1E38
:101AB800B3FBF8F1B2FBF8F28A4218D3C8F1000779
:101AC8001F406761EF1BA569B5B9E2686369934276
:101AD80082BF227CE36042F04002C3F3080388BF60
:101AE800227413B3E369AB421FD0E5611DE0A1681E
:101AF800A1B12F46A1610D462946474522D83A464D
:101B08006369C2F3080513446361002DDDD04846BC
:101B1800FEF740FB38B100EB5225D6E72046FEF72A
:101B28002CFF012805D102266674304603B0BDE8B3
:101B3800F083411C01D10126F6E72F46A060A06181
:101B48000546C1E7636943446361237C9A0706D568
:101B58002046FEF712FF024628B90146D0E7206862
:101B6800FEF781FE0246531CE5D0012ADBD9D9F8DD
:101B780020309342D7D9A7EB0807A2611146BCE7EA
:101B88000926D2E770B50546ADF5007D0C46164628
:101B980049B30021FEF79CFCD0B925603146C5F851
:101BA80010D02046FFF790FAB8B994F92B30834249
:101BB80007DBA379DB0614D56879E169FEF74BFEEC
:101BC800A0606B89A38000212046FFF737F808B191
:101BD800002323600DF5007D70BD042808BF052093
:101BE800F6E70520F4E70920F4E713B501A9044650
:101BF800FEF7E9FA00B9206002B010BD70B5ADF586
:101C0800027D0D4601A90446FEF7DDFA00BB3DB989
:101C1800294620460DF5027DBDE87040FFF70EB855
:101C2800019B02AA01461A612046FEF77BFF10F0CD
:101C3800FB060AD129462046FEF7E9FA3146204636
:101C4800FEF718FF042808BF00200DF5027D70BDBF
:101C58000920FAE72DE9F0418846ADF50C7D002111
:101C680007461646FEF734FC0097044680B90CABCD
:101C78003B6141466846FFF727FA044640B99DF99B
:101C88002B30834209DB1EB131466846FEF7BFFAA6
:101C980020460DF50C7DBDE8F0810624F8E72DE916
:101CA800F047884600210446FEF712FC054640B975
:101CB800D4F82090A369A9F10202934204D8C8F885
:101CC80000302846BDE8F0876379012B17D1022739
:101CD800064639462046FEF7C6FD431C34D0012887
:101CE80034D000B90136236A0137BB42F1D8C8F8AD
:101CF8000060237AA66143F001032372E1E7D4F878
:101D08002CA00746064637B951462046FEF78EFBFB
:101D1800F0B90AF1010A627907F13C03022A04EBDF
:101D2800030009D1E35A03B901360237B9F10109B1
:101D3800C7F30807E7D1DAE7FEF722FA30F0704375
:101D480008BF01360437F1E70125D0E70225CEE7C1
:101D58000546CCE72DE9F0410F46ADF5187D022187
:101D68000546FEF7B5FB0446A8B918AB8DF82B005D
:101D78002B61394668460095FFF7A6F9044650B925
:101D88009DF82B3013F0A00F3DD19DF8068018F078
:101D9800010F05D0072420460DF5187DBDE8F08118
:101DA80007996879FEF757FD18F0100F07460BD111
:101DB8006846FEF7A5FF04460028ECD1D7B92846A7
:101DC800FEF7E9FA0446E6E7EB698342E2D00E90B3
:101DD80021460CA80C95FEF731FF04460028DAD1FD
:101DE80001460CA8FEF79EFE04460028D2D004281F
:101DF800D1D1DDE7024639466846FEF78AFD04463A
:101E08000028C8D1DBE70624C5E72DE9F0470F46CF
:101E1800ADF5107D02210546FEF75AFB0446002861
:101E28006CD110AB2B61394604A80495FFF74CF927
:101E38000446002871D0042860D19DF83B1011F0A9
:101E480020016CD168460095FEF797FD07460028EB
:101E580059D0012859D0431C5C425C4155F0DAFD49
:101E68008146002C53D139462846FEF7CCFC04465F
:101E780000284CD14FF02033C5F83D30C5F841302B
:101E8800A5F845302E2385F83C30102385F84730D7
:101E9800494605F15200FEF775F93A4605F13C014D
:101EA8002846FEF74BFA05F15C031A4651F8040B75
:101EB80042F8040B9942F9D12E23069A85F85D3031
:101EC80028464FF0010AFEF739FA85F807A004A85A
:101ED800FEF7DCFF0446D0B90B9849461630FEF7EA
:101EE80051F93A460B992846FEF728FA0B9B10221F
:101EF800DA7285F807A0FEF74EFA044620460DF57B
:101F0800107DBDE8F0870724A8E70224A6E7002291
:101F180039466846FEF7FDFCF0E70824EEE706249C
:101F2800ECE72DE9F0430E46ADF5217D022104468C
:101F38009146FEF7CDFA002837D120AB0A902361ED
:101F4800314608A80894FFF7BFF870BB9DF84B30DE
:101F580013F0A00F7CD10F9EDDF8288033466F4622
:101F680006F1200C186859683A4603C208336345DD
:101F78001746F7D10DF1200EBEE80F00F77A14AE20
:101F8800B446ACE80F00BEE80F00ACE80F009EE8CE
:101F98000F008CE80F0049463046FFF795F80028F7
:101FA80053D1B368434504D008200DF5217DBDE821
:101FB800F08332690C9B9A42F6D13046FEF766FFF1
:101FC8000028F2D1F1690DF10D0301F10D020DF1B7
:101FD8001D0053F804CB42F804CB8342F9D118888A
:101FE80010809B78937047F0200317F0100FDBB236
:101FF80008BF1F46CF720127E771CB7ADB061BD5D6
:10200800B368434518D06079FEF725FC01462046A1
:10201800FEF7C0F80146E8B12046FEF707FA0028A7
:10202800C3D194F85D302E2B06D1B26804F15C015F
:102038002046FEF783F9E77108A8FEF761FE00283D
:10204800B3D12046FEF7A7F9AFE70428ADD1B4E72E
:102058000620AAE70220A8E7F0B50F4693B00221B0
:102068000546FEF735FA60BB4FF02033CDE9003363
:10207800013FCDF80730044617F8010F1F2813D881
:102088009DF80030E52B1BD024B1631E1DF80320FA
:10209800202A25D0002106A806950891FEF7CEFD36
:1020A8000746F8B138460CE040F2B51142F0A2F804
:1020B80030B142F0B3F840F2B51142F07FF810B9F0
:1020C800062013B0F0BD254B1A7822B1904203F1D7
:1020D8000103F9D1F4E7FF2830D80B2C37D1EFE70B
:1020E8001C46D1E7012106A8FEF71CFD90B90D9A00
:1020F80044B16B4603CB1060516019889B7893728A
:10210800118101E0E52313700123EB712846FEF7E6
:1021180042F9D6E70428D4D1002CC3D0012106A85F
:10212800FEF7CCFD0028CCD1202201460D9845F0C1
:1021380077F80D9B0822DA720D9ADAE7092CBFD8D6
:1021480004F148036B44020A03F8482C013404F1F3
:1021580048036B44013403F8480C8DE7D48606081D
:102168002DE9F04FD0F800908DB01C460023437144
:10217800039103790293164605210DF1270248467B
:10218800169D00F0FFFA9DF82730DA0700F18981E3
:102198005F0700F188810AAA0321484600F0F2FA95
:1021A80030B90A9A531EB3F5004F01D21A4201D032
:1021B80001230A935EB19B4BA6F500729A4202D89E
:1021C800731E334203D013200DB0BDE8F08F14B155
:1021D8006B0A059301D11120F6E7029B002B00F052
:1021E8008B80012300222146484600F0A7FA08B157
:1021F8000120E9E7B4F8FE214AF655239A4279D13D
:10220800029B04EB031202F5D77392F8B221002A5D
:1022180070D003F10800FDF7B3FF804603F10C000E
:10222800FDF7AEFF8346BBF1150FCDF82CB061D991
:10223800B6F5813F4FEA5622C5D2039B13F002033D
:102248000693039B6ED003F00703022B04D0039B75
:1022580003F00103002B68D1002A40F03381724B50
:102268004FEA5B450122188808B1A8427FD90023AC
:102278006E4EBBFBF2F5A5F57F40F638B04239D873
:10228800AD0005F2072516461A46002301936D0A8C
:10229800202303270198DDF828E008EB030A05EB63
:1022A800000CD4440EF1FF306044CEF1000E00EA79
:1022B8000E00A0EB0C00032F06BF1B1882442D183C
:1022C800C8EB06106044584514D80198ABEB0000E1
:1022D800C01A032FA0EB0500B0FBF6F004904ED116
:1022E80004994FF6F570814200F2F58012B9720830
:1022F80040F0E8800E2067E70BAA0121484600F06D
:1023080041FA00287FF474AF039A0B9B100706D498
:102318003E2BEFD94FF03F08A3EB080B83E7DDF81E
:102328000880F9E7D9077FF54EAF32BB404B4FEA3B
:102338001B350126188808B1A8421BD940F6F57349
:10234800BBFBF6F59D429BBF05EB45050135023504
:102358006D088CBF6D0003354FF0200305F2FF15A3
:1023680001938CBF022701276D0A012392E70233EC
:10237800520078E702337600DCE71646DEE7022FE4
:1023880040F0A28004994FF6F570814208D9002ADE
:1023980040F094807600402E00F287803246C4E7F1
:1023A800049940F6F570814200F29580002AA1D187
:1023B8007200802AB9D99DE7594604F12000FDF73B
:1023C800E1FEB0E055F026FB014604F12700FDF7D9
:1023D800D9FE2B0AE375802384F82430292384F856
:1023E8002630144BA57504F12B0203F1100153F8A4
:1023F800040B42F8040B8B42F9D1D3E0F823237085
:10240800FF236370A370E37023716371A371E37199
:1024180023726372A3720F23E37229E10C2562E130
:10242800062560E100FEFF00C6860608FFFFFE0FD6
:10243800B8860608BBD80508039B1B0700F16E8108
:1024480002994FF40072204644F0EAFE552384F8BE
:10245800C2510B9D84F8FE31AA2384F8FF3105EBA5
:10246800080243F6C163B2FBF3F2FE2384F8C331DA
:10247800930843F03F03012684F8C43184F8C5214A
:10248800414604F5E37084F8BF6184F8C061FDF744
:1024980079FE294604F5E570FDF774FE029A334685
:1024A80035E1032090E60A208EE6069B002B7FF498
:1024B800D6AE802E3FF61EAF32463FE7069B002B76
:1024C8003FF418AF1346D3E6049940F6F5729142EB
:1024D8003FF610AF01274FF4007200212046069303
:1024E80044F09EFE069B924AA3731B0A1168E3738D
:1024F80001232160237451686160FB1E1189927A5F
:10250800A27218BF012302225B00BBF5803F218124
:1025180022736673A374BFF44FAF84F813B04FEA05
:102528001B2B84F814B0F82363753F232376FF230D
:10253800A376414604F11C00FDF724FE032F7FF427
:1025480041AF55F067FA014604F14300FDF71AFE62
:10255800294604F12400FDF715FE022384F82C30E7
:10256800002384F82D3084F82E3084F82F3084F836
:10257800313084F83330802384F840302923012215
:1025880084F842306B4B84F83020062284F83220DD
:1025980003F1100104F1470253F8040B42F8040B4D
:1025A8008B42F9D119889B7893704FF0AA0B4FF0A2
:1025B80055031180484684F8FE3184F8FFB10123A1
:1025C8004246214600F0C9F8069000287FF410AE74
:1025D800059B032F4FEA4323079339D1012308F1C1
:1025E80006022146484600F0B8F806994FF40072F2
:1025F800204644F015FE5223237063706123A370B4
:1026080084F8E731049B41227221E27084F8E411D6
:1026180084F8E51184F8E621591E04F5F470FDF7F5
:10262800B1FD022384F8EC314FF0550384F8FE31F4
:1026380008F107020123214684F8FFB1484600F05B
:102648008CF8012308EB03022146484600F085F880
:10265800079A0021204644F0E3FD032F3FF4CEAE55
:10266800012F3549204618BF6FF00701FDF78AFD95
:10267800059BAB4228BF2B462146524648469B46FF
:1026880000F06BF8014600287FF4B2AD4FF40072F9
:10269800204644F0C5FDB5EB0B05DA44E8D1019BB3
:1026A800032F08BF33460193019D059B9D4228BF18
:1026B8001D462B4652462146484600F04EF8002853
:1026C8007FF496AD019B5B1BAA440193ECD1032FC9
:1026D8003FF4A4AE0B9BB3F5803FBFF4A1AE022F2D
:1026E80014BF01250425029B002B3FF4A5AE002250
:1026F80001232146484600F021F8024600287FF4CD
:1027080077AD029B04EB031383F8B25101232146F2
:10271800484600F022F800287FF46AAD00221146EE
:10272800484600F02FF8003818BF01204CE500BFDC
:102738009BD80508A7D80508F8FFFF0010B50C4678
:1027480011461A4638B12346043041F0ADF9003835
:1027580018BF012010BD0420FCE710B50C46114637
:102768001A4650B12346043041F0B6F910F11E0F55
:1027780005D0003818BF012010BD0420FCE7022056
:10278800FAE7000070B506460C46154610B9042451
:10279800204670BD294A01F00703D15C002935D0D5
:1027A8000022043041F0B6F9062CF0D801A353F802
:1027B80024F000BF99270008DB270008E527000858
:1027C800F527000897270008FB270008FB270008C3
:1027D80006202BF05FFB28600024D9E7062829D0C3
:1027E8002BF058FB80B22880B060F5E701232B60FE
:1027F800F2E7062801D0400806D1336AB3FA83F31A
:102808005B099B002B70E7E70123FBE7062CBED88A
:1028180001A353F824F000BF99270008D92700081E
:102828003D280008F5270008972700080328000816
:10283800032800084FF40070D5E700BFC4850608D8
:10284800022970B5044615461E4613D15368012B5C
:102858000AD0022B0CD01BB91168201DFFF707F90D
:10286800A3692B60002070BD81692B681944F4E7C7
:102878000169FAE701290AD10430FEF7E3FF0028CD
:10288800F0D0084B1B5C33604FF0FF30EBE70429B6
:1028980006D14368002BE5D00430FFF70EF8EEE7C9
:1028A8001623F0E7A486060837B51D46043001ABA9
:1028B8001446FEF70CFF38B1064B1B5C2B604FF03B
:1028C800FF34204603B030BD019BA342F9D01C233E
:1028D800F4E700BFA486060813B51C46043001AB14
:1028E800FEF75CFE30B1044B1B5C23604FF0FF30F9
:1028F80002B010BD0198FBE7A486060870B505462E
:1029080008460C462BF0D8F92346024602492846C9
:10291800BDE8704001F016B976D80508F8B5064646
:1029280010460F4631F0DEFD002401382A4909E03F
:10293800782B07D8712B21D8612B3CD0622B40D043
:102948002B2B3BD010F8013F002BF1D12C202BF082
:10295800A0F90546384631F0C5FD2F1D0246E3B201
:1029680006F144003946FEF747FD064658B32846A7
:102978001DF0A2FC194B985D2AF0AEFB723B062BAA
:10298800E0D801A252F823F0AD2900084D2900082B
:10299800352900084D2900084D290008B3290008E9
:1029A800B929000844F00104CCE744F00A04C9E757
:1029B80044F00604C6E744F01204C3E744F00304F5
:1029C800C0E70749BEE7E30603D529693846FFF79C
:1029D8004EF82846F8BD00BFD4850608A486060828
:1029E800048606082DE9F04FDDF824E0DDE90B74D4
:1029F800DDE90D5658B1884209D3710747BF0EF17A
:102A0800010E013401350A2158BFB0FBF1F016F070
:102A1800020C38D0002D36D00ADB0A998D4232DA02
:102A28002C44A64502DC0EF1FF37E71B00252AE0FF
:102A3800291D28DB69424FF000084FF00A0AB0FB55
:102A4800FAF90AFB19041CB108EB0504414604E035
:102A580008F1010888454846F1D1AEEB010E091B83
:102A68001C464FF0300804F8028B4FF02E0983F80B
:102A780001904D1E2346002D32DC002918BF013974
:102A880063180025FF240EF1FF3841464FF00A096C
:102A9800002929DA611C714535DBFE2CD4BF0021E1
:102AA800012173443FB1A4EB0804E71B2E204FF02B
:102AB800300EA7422CD1BCF1000F09D041B1194604
:102AC8000B4611F8010D3028FAD02E2808BF0B4606
:102AD80035BBF00726D400211970981ABDE8F08F8D
:102AE80003F8018B013DC6E78C42B4BF01F1010B2D
:102AF8008B46B0FBF9FA09FB1A00303003F80B00DB
:102B080001395046C4E701332E2119550121C8E780
:102B180014B903F8010B012103F801EB013CC8E7E4
:102B28007107D8D4002DBABF6D422D212B2106F094
:102B38002004632D597044F04504C8BF64211C70FB
:102B48004FF00A00C9BFB5FBF1F19C1CDC1C303109
:102B5800C8BF9970B5FBF0F62346B6FBF0F100FB51
:102B68001161303103F8021B00FB165130316170DE
:102B7800B1E700002DE9F04F2DED028B884610EEED
:102B8800101A97B000291C46B0EE408A9DF888308C
:102B98000E902ADAB4EE400AF1EE10FA25D6B1EE1C
:102BA800408A2D230E9F07F8013B08F1FF389FED5F
:102BB8007D7AF0EEC87AF4EE477AF1EE10FA02F078
:102BC800200316DD43F0490443F04E00FA1C43F09D
:102BD8004601002378703C70B97013700E9BD01AB0
:102BE80017B0BDEC028BBDE8F08F002BDAD10E9F39
:102BF800DDE7B4EE488AF1EE10FA06D743F04E014D
:102C080043F04100FA1C0C46E3E742F02002662A32
:102C18004ED143F0040B002CA8F103064FDA06242A
:102C2800A642D4BF0C960C9418EE103A002B0993C8
:102C380053D0C3F3C7537F3B07EE903A9FED5A7AC0
:102C4800F8EEE77A18EE103A67EE877AB3F17E5F0E
:102C5800FDEEE77A38BF4FF0000917EE905A28BF0B
:102C68004FF0010909EB0500B7EE000A00F01AFA67
:102C7800099BB3F17E5F2CBF4FF0010A4FF0FF3A7A
:102C8800B4EEC80AF1EE10FA94BF012300234B45B5
:102C98001BD01BF0040F4CD0002D20DD631902332C
:102CA80098451CDA8BF0040343F0020B013444E02E
:102CB800672A0CBF43F0020B43F0010BABE7632C10
:102CC800AED110230C930924AEE7554405EB090057
:102CD800B7EE000A00F0E6F9D2E7099DD9E7A8F1B6
:102CE8000202A242D4BF33462346002D1EDA022B2D
:102CF80015DDAA1C17DA6E429E42A8BF1E46023E88
:102D08009C1B092C0DDD1BF00403A4F10902079399
:102D18004FF009041CD004230793032319E05C1C1B
:102D280000260022F7E75C1C0026EAE76C1C1C441E
:102D3800FAE71BF0020FB9D034B1092C4FF00006A6
:102D4800E1DC3246079603E0264622460794012432
:102D58000723062CA146A8EB0408A8BF4FF00609D4
:102D6800A8EB0308A9EB0503013B0D939045D4BFDD
:102D780004EB0803A3181193119BA3EB09030F930A
:102D8800099B002B00F0C280079B002B00F0BA8043
:102D9800002D80F2B4804EB909F1FF3008963B4609
:102DA80013E000BFFFFF7F7F9B209A3E3B46302108
:102DB80003F8021B2E227A701846324644F030FA85
:102DC800FF228319089209EB06000A214FF0010C33
:102DD8000A91E14500F39F80B9F1060F02DD012851
:102DE80000F3A0804FF00108B0EE480A0B9300F002
:102DF80059F9F6EE007A30EE270A0A99BCEEC00AB5
:102E08003A4610EE103A08FB03F8089B03930F9B11
:102E180002930C9BCDE9045BCDE9009340460B9BE4
:102E28001093FFF7DFFD15AA01460B90384600F016
:102E380067F9DDED157A0B9977EEC87A17EE903AB7
:102E4800002B58D0B9F1060FC4BFA9F1060202EB56
:102E580042024FF0010AC8BF0AFA02FA0C22109B7C
:102E6800CDF82C80F0EE678A109217EE902A002A8F
:102E7800089A03920F9A02920C9A0A991393B4BF74
:102E8800D044A8EB0A08CDE90092CDE9045B3A46A4
:102E98004046FFF7A7FD15AA01461290384600F0F4
:102EA8002FF9DDED157A129977EEC87A17EE903A78
:102EB8000BB3B0EEE77AF0EEE86A37EE667A139B6A
:102EC80017EE102A002A3ADB4FF00A0CB8FBFCF088
:102ED8000CFB108002430B9A08BF42460B9208BFB6
:102EE800F0EE678ABAF1010F2ED0109A013A4FEA34
:102EF8005A0A1092B9D10E9B3944C81A70E60D9837
:102F080008954CE7079B0D98089348E7099A08929B
:102F18003B46104659E70A990A2251430A910CF197
:102F2800010C56E7B9F1070F05D0022803D0023883
:102F38004FF0640858E701384FF00A0854E7CDF815
:102F48002C80F0EE678ACDE7A14505DA0D9B0133A9
:102F58000D9309F101090FE70B9A9045CBD0089A18
:102F680003920F9A02920C9ADDE90A10CDE90092B9
:102F7800CDE9045B3A46FFF735FD0146BBE700BFE4
:102F880008B5044631B1054B4A6B03600968002354
:102F98002DF010F920461DF03FF900BF501E06081D
:102FA8002DE9FF411F460192002A39D146180446EF
:102FB800B442254640D214F8010B1EF0A3FA80460D
:102FC8000028F5D12B782B2B30D12546711B2846AC
:102FD80001AA28F0CEFB019B054428460024B042F4
:102FE80002462CD3B8F1000F00D06442640044F0CC
:102FF8000104AA4209D01546B5422B463DD218789D
:1030080001351EF07FFA0028F6D1019A224923489B
:10301800012A08BF00222DF081F83946FFF7B0FFDA
:10302800023A222AC2D91E4829F032FE2D2B04BFAB
:1030380025464FF00108C9E74FF00008C6E790F8A9
:1030480000C0ACF1300109290AD9BCF15F0F12D0D8
:103058004CF02001A1F1610CBCF1190FC2D857390D
:103068008B42BFD983FB0442B2EBE47F0AD10C4404
:1030780094EA440206D40130B1E7C6D1204604B030
:10308800BDE8F0814246711B03A803952EF017FA9C
:10309800039A0446ADE700BFE3C00508C01D060853
:1030A800CEC0050808B52DED028BD0B1B5EE400AAB
:1030B800F1EE10FA15D010EE103A00EBD35262F38D
:1030C800DE5310F10B0F08EE103A0DD9434200EE13
:1030D800903AB1EE040AF8EEE00A42F047FD88EEB5
:1030E800000ABDEC028B08BD07EE900AB1EE040A97
:1030F800F8EEE70A42F03AFD20EE080AF1E7000090
:1031080000232DE9F0470144904607461A461C461D
:1031180018461D469A461E468F4260D2BC461CF889
:1031280001EBAEF13009B9F1090F3FD8022E09D1F0
:10313800DFF8E8E00A2707FB00977045D8BF384654
:103148006746E9E7B9F1000F14D0334FBD4211D8F3
:103158004FF00A0EA4B914460A22C4B9BD4222D8B7
:10316800012E4FF00A0208BF03F1FF3302FB059559
:103178000022E5E70EB90134E2E701320126DFE774
:10318800BD4294BF0EFB05F50133013CE2E703F1B4
:10319800FF3EBD4298BF734605FB02FEBD4298BF85
:1031A8007546013CD9E78EBB0133E1E796B9BEF11C
:1031B8002E0FE3D04EF02009B9F1650F0CD161450F
:1031C80004D97E782B2E1AD107F1020C8C4521D018
:1031D8000226B5E7022EEDD1BEF15F0FB0D0BAF1ED
:1031E800000F15D107EE905A1C44B8EE670A204428
:1031F800FFF758FF88ED000A3846BDE8F0872D2E06
:10320800E6D107F1020C4FF0010ADFE72246B5E7E5
:103218004042E7E70027EFE7979999196466660641
:103228002DE9F04F2DED048B83B09FED658ADDF815
:1032380040809FED649A054691461F4646184FF018
:10324800000AF0EE488AF7EE009ACDED018AB54201
:103258002C4674D215F8010B1EF054F98346002849
:10326800F5D123782B2B64D12C46A31C9E4279D907
:10327800237843F02003692B64D1637843F020035B
:103288006E2B6FD1A37843F02003662B6AD14FF0E1
:10329800FF420192E21D964204F103001AD9E27836
:1032A80042F02002692A15D1227942F020026E2AC2
:1032B80010D1627942F02002692A0BD1A27942F03A
:1032C8002002742A06D1E27942F02002792A01D13B
:1032D80004F10800B9F1000F0DD0B0420BD202780A
:1032E80042F020026A2A06D1844208BFCDED019A35
:1032F80001304AF0020ABBF1000F05D0DDED017A7A
:10330800F1EE677ACDED017A844232D00446B442B8
:10331800254635D2287801341EF0F4F80028F6D175
:103328003FB3BAF1000F24D19DED018A4FF0010A95
:103338008BE72D2B04BF2C464FF0010B95E74FF080
:10334800000B92E76E2B0DD1637843F02003612BBD
:1033580008D1A37843F020036E2B03D1E01C8DED38
:10336800019AB7E701AA311B2046FFF7C9FE0028DA
:10337800B0D1154915482CF03BFE4146FFF700FE39
:10338800CED1BAF1010FF4D09DED010ABAF1000FC8
:103398000AD0F0EE400AB0EE480A03B0BDEC048B48
:1033A800BDE8F04F2BF0CCBD17B1DFED050AF4E70F
:1033B80003B0BDEC048BBDE8F04F2CF0EDBF00BFAF
:1033C800000000000000C07FEFC00508C01D06080F
:1033D8000846114644F0B0BE70B5054608460E468C
:1033E80043F05CFF044620B102466B68286831460A
:1033F8009847204670BD00002DE9F74F01919DF8D0
:10340800301091460D9A11F0DF0F8046A2EB0904A7
:103418005CD030295DD1C3F3472100295CD05F29F6
:103428000CBF0526042692FBF6F106FB11210CBF02
:103438002D4F2E4F002902F1010108BF0A4604F161
:10344800010008BF0446711E92FBF6F006FB10222D
:103458008A1A174413F0200240D004EBD473A4EB6B
:1034680063055C10002C3DDDA3465E45B246A8BF4F
:10347800DA46D8F80430D8F8000052463946ABEBA3
:103488000A0B9847BBF1000FEFDCB9F1000F07D02A
:10349800D8F804300199D8F800004A4698474C44B7
:1034A800002D0FDD2C44AE42B146A8BFA946D8F87E
:1034B8000430D8F800004A463946A5EB0905984774
:1034C800002DF0DC204603B0BDE8F08F084F102631
:1034D800C0E70CAF0126BDE7064FF8E713F001057A
:1034E800C0D025460024D0E7200D0608250D060883
:1034F8002B0D0608140D06082DE9F04F93B08146F0
:10350800C807DDE91E871C9D9DF874A00C469346EC
:103518001E460BD4A10703D121687B4B994205D0E5
:1035280020462AF0B7FC440044F0010415F0210FAE
:1035380008D1B8454346B8BF3B46BAF1300F04BF7F
:103548009846002720462DF0C7FE00280EDA0AAB61
:103558002807F6B222D5BBF1020F13D11946302045
:1035680001F8020B701C58700B4617E0AA0705D526
:103578002B238DF828300DF12903E9E76B07E6D5F1
:103588002023F6E7BBF1080F5CD13021197029061A
:1035980045BF06F10E0159700133023300210AAA12
:1035A8000EA81970012FA3EB02030B904FF0100027
:1035B8000693C5F34723C8BF054315F01002CDE9AC
:1035C8000C01CDE902638DF82710059244D0CDE9AE
:1035D80000B123460DAA0CA90BA82DF053FD0378C2
:1035E8002D2B834606D18DF827300D9B013B00F12A
:1035F800010B0D93012F7CDD0D9C059BBC42B8BFD0
:103608003C462BB19DF8273003B10134069B1C447E
:1036180025F00103A045079373DD15F00105A8EB1C
:1036280004046FD120230194009338492B462A467D
:103638004846FFF7E1FE2C460646059B4FF0300A48
:10364800C3B938E0BBF1100FA8D11946302001F8F2
:10365800020B06F1170086E70AABCDE900B30DAA05
:1036680023460CA90BA82DF00DFD8346C2E70024C4
:10367800079526469DF827305BB100230122CDE946
:1036880000320DF127014846FFF7B6FE08F1FF3872
:103698000644069B63B100230122CDE900320AA942
:1036A800069A4846FFF7A8FE069B0644A8EB0308BF
:1036B800012FD8BF4746CDE900A7079B0D9A594669
:1036C8004846FFF799FE06444CB120230093002397
:1036D8000E4901941A464846FFF78EFE06440B9899
:1036E8000EAB984201D01CF0E7FD304613B0BDE8A0
:1036F800F08F059B002BBAD1059C079526464746B7
:10370800D9E70024002698E70424060844D90508C8
:103718002DE9F04307469007984658BFC2F3800347
:103728008DB05ABF5B01DBB22B23154600930A46C6
:10373800159B149E212103A8FFF71CFAE9050446EE
:103748001FD52E2103A843F0EDFDD0B9652103A8AC
:1037580043F0E8FDA8B96E2103A843F0E3FD80B962
:1037680004F130026A4404F131036B442E2102F85B
:10377800241C0234302203F8242CA3186B4403F8C9
:10378800240C6A060ED504F13002631C0DEB02040A
:10379800252204F8242C03F130026A44002102F89F
:1037A800241C1C46EB0603D59DF80C302F2B0DD995
:1037B80003A94FF00009CDE900862B46224638467A
:1037C800FFF71AFE48440DB0BDE8F083002301223C
:1037D80003A9CDE900323846FFF70EFE013E8146C7
:1037E800013C0DF10D01E6E72DE9F04F81468BB064
:1037F80014464FF000080B461A781D461AB1252AC0
:1038080003F10103F8D1A94208D26E1AD9F804309D
:10381800D9F8000032469847B04429460B78002B67
:1038280000F0878120224B1C039200271E783EB1AE
:103838002D2E3ED037D8202E42D02B2E3DD000261C
:103848001A78A2F1300109291D4603F101033AD97A
:103858002E2A4DD16A782A2A48D154F8042B0235E9
:1038680022EAE27B2B786C2B08BF013595F800A083
:10387800BAF1000F00F05D81BAF1780F09D8BAF1FA
:10388800570F38D8BAF1470F7ED8BAF1440F00F273
:103898003E81D9F80430D9F800000122294698471A
:1038A80008F10108B9E0302EC9D147F01007039696
:1038B80001E047F001070133B8E747F00207FAE7EC
:1038C80047F00407F7E70A2101FB0622A2F13006B8
:1038D800B6E70A2000FB021B0133ABF1300219786E
:1038E800A1F1300009281D46F3D9B9E70022F6E70F
:1038F8004FF0FF3BB6E7AAF15803202BC9D801A225
:1039080052F823F0973900089B3800089B380008C4
:103918009B3800089B3800089B3800089B38000833
:103928009B3800089B3800089B380008093A0008B3
:10393800333A000897390008173B0008173B00087E
:10394800173B00089B3800089B3800089B38000884
:103958009B3800089B3800089B3800089B380008F3
:103968009B38000897390008493A00089B38000836
:10397800713A00089B380008973900089B380008FE
:103988009B38000897390008BAF1500F81D154F8D4
:1039980004CB0AF0DF03502B624677D12AF00F0AD6
:1039A800AAF10F03002010218DF81700BCF1000FB9
:1039B8007ED130238DF827300DF1270A17F0100B30
:1039C8009DF8173000F09580002B00F09E80039B37
:1039D8000093012201923B460DF117014846FFF77B
:1039E8000BFD013E8346039B00930AAA01963B46C2
:1039F800A2EB0A0251464846FFF7FEFC58440BE08A
:103A080054F8043B019653B1039B4C49009304229C
:103A18003B464846FFF7F0FC8044691CEBE6039BF5
:103A2800009347493B460522F3E754F8043B8DF8D9
:103A38001830039B009301963B46012206A9E8E74C
:103A480006A954F8040B1DF04BFBBBF1FF3F0146E0
:103A580004D0069B9B4538BFCDF818B0039B009354
:103A6800069A01963B46D4E754F804AB504643F017
:103A780015FCBBF1FF3F024602D0584528BF5A4605
:103A8800039B009301963B465146C2E7BAF1640F87
:103A980006D0BAF1750F81D100200A21612383E78E
:103AA800002A1CDA2D238DF8173052420A2151239F
:103AB8000DF1280A0A3B0DF1180EB2FBF1FC01FBCF
:103AC8001C2009288CBFC01830300AF8010DF245B7
:103AD8003FF474AF91423FF671AF6246EDE7BB0722
:103AE80005D4C7F3800040010A2151235CE72B204D
:103AF800FAE7002B3FF477AF06AA92457FF673AF3B
:103B08000AF8013C0AF1FF3A6DE79B466BE7073478
:103B180024F00704F4E8020155F0CAF8CDE9006B77
:103B280000EE100A039B3A4651464846FFF7F0FD5F
:103B380072E740460BB0BDE8F08F00BF67BB0508D1
:103B48006CBB05080EB403B503AA52F8041B019216
:103B5800FFF74AFE02B05DF804EB03B070470000BF
:020000040802F0
:10000000FEE700000F49D1F8883043F47003C1F8CF
:1000100088300D4B1A68002042F001021A60986087
:100020001A6822F0847222F480321A60074A5A60F9
:100030001A6822F480221A60D8604FF000638B6047
:10004000704700BF00ED00E000380240103000248F
:1000500030B5002495B010252A4621460AA80494FC
:1000600027F0E2F8284B01941A6C42F080521A648F
:100070001B6C03F080530193019B244B029419687D
:1000800041F4804119601B68059403F48043029396
:100090000122029B4FF48033CDE908234FF4800105
:1000A00002230F22CDE90E3112930723CDE90B4530
:1000B000039208254FF4A87213934FF4A05C4FF4F9
:1000C000805308A8CDE91052CDE906C32AF06CFC94
:1000D00010B10F482FF058FA119B109A3021DB0015
:1000E000B3FBF2F3B3FBF1F201FB1232121A1299D5
:1000F000B3FBF1F118BF012203A831F007F908B1F1
:100100000448E7E715B030BD0038024000700040F9
:10011000FC9005080E9105080446DFF82CD00B4929
:100120000B4A0C4B03E051F8040B42F8040B9A42C3
:10013000F9D300200849094A01E041F8040B914233
:10014000FBD320462FF076BBF8FF012000E2060823
:10015000000000204000002040000020B0220020CD
:1001600040F8044B40F8045B40F8046B40F8047B13
:1001700040F8048B40F8049B40F804AB40F804BB03
:1001800040F804CB40F804DB68467047024B5A69DC
:10019000026058610020704740000020024B5A69FD
:1001A00012685A61704700BF40000020024B9A69F4
:1001B000C0E900219861704740000020044A93691B
:1001C0001968916110B15A6818461047704700BF0E
:1001D0004000002038B5054D0446AB690BB1A34281
:1001E00000D338BD0120FFF7E9FFF6E7400000200B
:1001F000C460056146618761C0F81C80C0F820902A
:10020000C0F824A0C0F828B0C0F82CD080ED0C8B2A
:1002100080ED0E9B80ED10ABC0F808E0FFF7B6BF95
:10022000124D6C6908B50CB92FF0F0FA60602046E9
:10023000FFF7D0FF23686B612046C46805694669F3
:100240008769D0F81C80D0F82090D0F824A0D0F88E
:1002500028B0D0F82CD090ED0C8B90ED0E9B90ED4B
:1002600010ABD0F808E00120704700BF400000202C
:1002700010B50021044600F00DFB18B914B120465A
:100280000CF0F6FC10BD002100F004BB10B50121FC
:10029000044600F0FFFA18B914B120460CF0E8FC4F
:1002A00010BDFFF7E5BF10B501220C4600F014FCAD
:1002B00018B914B120460CF0DBFC10BD00F00CBCEA
:1002C00000F0CCBBDFF8B8C02DE9F04305464FF095
:1002D000000E0324DCF8B402002101316B189A08E7
:1002E00003F00303825C5B0042FA03F303F00303B1
:1002F000022BF2D0090136D0DCF8C00200EB051069
:10030000014403681A072BD1DCF8C0525A1BC2F310
:1003100001169D424FEA92174FEA46064FEA121223
:100320001ED8DCF8C4529D421AD9DCF8B48218F801
:10033000075045FA06F303F0030304FA06F9012B0C
:1003400045EA09050CD10CEB4E06BEF13F0F08F84B
:1003500007509ABF0EF1010EA6F8D422CCF8D03285
:1003600004308842CDD1BEF1000F06D00EF1FF3E21
:100370000CEB4E03B3F8D452ACE7BDE8F08300BFFA
:100380004000002030B51C4CD4E9AF53C01AC1095D
:10039000C0F3021E6B5C012202FA0EF223EA020392
:1003A0006B54D4F8C82283094FEA101CB2EB901F9B
:1003B000D4F8B40288BFC4F8C832C15C4FEA9C0EBE
:1003C0000CF0030303255B0005FA03F321EA0301A4
:1003D00000F80E100CF1010CD4F8B4024FEA9C0E98
:1003E0000CF0030310F80E105A0041FA02F202F06A
:1003F0000302022AE7D030BD4000002021F00F01A7
:100400000B1A134A013BDB0010B5A2FB0323114C6E
:100410005B0AC4E9AD03C4F8C4129A00A1EB8311CE
:100420000133C4F8C0120732C11803EBD202C4F87A
:10043000BC12002126F0F8FE002301214FF0FF320C
:10044000C4E9B233C4E9D6322381A4F8541310BDF1
:10045000F32C23FA40000020024A1389023313814F
:10046000704700BF40000020024A1389023B1381FD
:10047000704700BF40000020024B1889003818BFA9
:10048000012070474000002070B51E4C23890022D7
:1004900043F0010382B004F50275C4F8D022C4F819
:1004A0005823238104F1080252F8043F19071AD196
:1004B000D4F8C012581AC0F3011C8B424FEA901EA8
:1004C0004FEA4C0C4FEA10100DD3D4F8C4128B42F3
:1004D00009D2D4F8B46216F80E1041FA0CF303F006
:1004E0000303012B03D0AA42DED102B070BD032367
:1004F00003FA0CF3194306F80E100192FFF7E2FE1F
:10050000019AF0E740000020B9B3F0B51B4C0D464E
:1005100083B0011F002251F8043F18071AD1D4F804
:10052000C072D81BC0F3011E9F424FEA90164FEADB
:100530004E0E4FEA10100DD8D4F8C4729F4209D95C
:10054000D4F8B47217F806C04CFA0EF303F00303A4
:10055000012B04D001329542DDD103B0F0BD03235D
:1005600003FA0EF34CEA030C07F806C0CDE90021AC
:10057000FFF7A8FEDDE90021ECE77047400000200E
:100580002DE9F043614ED6F8D032D6F8B41283B0DC
:10059000C3B1D6F8B83200259800C6F8D05288B159
:1005A0000024A30804F00302CB5C5200134103F0C3
:1005B0000303032B2BD00134A042F2D8D6F8D0325B
:1005C000002BEAD1D6F8CC324FF000094FEAD3081D
:1005D0000127D6F8BC3213F809404FEAC90514B90F
:1005E0004CE064080135E20703D464080135E307F1
:1005F000F7D5AB0805F00302CB5C5200134103F0C2
:100600000303012B15D0640838D00135EFE72046ED
:10061000FFF758FED6F8B832D6F8B4120134B4EB6E
:10062000830F4FEA8300BCD3D6F8D032002BB4D16D
:10063000C8E7D6F8C0222B0102EB0510D35873B1DE
:100640006A4640F297310BF0BDFC009B3BB10CF0C9
:1006500087FDDDE900010CF055FD0CF097FDD6F8A3
:10066000BC02EB0805F00701C25C07FA01F122EABF
:100670000102C2546408D6F8B412C6D1C14502D0F2
:1006800009F10109A5E70027BE463A4603240225E1
:100690000FE0012806D104FA03F32CEA03030B70E0
:1006A0004FF0010ED6F8CC3201329A421FD8D6F85C
:1006B000B412900802F0030311F800C05B004CFA7A
:1006C00003F000F00300022801EB920119D0032887
:1006D000DFD105FA03F32CEA030C81F800C0D6F849
:1006E000CC32174601329A424FF0000EDFD93389DF
:1006F000002223F00103C6E9B227338103B0BDE82D
:10070000F083BEF1000FC6D11746CBE740000020B2
:10071000044B1A89002142F00102C3F8D0121A8159
:10072000FFF72EBF40000020594B00212DE9F0417A
:10073000D3E9B042C0E90411121BD3E9AD458846A4
:100740004FEA850CC0E90111C160816102600E466B
:100750008E460D4618E05BBB01359445856001F17E
:10076000010179D09608A75D02F0030676003741B3
:1007700017F002084AD107F003071646B44536D0F1
:10078000012F34D094453AD0B30806F00302E35C5D
:100790005200134103F00303012B06F1010238D08C
:1007A000022BD8D10EF1010EC0F804E008F10108C7
:1007B000944545D0960802F00303A75D5B001F41F6
:1007C000BB0724D4B8F1010F07F003075BD0B8F1E1
:1007D000020F164604D14369013343614FF002080A
:1007E00083699845CAD9B445C0F81880C8D1C36890
:1007F000994200D9C16094454FF00001C4D14FEA3D
:100800000E132D01C0E90135BDE8F081984616466A
:10081000B8E70EF1010E9445C0F804E027D0960821
:10082000A75D02F0030676003741BE07EED407F05D
:10083000030716460369013303614FF00108CFE750
:10084000B8F1010F1F4620D0B8F1020F19D083690B
:1008500098456646C7D8CAE7C3689942CFD94FEAD8
:100860000E132D01C0E90135C160BDE8F0810669B4
:1008700001360661866906B9836116464FF00108A4
:10088000B5E76646A7E71646D4E76646D2E700BF57
:10089000400000202DE9F84300F10F04240900F086
:1008A0009D806D4D2F89002F40F09880B5F854231E
:1008B0008846002A40F09680D5F8C812D5F8B8E2EC
:1008C000714538BF012780F08980D5F8B4C20CF19A
:1008D000FF3600200E440FE013F00C0200F0A18060
:1008E00013F0300F00F0B08000223F2B40F29180D7
:1008F00000200131714570D216F8013F9A07EBD103
:10090000421C944240F2A58013F00C0F40F09180FD
:100910000230844240F2898013F0300F40F08F8023
:1009200002329442E1D889008B1CA3EB020E012A0B
:1009300008F001090EF1010603D1591C8908C5F818
:10094000C812D5F8CC12994238BF1946B008C5F87C
:10095000CC1206F003071CF800807F0001210EF185
:10096000020EB94041EA080173450CF8001013D398
:1009700002274FEA9E01D5F8B4C20EF003001CF81E
:100980000180400007FA00F00EF1010E40EA080075
:1009900073450CF80100ECD2D5F85833D5F8C07285
:1009A00023441201002107EB0610C5F8583326F046
:1009B0003BFC34010346B9F1000F10D00022D5F8FA
:1009C000BC023A51F1080122445C06F00706B2402D
:1009D000224342541846BDE8F88377B100231846F5
:1009E000BDE8F883D5E9D61291422FD2D5F8C812C6
:1009F000D5F8B8E27145FFF468AF35F059FBD5F88A
:100A0000C812D5F8B8E271454FF00107FFF45DAFA9
:100A1000E4E7501C84423FF66CAF8900CB1C0246D1
:100A200083E7012084423FF677AF89004B1C0246E2
:100A30007BE713F0300F0CBF0122002255E73F2B5C
:100A40008CBF0020012054E701226AE735F030FB1B
:100A500032E78B0069E700BF40000020034B1B8991
:100A6000012B02D808B1FFF78DBC70474000002071
:100A7000034610F00F001AD1164AD2F8C01299425C
:100A800014D810B4D2F8C4429C420DD95B1AD2F8E3
:100A9000B4C29A09C3F301111CF8022049000A41AB
:100AA00002F00302012A04D010BC704770470020F6
:100AB0007047013000EB1312910802F003021CF89A
:100AC0000110520041FA02F202F00302022AF0D0B1
:100AD0000001E9E7400000202DE9F84F0546002815
:100AE00000F0C980754C914626890A46002900F01D
:100AF0008880002E40F08980D4F8C032C31A9B460B
:100B0000D4F8B8021B0901F10F0E591C8700B1EB94
:100B1000800F4FEA1E1EBA4680F0B380D4F8B4723C
:100B2000B4460126880801F00308385C4FEA4808FB
:100B300040FA08F000F0030002286AD028B90CF14E
:100B4000010C0CEB0600704564D3B64555D065D357
:100B5000B444F4451DD2B9F1000F56D010464FEA07
:100B6000DB11D4F8BC22515C03F00703194101F0FA
:100B70000101FFF78FFE074600283FD032012946CA
:100B800026F008FB2389012B38D82846FFF7FAFB0B
:100B900034E003EB0E01334499421FD9980803F067
:100BA000030217F8008052004FF0020C01330CFAD8
:100BB00002F242EA080299423A540FD99808D4F84E
:100BC000B47203F0030217F8008052000CFA02F22C
:100BD000013342EA080299423A54EFD1D4F8CC32B8
:100BE000994238BF1946AEEB0602C4F8CC12120186
:100BF00005EB0610002126F017FB2F463846BDE80E
:100C0000F88F012E01D8FFF7BDFB00273846BDE85D
:100C1000F88F013601318A4584D196E773444FEA53
:100C2000930C03F0030117F80C0049004FF0030880
:100C3000A6EB0E0E08FA01F120EA0101BEF1010F48
:100C400007F80C1010D05F1E77440133D4F8B4625B
:100C5000980803F00302315C520008FA02F221EA1C
:100C60000202BB423254F0D1D4F8C8326345C4D931
:100C7000C4F8C8C2C1E708462946BDE8F84FFFF7E7
:100C800009BEBEF1010FB8D0BEF1000F05D001269C
:100C9000B9F1000F7FF462AFB7E7D4F8B4024FEABE
:100CA0009B1C03F003035900032210F80C308A4008
:100CB00023EA020300F80C30D6E700BF4000002012
:100CC00010B58AB0044603A8FFF72EFDDDE9043015
:100CD000039A009007492046E2F738FFDDE9083221
:100CE00006980549CDE90020079A2046E2F72EFF35
:100CF0000AB010BDA0E30508C4E305082DE9F843D8
:100D0000DFF858914749D9F8C0220746E2F71EFF9D
:100D1000D9F8B81289006DD0DFF84481002515F0AC
:100D20003F0633D005F003067600D9F8B422AB08AD
:100D3000D35C334103F00303022B63D0032B5FD05A
:100D4000012B4AD1D9F8C0222B01D25842455BD0A1
:100D5000354B9A425AD0354B9A425BD0344B9A422B
:100D600056D0344B9A4253D0334B9A4254D0334BE3
:100D70009A4251D0324B9A4252D0324B9A424DD085
:100D8000314B9A4214BF68224D2227E0A9421ED956
:100D9000D9F8B4022C4602E001348C4208D0A208F3
:100DA00004F00303825C5B0042FA03F39B07F3D079
:100DB000621B7F2A0BD9254992093846E2F7C6FE05
:100DC000D9F8B83224F03F05B5EB830F12D2204991
:100DD0002A013846E2F7BAFEA7E72E221D49384617
:100DE000E2F7B4FED9F8B8320135B5EB830F4FEA1C
:100DF000830194D338461849BDE8F843E2F7F0BAC6
:100E00006D22EBE73D22E9E75422E7E74C22E5E7D4
:100E10005322E3E74422E1E74122DFE74222DDE714
:100E20004622DBE70CE405082C250608FC1C060816
:100E3000042E0608D42D0608241A0608AC19060844
:100E4000A4210608402206089826060828E405087A
:100E500044E405084CE4050808E4050840000020C7
:100E60004C2F0608064B02685B6A5968C1F31E01E5
:100E70008A4203D3521A0260184670471B68F4E78F
:100E800040000020014441F20553884204D398B247
:100E9000012838BF0120704710F8012B03EB4313E2
:100EA0005340F2E7034B044A5A620022C3F80C2273
:100EB000704700BF400000203C5E06082DE9F04767
:100EC00081468846002940D0FFF7DCFF204B5C6A52
:100ED00082460CB9204634E094F90730E668002BCE
:100EE00006F1FF364FF0000513DB013604F1180759
:100EF000B54212D32468ECE777197F08BB1D424640
:100F000054F82310484626F0F3F90028CCBF3D469C
:100F10003E46731B012BEFD8E7E7236933F8153002
:100F20009A4510D163695B5D98450CD157F825004F
:100F30004246494626F0A0F928B96068C0F31E0071
:100F40002844BDE8F0870135D2E70120F9E700BF6A
:100F5000400000202DE9F84380460F46FFF7AEFF22
:100F60000246002840F08D80FF2F03D946494748AC
:100F70000BF08CF8464DD5F80C027E1C90B1D5E9EB
:100F8000841333448B4227D93144FFF797F9044641
:100F9000D5F80C02CCB9D5F814122246FFF78EF919
:100FA000C5F80C42802E344638BF80242046FFF717
:100FB0006AF9C5F80C02B0BB3046FFF764F9C5F812
:100FC0000C0278BB30460BF053FED5F81032334498
:100FD000C5F810320028E5D0D5F81432C4181E44E4
:100FE00041463A4620464FF00009C5F8146226F003
:100FF000D1F8394604F807902046FFF743FF8046B2
:10100000686AD0E90261B1422BD376000A2E38BF5C
:101010000A26C6EBC6001830FFF735F948B9C5F8FF
:101020000C02CFE734460023C5F81042C5F814324D
:10103000D2E700F1180202EB8602696A026102EB54
:10104000460242614A680160C968C0F80C90C2F368
:101050001E020A44416862F31E01C0E9011668627B
:1010600049460269436922F811805F548A1D6B6A00
:1010700043F82240DA680132DA605A68C2F31E028D
:101080000A441046BDE8F88322910508981E060818
:101090004000002010B5044626F004F90146204621
:1010A000BDE81040FFF756BF07B5019001A8FFF754
:1010B000D9FE019A036933F8120003B000BD07B5E9
:1010C000019001A8FFF7CEFE019B4269D05C03B0FE
:1010D00000BD07B5019001A8FFF7C4FE019B0633D0
:1010E00050F8230003B000BD13B5019001A80C46D1
:1010F000FFF7B8FE019B4269D25C2260063350F8CC
:10110000230002B010BD00002DE9F8431D46002366
:1011100003600B6013602B60164BDFF85C905C6A19
:1011200007468846164664B92B68326813442B601C
:10113000BDE8F883336812F8010B013303443360D0
:101140000DE04C45F0D03B6801333B60E268D8F8D5
:1011500000301344C8F800306269E368D1188A424D
:10116000E8D32046FFF784FC2B68246803442B60F7
:10117000D9E700BF400000203C5E0608F8B50B4BE5
:101180000B4F5C6A0CB1BC4200D1F8BDE36804F1BE
:10119000180505EB8306B54201D32468F2E755F83C
:1011A000042B04490448E2F7D1FCF4E74000002096
:1011B0003C5E0608279105080C0D060830B5002393
:1011C000202511F8012F0AB9027030BD120600F176
:1011D000010420D513B12023037020460B78124A56
:1011E00003F07F036BB9013A12F8013F13F0800F4F
:1011F000044600F101000BD003F07F0323700123AC
:10120000DFE712F9014B002CFBDA013BDBB2E9E727
:1012100000F8013CE8E7012B04BF057020460B787D
:1012200000F8013B0223CCE72E91050838B543684E
:10123000194403689942054610D9037B1BB108483D
:1012400000210AF023FF01F1100424F00704083400
:1012500080682146FFF727F82C60A86038BD00BFE2
:10126000981E060870B504460E4611461546FFF74F
:10127000DDFFD4E901302A461844314625F0BEFF8F
:1012800063682B44636070BD38B50129044638BFDC
:1012900001210025084621606560FEF7E9FF2573FE
:1012A000A06038BD38B505460C460131FFF7ECFFAC
:1012B0006C6038BD0023C0E9013201230160037373
:1012C0007047000038B514460546FFF7DDFF024BB6
:1012D0002560636038BD00BF65120208037B10B54E
:1012E000044613B98068FEF7EBFF0023A36010BD2E
:1012F00038B505461020FEF7BBFF29460446FFF728
:10130000C3FF204638BD10B5044648B1037B13B96E
:101310008068FEF7D5FF2046BDE81040FEF7D0BF3D
:1013200010BD000038B5037B04460D461BB10748CD
:1013300000210AF0ABFE016880682944FEF7B3FF84
:101340002368A0601D442560184438BD981E060817
:1013500038B504460D46FFF769FFD4E901301D4456
:101360006560184438BDD0E900239A4210B50446A0
:1013700002D10121FFF7D6FFD4E901320021D15477
:10138000A06810BD10B50C460121FFF7E1FF047005
:1013900010BD7F29F8B50C4604D80121FFF7D8FF0E
:1013A0000470F8BD01F03F06B1F5006F4FEA9115EA
:1013B00066F07F0607D20221FFF7CAFF65F03F05FE
:1013C00005704670EDE705F03F05B1F5803F4FEA47
:1013D000113765F07F0508D20321FFF7B9FF67F0E9
:1013E0001F03037045708670DBE70421FFF7B0FF31
:1013F000A40C07F03F0364F00F0463F07F03047054
:1014000043708570C670CCE738B5054608460C4673
:1014100025F048FF214602462846BDE83840FFF740
:1014200021BFF8B54768B942054628BF39460C4682
:1014300011461646FFF7FAFEAB68A01919193A1BB8
:10144000184425F0DBFE6B68A86833446B602044C9
:10145000F8BD43688B422CBF5B1A00234360704782
:1014600038B5154642688A4204460B4603D92944DA
:101470008A4201D8636038BD8068521A014418441A
:1014800025F0BCFE63685B1BF4E790F9002003784D
:10149000002A0ADA03F07F034022134207D110F832
:1014A000012F02F0C001802905D01846704723EAB9
:1014B00002035208F1E702F03F0242EA8313EEE72B
:1014C000431C18460133027802F0C002802AF8D08B
:1014D00070470023814201D81846704711F8012D4A
:1014E00002F0C002802A18BF0133F3E7014403462B
:1014F000002099421A4600D87047127802F0C002C4
:10150000802A03F1010318BF0130F2E77F289DBF55
:10151000024B185CC0F34000002070473B0D0608EA
:101520007F289DBF024B185CC0F3C00000207047AD
:101530003B0D06087F289DBF024B185CC0F380005E
:10154000002070473B0D06087F289DBF024B185CAA
:10155000C0F38010002070473B0D06087F2809D893
:10156000064B1B5C03F00C0333B9A0F15F03584238
:101570005841704700207047012070473B0D060816
:101580007F289DBF024B185CC0F3001000207047FD
:101590003B0D06087F289DBF024B185CC0F340102E
:1015A000002070473B0D060808B50246FFF7E8FF2C
:1015B00002EB401008BD08B50246FFF7EBFF4042C2
:1015C00020F01F00104408BD303820F02003073BF6
:1015D000092888BF1846704730B50A440024E5251D
:1015E0008A4203D8B4FA84F0400906E00B784CB183
:1015F00003F0C003802B01D0002030BD013CE4B2D9
:101600000131EDE758B9BF2B09D9F72BF4D8DB0826
:1016100003F0060345FA03F303F00304F0E71B06A7
:10162000EAD4EDE7023981420B4603D31A88023926
:10163000002AF8D002331B1A58107047B2EB131F60
:1016400070B54FEA13141AD9121B01EB440103F0D1
:101650000F0314460646012C0CBF0D880D68013C93
:1016600025FA03F526F8025B01F10201F3D100EB44
:10167000420030F8023C03B9013A104670BD002226
:10168000FBE7F0B5059C0025121B2E46AC420FD19E
:1016900001EB4403174600EB4404411A9FB904EBE5
:1016A000420316B124F812600233181A4010F0BD3C
:1016B00031F8157033F815C067443E4420F81560C2
:1016C000360C0135E2E71D8835445D522E0C013F92
:1016D0000233E3E7F0B4049E0025921B2C46AE4291
:1016E0000BD101EB4605174600EB4606431A7FB9BE
:1016F00006EB4201F0BCFFF795BF31F815703C4492
:1017000033F81570E41B20F8154024140135E6E782
:1017100029880C44EC52013F24140235E7E72DE9F7
:10172000F043079CDDF828E0DDE90876023915462C
:1017300084464FF6FF78A4EB020955B900EB42014D
:101740001FB1012320F812300231BDE8F043FFF74A
:1017500069BF31F8024F013D4444264405EB0904BA
:10176000A5422ABF33F8024B4FF6FF744444744439
:1017700086EA040E17FA8EF72CF8027B4FEA144E15
:10178000360C3F0CD9E738B502290446806838BFCB
:1017900002210D4618B12368B1EB930F07D96900F8
:1017A000FEF781FD2368A06065F39F03236038BDC9
:1017B00038B504460C20FEF75BFD23682278054609
:1017C00002F00102C3F39D0023F0030313432B60D7
:1017D00063686B604000FEF74BFDA8602268A1685B
:1017E000C2F39D02520025F0D5FC284638BD99422F
:1017F00010B502D24FF0FF3010BD01D90120FBE738
:1018000000EB410002EB410209B90846F4E730F869
:10181000023D32F8024D1B1BECD4EFD10139F3E746
:1018200010B5044638B18068FEF74AFD2046BDE891
:101830001040FEF745BD10BD38B505460C460221E7
:10184000FFF7A1FF211E2B78B4BF0122002262F313
:1018500000032B704FF00003B8BF49426B60D5E91D
:101860000132581C686022F81310090CF7D138BDFA
:101870000023C0E900338360704728B103789B07D9
:1018800002D48068FEF71CBD704738B504460D468B
:101890004968FFF778FF2A782378A06862F300038D
:1018A00023706A686260A9685200BDE8384025F07C
:1018B00071BC29B90378416061F30003037070477C
:1018C000FFF7BABF08B5FFF7D3FFBDE80840FFF741
:1018D000F0BF920042F0020202600022C0E9012142
:1018E0001946FFF7E6BFF8B59DF8187014461D4677
:1018F00004210646FFF747FF22462B4627B1002D5D
:101900000CDA624265EB4503317867F30001317010
:101910000021716052EA030102D1F8BD0027F3E70C
:10192000D6E901104C1C746020F81120120C42EA18
:1019300003421B0CEEE72DE9F3418DED010A019DF9
:101940000378EA0F62F300030370C5F30F4313F447
:10195000FF4380460BD198F8003023F0010388F84C
:1019600000300023C8F8043002B0BDE8F081B3F5C0
:10197000FF4FF0D0C5F3C754B4F17F06EBD405D1C7
:10198000012102B0BDE8F041FFF756BF162EC5F3A6
:101990001605A4F16F07D8BFC6F1170645F4000578
:1019A0004FEA2717D5BFF540963C00260936D4BF2D
:1019B000344624113946C8BF06F00F06FFF7E3FE90
:1019C000C8F804702CB1D8F808006200002125F096
:1019D0002BFC4EB1D8F8083005FA06F223F8142093
:1019E000C6F11006F5400134A742BDD0D8F8083042
:1019F00023F814502D0CF6E72DE9F843074601EBC8
:101A00000208C2F35B020D46511C089E1C46FFF7FC
:101A1000BAFE3A7864F300023A7000212A461FFAAF
:101A200086FC4245796002D3501BBDE8F8831078EC
:101A3000A0F13003092B05D9A0F14103192B11D8CE
:101A4000A0F13703B342EFD2B86801320C468646A4
:101A50007CB900EB410413B120F811300234241A90
:101A60006110DEE7A0F16103192BDDD8A0F1570367
:101A7000E8E7BEF800900CFB09332EF8023B013C6E
:101A80001B0CE5E7F8B5044615461E46C1B1531ECA
:101A90001E444FF0FF37E9000F3109092046FFF7D8
:101AA00072FE2378002123F00103237061600B464E
:101AB00045B9A06800EB4101FFF7B4FD6060F8BDD7
:101AC0000127E8E700220F2B09DC3078013D00FAFE
:101AD00003F042EA000203F108033E44F3D1A06898
:101AE00001F1010CC4F804C0103B20F8112061463C
:101AF000DEE738B505780B7805F0010203F0010345
:101B00000446981A08D1D1E90132D4E90110FFF74F
:101B10006EFEEB0748BF404238BD884210B5044610
:101B200001D0FFF7B2FE237823F00103237010BD2C
:101B3000884210B5044601D0FFF7A7FE63683BB1A9
:101B40002378C3F3000282F0010262F300032370E2
:101B500010BD88421FB5044601D0FFF796FE6268AB
:101B600062B901212046FFF70EFEA268012313800F
:101B70006360237843F00103237010E02378D907D2
:101B80000FD523F00103237001230093A168ADF862
:101B90000E3008460DF10E03FFF79CFD606004B0A7
:101BA00010BD511C2046FFF7EEFD01230093D4E940
:101BB0000121ADF80E3008460DF10E03FFF761FD6F
:101BC0006060D6E74B682DE9F04704460D4616469F
:101BD00003B12AB929462046BDE8F047FFF755BEB4
:101BE00002F10F014FEA111803EB1111FFF7CBFDC2
:101BF000D5E9010316F00F02A1686FF0004E08EB63
:101C0000000606EB0E0C864403EB4E0308BF1022C1
:101C10004FEA4C0701EB4C0C02330146E1464FF012
:101C2000000EC2F11002F9B96FF001035843C8F178
:101C300001080CEB00032EFA02FE4FEA48022CF8D2
:101C400000E0524203EB480025F0EEFA0237C319D8
:101C500016B133F8022D9AB166602A78237862F3C0
:101C600000032370BDE8F08733F802AD4AEA0E0E98
:101C70002EFA02FA29F802A94FEA0E4E0139D2E7EC
:101C8000013EE5E72DE9FF410D4649680646144649
:101C900001B132B92946304604B0BDE8F041FFF742
:101CA000F4BDFFF770FDB768D5F808806A68234671
:101CB00041463846FFF7C2FC70602978337861F3FB
:101CC00000033370DB0702460BD500236968ADF8CB
:101CD0000E304FEA141C994201D0634504D161458E
:101CE0000AD804B0BDE8F08138F8130098B1012398
:101CF0006145ADF80E3012D904F00F04012338F815
:101D00001C1003FA04F4013C214206D1BDF80E3048
:101D1000002BE6D003E00133DDE7ADF80E30012300
:101D200012B93B807360DCE7009339460DF10E0376
:101D30003846FFF7A6FC7060D3E72DE9F3414E6803
:101D400057680C4690463B46314692680546A06867
:101D5000FFF74DFD013017BF37464646264644463D
:101D6000337822785340DB0719D4791C2846FFF7D3
:101D70000AFD63680093D6E90121A368A868FFF70C
:101D800080FC686033782A7800280CBF002303F0B9
:101D9000010363F300022A7002B0BDE8F081394606
:101DA0002846FFF7F0FC63680093D6E90121A36899
:101DB000A868FFF78FFCE4E72DE9F3410F464E6872
:101DC000D2F8048014464346314692680546B86806
:101DD000FFF70DFD01301EBF23463C461F4623780A
:101DE0003A7883EA020316BFB04601260026DB07D5
:101DF00019D508F101012846FFF7C5FC7B6800935F
:101E0000D4E90121BB68A868FFF73BFC686018B102
:101E1000207800F0010070402B7860F300032B70F5
:101E200002B0BDE8F08141462846FFF7ACFC7B6874
:101E30000093D4E90121BB68A868FFF74BFCE5E7F4
:101E40002DE9F04F53680C46496899422EBF26464B
:101E500016461946337828BF1446DB0785B0054679
:101E600022D4237813F001071ED1FFF78CFCD4E9AC
:101E7000011CA868B6683B4699420CD100EB4101B1
:101E8000FFF7D0FB002368602A7863F300022A7012
:101E900005B0BDE8F08F36F813203CF8134022401F
:101EA00020F813200133E7E701312846FFF76BFCE8
:101EB00037782378D6F804C0A868A26887EA0301B7
:101EC000C94301F0010E41F3000189B2029147F3C9
:101ED00000010191B168A1F10209616803F0010AF2
:101EE00043F300039BB2A1EB0C0107F00108009340
:101EF0006746834603918FB900EB4C01BEF1000F9A
:101F000003D0012320F81C300231FFF78BFB6860FF
:101F100022783378C2F300021340B5E739F8021F84
:101F2000019B5940039B013F18FA81F8D919B94226
:101F30009BBF32F8021B009B009959408A44029BC8
:101F400008EA0A0159401EFA81F12BF8021B4FEAF8
:101F50001A4A4FEA18484FEA114ECCE72DE9F84FDC
:101F600053680D46496899422EBF2E4616461946BB
:101F7000337828BF1546DB07044631D42A7812F09F
:101F800001072DD1FFF7FFFBD5E9013E7568D4F8B5
:101F900008C0B168ED1A3A46934213D10CEB4300E6
:101FA0002A4601EB4303ACEB0101A2B900EB45006B
:101FB000A0EB0C0040102378606062F300032370F4
:101FC000BDE8F88F31F812003EF8126030432CF86B
:101FD00012000132E0E71E885E52013A0233E4E764
:101FE00001312046FFF7CFFB2B7837787168A06866
:101FF000D5E901E2B56803F0010943F3000307F0F6
:1020000001089BB247F30007A5F1020C0E46834678
:102010004FF0010AAEEB010E2EB900EB4101FFF7C4
:1020200001FB0122C7E73CF8025F013E7D4018FA40
:1020300085F80EEB0605AE422ABF32F8025B1D465C
:102040005D40A94448EA0905ED431AFA85F52BF8E5
:10205000025B4FEA19494FEA18484FEA154ADBE795
:10206000F0B553680D46496899422BBF2F46174675
:10207000154619463C782B785C4014F0010485B075
:10208000064636D1FFF77FFBD5E9013C3D78B068C5
:1020900015F00105D7E9012123D1D21A2C469C4223
:1020A00011D101EB440500EB4403411A14469CB9DD
:1020B00003EB4201FFF7B6FA3378706064F3000374
:1020C000337005B0F0BD31F814503CF814707D4009
:1020D00020F814500134E2E72F886F52013C02359A
:1020E000E5E7CDE90244CDE900346346FFF717FB8D
:1020F000E2E70131FFF747FB2B78DB4303F00103F5
:1021000003933B78DB4303F0010301240293019422
:102110006B680093D7E90121AB68B068E6E72DE969
:10212000F04F4B6885B006460D4614460BB1536818
:1021300043B9337823F0010333700023736005B093
:10214000BDE8F08F81422DD1FFF732FBB442054646
:1021500007462ED06368696830461944FFF713FBC1
:102160003268B068C2F39D025200002125F05CF88D
:10217000AB68D6F808E0D5F804900193A368029301
:102180000022636803930EEB4908F4461146039B53
:10219000934233D0DDF804B0CDF80090ACF10200EA
:1021A00000231AE0824206D1FFF702FB04460746ED
:1021B000D0E70446CEE70027CCE730F802AF03EBC8
:1021C0000A01029B3BF802AB33F8123003FB0A13FF
:1021D0000099038001391B0C009100990029ECD172
:1021E0004146881C13B1A8F800300146A1EB0E014E
:1021F00049100CF1020C01328046C8E77160227868
:102200002B7853403278384663F30002327005B0C1
:10221000BDE8F04FFFF704BB4B6870B505461446A8
:1022200013B11378DA0706D52B7823F001032B704E
:1022300000236B6070BD636823B9BDE87040012165
:10224000FFF7FABA0846FFF7B3FA06462046FFF74B
:10225000AFFA012104462846FFF7EEFA636883B11E
:10226000A3681B88DB0704D5324629462846FFF7BA
:1022700056FFD4E9012101230846FFF7DFF960602A
:1022800038B93046FFF7CCFA2046BDE87040FFF77A
:10229000C7BA324631463046FFF741FFDEE72DE947
:1022A000F04F0C4651688FB00131054601920393FF
:1022B000FFF769FA019BA8685A68013252000021B1
:1022C00024F0B2FF2B7823F001032B704FF0000AAB
:1022D000019BC5F804A0596820460131FFF753FA65
:1022E00001992046FFF7D1FA039BA668D4F8048031
:1022F000D3E9013B0093AB6804935A46009B4146E7
:102300003046FFF774FA002833D1049A6060012345
:1023100013806B6023786268002A0CBF002103F0F1
:10232000010161F3000323700399019B09781B7875
:102330004B40DB0740F100816B682978003B18BFF8
:10234000012363F300012970002A00F0F5800BA837
:102350004FF0FF31FFF7B6FA0BAA29462846FFF7E0
:10236000ECFC039A214620460FB0BDE8F04FFFF782
:10237000E4BC013002D1C5F804A0CBE7009B03F117
:102380000047013F4FEA47093BF817301A045CD574
:1023900006EB4800831C02931FFA8AF34FF0000CEF
:1023A00008F10102C3F1100126F818C0B6466260B8
:1023B000059102998E454CD33BF8171001FA03FAA8
:1023C0000099012908D90BEB0901C3F1100731F875
:1023D000021CF9404AEA010A0099521A6A600499FB
:1023E00002F10042013A01EB4202079209F10202B6
:1023F0000992626805920599009A8A4235D301F1E3
:10240000004B0BF1FF3B06EB4B0B0022C3F110001E
:102410005E4540F284806B6843B103F10042049949
:10242000013A31F81220002A00F083806368002B03
:102430003FF470AF03F10042013A36F81220002A4F
:102440007FF468AF013B6360F0E70AF1010A5B00CB
:102450009CE7BEF800A005990AFA03F84CEA0808C0
:102460002EF8028B2AFA01FCA3E7018830F8022C2F
:1024700042EA0142B2FBFAF20292099A821A0692E9
:102480000027ABF10202DDF818C00892B84660459B
:102490000DD801880F44002F39D1079A029922F8EC
:1024A00002190792059A013A02386260A1E7089A78
:1024B000BCF8009032F8021F08929940029A41EA53
:1024C00018481FFA88F1514319FA87F91FFA81FE5B
:1024D000090CA9EB0E0EC1EB27412CF802EB01EB26
:1024E0002E47D4E739F8021F994041EA1848BEF850
:1024F0000010614411FA88F12EF8021B4FEA114CCA
:102500007045EFD8029A013A67440292C3E74FF050
:10251000000CDDF818E0ABF10209E046F0E7BBF88B
:10252000001041FA03F73A432BF8022901FA00F2AE
:102530006EE7013B6B606EE70FB0BDE8F08FF0B562
:102540001F4613780D46D90785B00446164606D4B3
:102550007B68012B0BD1BB681B88012B07D123782B
:1025600023F0010323700023636005B0F0BD012157
:102570002046FFF761F9736853B93B78DA07F4D561
:102580003A462146204605B0BDE8F040FFF7D5BBEE
:102590006B68002BE3D02846FFF70AF90546304662
:1025A000FFF706F90023CDE901330646039373686C
:1025B0005BB901A8FFF761F92846FFF731F930460A
:1025C00005B0BDE8F040FFF72BB9B3681B88DB0707
:1025D0000AD52A4621462046FFF7A1FD3B46224662
:1025E000214601A8FFF75BFED6E901210123084639
:1025F000FFF724F870600028DBD02A4629462846D9
:10260000FFF78DFD3B462A46294601A8FFF747FE06
:10261000CDE710B5D0E90121002301EB4202914240
:1026200005D30278D20748BF5B42184610BD32F886
:10263000024D44EA0343F2E730B5D0E90124002318
:1026400004EB4202944206D30278D20748BF5B42B1
:102650000B60012030BDB3F5004F04D232F8025DAB
:1026600045EA0343EEE70020F4E7037813F00103A3
:1026700010B501D0002010BDD0E9012404EB4202C6
:10268000944202D30B600120F5E7B3F5803FF1D20D
:1026900032F8020D40EA0343F2E72DE9F74FDDF887
:1026A00030A001928846B1B10AEB0305D0E90124BC
:1026B0000178A4F1020E41F300010024C9B24FF0E9
:1026C00001092746264642B9D3BB019B93BB012093
:1026D00003B0BDE8F08F5546E8E73EF802CF10366C
:1026E0004CEA0747072E01DC013AECE7BCB26FEA7F
:1026F000040C90F800B059FA8CFC1BF0010B1FFA87
:102700008CFC18BF64464FEA142C18BFE1465FFAF0
:1027100084FC23B961451CD1083E3F0AE2E7B8F1C9
:10272000000F04D005F801CC013D013BF4E705F8AA
:1027300001CBFAE74C4084F08004C4F3C010C7E733
:102740001A46B8F1000F0CBF2846504624F06CFD25
:10275000BDE71846BCE70000D0E901329FED0C0A46
:102760009FED0C7A02EB43039A4205D30378DB0713
:1027700048BFB1EE400A704733F8021D07EE901AC9
:10278000F8EEE77AE0EE077AB0EE670AECE700BF12
:1027900000000000000080472DE9F74F44689DF8D5
:1027A00030A00D9D0A2980468946164614BF4FF079
:1027B000040B4FF0030B9CB982B1561E2B4616F842
:1027C000012F42B930221A70002203F8012F581B42
:1027D00003B0BDE8F08F03F8012BF0E72B46F1E7DB
:1027E00060000193FDF744FD6200D8F80810074629
:1027F00024F0D0FC019B07EB440C28462A463A3BC8
:10280000ACF102040021A7422AD93031CC18392971
:1028100088BF2146144604F8011B39468C458E4674
:1028200029D83846FDF74CFD5EB1304624F03AFD1C
:102830003218611E1346B3422FD8964288BF00203B
:10284000044498F80030DB0744BF2D2304F8013B13
:102850002B46621E9A4225D800232370601BB7E7DF
:10286000B4F800E04EEA0141B1FBF9FE24F802E9B8
:1028700009FB1E11C7E7BEF800E00231BEF1000FF0
:10288000CCD0BAF1000F06D0211A594502BF941CD2
:1028900082F801A020462246B2E713F8017D01F834
:1028A000017FC8E71978107803F8010B02F80119C5
:1028B000D0E7D0E9023293423DBF5A1C82601878BB
:1028C0004FF0FF3070470368013B033310B50446F7
:1028D00002D84068FDF7F4FC2046BDE81040FDF743
:1028E000EFBC0000F8B5054610200C461F46164602
:1028F000FDF7BEFC054B8460C0E900743444C4603D
:102900006B60034B2860AB60F8BD00BFB3280208C2
:10291000C728020802690A2AF8B5044623D1836948
:10292000013383610123E361237D2361637D23758B
:1029300000260A27256EF5B16B1CA26D2366555D36
:10294000626D934201D366652666237D0D2B02D10D
:102950000A2D2775EED025B9237D13B10A2B18BF98
:102960000A256575F8BDC369092A04BF073323F03A
:1029700007030133D7E7D4E901039847431CE4D0A8
:10298000012838BF01200546DFE70000016927293B
:1029900002D10123184670472229FAD0A1F1620220
:1029A000132A01D90023F5E70F4B134113F001035C
:1029B000F8D1027D272AECD0222AEAD0722909D147
:1029C000662A0BD1437D272BE3D0A3F12202534289
:1029D0005341DFE7662904D1722A00E0622AD9D187
:1029E000F0E76229F8D0D5E7EEFFF6FF38B50446E8
:1029F0000D46206908B905461BE00A2806D10DB12D
:102A0000636AB3B12046FFF785FFF2E7FEF77EFD6C
:102A10000028F7D12369232B08D12046FFF77AFF3E
:102A20002369002BE5D00A2BF7D1E2E75C2B02D01B
:102A30000025284638BD237D0A2BF9D12046FFF713
:102A400069FFDFE72DE9F04F0023044685B001213F
:102A50004364FFF7CBFF266AA3696363002EE36933
:102A6000A36307DA072384F83C300136266205B0F9
:102A7000BDE8F08F04D0062384F83C30013EF5E732
:102A8000002835D031462046FFF7B0FF052384F8F3
:102A90003C30D4E90B3003F10042013AE56930F8EB
:102AA0001220013D9542E2D009D8013B30F81320B5
:102AB000954218D3DBD0022384F83C30D7E7A16AD3
:102AC0008B4207D308314900FDF7EDFBA36A206371
:102AD0000833A362E36A5A1CE26220F81350236AA7
:102AE00001332362C3E7226AE362013A2262DCE730
:102AF000256915B984F83C50B9E72046FFF746FF31
:102B00008046002800F0148284F83C602369722B10
:102B10004AD008D8622B0CD0662B4FD0B146002586
:102B20002F460B230EE0753BD3F1000949EB030957
:102B3000F5E7237D722B4FF0000546D02F464FF06E
:102B400001090C2394F83C20002A47D184F83C303A
:102B5000B9F1000F08D02046FFF7DCFEB9F1020FF3
:102B600002D12046FFF7D6FE23692046222B0CBF58
:102B70004FF022094FF02709FFF7CCFE23694B45A0
:102B800002D1237D4B4560D04FF0010A35B1A36ED1
:102B900023B9AB4904F16400FEF736FC04F14003AD
:102BA0004FF0000B0093EFE0237D622B0CD0662BDF
:102BB0000FD0002547464FF00109B2E7237D722B65
:102BC000454607D00027F6E7002547464FF00209A3
:102BD000B7E7454647464FF00209A2E79A42B7D009
:102BE000A36E002B3FF443AF292104F16400FEF7EC
:102BF000C9FB236E04F15006002B40F0968103219F
:102C00003046FEF7A5FB23690370237D4370637D87
:102C10008370D4E91A57216E2A463046FEF701FC2C
:102C20002A46394624F0B6FA0023A366236EA26D25
:102C3000581C2066D15C2161991C2166105C2075AE
:102C400003332366535C637511E72046FFF762FE8A
:102C50002046FFF75FFE4FF0030A97E7894509D149
:102C6000009849460BF1010BFEF793FB2046FFF756
:102C700051FE89E0002D6DD15C2940F04D81204648
:102C8000FFF748FE236967B9782B0AD85B2B00F25F
:102C90009880222B00F0CC8000F2C4800A2B00F038
:102CA000BE80009801935C21FEF773FBDDF804B051
:102CB00002E104F1640B28215846FEF763FBA36E82
:102CC0000022216981B17ABB3A290DD07D290BD030
:102CD000212929D1207D7238C0B2012829D8607DF0
:102CE0003A2801D07D2824D1D4E91A21881810F877
:102CF000010C3D2809D1D21A194401980293FEF71C
:102D0000B1FAA26E029B013AA266934208BF042365
:102D1000584608BF84F83C302921FEF733FB2C21AC
:102D20005846FEF72FFB29E021F020005B280CD14C
:102D30000132C9B25846CDE90232FEF723FB2046E4
:102D4000FFF7E8FDDDE90232BBE75D2808BF02F1CD
:102D5000FF32EEE77B298FD120460291FFF7DAFDA3
:102D600004F14003019323697B2BA2D104F14000BD
:102D70000299FEF707FB2046FFF7CCFD01987B2167
:102D8000FEF700FB4FF0000B2169002900F0C7801F
:102D9000BAF1010F02D10A2900F0C180D345FFF436
:102DA0005DAF594604F14000FEF753FB0121204678
:102DB000FFF71CFE2046FFF7E9FD00287FF4A6AED2
:102DC0000EE7A3F15C021C2A7ED8DFE812F0310086
:102DD0007D007D007D007D0096003D007D007D0032
:102DE0007D0049007D007D007D007D007D007D002F
:102DF0007D0043007D007D007D001D007D004000C2
:102E00004C0046007D00C6014FF00D0B94F83C309D
:102E10000B2B75D1594604F14000FEF7BAFA4FF07A
:102E2000000B23E7552B1ED03FF63BAF272B01D1DC
:102E30009B46EBE74E2B47D102480AF029F900BF29
:102E4000B7BB0508C0BB05084FF0080BDEE74FF025
:102E5000090BDBE74FF00A0BD8E74FF00B0BD5E778
:102E60004FF00C0BD2E794F83C200C2A07D15C21E0
:102E700004F140000193FEF78CFA019BD8E7752B13
:102E800014BF082304234FF0000B20460193FFF7E3
:102E900041FD226902921046FEF756FB002800F021
:102EA0005781019B0298013B0193FEF78DFB019B2B
:102EB00000EB0B1B002BE8D1BBF5881FA6D34FF00E
:102EC000010384F83C30AAE7A3F1300BBBF1070FF4
:102ED0003FF6E7AE032308E020460193FFF71AFD13
:102EE0002269019B303A02EBCB0B227D303AD2B201
:102EF000072AE1D8013BEFD1DEE74FF0070B85E76A
:102F0000BBF1FF0FDBD80C2BD9D15FFA8BF104F1A9
:102F10004000FEF737FA82E70098C9B2F9E7D345D7
:102F20003CBF032384F83C303BE7033B236670E659
:102F30002846FEF7F5FA054600283FD120695F28AC
:102F40003CD07F283AD8FEF7F5FA48B923692E2BF2
:102F500040F09980207DFEF7EDFA002800F0938084
:102F600021692E2966D10A2384F83C3004F14006F9
:102F70003046FEF70EFA2046FFF7CCFC0A27206900
:102F800000283FF474AD002D66D120F02003452BBE
:102F900062D16521304684F83C70FEF7FAF920468C
:102FA000FFF7B8FC21692B2901D02D29E7D1304644
:102FB000FEF7EFF92046FFF7ADFCE0E7082384F8C1
:102FC0003C3004F14005217C2846FEF7DBF9204621
:102FD000FFF7A0FC206960B1FEF7A2FA0028F2D149
:102FE00020695F28EFD07F28EDD8FEF7A3FA0028EC
:102FF000E9D12846FEF7B7F9594E07460025316852
:10300000384624F05DF900280CD10E35EDB2112DB3
:103010007FF470AD534BD3F81832002B14BF0E233E
:10302000102349E5FFF623AD0135242D06F10406F2
:10303000E5D11CE50923302984F83C3096D1237D65
:10304000494A43F02003623BDBB2DA4002F001025E
:10305000162B98BF154689E7FEF762FA30B920694A
:10306000FEF768FA10B923692E2B09D121692E29A0
:1030700003D021F020034A2B99D184F83C7096E7C5
:103080005F2B97D0F3E4394D00262F7817B12369D1
:10309000BB4205D12046FFF73DFC4FB901230BE5AC
:1030A000652F01D0632F00D1013501360135ECE7E2
:1030B000212F07D123693D2BF0D12046FFF72AFCB1
:1030C0003923F9E42E2F0FD123692E2B02D1237D32
:1030D0002E2B01D05C23EFE42046FFF71BFC20469B
:1030E000FFF718FC0D23E7E40335334615F8027C9F
:1030F000632F01D0652F10D115F8012C2169914261
:1031000006F1010607D12046FFF704FC652F05D024
:1031100033460235EAE7632FFBD11E46144B9B5D15
:1031200084F83C30543BDBB2052B3FF6A0AC0122C7
:1031300002FA03F313F02A0F07D113F0150F3FF42F
:1031400096AC636A1344636291E4636A013BFAE7F5
:10315000012384F83C30834658E6022393E600BFFF
:10316000BC0D0608400000200120400072BB05088D
:103170004C0E060830B585B0054601A880E80E0063
:103180007420FDF775F801AA0446034607CA43F800
:10319000045B83E8070001236FF001020025C4E906
:1031A00006320A22C4E90A23C4E908551420FDF7AF
:1031B0005FF82021206304F14000FEF765F82946FE
:1031C00004F15000FEF760F8294604F1640025661A
:1031D000FEF75AF8236B20461D802561A582FFF774
:1031E00099FB2046FFF796FB2046FFF793FB20460E
:1031F000FFF728FCA36B012B06D094F83C30052B7D
:103200001CBF062384F83C30204605B030BD1FB5F6
:10321000044601A8FFF766FB01AB0ECB2046FFF783
:10322000A9FF04B010BD1FB50446014601A820F057
:103230001DFF01AB0ECB2046FFF79CFF04B010BD75
:1032400010B50446B0B1C3684068984704F1400027
:10325000FEF744F804F15000FEF740F804F1640072
:10326000FEF73CF8206BFDF72BF82046BDE8104038
:10327000FDF726B810BDD0E90432013B036152F8D6
:1032800023007047036942695B1A013B52F823002F
:103290007047F8B5446A06460D46B4B1D4E9000358
:1032A0000B44834222D90831002201442046FDF715
:1032B00005F80246B8B9616820460831FCF7FEFF00
:1032C00063682360336A63603462802D2F4638BFA1
:1032D000802707F10800FCF7CBFF0023076043605D
:1032E0000446706202E023682B4423606068054452
:1032F000656008342044F8BD38B50D460C211446ED
:10330000FFF7C7FF4FF49D73C0E90134056038BD76
:1033100038B50D46D0E903138B42044608D310316B
:1033200040698900FCF7BFFFE36860611033E36028
:10333000D4E90432591C216142F8235038BDF8B554
:103340000E461D46D0E900138B420446174608D3AB
:103350001031C9008068FCF7A6FF2168A060103119
:103360002160D4E901104B1C636050F8312066F3F2
:10337000170240F8312000EBC103DF705D60F8BD3B
:1033800010B48469CAB20023616B10BCFFF7D7BFC9
:10339000C20704D540F0010008600120704708B959
:1033A000002070478307FBD103793A2BF8D183685B
:1033B0000B6013F00100F0D19A0707D11868044B95
:1033C0009842EAD0034BC31A58425841704700BF95
:1033D00004240608A4210608C20701D5012070476D
:1033E00083070ED000F00F03062BF7D00A2B01D075
:1033F0000020704700090D3803288CBF00200120F1
:1034000070470028F4D003793A2BE7D02D2BEFD169
:103410008068B0FA80F0400970470000C20702D50A
:1034200040F00100704783070FD0030900F00F0040
:10343000062803D1D80040F0020070470E3B022B53
:103440000BD8074A52F82300704708B9054870475F
:1034500003793A2BFAD1806870470348704700BF60
:10346000780E0608102F0608DC2A060838B505462F
:103470000C46FFF7B1FF38B12846FFF7CFFF0AF03F
:1034800051FE031B5842584138BD0000F0B593B0BF
:10349000044668460E4617461D46FCF7A9FE10B1C5
:1034A000002013B0F0BD3A463146204609F0FCFB3F
:1034B0000446FCF773FEA30703D12268024B9A422D
:1034C000EED02C600120ECE7101B06082DE9F0413E
:1034D0000E4605461446114689B9204612F092FB65
:1034E000074600F10808A4B93A4631462846FFF7D6
:1034F00003FF01462846FFF70BFF012007E00139D3
:103500002846FFF7BFFEFFF767FF0028E4D1BDE8BC
:10351000F0812846FFF7AFFE0146FFF77FFF013C31
:1035200048F824000029DED08B07DCD16A6A02F15A
:1035300008039942D7D3506803449942D3D24B68C9
:103540001B0A0233A0EB83005060CCE7F7B5866915
:10355000054696F83C00A0F108030F46042B55D809
:10356000DFE803F003232E3B4F00D6E91110FDF7EF
:10357000F1FC902F044614D1C100002241F0020159
:1035800005F128000AF04CF958B14268D1071FD55F
:1035900042F001000146284603B0BDE8F040FFF7C5
:1035A000B7BE200140F00200F4E73346D6E911101F
:1035B0000022DFF7F9FCC30709D540F00100E9E775
:1035C0000096D6E9111000230122DFF72DFE0246F6
:1035D000716B2846FFF790FEDCE7D6E911100A2947
:1035E00006D8FDF7B7FC30B1000140F00600D1E786
:1035F000FDF764FCF7E7D6E91121064810F03EFB21
:10360000E5E7D6E9111010F0A9FBE0E7000140F072
:103610000A00BFE7042E060808B5FFF7B9FE08B98F
:10362000002008BD0B68D90707D49A07F8D118689D
:10363000034BC31A58425841F3E70120F1E700BF9A
:10364000042406080021FFF711BF0121FFF70EBF78
:103650002DE9F04F2D2A85B00446884616461D46B2
:103660001DD10021FFF70EFE20B1810734D103796F
:10367000922B31D1A6F12303DFB2092F00F202828F
:10368000092B00F2F281DFE813F0F700F700F700F2
:103690002901290129014E01F700F001AC01922A0C
:1036A0001DD10021FFF7EEFD07460028E2D082077A
:1036B000E0D14168CBB2952B04D12046FFF7DBFD6A
:1036C000013DD7E7962BD5D121F0FF01204641F0EF
:1036D0009201FFF7D0FD796005B0BDE8F08F962A22
:1036E00013D1D0E9012303EBC203013513F8153CD4
:1036F0002D2B40F05F812A46FFF7E8FE002800F0FE
:1037000059816368023B6360E6E7A2F11E03012B67
:1037100040F28480202A00F09580052AAAD1002159
:10372000FFF7B0FD0746002800F0448110F00309C0
:1037300005D1436803F0FE03562B00F03B810121C5
:103740002046FFF79FFD00F00F03022B014640F0DB
:103750003181B9F1000F06D13B795B2B06D1FF68AF
:10376000002F00F02781B80740F024813B792C2BF3
:1037700040F02081BB6803F00F02022A40F01A815A
:103780001B09482B40F01681FB68002B00F01281CA
:1037900013F0030940F00E811A79302A40F00A81B3
:1037A000D3F808A05046FFF717FE8346002840F0E4
:1037B000DC80AF49AF480CF01FFCA1693A6809688A
:1037C00005465B460CF0FAFC2846FCF729FDA946A5
:1037D000AA460AF1FF3A51462046FFF753FD2369F6
:1037E0006269A3EB0903834642F82300BAF1000F94
:1037F00017D01E2E0BD1FFF728FF90B95846FFF7C0
:1038000021FF002818BF4F46B946013FE1E7FFF707
:1038100019FF30B95846FFF718FFF2E76F1E002D69
:10382000D5D10021B94208D16D1A012D3FF454AF12
:10383000362E00F03181332E2DE12046FFF71BFD9F
:103840000131EFE70021FFF71DFD0746FFF7FAFE04
:1038500078B93846FFF7F9FE002800F0AB80EA217E
:103860002046FFF708FD204605B0BDE8F04FFFF702
:103870004FBD4FF48571F3E7691E2046FFF702FD47
:1038800001A9FFF785FD002800F09480022F9ABF60
:10389000A6F10D095FFA89F94FF02209AF1E002F3A
:1038A00009DA002D40F0D680019AD30740F1D78085
:1038B00042F00101D7E739462046FFF7E3FC02A9B1
:1038C000FFF766FD002875D0DDE9011201AB48461F
:1038D000FFF7DCFD00286DD0013FE0E7691E2046C0
:1038E000FFF7D0FC01A9FFF753FD002862D0AF1EFF
:1038F000002FD6DD791E2046FFF7C4FC02A9FFF792
:1039000047FD002856D039462046FFF7BBFC00098A
:103910002438DDE9011201ABC0B2FFF7B7FD002882
:1039200048D0023FE4E700212046FFF7ABFC01A9A5
:10393000FFF72EFD00283DD001212046FFF7A2FC15
:10394000C0F30710332801990CD1CB0705D48F079A
:1039500030D10A68484B9A422CD1022008F0F0FB83
:1039600001909EE73F38C0B2F8E75046FFF756FD9A
:103970000F09F9008346012241F0020104F12800F9
:1039800009F04EFFC0F804B03846FDF7A2FB0378FB
:103990005F2B204608D1FFF76EFC2046FFF76BFC3B
:1039A0004D46C846082665E6FFF765FC51462046A9
:1039B000FFF7AEFCA91C89002046FFF76AFC46EA27
:1039C00005230746C0F80080436000F10801002D80
:1039D0006BD1962E03D139462046FFF799FC394624
:1039E00041E701212046FFF74DFC00F00F03022BB9
:1039F0000746DFD100212046FFF744FC0028D9D03C
:103A000010F00302D6D10379322BD3D13909C90082
:103A1000D0F80890194841F0020109F001FF002890
:103A2000C8D0406802AA4FEA191108F0CBFA029BED
:103A3000002BBFD0D90708D49A07BBD11A680E490A
:103A40008A4202D00E498A42B4D1039A002AB1D1E7
:103A5000019326E72046FFF70EFC013D21E72946AA
:103A60002046FFF749FC0146FDE62B26A2E700BFF2
:103A700048BC0508501E060804240608840E0608E3
:103A8000A4210608922E17D1D4E9012303EBC20327
:103A900013F8053C2D2B8DD12A4641462046FFF7D1
:103AA00015FD00287FF418AE84E72046FFF7E3FBFE
:103AB000013D41F825008AE7062EEDD0B8E600BFAB
:103AC0000346006830B560B1840702D0012013605E
:103AD00030BD4468E5B28D42F8D100F10803200AF8
:103AE000F5E70346F3E700002DE9F04FAC4B97B044
:103AF000CDE9073102900E4605A8AA49019200249B
:103B0000FCF754FB40234FF40070CDE90934FCF777
:103B1000AFFB20230B908020CDE90C34FCF7A8FBF1
:103B20002146CDE90E0613A8CDE9114409F042FE65
:103B3000019B002B51D0022B0CBF3F222246716B00
:103B4000994F002309A8FFF7FAFB4FF0000B0A9CDE
:103B5000002C00F07781013C0B9B944D0A9403EB01
:103B6000C40253F8343092F803805268C3F3170A42
:103B70008F4B13F8083000938E4B13F80830B8F1D0
:103B8000630F88BF43F4807305EB4305009B03F08C
:103B90000F0903F03003102B21D0202B50D0BBF1A4
:103BA000000F00F02581B9F1020F40F01481012AC5
:103BB00043D04FF0000B0099C90702F1FF3305D540
:103BC00069883940B1F5805F08BF5308012B40F088
:103BD0000081BBF1000FBAD0FBE03D22AFE712B18C
:103BE000BBF1000FB3D005EB420524E02B8803EABC
:103BF0000701B1F5805F0FD196F83C10C3F30B03BA
:103C0000994216D109A84146FFF7A0FC3046FEF7BD
:103C100019FF4FF0000B9AE7531C4B4504D2424664
:103C2000514609A8FFF78BFB298809A8FFF7A8FBD5
:103C3000EFE7023501329145D8D84FF0010B86E706
:103C4000BBF1000F0ED002F10043013B35F81330F9
:103C50003B40B3F5405F08D1002109A80392FFF76C
:103C600057FB039A05EB420B30E0012A7FF66FAF5A
:103C700096F83C30062B40F013814F494F480CF02A
:103C8000BBF9726B3168044600230CF097FA2046AA
:103C9000FCF7C6FABBF8003003EA0701B1F5805F14
:103CA00032D196F83C10DBB299422AD108290BF1A7
:103CB000020B05D1414609A80392FFF747FC039A7E
:103CC00003923046FEF7BEFE039A01329145E1D8D9
:103CD000019B8BB1B8F1050F0ED1002109A8FFF7A8
:103CE000D1FA48B9012109A8FFF7CCFA820714D00C
:103CF00000F00F00022815D1002405EB4909A34666
:103D00002DE0002A99D0B3E7531C5146424609A83A
:103D1000FFF715FBBBF8001087E70028ECD003790C
:103D20003A2BE9D109A8FFF7A6FA09A8FFF7A3FAE9
:103D300000230822514609A8FFF78AFC69E739F8F1
:103D4000023D03EA0702B2F5805F13D1DBB2082B14
:103D500004F101020BF1010304BF14469B464D45DB
:103D6000EDD1BBF1010F2BD1009B5B0628D50025BF
:103D700029460EE0214609A8FFF784FA08B10BF1A5
:103D8000010B0134EBE7FFF776FA0135002818BF85
:103D90000146A54209A8F6D1FFF7BAFA39E700BFF4
:103DA00041320208C7BE020800F0FFFF700F06088C
:103DB000F8120608C00E060854BC05082C1E06089A
:103DC000009B1D0604D5002109A8FFF7A1FA0134C4
:103DD00023464246AEE7012A3FF42FAFD0077FF5D6
:103DE000E8AEB9F1030F7FF443AF4FF0010BE2E609
:103DF00009EA020303F0010335F8134004EA07015E
:103E0000B1F5805F13D196F83C10C4F30B04A142C6
:103E100002F1010409D11BB9414609A8FFF796FB3D
:103E20003046FEF70FFE2246E2E72246BBE6531C71
:103E3000514609A84246FFF782FA214609A8FFF732
:103E40009FFA84E613A809F0C9FC129850B14168A2
:103E500022460831FCF732FA129B5A681A60119A0E
:103E60005A60119396F83C30002B7FF401AF0D9B04
:103E7000002B3FF4FDAE0E9B0B981B681093FCF7D4
:103E80001FFA0E98FCF71CFA0120FCF797F9DDE900
:103E90001001029B83E80300184617B0BDE8F08FBD
:103EA000022B01D10349E9E6042B0CBF0249034967
:103EB0000348E4E666BC050888BC05089BBC050809
:103EC000501E060838B50446406808B9606038BD21
:103ED0004568FCF7F5F92846F7E70000F8B5054610
:103EE00030200E461746FCF7DCF9072D0446057016
:103EF000C66001D0012D0ED1B3681B09A38207F063
:103F00006AFC042320612783E3842020FCF7B0F9B6
:103F1000E0622046F8BD014B5B5DEFE7A8130608A1
:103F200010B50446C06AFCF7CBF92046BDE8104046
:103F3000FCF7C6B930B5048D0022944202D80023A4
:103F4000184630BDC36A03EBC2035D688D42F7D0EB
:103F50000132F2E770B504460D461646FFF7EAFF58
:103F6000C0B9E18C238D8B4208D30631E06AC900C9
:103F7000FCF799F9E38CE0620633E384238DE26A6F
:103F8000591C02EBC300218502F833600023437003
:103F90004380456070BD034618465B68002BFBD12B
:103FA000FFF7C8BFF8B544680E462CB9F8BD042B1E
:103FB000FCD105230370F9E7254628466D68002DDE
:103FC000F4D077683946FFF7B5FF0028F5D00378BD
:103FD000043BDBB2022BE9D80625357000223946B6
:103FE0002046FFF7B7FF0378002BE0D10570646827
:103FF000F4E7036A1B8B012B1EBFC3685B18C36009
:104000007047836A10B504469B6F406A9847238BBC
:10401000226A0133918C9BB29942238338BF9384E7
:1040200010BD038B10B5013B0383836A0446D3F8AC
:104030008430406A984720460121BDE81040FFF7D0
:10404000D8BF2DE9F04F044685B00D4691469A46FB
:104050001BB1CB8A43F00803CB82236AA5F81E90DC
:10406000DA8A42F03002DA821B78002B4AD1A36A46
:10407000606AD3F8B4604A4653462946B44605B050
:10408000BDE8F04F6047DB6A03EBC60B13F8363030
:10409000053BDBB2012B20D8002319E0EB6A039A21
:1040A000039903EBC20213F83130062B0ED1DBF873
:1040B00004105368994209D1A36ABBF802201B6916
:1040C000606A1F460023B84708F10108039B0133CB
:1040D0000393039A2B8D9342E0DC0136236A1A8DF9
:1040E000B242D0DCB8F1000FC1D0A36ACDF800A075
:1040F000D3F8B860606A4B4642462946B04705B0DF
:10410000BDE8F08F0026B046E8E7836A10B50446A4
:10411000D3F88830406A00219847A36A606A1B6B15
:104120000F219847A36A606AD3F8CC3001219847E1
:1041300020460321BDE81040FFF75BBF38B5836A16
:1041400004465B6C406A00229847A36A606AD3F811
:10415000C05000231A461946A8472046BDE83840FB
:10416000FFF7D3BF836A89681B6D406A0022090983
:104170001847836A8968DB6B406A184710B50446A4
:10418000084611461A46FFF7A9FE236A436000233A
:104190008360E3690BB9E06110BD1A469B68002B90
:1041A000FBD19060F8E72DE9F04F87B0054600AFEE
:1041B0000C4651B111F0030612D10B79682B1ED1B8
:1041C000CB681B0913608C68B4B9AB6A0121DB6A48
:1041D00011602246686A98471C37BD46BDE8F08FDB
:1041E000002604F00F03022B08D1210906B9116043
:1041F000AB6A0022DB6AEDE70126F2E716B9A36895
:104200001B091360A04658F8043F4FEA132908EB36
:10421000890309F1FF3BBB60C2465AF8040F00094D
:10422000FCF74DFFBB689A458344F6D10BF10703B9
:1042300023F00703ADEB030DC7F80CD0EA460023CB
:1042400058F8040F3B6007F114010009FCF74CFF1C
:104250007A697A600146504622F09CFF3B687A6892
:104260000133994518D15946F868FCF773FEAB6ADB
:104270000146DB6A686A00229847002EACD00834F9
:10428000BB689C42A8D054F8041FAB6A686A1B6DD7
:10429000002209099847F3E792444FF02E020AF8EA
:1042A000012BCDE731B1826801F00303134304BF52
:1042B0000B68836070472DE9F04107461E4661B1E7
:1042C00011F0030511D1D1F804805FFA88F393420D
:1042D0000BD10C1DB5EB182F01D1BDE8F08154F8BE
:1042E000041F3846B0470135F4E738463346BDE889
:1042F000F0411847F8B504460F4611461A46002308
:1043000085780669837003610E4BFFF7D4FF6368FD
:10431000BBB9618AED1A18BF012551B1228A42B991
:10432000A36A606AD3F8A0309847A36A606A1B6CDE
:104330009847238A628A39462046FFF782FEA57095
:104340002661F8BD8D4B020870B54378012B0546F8
:104350000C4606D1036A0A461B8B0221FFF70EFFAB
:104360002061A268216928464C23BDE87040FFF710
:10437000C1BF70B513464278012A06460C4604D1E7
:104380000A460721FFF7FAFEA061A569E2683046F8
:1043900046232946FFF7AEFFA88A70BD024B896805
:1043A0009D22FFF788BF00BF89500208024B896831
:1043B0006B22FFF780BF00BF156C020838B5436859
:1043C00004460D4653B9114605480BF015FE294623
:1043D00060602046BDE83840FFF764BF38BD00BFCD
:1043E000501E0608014AFFF7E9BF00BF9FBC050841
:1043F0000B79092B70B50CBF858AC58A4FF6FF7300
:104400009D42044602D1064AFFF7D8FF218B628BFA
:10441000A36A606A5B6F8A1A2946BDE87040184734
:10442000ACBC050870B51446054612780E4683B13B
:1044300032B1032A04D0104ABDE87040FFF7BEBF76
:10444000032626706168286AFFF7A5FD00B1067093
:1044500070BD62B901232370006A2146FFF7A2FDF7
:104460002378012BF4D1054A31462846E4E7062A91
:10447000EED0034AE0E700BFC5BC0508D2BC050882
:10448000DFBC050838B505460C4671B101F00F03D5
:10449000022B0CD1080909F00DF8002806DA0649AC
:1044A000064822090BF03EFE6860002038BD044A31
:1044B000FFF784FFF9E700BFE6BC0508E41D060826
:1044C000EBBC05082DE9F3414378012B06460F4666
:1044D00019D10B79102B08D0026A12782AB9134A25
:1044E00002B0BDE8F041FFF769BF103B5D4201AA91
:1044F0004FF06D0107F108005D41FFF7E1FA00247C
:104500008046A04502D102B0BDE8F081019B306A2F
:1045100053F8241000220909FFF71CFD2B46024620
:1045200039463046FFF77EFF0134EAE7FBBC050859
:104530004278012A0B4602D1006A02F0FFBD816A6F
:10454000026A406A203102F008BE4278012A0B4616
:1045500002D1006AFFF7FEBC816A026A406A10312C
:1045600002F0FBBD70B505460C4600292ED0CA07E7
:1045700006D5836A5B6B4910686ABDE870401847CE
:104580008B0717D004F00F04022C4FEA11110AD048
:10459000062C0CD0052919D0836A406A1B6BBDE834
:1045A0007040C9B21847BDE87040FFF7CEBF836ABC
:1045B0009B6BE1E7836A0968DB68406A9847227968
:1045C000034B214653F822302846D6E770BD00BF82
:1045D000B01306082DE9F74F05460C4616469846D7
:1045E0002046FFF72FF840B16EB9AB6A9B6E41468B
:1045F000686A03B0BDE8F04F18472046FFF725F87A
:1046000020B1002EF1D103B0BDE8F08F002C44D0D2
:10461000A30742D163681F0ADBB21E2B2FD196BBC2
:10462000D5F80C9009F10103EB60013F04F1040B94
:104630004FF0000A86F0010257450BDC0237434673
:1046400054F8271032462846FFF7C4FFAB6A4946A4
:104650009B6ACDE75BF8041F01924B462846FFF7A3
:10466000B9FF0AF1010A019AE6E754F8041F43462C
:1046700032462846FFF7AEFFBC42F6D1C3E71F2BF8
:1046800005D1002ECCD1043404EB8707F4E7202BAE
:1046900003D1A46886F00106A2E721462846FFF769
:1046A00061FFAB6A686ADB6E4246314603B0BDE823
:1046B000F04F184738B5036A1B78072B04460A46A3
:1046C00006D0022B04D0BDE83840144AFFF776BE6E
:1046D000956885B9A36A606A1B6B0F219847A36A26
:1046E000606AD3F8CC300021984720460121BDE80C
:1046F0003840FFF77EBCAB070BD12B79AF2B08D12D
:104700002046A968FFF72EFF2046BDE83840FFF796
:10471000FCBC29462046FFF725FFE0E70DBD050854
:1047200070B54378CD68012B0446164606D1036A5E
:104730000A461B8B3146FFF721FD6861002369693A
:104740001A462046FFF77DFCE9682046FFF70AFF7E
:10475000062E05D1A36A606AD3F8883000219847F5
:10476000A36A606AD3F8BC500023AC461A46BDE881
:1047700070400121604738B50C460546C968FFF70F
:10478000F1FEA1682846BDE83840FFF7EBBE0B7983
:10479000342B70B504460D4610D18968FFF7E2FE50
:1047A000ED68AD6885B9A36A606A1B6B0F219847F5
:1047B000A36A0422D3F8A03002211AE0836A406A77
:1047C0001B6B0F219847ECE7AB071FD12B799A2B76
:1047D00013D1A36A606A1B6B0F219847A96800294F
:1047E000E6D02046FFF7BEFEA36AD3F8A03004222D
:1047F0000321606ABDE8704018479B2B06D1A96869
:104800002046FFF7AFFEEB689968E8E729462046A7
:10481000FFF7A8FECCE710B504468968FFF7A2FEB3
:10482000A36A606ADB6CBDE81040002118470000F5
:104830002DE9F7438D68044617465DB9002A6FD00D
:10484000836AD3F8A03002222946606A03B0BDE82B
:10485000F043184715F0030640F08A802B79372B78
:1048600013D132B1836A406AD3F8A0300222012109
:10487000984720462946FFF775FEA36A606AD3F879
:10488000A43003B0BDE8F04318479F2B70D1EB680C
:104890001A79A12A5AD1A22101AA03F10800FFF72F
:1048A0000FF9A968804621B38B0722D10B79372BEA
:1048B0001FD137B1A36A411CD3F8A030606A02222D
:1048C0009847A9682046FFF74DFEA36A606AD3F8AF
:1048D000A43098474FF00109464510D1B9F1000FB7
:1048E0001ED1A36A606AD3F8A0300322711C9847D6
:1048F00016E02046FFF736FE4FF00009ECE7019B7B
:1049000053F8261079B900272046FFF72BFEB9F19E
:10491000000F17D07FB91B4A29462046FFF74EFDEE
:1049200003B0BDE8F0838F07EDD10F79A7F1370011
:1049300047424741E8E7A36A606AD3F8A430984742
:104940000136C9E7002FFBD00F4AE5E7AB685BB142
:104950009A0709D11B79372B06D10422294603B0C7
:10496000BDE8F043FFF7DCBE052229462046F6E706
:1049700029462046FFF7F6FDA36A0322D3F8A030AC
:10498000012162E718BD050829BD05080122FFF7CE
:104990004FBF70B50D46C9680446FFF7E3FDA9682F
:1049A000A36A606AD3F89830C1F30711332918BF9E
:1049B0003F39BDE8704014BFC9B202211847F8B5AD
:1049C0004E680C4689680746FFF7CCFD360A0C3462
:1049D00000250235AE4200DCF8BD38466168FFF7BD
:1049E000C1FD2168BB6A786AD3F89C300909243973
:1049F000C9B208349847ECE72DE9F0410C46D1F8EC
:104A0000048054F8081F0746FFF7ACFDA8F10D0617
:104A1000F6B20125B5EB182F01DBBDE8F08154F8A3
:104A2000041F3846FFF79EFDBB6A786AD3F89C30B6
:104A3000314698470135EDE72DE9F0414E680446CF
:104A40000D46360A8968FFF78DFD032E83BFD4F823
:104A50000C8008F10103E3604FF0000801277B1C84
:104A60009E4222DC032E55D9E568606A6B1CE36028
:104A7000A36A29469B6E9847A36A606A9B6A41466F
:104A80009847A36A606A9B6801219847A36A606A95
:104A90001B6E9847A36A606ADB6D9847A36A606AD9
:104AA0009B6A2946BDE8F04118472969204602372C
:104AB000FFF758FDB74207DAA36A606A5B6D984753
:104AC000A36A606A5B6E9847EB68A26A606AD2F874
:104AD0009C2003F00F010A2911D1C3F30713252BE2
:104AE0001ABF343BD9B206219047B74205DAA36A10
:104AF000606A1B6F4246002198470835AFE7197975
:104B0000852901D13221EFE79B680BB90721EBE73B
:104B10003321E9E7BDE8F08110B504468968FFF765
:104B200021FDA36A606AD3F89830BDE810400321E4
:104B300018472DE9F0470D46D0F80C8055F8046F62
:104B40005FFA86F9A9F11E03D3F1000949EB0309C5
:104B500008F101030446C360360A0027B74206D1B4
:104B6000A36A606A9B6A4146BDE8F047184755F85A
:104B7000041F20460137FFF7F5FCB742EEDAA36ABF
:104B8000606A1B6F424649469847E7E701F00F030A
:104B9000022B70B5044612D00B79492B09D0483B43
:104BA000082B18D8DFE803F00817071717171705A1
:104BB00007000123A37070BD8E680D6975B9A378D5
:104BC000002BF8D1638A002BF5D020461D4ABDE8A2
:104BD0007040FFF7F3BBD1E90265EFE7A3783BB381
:104BE000238A01339BB2012B23820ED1618AD4E93F
:104BF0000903D1B1D3F8A03000229847A36A606AB4
:104C0000D3F8A03002220021984729462046FFF71A
:104C1000A9FCA36A606A9B6B31099847A36A606A22
:104C2000D3F8A430BDE8704018471B6C9847E5E7FF
:104C3000638A0133638229462046BDE87040FFF74E
:104C400091BC00BF36BD05082DE9F041C568CF68AD
:104C50008846AB1C04460022B968C3602B46FFF7A8
:104C6000B9FCD8F808102046FFF77CFCA36A606AFC
:104C70009B6E691C9847A36A606A9B6A294698479D
:104C8000A36A606A9B684FF0FF319847F968204635
:104C9000FFF768FCA36A606A9B6A691CBDE8F04183
:104CA00018472DE9F047C668D0F814A0B0F81A905C
:104CB0008682B31CC36006F10108038BA0F816803E
:104CC0000446438388680D46FEF7BCFCF8B9E768E4
:104CD000A8687B1CE360FEF7B8FC20B9A36A606A91
:104CE0009B6E41469847A36A606A9B6A394698471B
:104CF000E9682046FFF736FCA36A606A9B6A414672
:104D00009847A9683B4601222046FFF763FC2969C2
:104D1000C4F814A02046A4F81A90FFF723FCA36A55
:104D2000606A9B6A3146BDE8F04718472DE9F347B2
:104D3000C668731CC360044688680D46FEF782FC93
:104D40000246E8B9E768A9687B1CE36020463B4659
:104D5000FFF740FC2046E968FFF704FCA868FEF76F
:104D600074FCD8B92B690BB96B6923B1A36A606A6B
:104D70009B6E31469847A36A606A9B6A394698479A
:104D800001AA712105F11000FEF79AFE0027824664
:104D900057450BD169692046FFF7E4FBA36A606AB7
:104DA0009B6A3146984702B0BDE8F087019B53F8F3
:104DB0002780D8F80800FEF745FC0246F8B9D4F879
:104DC0000C90D8F8081009F10103E36020464B4627
:104DD000FFF700FC2046D8F80C10FFF7C3FBD8F80B
:104DE0000800FEF732FC0028D8D1A36A606A9B6EE7
:104DF00031469847A36A606A9B6A494698470137DB
:104E0000C6E70000184B2DE9F041D3F818620446BC
:104E10000F463EBBC56889686B1CC36001222B46E8
:104E2000FFF7D8FBA36A606A5B691F2101229847DC
:104E3000F96851B12046FFF795FBA36A606AD3F881
:104E4000BC70324633460121B847A36A606AD3F882
:104E5000C83001219847A36A606A9B6A2946BDE869
:104E6000F0411847BDE8F0814000002070B58D6822
:104E700004463DB9836AD3F8C8302946606ABDE864
:104E800070401847AB070ED12B795E2B0BD1A96868
:104E9000FFF768FBE9682046FFF764FBA36A02217D
:104EA000D3F8C830EAE729462046FFF75BFBA36A40
:104EB0000121D3F8C830E1E710B504468968FFF74F
:104EC00051FBA36A606ADB6DBDE810401847000023
:104ED0002DE9F041036A1B78072B044604D0BDE896
:104EE000F0411A4AFFF76ABA8D685DB9836A406A71
:104EF0001B6B0F219847A36A606AD3F8C430BDE8E2
:104F0000F041184715F003021DD12B791B2B1AD144
:104F1000C668EF68731CC360B9683346FFF75AFB75
:104F2000A9682046FFF71EFBA36A606AD3F8C43065
:104F30009847A36A606A9B6A31469847F968204699
:104F4000FFF710FBD7E72946F9E700BF54BD050876
:104F50002DE9F0410C46064654F8045F2D0A04EB97
:104F60008507BC4208D1B36A706AD3F8A0302946DD
:104F70000022BDE8F041184754F8041F3046FFF7FF
:104F8000F1FAEEE7896810B4034639B9826A406ADB
:104F9000D2F8A0400A46234610BC18474A68120AB5
:104FA000022A0AD1CA6842B1940706D11279AC2A02
:104FB00003D110BC0622FFF7B3BB10BC1846FFF7A5
:104FC000C7BF2DE9F0410D46064655F8048F0F4640
:104FD0000024B4EB182F01D1BDE8F08155F8041F6F
:104FE0003046FFF7BFFA73683BB10234304657F8DA
:104FF0002410BDE8F041FFF755B90134E9E710B5D9
:105000000446FFF7DEFFA36A606AD3F89C30BDE870
:1050100010402221184770B58C68054644B9836A50
:10502000D3F8A03001222146686ABDE870401847D5
:10503000A1071ED16368DAB2922A1AD11B0A022B89
:105040000CD1E36853B19A0708D11B79AC2B05D179
:1050500021460322BDE87040FFF762BB2146284687
:10506000FFF7AFFF6168AB6A0122D3F8A030090AED
:10507000DAE721462846FFF775FAAB6A0122D3F832
:10508000A0301146D0E7000001F00F03022B2DE9FC
:10509000F04706460C4604D1BDE8F0470909FFF782
:1050A00047BA002954D011F0030551D10B792C2BAC
:1050B00037D18968FFF756FAE768002F48D017F014
:1050C000030845D17D68EAB28E2A3B4608D12D0AF5
:1050D000013D07F10409454510DC023557F825303C
:1050E0001A79312A12D199683046FFF73BFAB36A30
:1050F000706ADB6CBDE8F0470221184759F8041FBD
:105100003046FFF72FFA08F10108E4E7322A1FD1F1
:105110009968B36A706A1B6DBDE8F04702220909FD
:1051200018472D2B14D18C6894B163681B0A022B8D
:1051300006D0271D6368B5EB132F10D3BDE8F087A9
:10514000E368002BF5D09A07F3D11B79AC2BF0D193
:1051500021463046054ABDE8F047FFF72FB957F81A
:10516000041F3046FFF790FF0135E3E760BD0508F7
:105170002DE9F8430446006A1746C28A0D46910796
:1051800006D5374A29462046BDE8F843FFF716B949
:1051900005F00F01022918D1A37829098BB1838B5F
:1051A000013383834FF000094FF00108002955D0E7
:1051B0000022FEF7CFFE03780646002B38D0294A9E
:1051C000E0E7438B01334383ECE72979B942A946F1
:1051D0000BD1A968A37809091BB1838B01338383A1
:1051E000E2E7438B01334383DEE7994218D1A3788A
:1051F000002BC6D10121A170A96879B301F00F0677
:10520000022E18BF894642F0040218BFD9F80810D0
:10521000C28206BF0909994609094FF00308C5E78C
:10522000A96842F002020909C2824FF00508BDE7F1
:105230000423037080F80180236A1B8B032B0DD19C
:10524000482F0BD1B9F1000F08D0D9F80C10204627
:10525000FFF718F9737843EA00137370BDE8F88319
:105260009BBC050874BD050849234822FFF780BF91
:105270004F234E22FFF77CBF2DE9F04F0D468DB036
:10528000016200214270C1602B78072B044616464C
:1052900005D0894A0DB0BDE8F04FFFF78FB8012A5D
:1052A00005D0036B021D1B68C06A314698476378BE
:1052B000D5F80C80032B10D10BAA462108F10C0065
:1052C000FEF7FEFB236B0B9A9B680146E06A98474A
:1052D00063686883002B40F0B880D8F81010C1B123
:1052E00001F00F05022D10D10B09752B3DD006D80A
:1052F0003E2B3CD05E2B0DD0704A2046CAE740F2D0
:1053000097529342F8D1032504E06D4A2046FFF7F7
:1053100055F80225D8F81430089309AA192108A8CD
:10532000FEF7CEFB4FF000090790079B994520D16F
:105330006378012B15D9236BE06A5B68294698478F
:105340006378042B0DD1206AE26A0395438B0293A4
:105350000023CDE900330521D2E90232006906F0CD
:105360004AFA6368002B70D114E00025D2E70125CA
:10537000D0E7099B53F829100B79082B4FEA890BCA
:1053800002D109F10109D0E7052B06D04D4A20468C
:10539000FFF714F80DB0BDE8F08F8B68002BF5D047
:1053A0009807F3D1CA68002AF0D11A792C2AEDD1D6
:1053B0009F6807F00F02022AE8D1DB680493002BF4
:1053C000E4D09A07E2D11B79302BDFD1049B0AAAE3
:1053D000A42103F10800FEF773FB3F09B7F5926FB4
:1053E00082461BD1012805D10A9A136803F00F03E6
:1053F000022B04D0344A099B53F80B10C7E7E1682D
:10540000012E01F10103E3601AD01268236BE06AF8
:10541000DB681209984798B92C4AECE740F2B5339B
:105420009F4216D1012803D10A9B1968CB0701D4EA
:10543000274AE0E7012E03D0E06A491002F0B7FBEB
:105440006368002B9DD0DDF81080D8F80030A36091
:10545000A0E740F204439F4223D1012804D90A9BCC
:105460001A6812F0010701D11A4AC4E7012EE7D0E9
:10547000531006930A9A0BA952F82700FEF7CCF8AE
:1054800008B9154AB7E7E36A0B9805930CF033F8AF
:1054900001370246DDE9050102F090FBBA45E9D18A
:1054A000CEE7012ECCD0236B0246D3F810B0E06AD1
:1054B0000A9B3946D847C3E77EBD050894BD050859
:1054C00098BD0508A9BD0508B7BD0508C3BD0508F9
:1054D000C7BD0508D3BD0508E5BD05084278012A0A
:1054E0000B4602D1006A01F029BE816A026A406A55
:1054F000183101F032BE00002DE9F0478F07044655
:105500000D46164611D001F00F03022B16D102F002
:10551000FD06012E4FEA111103D0BDE8F047FFF759
:10552000DDBFBDE8F047FFF710B84968CBB22D2BBF
:105530007ED00AD8062B0DD02C2B12D0294620461F
:105540004E4ABDE8F047FEF739BF2E2B00F08380AE
:105550009D2BF3D1002EF1D105F10802090A204656
:105560007EE0022A02D0A968FEF7FCFFD5F80C8085
:10557000B8F1000FE2D018F00303DFD1D8F80470BF
:10558000FAB28E2AC1460CD13F0A022E07F1FF372C
:1055900004D008F1040A9946B94513DB023758F8DC
:1055A000279099F80430312B26D1022E12D1A36A0C
:1055B000606A5B6E9847A36ADB6C0121606ABDE894
:1055C000F04718475AF8041F2046FEF7CBFF09F1B1
:1055D0000109E1E72046D9F80810FEF7C3FF012EC4
:1055E000D4E9090305D19B6D9847A36A0021DB6CC0
:1055F000E4E7DB6C0121E2E7322B9FD1012ED4E9F5
:1056000009030BD15B6D9847A36AD9F808101B6D8D
:105610000022606A0909BDE8F0471847022E01D14F
:105620001B6E9847A36AD9F808101B6D0122F0E79A
:10563000AA68002A82D0002E80D15168090A022966
:1056400007D1D3682BB1980703D11B79AC2B3FF45A
:1056500075AF083283E7002A7FF470AFA96819B9E3
:10566000BDE8F04700F070B88E0703D10B79922B9C
:105670000A46E2D005F10802012170E7F0BD0508F5
:105680002DE9F047C6681F46B31CC360836A044611
:105690000D469B6A406A314691469847A36A606A04
:1056A000D3F88C30711C9847A96800222046FFF778
:1056B00023FF2D6965BB49462046FEF753FF236A49
:1056C00019780629D4E909031CD1D3F8CC3029462E
:1056D000984720460121FEF78CFCA36A606ADB6DC7
:1056E0009847A36A606A9B6E31469847A36A606ACE
:1056F0009B6A711C9847A36A606AD3F89030BDE832
:10570000F0471847BA00D3F8A83005329847E8E7C1
:105710002B79AD2B07D1A968334600222046FEF72E
:1057200059FFED68C6E7E9682046FEF71BFFA36A4C
:10573000606AD3F88830012198477B1C4A46294685
:105740002046FFF79DFFCCE72DE9F8430446884645
:1057500091464F1E00254FF0FF367A1C0CD1731C6A
:1057600005D1A36A606AD3F8AC304146984700255A
:1057700045451CD1BDE8F88359F8251071B188075B
:105780000CD10B79222B09D101360AD1A36A606AA8
:10579000D3F8B0303A46294698472E460135013FA6
:1057A000DBE72046074ABDE8F843FEF707BE59F895
:1057B0002510AE4208BF896800222046FFF79CFEF4
:1057C0000135D5E704BE05082DE9F04704460F462C
:1057D0009046994621B9BDE8F0471946FEF7C2BE8A
:1057E000C668731CC360156835B315F0030A23D16E
:1057F0002B797B2B20D1A968FEF7B4FE52463146A7
:105800002046FEF7FEFBE96852462046FFF774FE8D
:105810004B4608F10402791E2046FFF7D5FFA36A24
:10582000606ADB6F3146984720460321FEF7E1FBB3
:10583000BDE8F047FEF7F5BB29462046FEF792FE8D
:10584000204600223146FEF7DCFBA36A606ADB6D6E
:105850009847DDE737B50C46054601AA7A2104F1E1
:105860000800FEF72DF9E368019A01462846FFF784
:10587000ABFF03B030BD2DE9F04F8B6803F00F0391
:10588000022B89B004460D4640F0FF80CB68002B08
:1058900000F0FB809A0740F0F8801A792C2A40F03B
:1058A000F4809A6802F00F01022940F0EE8012099C
:1058B0007C2A40F0EA80DB681A79302A40F0E580E3
:1058C0009B68069307AAA42106A8FEF7F9F8431ED1
:1058D000022B024600F2D98007990128D1F80090E6
:1058E00000F02081022800F0C4808E68F30740F1A8
:1058F000CC80720800F0C9804968B9F1000F40F00F
:10590000BA804A468946B9F1000F08D019F0030F52
:1059100005D199F80410A639022940F2B680AB6887
:1059200001932B696F690293E5686369218B049386
:10593000638B039305F1010BAB1C618319F0010824
:1059400005F104010593A582A4F816B005F1030A38
:10595000E16005D1494620460592FEF703FE059A0F
:1059600011462046FEF7FEFDA26A606A926E51461D
:105970009047A26A606A926AA91C9047A26A606A0C
:10598000526D9047002201992046FFF7B5FD02991C
:105990002046FEF7E7FDA26A606A926A5946904780
:1059A00031462046FEF7DEFDA26A606AD2F89C20EE
:1059B0000E219047A26A606A926A51469047D4E9E4
:1059C0000902B8F1000F40F0AF80936D9847A36AC9
:1059D000606A1B6E9847A36A606AD3F89C30002EF9
:1059E000ACBF002101219847A36A606ADB6EAA1C44
:1059F00001219847049B6361039B6383002F00F0A0
:105A00009A80A36A606ADB6D88F001099847B8F153
:105A1000000F03D1A36A606ADB6D984739462046C0
:105A2000FEF7A0FDE668606A731CE360A36A314676
:105A30009B6E9847A36A606A9B6809F101019847C9
:105A4000A36A606A9B6A29469847A36A606ADB6D0D
:105A50009847B8F1000F03D1A36A606ADB6D9847DD
:105A600027B1A36A606A9B6A3146984709B0BDE8CE
:105A7000F08F032640E719F0030F7FF442AF99F847
:105A80000420A63A022A3FF63CAFE668238BB4F81E
:105A90001A9063836FEA46436FEA5343D4F814A025
:105AA000A382771CF31CE968E3602046E782FEF7D7
:105AB00059FDA36A606AD3F8883001219847A36A28
:105AC000606A9B6A39469847A36A606AD3F88C304B
:105AD000B11C98470022A9682046FFF70DFD2969EF
:105AE0002046FEF73FFDA36A606A9B6E39469847E1
:105AF000A36A606A9B6AB11C9847A36A606AD3F87C
:105B0000903098476969C4F814A02046A4F81A9008
:105B1000FEF728FDA36A606A9B6A314609B0BDE8BA
:105B2000F04F18470326EEE6526D9047494620464F
:105B3000FEF718FD4FE73E4682E72DE9F74F044692
:105B4000894692469B4629B9194603B0BDE8F04FF5
:105B5000FEF708BDC5682B1DC36013686F1C05F1F7
:105B60000208EE1C002B00F0D48013F0030240F07A
:105B7000D08019797B2940F0CC80996801920093FC
:105B8000FEF7F0FCA16A606A496D88474FF46471C2
:105B90002046FEF7D3FADDE900322046D968FFF748
:105BA000ABFC022229462046FEF72BFAA36A606A64
:105BB0009B68032198470AF104025B4609F1FF3113
:105BC0002046FFF7BAFFA36A606A9B686FF0020184
:105BD0009847A36A606AD3F880902A4639464346BC
:105BE000C847A36A606A5B6D9847A36A606A5B6E88
:105BF0009847A36A606A1B6E9847A36A606A5B6CE9
:105C0000002240F291319847A36A606A5B6E984720
:105C1000A36A606A5B6E9847A36A606A5B6D984787
:105C2000A36A606A1B6D00220A219847A36A606A12
:105C30001B6E9847A36A606A1B6B0F219847A36A83
:105C4000606AD3F8C05000231A460321A8472046B3
:105C5000FEF75BFAA36A606ADB6E32460021984762
:105C6000A36A606ADB6D9847A36A606A1B6B0F21A9
:105C70009847A36A606A9B6E31469847A36A606A38
:105C80009B6802219847A36A606A9B6A41469847CD
:105C9000A36A606A5B6E9847A36A606A5B6E984706
:105CA000A36A606A9B6A39469847A36A606A5B6C1C
:105CB000002240F291319847A36A606A1B6B0F2162
:105CC0009847A36A606A5B6D9847A36A606A5B6DD8
:105CD0009847A36A606AD3F8C05000231A4603218C
:105CE000A8472046FEF711FAA36A606ADB6D984761
:105CF000A36A606A9B684FF0FF319847A36A606AA5
:105D00009B6A31469847204603B0BDE8F04FFEF746
:105D100088B919462046FEF725FCA36A606A5B6DC8
:105D2000984720464FF46471FEF708FAA36A606A48
:105D3000DB6D984735E72DE9F041CD6804460E4606
:105D400065BB0378C3B1036A1D78ADB940F29E31DB
:105D5000FEF7FBFBB1682046FEF704FCA36A606A0D
:105D6000D3F8BC602A462B460121B047A36A606A7B
:105D7000DB6DBDE8F0411847B1688B0707D001F033
:105D80000F03022B08D12046FEF7ECFBEEE70029BB
:105D9000F9D00B793A2BF6D1BDE8F081AF0740F08E
:105DA000AF806B68DAB25B2A11D1ED68002D4AD161
:105DB000006A0378072BEFD1896801F00F03022BEB
:105DC000EAD10422BDE8F041D140FEF7C3B8562A1B
:105DD00013D101228968FFF78FFBE9682046FEF79F
:105DE000C1FBA968A36A606AD3F89C3009093E39EF
:105DF000C9B298470222B1687DE0572A25D11B0A13
:105E00005F1E013355F82310FEF7ACFB002F03DDB6
:105E1000A36A606A5B6D9847B16800222046FFF76D
:105E20006BFB04350026BE42B6DA0136BE4203DA09
:105E3000A36A606A5B6D984755F8041F00222046EC
:105E4000FFF75AFBEFE7A9075AD16B68DAB2062AC7
:105E500056D1B768002F53D0BA0751D17A68D1B262
:105E600006294DD11B0AB3EB122F4FEA122847D156
:105E7000A8F10203012B43D8BB6823B1980702D1D4
:105E80001B79222B3CD0FB6823B1990702D11B79E7
:105E9000222B35D0B8F1020F06D03B6923B19A0707
:105EA00002D11B79222B2BD0A9682046FEF75AFB82
:105EB000E9682046FEF756FBB8F1030F07D12046EC
:105EC0002969FEF74FFBA36A606A5B6E9847A36A75
:105ED000606A1B6E9847B96800222046FFF70CFBEA
:105EE000F96800222046FFF707FBB8F1030F7FF4A3
:105EF00053AF396900222046BDE8F041FFF7FCBAF4
:105F000029462046FEF72EFB002274E70023032AD1
:105F10002DE9F04104460D46164642700162C36009
:105F200080F8342002D1C08E50BBA063A36A606A9F
:105F30001B684FF000083146A4F836802A4698477F
:105F400006212046FEF755F86778EE68012F04BF5A
:105F5000A5F82280A5F82480B6B1B20714D1337910
:105F60003F2B11D1B168FEF7FDFAA36A606AD3F83E
:105F7000C4309847A36A606A5B68BDE8F04118477F
:105F80008000FAF78EF9D0E72B78072B00F2938088
:105F9000DFE803F0049125414141410E314620469E
:105FA000FEF7E0FAA36A606A1B6B0F219847DCE7F3
:105FB000012F12D10023A370F168574B46222046CF
:105FC000FEF779F92B8B032B07D131692046FEF7B9
:105FD00059FAEB8A43EA8013EB827169DFE7A36A1F
:105FE0003168DB68606A98476378012B07D100232A
:105FF000A370B168494B4C222046FEF75CF9F1686A
:106000002046FEF7AFFAEB8ADB07AED5A36A606ADB
:10601000DB6D9847C6E7012FD6F80C8005D1206AC2
:1060200004223946FDF796FF6F83A36A3168DB6867
:10603000606A98472B78032B24D1A36AD3F8A03049
:106040000122606A002198472B78062B28D1A36A89
:10605000606A1B6C984701212046FEF776FAA36A16
:10606000606A1B6C9847A36A606A1B6C98470023A0
:10607000B26841462046FFF703FB2B78062B7FF4DE
:1060800074AF8FE7042B04D1A36A0222D3F8A030A7
:10609000D7E7052BD8D1A36A0322D3F8A030D0E7E5
:1060A00020460121FEF751FAA36A606AD3F88830CE
:1060B00001219847DBE7012F04D104220A21284659
:1060C000FDF748FF17212046FEF73FFA162120462C
:1060D000FFF704FAB168A36A606A9B6B09099847E5
:1060E0001A212046FFF7FAF931692046FEF73AFAFD
:1060F0000A212846FDF71EFF0246D4E9090311785C
:10610000042902D11B6B0F2150E71D69528800231F
:106110000A21A84729E700BF695202087152020804
:10612000036A10B51A8B0446FEF723F90146204690
:10613000BDE81040FFF7D2B92DE9F04F8D682B79FB
:10614000032B85B004460AD12946FFF7E9FFAA6967
:10615000D38A43F00103D38205B0BDE8F08F026A11
:10616000D28AD20706D45F4A294605B0BDE8F04F6F
:10617000FEF724B9162B40F0A780C668E968331DE6
:10618000C360FEF7EFF9A36A606A5B6C002240F21D
:1061900092319847A36A606AD3F8C07000231A4608
:1061A0001946B847E76863690093638B0193BB1C8A
:1061B000E360238B6383A36A606A9B6AA78207F10B
:1061C00001084146A4F8168098470122711C204618
:1061D000FDF717FFA36A606A5B6D984720464FF48E
:1061E0006571FDF7ABFFA96820460022FFF784F92F
:1061F000A36A606AD3F894300022B11C9847A36A5E
:10620000606A9B6A711C9847A36A606AD3F8D030B1
:106210009847A36A606A5B6D9847A36A606A5B6986
:10622000012240F236319847A36A606AD3F89C3065
:1062300008219847A36A606ADB6EF21C0021984728
:10624000A36A606ADB6D9847A36A606AD3F89430EA
:10625000012231469847A36A606A9B6AF11C9847FD
:10626000A36A606A9B68012198472046FDF7D9FE22
:10627000A36A606AD3F8D4309847A36A606A9B6ABD
:10628000B11C984729692046FEF76CF9A36A606A39
:106290009B6E41469847009B6361019B6383A36AA1
:1062A000606A9B6A3146984769692046FEF75AF949
:1062B000A36A606A9B6A39469847A36A606ADB6D85
:1062C00005B0BDE8F04F184703AA7A2105F1080090
:1062D000FDF7F6FBEB68039A01462046FFF72DFC1D
:1062E0003AE700BF0BBE05082DE9F04F85B0C56841
:1062F00001921E460E9B03936B1C0293AB1C04463B
:10630000C3600F4601222946FDF77BFE3946204631
:10631000FEF728F9A36A606AD3F894300022691C5A
:106320009847A36A606A9B6A29469847A36A606A8D
:10633000D3F8D0309847D4F80C9009F10103E3600A
:106340000027019B9F4218DB2046FDF76AFEA36AE7
:10635000606AD3F8D4309847A36A02999B6A606A4E
:10636000984703992046FEF7FDF8A36A606A9B6A86
:10637000494605B0BDE8F04F1847D6F800B0D4F84C
:106380000CA0DBF808800AF10103E3600137B8F1E3
:10639000000F0DD1019BBB422CD02046404A3168F2
:1063A000FEF70CF8204605B0BDE8F04FFDF739BE0A
:1063B00018F0030562D198F80420762A434603D1E9
:1063C000DD68D8F808802D09A36A606A5B6D98477C
:1063D00041462046FEF7C6F8A36A606AD3F89C30AF
:1063E00008219847A36A606ADB6E524600219847ED
:1063F000002D45D1A36A606ADB6D98470025A84649
:10640000DBF80C1020460436FEF7ACF825B3A36A7F
:10641000606A1B6B0F219847A36A606A9B6A4146BA
:106420009847A36A606A9B6801219847A36A606ADB
:106430001B6B0F21984729462046FFF74FF8294646
:106440002046FEF775F8A36A606A9B684FF0FF313B
:1064500098472046FDF7E5FDA36A606AD3F89430BB
:10646000012249469847A36A606A9B6A5146984749
:10647000A36A606A9B680121984762E70025A3E749
:1064800029462046FFF72AF8D4F80C8008F10103CA
:10649000E360022241462046FDF7B3FDB0E700BFAE
:1064A00022BE05082DE9F347C56899466B1C1746BF
:1064B0000E46C36002222946DDE90AA80446FDF71C
:1064C000A0FD002F2DD1A36A606A9B680321984725
:1064D00031462046FEF746F8A36A606A9B686FF073
:1064E00002019847A36A606A1B6B0F219847A36A51
:1064F000606A9B6A29469847A36A606A9B68012183
:10650000984741462046FEF72DF8A36A606A9B68CB
:106510004FF0FF319847204602B0BDE8F047FDF745
:1065200080BDCDF800A04B463A4631462046FFF7E5
:10653000DBFED7E7F0B5CD682B79782B85B0064622
:106540000C4609D1AB6801930023009389681A4671
:10655000FFF7A8FF05B0F0BD742B03AA4FF0770139
:1065600013D105F10800FDF7ABFA2F69A168039B71
:106570000246E86827B900903046FFF7B5FEE9E724
:10658000BC68CDE900043046E2E704F10C00FDF7F9
:1065900097FA00230093A168039B0246ECE70000F2
:1065A00001F00F03022B70B504460E46154602D0CB
:1065B0001F4AFDF703FF29462046FDF7D3FFA36AD4
:1065C000606A5B6D98476378012B4FEA161511D10D
:1065D000226A1378033BDBB2032B0BD850682946A1
:1065E00000F0ACFD0346206A1A78032A08D1294638
:1065F000FDF7B0FC29462046BDE87040FEF76EBFAF
:1066000000222946FDF7A6FC236A5B685B68002B25
:1066100002460CBF0123002304D00178012904BFE6
:106620000021017031462046FDF7FCFEE2E700BF85
:10663000F0BD05082DE9F04F87B0044603910192A3
:10664000A42105AA03A81D46FDF73AFA00260290E8
:10665000B146B04637464FF0010A029B9E4213D125
:10666000B8F1000F04D0A36A606A5B6B4946984793
:10667000019AD4E90903002A79D0D3F8C0404346EF
:106680003A462946A04714E0059B53F826B0BBF1D3
:10669000000F5FD01BF0030F5CD19BF80420A62AEB
:1066A0001FD118F0020F07D0324A59462046FDF795
:1066B00085FE07B0BDE8F08F0FB12F4AF5E71D2E1C
:1066C00001D92E4AF1E70AFA06F2DBF80810204653
:1066D00049EA0209FDF746FF01354FF0010801368E
:1066E000BBE7A72A0CD1A26A606A126C9047DBF85C
:1066F000081048F002082046FDF734FF0137EEE7A6
:10670000A82A27D1DBF80C2072B193070CD111799C
:10671000AA2907D19268DBF808102046FFF740FF4E
:106720000135DCE7AC290FD0DBF8081001F00F02CF
:10673000022A01D0124AB8E7A26A606A926B09097C
:106740009047DBF80C10D6E7062259462046FDF7A5
:10675000E7FFE5E718F0020F01D00A4AA5E70FB1FD
:10676000094AA2E759462046FDF7FCFED8E7D3F8D0
:10677000BC4084E73ABE050841BE05084BBE05088B
:1067800053BE050860BE050867BE050870B50D4616
:10679000417801290446134603D12A46FDF7EEFC51
:1067A0006861A36A606A9B6C98476E6900231A4609
:1067B00031462046FDF745FCA36AB18A9B6B606AAF
:1067C0009847E96829B18B0703D10B79A32B08BF40
:1067D0000021204602230022FFF72CFFB08A70BD63
:1067E000002389681A46FFF725BF00002DE9F8430A
:1067F0000D4689680446FDF7B5FEEE68002E59D0B7
:106800007768216AFBB209788E2BAB6819BF05F156
:106810000C0601273F0A0836072903F00F024BD167
:10682000022A40F093801A099A2A47D133681A79CC
:10683000302A40F08B809B68002B40F087800A2133
:106840002046FDF782FE226AD36A128D32B9316882
:10685000404A2046BDE8F843FDF7B0BD5978C90766
:106860000FD559682046FDF770FE022FD4E90903C1
:106870000AD8D3F8BC5000231A460221A8470125A4
:1068800016E0013A0833E1E7726811793229F0D154
:10689000B56829793029ECD191685B6C012209092E
:1068A0009847A968002301222046FFF7C3FE03256D
:1068B000AF4224D8BDE8F883022A47D140F25922DA
:1068C000B2EB131F42D133681A79302A3ED19D684A
:1068D000002DEDD015F0030838D12B792F2B37D1AF
:1068E000A36A606AD3F8BC50424643464146A84773
:1068F0003368424699682046FDF79AFFBFE705F1E5
:106900000108B84556F825101BD20B79322B18D147
:1069100006EB8503D3F8049099F80430302B10D19E
:106920008968A36A606A5B6C002209099847D9F8F4
:106930000810002301222046FFF77CFE08F1010524
:10694000B6E72046FDF70EFEA846F7E70025AFE7BD
:106950004546ADE76EBE050810B5036A1B78072BE8
:1069600004460A4606D0022B04D0BDE81040064A71
:10697000FDF724BD20461146FFF738FF2046BDE84D
:106980001040FDF7C2BB00BF81BE0508D1E902126D
:10699000FFF706BE036A10B51A8B0446FFF7F6FE32
:1069A00001462046BDE81040FEF798BD2DE9F04FA6
:1069B000044685B08B4602AA42210BF10800FDF780
:1069C0007FF8236A00271E8B8046BA4647450AD1C6
:1069D000DBF80C100B79032B51D132462046FDF722
:1069E000C8FC054659E0029B53F82730019303AADF
:1069F0006C2103F10800FDF763F8039B19680A098D
:106A0000732A05460DD02046FDF7ACFD4FF0010975
:106A1000A94528D3019BD96869B12046FDF7A2FD9D
:106A200009E0022809D02A4A2046FDF7C7FC35466E
:106A30000AF1010A2E460137C8E759680B09412BB4
:106A40000DD040F2D3429342F2D040F2AD52934285
:106A500007D040F2C1329342E5D10425E8E7012591
:106A6000E6E70325E4E7039B606A53F82910A36A6D
:106A700000221B6D0909984709F10109C8E7442B59
:106A800017D18F68324639462046FDF772FCBA6945
:106A9000D38A43F001030546D382A8EB0A080026F7
:106AA000B0450BD129462046FEF718FD05B0BDE8DC
:106AB000F08F32462046FFF769FE92E7A36A606ACC
:106AC000D3F8BC7000231A460121B8470136E7E726
:106AD0008CBE05082DE9F3418D6805F00F030A2BE4
:106AE00004460E4607D0002D31D015F003012ED1FB
:106AF0002B79652B1ED10095002501AA65216846DA
:106B0000FCF7DEFF019B002103EB800040F2CA523C
:106B1000834215D1F26840F21A439A4237D1236A70
:106B20001F78B7B13A4A3146204602B0BDE8F0417D
:106B3000FDF744BC622BEDD1AB680093ED68DCE758
:106B400053F8047B97420CBF01310331E0E7002189
:106B5000E0E7A36A606A5B6B9847A36A606A9B6B15
:106B600005219847A36A606AD3F8A0303A4601210C
:106B7000984701AA29462046FDF715FBA36A606ADB
:106B8000DB6A0222394602B0BDE8F0411847A36A29
:106B9000606A5B6B984706F10C006A466A21FCF755
:106BA0008FFF00260746BE42D4E9090313D1D3F86C
:106BB000A030002239469847294601AA2046FDF711
:106BC000F2FA0025BD42D4E909030DD1DB6D9847E7
:106BD00002B0BDE8F081009A9B6B52F826209168C4
:106BE000090998470136DEE7009ADB6A52F82580EA
:106BF000D8F80860012231099847D8F80C1029B953
:106C000031092046FEF76AFC0135DBE70909F8E7A0
:106C1000A4BE0508836A37B504460D465B6B406A1F
:106C200000219847A36A606A1B6B0F219847294689
:106C3000204601AAFDF7B7FA0199204603B0BDE846
:106C40003040FEF74BBC00002DE9F04F9BB0CDE982
:106C50000201102015469C4CF9F70AFB236943609A
:106C600058220021074604A820F0DEFA4FF0FF3337
:106C7000012113A88DF81050099306F09BFD039B8A
:106C8000D900012241F0020113A806F0C9FD012339
:106C90004360002116A80AF0EBFF029A94F81C3218
:106CA0001268002104A8FDF769FA054611A800F052
:106CB0001FFF864B0B9C01900D900E934FF0000B25
:106CC0000CB1059E1EB30B9C14B1059B002B3ED04E
:106CD0000198DFF8F891DFF8F8A1594600F00FFFAE
:106CE0000B9C0026DDF81480002C00F03781B8F1F1
:106CF000000F00F0EF800C9C04A8E168FDF7D2FAC9
:106D0000A38A069A0399404609F058FA2AE1238B90
:106D1000042B4FF00102214604A807D1FEF7ACFA7C
:106D2000079BA4689B4538BF9B46C9E7FFF7EEF871
:106D3000238D9E42F4D2E36A03EBC60113F836308A
:106D4000012B02D12046FDF72DF90136F0E7E28A4A
:106D5000520716D5218D013913D3E66A06EBC1021D
:106D60004FEAC10E507810F0020F25D04BB1D3E995
:106D7000008C92E8030083E8030046F80E80C2F816
:106D800004C04FF0000323840026B4F828C06645F1
:106D900018DB00239C454DD1D4F804E0BEF1000F70
:106DA00008D00020BEF828A00346504552DB002B37
:106DB00040F08880A46887E7002BCCD1012808BF69
:106DC0001346C8E72378D4F82C80012B4FEAC60A73
:106DD00008EBC60905D1D9F804300A2B18D10136C1
:106DE000D3E715D918F83630012B11D14FF0030332
:106DF00008F83630238B032B05D1D9F8040006F0B0
:106E000059FB012808DCE38A43F01003E38203E026
:106E100018F80A30032BEDD018F80A30042B03D0F1
:106E200099F80130DB07DAD5238C5A1C2284A9F8A3
:106E30000230D4E7E26A02EBC30112F83320052ADC
:106E400006D14A78D6075FBF228C4A80013222845D
:106E500001339FE7DEF82C2002EBC00912F8302046
:106E6000053AD2B2012A14D8002610E0E26A02EBF9
:106E7000C60812F83620062A08D1D9F80410D8F826
:106E80000420914204BFA8F8023001330136B44512
:106E9000ECD1013089E7E06A00EBC20110F8320062
:106EA000062802D14878C00702D54888184448808F
:106EB00001329445EFD1628B1A446283228C1344D1
:106EC000238477E70022F4E7400000209C140608A2
:106ED000A0150608238B042B17D10F9B1BB958460E
:106EE00004F028FC0F9000230D930322494B1093CC
:106EF000214604A8FEF7C0F9059B23B904222146C8
:106F000004A8FEF7B9F9A468ECE6023B012B21D8EE
:106F100036B95B4607AA05A911A803F075FD064618
:106F2000CDE90D6A0222214604A8FEF7EFFF059B7A
:106F3000002BE8D10322214604A8FEF7E7FF059BBA
:106F4000002BE0D10422214604A8FEF7DFFF002831
:106F5000F8D0D8E7019BCDE90D39E3E7B8F1000F90
:106F60007FF4C9AEDDF814802C69B8F1000F1BD195
:106F7000139B1898C3F3DC035B00033300EB93000F
:106F800080004FEA9309F9F773F900EB8903FB607E
:106F9000DDE914EC4346B8600CF1040873451BD1DD
:106FA000189A0023934224D1019800F0B0FD16B145
:106FB000304603F04BFD0F9808B104F0D0FB029867
:106FC000FCF780FF2846AD68FCF7AAFF002DF9D139
:106FD0000598B0B1F9F724F95CF833203AB1042AE6
:106FE0001FBF58F833104910D20820F81120013380
:106FF000D4E7199951F82300F96841F823000133C7
:10700000D0E72A46394620461BB0BDE8F04F04F0D1
:1070100003BC00BF7C1606082DE9F04188422DED27
:10702000028B80460D4605D10124BDEC028B204623
:10703000BDE8F081264B984201D10024F5E7994242
:10704000FBD006F031FE0646284606F02DFE8642AD
:10705000F3D1204B9E4217D1D8F804206B689A4296
:10706000EBD108F1040704350026D8F80430B34208
:10707000DAD955F8041F57F8040FFFF7CDFF04467F
:107080000028D2D00136F0E72946404607F0F0F854
:1070900004460028C9D0104B9E42C6D1404609F094
:1070A000E6F9B5EE400AF1EE10FAB0EE408ABCD136
:1070B000284609F0DCF918EE103A10EE102A03F019
:1070C000004302F000441B1B5C425C41ADE700BF83
:1070D000AC1706084C2F0608A4210608C90010B5F5
:1070E0000122044641F00201083006F099FB436892
:1070F0003BB9A368C3F3DC03013B5B0043F001032E
:107100004360C3F34F0010BD70B505460E46002422
:10711000EB69A34208D8314605F114000AF061FC7E
:10712000EC69013C204670BD2B6A314653F82400BF
:10713000FFF772FF0028F5D10134E9E710B501220D
:107140000446FCF707FF0378012B05D12378012BB8
:107150008CBF04230223037010BD70B505460E4694
:10716000104619461C46FCF7E5FE03785A1E012A14
:1071700006D87368002221462846BDE870401847AB
:10718000032B02D173680122F5E736684288042B8D
:1071900021462846B44608BF0023BDE8704018BF0A
:1071A00001236047426A03464079032888BF586B31
:1071B000114494BF18468018596270474379012BD7
:1071C00007D083681944036981605A8C9142C8BF13
:1071D00059847047002383714379012B1EBF036AD2
:1071E000C26A43F8212070476FF00301FFF7E6BF42
:1071F0000421FFF7E3BF6FF00201FFF7DFBF8279E1
:1072000003460AB118467047C26A40790328114400
:1072100001D8D962F6E7986AD9620244586B1044E3
:10722000704710B50C460121FFF7E9FF047010BD4F
:1072300010B51446FFF7C2FF0121FFF7E0FF04700D
:1072400010BD53220121FFF7F3BF54220121FFF7A4
:10725000EFBF57220121FFF7EBBF58220221FFF7B2
:10726000E7BF59224FF0FF31FFF7E2BF5A2200215A
:10727000FFF7DEBF5B220021FFF7DABF5D224FF090
:10728000FF31FFF7D5BF19B103215F22FFF7D0BF50
:107290005E22FBE7A1F13002D2B20021FFF7C8BFA6
:1072A00062226FF00101FFF7C3BF10B563220446ED
:1072B0004FF0FF31FFF7BCFF0123A37110BD10B5E4
:1072C00001F164020446D2B24942FFF7B1FF012343
:1072D000A37110BD10B501F167020446D2B2494254
:1072E000FFF7A6FF2269D38A43F00103D38210BDC2
:1072F00038B504461D46FFF79BFF2A462046024943
:10730000BDE8384013F0E8BAFF71020870B50446D2
:107310000D46C06819461646FFF7E0FE32460346A2
:1073200029462046BDE87040FFF7E2BF0B46102219
:107330000121FFF7EBBF11320B46D2B20121FFF75B
:10734000E5BF20B40B4602F114055100C1F1010163
:10735000EAB220BCFFF7DABF16320B46D2B24FF0CA
:10736000FF31FFF7D3BF19320B46D2B20021FFF72E
:10737000CDBF70B4C4682578042D08BF65681E466B
:10738000638808BF45F823605D1C658070BCFFF70B
:10739000AFBF03F128011346CAB20021FFF7A8BF0F
:1073A000022A02F12A020B46D2B214BFC1F1010136
:1073B0000121FFF79DBF032910B40BD004290BD185
:1073C00001210C468B1844EA83032F2210BCC943C9
:1073D000FFF78EBF0021F4E700210224F2E70B46FD
:1073E00030220139FFF784BF10B441EA022310BCF8
:1073F00011443122FFF77CBFF8B517461E46FFF750
:10740000DDFE8479054604BB4379022B25D9C46A85
:10741000026AC4F1FF2452F8263004F57F04FE34DA
:10742000442F1C4412D814F1400F14DB3F2CD4BF5E
:1074300000260126A41BB11C2846FFF7E0FE0770BA
:107440006EB9442F98BF40344470F8BD7F2C94BF70
:1074500000260126EEE70126ECE70126EBE76B7933
:10746000442F98BF04F58044042B05D1B4F5004F98
:1074700024BF012385F8383064F07F03E4114370A2
:107480008470E2E710B50B46044642220021FFF764
:10749000B3FF0123A37110BDF8B505460C4616468F
:1074A00021F40047A2B90B0409D55921FFF7B9FE11
:1074B000032459212846FFF7B4FE013CF9D13B468D
:1074C000422200212846FFF797FF0123AB71F8BD48
:1074D0003B4640220021FFF78FFF210A21F07F0168
:1074E0003143C9B22846FFF79CFEEEE720B40B46B5
:1074F000B2FA82F102F147054909EAB2490020BC1B
:10750000FFF77ABF0B464B220121FFF775BF10B57D
:107510000B4604464A220021FFF76EFF0123A371A8
:1075200010BD0000264BD3F81832022B2DE9F0478E
:1075300006460F460ED88569A9420BD9C46A43692D
:107540004D1BE41A40F2FF7855EA040304D1F36AB4
:10755000C6E90537BDE8F087062D01D90F2C1AD9E9
:107560001F2CA24628BF4FF01F0A1F2C10D8032D36
:10757000A94628BF4FF0030901213046FFF712FE4C
:107580004AEA49130370A4EB0A04A5EB0905DBE7FB
:107590004FF00009F0E74545A9464FF0020128BF2A
:1075A000C1463046FFF7FEFD4FEA191303F07003A2
:1075B000234363F07F03037080F80190A246E2E763
:1075C0004000002010B5044631B955224FF0FF317C
:1075D000BDE81040FFF72CBE022904D1FFF731FEB1
:1075E0002046FFF747FE56226FF002012046EFE7E4
:1075F000134621B143224FF0FF31FFF7FDBE442275
:10760000F9E7134621B145224FF0FF31FFF7F4BEF1
:107610004622F9E7322938B5054611D0332912D070
:1076200000242939CAB228464FF0FF31FFF700FE87
:1076300064B12846D322BDE838400021FFF7F8BDE9
:1076400001240621EDE701240721EAE738BD012ADC
:1076500010B40B46044607D0022A0CD110BC692294
:107660004FF0FF31FFF7E4BD11461B322046D2B286
:1076700010BCFFF74BBE4FF0FF31F6E770B50D467B
:10768000044611462AB92B461322BDE87040FFF785
:107690003DBE022A04D1FFF7D4FD2046FFF7E6FDE8
:1076A0002B4618226FF001012046EEE710B4044685
:1076B0003BB90F2A05D8503A10BCD2B20121FFF7CE
:1076C000B7BD03F124012046134610BCCAB2012104
:1076D000FFF70EBE10B4044643B90F2A06D8403A4D
:1076E00010BCD2B24FF0FF31FFF7A2BD03F126016B
:1076F0002046134610BCCAB24FF0FF31FFF7F8BD69
:1077000070B4DDE90365D2B203EB460443EA062315
:1077100015B101320134D2B2091B70BCFFF7E8BDCC
:1077200007B5CDE900230B4634220021FFF7E8FF1F
:1077300003B000BD07B5CDE900230B4636224FF05C
:10774000FF31FFF7DDFF03B000BD10B50446C06890
:10775000FFF7DAFC2322034601212046BDE8104052
:10776000FFF7C6BD01F110033F2B73B506460D466A
:1077700008D8A1F18002D2B2012102B0BDE8704068
:10778000FFF756BD012122220DF10504FFF750FD40
:10779000214605F07F002B46ED11224604F8010D2D
:1077A000681C0128F5D8013503F0400314D11BB93A
:1077B0007F2304F8013C941E091B3046FFF71FFD90
:1077C00001AD01462346AB420AD11844001B9DF887
:1077D0000430037002B070BD002BEDD00023E8E749
:1077E00013F8012B62F07F0201F8012BEBE770B573
:1077F0001446049A134305460B6907BF2022C4F1BF
:107800000101E1432122FFF7B4FDE1B22846BDE8C2
:107810007040FFF706BD1A4308BF32220B6916BF3E
:10782000332201214FF0FF31FFF7A3BD0D2910B521
:1078300004460BD10949C068FFF766FC23220346C2
:1078400001212046BDE81040FFF752BD01F1420280
:10785000BDE81040D2B20121FFF7EABCDC2A0608DD
:1078600038B504460D460F21FFF7E0FF20462946B4
:10787000FFF7B0FC02215C22FFF7DAFC20466FF034
:107880000301BDE83840FFF799BCF8B504460F4640
:107890000F211D461646FFF7C9FF2046FFF7E6FCFD
:1078A00039462046FFF7EEFD31462046FFF792FCB1
:1078B000FFF7CFFC012220462121FFF73CFD2046A7
:1078C0000821FFF7A7FE2A4620460021BDE8F84020
:1078D000FFF78EBE4379012B70B5044614D0C26BFE
:1078E000436A00259B1AC36305642069038D9D428A
:1078F0000CD36379032B1BD1606AE36AA062236314
:107900001844F8F7CEFC6063012070BDC36A03EB36
:10791000C50213F83530052B08D101212046967891
:10792000FFF740FC0670236C013323640135DCE76C
:10793000042BE9D1D4E90A13626A8A4202D1216B8D
:10794000994203D0A26223630020DEE794F8383026
:107950001BB10649064804F099FBE268C38A5268E5
:10796000616B006903F03EFFCEE700BFB6BE0508BD
:10797000981E06082DE9F74F16460023C0E9042398
:10798000378C83608371C362436280F83830738CB4
:10799000B6F82490B6F81A80B6F816A0B6F81EB05D
:1079A000417101221F449742B8BF17464FEA89042C
:1079B000013F826104F0040408F003021443FA005A
:1079C00002F07802B38B05460AF00F0A14433F0910
:1079D0004FEA59094FEA980847EA090242EA0A02BF
:1079E00042EA08021A4352EA0B0235D10121284625
:1079F000FFF7D8FB04706B79022B19D9D5E90F7802
:107A00007C0008F0010304F07E041C434FEA580890
:107A1000BF0944F0800358EA07094FF001012846E6
:107A200018BF1C46FFF7BEFB0470B9F1000FE7D189
:107A30006B6AB18AEB63E868FFF750FB2B4902469B
:107A4000284612F049FF0024738BB28B1344A342E3
:107A500048DD318D002241E0012128460193FFF7E6
:107A6000A1FB64F07F043A0104704FEA8A14019B81
:107A700002F0300204F0400414430BF001021443FE
:107A8000DA0002F0080214434FEA880202F004020E
:107A900014434FEA490202F002021443BF084FEABE
:107AA00059094FEA5A0A4FEA58085B084FEA5B0B3C
:107AB00092E7F36A03EBC2035878C0070DD55888E4
:107AC000A0420AD15968E868FFF708FB0749024657
:107AD000284612F001FF0134B6E701329142E8DC9A
:107AE0000521F0E703B0BDE8F08F00BFA5710208E3
:107AF00010B504464420F8F7D4FBC46010BD10B59F
:107B00000446C1618800F8F7B3FB206210BD10B5D0
:107B10000446006AF8F7D4FB2046BDE81040F8F7A9
:107B2000CFBB10B5044601618800F8F7A1FB606186
:107B300010BD10B5044611B1C068F8F7C1FB60690B
:107B4000BDE81040F8F7BCBB012938B504460D4626
:107B50000BDC0269406992004FF0FF311FF064FBBB
:107B6000002325706370636038BD4068F8F780FBC0
:107B70006368E060A360F3E7437810B5024653B949
:107B800044680078022808BFD36821440CBF181944
:107B90001846516010BD0020FCE7002343700378B5
:107BA000012B9EBF4369426843F821207047426819
:107BB0004B1E134449420B404360704738B50D4695
:107BC0001446FFF7D9FF10B10544A84200D138BDD3
:107BD00000F8014B240AF8E710B50C460221FFF724
:107BE000CBFF10B10470240A447010BD38B50D46A7
:107BF00004211446FFF7C0FF28B1057084702D0AD8
:107C0000240A4570C47038BD012970B5054606DCEC
:107C1000002909DA023921F00104FE2606E08B1E54
:107C2000012BF7D80024F8E70024F22646F435416A
:107C30002846FFF7D1FF44B17F2C09D844F43041E6
:107C400041F080012846FFF7C7FFC5E9066470BD13
:107C5000A300A201DBB202F4E0421A4342F45062F4
:107C60004FF2AD212846FFF7C1FFEEE7C16910B51D
:107C7000044629B17F290BD841F43041FFF7ACFF0E
:107C8000A169204641F43D41BDE81040FFF7A4BF83
:107C90008B008A01DBB202F4E0421A4342F45062E4
:107CA0004FF20D21FFF7A2FFEAE7114341EAC301BA
:107CB000FFF792BF072A85BF083AD200D20042F0F0
:107CC0004002072985BF08391143114341F0800163
:107CD00041F48C41FFF780BF30B4DCB244EA0222A9
:107CE0005C101D0104F48064C3F3033305F4E04524
:107CF00023432A43194330BCFFF778BF38B54369A3
:107D000053F821404368E41A043C0546C4F34A0191
:107D100041F46041FFF760FF2B78022B01D0012076
:107D200038BDB4F5006FFAD36FF30A0414F5006F91
:107D300014BF00200120F3E7F8B5446954F822404D
:107D40004268A41A043C074665101E46BBB9EDB252
:107D500045EA012141F45041FFF73EFF3B78022BF9
:107D600003D0012426463046F8BDFF2CF9D924F073
:107D7000FF0414F5807F14BF00240124F2E7621190
:107D8000C5F30A0502F400522A43A512231205F492
:107D90008065C4F3053403F4006325431A4345EAC0
:107DA000811142F4004241F47041FFF71FFFDAE70E
:107DB00038B5436953F821404368E41A043C05464A
:107DC000C4F34F02C4F30A3142F4784241F47041E3
:107DD000FFF70CFF2B78022B01D0012038BDB4F542
:107DE000800FFAD36FF3150414F5800F14BF002031
:107DF0000120F3E7F8B5476804460D4616461346DA
:107E00000A464FF24021FFF767FF2046330C2A460F
:107E10004FF2C021FFF760FF3846F8BD072910B4C4
:107E2000044608D8FF2A06D842EA012110BC41F4D2
:107E30000051FFF7D1BEB2F5803F07D2134620466E
:107E40000A4610BC4FF24021FFF746BF204610BC47
:107E5000FFF7D0BF2DE9F84341EA0207072FDDF80D
:107E6000209006460C4615464AD803FA09F7FF2F1C
:107E70000CD8914201D0FFF71DFF47EA042141F4DD
:107E800040513046BDE8F843FFF7A6BEFF2B4FEA4E
:107E9000C10814D8914218D043EA012343F4005199
:107EA000FFF79AFE44EA891141EA08013046FFF7DC
:107EB00093FE48EA8511214341F4C051E1E7914224
:107EC00003D03A46FFF7AAFFF3E784F0070901253C
:107ED00005FA09F545F434413046FFF77DFE3A4690
:107EE00049463046FFF79AFF44EA891141EA080102
:107EF00041F4C0513046FFF76FFE45F43C41C0E706
:107F0000BDE8F88308B50378012B04D9FF2902D90D
:107F1000054805F0BDF8C9B241EA0221BDE80840B4
:107F200041F41041FFF758BEC1BE050808B50378FB
:107F3000012B04D9FF2A02D9054805F0A9F8D2B2CD
:107F400042EA0121BDE8084041F41841FFF744BE70
:107F5000C1BE0508D2B242EA012141F42841FFF72F
:107F60003BBE38B5436953F8223042689B1A43F050
:107F700001030C4605460A460A3B4FF24021FFF733
:107F8000ABFE2346284622464FF43241FFF78DFED2
:107F9000210101F0800104F00704214341F48841EC
:107FA000284641F07801BDE83840FFF715BE0000D3
:107FB00073B51F2B069D06460C4611D811430729A1
:107FC0000ED81A49495D44EAC20241F0010142EA71
:107FD000C12141EA831102B0BDE87040FFF7FCBD4A
:107FE00003FA05F1B1F5805F0DD242EA451541EA89
:107FF000043245F4784141F09001304602B0BDE8CA
:108000007040FFF7F3BD1F3B214630460095FFF758
:1080100021FF064B5B5DE10043F0010341EAC32110
:10802000214341F4F8613046D5E700BF74150608D6
:108030002DE9F7431F2B0A9E07460C461546994625
:1080400010D841EA0203072B0CD8204B995D44EA73
:10805000C12141EAC20141EA891103B0BDE8F04300
:10806000FFF7BABD09FA06F2B2F5805F0DD245EA14
:10807000461141F4784142EA043241F08001384629
:1080800003B0BDE8F043FFF7B1BD4FF0010808FAB7
:1080900005F848F434413846FFF79EFDA9F11F0367
:1080A0002A46294638460096FFF7D4FE074B9B5DCB
:1080B00044EAC50141EAC32141F4F8613846FFF7BB
:1080C0008BFD48F43C413846C7E700BF74150608ED
:1080D000436953F821104368CB1A043B013110B4B3
:1080E000C3F34A0204460DD0D91C0BDA23F4FF6116
:1080F00021F0070111F5006F04D110BC42F460417A
:10810000FFF76ABDC3F30A33204642F4384210BC7D
:1081100043F47041FFF76ABD436953F82220436876
:10812000D31A043B013230B405464FEA63040ED043
:10813000DA1C0CDA23F0FF0212F5807F07D1E4B2DB
:1081400044EA012141F4504130BCFFF745BD5A11CA
:10815000C4F30A04181202F40052224300F400602F
:108160000243981200F48060C3F30533034343EAEB
:108170008111284642F4004230BC41F47041FFF7BF
:1081800035BD37B5144602220B4600922146072220
:108190000546FFF70DFFE10041F48F41284603B08B
:1081A000BDE83040FFF718BD07289ABF024B33F9EE
:1081B00010004FF41370704778150608C36C19440B
:1081C0000369C164012B04DD436D5A8C9142C8BF21
:1081D0005984704770474FF0FF31FFF7EFBFFFF74B
:1081E000FABF6FF00301FFF7E9BF704738B5C36C02
:1081F0001944036A9942054608D9083121F003045D
:10820000406AE100F8F74FF8C5E9084038BD70B59D
:1082100004460E4601211546FFF7E8FFE06C616A4F
:1082200001EBC00301F83060012159705D60204608
:10823000BDE87040FFF7C2BF70B504460E4601218D
:108240001546FFF7D3FFE06C616A01EBC00301F84C
:10825000306002225A705D6020460121BDE8704006
:10826000FFF7ACBF00221146FFF7E6BF0A46022126
:10827000FFF7E2BF70B50C1E054605DDFFF7B6FF40
:1082800000231E46A34205DB21462846BDE8704078
:10829000FFF794BFEA6C696A1A4401EBC200012C33
:1082A00046700CBF95F82800002001F83200013319
:1082B000E8E7F8B5D0E90B530133AB4204460E466C
:1082C000174606D90435406BA900F7F7ECFFE562C5
:1082D0006063D4E90C32591C2163C6F30E0102EB32
:1082E000830041EAC73122F823104FF6FF73438021
:1082F0003246A06D0021FFF734FEA06D0022BDE8DC
:10830000F8400321FFF7FEBD037D33B1C36C426A21
:108310005B1A013B12F8330070471846704738B5B6
:1083200004460D460121FFF761FFE26C636A4FF4DA
:10833000807023F8320003EBC20120464D60BDE897
:1083400038400121FFF73ABF37B5456DED8AEC079C
:108350000B4608D5114602220092806D0622FFF7D7
:1083600067FE03B030BD806D03B0BDE83040FFF75D
:10837000C9BD70B5002405462646EB6CA34200DC5F
:1083800070BD6B6A03EBC4035A78012A07D15E7093
:10839000B5F84A105A6821442846FFF7D5FF013442
:1083A000EBE7F8B504461E4617460D46FFF7E1FF1A
:1083B000A06D3A463146FFF731FDA06D29460322F4
:1083C000BDE8F840FFF7DDBE38B504460D46FFF7BF
:1083D000D0FFA06D29460322BDE83840FFF7D1BE8B
:1083E00010B508210446FFF7EFFF20460021BDE845
:1083F0001040FFF794BFF8B5044617461E460D46D9
:10840000FFF7B7FFA06D3A460021FFF707FDA06D0B
:1084100032460121FFF702FDA06D29460322BDE887
:10842000F840FFF7AEBEF8B5C66C05460F46B61A63
:108430000024EB6CA34200DCF8BDB44211D06B6A9F
:1084400003EBC4035A78012A0BD15A68BA4208D107
:1084500000225A70B5F84A103A4621442846FFF7E0
:1084600073FF0134E5E738B5002205460C46114696
:10847000FFF7D9FFE200A86D002142F00202FFF7EA
:10848000CDFC28460021BDE83840FFF748BF13B5B2
:10849000446DE48AE407134607D502220092806DFA
:1084A0000622FFF785FD02B010BD806D02B0BDE869
:1084B0001040FFF73BBD0000F8B5C3699E5C602E1D
:1084C0000446154606D1476813480A46134907F083
:1084D00029FE3860022D0DD8636D9A8C52B9DB8A63
:1084E000DB0707D40E4B5A5D31462046BDE8F84005
:1084F000FFF78DBE002211462046FFF794FFB4F827
:108500004A20636C1A44521B013A00212046FFF7AF
:10851000BEFF0022E8E700BFE41D0608D3BE050841
:108520007816060873B503681A785D88042A04BFB4
:108530005A6842F825106A1C044602265A80002117
:10854000B0F84820FFF7A3FF00960022A06D334645
:108550001146FFF72DFD00960022A06D2B46114617
:10856000FFF726FD02B070BD73B5002204460D462C
:108570001146FFF758FF626D2068D38A43F020034D
:10858000D3822946FEF7C0FD0225B4F848200646EE
:1085900000212046FFF77BFF00950022A06D1146C9
:1085A0000123FFF705FD00950022A06D114603236E
:1085B000FFF7FEFC00950022A06D11463346FFF741
:1085C000F7FC0021204602B0BDE87040FFF7A7BECF
:1085D0000D2902D10749FFF7C7BF0F2903D1002298
:1085E0005421FFF729BEB1F10E0218BF012201216B
:1085F000F7E700BFDC2A0608F8B5C76C446A07F144
:108600000053023B04EBC3040546D4E9020184E8AD
:108610000300667856B9B5F84A203A44013A314623
:108620002846FFF734FF01236370666028464FF049
:10863000FF31BDE8F840FFF7C1BDF8B504461E465E
:1086400017460D46FFF795FEA06D3A463146FFF7F7
:10865000E5FBA06D29460322BDE8F840FFF791BD78
:1086600010B402F1290400230A46E1B210BCFFF75E
:10867000E4BF70B504460E46154662B1037D53B1A2
:10868000084604F017FF021E05DD20467021BDE8F4
:108690007040FFF7D1BD0635E9B2204632460023CF
:1086A000FFF7CBFF20460021BDE87040FFF737BE43
:1086B00007B51346022200920722FFF779FC03B0A8
:1086C00000BD000070B50E46154643B9037D33B1B9
:1086D0005268806DFFF7A2FB2C78204670BD2C7885
:1086E0002CB96A68806D3146FFF798FBF5E7012CDD
:1086F00006D16A680132806D3146FFF7D9FF0AE082
:10870000A31E012B09D86A68806D520042F0010255
:108710003146FFF783FB0024DFE7542C01D1002210
:10872000E9E7014804F0B4FCE8BE0508F8B50546E1
:10873000FFF71FFE00242746EB6CA34200DCF8BDC8
:108740006E6A06EBC4025378022B0ED157700121DA
:1087500000232846FFF7B6FF06F83400B5F84A10A4
:10876000012221442846FFF7EFFD0134E4E738B544
:1087700004460D46FFF7DAFFA06D2946FFF7A8FC77
:10878000A36D01225A7038BDF8B504460E4617464F
:108790000A4619461D46FFF746FEE36C616A9B1BBD
:1087A00001EBC30211F833303B705378012B0DD02D
:1087B000022B14D0CBB9B4F84A20E36C1A44921BB4
:1087C00029462046BDE8F840FFF761BE5268AA423C
:1087D0000BD0A06D2946BDE8F840FFF76BBA002327
:1087E00029462046FFF76EFF3870F8BD10B51346D6
:1087F00004460A460121FFF7C7FF20464FF0FF312C
:10880000BDE81040FFF7DABC70B5049E04461D4673
:10881000FFF7ECFF324629462046BDE87040FFF7DF
:10882000E5BFF0B585B001250DF10F030DF10E0187
:10883000009500220446FFF7E7FF9DF80F709DF8B2
:108840000E602A4639462046FFF7E1FC31462046B5
:108850000022FFF7DCFC2A4639462046FFF7D7FC0A
:1088600000223146204605B0BDE8F040FFF7CFBCFE
:108870002DE9F041DDE9068504461F46089EFFF715
:10888000B5FF424639462046FFF7B0FF324629463B
:108890002046BDE8F041FFF7A9BF2DE9F04186B0C1
:1088A00002260DF11703012501930DF115010DF1BC
:1088B00016030296009500220446FFF7D9FF9DF8A3
:1088C00017809DF815109DF8167020460022FFF7BE
:1088D0009EFC324641462046FFF799FC2A4639461F
:1088E000204606B0BDE8F041FFF791BC30B587B037
:1088F0000DF1170300250193022304460093012282
:108900000DF116030DF115010295FFF7B1FF204699
:108910001921FFF759FD2946204607B0BDE8304030
:10892000FFF7FDBC03297FB50546164613D101228A
:108930000DF10F01FFF75AFF182431462846002396
:108940000DF10F02FFF720FF2146284604B0BDE8D5
:108950007040FFF739BD052906D101220DF10F0145
:10896000FFF744FF1724E8E70223009301220DF1EB
:108970000F030DF10E01FFF747FF1924DDE710B5D6
:108980000A46044601210023FFF7FEFE20464FF071
:10899000FF31BDE81040FFF711BCF0B5044685B0CB
:1089A0000E461546C2B90223077D02750DF10E0170
:1089B000009301220DF10F03FFF726FF27752B46C9
:1089C000324623212046FFF738FE0021204605B01D
:1089D000BDE8F040FFF7A3BC012A09D100230DF147
:1089E0000F022946FFF7D0FE2B4632462421E9E745
:1089F0000DF10F01FFF7C3FF2521204605B0BDE8AB
:108A0000F040FFF7E1BC0000022A7FB504460E46A5
:108A1000154614D8436D9A8C8AB9DB8ADB070ED4CD
:108A2000184B0DF10F015A5DFFF7E0FEE3699DF869
:108A30000F20585D602812D15A5504B070BD0DF159
:108A40000F012046FFF79BFFB4F84A10636C1944EE
:108A5000491B002201392046FFF776FCE6E79042E9
:108A6000EBD0FFF7A1FB01461046FFF79DFB324616
:108A7000646800900B460448044907F053FB2060EB
:108A8000DBE700BF78160608E41D0608F6BE0508F9
:108A900070B504460D4616464BB90F21FFF798FDF9
:108AA000324629462046BDE87040FFF7ADBF70BD95
:108AB00073B504460E4615467AB901220DF1070139
:108AC000FFF794FE05F10C0100233246C9B220469F
:108AD00002B0BDE87040FFF7B0BD0021FFF714FC05
:108AE00020B901220DF107012046E9E70DF1070148
:108AF0002046FFF744FF9DF807202046012304216C
:108B0000FFF74FFCA06D00220121FFF7D3F8D9E752
:108B100073B50D4600210446FFF7F6FB831EDBB25A
:108B2000012B06462DD855B3012D14D10DF10701A7
:108B30002046FFF724FF00231A4644F24021A06D8F
:108B4000FFF7B3F89DF807100022204602B0BDE8F9
:108B50007040FFF75CBB022D09D10DF107012046E3
:108B6000FFF70DFF00231A4644F2C031E7E7124B2E
:108B700064685A5D1149124807F0D4FA206002B0C7
:108B800070BD90B90DF1070120460122FFF72EFEBE
:108B9000204633462A461121FFF703FC3146204682
:108BA00002B0BDE87040FFF7BABBFFF7FDFA054918
:108BB00064680246DFE700BF0430060806BF050808
:108BC000E41D06080FBF0508012937B5044602D089
:108BD0000C4804F05DFA0DF10701FFF7D0FE9DF897
:108BE00007302BB108490948656807F09BFA2860EF
:108BF00022212046FFF7E8FBA36D01225A7003B043
:108C000030BD00BF1FBF050827BF0508E41D0608CB
:108C100010B50446D0E90C3003F18043013B00EB72
:108C20008303DA7822F08002DA70043B98420BD892
:108C300093F90320002AF8DA1A88A06DC2F30E0215
:108C40000021FFF78EF905E059B9A06D4FF40051EE
:108C5000FEF7C2FFA06D0022BDE810400321FFF720
:108C600051B910BD10B504460121FFF7D1FFA06D29
:108C700000210122FFF75AF920460021BDE81040EB
:108C8000FFF74DBB036B73B504460E467BB9002559
:108C90002046FFF74BFDA06D3146FEF77EFF1DB36A
:108CA0000021204602B0BDE87040FFF7B1BF426B23
:108CB00003F18043013B02EB830191F9011000298C
:108CC000E5DA32F82330C3F30E03B342DFD10023D9
:108CD0000DF107020121FFF757FDA06D00220121D0
:108CE000FFF710F90125D3E702B070BD38B504468F
:108CF0000D467AB1806D4FF40051FEF76DFFA06D07
:108D000000220121FFF7FEF829462046BDE8384041
:108D1000FFF72DBD1146FFF77BFFF5E72DE9F04189
:108D200004460D4672B3D0E90C3C03F18043013B8D
:108D30000CEB83030021184616460F4690F901E01C
:108D4000BEF1000F09DA90F903E0BEF1000F04DA7A
:108D5000002F08BF0746E1B90146013EA0F104001B
:108D6000ECD1A06D21BB6FF0030672439E18B44591
:108D700018D94FF40051FEF72FFFA06D00220321F8
:108D8000FFF7C0F825F400412046BDE8F041FFF7A9
:108D9000EEBCB0F80080B1F802E068F30E0EA1F866
:108DA00002E0D9E79A5AC2F30E02FFF7DAF8E4E7D5
:108DB0004B8847F6FE7262F30E034B8025F40042A7
:108DC0003146FFF7CEF8A06D32461321FFF79AF82F
:108DD000A06D32463146FFF721F8A06D32460121E1
:108DE000FFF790F83D88C5F30E05CBE72DE9F34179
:108DF0000E460021044617461D46FFF785FA0DF181
:108E0000070138BB2046FFF7BAFD1DB901212046F6
:108E1000FFF7D4F910212046FFF7D6FA1DB99DF8C7
:108E2000073084F828302046FFF780FCA06D4FF40F
:108E3000205146B3FEF7D0FE3A460121A06DFFF760
:108E40006BF92DBB4FF0FF31204602B0BDE8F04179
:108E5000FFF7B4B92046FFF792FD1DB90121204666
:108E6000FFF7ACF99DF80700431E022BD6D9FFF798
:108E70009BF90949D4F804800246084807F052F9E2
:108E8000C8F80000CAE7FEF7A7FE3A463146D5E724
:108E900002B0BDE8F08100BF31BF0508E41D06083F
:108EA0000023FFF7A3BF0123FFF7A0BF38B5FFF7EB
:108EB00092F904460122806D0021FFF737F8222144
:108EC0002046FFF781FAD4E90C35013B05EB830519
:108ED00023636B8847F6FF72C3F30E03934228D0D7
:108EE0001322A06D0021FFF721F8A06D4FF420514F
:108EF000FEF772FEA368A06D1A680021FFF70CF957
:108F0000698847F6FE73C1F30E029A420BD1A06D39
:108F10004FF48E41FEF760FEA36820461968BDE855
:108F20003840FFF7AFBEC1F30E012046FFF71FFC2C
:108F3000F2E738BD38B50546D0E91530DB8ADB07E6
:108F40000BD501EBC1049200FEF768FFA86D44F455
:108F5000CC51BDE83840FEF73FBEBDE83840FEF7D3
:108F6000F9BF2DE9F84F044688469246FFF701FA0B
:108F700000252F46554510D10026B34656452AD127
:108F800071422046FFF71AF9B4F84A20E36C4146D3
:108F90001A44BDE8F84FFFF7CDBFE66CD4F8249033
:108FA000013E761B09EBC6025378022B11D1577094
:108FB000012341462046FFF785FB09F83600B4F847
:108FC0004A10E36C194401394246491B2046FFF719
:108FD000BBF90135CEE7E36CD4F824905F1EBF1BCC
:108FE00019F83720B2B1B4F84A501D44013DAA1B0C
:108FF00000212046FFF74BFA19F8372001230421FE
:109000002046FFF7CEF90022A91B2046FFF79CF966
:1090100009F837B00136B1E7F8B504460D461646F3
:1090200093B1CA1C02EB46020221FFF79AFF45EA00
:10903000062301221D212046FFF7DDF920460021ED
:10904000BDE8F840FFF76BB98A1C02EB460202212B
:10905000FFF787FF33462A461C21ECE72DE9F7434B
:109060000446894616460121B0F84820DDF82880DC
:1090700002271D46FFF70BFA01230097A06D1A4641
:109080001946FEF795FF55EA08052DD12046FFF752
:1090900070F9A06D2A463946FEF7C0FED9F81010C7
:1090A0002046FFF73FFAA06D03221A21FFF769F867
:1090B000A06D32460121FEF7B1FE32460221204664
:1090C000FFF74FFF25B16FF001012046FFF776F85B
:1090D000A06D03222B21FFF754F80021204603B096
:1090E000BDE8F043FFF71BB9B21C39462046FFF735
:1090F00038FFB11C2046FFF761F8FFF73AF9CDE7DA
:109100002DE9F341044615468846B0F84820012170
:1091100002261F46FFF7BBF901230096A06D1A46F1
:109120001946FEF745FF3D4318D12046FFF721F9C8
:10913000A06D2A463146FEF771FED8F81010204681
:10914000FFF7F0F9A06D03221A21FFF71AF80021AA
:10915000204602B0BDE8F041FFF7E1B820463246B4
:109160003146FFF7FEFE2046FFF703F9E5E770B54D
:10917000042A86B004460E46154629D102294FF02E
:10918000000517D101220DF1170100950DF116030D
:10919000FFF73AFBA06D2A463146FFF789FA2621F0
:1091A0002046FFF711F90021204606B0BDE87040C7
:1091B000FFF7B5B80DF11503019301230093029554
:1091C0000DF1160302220DF11701FFF751FBE6E73F
:1091D000012A01D9032A04D1324601212046FFF792
:1091E000C0FE05F1130100233246C9B22046FFF745
:1091F000D8F8D8E738B5042204460D460021FFF719
:10920000B0FE20460421FEF7D9FF1F21FFF7DCF84E
:10921000A06D4FF42051FEF7DFFCA06D2A4600211F
:10922000FEF77AFF20460021BDE83840FFF777B807
:1092300037B504460D460021FFF7EAFC20464FF003
:10924000FF31FEF7BBFFA36819680231FFF71AFD73
:10925000204600225421FEF7EFFF20460022542131
:10926000FEF7EAFF204600225421FEF7E5FF2046E4
:1092700005220221FFF775FE0322204600231C2150
:10928000FFF7B9F8A36820461968FFF770FAA06DD8
:109290002946FEF782FC20460121FFF7B9FC204653
:1092A0000221FEF7E7FFA06D01220021FEF73EFE3E
:1092B000A06D4FF42051FEF78FFCA368A06D1A68D3
:1092C000022502320021FEF727FF002300951A46EF
:1092D000A06D0121FEF76CFE20460121FFF71FF86B
:1092E00020460021FFF71BF8204600225421FEF7FC
:1092F000A3FF294620460522FFF733FE0023032261
:1093000020461C21FFF777F820461021FFF75CF874
:10931000A06D4FF42051FEF75FFCA368A06D1A68A2
:1093200000210132FEF7F8FEA36820461968FFF716
:10933000A9FCA06D4FF40051FEF74EFCA06D002279
:109340000121FEF7DFFDA368196820460131FFF710
:1093500099FC0121204603B0BDE83040FEF72EBF46
:10936000436D73B5DD8A15F00106044613D0012262
:109370000021FFF7F6FD002202212046FEF7E4FF60
:109380000022A06D1146FEF749FDA06D00221221BA
:10939000FEF7B8FD1BE0037D002B46D03146FEF7FB
:1093A000B3FF5428C5F3871525D12046FEF713FFD8
:1093B000ADB9A06D2A462946FFF77AF9636D9A8CFC
:1093C000002AE2D1DB8A03F01103002BDDD1226BEE
:1093D000E168204602B0BDE87040FFF79FBCA06D79
:1093E00032463146FEF71AFD01232A460421204663
:1093F000FEF7D7FFE2E70DF107012046FFF7BFFABE
:109400009DF80710A9420DD02846FEF7CDFE024672
:109410000846FEF7C9FE074966680346064806F097
:1094200081FE3060002DC9D0DEE70DF10701FFF7A6
:10943000A6FAC3E747BF0508E41D0608F8B51646B7
:1094400004460F46FEF795FF31462046FEF7CEFE56
:109450000025E36C2A46B5420CD1B4F84A203946BF
:1094600020461A44FFF766FD29462046BDE8F8402D
:10947000FEF7A4BE5819616A013521F83020EAE7E9
:1094800073B50D4616460DF107010446FFF777FA4E
:10949000721C2A4420460221FFF7D0FF012345EA2F
:1094A00006222821204602B0BDE87040FEF779BFB1
:1094B00037B504460D460DF10701FFF760FA2A465D
:1094C00020460221FFF7BAFF01232A462721204622
:1094D00003B0BDE83040FEF764BF37B50D460DF16F
:1094E00007010446FFF74BFA5DB120460422012133
:1094F000FFF7A4FF1E21204603B0BDE83040FEF771
:1095000063BFA06D2A460121FEF788FC20461E217C
:10951000FEF75AFF2946204603B0BDE83040FEF76B
:10952000FEBE37B504460D468AB103220121FFF77E
:1095300018FD022201212046FFF780FF00232A4662
:109540000B21204603B0BDE83040FFF776B80DF19F
:109550000701FFF714FA022211462046FFF76EFFBB
:1095600001232A460A21ECE77FB5012504460DF1C7
:109570000F030DF10E0100950022FFF745F99DF84C
:109580000E109DF80F6020460022FEF740FE2A468E
:109590003146204604B0BDE87040FEF738BEF8B54D
:1095A00004460F4601211D461646FEF763FE20467F
:1095B000FFF7DAFF0F212046FFF70AF82046FFF7F2
:1095C000D3FF39462046FFF7D2F820464FF0FF314F
:1095D000FEF750FE31462046FFF754FB2046FEF7CB
:1095E000FAFD0122A06D0021FEF7A0FC204600211B
:1095F000FEF795FEA06D4FF42051FEF7EDFAA06D39
:109600002A460021BDE8F840FEF786BD2DE9F3416A
:109610000E4601EB4201044615469846FEF774FEDD
:10962000702834D1E26C636A03EBC2030021204648
:1096300013F80C6CFEF768FE072805460DD888B1B4
:109640002046FEF7D9FFE36C626A03F10053013B49
:1096500002F8336002B0BDE8F0815428F0D0214810
:1096600003F016FD0DF107012046FFF788F92046AB
:10967000FEF7B1FD324601230321FEF792FE2A4692
:109680003146204602B0BDE8F041FEF7C0BD46EAD3
:109690000527B8F1000F11D08A1C20460221FFF7E0
:1096A00060FC3B4600221D212046FEF7A4FE00215F
:1096B000204602B0BDE8F041FEF731BE354304D08C
:1096C0000A4620460221FFF74CFC0DF10701204617
:1096D000FFF755F901233A461B212046FEF761FEAC
:1096E000E5E700BF4FBF05082DE9F041C56CD0F894
:1096F00024C0DDF81880013D0CEBC50604467778E0
:10970000012F14D1D6F804E09E4510D0C6450ED0E6
:109710001CF835300B70716811603A46FEF783FE15
:1097200020464FF0FF31BDE8F041FEF747BD13681A
:1097300020460A460121FFF727F8F1E77FB500230D
:1097400003934FF0FF33009303AA0DF10B0104467E
:10975000FFF7CAFF9DF80B50039E2946324620466C
:10976000FEF755FD32462946204604B0BDE870405C
:10977000FEF74DBDF7B504460E461546002A55D1F5
:10978000134601210DF10702FEF7FEFF02221146EA
:109790002046FFF753FE012320460D220A21FEF743
:1097A0004CFF0DF1070120460222FFF71FF80122AE
:1097B0000DF107012046FFF719F80DF107012046CA
:1097C000FFF7DDF89DF80770204639460122FEF7C5
:1097D0001EFD394620460222FEF719FD02221146DF
:1097E0002046FFF72BFE012320460C220A21FEF71C
:1097F00024FF022211462046FFF7B3FB2B462A46E0
:1098000020461C21FEF7F7FD29462046FEF787FD7E
:109810002046FEF78BFF204601223146FEF749FD28
:10982000204603B0BDE8F040FFF788BFFEF77EFF9B
:10983000AB1E5A425A413146204603B0BDE8F040C3
:10984000FEF737BD70B5044686B00D46164623B9FF
:1098500006B0BDE87040FFF7D7B800221146FEF70A
:10986000E2FD204600220121FEF7DDFD32462946B9
:109870002046FEF721FE002304934FF0FF330093B0
:1098800004AA0DF10F012046FFF72EFF049D00955D
:1098900001262B4605AA0DF10F0120460596FFF77C
:1098A00023FF022300930599A06D33462A46FEF755
:1098B000BFFB06B070BD7FB504460D46164623B902
:1098C00004B0BDE87040FEF7F7BD00221146FEF778
:1098D000AAFD324629462046FEF7EEFD4FF0FF3343
:1098E0000025009303AA0DF10B0120460395FFF715
:1098F000FBFE02230093A06D039A29460123FEF785
:1099000057FB2946204604B0BDE87040FEF707BD6E
:109910002DE9FF410D4601210446FEF7F5FC00212B
:1099200080462046FEF7F0FCA8F10203DBB2012BD3
:1099300006468DF80B0000F2D680831EDBB2012BA9
:1099400000F2028105F10D03A5F10902DBB20C2A38
:1099500098BF1D461F2D01D0212D24D10023009337
:1099600001220DF10A030DF10B012046FEF74CFF19
:109970009DF80A30022B07D07D4B7E495A5D7E4808
:10998000666806F0CFFB30601F2D0CBF2E212F2103
:109990002046FEF719FD00220221204604B0BDE852
:1099A000F041FEF734BC01260223039303AA0B46C1
:1099B00020460DF10B010096FFF796FE32460DF1A1
:1099C0000A012046FEF712FF1D2D7DD8DFE805F0C5
:1099D0004C4C4C4C4C4C7C7C7C7C7C7C7C7C7C7CE7
:1099E0007C7C7C7C7C7C252D320F0F374347192DE6
:1099F000A06D9DF80A60039B4FF0010206D14FF461
:109A00008141FEF752F901223146C6E7032E0CBF11
:109A100044F2C0014FF48241F3E7039B01224FF46B
:109A20008641A06DFEF741F911E0039B012244F24B
:109A30004001F6E7039B01224FF48041F1E70399CF
:109A400041F60903A06D43EA8111FEF7C5F89DF8C0
:109A50000A100122A1E7039941F60923F2E7039BCB
:109A6000012244F24031DCE79DF80A609DF80B309A
:109A7000B34205D041494048676806F053FB38605F
:109A80000022032E1146204614BF06260026FEF7AC
:109A9000CAFC0122039BA06D4FF48541FEF705F936
:109AA0002E44374BA06D33F81610FEF795F8A06DD5
:109AB00042F20101FEF790F84FF40051A06DFEF75D
:109AC0008BF80022012168E720460121FEF776FB92
:109AD000274B2C495A5D2848646806F023FB206018
:109AE00004B0BDE8F08148EA000313F0FF072BD172
:109AF000012600960DF10A0302220DF10B0120460A
:109B0000FEF782FE322D1BD0332D1BD03E460023A4
:109B10002A4612212046FEF744FC56B1A06D0022D1
:109B20000121FEF7C7F80023032211212046FEF78A
:109B300038FC0021204604B0BDE8F041FEF7EFBB41
:109B40000625E4E70725E2E720464FF0FF31FEF760
:109B500035FB4046FEF728FB02463046FEF724FB65
:109B6000094964680346044806F0DCFAB7E700BF19
:109B70000430060857BF0508E41D060867BF05083E
:109B8000881506087ABF050888BF05082DE9F04347
:109B90000446C16885B0FFF775F8626DD18A928C72
:109BA00001F0110313432ED011F0010117D1B4F8C5
:109BB000482020460132FEF76AFC636D9D8C55B942
:109BC000A06D4FF42051FEF707F8E268A06D013256
:109BD0002946FEF7A1FA05212046FEF7F5FB2121D3
:109BE0002046FEF7F1FB636DDA8AD20706D49B8C20
:109BF00023B9E16820460131FFF744F8A06D122235
:109C00000021FEF793F9A06DFEF730F8237D002BBD
:109C100040F09C80A36D656C5B68A36323685B88E0
:109C2000E363636D013D5E8BDF8AB3F81C90B3F88C
:109C30001E80EA0006F0030302F0780207F00F0727
:109C40001A432D09B60845EA0703334343EA0903DB
:109C500053EA0803A06D30D10121FDF7AFFFB4F83E
:109C60005060B4F85270A06D730007F0010203F069
:109C70007E037F08B609134357EA060543F08002C6
:109C80004FF0010108BF1A46FDF798FF002DEAD1F9
:109C9000636DA76D998A20687E68FDF71FFA4749B2
:109CA0000246384610F018FE616D4B8B8A8B1344C8
:109CB000AB423CDD088D002235E042F080020121FC
:109CC000FDF77CFFBA012B0103F0300302F04002E4
:109CD0001A4308F001031A434FEAC90303F00803CB
:109CE0001A43B30003F004031A43AD087F08760853
:109CF0004FEA59094FEA5808A5E7CB6A03EBC203BC
:109D00005F78FF070ED55F88AF420BD15968206896
:109D1000A76DFDF7E3F929490246384610F0DCFD4E
:109D20000135C1E701328242E7DB0521EFE7A36D90
:109D30009F88BE1BA4F850600025636D1A8DAA424F
:109D40002CDCA36D9B88DB1BA4F852302369042B09
:109D500020D1A36DD3E9027623685868237D53B9D7
:109D6000A56BE16B354439B301318900F6F79BFAF5
:109D7000E36B40F823500023656D217DCDE902336C
:109D8000EB8ACDE90003033128693B463246C9B26C
:109D900001F031FD012005B0BDE8F083DB6A03EB83
:109DA000C50213F83530052B04D15288A06D01216E
:109DB000FDF704FF0135C0E72846DCE7797B0208A0
:109DC0007FB504460E46154682B90DF10F01FEF728
:109DD000D6FD2046012332460921FEF72EFC2946F6
:109DE000204604B0BDE87040FEF799BA012A34D18C
:109DF0001146FEF789FA024688B9022300930DF155
:109E00000E010DF10F032046FEF7FEFC0123324642
:109E10000E21204604B0BDE87040FEF70EBC0DF1E7
:109E20000F02204600230221FEF7AEFC2B469DF8D0
:109E30000F2020460421FEF7B4FAA06D0022022173
:109E4000FDF738FF0DF10E012046FEF798FD4FF0AB
:109E5000FF312046FEF7B2F9D8E70DF10F01FEF70A
:109E60008EFDA06D4FF40851FDF7B6FECEE7000061
:109E7000037D37B504460D4613B15F4803F008F97A
:109E8000426DD38A43F00103D382FEF74FFC012DCC
:109E90000BD1A368196820460231FEF768FCA3685D
:109EA000196820460131FEF7EDFE0122002120460F
:109EB000FFF757F8002202212046FEF745FAA06D71
:109EC00001220021FDF7AAFFA06D00221221FEF75A
:109ED00019F8A368A06D1A680021FEF742F8B4F8DB
:109EE0004810002201312046FEF72EFAE168A06DED
:109EF000FEF7EEF8A368A06D1968FDF74EFE236B20
:109F0000BBB1626B03F18043013B02EB83039A42D6
:109F10000FD893F90310002926DA1A88A06DC2F32E
:109F20000E020021FEF71DF8A06D00220321FDF7AF
:109F3000E9FF01212046FEF79DF9BDB9A06D14226D
:109F40002946FDF7F3FFA06D4FF40451FDF744FEE1
:109F5000A06D01221421FDF7D5FF2221204603B078
:109F6000BDE83040FEF730BA043BD0E7A36819687B
:109F700020460231FEF786FEA06D14220221FDF775
:109F8000D5FFA06D00220121FDF748FFA06D012241
:109F90001421FDF7B7FF0DF1070120460122FEF75E
:109FA00025FC00230DF1070220460121FEF7ECFB02
:109FB00020460221FEF7B3F9012220460221FEF7D6
:109FC000D0FF20463021FEF7FFF9A06D4FF420515D
:109FD000FDF702FEA368A06D1A6801210132FEF7A9
:109FE0009BF820460121FEF745F9204603B0BDE865
:109FF0003040FEF701BB00BFA2BF0508426D836879
:10A000002DE9F341D58A928C1E68C66005F01103D4
:10A010001343044600F0F68015F0010506F102072F
:10A0200021D1B0F8482029464FF00208FEF72FFA58
:10A03000CDF80080A06D01232A462946FDF7B8FF20
:10A04000CDF800802A46A06D01232946FDF7B0FF18
:10A0500005212046FEF7B8F9B4F848102A46013128
:10A060002046FEF771F9D4E915309A8C002A76D192
:10A07000D98A11F0010508D14FF42051FDF7ACFD4C
:10A08000A06D3A462946FEF747F800221146A06D1A
:10A09000FDF760FF20212046FEF796F94FF420518E
:10A0A000A06DFDF799FD3A460021A06DFEF734F84A
:10A0B000636DD98A11F0010110D1B4F8482020460F
:10A0C0000132FEF7E4F905212046FEF77DF9D4E9D7
:10A0D0001530D98A11F0010100F08C80A06D0122A9
:10A0E00000210225FDF722FF0095A06D0523062221
:10A0F0000021FDF79DFFA06D2A460021FDF78EFE91
:10A10000A06DFDF7B3FD39462046FEF7BBFD636D3C
:10A11000DB8ADB0776D5B4F84820204601320021DF
:10A12000FEF7B5F9A06D4FF48E41FDF755FDA06D1A
:10A130004368236414220021FDF7F8FEA06D4FF45C
:10A140000451FDF749FDA06D01221421FDF7DAFE4F
:10A150002221204602B0BDE8F041FEF735B94FF4A8
:10A160000051FDF739FDA06D00221321FDF7CAFE55
:10A17000A06D00220121FDF7C5FE751C3A46A06DB9
:10A180000421FDF7EEFE29462046FEF77BFD002266
:10A190001146A06DFDF7DEFE20212046FEF714F9E2
:10A1A000A06D4FF42051FDF717FDF21CA06D0121A9
:10A1B000FDF7B2FFA06D4FF40051FDF70DFD002239
:10A1C000A06D0321FDF79EFEA06D44F22071FDF706
:10A1D00003FDF11C2046FEF755FD0322A06D04216E
:10A1E000FDF7A4FE4FF43051A06DFDF7F5FC2A46B3
:10A1F00001215AE70122FDF799FE22212046FEF7B0
:10A20000E3F880E702B0BDE8F0810000138B2DE990
:10A21000F34104460161D81E4342434123750023A4
:10A220000E46E364118CA36962658B42154605D224
:10A23000E069F6F738F82B8CE061A361626D538B0F
:10A24000928B1344EA8A510748BF013392074FF0BB
:10A25000000248BF01331146934240F0CD80227D79
:10A26000002A40F0DD80A2699A4200F2DB80226A77
:10A27000002360219A4240F0DE80042E14BF0121A9
:10A280000221A06DFDF760FC636DD98A9A8C01F004
:10A290001103134306D0C90700F1D280002A14BF6E
:10A2A000142313238A492068A4F84830FCF72CFFB4
:10A2B000298C6E8C94F814800E4407466664A06D59
:10A2C000B8F1000F00F00881636D9A8C1AB9DB8A2F
:10A2D000DA0740F1B7800021B4F8483002339BB26E
:10A2E000A4F84A303344591A0226FDF78DFC009633
:10A2F000A06D012300220721FDF75AFE07220096D8
:10A300001146A06D0323FDF753FE072200963B463E
:10A310001146A06DFDF74CFE636D9A8C1AB9DB8A6D
:10A3200003F030032BB1B4F84810A06D0022FDF704
:10A33000E9FDA06D01220021FDF7BCFCA06D022209
:10A340000121FDF7B7FC0322A06D0621FDF7B2FC49
:10A35000A06D4FF42451FDF73FFCA368A06D1A686F
:10A3600001210432FDF7D8FE6A8BA06D0221FDF7B2
:10A3700055FDA06D022300224FF48541FDF795FCA9
:10A38000A368A06D1A6800210532FDF7C5FEA36819
:10A39000A06D19680431FDF700FC6B8BA06D4FF0C8
:10A3A00002125A430221FDF739FDA06D03222C2130
:10A3B000FDF7E7FEA368A06D19680531FDF7EDFB19
:10A3C00000250226636D5A8BAA4252DC032A0DD95E
:10A3D0009A8C5AB9DB8ADB0708D4B4F84A20636C3C
:10A3E000A06D1A44033A0621FDF7A0FD204602B0F5
:10A3F000BDE8F041FFF702BEE069815401322BE76E
:10A40000C86A00EBC20001324178CF0741BF4788DC
:10A41000E0690909C155616D088D9042F0DC22E7C1
:10A420000022F8E7227D002AE2690CBF00216021AA
:10A43000D154013317E7606A20F83310013319E76C
:10A4400015232FE76A8B0329A8BF0321032A88BF9E
:10A4500001F1FF3113F0110F7FF43EAFB4F8483033
:10A46000B5F816C05A1C92B21CF0200F18BF134644
:10A4700036E700962B460622A06D0021FDF798FDD9
:10A48000E3695A5D22B1012303212046FDF789FFCC
:10A49000022D12DC636D9A8C7AB9DA8AD2070CD459
:10A4A000022D02D15B8B032B07D10A4BA06D595DA6
:10A4B0000022FDF7FFFB013584E7B4F84A10636C16
:10A4C000194401390022491B2046FDF73DFFF2E700
:10A4D000AC17060878160608E26B0421FDF76EFB40
:10A4E000D4E91530DE8A16F0010657D0226C04211B
:10A4F000FDF764FBB4F84810A06DFDF785FB4FF441
:10A50000A023A364A06D42460621FDF7D3FB0226DB
:10A51000A06D01221421FDF7F5FC0096B4F8483037
:10A52000A06D06224146FDF743FD0096A06D012374
:10A5300042464146FDF73CFD0096A06D032342468E
:10A540004146FDF735FD0096A06D3B46424607218A
:10A55000FDF72EFD2046FFF751FD636D9A8CAAB9D9
:10A56000DE8A16F0010611D1344F2B8CB3420DDD7B
:10A57000B4F84A20636C17F8011BA06D1A44013A25
:10A58000921B0136FDF7D2FC032EEED100231946B3
:10A590002A8D9A4244D802B0BDE8F081B4F8483020
:10A5A000616C05334FF00208A4F84A3011FA83F1C8
:10A5B000FDF72AFBCDF80080A06D3246012307216C
:10A5C000FDF7F6FCCDF800800722A06D11460323AD
:10A5D000FDF7EEFCCDF8008007223B46A06D11464A
:10A5E000FDF7E6FCB4F84810A06D3246FDF78AFC92
:10A5F000626CA06D3146FDF711FCB4F8481032468C
:10A6000020460331FDF7A0FEB4F84820A06D314686
:10A61000FDF7A0FCA06D04222D21FDF7B2FD99E706
:10A62000EA6A02EBC30012F83320052A04BF42880D
:10A63000E06903F1010308BF8154A9E77816060811
:10A640002DE9F04389B004460D4607AE002940F0DD
:10A65000C3800121FDF758FE07468DF8170060BB47
:10A6600001462046FDF750FEB0B901223146204692
:10A67000FEF7BCF80DF117012046FEF780F92046E1
:10A68000022304220F21FDF78CFE0021204609B091
:10A69000BDE8F043FDF743BE31462046FEF76FF9B3
:10A6A0009DF81C20204601230421FDF77AFEA06DB1
:10A6B0003A460121FDF7FEFADCE7E36C616A013BF3
:10A6C00001EBC30211F83330022B35D192F801901F
:10A6D000B9F1020F30D120464FF001085768FDF75D
:10A6E0007AFD434632460DF11701CDF800800795FB
:10A6F000FEF7FAFF20462A462946FDF794FE9DF80C
:10A700001700062812D0072813D005285AD1009523
:10A71000079AA06D3B462946FDF74AFC002202211C
:10A72000204609B0BDE8F043FDF771BDCDF80080CB
:10A73000EEE7CDF80090EBE70025012332460793C2
:10A7400006A92B4620460095FEF7CEFF0DF1170116
:10A750002046FEF714F920462A462946FDF763FEF7
:10A760009DF81800831E012B08D9FDF71DFDA04997
:10A77000656802469F4805F0D5FC28609DF81700E3
:10A7800006280BD0072813D005281BD1079989016B
:10A7900041F4B841A06DFDF71FFABFE70799A06D1E
:10A7A000C90041F04201FDF717FA4FF4B541F1E756
:10A7B0000799A06DC90041F08201FDF70DFA4FF431
:10A7C000B141E7E7FDF7F0FC8B496568024689482F
:10A7D00005F0A8FC2860A1E7012940F0F880FDF70A
:10A7E00093FD07468DF8150038BB01462046FDF75E
:10A7F0008BFD022105462046FDF786FD0543EDB29F
:10A8000045B1394620460322FEF7ABFB0321204623
:10A81000FDF7D4FC0223CDE901630023009306A9D0
:10A8200020460DF115030122FEF722F80F212046E4
:10A8300009B0BDE8F043FDF7C7BDE36C616A013BB9
:10A8400001EBC30211F83330022B40D15778022FAD
:10A850003DD12046D2F80480FDF7BDFC0023CDE9B0
:10A86000063700972B4606AA0DF11501FEF73CFFAF
:10A87000069F00953B46204632460DF11701FEF734
:10A8800033FF9DF81700431E022B08D9FDF78CFCFF
:10A890005A4965680246574805F044FC28609DF80F
:10A8A000150006280FD007280FD0052840F0858016
:10A8B000002300930799A06D43463A46FDF7B8FB85
:10A8C00009B0BDE8F0830123F3E70223F1E7022397
:10A8D0000122CDE90623009306AA00230DF11601FB
:10A8E0002046FEF701FF20460DF11501FEF747F85F
:10A8F0009DF81600831E012B08D9FDF755FC404931
:10A90000656802463B4805F00DFC2860069D0095F1
:10A910000023204632460DF11701FEF7E5FE9DF8B3
:10A920001700431E022B08D9FDF73EFC3349666829
:10A930000246304805F0F6FB30609DF81500062809
:10A940000ED0072825D0052837D1079941EA85116F
:10A9500041F4A841A06D09B0BDE8F043FDF73CB952
:10A960000126AE40A06D46F43441FDF735F945EAC5
:10A97000C50141F04001A06DFDF72EF9079941EAAC
:10A98000851141F4A441A06DFDF726F946F43C4140
:10A99000E0E70126AE40A06D46F43441FDF71CF916
:10A9A00045EAC50141F08001A06DFDF715F9079951
:10A9B00041EA851141F4A041E5E7FDF7F5FB1149B6
:10A9C000646802460B4805F0ADFB206078E700257F
:10A9D000334606A900950122FDF716FF02232A46F9
:10A9E0000F21204609B0BDE8F043FDF7DABC00BFF7
:10A9F000B3BF0508E41D0608AABF0508BDBF0508CA
:10AA0000D0BF0508C6BF05082DE9F04180465C208F
:10AA100015460F461E46F5F744FC8560082504469A
:10AA2000C0E9008705624020F5F722FCE56260621C
:10AA30002020F5F71DFC60632020F5F732FC31463D
:10AA4000A065FDF76EF82046BDE8F08110B504461C
:10AA50000021806DFDF76DF8A06DF5F731FC606B9E
:10AA6000F5F72EFCE069F5F72BFC606AF5F728FC9A
:10AA70002046BDE81040F5F723BC000038B5044679
:10AA8000A2B1950712D110792E280FD192686AB120
:10AA900090070BD1556840F29220854206D191680B
:10AAA0001960049BD2681A60012038BD0A46044828
:10AAB000044905F037FB636A18600020F5E700BF22
:10AAC000501E0608DBBF05087FB504460D4610463C
:10AAD00003A91E46F8F7A0FD48B90C490C482A46C0
:10AAE00005F020FB636A1860002004B070BD039875
:10AAF00003F0E0F930EA06020346F6D00549009675
:10AB00002A46034805F00EFBECE700BFF7BF050837
:10AB1000501E0608FDBF0508038C032B70B5C46AE0
:10AB200003D1856A00239D4205D144F82120FDF719
:10AB300034F8012070BD54F82360964201D00133EF
:10AB4000F1E70020F6E7FDF791B8032910B50446B8
:10AB5000018442620FD1826AC06A002192001CF017
:10AB600063FB01212046FCF7EFFF20460021BDE8F2
:10AB70001040FDF749B804290CBF02210121F1E77B
:10AB800002F00F03022B10B5044608D00A460C4908
:10AB90000C4805F0C7FA636A1860002010BD836A8C
:10ABA00012090020984204D1238C042BF5D10649C8
:10ABB000EEE7E16A51F820108A42EFD00130F1E768
:10ABC00013C00508501E060819C0050800F00F0341
:10ABD000022B02D10009F6F77CBA0148704700BF8A
:10ABE00044D9050838B5044610460D46FFF7EEFF78
:10ABF0000378732B19D14378BBB103460A21002097
:10AC000013F8012F5AB91F2808D90B490B481F23E5
:10AC10002A4605F087FA636A1860002038BD303A8A
:10AC2000092A02D801FB0020EAE7054903482A4621
:10AC300005F078FAEFE700BF25C00508501E0608AA
:10AC400032C00508F8B5054610460E461F46FFF708
:10AC5000BDFF174A01780024944653788B421BD1DC
:10AC600090F801E093789E4516D190F802E0D378F1
:10AC7000734511D16BB91CF82400B84208D90D49AD
:10AC80000D483B46324605F04DFA6B6A18600020CD
:10AC9000F8BDC378002BEED00134152C02F104026C
:10ACA000DBD106490448324605F03CFAEDE700BF27
:10ACB0002217060825C00508501E06083BC00508D7
:10ACC0002DE9F34706460F46002A3CD093073AD1B8
:10ACD00013792F2B37D1926802F00F03022B08D182
:10ACE0000F23FFF7AFFF01248440204602B0BDE8E8
:10ACF000F08742B312F0030A25D113799F2B22D19A
:10AD0000D5682B79A12B1ED192680F23FFF79AFFEC
:10AD10004FF0010808FA00F401AAA22105F1080089
:10AD2000F8F7CEFE8146CA45DFDA019A0F2352F8C2
:10AD30002A2039463046FFF785FF08FA00F0044321
:10AD40000AF1010AEFE7044904483A4605F0EAF936
:10AD5000736A00241860C8E741C00508501E060841
:10AD600010B50446024805F047F9206010BD00BF49
:10AD7000501E060804292DE9F84307460C460DD855
:10AD8000161F01F1300930254D450CD056F8040F3F
:10AD900000F00F03022B09D00D4900E00D49786A3D
:10ADA000FFF7DEFF00242046BDE8F8830009F6F730
:10ADB00090F980461CF076FA0228EDD198F8003020
:10ADC000722BE9D198F801309D42E5D10135DBE7DE
:10ADD0007BC0050852C005082DE9F0470F4686B034
:10ADE000044603A938461E469146F6F77DF90378D6
:10ADF000762B054640F01B81B9F1020F40F0C6806A
:10AE0000A7F2A6570E2F00F20981DFE817F00F0016
:10AE10003B003E00070107010701070107018D0004
:10AE200007016000410036003300BC004EF6B469F3
:10AE30004FF42C67326829462046FFF7D3FE72682C
:10AE4000804629462046FFF7CDFE4FEAC82247EA52
:10AE5000500702F4704240014FEA88113A4300F073
:10AE6000200001F04001024341EA09012046FCF7BD
:10AE7000BDFEE5E14EF6B169DAE74EF6B1694FF491
:10AE80002467D7E74EF6B869D2E74EF6BD69CFE73B
:10AE90003068FFF79BFEB9491CF012FAA8B132687E
:10AEA0000F2329462046FFF7CDFE07467068FFF7BF
:10AEB0008DFEB3491CF004FA002840F0AF803A033D
:10AEC00042F421624EF6F161D0E70F27EEE73068D9
:10AED000FFF77CFE03783268722B16D10F232946C8
:10AEE0002046FFF7AFFE2946726880462046FFF7EE
:10AEF00079FE4EF610610746FA01D2B242EA0832F4
:10AF000042F4216241EA5701B0E729462046FFF7A3
:10AF100069FE2946726807460F232046FFF792FE16
:10AF20004FF46E418046E7E74EF690583268294666
:10AF30002046FFF757FE05AB00930746726804AB47
:10AF400029462046FFF79AFD002800F07981049AEF
:10AF5000072329462046FFF775FE059A064629462F
:10AF60004FF47F732046FFF7AFFDFA02B90102F4F8
:10AF7000704201F0400142EA900241EA080142F4C5
:10AF80002062314372E74EF68058CFE7B9F1030FE4
:10AF900044D1DFF8048200F1010A00270322414670
:10AFA00050461CF0A5F9A0BB2B7993BB754B3268BA
:10AFB00013F8277029462046FFF714FE7268804672
:10AFC00029462046FFF70EFEB268814629462046F4
:10AFD000FFF708FE3A01D2B242F4206242EA500280
:10AFE000400100F020004FEAC82303F470430243FD
:10AFF00007F0F0071A4347F46E474FEAC9134FEAC8
:10B000008811DBB247EA590701F040011A4339437E
:10B010002CE70137042F08F10408BFD14B465A49E9
:10B020005A482A4605F07EF8636A186008E1B9F1CB
:10B03000030FF3D8DFE819F004001400E8008702DA
:10B04000B7F59B6F05D14FF43F412046FCF7C4FD97
:10B05000F6E040F2B6539F42E0D14BF63071F4E790
:10B0600040F2C732974210D1014632682046FFF7BE
:10B0700087FD01462046FCF741FE002840F0E080B5
:10B080004349606AFFF76CFEDAE040F2D232974241
:10B0900009D1014632682046FFF772FD014620467D
:10B0A000FCF786FEE9E7B7F5777F09D101463268FC
:10B0B0000F232046FFF7C6FDC10041F48E41C4E7CF
:10B0C000622B26D1039B032B09D0052B4ED1C378CD
:10B0D0005F2B4BD103796E2B01D0772B46D1B5F87E
:10B0E00001302C4A5BBA9BB200271188994200F0CC
:10B0F000FB8201370E2F02F10202F6D18EE72B7987
:10B10000A3F177067342734139462046FCF714FEDB
:10B11000B3E7692B2AD14378742B27D13068FFF726
:10B1200055FD06461CF0BEF802287FF477AF338841
:10B1300018495BBA9BB200220888984200F0E0826E
:10B1400001320E2A01F10201F6D167E793F800C03F
:10B15000BCF1740F03D146EA5101013BE2E2BCF1BC
:10B16000650F7FF45BAF40EA5101F6E740F2FD3333
:10B170009F4213D14BF2726167E700BF99C0050887
:10B18000A3C0050890160608B6C00508501E06089C
:10B19000C3C00508F41606089116060840F2FE33EF
:10B1A0009F4202D14BF262614FE740F206539F4249
:10B1B00013D1326829462046FFF782FD10F43F4F35
:10B1C000024607D145044ABFC1B240F4344141F4BC
:10B1D00035413AE74EF62D1148E6782F7FF41EAF41
:10B1E000326829462046FFF76BFD10F4FE4F0246F9
:10B1F00007D110044ABFD1B242F43C4141F43D4171
:10B2000023E74EF6BD0131E6736803F00F03022B0E
:10B2100040F09D8040F2C9439F4214D101463268FC
:10B220000F232046FFF70EFD7268074629460F23BD
:10B230002046FFF707FD394602462046FCF73AFD57
:10B2400006B0BDE8F08740F2ED339F421CD14FF6C7
:10B25000B0284FF2800732680F2329462046FFF7B7
:10B26000F1FC7268814629460F232046FFF7EAFC6D
:10B2700047EA000242EA092248EA0001F6E54FF6F1
:10B2800090284FF2A007E6E740F211539F42F6D014
:10B2900040F2CD439F4229D1014632680C2320461B
:10B2A000FFF7D0FC07467068FFF790FC06460146A2
:10B2B000B7481CF005F8A0B1B64831461CF000F8BC
:10B2C00070B12A46B449B54804F02CFF636A0022E5
:10B2D000186042EA072242F400424FF2EF31C5E51E
:10B2E0000120AF4B00EBC0001A5CF2E7B7F56E7FB0
:10B2F00015D14FF480473268294607232046FFF7CF
:10B30000A1FC72688046294607232046FFF79AFC75
:10B310004246034639462046FCF7C7FC90E7DFF873
:10B320008C8200270322414628461BF0E1FF40B9EA
:10B33000EB7833B99B4B13F827703F0147F48047F4
:10B34000D9E701370F2F08F10408EBD166E640F288
:10B35000CC439F422AD8B7F5996F1FD840F2EF33FC
:10B360009F423BD040F294439F4275D040F2AE33AF
:10B370009F4236D040F292439F4200F0CC8040F290
:10B3800093439F4200F0C98040F295439F4200F0F2
:10B39000C680972F40F08C8003238FE0A7F2CA4726
:10B3A000022F21D8DFE807F03A233D0040F2745322
:10B3B0009F427AD14FF460573268072329462046CE
:10B3C000FFF740FC294680467268FF232046FFF7BE
:10B3D0007BFB47EA000141EA082136E64FF420579B
:10B3E000EAE74FF44057E7E74FF40057E4E74FF23E
:10B3F000402732680F2329462046FFF723FC726856
:10B4000080464FF6FF7329462046FFF75DFB424614
:10B41000034639462046FCF75FFC11E74FF2C02790
:10B42000E7E7014632680F232046FFF70BFC294669
:10B43000074672684FF0FF332046FFF745FB3A4658
:10B4400083B205464FF240212046FCF745FC2B0C09
:10B450003A464FF2C021DDE7014632680F2320460D
:10B46000FFF7F0FB05AB00930746726804AB294673
:10B470002046FFF703FB00283FF4E2AE049A0F23B7
:10B4800029462046FFF7DEFB059A06462946FF239C
:10B490002046FFF719FB820842EA073246F468416A
:10B4A00042F4706241F05001E0E4B7F5AE6F38D07D
:10B4B00040F272539F427FF4B1AD05233A4A2946C8
:10B4C00032F82370326807232046FFF7BBFB05AB39
:10B4D00000938046726804AB29462046FFF7CEFAF7
:10B4E00000283FF49BAD049A294607232046FFF726
:10B4F000A9FBF904059A064615D51F2329462046BF
:10B50000FFF7E2FA47EA0801800141EAC60100F4C8
:10B51000F860014399E50023D0E70123CEE74B46CD
:10B52000CCE70423CAE73B0406D53E232946204640
:10B53000FFF7CAFA4008E5E77C2329462046FFF7D3
:10B54000C3FA8008DEE740F2A4439F4230D10027CF
:10B550003268072329462046FFF774FB72680723E9
:10B56000294607432046FFF76DFB29468046B2680F
:10B570001F232046FFF7A8FA47EA801747EAC801C9
:10B5800063E54FF40067E3E74FF48057E0E700BF5F
:10B59000111706081A170608A9C00508501E060844
:10B5A00010170608B8160608A0160608B9160608E9
:10B5B00040F2A5439F42E4D040F2C2339F42E3D021
:10B5C00040F2AE339F422BD14FF4C058326807236C
:10B5D00029462046FFF736FB7268072307462946AF
:10B5E0002046FFF72FFBB26802F00F03022B8146C3
:10B5F0000ED1072329462046FFF724FB47EAC9015D
:10B6000041EA080141EA80111FE54FF4D058DDE717
:10B6100007232946204648F48068FFF755FAEDE7EE
:10B6200040F244539F4221D14FF6903732680F23A6
:10B6300029462046FFF706FB726881460F232946FC
:10B640002046FFF7FFFAB268804629460F232046BE
:10B65000FFF7F8FA40EA092242F4704242F0F002A1
:10B6600047EA080102E44FF6B037DFE740F29653AD
:10B670009F42F8D040F274539F42C6D040F27153BB
:10B680009F427FF4CBAC014632680F232046FFF780
:10B69000D9FA72680F23294607462046FFF7D2FAE7
:10B6A00005AB00938046B26804AB29462046FFF7FD
:10B6B000E5F900283FF4C4AD049A0F23294620463B
:10B6C000FFF7C0FA059A06462946FF232046FFF7F2
:10B6D000FBF93F0247EA083746F4684147EA90021F
:10B6E00041F04001FFF7C2BB326829462046FFF710
:10B6F00047FA039B052B02463FF401AD002303E507
:10B70000A91C0F460B46013118780028FAD1691D93
:10B710008B423FF683AC0821D043013B01EAC000D5
:10B7200001EAC2069F427FF611AD41EA021141F4DF
:10B730003F418AE438B505463020F4F799FD2022D0
:10B74000044600211BF070FD29462046FCF7E9F96C
:10B75000A562A800F4F78CFDE062204638BD10B564
:10B760000446C06AF4F7ACFD20460021FCF7E1F97D
:10B770002046BDE81040F4F7A3BD012910B51368B9
:10B7800025D90178302922D1417841F0200178294A
:10B7900000F1020405D133F0100307D11023136028
:10B7A00005E06F2907D133F0080302D00446201AC0
:10B7B00010BD0823F3E7622904D133F00203F5D169
:10B7C0000223ECE7002BF1D101231360EEE7002BFD
:10B7D000ECD10A23F9E708B51020F4F762FD012344
:10B7E000837008BD10B503F001030224C0E9011203
:10B7F0008470C37010BD9DF80430426003F00103F3
:10B80000C370009B8360029B0373C368039A8170BB
:10B8100062F31F23C360704770B504460D4623884A
:10B820001046BBB10A460023214605F075F92346B0
:10B83000002213F8011B090603D4D30726D51D4B9C
:10B8400018E01E1B13F8011B013EC1F38015B54023
:10B850002A43F0E7A3786668042B0FD0052B16D097
:10B86000032B0A46A36831461DD105F055F9E3784C
:10B8700013B9114B036009E0104BFBE71049A468B2
:10B88000102002F004FAC0E90154C66070BD0D49F1
:10B89000257BE468102002F0FAF9C4F31724C0E90C
:10B8A0000156C460F2E705F037F9E378002BEDD0DC
:10B8B000C5E700BF68230608202206084C230608B7
:10B8C00008220608F021060838B5144612F48072E2
:10B8D00018BF1A461D46FFF79FFF620902F00802D3
:10B8E0002A44E1B2BDE8384003F0CABAD0E9000307
:10B8F000184770B506460C468D18AC4200D170BD95
:10B90000D6E90003984704F8010BF6E738B5054679
:10B910000024D5E90003984700F07F0343EAC414EC
:10B920000306F6D4204638BD2DE9F04186B0054621
:10B93000FFF7DCFFC4B2042C06D8284B53F8244090
:10B94000204606B0BDE8F0812846FFF7DFFF064637
:10B9500030B9062C04D12846FFF7C8FF204CEFE78A
:10B960000A2C10D1002130460AF04CF90027044679
:10B9700000F10408B742E3D02846FFF7D5FF0137AE
:10B9800048F8040FF6E7314602A8F5F78BFC049956
:10B9900032462846FFF7ADFF631F012B0CD828461F
:10B9A000FFF7A4FF052C02A803D108F09FF9044675
:10B9B000C6E708F0A1F9FAE7072CDDE903104FF01C
:10B9C000000303D10A22D7F7EFFAF0E7093C6242FD
:10B9D00000936241D7F728FCE9E700BF7817060813
:10B9E000342B06082DE9F04104460E461746002583
:10B9F0002068FFF77BFF5FFA80F8B8F1FF0F01D1F5
:10BA0000BDE8F081C1070CD52068FFF77FFFC207B2
:10BA100048BFA3684FEA500554BF06EB850503EB0A
:10BA200085054FEA5803082B21D8DFE803F0050508
:10BA300005050505171B1E00DB070DD52068FFF760
:10BA400065FF5FEA980824D0B8F1010F0CBFA36826
:10BA5000E3680246294617E00120F2E763689B6825
:10BA60000120F6E76368DB68FAE70B4BF8E703F1C0
:10BA70008043094A093B52F82330F1E751F804CBDF
:10BA80009C44013A41F804CC002AF7D105EB80052B
:10BA9000AEE73B46DDE700BFAC1706082DE9F04FE7
:10BAA0008FB080460991FFF731FF00F003039A1C25
:10BAB0000492C20800F004090892002B3AD1104603
:10BAC000F4F7D6FB089A014605464046FFF711FFFA
:10BAD0004FF0000A564657465446CDE905AAB9F13B
:10BAE000000F00F091804046FFF710FF049B814655
:10BAF000032B08BF01308000F4F7BAFB4FF0000BB6
:10BB00000790CB4576D1FFF766FE049B022B834658
:10BB100040F086802A46002312F8011B090676D4DD
:10BB2000079A9BB229465846FFF75CFE58460FB06D
:10BB3000BDE8F08F0898F4F79BFB089A014605468C
:10BB40004046FFF7D6FE049B032B404615D1FFF776
:10BB5000DDFE2E182B5C0446721C0027180603D449
:10BB60004FF0000A5646B8E7901B12F8013B013827
:10BB7000C3F3801181400F43F0E7FFF7C7FE049B3A
:10BB8000052B07460BD14046FFF7C0FE0646404650
:10BB9000FFF7BCFE0024CDE9054482469FE710F084
:10BBA000200620D04046FFF7B1FE834617F0400044
:10BBB00002D04046FFF7AAFE1BEB000415D003306D
:10BBC00020F003040BEB0400F4F76BFB0319069061
:10BBD00005932EB15A4619464046FFF78AFE0026C5
:10BBE000B24634467BE7B346E0E7CDE90544A246DA
:10BBF000264674E709994046FFF750FF079B43F834
:10BC00002B000BF1010B7CE7CDF81C907BE7541B5C
:10BC100012F8011B013CC1F38010A04003437DE7F3
:10BC2000099B0B93059B0C93069B0D93FB06CDF88C
:10BC3000288011D5DFF85080D8F8CC0020B9014613
:10BC400006F060F9C8F8CC00294605F0CAFE2A467D
:10BC500029460AA8FFF7C6FE049B032B06D12C44F5
:10BC6000B9F1000F03D0079B43F82940079C089BBC
:10BC70000499BFB2CDE9026ACDE900472A46584689
:10BC8000FFF7B9FD52E700BF400000202DE9F04763
:10BC900086B08368049305460368059302A80E46A0
:10BCA0003F49F4F783FA04220DEB02012846FFF71F
:10BCB00020FE9DF804304D2B11D19DF80530062B48
:10BCC0000DD19DF80640A30813F02F0303D004F014
:10BCD0000302032A03D19DF807201F2A02D9314805
:10BCE00000F0DAFF23B1043B032B01D92E48F7E71C
:10BCF00014F04004F3D12846FFF708FE804628469A
:10BD0000FFF704FE07464FEA480003304FEA900A67
:10BD100007EB90008000D6F80090F4F7A9FAC9F874
:10BD2000080000EB8A00C9F80C0044450DD100243E
:10BD3000BC4231682AD12846FFF7B0FE706001206E
:10BD4000F4F73CFA06B0BDE8F0872846FFF7DEFDC1
:10BD5000C3074FEA500913D44846F4F789FA4A4614
:10BD6000014682462846FFF7C4FD2846FFF7BEFD80
:10BD700049465046F5F7EEF881465046F4F7A0FAEA
:10BD800033689B6823F814900134CEE72846D1F835
:10BD90000C80FFF7C9FD48F824000134C8E700BF54
:10BDA000C7BE0208F5C0050801C105081FB50C464D
:10BDB000014601A818F05AF9214601A8FFF766FFCD
:10BDC00004B010BD024B82681A61C268DA60704725
:10BDD00040000020838803F4C072B2F5C07F0FD00A
:10BDE0001A0604D5C37B00EB83000069704713F487
:10BDF000807307D0C37B00EB8300036958687047EA
:10BE00000148704718467047C374030870B5284C42
:10BE1000F5F748F800250123E561A4F82432D4F8A9
:10BE200028320BB1A4F82452A4F8305204F06CF874
:10BE3000204B214E21486564C4E90F35204BA36493
:10BE400003214FF0000384F81C32C4F8185203F0A9
:10BE5000DFFD0121304603F0DBFDAA22BA21304686
:10BE600003F0E2FE00210846C4E90366C4E92C554C
:10BE7000C4E96D55E566C4F8CC50C4F8B85006F076
:10BE800041F80A21C4F8440105F0ABFD40F2E2613B
:10BE9000D4F8440105F0A5FD002106F1440005F0A9
:10BEA000E7FE40F21A7240F2DA63C4E9522370BD31
:10BEB00040000020202106089C0000208C0000206B
:10BEC000102F06087047D0E90230184708B5074B15
:10BED000D86E08B9064808BD002241F6B2410430C8
:10BEE00001F09EFC0028F5D04068F4E740000020F7
:10BEF000FC350608034BC0000A4640F00201D86832
:10BF000003F092BE40000020034BC10041F002014B
:10BF1000D86803F097BE00BF40000020034BC0006C
:10BF20000A4640F00201186903F07EBE400000207E
:10BF3000034BC10041F00201186903F083BE00BF4A
:10BF400040000020F8B51C46930707460D461646EC
:10BF500008D113689A88910615D5520610D5AB887A
:10BF60009B0501D52660F8BD50B9114B9D4207D005
:10BF700010490C2001F08BFEC0E901562060F2E769
:10BF8000C4E90067EFE70C4A934202D1736823606B
:10BF9000E9E70A4A9342E5D130B101F085FE084B4A
:10BFA000984214BF05463D467368C4E90035DAE798
:10BFB000B42606088C170608982F0608802F060856
:10BFC000E02F060800232DE9F041C2E900330E46B8
:10BFD0000746144601F068FE0A2E054602D120608D
:10BFE000BDE8F081192E07D1838803F4C0731BB11B
:10BFF000144BC4E90037F3E76B7B5BB105EB8303BC
:10C0000022461B693146384698476368042BE7D1BE
:10C0100000236360EB7C002BE2D005EB8303F1008F
:10C020001869002241F00201043001F0F9FB0028F8
:10C03000D6D04268234629463846BDE8F041FFF78E
:10C0400081BF00BF70350608F0B593B0054668465D
:10C050000E4617461C46F4F7CBF840B93A4631462F
:10C060002846FFF7AFFFF4F799F813B0F0BD002CA6
:10C07000FBD1019B044918680AF088FD0028F4D11F
:10C080000198F4F7CDF800BFDC1F060808B519B910
:10C0900003F0ADFFF4F7C4F803F0AEFFFAE70EB417
:10C0A00003B503AA52F8041B019203F0D3FFF4F77F
:10C0B000B7F8000070B5124EC4000546306944F070
:10C0C000020400222146043001F0AAFB0246A0B976
:10C0D000F06E30B12146043001F0A2FB08B1406897
:10C0E00070BD02462146074801F09AFB024620B97E
:10C0F000054906482A46FFF7D2FF5068F0E700BF1F
:10C1000040000020AC3106080DC10508E01E0608FD
:10C110000A4B10B50446D3E90303984207D0E10067
:10C12000002241F00201043001F07AFB20B92046E0
:10C13000BDE81040FFF7BEBF406810BD40000020C2
:10C14000032837B505460C4608D1084601F0EAFF3A
:10C15000002814BF0E201E2003B030BDCA0723D50F
:10C160004B1008281ED8DFE800F0050E1D1D071D26
:10C17000050C05002046EFE7002B14BF1E200E2003
:10C18000EAE7002BF6DAB3F1404F06D14FF08040DA
:10C1900003B0BDE8304005F071B95842400040F0AE
:10C1A0000100D9E7D843F9E7062822D101F00703B7
:10C1B000022B11D08B071CD10B681A7BCAB103EB81
:10C1C00082031A691E4B9A4213D148680028E5D1B0
:10C1D0008B68C868019308E0C808F4F765FF002879
:10C1E000DCD101A9E008F4F77FFF0199F4F74AFEDA
:10C1F000D4E7204601F058FDC37AC3B100EB8300B9
:10C2000021460369284698470028A5D1042D12D05D
:10C21000A5F10803022B10D90A4B20465D5D01F001
:10C220004FFD094903462A460848FFF738FF062D07
:10C23000ECD16000B3E71E208EE700208CE700BF42
:10C24000154603083630060819C10508081E0608F9
:10C250002DE9F04104460E461746984601F024FDAC
:10C26000857A55B100EB8500434605693A4631466B
:10C270002046AC46BDE8F0416047204601F020FD75
:10C28000024902460248FFF70AFF00BF22C1050823
:10C29000081E060800231A461946FFF7D9BF0000FA
:10C2A000F0B51546124A87B00C461169049106464E
:10C2B000D168059102A80F49C2E90335F3F776FF6B
:10C2C0002246376831466846F7F70EFCB4FA84F226
:10C2D000520939466846FAF7B7FC044615B1FFF72C
:10C2E000D9FF04460120F3F769FF204607B0F0BDEF
:10C2F00040000020C5BD020807B50022019101AB36
:10C300000121FFF7A5FF03B000BD07B5CDE900127D
:10C310006B4600220221FFF79BFF03B000BD30B443
:10C320005468003C154618BF0124C4F1020302EB17
:10C3300083030A462118286830BCFFF789BF000034
:10C3400010B5044603F0FCFE30B1002320461A4627
:10C350001946FFF77DFF0446204603F00BFF28B97E
:10C36000BDE810400249034803F046BE204610BD18
:10C3700028C10508081E06087FB5104B0592C000AD
:10C3800040F002000190186902900620CDE90301F7
:10C39000D86E70B1002241F6E241043001F040FA5B
:10C3A00038B1406801AB00220521FFF751FF07B00B
:10C3B00000BD01A905200BF0BBFCF8E74000002000
:10C3C00070B5164604460D46FFF7FCFD336893B979
:10C3D000A30709D12268084B9A4205D1E288074990
:10C3E0002B460748FFF75BFE204601F069FC054934
:10C3F00002462B46F5E770BDE02F060849C1050847
:10C40000DC1F060852C1050807B56A46FFF7D8FFCA
:10C41000DDE9000109B102F0D1FC03B000BD00006C
:10C420002DE9FF41174606460C461D4601F03CFC2F
:10C43000374A904208D12B463A462146304604B04E
:10C44000BDE8F04104F02ABC818811F4C07816D010
:10C45000062C2ED12F4F00233B62FFF7BBFC034677
:10C4600030469847286018B1012004B0BDE8F0813B
:10C470003B6A834218BF1C462C600020F5E7062C5F
:10C4800017D101AA19213046FFF79CFD019B63B922
:10C4900001AA8A213046FFF793FF039401AA0021E5
:10C4A0000120FFF73CFF2860DEE701AA4146404635
:10C4B000F7E7002CECD1384601F0F6FB16490AF0FC
:10C4C00065FB01AA60B147213046FFF77BFD019B68
:10C4D00073B101AA21462046FFF721FF2860CCE76F
:10C4E0009B213046FFF76EFD019B0BB10397D5E70B
:10C4F0000A49384603F052FE30B10949094803F0B1
:10C500007BFD28600220B0E73846FFF719FFF8E707
:10C51000D822060840000020FC20060890200608CB
:10C520005AC10508981E06087FB5002302AA40F2EA
:10C5300093310546FFF788FD029CDCB1204601AA35
:10C54000694601F053FD0024009BA34201D804B0CA
:10C5500070BD019B53F8240007F006FE02AA0146B5
:10C5600006462846FFF72CFF02993046FFF7C2FC2B
:10C570000134E9E7284602AA40F29931FFF720FF8B
:10C58000029DAB68A342E2D9EB6853F8340088B14E
:10C5900004280FD007F0AAFF03785F2B0AD0EB68BE
:10C5A00053F8340007F0E0FDEB6803EBC40359686F
:10C5B000FFF7A0FC0134E4E773B505460C461646C8
:10C5C00001F072FB437B5BB100EB83000422036943
:10C5D000CDE9002621466A4628469847009B43B18C
:10C5E000284601F06DFB0449024623460348FFF745
:10C5F00056FD02B070BD00BF52C10508DC1F060821
:10C6000073B50C46064601F04FFB838819060546B4
:10C6100032D4C37BB3B14CB900EB83031A69174B17
:10C620009A4203D01020F3F723FE0446EB7BAA883E
:10C6300005EB8303D2051B69214648BF1B683046C2
:10C64000984778B96A460F213046FFF7BBFC009B3C
:10C6500053B11CB91020F3F70BFE0446214668467F
:10C6600004F00AFC02B070BD304601F029FB044919
:10C6700002460448FFF713FD3046F3E72160030844
:10C6800071C10508081E060837B5054601F00CFB08
:10C69000818811F4C0740AD0104B00221A62FFF78F
:10C6A00099FB0346284603B0BDE8304018476A4668
:10C6B00019212846FFF786FC009B3BB9284601F06C
:10C6C000FFFA074902460748FFF7E9FC6A46214698
:10C6D0002046FFF724FE03B030BD00BF400000201D
:10C6E0007EC10508081E060830B5054695B000F065
:10C6F00099FF284601F0D8FA848814F4C0740AD04F
:10C700001B4B00221A62FFF765FB0346284615B053
:10C71000BDE8304018476A4619212846FFF752FC09
:10C72000009BE3B102A8F3F763FD014640B96A46F6
:10C73000FFF7F5FD0446F3F731FD204615B030BD97
:10C74000039B0C4918680AF021FA0346039823B1A9
:10C7500003F01EFC064B1862EFE7F3F761FD284675
:10C7600001F0AEFA044902460448FFF798FC00BF06
:10C7700040000020902006087EC10508081E06081B
:10C780002DE9F04F8DB013680393002853D102F1C7
:10C7900004090546C1F30724630053FA81FB5FFADD
:10C7A00081F859F82B707F105BD13E464FEA880321
:10C7B000029309EB880A09EB8B03019352464FF071
:10C7C000000B019B9A4250D104EB0B03009308F13C
:10C7D000010B002F5DD10BEB4306B000F3F748FDD2
:10C7E000044615B10560D8460127029A494604EB74
:10C7F00087001AF0CFFC4546009B05EB4307B74284
:10C8000005D92046B900F3F74EFD3E4604462F46B3
:10C81000019B534540F08C807A1B294623465208E1
:10C820000398FFF715FD05462046F3F749FD284616
:10C830000DB0BDE8F08F556802F10809AAE727FAA4
:10C840000AF3D80708D559F82A0001F04DFC18B1B1
:10C8500001F024FB013806440AF1010AD045EED16B
:10C86000A4E74FF0000A5646F8E7116879B9506816
:10C8700068B181070BD10168654B994207D10092DD
:10C8800003F0CFF90BF1FF33009A03EB000B0832F2
:10C8900097E7009B5E4406EB4306B000F3F7E8FC25
:10C8A00004460DB1056001254FF0000BD845A3D01B
:10C8B00027FA0BF3DA0759F82B0035D5830716D181
:10C8C0000368544A934202D0534A93420FD108AAB4
:10C8D00007A901F08BFB079A089904EB85009200E9
:10C8E0001AF058FC079B1D440BF1010BDEE708A969
:10C8F000FFF786FEA8EB0B03049002930498FFF762
:10C90000F3FE03460028EFD0029A2A44B24207D32E
:10C91000F10020460593F3F7C6FC059B044676001C
:10C9200044F825300135E9E744F825000135DBE717
:10C93000DAE90019002962D119F0030827D1D9F8E2
:10C940000020334B9A4222D1D9F80820904502D3D7
:10C950000AF1080A5CE7D9F80C2052F838004FEACF
:10C96000C80B88B104280FD000F00702022A01D0BA
:10C9700008F0B2FD44F82700D9F80C205A4404EB23
:10C98000870152684A60023708F10108DCE708AA0B
:10C990006A214846FFF714FD002108AA0846FFF760
:10C9A000BEFC0021FFF72CFE83465846FFF79CFE95
:10C9B00080460028CCD07A1C964205D8F10020464B
:10C9C000F3F771FC7600044608F00702022A03D050
:10C9D000404608F081FD804608AA0F214846FFF72F
:10C9E000EFFC08AA00210120CDF82880FFF797FC72
:10C9F00004EB870244F8278002375060D5E704EB48
:10CA0000870244F827100237C2F80490A0E700BF5D
:10CA1000FC1C06084C2F06082C25060870B5830759
:10CA200086B00C4615461BD103681D4A934202D0BE
:10CA30001C4A934214D102AA01A901F0D7FA019B22
:10CA4000A34227D319D8029B043D03EB84049C42E4
:10CA500001D106B070BD54F8042D45F8042FF6E757
:10CA600002A9FFF7CDFD00230646A34201933046FD
:10CA700006D3FFF739FE0028EBD00B4922460BE026
:10CA8000FFF732FE30B1019BE11A0139013345F85D
:10CA90002100EAE7019A05490548FFF700FB00BFBE
:10CAA0004C2F06082C250608A1C105088CC10508D5
:10CAB000C01D06082DE9FF4115468207CEB2C1F31D
:10CAC000072432D10368364A934202D0354A934252
:10CAD0002BD10290029803AA01A901F087FA0198CC
:10CAE0003319834256D882002B4605EB8408434510
:10CAF000039910D1801B01EB8601001B05F002FA9F
:10CB000045F82400B700043F3B1D09D100230293E0
:10CB100004B0BDE8F081043A895843F8041BE6E705
:10CB2000039BDB5948F8043FEDE70021FFF768FD60
:10CB300000230746B342019317D30021084605F0AE
:10CB4000E1F906463846FFF7CFFD0146C0B9B368A4
:10CB5000A3421FD345F8246005EB840205EB830153
:10CB6000AA4211D11B1BB360D2E73846FFF7BCFDC8
:10CB700080B1019BF21A2244013345F82200D9E723
:10CB8000304604F02EFFDDE7F768881A385842F87F
:10CB9000040DE5E7019A04490448FFF780FA00BF55
:10CBA0004C2F06082C2506088CC10508C01D060858
:10CBB0002DE9F04784B000AF07F1080204460E46A5
:10CBC000FFF700FAD7E9020129B102F0F7F81037B0
:10CBD000BD46BDE8F0870028F9D107F1080240F210
:10CBE0009D312046FFF7EEF9BB6823B91E491F4867
:10CBF0003246FFF754FA07F1080220461721FFF7E3
:10CC0000E1F9391DB86807F0E3FC82463046F4F7D5
:10CC100056FAD7F8048008F101054419E31D23F002
:10CC20000703ADEB030D6B46424651464FEAD3096D
:10CC300068461AF0AFFA2E2308F839303046F4F778
:10CC400048FA80463046F4F73AFA414602460DEB80
:10CC500005001AF09FFA21466846F4F77BF9012295
:10CC60001E21FFF789FBB2E7BBC10508941F060828
:10CC700008B50446F3F700FC18B104490448FFF76F
:10CC800005FA044902482246FFF709FAC1C105081E
:10CC9000041F0608E8C10508014608B50148FFF76A
:10CCA000F5F900BFC01D06082DE9F043831E87B0CB
:10CCB00007460D469146062B43D8DFE803F00C42A9
:10CCC000420C4204120049450CBF1E260E26304677
:10CCD00007B0BDE8F0834A4607B0BDE8F04301F075
:10CCE00049BA484603F02CFA40B14946284603F0B9
:10CCF00055FA002814BF1E260E26E8E719F0030691
:10CD000040F03481D9F80020AB4B9A4240F02E819C
:10CD100009F10408D9F80430B34201D80E26D6E749
:10CD200058F8044F204603F00BFA002800F01F814A
:10CD30002146284603F032FA002840F07C81013673
:10CD4000E8E7E90740F1308119F0010F4FEA650883
:10CD500000F0F9804FEA6904232800F20781DFE838
:10CD600010F0D800DD000501E200E7000501050133
:10CD70000501050124002F003200350065006E001A
:10CD80007100740005017A00820094009C00240068
:10CD90002F003200350065006E007100740005013F
:10CDA0007A00820094009C00BF0048EA040090EAE8
:10CDB00040034FEA400600F1C08046F0010686E7D6
:10CDC00088EA0400F3E708EA0400F0E7002C02DA3E
:10CDD0007A48FFF761FF1F2C09DC6FF040432341C5
:10CDE000434504DB4FF04043234143451BDD4046B0
:10CDF000C11704F033FB05464C46284600F054FFAB
:10CE0000037B002B40F0E880A7F10903DBB20C2B79
:10CE100000F2EE8023460D372C46FFB21D462B460E
:10CE200025461C46E9E708FA04F0C0E7002CCFDBF2
:10CE30001F2C2046A8BF1F2048FA00F0B7E708EBD8
:10CE40000400B4E7A8EB0400B1E788FB0404B4EBEA
:10CE5000E07FACD0CBE7002C00F0EF8021464046CD
:10CE60000EF07CF9A3E7002C00F0E78007EE908A33
:10CE7000B8EEE70A07EE904AF8EEE77A80EE270A66
:10CE800007B0BDE8F04303F08BBA002C00F0D5806A
:10CE9000214640460EF054F989E7002C1DDA07EED2
:10CEA000908AB8EEE70A494607B0BDE8F04303F0C0
:10CEB000E1BA43460120E20707D580FB0302B2EB4B
:10CEC000E07F94D1012C3FF472AF83FB0332B2EBCD
:10CED000E37F4FEA6404EED089E7EAD1012066E7F8
:10CEE000002C00F0AA800021022008F08BFE2146D1
:10CEF000064640460EF032F9400040F00100B060B6
:10CF0000214640460EF01CF9400040F00100F06060
:10CF1000DDE6A045B4BF1E260E26D8E6A045CCBF50
:10CF20001E260E26D3E6A045D4BF1E260E26CEE62C
:10CF3000A045ACBF1E260E26C9E6C11707B0BDE846
:10CF4000F04304F08BBA19F0030F2DD1D9F800305B
:10CF50001B4A93421BD107EE908A4946B8EEE70A76
:10CF600003F088FA064600287FF4B1AE4C46154B14
:10CF70002846DE5D00F0A4FE0546204600F0A0FE37
:10CF8000114900902B4611483246FFF788F8104AA5
:10CF9000934209D107EE908ADFED0E0AB8EEE70A58
:10CFA000494602F0A7F8DDE7062F2B4602BF2427EB
:10CFB0004D46994620E700BF4C2F060816C20508CB
:10CFC000A42106080430060824C20508081E060825
:10CFD000101B06080000000000EB830022460369D6
:10CFE000294638469847064600283FF40DAF6EE6BE
:10CFF000A7F11603DBB20C2B02D80F37FFB20EE7F6
:10D00000A7F10F03252FDBB22A4622BF1F46254674
:10D010001446242FABD1284602A9FFF7F1FA0546A2
:10D020002846FFF761FB00283FF478AE214601F067
:10D030001FF90028F4D01E2649E602490248FFF7EE
:10D0400025F800BF37C2050824200608014608B5A8
:10D050000148FFF71BF800BF081E06082DE9F04144
:10D0600004460D4617461E4641B1186800F01CFEE6
:10D070006368834202D00548FFF7E8FFA0683346A3
:10D080003A462946BDE8F041FFF7E2B843C2050839
:10D09000014608B50148FEF7F9FF00BF741E0608F7
:10D0A00007B50022019101AB012102F0C3FEF3F7A5
:10D0B000B7F80000014608B5024809B9FEF7E6FFD7
:10D0C000FFF7EEFF9020060808B500F0F9FD0249D1
:10D0D00002460248FEF7E3FF4DC20508081E060897
:10D0E000410008B5024841F00101FFF7D9FF00BF38
:10D0F000BC1E060808B5024842F26251FFF7D0FF95
:10D10000981E060830B593B0044668460D46F3F7FE
:10D110006FF848B920462946FFF7EEF80446F3F7C2
:10D120003DF8204613B030BD0199024800F0F6FDED
:10D130000024F6E70C0D0608044BD861B3F924224D
:10D14000012A04BF0022A3F82422704740000020D7
:10D150000248002343643C30FFF7EEBF400000204C
:10D16000EFF3108172B6084BB3F92422002AB6BF40
:10D17000B3F924224FF6FF7202F1FF32A3F8242202
:10D1800081F31088704700BF40000020EFF310814A
:10D1900072B60C4BB3F92422013212B2A3F8242246
:10D1A00052B9DA692AB9D3F8282212B993F8302291
:10D1B0002AB10022A3F8242281F3108870470122AB
:10D1C000F8E700BF4000002070B5EFF3108472B69E
:10D1D0000F4B93F83022082A17D0B3F92452012DAF
:10D1E00004BF0025A3F8245293F83152561C2A4458
:10D1F00002F00702293283F8306203EBC203C3E96D
:10D200000201012084F3108870BD0020FAE700BFFE
:10D210004000002030B5EFF3108472B60268B2B956
:10D220000C4BB3F92452012D08BFA3F8242200228D
:10D230004260D3F82C2201603AB9C3F82802C3F83F
:10D240002C02012084F3108830BD5060F7E70020E5
:10D25000F8E700BF400000200228F8B52B4C11D0A1
:10D26000E3697BB1EFF3108372B6E26942B100214A
:10D270000128E16104D183F310881046F2F7D0FF52
:10D2800083F31088B4F924323BB9EFF3108272B6FD
:10D29000B4F9247217B182F31088F8BDD4F82C6267
:10D2A0004FF6FF73A4F8243296B1D4F828526B6875
:10D2B000C4F828320BB9C4F82C322B682F6082F3E3
:10D2C000108828469847EFF3108272B6AE42ECD130
:10D2D00094F83052BDB194F8313203F12901013391
:10D2E00004EBC10103F00703013DD1E9020184F819
:10D2F000313284F8305282F31088FFF703FFBDE823
:10D30000F840FFF743BF82F31088F8E740000020A1
:10D310000120FFF7A1BF08B5FFF7FAFF30BF08BD36
:10D3200008B5FFF7F5FF30BF08BD000038B1044A6B
:10D330001369984202D01061184670470020704768
:10D340004000002001F00F0108290DD8DFE801F0AE
:10D3500011050A0C0C0C0C0C0E0000280CBF0E2042
:10D360001E20704704F08AB804F0A3B8C00040F053
:10D370000200704708B500F0E7FD10EE100A2BF030
:10D3800043FC41EC100B08BD00F0DEBD08B551ECCC
:10D39000100B2BF091FCBDE8084000EE100A02F0E3
:10D3A000FFBF02F0FDBF0000F0B593B00446684631
:10D3B00016680F461546F2F71BFF80B986420CBF70
:10D3C000394601462B4632462046FFF729F80446E7
:10D3D000F2F7E4FE012C0DD1204613B0F0BD019B05
:10D3E0002B601049286802F0D9FE0346286893B9DB
:10D3F000F2F716FF002CF4D12B680BB906232B6033
:10D400006EB10949304602F0C9FE0028E5D0304629
:10D41000FEF796FFECE702F0BBFD2860F0E7304630
:10D42000DBE700BF90200608FC200608036803B96C
:10D430004068FFF759B91346C1F30722C9B2FEF796
:10D4400007BF1FB501F00F03012B04460CD011F0EC
:10D450000E0F0BD0023B012B0AD9012201A900F0CB
:10D460004FFF50B1019801E000F05CFE04B010BD28
:10D4700004B0BDE8104000F01DBD204600F01AFDCC
:10D48000F4E708B528B1062803D0FEF759FFF2F7F4
:10D49000C7FE08BD10B50C4619B9BDE81040FFF72E
:10D4A000AFB8FFF7ADF884421CBF0023C4E90030D9
:10D4B000002010BDB0F5A06F17D840F2FC43984291
:10D4C00009D85E281DD075281DD03E2814BF4FF006
:10D4D000FF3001207047A0F2FE40022815D8DFE897
:10D4E00000F00C0E02000520704740F2975398425E
:10D4F00014BF4FF0FF30032070470620704707200D
:10D50000704702207047002070470420704738B5EC
:10D5100003460D46144661B152B11146284698475C
:10D5200060B16B683BB96C6045F00103AC60E360CF
:10D530002C46204638BDAB68DC60F5E76368EB60DD
:10D540006560002BF5D144F00103A560EB60F0E7C6
:10D55000F8B5064631B1002511F0010304D00023CF
:10D56000EB6029460846F8BDCC68CB6014F0010397
:10D5700007D1E768E36022463046FFF7C8FF3C4624
:10D5800001460A4630462946FFF7C1FF21460546B7
:10D59000E2E78A422DE9F0410F4606D100235168A7
:10D5A0005360BDE8F041FFF7D3BFD66896B114468B
:10D5B000E468E307FCD524F0010406F00108636881
:10D5C000934216D15168002339B9884518BF0E46D9
:10D5D0006660D1603846BDE8F0815360D360FFF7E4
:10D5E000B7FF05466060EE60B8F1000FF2D0A560AD
:10D5F000F0E71D46DB689342FBD100225968DA60F0
:10D600005A60FFF7A5FF0028EDD0E8600546EAE77D
:10D61000034B82B0186801ABC01A02B0704700BF5C
:10D620004000002007B5054A1368526801A95B1A3B
:10D630009A4201D8FFF75EFD03B000BD4000002014
:10D6400008B5034621B1D10702D40F48FFF7FEFC0D
:10D65000C2F34F00B0EB524F4FEA524106D199420C
:10D6600010D00A4609490A48FEF719FD994204D923
:10D67000CA1A07480749FEF712FD984202D2064926
:10D680000246F0E708BD00BF54C205085EC20508A7
:10D69000081E060870C2050878C205082DE9F74F74
:10D6A000DDE90CA5002481468B4690460193264671
:10D6B0002746019B9C4204D14F453AD22248FFF7AE
:10D6C000C5FC4C450FD2BAF802209205F6D45BF89F
:10D6D000240001379AF80220012A23D100F022FD0C
:10D6E00005F8240017E0BAF80010C900002241F044
:10D6F0000201404600F094F888B9BAF80220D30538
:10D7000005D5BAF8002011491148FEF7C8FCDAF82F
:10D71000042045F8242001340AF1080AC9E74068CA
:10D720000136D7E7022A01D100F0B8FB45F8240002
:10D73000F1E7D8F80030B6EBD30F01D20548BEE7C9
:10D7400003B0BDE8F08F00BF93C205088EC2050884
:10D75000081E06089DC2050870B586B00446154629
:10D7600002EB800203A81E4600F031F80B9B0193E8
:10D770000A9B009303AA334629462046FFF78EFFF3
:10D7800006B070BD08B50148FFF782FCA7C20508C6
:10D79000074900220B88834208D20132222A01F174
:10D7A0000201F7D100EB500040F00103184670472A
:10D7B0000819060810B50446416019B90123A16093
:10D7C000236010BDC800F2F76CFD0146F6E741602A
:10D7D000C90041F0070101608260704703789B0730
:10D7E00010B5044602D48068F2F76AFD236800226F
:10D7F00062F3DF036260236010BD03789B0710B5FE
:10D80000044602D48068F2F75BFD236803F004034A
:10D8100043F0010323600023C4E9013310BD00007D
:10D820002DE9F04F022A85B004460E46924612D0EA
:10D83000426882B1994BC1F386010B4493F83232AE
:10D84000B3FBF2F102FB1133826802EBC30552F81D
:10D850003330B3427FD0237813F001030093237851
:10D8600010D006F00702022A0CD016F0030203D1F2
:10D8700030688B49884204D0BAF1010F02D00025EC
:10D8800069E000925B076CD52768A56827F0070759
:10D890002F44BD4232D3BAF1010FF0D1D4E90032A6
:10D8A000B2EBD30FC3F3DC0111D104316160A06886
:10D8B000C900F2F7F8FCD4E90032A2EBD30223F05E
:10D8C0000703A060D2000021184419F0ADFC2368C2
:10D8D000A168C3F3DC02501C60F3DF03236001EB9B
:10D8E000C20541F8326006F007060022022E6A6087
:10D8F00031D0237862F3000323702CE02868B04213
:10D9000005D0009B5BBB314600F0B2FC38B3BAF1E6
:10D91000020F17D12368D5F80480083B7A1B05F164
:10D9200008012360083A284619F068FC2568A368B6
:10D93000C5F3DC0225F007051D44002143F8321031
:10D94000C5F80480554BC6F386061E44A368EB1A3F
:10D95000DB1086F83232284605B0BDE8F08F083576
:10D9600097E763682BB9BAF1010F88D1204600F020
:10D9700099F806F0070BBBF1020F2BD1F008F3F773
:10D9800093FB80466368B8FBF3F703FB17870197A7
:10D990004FF00009A26852F83750FB00029302EBE7
:10D9A000C703F5B9BAF1010FD5D12268C2F3DC0182
:10D9B0000131A94518BF4B4661F3DF02BBF1020FED
:10D9C0002260C3E9006503D0227865F3000222706B
:10D9D0001D46C0E731460620FEF7B2FB4FEA60085D
:10D9E000D0E7042D20D1B9F1000F08BF9946636834
:10D9F0000137B7FBF3F203FB1277019BBB42C9D19E
:10DA0000BAF1010F7FF43BAFB9F1000F3BD02368AF
:10DA100000220833BBF1020F2360C9F80060C9F887
:10DA200004202BD14D4696E7B5420CD00099002931
:10DA3000DDD131462846CDE9023200F019FCDDE99E
:10DA400002320028D3D0BAF1020F0ED121686068EB
:10DA500008392160791CB1FBF0F500FB1511A068B5
:10DA600050F8311041B942F837100C4AC6F3860617
:10DA7000164486F83272ABE70421F4E7237862F3A8
:10DA800000032370CEE7204600F00CF86368B8FB73
:10DA9000F3F703FB178701977CE700BF40000020E6
:10DAA000042E06082DE9F041D0F80480044608F160
:10DAB0000100FFF76DFE0546C000A768F2F7F1FB15
:10DAC0002368656003F0060343F001032360A06050
:10DAD0003D1D0026464504D13846BDE8F041F2F729
:10DAE000EFBB55F8041C39B1042905D001222046AA
:10DAF000FFF796FE2B68436001360835EAE710B55C
:10DB000000230446016043608800F2F7CAFBA0606E
:10DB100010BD03682DE9F74F05468946924623B9A3
:10DB200012F0010F66D000F067F849460620FEF7B4
:10DB300007FB2B684FEA6008B8FBF3F403FB14847F
:10DB40000AF00103A34600260093A86850F8247049
:10DB5000A20000EB840167B91AF0010F38D06B689E
:10DB6000BE4218BF314601336B60C1F800904F468A
:10DB70002EE0042F13D1002E08BF0E462A68013470
:10DB8000B4FBF2F102FB1144A345DED1009B8BB341
:10DB900036B36B6801336B60C6F80090E7E749461F
:10DBA0003846019200F064FB019A0028E6D01AF092
:10DBB000020F0DD06B682868A968013B6B60631C7D
:10DBC000B3FBF0F500FB153351F8233023B98B502C
:10DBD000384603B0BDE8F08F042341F82430F7E75E
:10DBE000284600F009F82B68B8FBF3F403FB148413
:10DBF000A346AAE70027EBE7F8B50768866805465D
:10DC0000781CFFF7C5FD002428606C608000F2F7E7
:10DC100048FBA860BC4204D13046BDE8F840F2F7AA
:10DC20004FBB56F8241029B1042903D001222846FD
:10DC3000FFF76FFF0134EDE770B5046800239C42E5
:10DC400001D1002114E0856855F823105A1C89B1D0
:10DC500004290FD04668013E4660B2FBF4F004FB95
:10DC6000102255F82220002A18BF042245F823204C
:10DC7000084670BD1346E2E710B504468068F2F727
:10DC80001FFB0023C4E90033A36010BD704710B52B
:10DC90000C46F2F7EDFA046010BD10B50C46F2F731
:10DCA000F5FA046010BD000083070FBF0068034B46
:10DCB00000F00F0053F82000704700BF4C19060811
:10DCC00008B5FFF7F1FFBDE80840C088F3F701BAD7
:10DCD00070B50D4604461646FFF7A4FC2846FFF72C
:10DCE000E3FF437A43B100EB8300324603692946E0
:10DCF0002046BDE870401847C28803492046BDE869
:10DD00007040D5F723BF00BFCCC205080A460146C4
:10DD10000148FFF7DDBF00BF6C3D060873B505463F
:10DD200008460E4602F026FA70B101AA694630464E
:10DD300002F080FA009B3BB116492846D5F750FB0C
:10DD4000009C033C002C0BDA314628460222FFF7E8
:10DD5000BFFF1149284602B0BDE87040D5F740BB6F
:10DD6000019A0E4902EB840328465B6852F824208E
:10DD7000D5F7ECFE019B03EB84039A6822B90649B0
:10DD80002846D5F72DFBDCE705492846D5F7DEFE0A
:10DD9000D7E700BFD1C2050884D90508F5C2050838
:10DDA0000AC3050808B50246FFF77EFF837A53B120
:10DDB00000EB8300064903698B4204D1BDE80840AB
:10DDC000104608F0BBBE181E18BF012008BD00BFDA
:10DDD00065690308830710B5044603D10268084B40
:10DDE0009A4208D021460820FEF7AAF910B9204629
:10DDF000FFF76AF904462046BDE8104003F0D6BCA0
:10DE0000042406081FB58307044603D102680E4B9D
:10DE10009A4208D021460820FEF792F910B9204610
:10DE2000FFF752F9044614F0010303D06010E11724
:10DE300004B010BD08212046CDE9003302AA03F04A
:10DE4000CFFCDDE90201F3E7042406080E2838B50B
:10DE500003460C4604D1002323600125284638BD23
:10DE60001E2801D10123F7E710F0010502D043106D
:10DE70000B60F3E7820707D10168074A914203D19B
:10DE800003F040FB2060E8E719460820FEF758F948
:10DE90000028F5D1E2E700BF0424060813B501A964
:10DEA0000446FFF7D3FF10B92046FFF70DF901989C
:10DEB00002B010BDC20705D4830705D10268034B29
:10DEC0009A4201D103F017BBFFF7E8BF042406080C
:10DED0000E2838B503460D4629D01E282AD010F04A
:10DEE000010408D0431000EE103AB8EEC00A85EDE8
:10DEF000000A012419E082070CD102680F498A4206
:10DF000002D103F069FCF2E70D498A4202D102F026
:10DF1000AEFAECE719460920FEF712F928B183079B
:10DF200003D10268064B9A42F1D0204638BD9FEDDE
:10DF3000050ADCE7B7EE000AD9E700BF04240608AB
:10DF4000A42106080000000013B501A90446FFF74C
:10DF5000BFFF38B92046FFF7B3FE04490246044824
:10DF6000FEF79DF89DED010A02B010BD13C3050830
:10DF7000081E0608F8B505460F461646FFF7A8FF27
:10DF8000044618B1002333602046F8BDAA070AD121
:10DF90002A680C4B9A4206D132463946284601F08F
:10DFA000A3F80124F0E729460A20FEF7C9F8002863
:10DFB000EAD08307E8D10268024B9A42E4D13246A4
:10DFC0003946ECE7101B060810B50446FFF7D2FFF0
:10DFD00038B92046FFF774FE024902460248FEF7B0
:10DFE0005EF810BD1EC30508081E0608830710B59D
:10DFF0000FD103680A4CA34204D143680B60083078
:10E00000106010BD074CA34203D183680B60C06849
:10E01000F6E7FFF755FE044902460448FEF73FF8CD
:10E020004C2F06082C25060825C30508081E0608DF
:10E0300013B50C4601A9FFF7D9FF019BA34204D0F9
:10E04000034904482246FEF72AF802B010BD00BF7B
:10E050002EC30508C01D0608F7B51F46D3070646A0
:10E060000D4614460DD5541001940198002823DA6A
:10E070002844B7B100281DDBA84228BF284603B0BA
:10E08000F0BD01A91046FFF7E1FE0028EDD12046C2
:10E09000F588FFF715FE0A4903462A460948FDF7A9
:10E0A000FEFFB84201DBA842E9D3F28806490748DF
:10E0B000FDF7F5FF0020E2E7002FDDD1F3E700BF19
:10E0C00040C30508081E060857C305084C1F06086C
:10E0D000830701D003F0D2B9002801DA03F0E9B9CF
:10E0E000400040F001007047830710B5014608D199
:10E0F00002680B4B9A4204D18068400040F0010056
:10E1000010BD0846FFF7D0FDC37A33B100EB8300A2
:10E11000BDE810400369052018471846F0E700BF26
:10E12000D42D06080E2810B5044601D1002010BDDC
:10E130001E281CD00628F9D0C20703D5013818BF05
:10E140000120F4E7FFF7B0FDC37A5BB100EB830079
:10E15000214603690420984720B1A0F11E035842CC
:10E160005841E4E72046FFF7BFFF0138E7E7012009
:10E17000DDE7000005282DE9F04707BF0E264FF028
:10E180001E091E264FF00E09914282460C46154686
:10E1900007D1E10751D42046FFF786FD83885A074F
:10E1A0004BD504F00703022B06D014F0030847D127
:10E1B00022682E4B9A420ED105F00703022B35D070
:10E1C000AB0703D12A68294B9A422FD023464FF040
:10E1D00001082C461D462046FFF766FD027B0746D8
:10E1E000002A3AD08188080704D42846FFF75CFD4E
:10E1F000B84232D1BAF1050F09D1CB0607D507EBEA
:10E2000082022146136950462A46984760BB3B7BF1
:10E2100007EB83072A463B69214602209847E0B175
:10E22000BAF1020F20D0FFF77DFF03E02946204618
:10E2300005F053FF002808BF4E463046BDE8F08782
:10E2400014F00108C7D0EF07C0D54E46F5E72346C6
:10E250004FF001082C461D46BDE7B8F1000FF6D07F
:10E26000A54218BF4E46E8E70646E6E7042E060834
:10E2700008B50A4601460220FFF77CFFBDE80840CA
:10E28000FFF750BF10B50446FFF72EFF38B9204600
:10E29000FFF716FD024902460248FDF700FF10BDD8
:10E2A0005EC30508081E060838B50446FFF7FCFCE7
:10E2B000837B15462BB100EB83000369204698470A
:10E2C000A0B9204635B9FFF7FBFC094902460948C9
:10E2D000FDF7E5FE042D04D1FFF7F2FC06490246E6
:10E2E000F5E7FFF7EDFC05490246F0E738BD00BF52
:10E2F0006BC30508081E06087EC3050890C3050801
:10E3000038B50546FFF7D0FC037C14461BB914F062
:10E3100004000BD138BD00EB830002F00302036957
:10E32000284698470028F2D10120F3E70148FEF77C
:10E330008DFE00BF9BC30508042803D0052807D025
:10E34000002070478B68002B0CBF0E201E207047EA
:10E350008868400040F0010070470000074B0268E9
:10E36000C1E900300023C1E90233054B9A4202BFE4
:10E370004368C3F317238B60084670479419060857
:10E38000E0190608F8B50D460179044601F07F0151
:10E3900016464020002209F001F9A268E3682768C8
:10E3A0002B6042436A60227902F07F01A96008492C
:10E3B0008F4209D1110601D4B20707D46268C2F3B3
:10E3C000172200FB02332B600020F8BD0120FCE780
:10E3D000E0190608F8B5002205460E460146402021
:10E3E00009F0DCF807461020F1F742FF094A0A4B12
:10E3F0000571012D08BF13460360436803F0FF0356
:10E400000446C0E9013606FB07F0F1F731FFE06092
:10E410002046F8BD241A0608AC1906084268C368ED
:10E4200091688B4230B40AD21479D16882685D1C3D
:10E43000C5601A4404F07F0030BC09F01FB9002009
:10E4400030BC7047F8B54368FF2B04460F461AD816
:10E4500001790022402009F0A1F8A16808310546A1
:10E460004143E068F1F71FFF6268E060082363F34F
:10E470001F226260A26802FB05560021C5EBC5029F
:10E48000304418F0D1FE20793B46D4E9022109F04E
:10E49000CFFAA3680133A3606368A3F58073636058
:10E4A0000620F8BD70B50E79012E05460C460ED13A
:10E4B0001949D4F795FFD4E902213346284605F0DF
:10E4C000AFF928461549BDE87040D4F789BF144913
:10E4D0003246D5F73BFBA368002BF2D01149284602
:10E4E000D4F77EFF0026A368B34204D80E4928461D
:10E4F000D4F776FFE5E71EB10C492846D4F770FF44
:10E500003246E168207909F0B9F80122014628462F
:10E51000FFF7DEFB0136E6E7A9C3050843E205087D
:10E52000B5C30508C0C3050899D80508C4C30508C4
:10E5300010B5144612686AB940F28A4399420AD16A
:10E540000179402001F07F0109F028F8400040F0F7
:10E550000100206010BD04236360FBE72DE9F04F4C
:10E56000054689B00E461446002A00F0DF8011F0FF
:10E5700003078068DFF848A240F0ED800B68884A06
:10E58000934240F0E88002AA08F045FC10B98548A3
:10E59000FEF77EFD2979042C01F07F013A464FF009
:10E5A000400000F0A48008F0F9FF14F003020646D2
:10E5B00063D121688B7B002B50D001EB830318695A
:10E5C000794B98424AD12179402001F07F0108F02F
:10E5D000E5FFB04202D07548FEF75EFB2368534565
:10E5E000D4E9029B46D16368C3F3172806FB08F8F9
:10E5F000DDE902032A68EF681B1A5245A9EB030400
:10E600003DD195F90420002A80F2B780002CE2D198
:10E610006A68C2F3172206FB027706FB09F20BEBCE
:10E62000080106FB0070019318F0E8FD0399AA6841
:10E630000298521A4844724306FB017106FB0070AF
:10E6400018F0DCFD019BA868A3EB0902204472438B
:10E65000002106FB007018F0E7FD3BE0544B9942A7
:10E660000BD1012EB7D1052205A92046FFF748FEA0
:10E67000DDE905B94FF00008BAE74E4888E7002CFD
:10E68000CBDD6B68B4EB132F2FD9A96821447143FC
:10E690003846F1F708FE6B68E86064F31F23824692
:10E6A0006B60BB4508BF83460298AA68039948443B
:10E6B0002244121A724301FB06A106FB00A018F0C7
:10E6C0009DFD029806FB09F20BEB080100FB06A07A
:10E6D00018F094FD6B68C4EB132262F31F236B6088
:10E6E000AB682344AB60062420E0BA46DCE708F0C0
:10E6F00055FF2A68029B524506461BD1B3F1807F25
:10E7000003DB2D492D48FDF7C1FC1020F1F7B0FDCA
:10E71000044695E80F0084E80F00029A02EB1123EB
:10E7200063F31F216160039B9B1AA360204609B01D
:10E73000BDE8F08F03992879C91AFFF74BFEDDE990
:10E740000232E968D21A0446724306FB0311C0681C
:10E7500018F020FDEAE70023324601462868FFF75B
:10E760007BFC2B6853450246287908D16B68042C42
:10E7700002EB132205D003060BD40024D6E7042CA9
:10E7800007D1E96800F07F0009B0BDE8F04F08F05C
:10E7900075BFE968234600F07F0009F049F9A2E758
:10E7A000FC2A0608C7C305085DE50208EBC3050897
:10E7B000D42D060806C4050821C40508482006080B
:10E7C000E019060801282DE9FF4106460F4608D04A
:10E7D0008B0724D10B68244A934202D0234A9342E8
:10E7E0001DD1012201A93846FFF78AFDB8B10022E8
:10E7F0003146402008F0D2FE029DB5FBF0F50746F9
:10E8000029463046FFF7E6FD0199044605FB07F26D
:10E81000C06818F0BFFC204604B0BDE8F08138465F
:10E82000FFF762FCB8B1451029463046FFF7D2FD2C
:10E83000002104463846FDF7E3FE002780464046A7
:10E84000FDF752FF03460028E5D035B919462046AA
:10E85000FFF7F8FDF3E70546E6E73A46E16830469C
:10E8600009F0E6F80137EAE7D42D0608241A06086D
:10E8700038B50C462046114606221D46FEF7E0FE3E
:10E880002CB92146BDE838400120FFF7A3BD296817
:10E89000CA0705D48B0708D10B680C4A93420DD1E7
:10E8A0000846FFF7FBFA0146ECE701F00703022BED
:10E8B00007D1012C05D10648FEF7C8FB054A934253
:10E8C000F6E7BDE838400120FFF77CBF04240608C6
:10E8D00036C40508042E060838B50D461C461146F8
:10E8E0002846094AFEF7ACFE206805F0FFFD012D21
:10E8F000007804D1BDE838400021FFF76BBD6168A6
:10E90000BDE83840FFF75EBF04000200F0B50F46D7
:10E9100085B001A9044601223846FFF7F1FC014603
:10E9200078B93846FDF76CFE05462846FDF7DCFE53
:10E93000014610B9062005B0F0BD2046FFF782FD64
:10E94000F3E700222179402008F028FE6368029D49
:10E95000B5FBF0F5B5EB132F0646C3F317221ED90E
:10E96000A16829444143E068F1F79DFC6368E060D9
:10E9700003F0FF03BC42636004D1052201A92046D5
:10E98000FFF7BEFCD4E90203019900FB063005FB4A
:10E9900006F218F0FFFBA3682B44A360CAE7521BE2
:10E9A00062F31F236360EDE7F0B51B288DB00646C8
:10E9B0000C46154613D005D804286DD90E283DD035
:10E9C000002438E02428FBD1012203A92846FFF7C0
:10E9D00097FC002851D0A10739D00E242BE00A68FB
:10E9E000474B9A42ECD0012206A92046FFF7CAFC09
:10E9F000052209A92846FFF783FC9DF82070002214
:10EA00003946402008F0CAFDA1680A9EB6FBF0F620
:10EA1000054631443846FFF7DDFC079F069904465A
:10EA20003A46C06818F0B6FBE068099906FB05F2A3
:10EA3000384418F0AFFB20460DB0F0BD0A68304BEB
:10EA40009A42BDD029462046FFF760FFF3E72268CF
:10EA50002C4B9A42C1D1012209A92046FFF792FC12
:10EA600001230093DDE90901DDE9032304F09CFFA4
:10EA7000002814BF1E240E24DDE7EA0702D500207B
:10EA8000FEF706FBAB07A8D12B681F4A9342F6D0CE
:10EA90001E4A9342A1D1F2E7012206A92046FFF7C0
:10EAA00071FC012209A92846FFF72AFC002894D00E
:10EAB000089A012A1ED05A2A1EDC203201460B9BDE
:10EAC000012B1BD05A2B01DC203301469342D6D1B7
:10EAD00023F00203642BD2D0022E01D00029CED025
:10EAE0000A9B0093DDE90612099B304608F0D2F933
:10EAF0000028BEE74222E0E70021E0E74223E3E707
:10EB0000E0190608241A060804240608A4210608A9
:10EB100070B5064610200D461446F1F7A9FB054BCB
:10EB2000067103604368C46003F0FF03C0E9013568
:10EB300070BD00BFE01906087FB51D4608461146A6
:10EB40004FF00212FEF77CFD052201A92868FFF7AD
:10EB5000D7FB9DF80C40029E21460022402008F081
:10EB60001DFD019AB6FBF0F12046FFF7D1FF0446E8
:10EB70002868FFF799F80D4B984209D12A68616817
:10EB80005368C3F3172363F31F216160D368E36005
:10EB90002868032201A9FFF7B3FB18B1237963F0BA
:10EBA0007F032371204604B070BD00BFE019060842
:10EBB00070B505460E4601460120FFF70BFC2A46BC
:10EBC00004463146C06818F0E5FA204670BD0000E2
:10EBD00038B505460C4610200349FFF758F80123C5
:10EBE000C0E90135C46038BD241A0608136870B541
:10EBF0006BB94468A51C50F825509C4207D055F8C5
:10EC00002360B14204D1023350F82330136070BD49
:10EC10000133F2E72DE9F0418846114916460546D1
:10EC2000D4F7DEFB371D00247368A34205D82846BD
:10EC30000C49BDE8F041D4F7D3BB1CB10A492846C2
:10EC4000D4F7CEFB58F8242008492846D4F77EFF95
:10EC500057F8041F01222846FFF73AF80134E3E78A
:10EC60006CC6050843E20508C4C305084AC4050884
:10EC70004B6802330A4651F82310FFF7CBBF0E3919
:10EC800018BF0121490041F00101FEF70DB8052828
:10EC900007D00E3918BF0121490041F00101FDF7ED
:10ECA0004FBA002070470000032A05D10E2914BF77
:10ECB00004490549D4F794BB0E2914BF03490449FC
:10ECC000F8E700BF67BB05086CBB0508A6A50508EB
:10ECD000529A050838B50C462046114602221D46B8
:10ECE000FEF7AEFC3CB12868FFF71CFA002814BF01
:10ECF0001E200E2038BD0E20FCE7062801BFD1E9FA
:10ED000001305840400040F0010018BF002070471B
:10ED100002280AD188689368984208D148685368E5
:10ED200098420CBF1E200E207047002070470E2016
:10ED30007047136813B94068FDF744B970472DE96F
:10ED4000F84F02EB430B0BF10104BBF1040F00AFD2
:10ED50008046894615461E464FEA840404D920465B
:10ED6000F1F791FA8246E8B9073424F00704ADEBD5
:10ED7000040DEA4600245046B96A40F8049B4FEA65
:10ED80008B0218F007FA691C534632464046FDF7DD
:10ED90005FFA054614B12046F1F792FA2846BD46BF
:10EDA000BDE8F88F0446E6E707B5009313460A4628
:10EDB000D0E90101FFF7C3FF03B000BD38B5054638
:10EDC0000C460C200249FEF762FFC0E9015438BD31
:10EDD000A81A060810B5034904460820FEF757FF95
:10EDE000446010BDCC1A06082DE9F04F856805EB8C
:10EDF000010A04460AEB420001EB4207052887B0EE
:10EE00008846164699464FEA870718D80DF1040838
:10EE100004F10C01AA00404618F0BCF93A464946F4
:10EE200008EB850018F0B6F9606843463246514653
:10EE3000FDF70EFA0446204607B0BDE8F08F8000CB
:10EE4000F1F716FAA26804F10C019200054618F0D9
:10EE5000A1F9A0683A46494605EB800018F09AF9F6
:10EE6000A16860682B4632464144FDF7F1F904463B
:10EE70002846F1F725FADEE74068FDF7A3B8000061
:10EE8000F8B50746C81C0D46800007491646FEF730
:10EE9000FEFEAA00C0E90175044631460C3018F0A8
:10EEA00079F92046F8BD00BFE01A0608D1ED017AD5
:10EEB000F5EE407AF1EE10FA73B504460D4624D013
:10EEC0001349144ED4F78CFA4FF0FF336320CDE989
:10EED000003000231A4695ED010A67212046D4F739
:10EEE0001BFC02224FF0FF336321CDE900312046A5
:10EEF00095ED020A00236721D4F70EFC3146204627
:10EF000002B0BDE87040D4F76BBA034E0022E9E7C7
:10EF10006CC605084EC4050851C40508136810B531
:10EF2000144643B940F22653994205D190ED010AA7
:10EF300001F036FA206010BD40F271439942FAD1D7
:10EF400090ED020AF4E7000008B508492DED028BA8
:10EF50000C20F0EE408AB0EE608AFEF798FEC0ED1D
:10EF6000018A80ED028ABDEC028B08BD101B0608E9
:10EF700008B5072842D8DFE800F0142741410441D2
:10EF80001633D1ED017AF5EE407AF1EE10FA37D171
:10EF9000D1ED027AF5EE407AF1EE10FA14BF1E219F
:10EFA0000E21084608BDD1ED027AFDEEE77A17EE94
:10EFB000903AD1ED017AFDEEE77A17EE902A5340B0
:10EFC0005B0043F00101ECE7D1ED020A91ED010A8B
:10EFD000BDE80840F1EE600AB1EE400AFFF7B4BFA9
:10EFE00091ED020AD1ED017A20EE000AA7EEA70A00
:10EFF00018F0CCF8BDE8084001F0D2B90021D0E704
:10F000001E21CEE730B52DED028B0C4685B01146A2
:10F01000204604221D46FEF713FBF4B1012C28689C
:10F0200026D082074DD102682C4B9A4249D190EDEF
:10F03000018AD0ED028A6868830749D10268274BAC
:10F040009A4245D1D0ED027A38EE678AD0ED017A46
:10F0500078EEA70AB0EE480A03E0DFED210AB0EE31
:10F06000600A05B0BDEC028BBDE83040FFF76CBF15
:10F0700000F00702022A034605D0810716D1026874
:10F0800018498A420FD103A905F0A2FA0023009380
:10F09000012303991A46D4F7C7F80346184605B06A
:10F0A000BDEC028B30BD0D498A42F7D003AA02A9FC
:10F0B000FEF78AFFDDED030A9DED020AFFF744FF2C
:10F0C000EBE7FEF741FFDFED068AB0EE408AB2E7DC
:10F0D000FEF73AFF70EE280ABCE700BF101B0608D7
:10F0E00000000000042E060843680B60836813606C
:10F0F0007047000010B52DED048B82B0044601AAC4
:10F1000008466946B0EE409AB0EE608AFEF732FFDC
:10F1100020B9002002B0BDEC048B10BDA01E202839
:10F12000F7D801A353F820F0F7F2020813F1020810
:10F1300013F1020813F1020813F1020813F1020897
:10F1400013F1020813F1020813F1020813F1020887
:10F1500013F1020813F10208ADF10208CBF1020825
:10F1600041F2020813F10208DDF10208E3F102089E
:10F1700013F102085BF2020813F1020813F102080E
:10F1800013F1020813F1020813F10208ADF10208AD
:10F19000CBF1020841F2020813F10208DDF1020886
:10F1A000E3F1020813F102085BF20208DDED008AC8
:10F1B000DDED017A79EE288A38EE278AF0EE480AEA
:10F1C000B0EE680AFFF7C0FEA4E7DDED008ADDEDD2
:10F1D000017A79EE688A38EE678AEFE74F48FDF7E3
:10F1E00035FFDDED017A9DED007AF5EE407AF1EE26
:10F1F00010FAB5EE407A0BD1F1EE10FA03D148497E
:10F200004848FCF743FFC9EE078A88EE078AD5E72E
:10F21000F1EE10FA06D1B1EE499AC8EE278A89EECE
:10F22000278ACBE767EEA76AF1EE677AE7EE076A0F
:10F2300087EE266A87EEA67A8DED006A8DED017A5B
:10F240009DED007ADDED017A68EE678A27EE088A87
:10F25000E7EE098AA7EE898AB0E728EE080AA9EE48
:10F26000090A17F093FFB5EE400AF1EE10FADDED52
:10F27000018A19D1F5EE408AF1EE10FA12D1DDEDD6
:10F28000007AF5EEC07AF1EE10FA0BDBF5EE407A7B
:10F29000DFED257AF1EE10FAF7EE008A18BFF0EEF6
:10F2A000678A8BE72149ABE717F0DEF8F0EE490AF1
:10F2B000F0EE409AB0EE480A15F096F9DDED007ACE
:10F2C00028EEC07A27EE808AA7EEA97AA9EEA88A4E
:10F2D000B0EE470A16F0F8FEB0EE409AB0EE480ADB
:10F2E00017F07EFA60EE098AB0EE480A17F0C4FE05
:10F2F00020EE098A62E7DDED007AF4EE497AF1EE5C
:10F3000010FA09D1DDED017AF4EE487AF1EE10FA47
:10F310000CBF1E200E20FDE60E20FBE653C40508A0
:10F3200068C40508242006080000000075C405080C
:10F330000B46D3ED020A93ED010A1146FFF7DABE40
:10F34000D0E902130246C868834209D008694968B7
:10F3500050F8230001338B4208BF0023D36070476D
:10F3600000207047044A83680A60044ACB60C1E900
:10F3700001200846704700BF6427060841F30208D1
:10F3800070B5C5684268466984686B1C9A4208BFBC
:10F390000023F60705D5A34203D108490848FCF726
:10F3A00075FE0669A34246F82510C36004D10133F7
:10F3B0009A4208BF00238360062070BD65CB050814
:10F3C0004C1F0608836810B55BB14469C268E40746
:10F3D00003F1FF3307D5934205D109490948FCF7EA
:10F3E00055FE4368F1E704698360934244F82310B3
:10F3F00003D103B94368013BC360062010BD00BFC1
:10F4000065CB05084C1F060830B585B00546084693
:10F410006946FDF7F5F804462046FDF765F9014613
:10F4200010B9062005B030BD2846FFF7A9FFF3E765
:10F4300070B505460E461446CAB1D5E90223991A9D
:10F4400048BF6B68006848BFC91832460023FEF702
:10F4500003FEAB6818446B68834298BFC01A2B69DF
:10F46000042C0EBF53F8204043F8204006242046C9
:10F4700070BD0000F8B51E460F46044611463846DA
:10F48000124AFEF7DDF87068FEF708FD051E02DA85
:10F490000020FDF701FC21461820FEF7F8FB04468A
:10F4A0000023681C6060C4E902338000F0F7F9FEB5
:10F4B000022F206103D9B068FEF7F0FC606131686B
:10F4C0002046FFF7A1FF2046F8BD00BF060004005C
:10F4D00008B5D0E902239A4203D107490748FCF74F
:10F4E000D5FD03B943680269013B0021C36052F8AE
:10F4F000230042F8231008BD82C405084C1F0608EB
:10F50000042803D0052808D000207047D1E9020361
:10F5100098420CBF0E201E207047D1E90230C01A5D
:10F5200044BF4B68C018400040F001007047000025
:10F53000D0E902318B4210B5024603D1084909488F
:10F54000FCF7A4FD0169002451F8230041F8234091
:10F55000516801338B4208BF2346936010BD00BF42
:10F5600082C405084C1F0608042803D0052807D0CC
:10F57000002070474B68082B34BF0E201E207047B8
:10F580004868C0F3DC00400040F001007047000014
:10F59000044B0B60037A0B7143688B600023CB60D4
:10F5A00008467047641C0608062802D10B7A022B15
:10F5B00002D04968FFF7D8BF490041F00100704709
:10F5C000044B0B6001230B7100238860CB6008465D
:10F5D000704700BF641C060810B5044904460C209F
:10F5E000FEF755FB02230372446010BD7C1C060825
:10F5F00008B503799B0702D50020FDF727FD08BD5C
:10F60000F8B50E6807460D46144612B13046FFF7AE
:10F61000EFFF69682246301DFEF702F908B1436822
:10F620007BB9022F05D1022C09D169680748FDF783
:10F6300037FDAB68012C00D143601846F8BD0623A6
:10F64000F8E7022C04BF00224260F6E7281F0608F4
:10F650000122FFF7D5BF0222FFF7D2BF0022FFF73A
:10F66000CFBF10B50446FFF7C3FF201DFEF7C5F856
:10F67000062010BD30B50B688568AB4201D300226F
:10F680000AE0C46804EBC30254F833400133002C91
:10F69000F3D0042CF1D00B60104630BD13B50446F6
:10F6A00000F10C018068FFF7E5FF60B12379012BC1
:10F6B0000BD0022B43680AD0026869460220CDE9CC
:10F6C000002306F09FFA02B010BD0068FBE7184661
:10F6D000F9E700007FB5174B0A7A0D46044653F848
:10F6E0002210D3F77DFE14492046D3F779FE134B41
:10F6F00000932B7A8DF804306B68029300230393F8
:10F7000001266846FFF7CAFF054630B90C49204676
:10F7100004B0BDE87040D3F763BE1EB90949204666
:10F72000D3F75EFE012229462046FEF7D1FA0026D5
:10F73000E7E700BF581C060885C40508641C0608D6
:10F7400088C40508C4C305081FB50446FFF750FF69
:10F750006268072A03D811491148FCF797FC2379FE
:10F7600013F004031CBFC2F3DC0202F1FF3301A952
:10F7700020460193FFF77EFF6368083B63600368E0
:10F7800002934368039304220023C0E9002302A9E3
:10F79000022006F037FA04B010BD00BF8BC4050884
:10F7A000281F06082DE9F74F0B68DFF8FC80032AB5
:10F7B0000EBFD0E9029ADFF8F4A0DFF8F490154606
:10F7C00018BF0125434504460F4605D0032D03D03D
:10F7D000DA882F49D4F7BAF92E492046D3F700FE2C
:10F7E000002301934FF0010B01A93846FFF742FFB8
:10F7F000064678B928492046D3F7F2FD3B684345D1
:10F8000042D0032D40D02549204603B0BDE8F04F3B
:10F81000D3F7E6BDBBF1000F03D149462046D3F72D
:10F82000DFFD032D04D1336803F00702022A19D14A
:10F830004FF0000B31682A462046FEF749FABBF12B
:10F84000000F03D016492046D3F7CAFD5146204683
:10F85000D3F7C6FD71682A462046FEF739FA4FF005
:10F86000000BC1E79A0708D11B681A7B2AB103EB8A
:10F8700082031A690B4B9A42DAD009492046D3F722
:10F88000AFFD4FF0010BD5E703B0BDE8F08F00BF2F
:10F89000A4C40508A8C4050850C0050843E205082B
:10F8A000AAC4050815460308FC1C060835D8050837
:10F8B000C4C3050810B5044904460C20FEF7E7F957
:10F8C00000230372446010BD7C1C060810B5044977
:10F8D00004460C20FEF7DBF901230372446010BDDF
:10F8E0007C1C060810F003030CD10268117A31B1B8
:10F8F00002EB81021369044A9A1A5342534103F0FE
:10F90000010070470023FAE739FA02082DE9F347AE
:10F910000C681646074620460D46FFF769FE31681B
:10F92000314AC9083846FDF78BFE022F12D16F68A5
:10F930003846FFF7D7FF0146E8B12B689F4209D050
:10F940000023019304F10408686801A9FFF792FEFF
:10F95000074640B9002504347368AB4233D806200B
:10F9600002B0BDE8F087396801224046FDF758FF34
:10F970007B684360E8E73846FCF742FE04F1040A7E
:10F9800081464846FCF7B0FE0028E3D00021FCF792
:10F9900037FE8046FCF7A8FE07464046FCF7A4FE6B
:10F9A00005464046FCF7A0FE17B91048FDF774F96C
:10F9B000002DFAD00028F8D1012239465046FDF733
:10F9C0002FFF4560DDE7B36853F8351003EBC5073B
:10F9D00039B1042905D001222046FDF721FF7B68BB
:10F9E00043600135B8E700BF05000200ACC405085C
:10F9F00010B5002204300C46FDF712FF18B9034879
:10FA00002146FDF74DFB406810BD00BF281F0608CA
:10FA1000024B40F8043BFDF7CDBE00BFFC1C0608BE
:10FA200038B505461020F0F723FC29460446FFF7B9
:10FA3000EFFF204638BD00002DE9F041804686B03A
:10FA400000200D4616461F46FFF7EAFF0F4BC0F891
:10FA500000809845044602BF007940F00400207100
:10FA600055EA06030DD03B68019407EB8502314649
:10FA700003A80293FDF7ABFE03AA01A9681CFFF7D8
:10FA800045FF204606B0BDE8F08100BF2C1D0608EA
:10FA9000F8B50C46054600216068FCF7B1FD022D63
:10FAA000064660688CBFA5680625FEF71DFB50B9A9
:10FAB000FFF7B6FF0446071D3046FCF715FE01466A
:10FAC00018B92046F8BD4010F2E701223846FDF78C
:10FAD000A7FE4560F0E738B504468068FFF7A0FF51
:10FAE000236862680360237922F0070203F00503AC
:10FAF00013434360A268E1680546D200C06817F06E
:10FB000049FB284638BD0000F0B5162885B00C46E4
:10FB1000154667D007D8022811D0092866D00024DE
:10FB2000204605B0F0BD2428F9D1201D0022294629
:10FB3000FDF776FE002814BF1E240E24F0E702F025
:10FB400003038A072AD10A682C498A4226D10BB1BD
:10FB50000E24E5E72968914222D1CDE9013301A9BC
:10FB60002046FFF787FD02A907462846FFF782FDDA
:10FB7000064677B10028EBD031683868FEF778FB8D
:10FB80000028E5D071687868FEF772FB0028E6D19E
:10FB9000DEE7B8420CBF1E240E24C1E7002BD7D1EC
:10FBA0002A68174B9A42D3D163686A685340072B7F
:10FBB000CED800230293043502A92046FFF75AFD50
:10FBC000064608B91E24ABE7316800222846FDF737
:10FBD00027FE0028BCD041687068FEF749FB00286A
:10FBE000EAD1B5E70846FFF776FF0446054A02A9C1
:10FBF0000220CDE90245FFF789FE91E72C1D06089A
:10FC0000FC1C0608641D060810B40C7A012C05D1F2
:10FC1000242803D110BC4968FFF776BF002010BC30
:10FC200070474068C008704770B504460E461546D8
:10FC3000FFF7DEFC01223146201DFDF7F1FD456096
:10FC4000204670BD13B50222CDE900010446694685
:10FC50001046FFF7D5FC204602B010BD38B50C4663
:10FC60001AB9FFF7EFFF062038BD042A0AD1002297
:10FC70000430FDF7D5FD18B904482146FDF710FA08
:10FC80004068F1E7FFF7D0FFEDE700BF281F060847
:10FC900013B504464068FCF727FD58B1A3685A1C09
:10FCA0005B0043F00103CDE90030A2606946022009
:10FCB00005F0A8FF02B010BD1FB504460846114666
:10FCC0001A4602AB01930A4B00930223FDF744FD51
:10FCD00021460C20FDF7DBFF002104460298FCF7CB
:10FCE0008FFC039B60602046A36004B010BD00BF82
:10FCF000701D0608C3685A68012A70B506462AD1E5
:10FD00009D68AB0727D12A68154B9A4223D1EC682E
:10FD10002378FF2B20D14A20F0F7B5FA044638B9F2
:10FD2000104AD2F82032343B492B12D9946B343428
:10FD3000E9682046F1F742FAEC60204617F0B2FA83
:10FD40000023A8606B60A9682046F1F79BF8686003
:10FD500001E0054BF36070BD6B68002BFBD1F2E74F
:10FD6000042E060840000020102F0608F8B516469D
:10FD700002F07F07320605460C4609D47B1E012B94
:10FD80000CD80846FDF79CFF01462846D3F728FB10
:10FD9000022F03D123492846D3F722FB2046FFF741
:10FDA000A9FF16F07D0734D1E3680BB15A682AB970
:10FDB00028461D49BDE8F840D3F712BB20681B490F
:10FDC00088421FD1022A1DD89868C3071AD509F0A6
:10FDD000ADFC0346B0B1E26815499268284652105E
:10FDE000D3F7B4FEE3685B68012B19D90D492846A7
:10FDF000D3F7F6FAE368D9683A462846BDE8F840F2
:10FE0000FDF766BFE3685A68012A02D199680022AB
:10FE1000F3E7E16832462846BDE8F84005F062BEE7
:10FE2000F8BD00BF35D8050844D90508BC1E060832
:10FE3000E2C405082DE9F8430E4604461146304653
:10FE4000184ADFF86C901F46FDF7FAFB1020F0F718
:10FE50001AFA002814BF8046C8460023C8F800409C
:10FE6000C8F808302EB9104CC8F80C404046BDE820
:10FE7000F883B51CAD002846F0F705FA044638B9FA
:10FE8000D9F8F8311835AB42EDDBD9F81040183409
:10FE9000064BB200C4E90036394604F1080017F0F9
:10FEA00079F9E1E7FEFF0100102F06084C2F060844
:10FEB00068000020F8B51546D0E901320F46511907
:10FEC000994204460FD30178D9B105F110061E44BA
:10FED000C06801223146F0F7F1F978B96568A36886
:10FEE0002070013DED1AD4E902302A461844394603
:10FEF00017F050F9A3682B44A360F8BD6660E0607A
:10FF0000F1E7013B9D1AEEE7024B0022C3F82022E5
:10FF10009A6370474000002010B5FDF7BFFF041E34
:10FF200011DDF0F7A5F90346084A906BEFF3108155
:10FF300072B6C2F82042936381F3108808B1F0F7DB
:10FF4000BFF9062010BD0023EEE700BF40000020EF
:10FF500038B50546FDF7A8FE007A70B12846FDF7D2
:10FF6000A3FE04462846FDF79FFE037A04EB8304B4
:10FF7000024B2069C31A5842584138BD35FE020869
:10FF800010B50446FFF7E4FF00B92469204610BD10
:10FF900010B5FFF7F5FFC3685B68044623B1FFF7B0
:10FFA000A9FEE368986810BD0620FCE738B5136821
:10FFB0000546144653B140F2A233994205D1536825
:10FFC000062B02D10023C380236038BD3D2903D115
:10FFD000FFF790FEEB68F7E7A22903D040F22E432B
:10FFE0009942F2D12846FFF7D3FF2060EDE70023C6
:10FFF0001A461946FFF71EBF73B5054610200E4678
:020000040803EF
:10000000F0F741F9044630B9104BD3F82022332AD7
:1000100012DD9C6B24340E4B2360304617F042F9FE
:100020000022C4E90206626001AB01212846019466
:10003000FFF700FF02B070BD0346024601462846A6
:1000400002B0BDE87040FFF7F5BE00BF40000020E1
:10005000042E06082DE9F04306469BB010200D46FD
:100060001746F0F710F90446284617F01BF900F17F
:10007000010881464046F0F706F90CB1002848D146
:10008000254AD2F82032432B29DD906BA3F13408A6
:1000900000F124040123343083F001038DF80C3087
:1000A0000023CDE9053003AB01931C4B02932B7861
:1000B000CDF81080FF2B04D1294607A8F1F77EF870
:1000C00007AD3A46294601A8D3F792FBDDE9053290
:1000D0000021D154059BA360069BE3600CE044B96A
:1000E00023462246214630461BB0BDE8F043FFF7C9
:1000F000A1BE70B9C4E902950022094B2360626079
:1001000007AB012130460794FFF794FE1BB0BDE812
:10011000F0830023C0E700BF40000020B5FE0208C6
:10012000042E06080EB403B503AA52F8041B01926C
:10013000FFF790FF02B05DF804EB03B070470000DA
:1001400083070BD10268084B9A4207D1037A2BB17F
:1001500000EB83031A69054B9A4202D0044906F06A
:1001600015BD0120704700BFE02F060835FE0208CC
:100170006821060810B50446FFF7EAFE50B920468C
:10018000FDF792FDFFF7DCFF20B12069024BC01A9A
:1001900018BF012010BD00BF4430060838B5044622
:1001A0000D46FFF7E7FF18B12046FDF77DFD044639
:1001B00029462046BDE8384006F0E8BCF8B50F46B1
:1001C00016461D46FFF7DCFE04468068D8B90C20B1
:1001D000F0F759F8A060A0B9154BD3F82022172AE0
:1001E0000EDD986BA0600623A3800023E380E388E4
:1001F00000EB8302D91CE18040F82370C2E901655D
:10020000F8BD0323F0E7E388A18802338B42EEDBDD
:10021000074B9B6B9842F3D0033101228900F0F722
:100220004DF80028ECD0A388A0600333A380DEE75C
:100230004000002038B50D461446FFF7A1FE836844
:100240001BB1C0882860236038BD1846FAE737B56F
:100250000446A068FCF748FA019068B16568062D6D
:1002600005D001AB002201212846FBF7F1FFFDF785
:1002700059FF0028EDD0019803B030BD38B50446D1
:10028000084611464FF004121D46FDF7D9F92146E4
:100290000C20FDF7FCFC2B684360044600216868D5
:1002A000FCF7AEF9A060204638BD13B54FF0FF3320
:1002B0006322CDE900320C4694ED010A00234FF48D
:1002C00080726721D3F728FA02B010BD38B52DED42
:1002D000048BD0ED009A91ED009AB0EE690AF0EE31
:1002E000490A05460C4614F01DFF79EEC07AB5EEBA
:1002F000400AF1EE10FAC7EE898AB0EE408A21D1A9
:1003000019EE103A9FED248ADFED247A002BB8BF56
:10031000B0EE678AF5EE408AF1EE10FA29D1C9EE07
:10032000897A9FED1D0A17EE903ADFED1C7A002BBB
:10033000B8BFB0EE670A85ED000A84ED008ABDEC17
:10034000048B38BDB5EEC00AF1EE10FAB5EEC09AD6
:100350004CBF01220022F1EE10FA4CBF0123002312
:100360009A421EBFF7EE007A30EE098A78EEE78AED
:10037000D0E7B0EE680A16F0B7F978EEC08AF6EE6C
:10038000007AF4EEE78AF1EE10FAD4DDF7EE007AA7
:1003900030EE270ACFE700BF000000000000008019
:1003A00008B508202DED028BB0EE408AEFF760FF14
:1003B00080ED018ABDEC028B014B036008BD00BFDC
:1003C000A421060830B50D4687B011462846022202
:1003D0001C46FDF735F935B99FED100A07B0BDE8A9
:1003E0003040FFF7DDBF2068012203A9FDF788FF39
:1003F00040B10023DDE9030100931A46D2F714FF50
:1004000007B030BD2068830703D10268044B9A42CD
:10041000F6D0FDF799FDFFF7C3FFF1E700000000FC
:10042000A421060891ED010A07281ED8DFE800F094
:100430000B191D1D041D0D15B5EE400AF1EE10FA45
:100440000CBF0E211E2108467047BDEEC00A10EEFB
:10045000103A590041F00101F5E710EE103A002B77
:10046000F1DAB1EE400AFFF79BBF0021EBE790ED18
:10047000010A704730B52DED028B0C4687B005465A
:1004800003A920468DED010AFDF722FD20B90020C9
:1004900007B0BDEC028B30BD232DF8D801A353F873
:1004A00025F000BFB9060308D1060308DB060308E0
:1004B000F30603080B0703088F0403088F040308DF
:1004C0008F0403088F0403088F0403088F040308B4
:1004D0008F0403088F0403088F04030835050308FD
:1004E00047050308550503088F040308630503083F
:1004F0008B050308A70503080B0603088F040308F0
:100500008F0403088F0403088F0403088F04030873
:100510003505030847050308550503088F0403083C
:10052000630503088B050308A70503080B060308EA
:1005300083060308DDED017A9DED037A77EE877A75
:10054000CDED017A1CE0DDED017A9DED037A77EEC9
:10055000C77AF5E7DDED017A9DED037A67EE877ADC
:10056000EEE7DDED037AF5EE407AF1EE10FA03D115
:1005700068496948FBF78AFD03A901A8FFF7A6FEB1
:100580009DED010AFFF70CFF82E7DDED037AF5EE42
:10059000407AF1EE10FAEBD0DDED016A86EEA77A33
:1005A0008DED017AECE79DED038AB5EE408AF1EE20
:1005B00010FADDD09DED010AF0EE480A14F0B2FD0C
:1005C000B5EE400AF1EE10FA0AD118EE103ADFED5E
:1005D000537A9FED537A002BB8BFF0EE477AAFE71E
:1005E000B5EEC00AF1EE10FAB5EEC08A4CBF01229A
:1005F0000022F1EE10FA4CBF012300239A4221D0D1
:1006000038EE008A8DED018ABAE7DDED018A9DEDB5
:10061000038AF5EE408AF1EE10FA16D1B5EEC08AE3
:10062000F1EE10FA08D59FED3F7AF0EEC87AF4EEBD
:10063000477AF1EE10FA9BDDF0EE480AB0EE680A58
:1006400015F098FA8DED010A9AE7F5EEC08AF1EE01
:1006500010FAF1D5B0EE480A16F046F8B4EE480AA2
:10066000F1EE10FAE8D0B4EE488AF1EE10FAE3D6D3
:10067000DFED2A0A2146B0EE680A2220FEF73AFD95
:1006800006E7DDED037AF5EE407AF1EE10FA3FF47D
:100690006FAF03A901A8FFF719FE9DED010AFFF74F
:1006A0007FFE9DED030A0490FFF77AFE04A90590F2
:1006B000022005F0A7FAEBE6DDED017A9DED037A65
:1006C000B4EEE77AF1EE10FACCBF1E200E20DFE682
:1006D0009DED017ADDED037AF2E79DED017ADDED26
:1006E000037AB4EE677AF1EE10FA0CBF1E200E20EA
:1006F000CEE6DDED017A9DED037AB4EEE77AF1EE18
:1007000010FAACBF1E200E20C2E69DED017ADDED91
:10071000037AF2E737C2050824200608000000002B
:1007200000000080FFFF7F7F91ED010A910710B468
:10073000034609D1146807498C4205D110BCDFED8E
:10074000060A1146FEF7D6BC10BC11461846FFF744
:1007500091BE00BF101B06080000000010B5044643
:10076000084611460022FCF76BFF6368BDE81040A5
:10077000184770B505461C46084611464FF0021250
:10078000FCF75EFF6A682068BDE87040104770B5EE
:1007900005461C46084611464FF00412FCF750FF70
:1007A000D4E900016B68BDE87040184770B51C467D
:1007B0000546084611464FF00612FCF741FFD4E902
:1007C00001126B682068BDE8704018472DE9F041C0
:1007D00005460E4617469846FCF724FFEC6804349D
:1007E00043463A463146284644F0010CBDE8F04104
:1007F00060472DE9F04105460E4617469846FCF73E
:1008000011FFEC6843463A463146284644F0010C55
:10081000BDE8F041604700002DE9F04F83B0064687
:1008200000AF914679609A46FCF7FCFEF26812F838
:10083000013B0021C3F3C30BC3F380041B063FD469
:100840000BF1010B04EB44045C44A4002C2C04F1D8
:10085000140804D94046EFF716FD054638B908F1EB
:10086000070323F00703ADEB030D6D460024DFF80B
:10087000788079682E604A4653462846A5F80CB021
:100880000AF00CFAD8F810302B61736800215B680D
:10089000C8F81030284608F077FF2B69C8F81030E8
:1008A0008146D8B9AB681E682CB12846EFF708FD21
:1008B000B9F1000F15D130460C37BD46BDE8F08FB9
:1008C00012F8013B4D0003F03000A8404BEA000B4A
:1008D00003F00200884004430131AFE76E69002C49
:1008E000E3D13046EFF79CFC400000201FB5C20763
:1008F000044602D5401004B010BD062801D10020E6
:10090000F9E70E28FBD01E283AD0830708D10368E8
:100910001C4A93420DD104B0BDE8104000F0EBBD7D
:1009200000F00703022B07D101A9204603F050FE77
:10093000E1E7154A9342F6E72046FDF7B5F9134B78
:10094000984207D12046FFF792FDFDEEC07A17EEE0
:10095000900AD0E70E4B984202D00E4B984206D137
:10096000204601AA6946FDF741FB0198C3E7012231
:1009700001A92046FDF7C4FC00B1019C2046BAE75E
:100980000120B8E704240608042E0608A42106085E
:100990004C2F06082C250608F0B505460C461746D0
:1009A00085B04268394620461E46FCF749FE6B6812
:1009B000DB0706D4AB683146204605B0BDE8F04001
:1009C000184706EB8402394601A8FCF700FFAB6824
:1009D00001AA31462046984705B0F0BD2DE9F843FD
:1009E0001C46436805460F4611465A0042EA4342F8
:1009F0003846FCF725FEAE6846F00106032F29D8DD
:100A0000DFE807F002080D18B047E968BDE8F843D1
:100A1000FCF798BC2068FFF769FFB047F5E720684E
:100A2000FFF764FF07466068FFF760FF014638463E
:100A3000B047EAE72068FFF759FF07466068FFF70D
:100A400055FF8046A068FFF751FF414602463846F1
:100A5000B047DAE72068FFF749FF07466068FFF70D
:100A600045FF8046A068FFF741FF8146E068FFF739
:100A70003DFF4A46034641463846B047C5E70000B9
:100A800002681049C3688A4210B5044602D00E4974
:100A90008A4204D11A68A3680AB153F8223013F8C5
:100AA000012B51B20029184613F8012BF9DB10F97C
:100AB000013B002BFBDB09F03EFF63689B6833F8CA
:100AC000100010BD202206084C23060810B514465D
:100AD00012683AB9172906D1FFF7D2FFC00040F0DB
:100AE0000200206010BD40F29B32914202BF436879
:100AF0005B682360F6E7000070B5054608460C46C3
:100B0000FFF7BEFF2346024602492846BDE8704073
:100B1000D3F71CB8F0C405082DE9F0478946924682
:100B200098460446F8B10768DFB17D686468ECB1A7
:100B3000681C04300E498000FDF7A9F8C0E901A83F
:100B40000646C0F80C902FB1AA0007F1080110303A
:100B500016F020FB14B1043546F825403046BDE8B8
:100B6000F0873D46E2E707460546E2E72846E0E72C
:100B7000402206082DE9F8431746C268984612F845
:100B8000013B05460E46C3F3C304C3F380000021B6
:100B90001B0617D404F1080300EB40001844124967
:100BA0008000FDF774F801340623C0E90135848222
:100BB000814643463A46314608300AF06FF84846C7
:100BC000BDE8F88312F8013B4FEA410E03F0300C08
:100BD0000CFA0EFC44EA0C0403F0020C0CFA01FCC3
:100BE00040EA0C000131D3E7D82206082DE9F8438A
:100BF0009946C3681B680F460646816890460BB14C
:100C000051F8231011F8013B0022C3F3C3051B0662
:100C10001DD405F1080012498000FDF738F80135B0
:100C200006230446C0E9013685824B4642463946D2
:100C300008300AF03DF84FF6FF73E382F3685A6814
:100C4000134443F00103E3602046BDE8F88311F844
:100C5000013B03F03000904005430232D7E700BF6C
:100C6000D822060808B5436813B90348FCF714F8FE
:100C70004160184608BD00BF06C5050870B50546A9
:100C800088680C46FFF7FCFE2346024602492846C8
:100C9000BDE87040D2F75ABF13C505082DE9F041F1
:100CA00004460F4690461E46FCF7BCFCE56825B995
:100CB000062333602846BDE8F081616811B92748F2
:100CC000FBF7EAFF2369E58A04F11802062908BF49
:100CD0004146934204D1062F03D02148FCF7B6F9D0
:100CE0001F60204F0023204663603B69A36150F8DA
:100CF000083F5A6852683A614FF6FF72954213D125
:100D0000DB68083343F001039847C5B2A3693B6130
:100D1000012D4FF0060363600AD00023022DE3602B
:100D20000CD023691B68C4E708F02EFD0546EDE7EB
:100D300022691268326022691360BBE7E0693060A3
:100D4000FCF7B2FF084905F021FF0028B2D007499F
:100D50000748FFF751F93060ACE700BF06C505084A
:100D600031C5050840000020902006085AC105083A
:100D7000981E060813B51C4601ABFFF78FFF03460C
:100D8000012B01980AD0022B0AD0062808BF0020A8
:100D90000CB1FCF78FF9034B1862204602B010BD6E
:100DA000EFF73EFA40000020022810B40C4606D8A7
:100DB00062682068012310BC0621FFF7DBBF8A6848
:100DC000062AF6D1F4E701230022FFF7D3BF002360
:100DD0001A460621FFF7CEBF13B50E4A01AB062116
:100DE000FFF75CFF012804D0022806D0062002B0DD
:100DF00010BD09490948FBF749F9019C2046FCF759
:100E000053FF074905F0C2FE0028EFD12046EFF757
:100E100007FA00BF8423060851C50508981E060876
:100E2000FC20060830B593B005466846EFF7E0F9B8
:100E3000014680B92A1D0120FBF771FAEB6823F007
:100E40000103023343F00103EB600446EFF7A6F918
:100E5000204613B030BD0198054A0368934204D080
:100E6000044A934201D0EFF7DBF90024F0E700BF1A
:100E7000902006084C1F0608044B0B6003684B606B
:100E800043688B600123CB600846704794230608B3
:100E900030B58BB003AB0193134B00930D46032386
:100EA00004310138FCF7FAFB039C002C02DA002025
:100EB000FBF7F2FE214606A82D68F0F7F3F90123AF
:100EC000049A01939DF81430009340F26A33D31AC8
:100ED00018BF0123089A2146284600F081FC06A885
:100EE00002F00AFF0BB030BDAC230608F0B50C468B
:100EF00085B00546052201A96068FDF701FA022DBB
:100F0000DDE9012108D8012513462E460C460020B4
:100F10006CB900F0CEFA10E0A06840F26A33984253
:100F2000F1D14B1E134400254FF0FF36EEE7B0F52C
:100F3000800F04D3284600F0C4F905B0F0BD1F7837
:100F4000013C47EA00203344E2E7000010B510EE10
:100F5000103AC3F30F4202F4FF42B2F5FF4F2DEDFA
:100F6000028BB0EE408A09D1C3F316031BB91449B2
:100F70001448FBF78BF81448FBF78EFE002B13DAAE
:100F800033F0004213D003F1FF43B3F19C4F0ED96D
:100F900000F05EF9B0EE480A04460430F0F7CBFCEE
:100FA000BDEC028B204610BD6FF31603EDE7FDEE9E
:100FB000C87A17EE900A400040F00104F0E700BF45
:100FC00069C505084820060872C505087FB50E46A4
:100FD0003046114604221D46FCF732FB9EB3012E1B
:100FE00023D129680820FBF7ABF80446C0B928686C
:100FF000324601A9FDF784F930B1DDE9010123464C
:101000000A22D1F7D1FF0AE0286883070BD10268D2
:101010000E4B9A4207D1FFF72AFAFFF797FF0446D3
:10102000204604B070BDFCF74FF801A9286803F012
:10103000CFFA04466868019EFCF730FF00230246A1
:1010400031462046DDE70124EAE700BFA421060877
:1010500038B50D4C0C4414F8014CB0FBF4F583B1D9
:101060000A2905F1010412BFA4080323B4FBF3F419
:101070001AB1104616F016F90246E81C2044104436
:1010800038BD1C46F4E700BF2C2406082DE9F04FBC
:1010900085B0DD07DDE90E769DF840409DF844807F
:1010A000039281468B463CD55D1043D400230A2F22
:1010B000019314BF04230323029332464346394667
:1010C0002020FFF7C5FFDBF800308342824605D2BF
:1010D000EFF7CEF8C9F80000CBF800A0D9F800B0BF
:1010E0000BEB0A03002103F8011C35BB30219C1EC9
:1010F00003F8021C002E4BD0304616F0D3F8201A0D
:10110000834545D2013E014616F8013F002B3CD1F4
:10111000019B002B41D004462D23601E04F8013CA6
:101120003BE0CDE91048CDE90E7605B0BDE8F04FC3
:1011300000F09CB86D422D23B9E7013B1846A4F19D
:101140000A0CB5FBF7F207FB12510929CCBF614429
:1011500030311546441E00F8011CB8F1000F0ED0C6
:10116000002AC7D0A345C5D2029A191B91420AD1C1
:10117000841EA34500F8028CBCD2234603E0A3459D
:10118000B8D2002AB6D02046DBE701F8013BBBE726
:10119000019B0BB15C45BFD82046D9F80030039ABB
:1011A00053441B1A013B136005B0BDE8F08F30B506
:1011B0008DB0102206920022CDE9022201920A226D
:1011C0000B46054608AC009206A907AA05A8059497
:1011D000FFF75CFF01462846D2F702F90598A042C6
:1011E00001D0EFF76DF80DB030BD00000E2A30B41D
:1011F00013460C4603D1012230BCFBF755BD1E2A15
:1012000001D10322F8E71D2818D102F00702022AB3
:1012100010D09A0712D11A68117B29B102EB810113
:1012200008690849884205D007498A4202D007491F
:101230008A4203D1224619461D20DDE7002030BC3A
:10124000704700BF154603084C2F06082C250608DA
:1012500010B505491020FCF71AFD04460430F0F7DC
:1012600007FB204610BD00BF042406082DE9F74FF8
:10127000DDE90C679DF83C800446986889469246F3
:101280001D463A46434631460001FFF7E1FED9F8D4
:1012900000308342834604D2EEF7EAFF2060C9F8AB
:1012A00000B024689DF83830CDE900843A463146D4
:1012B000281DF1F771FACAF80000204603B0BDE816
:1012C000F08FF8B50E4617460546FFF7C1FF3B46BF
:1012D0000446324629460430F0F7D4FB2046F8BDD8
:1012E000C30705D540100DD414BF0120002070475E
:1012F000836853B1037913F0010F0CBF01204FF045
:10130000FF3070474FF0FF3070471846704738B5D0
:101310000D46082831D8DFE800F005151D300830EB
:101320000E2505002C46204638BD8B68002B0CBFCF
:101330000E241E24F7E7081DF1F76BF9400040F07A
:101340000104F0E7FFF784FF291D04460430F0F79D
:10135000EFFBE8E7FFF77CFF291D04460430F0F7B8
:10136000F8FBE0E70B79DB07DCD5FFF771FF291D00
:1013700004460430F0F7D1FBD5E70024D3E70000A2
:101380002DE9F04F10F001088BB006460D461446CB
:1013900005D1810715D102682D4B9A4211D115F064
:1013A000010705D1AA070CD12A68294B9A4208D116
:1013B00014F0010B08D1A30703D12268244B9A42F1
:1013C00002D02448FBF742FE012C02D12248FBF751
:1013D00063FCFFF73DFF0DF104098246B8F1000FF1
:1013E0002FD071104846F0F76DFA4E460DF11008F7
:1013F0004FB369104046F0F765FA454607AFBBF1B9
:10140000000F22D061103846F0F75CFA3C462346C4
:101410002A4631460AF10400F1F791F84E4502D10F
:101420003046F0F72AFA454502D12846F0F725FA6A
:10143000BC4202D12046F0F720FA50460BB0BDE87E
:10144000F08F0436D2E70435D8E70434DFE700BF75
:10145000042406087BC5050837C20508D3B50F4626
:101460000646FFF7F5FE01230446009332463B464D
:101470000430F0F738FA204602B0D0BD90EA4002BE
:101480004FEA400302D5C117FFF7E8BF43F0010060
:101490007047D3B50F460646FFF7DAFE0023044631
:1014A000009332463B460430F0F71DFA204602B066
:1014B000D0BDB0F1804F02D30021FFF7EABF40005A
:1014C00040F0010070472DE9F34104460E461746EF
:1014D0009846FFF7BDFECDF8008005463B462168E3
:1014E00032460430F0F788FA236803442846236024
:1014F00002B0BDE8F081C30702D40430F1F789B827
:1015000040107047C30707B502D5401003B000BDB7
:1015100001A90430F1F790F808B10198F6E7024903
:101520000248FAF7B3FD00BF8EC50508482006083B
:101530002DE9F0432DED028B8046C80789B00C469B
:10154000174625D54B10022201A902A8F0F7C1F9D0
:1015500002ADF9071ED57B10022201A902A8F0F7FF
:10156000B8F902AEB8F1200F02D0B8F1130F3DD197
:101570007368002B7CD02846F1F7EEF83046B0EEC9
:10158000408AF1F7E9F888EE000AFEF709FF20E04B
:101590000D1DDEE7BA0723D13B687D4A934201D196
:1015A0003E1DDFE77B4A934207D12846F1F7D4F886
:1015B00039464046FEF75EFF0BE0774A93420FD173
:1015C0002846F1F7C9F8DFED750A39464046FDF7C0
:1015D00091FD0446204609B0BDEC028BBDE8F083C6
:1015E0003A4621464046FFF701FEF2E7A8F1090915
:1015F0005FFA89F31A2B00F2A380FFF729FE044655
:10160000B9F11A0F00F2C180DFE809F0575E5065AA
:10161000650E2229BF30BF447C575E5065650E229F
:1016200029BF30BF447C8700071D32462946384613
:10163000F0F783FB05A93846F0F7FEFF0028C9D074
:10164000059B5A0093EA4303C4D442F00104C1E766
:10165000071D324629463846F0F7AEFBEAE7071D7C
:10166000324629463846F0F75AFDE3E773681BB95E
:101670004B494C48FAF70AFD05A8271DF0F7F8F882
:1016800033462A4605A93846F0F709FE05A8F0F7C3
:10169000F4F8CFE77368002BEAD005A8271DF0F710
:1016A000E7F833462A46394605A8EDE7071D3246D6
:1016B00029463846F0F7C4FBBCE7071D32462946E9
:1016C0003846F0F74BFCB5E7071D32462946384649
:1016D000F0F7C6FCAEE73846FFF714FF021E02DA49
:1016E0003148FBF7D9FA271DB8F1190F29463846BA
:1016F00002D0B8F10C0F02D1F0F764FA9AE7F0F7D4
:10170000C1FA97E73378DB073FF54FAF071D324645
:1017100029463846F0F780FD8CE77368002BA7D088
:10172000FFF796FD211D074633462A460430F0F7A1
:10173000B6FD05A90220CDE9057404F063FA48E777
:1017400031462846F0F7D5F9B8F1040F1DD8DFE887
:1017500008F00308170D12000028B4BF1E240E2441
:1017600038E70028CCBF1E240E2433E70028D4BF5E
:101770001E240E242EE70028ACBF1E240E2429E7C9
:1017800000280CBF1E240E2424E7002422E700BFFB
:1017900004240608A4210608101B06080000000007
:1017A00037C205082420060816C20508C30707B576
:1017B00003D5401008D403B000BD01A90430F0F7F0
:1017C00054FF08B10198F6E701490248FAF75EFCB8
:1017D0008EC50508482006080430F0F7BDBF00009C
:1017E0002DE9F341164682079DF820809DF824508C
:1017F0000C461F461CD10268214B9A4218D14DB1AC
:10180000B8F1000F06D10379DB0703D51D491E4847
:10181000FAF745FC00962346424639460430F0F775
:101820003CFF50BB4DB3194917482246FAF737FC25
:10183000FCF734FB0346ADB1A0B1B8F1000F01D104
:101840004045E3DB032C0DD8002CECD0E000012553
:10185000B8F1000F0FD0013885406A429342E2DBB5
:10186000AB42E0DA042231462046089702B0BDE8D8
:10187000F04106F023B88540F2E702B0BDE8F08100
:1018800004240608AAC5050848200608B9C50508A5
:10189000042803D0052807D0002070478B68002B50
:1018A0000CBF0E201E2070478868400040F00100E9
:1018B00070470000044B0B60044BC1E9013000236A
:1018C000CB600846704700BF64270608FD18030870
:1018D00070B5836803EBD37149109B0000229142DD
:1018E00001DC062070BDC468043B54F82250E65861
:1018F00044F82260C4680132E550F0E7D0E90213F1
:101900000246886883423FBFC96851F8230001330B
:10191000D36028BF0020704738B50C680B46A1681B
:1019200019B919491948FAF7B1FB012818BF5A68C3
:10193000206808BF4FF0FF320023FCF78DFBA26840
:10194000E368013A53F82050A26003EB8001121AB9
:101950009200043103EB800015F050FCD4E9023210
:10196000002142F82310616804290BD9B1EB430F21
:1019700008D94908E0688900EEF795FC6368E060E3
:101980005B086360284638BDC9C505084C1F0608BA
:1019900010B40C6802460B46D4E9021010BC05F0E6
:1019A000F1BA07B5CDE9000169460220FFF7F0FF63
:1019B000694601900220FFF7AFFF062003B000BD8B
:1019C00038B50025044685601021C068EEF76BFC31
:1019D0000423E06063601022294615F025FC0620F0
:1019E00038BD38B50D46D0E901138B42044611D3FA
:1019F000C900C068EEF757FC6268A368E060520057
:101A00006260D21A013A01339200002100EB830098
:101A100015F00AFCD4E90232591CA160062042F8F4
:101A2000235038BD38B5044608460021FAF7E8FDD2
:101A300005462846FAF758FE0146204601B938BD4A
:101A4000FFF7CFFFF5E7F8B54C108368054617465A
:101A500001D5E41813D49C4294BF26461E469C42EE
:101A600088BF1C4606212846FFF7BBFFAB68E96824
:101A7000013B9C4206DB41F826700620F8BD00269B
:101A80003446EFE701EB830252F8042C41F823209F
:101A9000EDE70A46D0E9021005F0A8BA2DE9F041B9
:101AA000032A0F4611490CBFD0F80880DFF84480A4
:101AB0001646044618BF0126D1F792FC0025BB68E4
:101AC000AB4205D820460A49BDE8F041D1F788BCB1
:101AD0001DB141462046D1F783FCFB68324653F8DE
:101AE00025102046FCF7F4F80135E8E7C2C30508E5
:101AF00099D80508C4C305082DE9F84F07460D46D7
:101B000090469A46FBF78EFDEB1B042B01DCBDE8EB
:101B1000F88FD5F80090B8F1000F04D04946404640
:101B2000FAF7EAFB81462E463C460434A6420DD91C
:101B30002168B8F1000F03D04046FAF7DDFB0146FB
:101B40004A460020FBF7B0F85045EED0A6F1040B52
:101B50005C455E4614D25BF80429B8F1000F04D04E
:101B600011464046FAF7C8FB024649460020FBF7FB
:101B70009BF85045ECD02368326822603360D4E78C
:101B800023682A6822602A1B2B60F31B934253466A
:101B9000424607DA59463846FFF7AEFF2E4635462D
:101BA0002746B1E720462946FFF7A6FF3C46F6E761
:101BB0001FB502AB0C460193104B00930431022376
:101BC0000138FBF76BFD23689968012913D9029A44
:101BD000D8689DF80C30062A01F1804101F1FF31EF
:101BE00008BF0022002B00EB81010CBF1E230E2337
:101BF0000438FFF781FF062004B010BD502406080A
:101C000070B511F0030604460D4629D10A68174B3A
:101C10009A4225D1AB68816819444368994210D92A
:101C200004318900C068EEF73EFBAA68A368E06053
:101C300013441A1D62603146102200EB830015F038
:101C4000F3FAD4E90203AA68E968920003EB800082
:101C500015F0A0FAA368AA681344A360062070BD1B
:101C600029462046FFF7DEFEF8E700BF2C250608D0
:101C700038B504290B4B03600446084638BF0420DE
:101C8000C4E9010180000D46EEF7F2FA6268E060F7
:101C9000521B00EB85009200BDE83840002115F092
:101CA000C3BA00BF2C25060838B505461020EEF74C
:101CB000DFFA29460446FFF7DBFF204638BD000067
:101CC000F0B511F0030787B004460E4615467ED1E5
:101CD0000A684C4B9A427AD1806803AA05F09BF8B7
:101CE000042D18D138B9E06803A905F0B1F805460C
:101CF000284607B0F0BDDDE90330C01AFFF7D4FF76
:101D0000E368826803990546920003EB8101C0688D
:101D100015F040FAECE73C4B08B9FBF7B9F9002D98
:101D200014BF2846184602AA01A9FCF75FF9DDE9AD
:101D30000335019AE068ED1A551B002D27DDA668D2
:101D40006368A919994206D98900EEF7ACFAA6682A
:101D5000E060AB196360019A039BE0680499134447
:101D6000EA1A324400EB8101920000EB830015F087
:101D700045FADDE90210E368019A03EB8000920066
:101D800015F03CFAA3682B44A3600625B0E702993E
:101D9000920000EB830015F031FA0499A268039BCE
:101DA000019EE0683344521A920000EB810100EB7F
:101DB000830015F023FAA068E36828446FF003025B
:101DC0006A43394603EB800015F02EFADAE735B99D
:101DD00003A90220CDE90346FFF79EFDD5E7042DB8
:101DE0002068A1684FF00003324605D1FCF734F9B2
:101DF000E36853F820507BE7FCF72EF9E36843F8DB
:101E00002050C2E7FC2A0608102F06081B287FB5C1
:101E100003460D46164623D007D8042842D90E287B
:101E20003AD00024204604B070BD1D28F9D103A982
:101E30001046FCF70BF80028F3D00398AB68002895
:101E4000BCBF002003905843FFF72EFFC3680093E8
:101E50000446039BAA68E868042104F0C8FFE1E790
:101E60009107DED112681B4B9A42DAD1B368A86899
:101E70001844FFF719FFAA68E96804469200C06891
:101E800015F088F9A868E368B268F168920003EB7E
:101E9000800015F07FF9C5E711462846FFF7B0FE30
:101EA0002C46BFE7B20703D131680A4A914204D0F9
:101EB000022B0CBF0E240024B4E7B3680093D5E9CD
:101EC0000221F36805F019F8002814BF1E240E241F
:101ED000A8E700BF2C25060838B50C462046114659
:101EE00002221D46FBF7ACFB24B92046BDE8384072
:101EF000FFF7DABE0020FFF7D7FE2968BDE83840BB
:101F0000FFF790BD38B50C460546FFF7CDFE4CB93E
:101F100038BDC26854F8231042F823100133AB4295
:101F2000F7D1F5E70023FAE7D0E90201FFF7EABFAE
:101F300010F0030238B503D10568064CA54202D063
:101F40000020FBF783F883688B4202D21046FAF731
:101F5000A3FE38BD2C2506080A4608B1062802D182
:101F60001046FFF7A1BEFFF7E3BF2DE9F04104469D
:101F700040688000EEF77CF904F108080746002568
:101F80006168A94206D8A0683B460022BDE8F0413E
:101F9000FAF75EB958F8040FFAF7A6FB064618B12F
:101FA00047F825000135EBE73846EEF789F930466A
:101FB000BDE8F0812DE9F0410C460546114620466A
:101FC0000F4A9846FBF73CFBA01C29468000FBF714
:101FD0005EFE0646D8F80030013C446046F8083FF3
:101FE00007460025AC4202D83846BDE8F0810135ED
:101FF000002158F82500FAF703FB46F8040FF1E733
:10200000FEFF0500024B984201D107F085BB7047E7
:10201000243C0608F8B51446126805460E4640688A
:1020200032BBCF0047F0020739460430FBF7F8FB1C
:10203000024610B14368236012E040F299339E4299
:1020400001D16B68F7E70E2E0BD06868722104305F
:10205000FBF7E6FB28B140683946FAF74DF92060F6
:10206000F8BD224631462846BDE8F840FFF7CABF12
:1020700003799B0709D50B4B9842F2D10A4DE86EC4
:1020800018B90120FDF7CCFCE8666268F10041F068
:1020900002011AB9FDF7D6FD0023CCE7FDF7C4FD18
:1020A000FAE700BFA83106084000002070B50546D9
:1020B00048680E460022BA210430FBF7B1FBB0B1EC
:1020C000406802F013FA04467068002241F6D241DB
:1020D0000430FBF7A5FB60B1406802F007FA224626
:1020E000034607492846BDE87040D1F72FBD054C8F
:1020F000EAE7224628460449BDE87040D1F726BDEC
:10210000D1C5050844D90508E9C5050870B5C5005D
:1021100001220D4845F00201FBF782FB44680646A8
:102120007CB91020EEF7A4F8084B036004460120A8
:10213000FDF776FC45F002026060BA21FDF774FD00
:102140007460204670BD00BF9000002098260608ED
:10215000F7B51E4F0D1E4FEAC00106464FF00002B4
:102160001B4841F0020118BF3846FBF759FB0446F3
:10217000F0B940F2A4539E4218D0A5B96946304642
:10218000EEF7B2FF0378752B0DD1009901300139BC
:10219000EEF794FEC100224641F002013846FBF7FB
:1021A0003FFB044620B9204603B0F0BD094CFAE7D6
:1021B00060686A461121F9F705FF009B23B10021F1
:1021C0006A460846FAF7ABF86468ECE77825060833
:1021D0000C260608243C060830B5002432F81450BA
:1021E00035B185420AD10A681AB953F824300B6018
:1021F00030BD4A6843F824200023F8E70134EDE7B6
:102200000620704770B5154606460C46FBF74CFD98
:1022100083889A0502D40B48FAF718FF04F00703E5
:10222000022B07D0A30703D12268074B9A4201D0A3
:102230000020F1E701222146301DFBF7F1FA45604D
:10224000062070BDF7C50508042E060838B50546FA
:102250000C46FBF729FD83889A0502D40D48FAF74E
:10226000F5FE04F00703022B07D0A30703D1226871
:10227000094B9A4201D00020F1E702222146281D95
:10228000FBF7CEFA18B905490548F9F7FFFE062015
:1022900038BD00BFF7C50508042E060805C60508A9
:1022A000DC1F060807B5820706D10168064A91427D
:1022B00002D183889B0502D40448FAF7C7FE01A91E
:1022C00004F086FB03B000BDE02F0608F7C5050843
:1022D00010B50446084611460022FBF7B1F9214625
:1022E0000420BDE81040FBF7D2BC43681847836860
:1022F000184770B5054610200E46EDF7B9FF0446A5
:1023000095E80F0084E80F00E660204670BD70B5C8
:10231000054610200E46EDF7ABFF044695E80F008A
:1023200084E80F00A660204670BD70B505461020F9
:102330000E46EDF79DFF044695E80F0084E80F0078
:102340006660204670BD000010B586B004460846A1
:1023500011461A4602AB0193084B00930423FBF786
:10236000FBF921461020FBF792FC029B4360039B84
:102370008360049BC36006B010BD00BF7C270608C5
:1023800004307047032A0CBF01490249D1F728B82D
:102390000DC60508939D050838B50B680C46DA880C
:1023A00005490546D1F7D2FB216822462846383137
:1023B000BDE83840FCF72EBCEDC4050810B5034657
:1023C000002053F8342F824202D14FF0FF3010BD6D
:1023D00053F8044F8C42FAD00130F4E738B5136853
:1023E000054614464BB90068FFF7E8FF431C03D0CD
:1023F000023055F82030236038BD02490248F9F711
:1024000045FE00BF12C60508DC1F06082DE9F0478F
:102410009246426B01EB0A05954207460C469846E8
:1024200004D01F491F482B46F9F739FEA81C39462E
:102430008000FBF72CFC4FEA840945604A460646BB
:102440004146083014F0A6FE09F108004FEA8A025E
:102450000021304414F0E8FE554408F10409A54277
:1024600002D83046BDE8F08758F8240001F07CFE21
:1024700001463846FFF7A2FF431C04D10A460A4929
:102480000848F9F70CFE06EB8000836813B10A4692
:102490000649F5E759F8243083600234DFE700BFCE
:1024A0005EC20508081E060819C6050828C60508E4
:1024B0002DE9F04106460E3080008846EDF7F1FE2A
:1024C0000546074645F8346F0024B44202D1384629
:1024D000BDE8F08158F8240001F046FE013445F8CB
:1024E000040FF2E71FB5019101F03EFE044601988A
:1024F00000F00703022B05D0830708D10268174BB1
:102500009A4204D101A9012002F048FB019003AADC
:1025100002A9FBF76BFDDDE90201FFF7C9FF104AD5
:10252000426140F2012202810E4A82610E4AC2617A
:102530000E4A02620E4A42620E4A0F4B8262032228
:102540000360C27208230D4A8380C26083740C4A00
:102550000C4BC480C262036304B010BD042E060895
:102560000D24030899230308B55B0308B95C03082D
:10257000DD230308815D0308E02F06080405060734
:10258000C95A03084C2F060810B5D0E90142C368A8
:102590000348C1E90223C1E90004084610BD00BF99
:1025A00044280608C268002A034607DDD0E9010175
:1025B000884208DA02445A60FEF760BF03D0D0E9CF
:1025C00001018842F6DC00207047D1E902324968F7
:1025D0005B1A1344002ACCBF03F1FF3301330428F4
:1025E00093FBF2F303D0052806D000207047002BA0
:1025F000D4BF0E201E20704723EAE370FEF73EBFD3
:1026000070B50E46044611463046134A1D46FBF788
:1026100017F821461020FBF73AFB00234360012303
:102620009E420446C360286804D1FBF737FCA060D3
:10263000204670BDFBF732FC60606868FBF72EFC3B
:10264000032EA060F4D1A868FBF728FCE060002806
:10265000EED10248FAF720FB0600020031C6050859
:10266000136810B514462BB9922904D14068FEF7BF
:1026700005FF206010BD962901D18068F7E79529F4
:10268000F8D1C068F3E7000038B50C46D1E9012362
:1026900009490546D1F75AFAE268012A05D12846C8
:1026A0000649BDE83840D0F79BBE28460449BDE83E
:1026B0003840D1F74BBA00BF38C6050843E20508D9
:1026C00045C60508042A1FB50446084638D1D4E992
:1026D00002136268891A1944002BCCBF01F1FF3143
:1026E000013191FBF3F1830721EAE1711AD102680C
:1026F000144B9A4216D101AA00F0CCFC12491020CA
:10270000FBF7C5FAE2686368019901FB0233436095
:102710006368029901FB02338360039B5343C360E8
:1027200004B010BD024600232068FBF795FCE26868
:10273000636802FB003004B0BDE81040FEF79EBEA7
:102740000020EDE7FC2A060818280608816841B138
:102750000139816049004068042241F00101FBF722
:10276000A3BD0846704737B51D46044608461146C6
:102770004FF00212FAF764FF28686A4640F29F3170
:10278000F9F720FC009B43B100216A460846F9F79F
:10279000C6FD0446204603B030BD21460C20FBF7A1
:1027A00076FA044628686060FBF76CFDFBF776FB61
:1027B000A060EFE730B51C4685B0054608461146D7
:1027C0004FF00212FAF73CFF002320680393032224
:1027D00001A9CDE90133FBF793FD38B92068FBF778
:1027E0005DFB01300290EDF743FD0190029B4FF637
:1027F000FD72023B934202D90020FAF74DFA2946B6
:102800001020FBF744FA019B4360029B03810023E5
:102810008381438105B030BD032910B506D004295A
:1028200024D016221A604FF0FF331DE012F001038E
:102830000BD00189838944890B441B1B93FBF1F462
:1028400001FB1433003B18BF012352070CD501894B
:10285000428980890A44121A013A92FBF1F001FB85
:1028600010220AB143F00403184610BD0023FBE711
:102870002DE9F84344898589984603891C44641BE3
:10288000013C064694FBF3F003FB1044944228BF3E
:10289000144604EB0509B9FBF3F203FB12994D450D
:1028A0000F4608D970685A1B284414F073FC33890A
:1028B0005B1B1F4400257068A9EB050239462844BC
:1028C00014F068FC0023A6F80C902046C8F80030ED
:1028D000BDE8F8832DE9F843848945899846038942
:1028E0001C44641B0F4694FBF3F103FB1144944218
:1028F00028BF144604EB0509B9FBF3F203FB129958
:102900004D45064609D941685A1B2944384614F0FA
:1029100041FC33895B1B1F4400257168A9EB05024C
:102920002944384614F036FC0023A6F80A902046C5
:10293000C8F80030BDE8F8830289838941891344CF
:10294000581A90FBF2F302FB1300400040F0010024
:1029500070470000820708D10068064B984206D0F5
:10296000054BC31A58425841704700207047012058
:10297000704700BFA82A06087C2A0608044B0B6093
:10298000044BC1E901300023CB600846704700BF0B
:10299000642706086D2C030808B501220430FBF7F4
:1029A000B8F8062008BD08B502220430FBF7B1F8DC
:1029B000062008BD38B5041D08460021F9F720FEA1
:1029C00005462846F9F790FE014600B938BD0122B8
:1029D0002046FBF79EF8F4E770B506460D46012445
:1029E000B44201D3062070BD55F824102868FFF7C3
:1029F000E1FF0134F4E738B5041D08460021F9F77A
:102A0000FFFD05462846F9F76FFE014608B9062086
:102A100038BD03222046FBF77CF8F3E730B585B0DC
:102A2000041D08466946F9F7EBFD05462846F9F707
:102A30005BFE014610B91E2005B030BD00222046C5
:102A4000FBF767F80028F1D00E20F5E738B50168EC
:102A500004461020FBF71BF9616805460430FBF7BC
:102A60004EF86268A368E168E868AB60920014F011
:102A700091FB284638BD38B50D46FFF7E7FF2946DC
:102A80000446FFF797FF204638BD38B50D46FFF7DF
:102A9000DDFF29460446FFF7AEFF204638BD0000A3
:102AA00010B5022204300C46FBF733F818B903487E
:102AB0002146FAF7F5FA062010BD00BF281F0608C8
:102AC00008B50430FBF7D8F8062008BD2DE9F84317
:102AD0000C6880460F461AB92046FFF7B7FF044638
:102AE0000125261D454502D32046BDE8F88357F849
:102AF0002500844204D13046FBF7BEF80135F1E7EA
:102B00000021F9F77DFD81464846F9F7EDFD0146C4
:102B10000028F3D002223046FAF7FBFFF4E708B5AD
:102B20000122FFF7D3FF062008BD0022FFF7CEBF2A
:102B300008B50430FBF780F818B902490248F9F7E4
:102B4000A5FA08BD4BC60508281F060850F8210045
:102B5000042818BF002814BF01200020704700007F
:102B60008A07F8B504460E4611D10D681E4BEB1AC4
:102B70005D425D41B36863B91DB11C492046D0F781
:102B80002FFC1B492046BDE8F840D0F729BC0025A2
:102B9000F0E71DB117492046D0F722FC1649204620
:102BA000D0F71EFC002701237268BA4206D81349E9
:102BB0002046D0F715FCADB11149E3E7F06839467E
:102BC000FFF7C4FF60B11BB90E492046D0F708FCDF
:102BD000F368012253F827102046FBF779F8002309
:102BE0000137E1E7F8BD00BF7C2A060833940508E9
:102BF00056C605085CC60508A8C4050850C00508E7
:102C000043E20508C4C305080528F8B50E460BD0F5
:102C100006280ED0042801D00020F8BD8B68002BB8
:102C20000CBF0E201E20F8E78868400040F001002D
:102C3000F3E711F00305EFD10C680B4B9C42EBD18D
:102C40004F68AF4201D16000F0E7F36829461846AB
:102C5000FFF77CFF30B153F825100620F9F770FA22
:102C600004EB60040135ECE77C2A06088268C16841
:102C700070B556680346B14201D3002008E0D5681C
:102C80002846FFF763FF4C1C18B155F82100DC60A3
:102C900070BD2146EFE700002DE9F0410646884669
:102CA00010200B49FAF7F3FF071D05463146384659
:102CB000FAF725FF0024B44202D12846BDE8F0818E
:102CC00058F8241001223846FAF723FF0134F2E7BE
:102CD000A82A060888422DE9F84305460E461746FD
:102CE00008D11AB106242046BDE8F883BDE8F843B0
:102CF000FFF7ACBE00210846FFF7CEFF00210446D7
:102D00003046F9F77DFC80464046F9F7EDFC064673
:102D100058B9002FE7D0E868EDF7D2FA63686B6026
:102D2000A368AB60E368EB60DCE700223146281D56
:102D3000FAF7EFFE0028E7D031462046FFF72CFED9
:102D4000E2E70122FFF7C6BF0022FFF7C3BF01225F
:102D50000430FAF7DEBE70B50C4605461146204633
:102D600002221E46FAF76CFC3CB921462046FFF7CA
:102D700093FF04462560204670BD00210846FFF7FA
:102D80008BFF002104463068F9F73AFC06463046CE
:102D9000F9F7AAFC01460028ECD02046FFF7D7FF40
:102DA000F5E700002DE9F04186B01646CDE90010A8
:102DB0000446FFF7CFFD0246002835D1214801AB7C
:102DC0000121FFF7C8FF4FF001080446009D284687
:102DD000FFF7C0FD024650BB1A486B460121FFF7C2
:102DE000BAFF012705461EB1A268AB689A4226D0F9
:102DF000154B0293154BCDE90334002305932E1D8B
:102E000002A8FFF733FF014698B91E26B8F1000F5C
:102E100002D0201DFAF730FF17B1281DFAF72CFF5A
:102E2000304606B0BDE8F0814FF00008CEE700273D
:102E3000D9E700223046FAF76CFE0028E0D10E26D2
:102E4000E4E700BFA82A0608642706086D2C0308DB
:102E50000B46002201461846FFF7A4BF0022FFF7E9
:102E6000A1BF0000F7B51546CDE900128A07074655
:102E70000C4610D10968594BCB1A59425941242F9D
:102E80000E4600F09E802846FFF764FD28B9002416
:102E9000204603B0F0BD0021F1E71C2FF7D801A3B5
:102EA00053F827F0872F0308972F03089F2F030855
:102EB000A72F0308B52F03088F2E03088F2E0308B2
:102EC0008F2E03088F2E0308412F03085B2F030862
:102ED000692F03088F2E03088F2E03088F2E0308F7
:102EE0007B2F03088F2E03088F2E03088F2E0308D5
:102EF0008F2E03088F2E03088F2E03084D2F0308F3
:102F0000192F0308272F03088F2E03088F2E03087D
:102F10008F2E0308352F03082946204603B0BDE84D
:102F2000F040FFF7B2BD2946204603B0BDE8F040AF
:102F3000FFF70ABF69460220FFF7F7FD0446A7E73F
:102F400021B169460220FFF747FDA1E72946204647
:102F500003B0BDE8F040FFF78EBD29462046002EA5
:102F6000DCD0FFF748FD93E70A4620462946FFF7E5
:102F7000B1FE002E08BF04468AE70A4602206946D1
:102F8000FFF7A4FDDAE701222946204603B0BDE899
:102F9000F040FFF707BF012221462846F6E7A26866
:102FA000AB689A4217D12946204603B0BDE8F040ED
:102FB000FFF754BF2946204603B0BDE8F040FFF7B5
:102FC00047BF201D00222946FAF7A3FD002814BFA1
:102FD0001E240E245CE70E245AE700BFA82A060828
:102FE0004A680149D0F7B2BDEDC40508002070471A
:102FF00038B50D4604461049D0F7F2F96968012248
:103000002046FAF765FE0D492046D0F7E9F9A96890
:1030100001222046FAF75CFE08492046D0F7E0F985
:10302000E96820460122FAF753FE20460449BDE82C
:103030003840D0F7D5B900BF67C60508C4C3050836
:1030400043E2050813689BB9922902D143681360D3
:103050007047962901D18368F9E7952901D1C368A2
:10306000F5E740F27343994204BF024BC2E90030D6
:10307000704700BF1C2B060870B506460D46102091
:1030800003491446FAF703FEC0E90165C46070BD48
:10309000FC2A06082DE9F0418046C06806280F4644
:1030A00015461BD0FAF7FAFE041E02D12548F9F79F
:1030B000F3FD14DCD8F80400062833D17E1ED8F8BE
:1030C000080006283AD0FAF7E9FE0028B8BFC01970
:1030D00040EAE070B8421EDB781E1CE00124D8F8FC
:1030E000040006281CD0FAF7D9FE0028B8BFC01982
:1030F00020EAE076BE42A8BF3E46D8F8080006287F
:103100001AD0FAF7CBFE0028B8BFC01920EAE07049
:10311000B842A8BF3846C5E90060AC60BDE8F081A0
:103120000026EAE7FAF7BAFE061EB8BFF61946EA25
:10313000E676BE42C2DAC2E73846ECE74FF0FF302F
:10314000E9E700BF6EC6050810B5044686B008461C
:10315000FAF7A4FE6A4601462046FFF79BFF009B54
:103160005B0043F001030393019B5B0043F0010309
:103170000493029B5B0043F0010303A90320059322
:1031800002F040FD06B010BD0E2801D101207047AD
:103190001E28FBD010F00103F8D1820705D100688A
:1031A000034BC31A5842584170471846704700BF36
:1031B0000424060808B50146FFF7E6FF38B98A0778
:1031C00004D10868034BC31A5842584108BD012076
:1031D000FCE700BFA4210608044B0B60044BC1E9C7
:1031E00001300023CB600846704700BF6427060803
:1031F000F531030813B50446806800F00703022B7D
:1032000011D101A9C008EDF76FFFE368019A93425D
:103210003FBFC05C400040F0010001332CBF0020E4
:10322000E36002B010BD83680193C068EDE7000061
:1032300008B5FAF739FDC28803490448972A14BF34
:1032400097234223F8F72BFF7DC60508081E0608C2
:1032500038B5044608460D46FAF726FD084B984255
:1032600008D0084A9C4208BF1446844206D028462B
:10327000FFF7DEFF844201D00248F6E738BD00BF09
:10328000241A0608D42D0608F8B51C4B98420746A8
:103290000D460ED1D1E90110EDF710FE48B1C40082
:1032A0002846EEF71BF800232B6044F0020420466A
:1032B000F8BD69682B68AE680131994203D0304689
:1032C000ECF7F1FF06466A680023B354AB602B604D
:1032D0000B4B9F4205D168683146BDE8F840FBF7CB
:1032E00077BC39461020FAF7D2FC69688160044641
:1032F0003046EDF7C7FDE6606060D8E7042E0608AB
:10330000241A06082DE9F04101F00703022B86B0CC
:1033100080460C4616D101A9E008EDF7E5FE064609
:10332000019902A8EDF7BEFF049F0025019BAB4267
:103330000CD82046FAF7B8FC02A9FFF7A5FF06B0A3
:10334000BDE8F0818B68CE680193E9E7705DC04706
:1033500078550135EAE7000001460148FFF7D2BF82
:10336000A915020801460148FFF7CCBFB7150208AE
:103370002DE9F0478AB004460191FAF795FC04F074
:103380000703022B074635D102A9E008EDF7ACFE92
:1033900006460198830706D103683A4A934209D04A
:1033A000394A934206D0374801AB00220121FEF78B
:1033B00093FD019004AA03A9FAF718FEDFF8D48060
:1033C000324B00249F4214BFB946C1462546039B99
:1033D000A34213D8294606A8EDF764FF089C0025F0
:1033E000039BAB422DD806A93846FFF74DFF0AB024
:1033F000BDE8F087A368E6680293CAE7049B53F828
:103400002400FAF751FC214B984214BF034643466F
:1034100099454FEA840A02D01D48F9F717FE0CB10E
:10342000029B1D44049B53F80A0000F00703022B83
:1034300005D1C008EDF743FE05440134C7E78068B5
:10344000FAE735B12046029A314613F0A3FE029BFB
:103450001C44049B53F8250000F00703022B0CD1F9
:1034600005A9C008EDF740FE01462046059A13F075
:1034700091FE059B01351C44B2E78368C168059342
:10348000F3E700BF2C2506084C2F0608241A06086F
:103490008FC60508D42D0608F0B500F00703022BEF
:1034A00087B004460D462BD101A9C008EDF71CFEDC
:1034B00006462846FAF7F2FC019905463046EEF733
:1034C00015F8854219D9019F2D1A2F44394602A8B3
:1034D000EDF7E8FE3A462021049813F0A5FE049883
:1034E000019A314600EB550013F054FE2046FAF7DE
:1034F000DBFB02A9FFF7C8FE0446204607B0F0BD7B
:103500008368C6680193D4E72DE9FF4782460868BF
:103510000E46FAF7C9FB71688146FFF799FE3068DD
:1035200000F00703022B39D102A9C008EDF7DCFD3A
:103530000446706800F00703022B33D103A9C008CA
:10354000EDF7D2FD8046029ABAF1020F04EB0207B2
:103550002FD9B368062B2AD0012100914846214675
:1035600002F0B2F80546BAF1030F0AD0F368062B51
:1035700007D0012200922146029A484602F0A4F8A0
:103580000746039B6BBB791B2846EDF7AFFF013065
:10359000400040F0010004B0BDE8F0878368C468D3
:1035A0000293C6E78368D0F80C800393CBE72546E7
:1035B000D9E72546E5E74146284613F05DFE38B9D0
:1035C00001343546039AAE18BE42F4D96000E0E7F4
:1035D000D14504D12846EDF773FF0646F1E76E1C8E
:1035E000EFE7DFF808A00024ECE700BF042E060890
:1035F00001F00703022BF7B507460FD1C80801A950
:10360000EDF772FD0446019B7BB1174B9F4202D040
:10361000164B9F4212D1264600251CE08B68CC68D1
:103620000193F0E7605DB84710B90E2003B0F0BD1C
:103630000135019BAB42F5D81E20F7E70025F8E7DE
:1036400016F8010BEDF76CFF28B116F8010CB8471E
:1036500005460028E9D0019A331B9A42F0D8002D84
:103660000CBF0E201E20E1E7811502089515020807
:1036700001460148FFF7BCBF0D150208014601488D
:10368000FFF7B6BF2115020801460148FFF7B0BF9A
:103690003515020801460148FFF7AABF8115020847
:1036A00001460148FFF7A4BF951502082DE9F04730
:1036B00088B005228046084601A9FAF721FE029942
:1036C00004A84908EDF7EEFD019D029F069C2F44DA
:1036D000BD4209D3069B04A9E41A40460594FFF7AE
:1036E000D3FD08B0BDE8F0872E4616F8019B48468A
:1036F000EDF70CFFE0B9B74202D10E48F9F7CCFA6A
:103700004846EDF721FF0028F7D095F801A0504674
:10371000EDF71AFF0028F0D04846EDF755FFAE1C34
:1037200005465046EDF750FF40EA051004F8010B3E
:103730003546CDE7BBC60508884230B514D20378BC
:10374000303BDBB2092B0FD8002313600A2510F899
:10375000014B303C05FB03438142136004D00478E5
:10376000303CE4B2092CF2D930BD012A13B50C4625
:1037700013D100F00703022B0BD101A9C008EDF70C
:10378000B3FC019B636042232060A360002002B071
:1037900010BD83680193C068F3E70120F7E70000DC
:1037A000A12808B502460BD040F2A553984207D095
:1037B00040F2BE33984205D003490448F8F76FFC45
:1037C000002008BD0120FCE7C9C60508701F0608D7
:1037D000F0B5054689B0084616461F46FAF75EFB67
:1037E000B0F5881F044603D30B490C48F8F74EFC8C
:1037F00003AA04A80421EDF75DFD214604A8EDF716
:10380000C8FD0E9BDDE90521CDE90073284633464E
:10381000CFF7F6FD09B0F0BDD6C60508482006086A
:103820002DE9F04198468F1804460D460B460022BC
:103830009F4204D8002A14BF2226272605E01978C3
:10384000272905D0222904D1272632461A4908E023
:1038500001220133ECE715F8012BB24205D11749DB
:1038600032462046D0F772F905E05C2A0CD11449A3
:103870002046CFF7B5FDAF42EDD8324620460E497F
:10388000BDE8F041D0F762B91F2A08D97F2A04D0D9
:10389000B8F1000FDAD01306D8D50A49E1E70A2AB1
:1038A00001D10949E4E70D2A01D10849E0E7092AD5
:1038B000F3D10749DCE700BFEEC60508EDC60508F1
:1038C000F1C60508FDC60508F4C60508F7C60508D3
:1038D000FAC6050870B50D4615490446AE18CFF76F
:1038E0007FFDAE4205D820461149BDE87040CFF7B4
:1038F00077BD15F8012B222A01D05C2A04D10D498D
:103900002046D0F723F9ECE71F2A01D90A49F7E747
:103910000A2A02D109492046E1E70D2A01D10849C6
:10392000F9E7092A01D10749F5E70749E8E700BFA8
:10393000AAC40508EDC60508EEC60508F4C60508C4
:10394000F7C60508FAC6050804C7050801F007030D
:10395000022B73B5054616460DD1C80801A9EDF72F
:10396000C3FB0446032E0AD1019A21462846FFF7DD
:10397000B1FF02B070BD8B68CC680193F2E7042EF2
:10398000D5E9000303D1019A21469847F1E705499B
:1039900001229847019A012321462846FFF740FF5C
:1039A000E7E700BFB3C305082DE9F0479942DDF80A
:1039B0002080814692461F4613D3B8F1000FA1EB39
:1039C0000304D6BF25460025002409EB05063A4628
:1039D0005146304613F050FC20B1A54201D0454479
:1039E000F3E700263046BDE8F08700002DE9F04FF0
:1039F00083468BB00868CDE904230E46FAF754F9E4
:103A00000746306800F00703022B14D107A9C0084D
:103A1000EDF76AFB0446DFF8ECA0574543D0706829
:103A200008A9FAF713FA00283DD0089BFF2B06D906
:103A30003248F9F731F98368C4680793EBE78DF8EA
:103A40002430012303930DF12409079ABBF1020FDF
:103A500004EB02083FD9B368062B3AD0012100914C
:103A60003846214601F030FE0546BBF1030F0AD06F
:103A7000F368062B07D0012200922146079A3846A8
:103A800001F022FE8046454509D8049B00934A4632
:103A9000039BA8EB05012846FFF786FFE8B9059BC5
:103AA0004BB31748C5E738467168FFF7D1FB70681C
:103AB00000F00703022B07D109A9C008EDF714FB9A
:103AC0008146099B0393C0E78368D0F80C90099363
:103AD000F7E72546C9E72546D5E7574509D1014609
:103AE0002046EDF7F6FC400040F001000BB0BDE8C9
:103AF000F08F001BF7E74FF0FF30F7E70BC7050823
:103B000016C70508042E060800230122FFF76EBF22
:103B100000234FF0FF32FFF769BF01231A46FFF77A
:103B200065BF01234FF0FF32FFF760BF2DE9F04F73
:103B3000042891B00D4635D1C868FAF7AFF978B3CB
:103B400040EAE07328680493FAF7AEF869680690D3
:103B5000FFF77EFB0698A968FFF77AFB286800F05C
:103B60000703022B21D109A9C008EDF7BDFA83464E
:103B7000686800F00703022B1CD10AA9C008EDF702
:103B8000B3FA0590A86800F00703022B17D10BA920
:103B9000C008EDF7A9FA0390DDE909329A4213D97A
:103BA000286868E04FF0FF33CCE78368D0F80CB0AA
:103BB0000993DDE783680A93C3680593E2E78368A6
:103BC0000B93C3680393E7E70024DDE90963002B47
:103BD00042D124B10B9A0399204613F0DBFA0B9FD4
:103BE0004FF0010AD8461CE00BB909F10109A9EB15
:103BF000080624B132464146E01913F0CBFA3E44A0
:103C000024B10B9A0399A01913F0C4FA0B9F0A9BD5
:103C10003744099E09EB03085E44A6EB08060AF147
:103C2000010A049B53451BD066B101220A9B0092F6
:103C30003146059A07934046FFF7B6FE079B81463B
:103C40000028D1D174B9BAF1000FA9D0B9190CA8C4
:103C5000EDF728FB0E9CB8E74FF0000A5746C1E786
:103C6000002CF3D041463246E01913F093FA06983F
:103C70000CA9FFF709FB11B0BDE8F08F70B50E4637
:103C8000014610201446FAF702F80546846076B122
:103C900021463046EDF7F6F86860601CECF7E8FA6C
:103CA0002246E860314613F075FA00220255284694
:103CB00070BD08B5EDF74EF9C00040F0020008BD38
:103CC000D0E9012110B504460020EDF785FC01463E
:103CD00010B90448F8F7DAF921460348BDE8104066
:103CE000FFF7D2BA9C1D0608042E060801460148BB
:103CF000FFF7CABA042E060801460148FFF7C4BA06
:103D0000D42D060838B50A4604460D460146002063
:103D1000EDF762FC014610B90948F8F7B7F92946F2
:103D20002046EDF7CBF830B92A4621460548BDE8D4
:103D30003840FFF7A3BFC00040F0020038BD00BF0D
:103D40009C1D0608042E060810B5044613F0AAFAB6
:103D500001462046BDE81040FFF7D4BF0A460146A1
:103D60000148FFF78BBF00BFD42D060810B40A4CE2
:103D70000346A342084603D110BC1146FFF7C2BF59
:103D8000064CA34203D110BC1046FAF711BF10BC79
:103D90001146FFF7E3BF00BF042E0608241A0608E9
:103DA000F0B585B004460D461746F9F77DFF04F0DF
:103DB0000703022B064615D1E0086946EDF794F992
:103DC0000446042F26D1AB07009818D12A68124B5D
:103DD0009A4214D101AA294603F01DF830B90F48C0
:103DE000F9F756F9A3680093E468EAE7DDE9011200
:103DF0003046521A2144FFF7B9FF05B0F0BD014625
:103E000000232A463046FAF727F9205C400040F0AC
:103E10000100F2E70020F0E7FC2A0608C7C3050806
:103E20002DE9FF4102AB0C460193244B0093043172
:103E300001230138F9F732FC2068F9F735FF00213A
:103E400080460846FEF75EF80746206800F0070344
:103E5000022B0ED103A9C008EDF746F90146039DD8
:103E60000D44A94225D20B46AB421C4605D1002683
:103E70000FE08368C1680393F1E71A780A2A16D025
:103E80000D2A04F10103EFD163780A2B0CBF02263F
:103E900001269DF80820631A06FB02324046FFF710
:103EA00065FF01463846FDF79CFDA119D9E70126BB
:103EB000EFE7384604B0BDE8F08100BF2C2B0608C0
:103EC0002DE9F04F8BB00C46049010689046F9F73E
:103ED000EBFE012C079042D0D8F80410FFF7B8F998
:103EE000D8F8040000F00703022B33D109A9C00859
:103EF000EDF7FAF80390099B0593D8F8000000F05D
:103F00000703022B30D109A9C008EDF7EDF80746E9
:103F1000049BDDF82490012B4FF0000409BF4FF003
:103F2000FF33012309F1FF3506931CBF06930025DB
:103F3000CB46A2462646BBF1000F19D1BAF1000FBD
:103F400026D1214B2148079A9A4208BF0A200BB07C
:103F5000BDE8F08F83680993C3680393CBE706231A
:103F600005931B4B0393C8E78368C7680993CFE7A2
:103F700001230599039800937A19FFF715FDA8B955
:103F8000BAF1000F17D1049B4BB909F1FF342E464B
:103F9000621C921B4A4512D1D8F80000D7E7049B57
:103FA000012B2C4609D02E464FF0010A069B0BF13F
:103FB000FF3B1D44BFE72C46F8E75646E8E7079865
:103FC000B919FFF7D3FEC2E7042E0608342B060802
:103FD000242B06080A4601460220FFF771BF0A4655
:103FE00001460020FFF76CBF0A4601460120FFF79B
:103FF00067BF00002DE9F04389B006460C469146A4
:10400000F9F752FE21460746FFF722F906F00703AB
:10401000022B12D103A9F008EDF766F8054604F06B
:104020000703022B0DD104A9E008EDF75DF88046E7
:10403000049B5BB92248F8F72FFEB368F568039339
:10404000EDE7A368D4F80C800493F1E71D4A1E4BFA
:104050002046974208BF0A23B9F1010FCDE9053385
:1040600007930CBF05960796F9F71EFEB84205D0D8
:10407000049A41463846FFF779FE0446049B0399AB
:10408000CDF8009042462846FFF78EFC88B1461BCB
:10409000324629463846FFF769FEDDE90321521A08
:1040A0003144CDE90504921B29443846FFF75EFEF2
:1040B000079005A9032001F0A5FD09B0BDE8F08334
:1040C00023C70508042E0608342B06080122FFF733
:1040D00091BF4FF0FF32FFF78DBF2DE9F34100F0A4
:1040E0000708B8F1020F04460D4601F007070DD18D
:1040F000022F05D1431A5842584102B0BDE8F08161
:10410000C008ECF7D1FF0646686805E0022F466854
:10411000FAD1C808ECF7C8FF26B118B1B04201D0F7
:104120000020EAE7B8F1020F16D1E0086946ECF783
:10413000DBFF0446022F13D101A9E808ECF7D4FFF6
:104140000146DDE900239A42EAD1204613F094F8B3
:10415000B0FA80F04009D0E7A3680093E468E9E78B
:10416000AB68E9680193ECE708B500F00703022BA0
:104170000DD0830709D10268064B9A4205D1BDE8EC
:104180000840D0E90210ECF7E5BEFFF751F8C0088F
:1041900008BD00BF042E060870B5034608688207F4
:1041A0008CB00E460ED1026843498A424BD0434937
:1041B0008A427DD100F00702023B012B0FD9404813
:1041C000F8F744FF00F00702022AF5D0012B71D165
:1041D000C30741D5411038D50020F8F75DFD022A0C
:1041E00023D108A9C008ECF77FFF0546306800F02E
:1041F0000703022B1DD1C008ECF756FF044624B973
:1042000008992846ECF73EFE04467068FFF7ACFFBD
:10421000FFF7C6FA01280ED12946089AEDF7DCF916
:10422000014640B92748F7F731FF8368C56808930E
:10423000DCE74468E3E72049089E1020F9F727FDF2
:10424000C0E9026544600CB070BD08A8EDF72AF81B
:1042500008A8FFF751FDF6E7012201A9FAF750F887
:1042600020B1DDE90101FFF779FDECE73068F9F7EE
:104270003BFF78B910210DEB0100EDF705F8306830
:1042800008A9F8F7BDF904462046F8F72DFA20B939
:1042900004A8DEE7411004A8EFE7F9F7FFFDFF28C7
:1042A00001D9094899E7C1B204A8EDF76BF8EBE72B
:1042B000012BD1D0054883E7D42D0608042E06082B
:1042C00036C405089C1D06080BC705082FC705083E
:1042D00008B508460AB1F9F755FA21B11946BDE803
:1042E0000840FFF759BF014808BD00BF342B06083E
:1042F000012807B50AD10B68009340F20A530193D5
:1043000069460220FFF748FF03B000BD0028F9D13D
:104310000048F9E7342B06082DE9F043074687B03B
:10432000884614461E460AB1F9F72CFA06222146A1
:104330004046F9F785F9B8F1000F00F0BC80B8F1FC
:10434000010F10D16A46102102A8ECF7BBFF3168BB
:1043500022466846F9F7BCFC02A93846FEF794FFEE
:1043600007B0BDE8F0833068840731D10268534B51
:104370009A422DD1D0E902547068FFF7F5FEFFF79D
:104380000FFA2A4621468146EDF726F900286BD11F
:10439000B8F1020F64D0B068062861D0FFF7E4FEE0
:1043A00040F26F439842804601D0812858D1294677
:1043B00002A8ECF769FF2544A542CDD9264616F898
:1043C000011B08060BD402A8ECF7DCFF3446F3E728
:1043D000052202A9F9F794FFDDE90245CCE7B9F11E
:1043E000000F34D101F14003DBB2372B2FD8CA08BC
:1043F00002F00602E523134103F0030320464A4678
:10440000B542344604D0367806F0C006802E07D078
:1044100093420CD0B8F1810FCED14FF6FD7112E06E
:104420000132D2B2934204F10106E9D134467F222F
:104430001A411140034410F8012F02F03F02984244
:1044400042EA8111F7D102A8ECF7A3FFB4E7B8F173
:10445000810FBBD14FF6FD7102A8ECF79AFFB5E7CB
:1044600017480021F7F712FE29462046ECF726FDF3
:1044700018B1C00040F0020072E733689A0703D118
:1044800019680E4A914207D02A462146384607B09D
:10449000BDE8F043FFF7F2BB5E6826B92946204627
:1044A000ECF7F0FC064639461020F9F7F0FBC0E9BE
:1044B0000254466054E70A2052E700BFD42D060894
:1044C0009C1D0608012807B50B4606D10B68009312
:1044D00040F20A53019302206B4601460022024833
:1044E000FFF71AFF03B000BD042E060800F0070313
:1044F000022B07B50CD0830708D103681A7B2AB1B9
:1045000003EB82031A69064B9A4207D0FEF790FE2E
:1045100001A9C008ECF7E8FD03B000BDC068FBE7E7
:1045200015460308F0B50D4689B0074614462868BD
:10453000052201A9F9F7E4FE029B33B91F4B20487D
:104540009C4208BF0A2009B0F0BD012F4FEA430684
:104550000ED96868013B1E44FFF7C8FF0546314687
:1045600004A8ECF79FFE0198069A029939B91FE05A
:104570000025F4E70232F9E72B78937003320378D1
:104580001B0903F12706092B88BF3346303313700C
:1045900010F8013B03F00F0303F12706092B88BF36
:1045A0003346303301395370002DE3D00029E3D175
:1045B00004A92046FEF768FEC5E700BF042E0608E2
:1045C000342B0608014AFFF7ADBF00BF042E0608D2
:1045D00000F00703022B13B50C460CD0830708D15B
:1045E00003681A7B2AB103EB82031A69084B9A42CB
:1045F00009D0FEF71DFE01A9C008ECF775FD019B6F
:10460000236002B010BD83680193C068F7E700BF64
:10461000154603082DE9F04F9BB0212806460D46AC
:104620000992144601F0070740F014821046F9F78A
:104630003BFBC37B9BB12046F9F736FB0646204681
:10464000F9F732FBC37B06EB8306AB4B32699A4228
:1046500005D1D4F804A004F1080B00240AE0A20755
:1046600011D12268A54B4FF0010A0DF1240B9A429B
:1046700018BF0024022F0BD10BA9E808ECF734FD7A
:104680000590002312E04FF0010A0DF1240BE4E73E
:10469000AB680B93EB680593AB07F2D1984B2A6894
:1046A000A2EB030CDCF1000343EB0C030EAA102178
:1046B00012A80693ECF706FE059A0B9B164602EB32
:1046C00003094FF00008B14507D8002C40F0B7812E
:1046D000C24500F0B4818B4816E03178252905D019
:1046E00012A8ECF74FFE35466E1CECE7751CA94589
:1046F00024D97178252903D112A8ECF743FEF3E7FA
:10470000282924D114B98048F8F7A0FCB01C014630
:104710000D4615F8013B292B12D1091AFFF7C9FAEA
:1047200001462046FBF764F94FF0010806460023D6
:104730000793202304930027A9450AD8734802E071
:10474000894502D17248F8F7A7FA2946E0E7002622
:10475000EDE72B782B2B44D037D8202B44D0232BBC
:1047600045D000230C932B782A2B43D1C2452AD95C
:1047700008F101035BF828000893F9F78FFBDDF8D7
:1047800020800C9001354FF0FF33A9450D93D5D90A
:104790002B782E2B14D1681C8145CFD96B782A2B0E
:1047A0002FD1C2450FD908F101035BF82800089307
:1047B000F9F774FBDDF820800D900235A945BDD9CD
:1047C0005EBBD04525D353489EE72D2B05D0302B1B
:1047D000C7D147F01007049301E047F00107013506
:1047E000AAE747F00207FAE747F00407F7E70823CC
:1047F0000793F4E728460CAA4946FEF79DFF0546B5
:10480000C1E700230DAA49460D93FEF795FF054623
:10481000D4E75BF8286008F101082B78472B0AD809
:10482000442B00F2B380059A3B493C48AD1A0095F1
:104830001A46F7F734FCA3F15802D1B22029F2D876
:10484000202AF0D801A151F822F000BF274A03081E
:104850002748030827480308274803082748030870
:104860002748030827480308274803082748030860
:104870002748030827480308D14803085949030873
:104880008D4903088D4903088D490308274803080B
:1048900059490308274803082748030827480308FD
:1048A0002748030827480308A9490308274803089D
:1048B00027480308C5490308C549030827480308D2
:1048C000594903082748030827480308274A0308CB
:1048D00006F00703022B05D0B0072ED13368104A2B
:1048E00093422AD116A93046FFF772FE169A012A82
:1048F000014619D00B4807E7C95A0308FC1C0608F3
:10490000D42D060899C7050839C7050852C70508F8
:1049100042C705085FC705087DC70508C01D060812
:10492000042E060869C705080C9B019320230093F9
:104930000EA83B46CEF764FDD6E63046FEF724FCD3
:1049400040B10C9B00933A46202331460EA8FEF757
:104950003FFFC9E68C48D7E6B10709D133688B4AD7
:10496000934205D13046FBF782FDFCF7EFFA06468D
:104970000D9B03930C9B0293049B0A22CDE90073C9
:10498000612331460EA8CEF7BBFDADE63046F9F700
:10499000DBFA0D9B297801930C9B00933A46049B0C
:1049A0000EA8CEF7B9FE9FE6079B0BB147F088072C
:1049B0000D9B03930C9B0293049B0822CDE900738B
:1049C0006123DEE710AA102116A8ECF77BFC2B78F8
:1049D000722B26D0069B0BB1B2071BD000223146AA
:1049E00010A8F9F775F917990D9A0C9B019332EA03
:1049F000220228BF0A468A424FF02003009328BFB4
:104A00000A463B4618990EA8CEF7FAFC16A8ECF712
:104A100065FC69E632685E4BD31A5A425A419200ED
:104A2000DDE70122DBE70D9A03920C9A0292049AC9
:104A30000192079A17430097173B1022A1E75448A9
:104A4000544B069A12A9002A08BF1846FEF71CFC10
:104A500004461AE00846F9F727F9022F824618D1D2
:104A600010A9E808ECF740FB07461D2E25D120468B
:104A700012A9F9F7EBF9044638B1129B002B0CDCB4
:104A8000444B454C9A4508BF0A2420461BB0BDE85C
:104A9000F08FAB68EF681093E7E7109916A85943B9
:104AA000ECF700FC189B0093109A129B01213846EA
:104AB00002F09DF916A95046C8E72046F9F7F4F828
:104AC000504532D104F00703022B29D116A9E00882
:104AD000ECF70AFB8046DDF858901B2E04D037D83F
:104AE000042E46D90E2E2ED1109B23B92046F9F75D
:104AF000DBF85045C9D0B9F1000F38D0109916A88D
:104B00004944ECF7CFFB109A1898394612F042FB53
:104B10001898109B4A464146184412F03BFBC9E7DF
:104B2000A368D4F80C801693D5E7194B9A4508D1A1
:104B3000012216A92046F9F7E3FB20B1DDE9168929
:104B4000CBE7242E01D000249FE72046FEF770FB20
:104B5000242EF8D10123009310994B464246384643
:104B6000FEF722FF002814BF1E240E248DE72C46DA
:104B70008BE7109ACDF8009043463946304602F054
:104B800089F90028EFE700BF74C70508A4210608CB
:104B9000D42D0608042E0608342B06082DE9F74FFD
:104BA000054608680C46F9F77FF8012D814628D99B
:104BB000022D676826D0A068F9F770F90546002134
:104BC0000846FDF79FF98046206800F00703022B96
:104BD0001BD16946C008ECF787FA0446009E062FF1
:104BE00026443AD1B442274627D238780134ECF72C
:104BF0008DFC0028F6D1B7421FD2002D5ED03C4676
:104C00000EE006274FF0FF35D9E78368C4680093AC
:104C1000E4E7A2461AF8010BECF778FC10B9544609
:104C2000B442F6D1E21B39464846FFF79FF80146E9
:104C30004046FCF7D6FEB44208D3404603B0BDE878
:104C4000F08F38780134ECF761FC10B1B44227469C
:104C5000F7D1002DCFDD013DCDE739464846FEF7BF
:104C6000F7FA384601A9FFF7B3FC019F8346A7B9BD
:104C70001748F8F711F8B246AAEB04022146484655
:104C8000FFF774F801464046FCF7ABFEB245D4D2BC
:104C9000002D0AEB070400DD013D002DEBD0A246FC
:104CA0000AEB07039E42E6D33A465946504612F0B5
:104CB000E3FA0028E0D00AF1010AF1E73946F21BD5
:104CC0004846FFF753F801464046FCF78AFEB4E732
:104CD00023C705082DE9F04F022885B007460D4689
:104CE00004D805B0BDE8F04FFFF758BF0868F8F7E3
:104CF000DBFF8246D5E9000600F00703022B12D144
:104D000002A9C008ECF7F0F98046A868F9F7C6F8E0
:104D1000041E0DDA29463846FFF740FF05462846AF
:104D200005B0BDE8F08F8368D0F80C800293ECE703
:104D300004F1010900214846FDF7E4F8062E054676
:104D400002D12748F8F7A4F903A93046FFF740FC41
:104D5000DDF80CB00090BBF1000F02D12148F7F74D
:104D60009BFF029E46445CB1A6EB0B07474507D369
:104D700000995A46384612F07FFA00B3013FF5E732
:104D8000A6EB080241465046D5F80CB0FEF7EEFF00
:104D9000A7004BF82400002CC1D0E868A9EB04045C
:104DA000A200C11912F02AFA6A68E868121B920080
:104DB000002100EB840012F037FAAC60AFE7F21B81
:104DC000EB680193A2EB0B0207EB0B015046FEF7D9
:104DD000CDFF019B3E4643F82400013CC3E700BFE2
:104DE000A8C7050823C705082DE9F0430D6805F09D
:104DF0000703022B85B00E461746A0F1020838D1F2
:104E000003A9E808ECF770F90446B8F1000F21D0C7
:104E10002846F8F749FF039AB8F1010F814604EBE1
:104E2000020508D0F368062B05D001210091214628
:104E300000F04AFC0546B368062B07D00122009219
:104E40002146039A484600F03FFC04462D1B25EA04
:104E5000E57503957368DDF80C909A0706F1040870
:104E60000BD001260025B5420FD10E2005B0BDE8BC
:104E7000F083AB68EC680393C7E719680E4A914268
:104E8000EFD15E6803F10808ECE703A958F82500A4
:104E9000FFF79EFB039A01464FB1A9EB0200914533
:104EA00003D3204412F0E8F918B10135DBE73846A6
:104EB000F5E71E20DAE700BF4C2F06080022FFF7B7
:104EC00093BF0122FFF790BF2DE9F04F2DED028B2C
:104ED00095B00D4605909146102108AA0CA89A4657
:104EE000ECF7F0F99FED748A4D450AD30CAB0FCB6C
:104EF000059C84E80F00204615B0BDEC028BBDE890
:104F0000F08F2F4617F8011B7D290CD1B94507D921
:104F100069787D2904D10CA8ECF734FA3D4607E006
:104F20006648F7F7B9FE7B2904D00CA8ECF72AFAFB
:104F30000135D9E7B94539D969787B29EBD07D2985
:104F40003AD0212924D03A2936D03B4699452DD054
:104F50001A787D2A1D4614D1A84600262B783A2BB4
:104F60003BD16B787D2B05F1010433D02346012220
:104F70004B451D461AD219787B2922D101320133C3
:104F8000F6E7212A14D03A2A03F10103DED1E3E740
:104F90003D460027B8466B1C99450BD96E78A6F1A3
:104FA0007203012B06D80235A945D7D84448B8E783
:104FB0009846F0E74348B4E73D460027B8463E46EA
:104FC000CCE77D29DBD1013AD9D12B787D2B06D0D6
:104FD0003D48A6E7A145E9D925460024F5E7002F7D
:104FE00044D0002338781093ECF7A4FAD0B93B46AC
:104FF00043459B4606D21A782E2A03D05B2A03F13A
:105000000103F5D1ABEB07013846FEF752FE002253
:10501000074601462298F8F703FC28BB2B4839467F
:10502000F8F73EF8DAF80030002B01DD284878E781
:1050300010AA41463846FEF77FFB209A109B013AA2
:105040009A42834603D823492348F7F71FF80133D0
:10505000219A52F823704FF0FF33CAF80030C3454D
:1050600014D21E48F8F714F84768F8E7DAF8003069
:10507000BB4201DA1A4854E7209A013A9342E2D23D
:105080000133219A52F82370CAF8003064BB16B17C
:10509000733E18BF01260AAA102110A8ECF712F9D6
:1050A000394632460AA8F8F713FE0E4810A9FEF753
:1050B000EBF807461AE000BF0000C842B7C7050872
:1050C000E0C70508D2C70508F1C70508281F06086C
:1050D000FAC7050820C805084C1F060827C8050898
:1050E00035C80508042E0608002ED1D14FF0FF3335
:1050F00007930A93002C00F0AE80F8F793FA229BF6
:105100000293219B0193209B00932A4653462146FC
:1051100010A8FFF7D9FE10A8ECF725F9119A90F81E
:105120000080831883460493B8F1000F63D0B3481E
:10513000414612F0FBF800284CD00BF1010B002681
:105140009BF80040A4F12002D2B20D2A55D90024C8
:105150005A4644F0080112F8010B232804BF934675
:105160000C469BF80020302A0CD1B8F1000F06D174
:105170003846FEF71FF8002818BF4FF03D08002EF4
:1051800008BF302607AA04995846FEF7D5FA0278D8
:105190002C2A034601D05F2A02D144EA422401337B
:1051A0001A782E2A05D1581C04990AAAFEF7C4FAC7
:1051B000034693F800B0BBF1000F07D0904804936A
:1051C000594612F0B3F8049B48B301331B7843B33C
:1051D0008C48A6E69BF8016056B18848314612F02B
:1051E000A5F838B132460BF1020B46469046A7E7C8
:1051F000B046A5E780464646A2E742F6010121FAFD
:1052000002F2D107A3D52B2C07D0A4F120025442DF
:105210005441A4000BF1010B9AE70224FAE78346FC
:10522000D4E710A8ECF75AF8B8F1000F08D13846C7
:10523000FDF7C0FF00280CBF4FF03C084FF03E08C0
:10524000002E08BF202614F0060F0CD0BBF1730F00
:1052500004D16D4865E6A3462646E8E7BBF1630F37
:1052600001D16A485DE6B8F13D0F29D0B8F15E0F73
:1052700029D0B8F13C0F01D144F001043846FDF7C4
:1052800083FF002800F09280BBF1780F0FD8BBF1AC
:10529000610F1BD8BBF1470F4ED8BBF1440F00F292
:1052A0008580BBF1000F6AD0BBF1250F7ED0384658
:1052B000F8F706FD564903465A465648F6F7EFFEFC
:1052C00044F01004DAE744F02004D7E7ABF16203BE
:1052D000162BECD801A252F823F000BF5353030859
:1052E0006D5303087F530308AD530308AD53030800
:1052F000AD530308AF520308AF520308AF5203087F
:10530000AF520308AF520308AF5203087F5303089C
:1053100091530308AF520308AF520308AF5203087A
:10532000AF520308AF520308AF520308AF5203084D
:10533000AF5203083F530308BBF1580FB7D1002306
:105340000393079B0094CDE901631022ABF117038F
:1053500007E000230393079B0094CDE90163022239
:105360006123394608A8CEF7CBF8E1E5079B009307
:1053700022463346394608A8FEF72AFAD8E5002324
:105380000393079B0094CDE901630A226123E8E7B8
:1053900023074FF000030393079B48BF44F08004AA
:1053A000CDE90163009461230822DAE73846FDF76E
:1053B00001FF002846D0BBF1000F32D0BBF16E0FC9
:1053C0002FD0BBF1250F2FD0BBF1240F7FF66FAF8D
:1053D000BBF1470F20D8BBF1440F7FF668AF3846CA
:1053E000F8F7B2FD0A9B0193079B009322463346D0
:1053F000594608A8CEF790F99AE500BF5BC80508A2
:1054000060C8050870C8050875C8050881C8050882
:1054100090C80508C01D0608ABF16503022BDED954
:1054200045E74FF0670BDAE73846F8F78DFD0A9B42
:105430000193079B009320EE080A334644F0400294
:105440006621D6E7B8F13D0F01D10F4869E5BBF100
:10545000000F03D0BBF1730F7FF429AF10A93846BA
:10546000FFF7B6F8109F0A9A079B32EA220228BF7C
:105470003A46BA42CDE900630146234628BF3A4680
:1054800008A8CDF7BDFF53E59EC8050870B50546D1
:10549000086800F00703022B8AB00C46164617D1A5
:1054A00004A9C008EBF720FE0146049A00950023EA
:1054B0000A44059306A805ABCDE90146FFF704FDB4
:1054C0002068F8F7F1FB06A9FDF7DEFE0AB070BD13
:1054D0008368C1680493E8E707B501A9FFF778F886
:1054E000019903B05DF804EBFEF7E3BB044B0B60DE
:1054F000044BC1E901300023CB600846704700BF70
:10550000642706080955030873B50546806800F04E
:105510000703022B15D101A9C008EBF7E5FDEC68E4
:10552000019A944211D204442046EBF7C9FF061BAE
:1055300031462046FEF7BDFBEB683344EB6002B01A
:1055400070BD83680193C068E9E70020F7E701F0C8
:105550000703022B13B504460AD1C80801A9EBF7CB
:10556000C3FD042C08D0052C0CD0002002B010BDC7
:105570008B68C8680193F4E7019B002B0CBF0E20D9
:105580001E20F3E70199EBF7B1FF400040F0010066
:10559000ECE7000001F00703022B2DE9F743044676
:1055A00016460ED1C80801A9EBF79EFD0546032E4D
:1055B000019A0AD129462046FEF78CF903B0BDE8CE
:1055C000F0838B68CD680193F1E726B963682068A2
:1055D00029469847F2E705EB02082B46002243458F
:1055E00004D3002A14BF2227272705E0197827298A
:1055F0000FD022290ED127272A493A462046CEF736
:10560000A5FAA84508D827493A462046CEF79EFA7B
:10561000D4E701220133E2E72846EBF736FF0646DE
:105620002846EBF74DFFB742814605D11E493A4661
:105630002046CEF78BFA05E05C2E05D11B492046AB
:10564000CDF7CEFE4D46DCE7A6F120035E2B02D857
:1056500014493246ECE70A2E01D11549EFE70D2E29
:1056600001D11449EBE7092E01D11349E7E77F2E59
:1056700002D812493246DBE7B6F5584FA0EB0502D7
:1056800004D26368206829469847DBE7A6F56043A3
:10569000B3F5811FF5D3B6F5803F34BF08490949FA
:1056A0003246C5E7EEC60508EDC60508F1C6050891
:1056B000F4C60508F7C60508FAC60508FDC60508BC
:1056C00004C70508B3C80508F7B51E462C4B9DF85E
:1056D000207098420C46154602D02A4B984208D1B9
:1056E0003B4632462946F8F7B7FC0444204603B04F
:1056F000F0BDF3070CD5761001960199002904EB53
:10570000050228DA013A00201346B9B9541CEDE726
:1057100001A93046F8F79AFB0028EED13046F8F799
:10572000CFFA194902461948F6F7B9FC1B7803F07D
:10573000C003802B02F1FF320AD113469442F5D9FF
:1057400000B10191002FD1D111491248F6F79EFC0A
:1057500001310120D8E70025944205D305B101911C
:10576000002FF1D01446C1E70139BFD3601C0125D9
:1057700004460130237803F0C003802BF8D0EBE718
:10578000D42D0608241A0608BAC80508081E0608FB
:10579000D1C805084C1F0608F0B585B004460D4673
:1057A0001746F8F781FA04F00703022B064614D1D6
:1057B000E00803A9EBF798FC0446042F4DD1AB0792
:1057C00032D12A68274B9A422ED1EB68062B08D09B
:1057D000032B06D02448F7F75BFCA3680393E46827
:1057E000EBE7D5E90137062B1AD0012200922146BA
:1057F000039A3046FFF768FF0546062F039A11D03B
:105800000123009321463B463046FFF75DFF85426A
:1058100025D8421B29463046FEF7A8FA05B0F0BD50
:105820002546EAE7A018F2E70023039A00932146F1
:105830002B463046FFF748FF90F900300278002BE6
:1058400008DB0121FEF735FAE8E701315B081A426F
:10585000FBD1F7E740230121F9E70020DEE70A202A
:10586000DCE700BFFC2A0608C7C3050830B4064BB6
:10587000064C074D0A460968A94214BF214619463D
:1058800030BCCEF763B900BFD8C80508EBC805081F
:105890006C2E06080229F8B5044608D0042923D046
:1058A000012917D016221A604FF0FF30F8BD566854
:1058B000012E11D0022E11D00020156829182CBFFE
:1058C000012700276EB1002D0BDA884238BF002176
:1058D000A16011600020E9E78068EEE74168486850
:1058E000EBE7002FF4D0DDE74068EBF70CFD002379
:1058F0006360EFE708B510B90148F7F7CDF908BDC7
:10590000FDC805082DE9F8434568044628461F46AA
:1059100088461646FFF7EEFF2B7B6BB1D5E90109F0
:10592000EAF7A6FC6368A86000221A739868E26030
:1059300049465A6811F02EFCA568AD1921D260685D
:10594000D0E90017A94203D24160691AEBF700FDC4
:10595000A268BA4206D963689868D21B002138440D
:1059600011F062FC63689868A368324618444146A7
:1059700011F010FC6368A5605A68AA4238BF5D60E8
:1059800003E01B233B604FF0FF363046BDE8F88351
:105990007FB50D46014610201E46F8F778F9002322
:1059A000C0E902330446002D3FD03068C50705D456
:1059B000810713D102681E4B9A420FD1F8F76EFA95
:1059C0000025EBF795FC60604DB30023DDE9011283
:1059D0002046FFF797FF0023A36020E0052201A9DE
:1059E000F8F78EFC336803F00702022A0AD09A0700
:1059F00018D11B681A7BAAB103EB82031A690D4BFD
:105A00009A420FD11020EAF733FCDDE901216060F2
:105A1000EBF750FC6368029A5A603368E3602046F3
:105A200004B070BD02980125CBE71020C9E700BF84
:105A300004240608154603082DE9F041466805468A
:105A400030460F469046FFF755FF7468AB689C429E
:105A50000FD9E41AB168444528BF44461944224688
:105A6000384611F097FBAB682344AB602046BDE895
:105A7000F0810024FAE7000038B544680546204666
:105A8000FFF738FF2868064B064DD4E90121064C84
:105A9000A84214BF20461846BDE83840FEF766B954
:105AA000042E06086C2E0608D42D0608D0E9021331
:105AB0000246486883423FBF981C013351F82000DA
:105AC000D36028BF00207047044B0B60044BC1E932
:105AD00001300023CB600846704700BF64270608EA
:105AE000AD5A0308032A2DE9F84304460F4615462C
:105AF00012D11749CDF774FCD4F8088007F10409D6
:105B000000267B68B3420ED8032D19D111492046D7
:105B1000BDE8F843CDF764BC0F49DFF84880CDF706
:105B20005FFC0125EAE71EB141462046CDF758FC4F
:105B300059F8041F2A462046F8F7CAF80136E0E76C
:105B4000012B03D105492046CDF74AFC0449DEE785
:105B5000C2C3050899D805086CC6050811C905080F
:105B600043E20508C4C30508024608680B4608302E
:105B700050F8041C01F006BA0A46083050F8041C1C
:105B800001F034BA10B50446F8F78EF8C37B2BB198
:105B900000EB8300054B02699A4205D02046044978
:105BA000BDE8104001F091B8204610BDC95A030865
:105BB0004C2F0608052870B50D461CD0062807D0C6
:105BC00004281BD14B68002B0CBF0E201E2070BD7B
:105BD0000B4C01266A68731E9A4203D8600040F09D
:105BE0000100F4E70136062055F82610F6F7A8FA6A
:105BF00004EB6004EEE748684000F0E70020E6E7C9
:105C0000102F060838B505460C4688B10230094900
:105C10008000F8F73CF845604CB12146031D04EBC9
:105C2000850551F8042B43F8042FA942F9D138BD5A
:105C30000148FCE74C2F0608102F06082DE9F0411B
:105C40000C462046114602221E46F7F7F9FC6CB3BB
:105C50003568AB0703D12A68154B9A4217D010203C
:105C6000EAF706FB002104463068F6F7C9FC002578
:105C7000804604264046F6F737FD074650B92846C9
:105C80002146FFF7BFFF05462046EAF719FB2846E5
:105C9000BDE8F081B54205D3F1002046EAF703FBE9
:105CA0007600044644F825700135E3E7014DEEE740
:105CB0004C2F0608102F06087FB50546102D0E46FE
:105CC00010460CD007D8042D44D90E2D21D0002425
:105CD000204604B070BD1B2D1BD01D2DF7D103A98C
:105CE000F8F7B4F804460028F2D0039B002B2FDD10
:105CF000706800215843FFF785FF00F10803009307
:105D00000446039B7268042106F1080001F06FF855
:105D1000DEE7FFF737FF04460028D9D063687068D4
:105D200000211844FFF76EFF72680546920006F1E5
:105D30000801083011F02EFA62680346706804F119
:105D40000801920003EB800011F024FA2C46BFE713
:105D50000A4CBDE7FFF716FF04460028B8D0436899
:105D60000093726800F1080306F10801284601F06B
:105D7000C4F800280CBF0E241E24A9E7102F060823
:105D8000042A7FB505460C462BD111F00306406866
:105D90001DD10A68144B9A4219D101AA01F03BF8AF
:105DA00010B91248F7F774F9DDE901303146C01A2D
:105DB000FFF728FF0199426808350446920005EB79
:105DC0008101083011F0E6F9204604B070BD22468A
:105DD000014600232868F8F73FF9023055F82040C3
:105DE000F2E70024F0E700BFFC2A0608C7C3050855
:105DF000F8B5134A0F461349884202D100242046C1
:105E0000F8BD83889B0502D438600124F7E7837CC2
:105E1000002BF3D000EB8300006903689342EBD1C1
:105E2000466800F1080505EB86060024B542E6D277
:105E300055F8040B3946FFF7DBFF0444F6E700BFD3
:105E40004C2F0608B4260608F7B50C46074654F84A
:105E5000045B002301A9286801931646FFF7C8FFD9
:105E600001983268037A00EB8303D2081E69791E19
:105E70002346B0472861062003B0F0BD2DE9F04766
:105E8000DFF8EC80DFF8F89005460C46AB6873B19C
:105E9000A28890050BD4E15C21B90F2B07D112F435
:105EA000C07F04D0EB6804221A60BDE8F087E37C71
:105EB00053B304EB830369681869C900002241F0F9
:105EC00002010430F7F7ACFC0246E8B12B7C2868ED
:105ED0003BB1EB68526801460020BDE8F047F6F799
:105EE00031B868B1A38899050AD4214B9C4207D0E8
:105EF0000069204B984203D11F492048F6F7C6F8A5
:105F0000EB6852682146E8E72B687BB12A7C6AB9C6
:105F1000A28892050AD4444508D01869EA686968DD
:105F2000F6F750F8EB681B68002BBED1A37C002B62
:105F3000BBD004EB83031C6923684B4509D126467B
:105F400056F8047F04EB8707043756F8044FB7422E
:105F500002D844459AD1A8E74445F6D021462846C0
:105F6000FFF78CFFEB681B68002BEED09DE700BFAE
:105F7000B42606084430060813C90508DC1F0608C5
:105F80004C2F06082DE9F043156887B007461646E2
:105F900025BBD0E90132CDE90121A1F11102514225
:105FA00051419A7C0496C9008DF8145003916AB14E
:105FB00003EB82031969174B0A689A421DD10C46FC
:105FC000DFF8589054F8048F45450AD13368DBB1A7
:105FD000042B03D1104B3360BB68736007B0BDE87E
:105FE000F08354F8041F494505D001A8FFF746FF88
:105FF0003368002BEAD10135E6E7084B9942E5D03A
:1060000001A8FFF73BFFE1E70449039301A8FFF76D
:1060100035FFE3E74C2F060844300608B42606088F
:10602000F0B589B001AF0026039013220F23054677
:106030000C460168019603A8CDE904237E6006970B
:106040008DF81C60FFF71AFF019848B1042816D19B
:106050002869F7F729FE83881B06064602D52869BA
:1060600009B0F0BD1CB91020EAF702F90446F37B31
:10607000286906EB8306214633699847F0E73A46DC
:1060800031463046F6F74BF9EAE70000CA88014985
:10609000CDF75CBD31C9050838B504460846114640
:1060A0004FF002121D46F7F7CBFA0820EAF7E0F8A6
:1060B0002B68C0E9004338BDF0B505468BB00F46EC
:1060C0001446EAB1042A0CBF0F221C220023CDE99A
:1060D0000133099305A80E232968059501AECDE982
:1060E0000374079308960692FFF7C8FE01980428E8
:1060F00008D1286922463946F8F7D6F80BB0F0BD2A
:106100000B22E3E70028F9D05CB1042C0CBF01207E
:10611000022032460021F6F702F9042C18BF0620AF
:10612000ECE70120F5E700002DE9F0411646126882
:106130008CB005460C46002A78D1CF0047F0020704
:1061400000F10408019039464046F7F769FB10B1A9
:106150004368336012E040F299339C4211D198E8D1
:106160000700704B079308AB83E8070007A8F9F70F
:10617000B2FC3060037943F0020303710CB0BDE858
:10618000F081CDE909068DF82C00296807A8CDE932
:106190000754FFF773FE306860B32B689B889A073B
:1061A000ECD510F0030413D102685F4B9A420FD173
:1061B000FCF7E6F80068062803D15C495C48F5F76F
:1061C00065FF01AB22460121F6F742F83060D5E7C2
:1061D00003AAB721F5F7F6FE039B002BCED001985A
:1061E0000590F7F761FD03AA069000210220F6F75B
:1061F00096F8EBE70E2CC1D0B72CBFD0D52CBDD074
:10620000B12CBBD0A4F56873012BB7D9B4F5667F68
:10621000B4D0019803AA0E21F5F7D4FE039B002BFE
:10622000ACD0059703AA00210120E0E70168776858
:106230008B889B0761D50023CDE9070401AA07A835
:10624000CDE90133CDE909328DF82C30FFF716FE88
:106250000198002836D010F003081AD10268324B9A
:106260009A4216D1FCF78CF8CDE903574FB98068F4
:10627000062883D003AB3A460121F5F7E9FF002356
:1062800067E7406806283FF479AF03AB4246022136
:10629000F3E703AA5FB9B121F5F794FE039B93B12D
:1062A000059503AA00210120F6F739F8E7E7D52183
:1062B000F5F788FE039B9BB10595069703AA00217D
:1062C0000220F1E767B903AA4FF466712846F5F793
:1062D00079FE039B93B1E40044F002040594E0E7E7
:1062E00003AA40F2A1312846F5F76CFE039B7BB16F
:1062F000E40044F002040594DFE74FB9022242EAC9
:10630000C401281DF7F78CFA00283FF437AFB6E731
:10631000E100012241F00201281DF7F781FA4760F0
:10632000ADE700BFFC1C06089C2706083EC905080F
:10633000DC1F06082DE9F0411D4B88B01B5C04935F
:1063400000240C23CDE9024106460F460DEB030065
:1063500009680593CDE900449046CDF818D08DF832
:106360001C40FFF78BFD009B042B0DD13969424681
:106370003046F6F799FC03460E4A934208BF0023C5
:10638000184608B0BDE8F081002BF9D06A462146D6
:106390000120CDF80880F5F7C2FF242E0346EBD18B
:1063A000F7F7C0FE00280CBF0E231E23E4E700BF52
:1063B00004300608D42A060870B5254B0D46195C32
:1063C00088B0CDE9035101AA0B210023CDE90512C4
:1063D000064629688DF81C3003A8CDE90133FFF784
:1063E0004DFD019C042C07D129693046F5F7A8FE24
:1063F0000446204608B070BDCCB120462946F5F7CA
:106400007BFF062E04460CD0082EF2D1C207F0D432
:10641000830703D102680F4B9A42EAD00020F6F7B7
:1064200015FEF7F747FD400040F00104E1E7062EB6
:10643000DFD1B3232968049303A8FFF71FFD6D0084
:10644000019B45F00105A34208BF2C46D1E700BFE0
:10645000363006080424060870B5151E88B00C46B0
:1064600014BF1B211D21CDE9034101AA09210023ED
:10647000CDE90512064621688DF81C3003A8CDE948
:106480000133FFF7FBFC019B3BB935B91B232168A6
:1064900003A8CDE90435FFF7F1FC0198042816D1D3
:1064A0002069F9F755FD80B13DB12368D888EAF736
:1064B00010FE01463046CCF793FF45F0800221697B
:1064C0003046F7F705FC08B070BD2A46F7E728B15B
:1064D0002146F5F711FF00220146F1E72046F7F7C4
:1064E000EFFB0349024623463046CDF72FFBEAE790
:1064F0004BC9050838B50D4604460B49CCF770FF6B
:10650000696800222046F7F7E3FB08492046CCF7EC
:1065100067FFA96820460022F7F7DAFB2046044906
:10652000BDE83840CCF75CBF5DC90508C4C30508A9
:106530003CC9050870B5057A25B9C28805490648E1
:10654000F5F7ADFD00EB85042469A446BDE8704075
:10655000604700BF66C90508081E0608F0B589B087
:106560000E46012410210023CDE904410390016867
:106570008DF81C300546174603A801AACDE9013362
:106580000692FFF77BFC019B042B0CD12869F7F7DF
:106590008BFB037C00EB83003A4603692869314694
:1065A000984709B0F0BD2046FBE7000041F60A53CA
:1065B000984273B50C4603D041F6C243984202D1CB
:1065C000012002B070BD8B0710D00B4E0025204675
:1065D000317801236A46F5F737FD00980028EFD19E
:1065E0000135032D06F10106F1D1EAE70A68034BF4
:1065F0009A42EAD1E4E700BF7C2F06089C270608F0
:106600002DE9F041136886B004461646002B4BD1A5
:10661000172905D1C388DB0043F0020333601AE079
:1066200040F29932914219D1C37C5BB100EB8303F4
:106630001869394B002808BF184603799D0703D510
:10664000306008E03448F8E7F9F745FA306003793C
:1066500043F00203037106B0BDE8F08140F29532C9
:10666000914215D12D48844210D0A37C13B104EB84
:10667000830318690190840703D10268284B9A426A
:10668000DED001A90120FFF7BDFAD9E72548D7E7F9
:10669000CDE90101CDE903360146012301A88DF8BA
:1066A0001430FFF7EBFBD6E7C37C002BD3D000EB15
:1066B00083031F693B799807CDD4D2F80480C900C1
:1066C000043741F00205B8F1000F09D10222294632
:1066D0003846F7F7A5F80028BDD0C6F80080BAE71D
:1066E000A38899070ED441462846FFF75FFF48B1BB
:1066F000A388DA0703D50C490C48F5F7C7FC43F02B
:106700000203A380012229463846F7F789F8736807
:106710004360002382E700BF601D0608B426060818
:106720004C2F0608102F060879C90508DC1F06083B
:106730002DE9F04F0D4687B011462846774A1C4692
:10674000F6F77EFF012D03D0032D07D0744812E029
:10675000206807B0BDE8F04FF7F7A6BA2068FDF74C
:1067600003FD676817F00306814603D13A686D4B55
:106770009A4202D00020F6F769FCD4F8088040461F
:10678000F9F7B0F80028F5D03946DFF8D4B151F860
:10679000040F4FF4077AB04208D10EB3BB685D7C9A
:1067A00015B103EB85031D690B201BE051F8043F75
:1067B0009D07DFD11A685A45DCD11A7A22B9DA88E6
:1067C00059495A48F5F76BFC9A88940541BF42F045
:1067D000010402F002029C804AEA020A0136DAE76A
:1067E00035460A20002D18BF013005308000E9F73A
:1067F00058FD4F4B43614F4B83614F4BC3614F4B30
:1068000003624F4B43624F4B83624F4BC3624F4B0C
:1068100003634F4B836003F10433C36009230374A4
:106820004C4B43630A230446C0F800B0A0F804A010
:10683000A0F80690C374C0F838804EB10B23012E27
:10684000837408BFBF68C76315B10C234374056424
:106850001022002102A810F0E7FC002502AEA94694
:10686000D8F808309D4207D301A92046FFF7C0FAA7
:1068700001282DD938487EE7D8F80C7057F8350034
:106880004FEAC50B07EBC50A00B304281ED0A38846
:106890009B0708D4DAF80410FFF788FE18B1A38824
:1068A00043F00203A380DAF8040057F80B70324675
:1068B0004FF46871F5F786FB73683BB11020E9F778
:1068C000D7FCB060C0F80890F760B6680135C7E73C
:1068D0000022C22108F10400F6F7A2FF054678B1B4
:1068E000436813F003020BD11B68D98840F24B4375
:1068F000994205D1031D01211848FFF7CDFB6860BF
:1069000002AA95681DB9204607B0BDE8F08F9460D3
:1069100000210220F5F703FD2A46F2E706000200F7
:10692000DAC905084C2F0608A2C90508081E060882
:10693000FD6903085964030865690308B96303081E
:106940003563030829610308B9600308216003085F
:10695000010203045D650308B8C90508982F0608FD
:10696000E02F0608F0B58BB00D461646002109222F
:106970001F460A23CDE90311CDE90623059003AB99
:106980008DF8241004460168089305A8FFF776FAED
:10699000039838B92046F7F793F90B4902460B489C
:1069A000F5F77DFB042807D120693B46324629468E
:1069B000F5F74EFC0BB0F0BD0499009733462A461C
:1069C000F8F7BDF9F6E700BF22C10508081E060862
:1069D00038B50446FFF70CFA05460430214680001E
:1069E000F7F755F9002104460430F6F7E3FE0DB140
:1069F000014B2361204638BD443006082DE9F0479D
:106A00008AB00DF10C09002407460D4616460146D2
:106A1000182205A898460823CDE906230394C9F84F
:106A200004400594CDF820908DF82440FFF726FA15
:106A30000398019408B1042824D101A93846FFF72E
:106A4000C7FF044600231122394605A8CDE90333C8
:106A5000CDE906230594FFF711FA039B002B55D0CF
:106A600055EA060138D14A460846F5F758FC07466C
:106A7000062F4BD03846F7F723F92D4902462D480B
:106A8000F5F70DFB55EA06020ED102AB0121029784
:106A9000F5F7DEFB04462046F7F706F9B842D1D0F9
:106AA00020460AB0BDE8F08705EB4604601C800074
:106AB000E9F7DEFBA2008246414640F8047B10F075
:106AC00069FB039853463246691CF5F7C1FB04463F
:106AD0005046E9F7F5FBDEE705EB4607B81C8000FA
:106AE000E9F7C6FB039B0360049B43608146BA0041
:106AF0004146083010F04EFB4A4631462846F5F72D
:106B00000EFC07464846E9F7DBFBB1E70198002891
:106B1000C6D02269084B9A42C2D1037A00EB8303A4
:106B200032461F6929464346B8472061B8E700BF8F
:106B3000E7C90508081E06084430060800B589B0F4
:106B400009210A22CDE9041200230168039001AA59
:106B500003A8CDE9013306928DF81C30FFF78EF9BA
:106B60000198003818BF012009B000BD1FB5064BC1
:106B700001934B6802930A468B680393014601A870
:106B8000F5F71EFC05B000BDC02F06082DE9F04149
:106B9000134E144F0D46A84220D083071CD1036822
:106BA000B34219D1837CBBB100EB83000069036859
:106BB000BB42F0D1044654F8043F00EB830000F1DF
:106BC000040854F8040F4445E5D22946FFF7DEFFD8
:106BD0000028F6D0BDE8F0810020FBE70120F9E7AE
:106BE000E02F06084C2F0608F7B58B0707460191E2
:106BF0000FD10B68114A93420ED0114A934208D12B
:106C00004D6801F108020F4E0024AC4207D10E205E
:106C10000AE00D48F6F71AFA01AA0125F3E752F83F
:106C20002410B14202D11E2003B0F0BD3846FFF758
:106C3000ADFF0028F7D10134E7E700BFE02F0608D9
:106C40004C2F0608B426060802CA050838B51C46AB
:106C50000546084611464FF00412F6F7F1FC60684D
:106C6000F7F722F80A4B2168984208BF6068FFF7DF
:106C7000BBFF0E2802D10020F6F7E8F90C20E9F757
:106C8000F7FAD4E90023C0E90052836038BD00BFA1
:106C9000E02F060808B5830703D10268044B9A4227
:106CA00002D00448F6F7D2F9BDE80840FFF79CBFD0
:106CB000E02F060816CA050810B50C46F6F7F4FFD3
:106CC0002146BDE81040FFF78FBF38B50D4604469A
:106CD000F6F7EAFFA84204D02946FFF757FF10B1A4
:106CE0002469204638BD0446FBE72DE9F041002524
:106CF000074600F104082C467B68AB4202D82046C8
:106D0000BDE8F08158F8040FF5F7EEFC064650B1E7
:106D100024B921467868FEF775FF0446AB1C01359F
:106D200044F82360E8E70446E9E700002DE9F04174
:106D30000C460546114620460D4A9846F6F780FC5B
:106D4000A01C29468000F6F7A2FF0646074646F833
:106D5000044F0025A54202D13846BDE8F08158F81D
:106D600025000021F5F74CFC013546F8040FF1E74A
:106D7000FEFF010070B504460D46F6F795FF837BD4
:106D800000EB83002946036904222046BDE87040D9
:106D9000184770B504460D461646F6F785FF837B07
:106DA00000EB83003246036929462046BDE8704067
:106DB000184770B504460D46F6F776FF837B00EB67
:106DC00083002946036900222046BDE87040184729
:106DD00070B50D460446F6F767FF037B00EB8300B2
:106DE0002A46036921462420BDE8704018472DE952
:106DF000F041069E80461F4602FB01F40025BD427D
:106E000001D1BDE8F08130462246414610F0C2F97A
:106E100026440135F3E70B4610B5144601461846E3
:106E2000FCF738F9A068002809DA626823680132A3
:106E30009A420BDC6260431E5842584110BDFAD0A2
:106E4000D4E900329342F6DD6360F4E70133FBE7F7
:106E50002DE9F0418E68D1E90047002180460846BF
:106E6000FBF750F8002E054611DABC4202DA28463C
:106E7000BDE8F08158F824102846FAF7B2FD3444F2
:106E8000F3E758F824102846FAF7ABFD3444BC4227
:106E9000F7DBECE770B50446022C049E1546184655
:106EA00003D1B24207D0002070BD9CB1032C13D097
:106EB00033461D461646034608461946AE4232463C
:106EC00028BF2A4610F0D8F9022C07D1B0FA80F07A
:106ED0004009E9E70124F1E70424EFE70028E2DBB9
:106EE00009D1AE4203D02CBF01200020DCE7601E98
:106EF00018BF0120D8E70120D6E72DE9F047022886
:106F0000DDF820800646174614D1424538D11A468E
:106F10000B461146B845C1461D4628BFB9460C462A
:106F20004FF0000ACA4510D1B84525D02CBF01202A
:106F300000201FE028B1032805D04246B846174676
:106F4000E5E70126E6E70426E4E721682868F7F785
:106F50008FF920B1043504340AF1010AE2E7022E68
:106F600008D022682968F0B2F5F79EFEA0F11E0352
:106F700058425841BDE8F087701E18BF0120F9E75C
:106F80000020F7E72DE9F0478146186817461E46AE
:106F90000D46F6F789FE022FD6F80480824613D9F3
:106FA000B26801232946F7F757F8032F044606D0A5
:106FB0002946F26801235046F7F74EF80546A542E8
:106FC00004D80948F5F768FE0024F8E759F82400CA
:106FD0004146F7F74DF908B90134F0E7600040F099
:106FE0000100BDE8F08700BF1FCA05082DE9F04188
:106FF000002507460E4690462C46B54204D1600057
:1070000040F00100BDE8F08157F825004146F7F750
:107010002FF901350444F0E703685A7C03EB82033F
:107020001869704707B50646FFF7F6FF85680C46F6
:1070300025B10A4601AB0C213046A8472046F6F799
:107040004FF82DE9F041044686B00868FFF7E4FFE9
:10705000012C0D46064629D94C686410601C25D0C9
:10706000214602A8EAF710F9621C01D0BCB1013C2C
:10707000012102A8EAF76CF937680146804601ABA6
:1070800028680122B847411C21D101990B291BD145
:10709000039B012B11D0012102A8EAF7DAF9337B17
:1070A000DB0702A81AD5FCF70BFE0AE0102102A8A4
:1070B000EAF7EAF84FF0FF34D6E702A8EAF70EF94C
:1070C000062006B0BDE8F0812868FFF7ABFF002876
:1070D000E1D098F800300A2BC6D1E0E7FCF70CFEAF
:1070E000EFE737B50446FFF797FF0421856801AB4A
:1070F00000222046A847013003D101992046FFF71E
:1071000091FF062003B030BD0868FFF7EABF37B52E
:107110000446FFF781FF0121856801AB002220466C
:10712000A847013003D101992046FFF77BFF0620D5
:1071300003B030BD37B5002101900846FAF7E2FEF2
:10714000044601A90120FFF77CFF0546F6F7EAFF98
:1071500020B129462046FAF744FCF2E7204603B066
:1071600030BD2DE9F0479A4681461546FFF754FF9A
:107170009DF82070D0E9008317F0020F4FF0000453
:107180000E4618BF9846CAF8004007F001077DB1C7
:1071900053462A4631464846C04748B1431C0AD1A7
:1071A000DAF800300B2B03D114B10023CAF80030F9
:1071B0002046BDE8F087002FFBD106442D1A044479
:1071C000E5E72DE9F043012889B00F46904605D048
:1071D0004868F6F763FE0546681C39D13F683846B3
:1071E000FFF71AFF4FF48071814604A8EAF74CF8C4
:1071F000DDF818804FF4807500264146D9F800402C
:1072000003AB2A463846A047411C08D103990B29F5
:1072100002D1A6B906202CE03846FFF703FF70B173
:107220008542064402D92D1A8044E6E74FF4807166
:1072300004A8EAF777F84FF480758046DDE799F8FF
:107240000C300596DB0704A811D4FCF755FD10E0BF
:107250003868FFF7E1FE037BDA0706462C4629462D
:1072600004A857D5EAF710F800262CB904A8FCF7B3
:1072700027FD09B0BDE8F083214604A8EAF768F8C5
:1072800000230093014603AB38682246FFF769FFED
:10729000039B80466BB1214604A8EAF7DAF803990C
:1072A0000B294AD1059B002BE0D104A8EAF716F878
:1072B000B0E7844206D9211A04A8EAF7CAF8B8F15F
:1072C000000FD3D0DDE9054188578B5D0028324699
:1072D00015DA03F0E000C02813D003F0F000E02836
:1072E00011D003F0F803F02B14BF052304231E4430
:1072F000A6420AD805F1FF35E6D12C46B5E70123B1
:10730000F5E70223F3E70323F1E72C1B013C3444A8
:107310001646AAE7E9F7C6FFCDF8008003AB069949
:1073200038682A46FFF71DFF039B43B104A8E9F71D
:10733000D5FF03990B293FF46DAF38686DE7337BB8
:1073400005907FE70022FFF73CBF0122FFF739BF1E
:1073500073B50546CDE900121E46FFF75DFE02211A
:10736000846833466A462846A047431C18BF0098E5
:1073700002B070BD73B5064648680C46F6F78EFD40
:10738000032E05460DD0002D12DB002201AB206834
:107390002946FFF7DDFF431C0DD101992068FFF757
:1073A00041FEA068F6F77AFD02460028EBD0EDE733
:1073B0001620F5F795FEFAF77CF802B070BD1FB500
:1073C0000123019001A90320CDE90230FFF7D2FF8C
:1073D00005B000BD10B50C46F6F766FC437C73B1F2
:1073E00000EB8300E107006901D503683BB1A20708
:1073F00001D543681BB1630705D583681BB90249F2
:107400000248F4F743FE10BD25CA0508BC1E060855
:107410001FB5009303AB0446FFF7A3FE039921B108
:107420000B2907D02046FFF7FDFD400040F001008A
:1074300004B010BD0620FBE77FB512F0020F0D4629
:1074400016460CBF02220122044642F0040268687C
:1074500001A9F6F755FF032C12D1A868F6F72AFD0B
:1074600000240299091B81420A460291019928BF12
:107470000246334628682144FFF7CAFF04B070BDB6
:10748000042C0BD1A868F6F715FD0446E868F6F75A
:1074900011FD029B9C4228BF1C46E2E700244FF0EE
:1074A000FF30DEE70222FFF7C7BF0322FFF7C4BFAA
:1074B0000022FFF7C1BF0122FFF7BEBF0223FFF783
:1074C000A7BF13B5019001A90120FFF7BAFD04463B
:1074D000F6F728FE002814BF2046002002B010BD99
:1074E000512810B52AD8412802D8012846D010BD0D
:1074F00042380F28FBD801A454F820F07D7503080A
:10750000EF740308EF740308EF740308EF740308C3
:10751000EF7403088175030895750308EF74030879
:10752000EF74030895750308EF740308EF740308FC
:10753000EF740308957503088775030862281DD04A
:107540006838C4B2092CD2D80928D0D801A454F87C
:1075500020F000BF8175030895750308EF740308D8
:10756000EF74030895750308EF740308EF740308BC
:10757000EF740308EF740308877503088B54B6E7AC
:1075800021F81230B3E701EBC200DC1741F83230CA
:107590004460ACE741F82230A9E700BF402810B5AD
:1075A00032D00BD800F0FD003C2807D1642917D851
:1075B000482906D8422931D0482952D02D48F5F71C
:1075C0006BFBA1F14900C0B2012303FA00F040F2C5
:1075D000C944204249D1284B034083B962291CE0A9
:1075E0006539C9B20C29E9D8012303FA01F010F07A
:1075F000920F3AD110F0090F34D10C29DED10123BA
:10760000082002B1136010BD64291CD848290CD889
:10761000422903D0482922D00129CFD1012318467D
:10762000EFE70C29CAD10823F9E7A1F14900C0B25C
:107630000123834040F2C940034218D10E4818404C
:107640000028CBD0EFE76539C9B20C29B6D80123A1
:107650008B4013F0920F07D113F0090FE1D00223F2
:10766000DDE701230220CCE704230420C9E704233B
:10767000D5E700BF30CA050800010008512808B549
:107680002CD8412803D8012857D0002051E0423897
:107690000F28FAD801A353F820F000BF3B77030866
:1076A0008B7603088B7603088B7603088B760308AA
:1076B0008B760308457703084B7703088B7603081E
:1076C0008B7603084B7703088B7603088B760308C9
:1076D000997703089F770308677703086238C3B276
:1076E0000F2BD2D80F28D0D801A353F820F000BF19
:1076F000317703088B760308877703088B760308B6
:10770000777703088B7603083F7703089F77030892
:107710008B7603088B7603089F7703088B76030824
:107720008B7603088B7603088B760308577703085C
:107730008856400040F0010030E0885CF9E731F9FC
:107740001200F6E731F81200F3E7BDE8084051F8FF
:107750002200F9F7AEBE01EBC201BDE80840D1E955
:107760000001F9F77BBE01EBC201BDE80840D1E999
:107770000001F9F78EBE01EB820191ED000ABDE830
:107780000840F8F70DBE01EBC201D1E9000121F07C
:1077900093FA00EE100AF2E751F8220008BDBDE8A6
:1077A000084051F82200F9F769BE00BF70B50446E1
:1077B00062B9421E13444FF0FF3549B193F90020DE
:1077C000D01701460022A24204D170BD0125F4E782
:1077D0000846F7E71E78090241EA10612B4446EAA1
:1077E00000200132EFE72DE9F3410646174601AAD2
:1077F0001C680D469846FFF7D1FE402E07D1019A2E
:10780000E41B531E1C44524214403C443C262318A3
:10781000C8F800302346A6F13E04624262415A2D68
:1078200094BF00210121FFF7C1FF4F2D0B4642D02D
:10783000532D04D102B0BDE8F041FCF785BA652DA7
:1078400008D100EE100AB2EE400A02B0BDE8F041E5
:10785000F8F7A6BD662D02D100EE100AF5E7642DFB
:1078600004D121F029FA00EE100AEEE75A2D12D9C0
:1078700010F1804441F10005B4F1004F75F10005AD
:1078800004D202B0BDE8F041F9F7F8BD02B0BDE89E
:10789000F041F9F7E3BDB0F1804F73F1000104D27C
:1078A00002B0BDE8F041F9F704BE194602B0BDE8E8
:1078B000F041F9F7EEBD02B0BDE8F0812DE9F341EA
:1078C00090429DF82080019304460D46174601AE74
:1078D00014D9D9170246C9B228460FF0A5FCB8F151
:1078E000000F16D0E41B25443C4626442C44A542F8
:1078F0000CD016F8013D05F8013BF8E7B8F1000F90
:10790000F3D12246314628460FF044FC02B0BDE8D0
:10791000F0813C46F5E700002DE9F04788B01446B9
:10792000109F05AA06463D6889469A46FFF736FE2F
:10793000402E804608D1059BA5EB0A055A1E15442A
:107940005B421D4055443C2605EB08033B60A6F115
:107950003E035F425F41B9F1650F29D014D8B9F1F8
:107960004F0F1BD0B9F1640F2BD014F0030358D183
:1079700021682E4A914254D1B8F1040F41D82046D3
:10798000F9F7B9FD03460AE0B9F1660FEDD12046DB
:10799000F6F7DAFA8DED030A039B00E02346042292
:1079A00029464046109708B0BDE8F047FFF786BF6C
:1079B0002046F6F7C9FAB3EE400A10EE103A9BB231
:1079C000EDE72046F6F7C0FA10EE100A21F01CF998
:1079D00008ABCDE9060103EB87030097042253F8B7
:1079E000083C29461046FFF769FF3E3E08AB18BF2A
:1079F000012603EB8606043556F8083C4FF00408D0
:107A0000CDE7B9F15A0F019394BF002301230093EE
:107A10002A463B4608212046F9F7E2FE08B0BDE8B9
:107A2000F0872046F6F73AFAACE700BF04240608D0
:107A300064282DE9F34105460C4690461E4627D0A2
:107A400066281BD04F282FD013F003073DD11A68AA
:107A5000204B9A4239D101463A464020FFF79EFD1D
:107A6000042824D83046F9F746FD0346424621460D
:107A7000284602B0BDE8F041FFF732BD184601EBE1
:107A80008204F6F761FA84ED000A02B0BDE8F081E5
:107A9000184601EBC204F6F757FA10EE100A21F06F
:107AA000B3F8C4E90001F0E741F82230EDE75A2DC0
:107AB00094BF00250125019700953B4604EBC802C1
:107AC00008213046F9F78CFEDFE73046F6F7E6F995
:107AD000CBE700BF0424060881680348022242EA7B
:107AE000C101F5F79DBE00BF900000202DE9F04FC9
:107AF00083B0044600AF18460E46BA219846154694
:107B0000F7F776FF0022814641F6EA4108F10400CA
:107B1000F5F786FE391D80464846FCF759FD7A6820
:107B200001460244B8F1000F00D0013C4CB991422B
:107B30000AD11C491C48F4F7A9FA12F8013D2E2B72
:107B4000F3D09142F9D3F2E7D5F800A0541A04EB30
:107B50000A0808F1080323F00703ADEB030D6B4699
:107B6000224668464FEAD30BE9460FF013FBBAF101
:107B7000000F0AD02E23601C04F83B3031685246B7
:107B800068440FF007FB08F1010841464846E9F751
:107B9000E1F9E9F79EFA0C373060C5F80080BD4680
:107BA000BDE8F08F3BCA0508941F060810B5E9F739
:107BB000DAFB0949082204460FF09AFB014630B966
:107BC000024604F10800BDE8104003F0DBBA20468D
:107BD000BDE810400BF0AABE4FCA050830B5D20070
:107BE00085B00D4642F0020240F29A310446F4F7A5
:107BF000E3FC0C4B626819690291D96803916846ED
:107C00000949C3E90322E8F7D1FA002221462846B0
:107C1000F3F702FEF4F73EFB0120E8F7CFFA05B0D8
:107C200030BD00BF40000020C5BD02080A6870B525
:107C3000D20005460C4642F0020240F29A31F4F7B7
:107C4000BBFC6B6820461A46BDE870400121F4F782
:107C500027BB0000F0B5044685B008460E46E9F79C
:107C600082FB1E49082205460FF042FBF8B905F1D8
:107C700008076A4601A9384603F084FA019B012BE4
:107C800004D100992046FFF7D1FF0EE0022B0ED160
:107C9000009D95E80300C4E902013846E9F7FAF9C6
:107CA000A96802462046FFF799FF05B0F0BD2846B7
:107CB000E9F7F0F973681D44074615F8033C6D2B8E
:107CC00007D102A90294F4F771F8DDE902013A46FE
:107CD000E9E7EBF7A8FA0146D4E700BF4FCA050869
:107CE00010B50446FFF762FF02280ED0616801223A
:107CF00002392046E9F795FB6D2303702046FFF714
:107D000055FF831E58425841400010BD10B504462F
:107D1000FFF74CFF012808D020460449E9F774FB1F
:107D20002046BDE81040FFF7DBBF10BD95CD05082C
:107D30002DE9F04F0328B1B006460D4609D90428B5
:107D4000D1F80CA01ED00C69641005D50020F4F702
:107D5000A3FF00244FF0060A286803A9FCF738FCAB
:107D60000490BCB1794B012E1A690DD96B68062BB2
:107D70000AD09A0703D11968754A914205D00020AC
:107D8000F5F764F90024E7E7134603AA04A920469F
:107D9000FFF7ACFE039B002BD8D00023DFF8ACB17B
:107DA00001251C461F46039AAA4207D2BAF1060FC4
:107DB0000CBF3846204631B0BDE8F08F049E02D09B
:107DC000725D2E2A23D1294630460193E9F7C2F885
:107DD000019B8046E91AF018E9F7BCF806AA0646A6
:107DE00005A9DBF84401F6F701F9059B8BB14FEAD1
:107DF000C8015848002241F00201F5F711FD40B1D9
:107E0000D0F80490002F08BF4F466B1C4C4601353C
:107E1000C9E710AA80210CA8E9F74CFA002C3CD144
:107E200021463046FAF794F981460028EAD1DBF87A
:107E3000440108AA07A9F6F7D9F8079B99450BD37F
:107E400001213046FAF784F981460028DAD1424907
:107E500042484246F4F723F900230D93089B09A9F1
:107E600053F82900FCF7B4FB099A014632B10CA87B
:107E7000E9F7F8F92F210CA8E9F78BFA3046E9F772
:107E800028F901460CA8E9F7BFFA0CA8FFF73EFF56
:107E9000034610BB09F10109CFE7204609AA40F2C9
:107EA0009D31F4F78FF809980028D0D0FCF71EFB1D
:107EB00001460CA8E9F7A8FA2F210CA8E9F769FAFE
:107EC0003046E9F706F901460CA8E9F79DFA0CA837
:107ED000FFF71CFF03460028B9D040460193FAF78C
:107EE00015F91F49CDF82C80814609A8E8F75EF9FD
:107EF000019B012B24D1DDE90D10FBF703FF40F2BC
:107F00009D3102464846F4F757FB1649DDF83480A8
:107F10000CA8E9F779FA0CA8FFF7E2FE022803D1D2
:107F20000CA94846FFF796FECDF8348024B14A46A6
:107F300031462046F4F740FB0020E8F73FF961E7BF
:107F40000CA94846FFF786FEF0E700BF400000207E
:107F5000FC1C06089000002058CA0508941F06085B
:107F6000D97A03088CCD050837B50C4601A92068DD
:107F7000FCF72EFB05466068FCF7F6F82946019AE7
:107F80000023EBF744F90546A068FCF7EDF851280B
:107F900008D040F25953984212D0502812D00A48C3
:107FA000F4F77AFE012100231A462846F4F778F9FF
:107FB000064904460820F5F76AFE446003B030BD68
:107FC0000021F0E70221EEE768CA0508FC1A06085E
:107FD000F0B5DFF8E0E001280F46164685B0DEE98F
:107FE00003213FD97C68062C14D0A5070FD12C4D56
:107FF0002368AB420BD1A44602280ED0BD68062DE3
:108000000BD0AB0703D126482B68834206D0002053
:10801000F5F71CF894460C46EEE765463F68B8074E
:1080200023D120483B6883421FD1CDE90212684624
:108030001D49CEE90354E8F7B9F87868830708D1F9
:1080400003681A4A934202D0194A934201D1436805
:108050005C60F4F71FF904460120E8F7AFF820460A
:1080600005B0F0BD15460C46D8E76EB93846FCF7AA
:108070007BF8EBF7D8F801262B462246314605B0AF
:10808000BDE8F040F4F70CB9694605223846F6F72A
:1080900037F9DDE900120023E220EBF7B8F8EBE74F
:1080A000FC1C0608FC1A0608C5BD0208402206088A
:1080B00020220608400000200222FFF789BF01228B
:1080C000FFF786BF0022FFF783BF70B506460D4657
:1080D00000246B68A34200D870BDAB6853F834101D
:1080E00021B1042902D03046F9F77BFC0134F0E7D6
:1080F0002DE9F74338B94F494F48CBF771F90620BE
:1081000003B0BDE8F0830C6842F232639C424CD16C
:1081100000210846F9F7F6FE48490190FFF7D5FF20
:1081200047490198474CFFF7D0FF019E257875B964
:10813000454A01A90120F9F73BFD019BD3E90289DA
:1081400008F10306B608AE420FD14049D4E72046F5
:108150000FF0A8F8C11E451C2046FBF7D3FD0146D1
:108160003046F9F73EFC2C44E0E72F4659F827004B
:10817000FCF7BCF9374401462F48CBF731F9B84535
:108180000DD9C0F11204002C07DD013C30492A480A
:10819000CBF726F9002CF8D1E8E71234F3E72D49A4
:1081A0002548CBF71DF90135CDE72046F5F77CFDD5
:1081B000294905462048CBF713F900212046F5F759
:1081C000A5FDEA8825491C48CBF7C0FC244B9D42FD
:1081D00024D164680434002563689D428FD2A3686B
:1081E00053F8356003EBC502B6B1042E14D01D4917
:1081F00011485768CBF7F4F800213046F5F786FDB3
:1082000019490D48CBF7ECF800213846F5F77EFD0B
:1082100010490948CBF7E4F80135DDE7134B9D42DF
:1082200018BF2C46E37C002B3FF469AF04EB8304BA
:108230002469CFE7ACB006086C3D06080C2606089A
:108240007825060838430608641D060873CA050821
:10825000CDD8050884D9050897CA05089FCA05081E
:1082600098260608CCD80508AFCA0508E02F0608EE
:10827000014B1869704700BF40000020014BD868CF
:10828000704700BF400000202DE9F043174C85B037
:10829000804600200D46D4F80C90F7F7C1FBE06053
:1082A00007462868F3F7F6FFB8F1020F0646C4F850
:1082B0000C9019D0A868F5F7F7FC04466B68019399
:1082C00005F10801A8F10200FDF79CFC01ABCDE926
:1082D0000207002203212046F3F7BAFF062E18BF3B
:1082E000706005B0BDE8F083014CE7E74000002076
:1082F000E02F060801460720F3F722BF01460620BB
:10830000F3F71EBF0021F4F77BB91FB56946F4F7F8
:1083100077F904462046F4F7E7F910B91E2004B0B7
:1083200010BDF5F7FFFE0028F4D10E20F7E71FB5CA
:108330006946F4F765F904462046F4F7D5F910B913
:108340000E2004B010BDF5F7EDFE0028F4D01E207D
:10835000F7E707B542F60263CDE90030002269462F
:108360000220FDF793F803B000BD08B5F5F71AFD3C
:1083700000280CBF0E201E2008BD000010B586B0DE
:10838000F5F78CFDB0F5881F044602D30848F4F7D2
:1083900083FC01AA02A80421E8F78CFF214602A869
:1083A000E8F7F7FFDDE90310FBF783FC06B010BD2B
:1083B000D6C605080A4601462320F4F775BC0246D6
:1083C00040F2D2612120F4F76FBC024640F2CA614C
:1083D0002120F4F769BC30B50B46012885B014BFE5
:1083E0004C68044669461868F4F70AF905462846B9
:1083F000F4F77AF9024610B9204605B030BD21469F
:108400001B20F4F751FC0446F1E7000001281FB5DA
:108410000B4603D118680021F5F778FC1021684657
:10842000E8F732FF0A4968460FF088FA032803D1BB
:1084300008480021F3F72AFE019919B9042801D14F
:108440000548F7E76846FBF73BFC05B000BD00BFF9
:1084500044D9050820210608B81F06082DE9F04F69
:10846000924685B083468946002240F24A31504602
:108470009846F5F7D5F9054600B14568BBF1010FFF
:108480004AD1D9F800006946F4F7BAF800248346C7
:10849000A1465FFA88F85846F4F726F9064660B90F
:1084A0003CB9224642F252015046F5F7B9F9C8B13B
:1084B0004468204605B0BDE8F08F8DB131462846AE
:1084C000F3F71AFF074644B139464A464046F4F7E7
:1084D000EBFB1E281CBF26464F463446B946DAE75A
:1084E0003746F0E70F48F4F7D7FB59F8267025B167
:1084F00039462846F3F700FF074634B1524639465D
:108500004046F4F7D1FB1E2802D159F82640BA465E
:1085100001365E45E9D1CCE700263446B2465FFA23
:1085200088F8F6E7B4CA05080123FFF797BF0023D0
:10853000FFF794BF37B501A90546FCF749F805F0E8
:108540000703022B044605D0AB0712D12A680F4B54
:108550009A420ED101992046E8F7C8FF0128024649
:1085600001900ED12046E8F790FFF8F787FF03B09F
:1085700030BD019A012A04D12078400040F001006A
:10858000F5E703490348F3F78AFD00BF042E060808
:10859000BBCA0508081E06082DE9F04188B005ACE5
:1085A0001B4B01940F460021009306460323084607
:1085B000F5F774F802210798FEF70CFF079B039369
:1085C0002146144B0598069D0493FCF701F806A973
:1085D00080462846FBF7FCFF00240546B44208D13C
:1085E0000398069A2946FEF769FF062008B0BDE801
:1085F000F08124B1059A03984146FEF75FFF57F8D2
:108600002410002203A8F5F763FB0134E6E700BF5E
:1086100088310608BD74030810B586B004466A4662
:1086200002A81021E8F74EFE012221466846F5F720
:108630004FFB02A8FBF75AFB06B010BD2DE9F04135
:108640000C68E2072DED028B06460D4605D4A30704
:1086500052D122683C4B9A424ED1012E45D96868CE
:10866000F5F71CFC021E40DA5242520042F00102B1
:1086700015212220F4F718FB0522014605461F208C
:10868000F4F712FB2A46804621462120F4F70CFB22
:108690002146024607461C20F4F706FB3A460646EA
:1086A00041460120F4F700FBF5F73CFDE0B94246F6
:1086B00039460120F4F7F8FAF5F734FD2A4638B1C7
:1086C000BDEC028B31461B20BDE8F041F4F7ECBA5B
:1086D00021461F20F4F7E8FA032201461820F4F798
:1086E000E3FAF5F71FFD28B93446BDEC028B2046AE
:1086F000BDE8F0812A46E3E72046F5F725FC012E88
:10870000F0EE408A18D96868F5F7C8FB00EE900AC9
:10871000B2EE040AF8EEE00A0DF02CFAB0EE408A50
:1087200028EE800A0EF036F880EE080ABDEC028BC7
:10873000BDE8F041F7F734BE0EF02CF8BDEC028B2B
:10874000BDE8F041F8F702BC04240608012813B57F
:108750000B46144602D90848F4F778FC00220121A0
:108760000648F9F7B9FB2246019001A90120F9F763
:108770001FFA019802B010BDD4CA05082C250608BE
:1087800013B504460846FBF7EFFC002301466A4692
:108790002046F3F759FC009B002B0CBF0E201E2037
:1087A00002B010BD37B50228D1E900508CBF8C68EB
:1087B0000024FBF7D9FC01466CB96A462846F3F75A
:1087C000FFFD009820B1019909B1F6F7F7FA0446C8
:1087D000204603B030BD00236A462846F3F734FC38
:1087E000EFE738B5044608461546FBF7BDFC2A46B8
:1087F00001462046F3F7E0FE062038BD0022FFF7D1
:10880000F0BF0000012810B508680C4606D1F3F748
:108810003BFF38B9044B186AF4F74CFCF3F764FFDC
:1088200000B9606810BD00BF4000002002280B4660
:10883000D1E9000102D09A68062A04D10A4601460D
:108840002220F4F731BAF8F79BBD0000062813B5D3
:10885000044614D0012201460A48F5F739FA0A49BC
:108860000848CAF7BDFD0423CDE90034074B08488A
:108870005A7B03EB820308211B696A46984706204E
:1088800002B010BD6C3D060884D90508982606087C
:10889000A0310608F7B50F46002105460846F9F74E
:1088A00031FB1C4B04468DB9DE68B368AB4202D87D
:1088B000204603B0F0BDF36853F8351021B1042908
:1088C00002D02046F9F78DF80135EEE75B6A5E6865
:1088D000DB68C6F31E061E440225B542E8D200231B
:1088E00038686A462946F3F7AFFB009B83B1022D37
:1088F00008D1019B33B100216A460846F3F70FFD0A
:108900000446D5E7E90041F002012046F9F769F88D
:108910000135E2E740000020024B0022A3F8542377
:108920000620704740000020024B0122A3F8542388
:108930000620704740000020034BB3F85433002B4F
:108940000CBF0E201E2070474000002008B51DF00F
:10895000AFFB062008BD00B589B001A8E7F7E4FE2B
:108960000398400040F0010009B000BD00B589B097
:1089700001A8E7F7D9FE0298400040F0010009B0D5
:1089800000BD000010B50D4C40B9D4F85C03431C89
:108990000ED0BDE810400001F8F770BD0868F5F78B
:1089A0007DFA002805DA4FF0FF33C4F85C33062067
:1089B00010BD0009C4F85C03F9E700BF40000020C7
:1089C00000487047243706087FB50E46154640F22A
:1089D0007D416A461C46F3F7F3FC3046F8F769FD23
:1089E00002902846F8F765FD6A46039000210220B0
:1089F000F3F795FCF5F752FA0028BEBF404220601D
:108A00004FF0FF3004B070BD70B588B00E4615460B
:108A10000C9901AA1C46F3F7D3FC104B04930120D8
:108A200004AB01AA0021CDE9050507960393F3F7EE
:108A300076FC062805D10B2323604FF0FF3008B0E9
:108A400070BDF5F72BFA021E04DBAA421046F6D9D8
:108A50000523F1E752422260EFE700BF241A06081F
:108A600013B5A4240094FFF7CFFF02B010BD13B5D7
:108A70007E240094FFF7C8FF02B010BDB0EEC00A1C
:108A80007047000008B50DF0EFFCDFED027A20EE34
:108A9000270A08BD3BAAB83F08B5F5F755FAB4EE6A
:108AA000400AF1EE10FA74BF0E201E2008BD00002F
:108AB00008B5F5F749FADFED067AB0EEC00AF4EE34
:108AC000407AF1EE10FAB4BF0E201E2008BD00BFA0
:108AD000FFFF7F7F08B5F5F737FADFED067AB0EED6
:108AE000C00AB4EE670AF1EE10FAD4BF0E201E20C1
:108AF00008BD00BFFFFF7F7F08B50148F4F7CCF841
:108B0000DFCA050810B52DED048B84B002AB0C460E
:108B100001932D4B0093083102230238F4F7BEFD78
:108B20002068F5F711FA6068F0EE408AF5F70CFA64
:108B30000298B0EE409A90B1F5F706FAB0EE408A8E
:108B40000398F5F701FAB5EEC08AF1EE10FA04D4F5
:108B5000B5EEC00AF1EE10FA04D5FFF7CDFF9FED98
:108B60001B8AEDE7F4EE498AF1EE10FA18D078EEA0
:108B7000C97A9FED177AF0EEE77AF4EE477AF1EED4
:108B800010FA1EDCB4EEE70AF1EE10FA08DA68EE2D
:108B9000288AF0EEE88AF4EEE78AF1EE10FA04DBB8
:108BA0001E2004B0BDEC048B10BD28EE098AB0EE87
:108BB000C88AB4EEE78AF1EE10FAACBF1E200E2090
:108BC000EFE70E20EDE700BF443706085F708930FD
:108BD000FFFF7F7F10B52DED028B0C46F5F7B4F942
:108BE000B0EE408AA047B4EE400AF1EE10FA06D784
:108BF000B4EE488AF1EE10FA11D6FFF77DFF9FED33
:108C00000B7AF0EEC07AF4EE477AF1EE10FA06DD58
:108C1000B0EEC88AB4EE478AF1EE10FAEDDDBDEC95
:108C2000028BBDE81040F7F7BBBB00BFFFFF7F7FA3
:108C30000149FFF7CFBF00BF417104080149FFF7A9
:108C4000C9BF00BF4D7104080149FFF7C3BF00BF92
:108C5000F16B04080149FFF7BDBF00BF516804086C
:108C60000149FFF7B7BF00BF7D8A03080149FFF73D
:108C7000B1BF00BF194704080149FFF7ABBF00BFF0
:108C8000754304080149FFF7A5BF00BF314404083C
:108C90000149FFF79FBF00BFED7004080149FFF7CE
:108CA00099BF00BF797004080149FFF793BF00BF67
:108CB000E16704080149FFF78DBF00BF6948040858
:108CC0000149FFF787BF00BF394504080149FFF795
:108CD00081BF00BFB54204080149FFF77BBF00BF59
:108CE000096404080149FFF775BF00BF0166040865
:108CF0000149FFF76FBF00BF7D6504080149FFF719
:108D000069BF00BF696504080149FFF763BF00BF81
:108D1000858A03080149FFF75DBF00BF05620408AB
:108D20000149FFF757BF00BFC96004080149FFF7B9
:108D300051BF00BF8D71040808B5F5F705F9DFEDE7
:108D4000047ABDE8084020EE270AF7F729BB00BFE8
:108D5000E02E654208B5F5F7F7F8DFED047ABDE8D7
:108D6000084020EE270AF7F71BBB00BF35FA8E3C00
:108D700038B52DED028B0D461446F5F7E5F828467B
:108D8000F0EE408AF5F7E0F8F0EE400AB0EE408AE7
:108D9000B0EE680AA047B4EE400AF1EE10FA0BD725
:108DA000F4EE688AF1EE10FA1DD6B4EE488AF1EEC0
:108DB00010FA18D6FFF7A0FEDFED0E7AB0EEC07AFB
:108DC000B4EE677AF1EE10FA0DDDF0EEE88AF4EE1B
:108DD000678AF1EE10FA06DCB0EEC88AB4EE678A54
:108DE000F1EE10FAE6DDBDEC028BBDE83840F7F796
:108DF000D7BA00BFFFFF7F7F014AFFF7B9BF00BFAF
:108E000025510408014AFFF7B3BF00BF598F03087B
:108E1000014AFFF7ADBF00BFE9450408014AFFF76B
:108E2000A7BF00BF755B0408884270B50D4603D12B
:108E3000BDE87040F8F722BB0A1A012A0AD14A009D
:108E4000410042F0010241F00101BDE870401D20E7
:108E5000F3F72ABF022A0ED1421C4100520042F011
:108E6000010241F001011D20F3F71EFF6A000146D7
:108E700042F00102E9E700EB52042146FFF7D4FF7C
:108E800029460646601CFFF7CFFF31460246DCE765
:108E900008B5F5F703F8011E02DA0548F3F7FCFE02
:108EA00004D0BDE808400120FFF7BEBF032008BD85
:108EB000EDCA050808B5F5F747F80DF04BFCBDE81D
:108EC0000840F8F743B81FB500230193F5F73CF8C5
:108ED00001A80EF0ADF8F7F763FA9DED010A0290D4
:108EE000F7F75EFA02A903900220FCF78BFE05B0AB
:108EF00000BD10B52DED028B0C46F5F725F8204688
:108F0000B0EE408AF4F7CAFFB0EE480A0EF078F8E7
:108F1000BDEC028BBDE81040F7F742BA1FB5002345
:108F20000193F5F711F801A80EF040F8F7F738FAB9
:108F300002900198F8F7A2FA02A903900220FCF728
:108F400061FE05B000BD08B5F4F7FEFF0DF0CCFBE7
:108F5000BDE80840F7F7FABF10EE903AB0EEC00A4D
:108F6000002BB8BFB1EE400A704708B5F4F7ECFF2C
:108F70000DF086FBBDE80840F7F7E8BF38B50546B9
:108F80002DED028B08680C46F4F7DEFFB5EEC00A43
:108F9000F1EE10FA01D8FFF7AFFD0DF065FA012DE3
:108FA000B0EE408A05D1BDEC028BBDE83840F7F742
:108FB000F7B96068F4F7C8FFB5EEC00AF1EE10FA31
:108FC000E9D9B7EE007AB4EE470AF1EE10FA03D110
:108FD00004490548F3F75AF80DF046FA88EE000AFE
:108FE000E1E700BF37C205082420060800B52DEDD3
:108FF000048B83B001AA6946F4F7E6FFDDED008A31
:10900000B0EE680A0EF038F89DED018AF0EE409A55
:10901000B0EE480A0DF0B2FAB0EE409AB0EE680A2F
:109020000DF0DEFBF0EE408AB0EE480A0DF0E8FAF3
:1090300068EE800A29EE890AF5F786FF03B0BDECD9
:10904000048B00BD00B52DED048B83B001AA6946E9
:10905000F4F7BAFFDDED008AB0EE680A0DF0C0FB50
:109060009DED018AF0EE409AB0EE480A0DF086FAC6
:10907000B0EE409AB0EE680A0DF0FEFFF0EE408AC6
:10908000B0EE480A0DF0BCFA68EEC00A29EE890A73
:10909000F5F75AFF03B0BDEC048B00BD00B52DED14
:1090A000048B83B001AA6946F4F78EFF9DED018A17
:1090B000DDED008A28EE080AF5EE000AA8EEA80AFF
:1090C0000CF058FDF0EE680AB0EE409AB0EE480A97
:1090D0000BF08AFAF6EE007A20EE278AB0EE480A04
:1090E0000DF07EFBF0EE408AB0EE480A0DF0C4FFB2
:1090F00060EE090A28EE890AF5F726FF03B0BDECF9
:10910000048B00BD00B52DED048B83B001AA694628
:10911000F4F75AFF9DED018ADDED008A28EE080A7A
:10912000A8EEA80A0DF020FAF0EE680AB0EE409A18
:10913000B0EE480A0BF058FADFED060A60EE200A9E
:10914000B6EE000A29EE000AF5F7FEFE03B0BDEC0C
:10915000048B00BDD95BDE3E00B52DED048B83B0E2
:1091600001AA6946F4F730FF9DED018ADDED008A22
:1091700028EE080AA8EEA80A0DF076F9F0EE680AC3
:10918000B0EE409AB0EE480A0BF02EFAF0EE400A2C
:10919000B6EE000A29EE000AF5F7D6FE03B0BDECE4
:1091A000048B00BD00B52DED048B83B001AA694688
:1091B000F4F70AFF9DED000A0CF086FFB0EE408A3E
:1091C0009DED010A0DF00CFBB0EE409A9DED010AF9
:1091D0000DF052FF60EE080A29EE080AF5F7B4FE1A
:1091E00003B0BDEC048B00BD10B52DED048B0C4617
:1091F000F4F7AAFE2046B0EE408AF4F7A5FEB0EEE2
:10920000409A0DF0EDFAF0EE408AB0EE490A0DF00A
:1092100033FF60EE080A28EE880ABDEC048BBDE837
:109220001040F5F791BE07B501AA6946F4F7CCFEE8
:10923000DDED000A9DED010A0BF0D6F9F7F7B0F865
:1092400003B000BD1FB501AA6946F4F7BDFE9DED50
:10925000010ADDED007A20EE000AA7EEA70A0DF064
:1092600095FFF7F79DF8DDED000A9DED010A0290EC
:109270000BF0BAF9F7F794F802A903900220FCF773
:10928000C1FC05B000BD08B5F4F7C2F9400040F0DC
:10929000010008BD10B50446F4F7BAF9084B0949B6
:1092A0005B6802460848CAF751FC0748E7F708FD23
:1092B000012C02D10448E7F721FD062010BD00BFB4
:1092C00040000020F9CA05080C0D0608F3F740BF5E
:1092D00008B5F4F7E3FD0EF04BFB062008BD0000D7
:1092E00008B5E7F7C1F8034B18894008400040F083
:1092F000010008BD4000002008B5E7F7ADF80620E2
:1093000008BD000010B586B0044605AB04AA03A949
:1093100002A8E7F7F9FE059B0193049B0093064919
:109320000648DDE90223CAF711FC012C01D1E7F759
:1093300025FF062006B010BD0ECB05080C0D060853
:1093400008B5084B984205D107490848F3F762FF72
:10935000062008BDF3F738FF0028F9D10449054875
:10936000F2F794FE643B0608CD920308A0030020A8
:1093700056CB0508981E060810B5074C28B9D4F836
:109380001802400040F0010010BD0868F4F786FDA7
:10939000C4F818020620F7E740000020026813789E
:1093A0003E2B06D83B2B06D8212B07D0402318464E
:1093B0007047402BFAD101320260F8E73E23FAE70A
:1093C000F8B5056806462C46274614F8010FE8F75D
:1093D000B1F803460028F7D1C5F1010530680A222B
:1093E0007919C9F7E1FD34604010F8BD2DE9F0436B
:1093F00085B00024019001A8FFF7D0FF0E46074674
:109400002546019B187820B92846346005B0BDE890
:10941000F083E8F78FF870B101A8FFF7D1FF80461D
:10942000DDF8049099F80010782907D1444409F137
:1094300001030193E5E74FF00108F1E7732901D13A
:109440000135F3E703AA3846FEF7A8F8039A454426
:10945000531E5242B8F1000FE9D01C44144008F1E9
:10946000FF380444F6E707B5FBF740F801A9FFF71A
:10947000BDFF0198400040F0010003B000BD0000B6
:109480002DE9F04F064689B008680D46FBF72EF827
:1094900003A90290FFF7AAFF834602A8FFF77EFF09
:1094A000002101905846FCF7ADFB0522814605A935
:1094B0006868F4F725FF059C069F0494022E19D9CD
:1094C000A868F4F7EBFC002805DA069BC01802D563
:1094D0002548F3F7E1FB049E06440496039B3C44B5
:1094E0003344A342F4D800255D4505D3484609B06E
:1094F000BDE8F08F2646F1E7029B1878E8F71AF8E6
:1095000068B102A8FFF75CFF0446029F3B78782B06
:1095100007D1049B2344049301370297E4E7012415
:10952000F3E7732B09D009F1040808EB8508A2467C
:10953000BAF1000F0DD12544EEE704982146FAF761
:109540000DFC049B23440493AB1C013549F8230014
:10955000E2E73978019804AB3246FEF744F90AF1A4
:10956000FF3A48F8040FE3E76ACB05082DE9F04F0E
:1095700089B0994690460391FAF7B8FF049004A881
:10958000FFF70CFF039B0293834600240DF10C0AA6
:10959000444502D309B0BDE8F08F049B1878002839
:1095A000F8D0E7F7C7FFA0B104A8FFF709FF054609
:1095B000049F3B78782B0ED103982A4600210DF0AA
:1095C00033FE039B2B44039326460137049734460E
:1095D000DEE70125ECE7732B06D06619B442F4D020
:1095E000A0451CD14646F0E759F82400052205A9FC
:1095F000F4F786FE069B05990398AB4228BF2B46DD
:109600001A46661C1C460DF0C5FD03982A1B002156
:1096100020440DF009FE039B2B440393D5E73978D2
:10962000CDF800A059F82420029B5846FEF774F9A3
:109630000134D3E72DE9FF410D46804655F8040B70
:109640000E46FFF710FF441021466846E7F72AFE52
:10965000029F2246002138460DF0E6FD30682B4679
:1096600008F1FF323946FFF781FF6846FAF744FBFD
:1096700004B0BDE8F0810000F0B50C4685B00622CC
:1096800001A907466068F4F73BFEA068F4F706FC02
:109690000028029E04DA801902D50B48F3F7FCFA81
:1096A000019D2E4405442068FFF7DDFE05EB6000B8
:1096B0008642F2D3206804F10C03FA1E2946FFF714
:1096C00055FF062005B0F0BD6ACB050808B518B9EE
:1096D00001460348F2F7DAFC09680148F3F7E0FCB9
:1096E00044210608012813B50C460ED960680221F2
:1096F000FDF770FE636800936846054B216801938F
:10970000F4F70CFB062002B010BD024BF3E700BFDC
:10971000BD740308A88D06080846024B1146024A8C
:10972000F8F75ABD84010020AC3C060808B5014694
:1097300000220348F4F774F808B14068C00808BD77
:10974000503E060810B584B00C460392D1E90123BF
:109750000C4902935528CDE90012236809D054F82A
:10976000042C69461846F4F79FFDA4F1080004B0E4
:1097700010BD042269461846F4F796FD2060204685
:1097800004B010BDFC2A06082DE9F04FC389828978
:10979000DFF8188300F11407013B9BB007EB820749
:1097A00003EB4303043207EB83030591064606935C
:1097B00000EB820A08A8E6F71BFD00284ED13368AB
:1097C000059A5968D6E901B5D1F80890002A58D011
:1097D0009BF80020682A54D0059B05901846F2F7A4
:1097E000AFFD0446E6F7DAFC0994AA492068FDF7C4
:1097F000CDF928B173681A784B2A6FD0682A7AD0CD
:109800000998A54B984205D071680B785D2B01D063
:10981000642B79D1069B9F420BD8726805E0069BAA
:109820000C3B0693069BBB4203D3069B1B689342EB
:10983000F5D9069BBB42C0F0DB87069A069B0699CA
:109840005B681268726023F00303886043F8040FBA
:1098500008A8B360E6F7CCFC0028B0D0099CC4E7A8
:1098600094F900302278002BC0F23087403A631C14
:1098700003EB020B894BB3F9242212B90120F3F751
:10988000EBFC5C46C6F804B014F8013B58F82330F2
:1098900043F00103184794F900202378002AC0F20E
:1098A000D2800134069A0C320692069A2344136041
:1098B0007368069A1B78A3F14903B3FA83F35B0933
:1098C00045EA43035360069B00229A60746014F8D3
:1098D000013B58F8233043F00103184793F9011076
:1098E0005A780029C0F2A880023313447360B36829
:1098F000103BB3605EE70998B468F6F749FB206057
:1099000073680133736055E73368DD682B781C0694
:1099100003F0030940F172876A1C0024531B94462C
:1099200012F8010B013B00F0040E0EFA03FE49EAA7
:109930000E09C0F3C00E0EFA03F3000644EA030456
:10994000ECD41378A144C3F3450203F001041B06D1
:109950000CF1020515D54FF0060E4FF0000C15F86E
:10996000013B0CF1010C03F0010000FA0CF0044380
:10997000C3F3450000FA0EF0024318060EF1060E7E
:10998000EDD4AB182846CDE90132039100F0D3FFA6
:10999000B9F1FF3FDDE901320399844600F02B87DE
:1099A000CDE9011409F10109284603920024E34698
:1099B0000493013400F0C6FF4C45FAD1039A049B8E
:1099C000DDE90114DC4601903068D0F804E001982C
:1099D000DEF80890984239F81CE0B9F800C080F031
:1099E000498714442C44091B01220CE005F01F098F
:1099F000894500F101004FEA551416D89842A1EBB1
:109A00000901224411D290F900400578002CEDDACA
:109A100090F801902C0104F4E06444EA090405F094
:109A20000F09894500F10200E8D90998734661469B
:109A3000F6F7C4FB0998EDE6997802F07F0242EA56
:109A4000C112033351E7627803F07F0343EAC21384
:109A5000023427E7079B2B60013CE6F79FFB069B40
:109A60000F4A74600C33DB1B9B1002FB03F3B560E1
:109A7000F38101201BB0BDE8F08F0A490A48F6F7D0
:109A8000BBFA0446E6F78AFB746102201BB0BDE80E
:109A9000F08F00BF902006088423060840000020B5
:109AA000ABAAAAAA8CE40508741E06080C3F060897
:109AB000AB46059A5BF80419C6F808B055F8040CD3
:109AC000002A00F08186059A0192002107AB0591DA
:109AD000F2F7A6FC0128019ABCD0002840F0E586E8
:109AE000079B45F8043C3AB1BD4901921046F6F790
:109AF00055FB002840F0B5867460237858F8233071
:109B000043F001035D460134184755F8040CF2F7A1
:109B100017FC0446E6F742FB099466E62868F2F76C
:109B20000FFC0446E6F73AFB09945EE6069B9F426B
:109B300005D900F07EBE0C3B9F4200F27A869C68FD
:109B4000002CF8D0E6F72AFB09944EE60021237892
:109B500003F07F0202EBC1111A06A34604F10104CF
:109B6000F5D4A04BCAB29B1ACA0902F4FF729B1A21
:109B700005EB83052A460120F2F702FE2860746097
:109B8000237858F8233043F001030BF102041847FF
:109B90000021237803F07F021806A34602EBC111CF
:109BA00004F10104F5D4C8B2CA096FF0404302F4CD
:109BB000FF721B1A9B1A05EB8305C1F307212A4686
:109BC000F2F7ADFBDAE714F8010CAB4629305BE99C
:109BD0000112C0B2043DF3F767F84BF8040C74604F
:109BE000237858F8233043F001030134184714F860
:109BF000010C29683030C0B2F2F7A2FA2860746014
:109C0000237858F8233043F001030134184714F83F
:109C1000013C2A68C3F1C003043D4AF82320746064
:109C2000237858F8233043F001030134184714F81F
:109C3000013CC3F1B00322465AF82330002B00F058
:109C40001C8645F8043F7460137858F8233043F0BD
:109C500001030134184714F8013C803B5B0043F0DA
:109C6000010345F8043F7460237858F8233043F02B
:109C70000103013418472868F2F756FC7460237812
:109C800058F8233043F00103043D01341847002203
:109C9000237803F07F011B06A34601EBC21204F1F7
:109CA0000104F5D439F812102868F2F781FF45F85D
:109CB000040F7460237858F8233043F001030BF14C
:109CC000020418470022237803F07F0101EBC2123F
:109CD0001906A34604F10104F5D42B4639F8120005
:109CE000019353E90121F2F747FB019B43F8040C70
:109CF0007460237858F8233043F00103043D0BF1DE
:109D0000020418470021237803F07F021B06A346B4
:109D100002EBC11104F10104F5D4CAB26FF0404363
:109D20009B1ACA0902F4FF729B1A05EB83052A46A7
:109D3000002021E70022237803F07F0101EBC2120B
:109D40001906A34604F10104F5D4D309D1B203F4F2
:109D5000FF730B44A5EB83052B46C2F3072253F890
:109D6000040BF2F775FA09E70021237803F07F026C
:109D70001806A34602EBC11104F10104F5D43368BF
:109D80002278986850F821005968D34305EB830581
:109D900042F480722B46F1F797FD0BF10203286025
:109DA0007360637858F8233043F001030BF1030428
:109DB00018470021237803F07F021B06A34602EB1D
:109DC000C11104F10104F5D433682278986850F881
:109DD00021005968C2F1010305EB8305DAE700BFF2
:109DE000FC200608FEFFFF3F0021237803F07F02DE
:109DF00002EBC1111A06A34604F10104F5D433683D
:109E00009868043D50F8210059682A46F1F704FD8E
:109E1000B4E60021237803F07F021806A34602EB84
:109E2000C11104F10104F5D433689868002250F898
:109E300021005968F1F7F0FC39E70021237803F09D
:109E40007F021B06A34602EBC11104F10104F5D405
:109E50002A4628680191F2F72DFE74602378019953
:109E600058F82330C1F3072252FA81F143F001037D
:109E70000BF1020405EB810518470021237803F05C
:109E80007F0202EBC1111A06A34604F10104F5D4C6
:109E9000286801912A46F2F7C1FD74602378019980
:109EA00058F8233001F18041013943F0010305EBFB
:109EB00081050BF1020418470022237803F07F018B
:109EC00001EBC2121906A34604F10104F5D493086C
:109ED000C3EB837312F0030255F8230000F064848F
:109EE000012A00F02C8455F80419F8F730FFE0E659
:109EF0002378032B637808BF55F804B9A3F1550301
:109F000018BF4FF0060B012B40F2A2835A46AB4616
:109F100055F8040C5BF80419F9F7AEF8013445F86C
:109F2000040C5D46746014F8013B58F8233043F08C
:109F3000010318470020237803F07F021B06A34685
:109F400002EBC01004F10104F5D4C0F1010305EBEC
:109F500083052946F8F7A0FE10E6083DD5E9012162
:109F60002868F5F761FE7460237858F8233043F0D1
:109F70000103013418470020237803F07F0202EB2D
:109F8000C0101A06A34604F10104F5D4F5F748FD04
:109F90008DE60020237803F07F021906A34602EB2A
:109FA000C01004F10104F5D4C0F1010305EB8305F1
:109FB0002946F7F7A7FFE1E50020237803F07F02A9
:109FC0001B06A34602EBC01004F10104F5D4C0F156
:109FD000010305EB83052946FBF714FECEE5069B3E
:109FE00022780C3B069394F90030002BC0F2418399
:109FF000631C3DE494F9003094F800B0002BC0F2EB
:10A0000097830134B56055F80C3CA5F10C00002B8A
:10A0100000F0EB83F2F738FB002800F0E28345F80C
:10A02000040F7FE728682946F2F7EAFAAB46834532
:10A0300005F10C053FF4E3AD002345F8080C45F8A5
:10A040000C3CDCE528680021F2F7DAFAD6E5069B3D
:10A050000C3B06932B68062B40F01F84746023781A
:10A0600058F8233043F00103043D0134184794F9B4
:10A0700000202378002AC0F25283403B013423445D
:10A080006B60291D22784A6015E0069B5B689B0780
:10A0900002F1FF320CD5069B1B68A34280F08A8335
:10A0A00051E90130DD074CBF41F8080D41F8040DBE
:10A0B000069B0C3B06935006E7D1D1F800B0002A6E
:10A0C00040F06E830D1FFFF7D5BBD5F800B0BBF194
:10A0D000060F00F0B5831BF0010140F0E282C5F8E5
:10A0E00004B058460191F3F7DFFD4FF0060B2860EE
:10A0F000C5F808B0083D01992A460320F2F70FF988
:10A10000F4F710F8002800F09083C5F800B076E569
:10A11000D5F800B02A4658460D21F2F751F95846B5
:10A1200005F1080B5A460C21F2F74AF900215A466C
:10A130000846F2F7F4F894F900102378002905F1A5
:10A140000402C0F2A782013406990C3106910699E7
:10A1500023440B600699069B42F0020CC1F804C030
:10A16000002199605060746014F8013B58F8233066
:10A1700043F001035D46184794F9003094F800B0AD
:10A18000002BC0F27E82CDF804B004F1010B2868E8
:10A19000F3F7C8FF002839D00EE094F9003094F8A6
:10A1A00000B0002BC0F2B282CDF804B004F1010B74
:10A1B0002868F3F7B7FF48BB043DFFF75BBB94F992
:10A1C000003094F800B0002BC0F29582ABF1400350
:10A1D000019304F1010B2868043DF3F7A3FF002865
:10A1E0007FF448AB12E094F9003094F800B0002BF3
:10A1F000C0F27682ABF14003019304F1010B2868B1
:10A20000043DF3F78FFF00283FF434AB019B9B44E0
:10A21000FFF730BB55E901232A6055F8082C45E9C2
:10A2200002327460237858F8233043F0010301347C
:10A23000184755E9012345E901327460237858F83D
:10A24000233043F001030134184707E755F8042C85
:10A250006A602A68AA607460237858F8233043F053
:10A2600001030835013418472B68FAE400222378EB
:10A2700003F07F0101EBC2121906A34604F10104A9
:10A28000F5D439F81200F1F753FE7460237858F8CA
:10A29000233043F001030BF1020418470022237816
:10A2A00003F07F011806A34601EBC21204F101047A
:10A2B000F5D439F81200F1F727FE7460237858F8C6
:10A2C000233043F001030BF10204184700222378E6
:10A2D00003F07F011B06204601EBC21204F10104CA
:10A2E000F5D4C2EB82725AF822305A68002A00F084
:10A2F000C48200225A607460237858F8233043F0F7
:10A300000103841C18470022237803F07F0101EB2E
:10A31000C2121906204604F10104F5D4C2EB827280
:10A320005AF82230002B00F0A88200234AF822308D
:10A330007460237858F8233043F00103841C1847D5
:10A3400055E9010155F8082CF3F7AEFF7460237846
:10A3500058F8233043F001030C3D01341847002224
:10A36000237803F07F011806A34601EBC21204F123
:10A370000104F5D439F8121055F8042C55F80809E1
:10A38000F2F71AF97460237858F8233043F0010388
:10A390000BF1020418470022237803F07F011B060B
:10A3A000A34601EBC21204F10104F5D4296839F87F
:10A3B0001200F1F7B3FD7460237858F8233043F0AE
:10A3C0000103043D0BF1020418470022237803F037
:10A3D0007F0101EBC2121906A34604F10104F5D472
:10A3E000296839F81200F1F785FD7460237858F870
:10A3F000233043F00103043D0BF10204184700220F
:10A40000237803F07F011B06204601EBC21204F102
:10A410000104F5D4C2EB82722B685AF822205360F3
:10A420007460237858F8233043F00103043D841C02
:10A4300018470022237803F07F0101EBC2121906AE
:10A44000204604F10104F5D42B68C2EB8272043D6E
:10A450006CE7AB465BE901010422043DF3F724FFFE
:10A46000FFF7BBBBF1F732FD45F8040F74602378AA
:10A4700058F8233043F001030134184700222378B1
:10A4800003F07F011806A34601EBC21204F1010498
:10A49000F5D4043D39F81200291FFCF767FB7460FE
:10A4A000237858F8233043F001030BF102041847D6
:10A4B0000022237803F07F011B06A34601EBC212A2
:10A4C00004F10104F5D439F8121028682A46F1F78E
:10A4D00077FF7460237858F8233043F00103043584
:10A4E0000BF1020418470022237803F07F0101EBEF
:10A4F000C2121906A34604F10104F5D439F812304A
:10A5000002932B6801931846F3F7CEFB83889A05D4
:10A510000CD5029A019BD10041F002010022181DC6
:10A52000F3F77EF910B14068FFF728BBDDE90101C0
:10A53000F1F76AFFFFF722BB0022237803F07F01C7
:10A540001806A34601EBC21204F10104F5D439F850
:10A550001200F1F7AFFDFFF7AABB0022237803F04A
:10A560007F011B06A34601EBC21204F10104F5D4DE
:10A5700039F81200F1F7CCFDFFF799BB002214F86F
:10A58000013B03F07F0101EBC2121906F7D4C2EBC5
:10A5900082725AF8223022465B68FFF74FBB0022D6
:10A5A00014F8013B03F07F01180601EBC212F7D447
:10A5B000C2EB82725AF822302246FFF73FBB0023DB
:10A5C000FFF74FBB0022237803F07F011B062046D4
:10A5D00001EBC21204F10104F5D433685B68DB6857
:10A5E00053F8223045F8043F7460237858F823303C
:10A5F00043F00103841C18470022237803F07F01F5
:10A6000001EBC2121906204604F10104F5D439F811
:10A610001230DB0043F00203E4E7227842F38012B9
:10A62000237803F07F011B06204641EAC21204F1A1
:10A630000104F5D4530043F00103D3E71E23FFF7D1
:10A6400010BB0623FFF70DBB0E2345F8043F69E45A
:10A6500055F8080CF3F728FB838858057FF556ACAE
:10A660006078A5F108015A46FFF76CF802340546F8
:10A6700058E4637802F07F0242EAC312A31CFFF79A
:10A68000F7B863780BF07F0B4BEAC313019304F127
:10A69000020B7CE5617803F07F0343EAC1130234C7
:10A6A00052E5062255F8043C45F8042CC5E9002281
:10A6B0000021A5F10C0203200193F1F730FE019B6C
:10A6C00045F80C3C45F808BDFFF799BA637802F0ED
:10A6D0007F0242EAC312A2F58042A31CFFF7C8B86A
:10A6E00063780BF07F0B4BEAC31BABF58043019300
:10A6F00004F1020B83E563780BF07F0B4BEAC31B7D
:10A70000ABF58043019304F1020B64E563780BF031
:10A710007F0B4BEAC313019304F1020B48E5627807
:10A7200003F07F0343EAC213A3F580430234A6E497
:10A7300063780BF07F0B4BEAC31B023462E455F8DD
:10A74000042C55F80819F5F76FFAFFF7B2BA0CE0C8
:10A7500055F8043CD8077FD52B4653F8082945F80F
:10A76000082C1D46069B0C3B0693069BBB42C0F083
:10A770008E80069B5B689B07F4D5069B1B689C42FA
:10A78000E6D8069A2B68556825F003054FF0FF328E
:10A790006B60069BAA60D3F800B00835FFF771B86C
:10A7A000A1F11405FFF766B855F80419F7F719F980
:10A7B000FFF77FBA530043F001034B60069B0D1D6A
:10A7C000D3F800B0FFF75DB807ABF1F729FE012819
:10A7D0003FF440A9002868D1079B45F8043CFFF7E7
:10A7E0008BB95C44103DFFF79DBB55F8080C11E494
:10A7F0007061FFF74AB90195FFF7E6B86B7803F08F
:10A800000104C3F345021B0605F102053FF5A3A8A9
:10A81000AB182846CDE90132039100F08CF8DDE950
:10A82000013203998446FFF7BBB8EB682B60FFF752
:10A83000E6B925492548F5F7DFFB0446FFF782B95D
:10A84000C5E901BB083D2A4600210320F1F767FD59
:10A85000C5F800B0FFF7D3B92B6845F8043C043DB8
:10A8600080E70198F1F76CFD0446E5F797FC099441
:10A87000FEF7BBBF0122FFF7D8B815491548F5F719
:10A88000BBFB0446E5F78AFC0994FEF7AEBFE5F78B
:10A8900085FC0020B560FFF7EDB8DA070DD55B1039
:10A8A000A5F1040105D50D465FE7E5F777FC079CA8
:10A8B000DDE72B601A46FFF7FEBBE5F76FFC2C685F
:10A8C0000994FEF792BF00BF70E40508981E0608C1
:10A8D00050E40508E01E060837B50DF105040B46E7
:10A8E000214602F07F05D20904F8015DF9D1091B68
:10A8F000984770B903B030BD13F8012B62F07F02A6
:10A9000001F8012BAB42F7D11B1B9DF80420C25468
:10A91000F0E70146234601ADF4E710B502680023D5
:10A9200012F8011B01F07F04090644EAC313F7D4AF
:10A930000260184610BD07B5019001A8FFF7EDFFB2
:10A9400003B000BD10F9013B002BFBDB704700009A
:10A950002DE9F04F91B0994603680393044683892B
:10A9600040680693431C636000250792CDE90155BA
:10A9700002788A4602F0030617061BD40022CDE9AE
:10A9800009224FF0060C0133636013F8011C0A9F83
:10A9900001F00100904007430A97C1F34500099F69
:10A9A0000CFB02FE00FA0EF007430906099723D5B7
:10A9B0000132E8E7191A0133636013F8012C029F92
:10A9C0000139C2F3801C0CFA01FC47EA0C0702F0C3
:10A9D000040C0CFA01FC029746EA0C06019FC2F334
:10A9E000C00C0CFA01FC47EA0C0702F0010C0CFA4F
:10A9F00001F101970D43BFE7A368049303F1040835
:10AA0000069B00219B001A46E181404605930CF00D
:10AA10000BFC069B019A9B1B08939B1A029A013B15
:10AA2000564508EB830B02F0040269D22AB953465B
:10AA3000324692499248F1F732FB09EB8601AAEBC4
:10AA400006000B93FBF7DEF80B9BABF1040B48F809
:10AA500023003346DDE904104A46014409EB830331
:10AA60009A4275D1029B079A03F008030B93134394
:10AA7000029B03F0020700F0E88009EB8A09002F2F
:10AA80006BD01046F4F7CCFF0290CBF80000019B8E
:10AA9000F3184FF0000B0C93079B9B455FD1089B6D
:10AAA000039908EB83031A1F01F10C002F46002FB6
:10AAB00040F09780059A03EB850342449A4200F2E6
:10AAC00098806068FFF73EFF002296420F9040F0AA
:10AAD0009980049B089A043503EB8206019BBB42D4
:10AAE00040F09480099B65680A9F1D44069B2F4493
:10AAF0005E1EBD4240F0B780656011B0BDE8F08FCA
:10AB000022B1604A48F82320ABF1040B029B079A5C
:10AB100003F00803134312D1721B524516D8039A4F
:10AB200005EB0A039B1B02EB8303049AA2EB8A0149
:10AB3000059A1144039A02EB8500834201D15346E2
:10AB400088E71A6941F804290433F6E7534670E7A9
:10AB500052F8040B41F8040982E7029797E760680E
:10AB6000D9F800A0FFF7EEFE00210F900C9B8B425E
:10AB700004D14FBB44494FEADA0217E00FA80D9108
:10AB8000FFF7CBFE039B0D995A68926832F81020AC
:10AB9000D20042F00202924514D1069B5A1E521A6C
:10ABA00058F8221029B139494FEADA023448F1F74E
:10ABB00076FAD9F8041048F822100BF1010B09F1CC
:10ABC000080969E70131D1E7029B01225146181DAE
:10ABD000F2F726FE4268002AE5D1D9F80420426047
:10ABE000EBE752F8041F11B950F827101160013F2C
:10ABF0005DE753F8041B00297FF460AFD21A2449A3
:10AC00009210D3E7FFF79EFE01325EE70FA8FFF731
:10AC100084FE56F804299AB9039B5B689B6833F855
:10AC200010900B9B73B1039B53F825004FEAC901A9
:10AC300041F002010430F2F7F3FD18B1436873608C
:10AC400001374BE713494A46B0E7019B13B112485D
:10AC5000F2F7FCF9002F3FF445AF0198F4F7E0FE5E
:10AC6000CBF800003EE715F8019BA6EB090958F860
:10AC70002900F4F7AFF848F829003AE75EC2050862
:10AC8000081E0608102F060819C6050828C605085C
:10AC9000B0CB0508BACB0508C2CB050810B40468D0
:10ACA000E468446000F11004846010BCFFF750BEFB
:10ACB00030B40468E568A4682D680DB154F82540E7
:10ACC000446000F11004846030BCFFF741BE08B559
:10ACD000421E013912F8010F11F8013F48B123B9A2
:10ACE000E6F73CFC80F0010006E09842F2D000203C
:10ACF00004E0B3FA83F0400900F0010008BD000051
:10AD000013B5024648B101236A46F1F79DF9009850
:10AD1000003818BF012002B010BDC90041F0020484
:10AD200006482146F2F77CFD024620B92146044838
:10AD3000F2F776FDECE70120EDE700BF0C260608F0
:10AD400078250608094B03EB8003D3F8440100F093
:10AD50000703022B05D0830705D10268044B9A42F2
:10AD600001D1F9F7C3BB0348704700BF4000002082
:10AD7000042E060844D90508F8B503780446002BCC
:10AD800000F0A480402B03D05149FFF7A0FFB0B1E1
:10AD90000120002319461D461E464FF0090C22785B
:10ADA000002A35D1DA1E012A07D9002E03DC002D36
:10ADB00001DC00297FDD002B7DD10120F8BD454954
:10ADC0002046FFF784FF0028E2D143492046FFF7E1
:10ADD0007EFF0028DCD141492046FFF778FF00289C
:10ADE000D6D13F492046FFF772FF0028D0D13D4918
:10ADF0002046FFF76CFF0028CAD13B492046FFF7E9
:10AE000066FF0028C4D139492046FFF760FFC0E73C
:10AE1000272A677812D12CFA03F2D20709D5272FF7
:10AE200007D1A278272A04D10234C3F103030134E5
:10AE3000B5E7012BFBDC83F00103F8E7222A13D1ED
:10AE400033F004020BD1222F06D1A278222A03D19B
:10AE50000234C3F10403EAE71BB10423E7E7022B42
:10AE6000E5D1C3F10203E2E75C2A09D1272F03D021
:10AE7000222F01D05C2F03D1002BD8D00134D6E78C
:10AE8000002BD4D15D2A12D007D8292A0BD05B2AF7
:10AE90000BD0282ACBD10136C9E77B2A09D07D2ADD
:10AEA000C5D10139C3E7013EC1E70135BFE7013D27
:10AEB000BDE70131BBE714F8013C5C2B3FF47DAFEB
:10AEC0000A2B0CBF002000F0010077E7184675E759
:10AED00004BC050842BC050898D00508E1A905088E
:10AEE00005B805086FDA050881B80508E9BB05084B
:10AEF0002DE9F04F8BB0CDE9022300EB0109834629
:10AF00008A464E46741EA34523D95E46864F334675
:10AF10004B45984605D298F800202E2A03F10103EC
:10AF2000F6D1C845A8EB060525D029463046E5F7F9
:10AF3000C5FF044600284FD001460123384608AA21
:10AF4000F1F782F8089F002F00F0EB8008F101066E
:10AF5000DDE716F8010CE6F7E3FA50B916F8010C34
:10AF6000E6F7E8FA28B916F8013C5F2B01D02E2B42
:10AF7000CCD12646C6E7BAF1060F07D96B4907229E
:10AF800058460CF079F9002808BF0027684B5A6A28
:10AF90005368D268C3F31E034FF0000913440493AF
:10AFA0004C46CA464FF00208CDF80490049B434536
:10AFB00016D8002C4FD15E450ED16B1E052B0BD839
:10AFC0005A4F2A46394630460CF056F920B9039BB1
:10AFD0002F441F60C5F1070420460BB0BDE8F08F79
:10AFE00007A94046E6F780F803463DB902785F2A94
:10AFF00010D1524608F101089246D7E7079A9542C8
:10B00000F7D8014605902A4630460CF071F9059BA9
:10B010000028EED1414638460593FFF771FE00281F
:10B02000E7D0019A0799059B32B12A46524501D8CB
:10B03000914208D2524601E00A460193C146002CD3
:10B04000D8D14446D6E7019810F802C0985C8445F0
:10B05000F4D10132EAE74C4501D055455ED2019B5F
:10B06000039A2B441360AAEB0504B5E707A9204611
:10B07000E6F73AF8824665B903785F2B13D10134BD
:10B080004C45F3D92B490298C8F7AAF94FF0FF3481
:10B09000A2E7079B9D42F2D801462A4630460CF0B3
:10B0A00027F90028EBD121463846FFF729FE002872
:10B0B000E5D008F10F0BDBF1000202F00F020BF0FC
:10B0C0000F0358BF5342ABEB030BABEB080BBBF1C9
:10B0D000010FD8BF0BF1100B079A08EB0B031344B9
:10B0E000402B13D8002306E0134902980193C8F7B8
:10B0F00077F9019B01339B45F6DC02985146C8F76E
:10B100006FF9079B434403EB0B08B8E70B49029820
:10B110005246C8F71BFDDDF81C80B0E74FF0400831
:10B12000AEE73C4658E700BFA41706080C430608E4
:10B130004000002084D90508CDD80508D3CB0508E8
:10B1400090FBF1F303FB1100002802DA002903DC75
:10B15000704702D0002900DA08447047002808DB55
:10B16000CB43034430EA210028BF184690FBF1F09E
:10B170007047C1F10103034410EA210038BF1846AB
:10B18000F4E700002DE9F74F0E46009001920CF015
:10B1900089F882460EB100233360DFF8A4904FF0A7
:10B1A000000849460D686DBBDFF8A0B02C469BF83F
:10B1B000000020B358460CF075F88245074639D890
:10B1C0000098524659460CF057F898BBBA452DD115
:10B1D000A6B1A04520D901213160844216D1184B77
:10B1E000009853F824405146E5F7B4FE1549002372
:10B1F00022462944E8F70BF8019B1860022003B0AF
:10B20000BDE8F08F043108F10108CBE759F8041BC1
:10B2100001350D440130E0E702233360A4EB08045C
:10B22000094B019A53F824301360E7E71BF80A0032
:10B230002F2803D00137BB440134B8E70120DEE7F3
:10B240002C620608286206081443060838430608DC
:10B250004A68074B9A4209D003F580739A420CBFA3
:10B26000032201228B680349C8F770BC0222F9E768
:10B2700000210140DBD00508254B984284B04FF0F7
:10B28000000324D10193234B5A6C42F480725A6418
:10B290005B6C03F480730193019B1F4A00230C290C
:10B2A000536005D00A2930D0082914BF0323022394
:10B2B000426822F0407242EA036343608268174B9F
:10B2C000134083604FF48013C36204B07047144A84
:10B2D00090420BD102930F4B5A6C42F400725A64A5
:10B2E0005B6C03F400730293029BD6E70D4A904215
:10B2F000D3D10393074B5A6C42F480625A645B6C5F
:10B3000003F480630393039BC7E70123D0E700BFE7
:10B31000002001400038024000230140FDF6FFCF2D
:10B32000002101400022014070B51C46084611462C
:10B330004FF00212F2F784F92068C50705D484079C
:10B3400018D102681B4B9A4214D1F2F7A7FDA0F561
:10B350008073022B184D04462AD9012628460C2159
:10B36000FFF78AFF15491020F2F791FCC0E901545C
:10B37000C66070BD17F052FD827A5107C2F3820396
:10B3800008D49A0710D4042B10D082880C490D4899
:10B39000F0F785FE084D846800231A460321C4F3A4
:10B3A000443415F017FED8E7074DF4E7074DF2E7F0
:10B3B0000726D3E70424060800200140306206086F
:10B3C000EED00508C01D0608002101400022014002
:10B3D0004FF6FF73994270B505460C4616467AD073
:10B3E00040F20113994226D0B1F5817F20D2142971
:10B3F00028BF1124AB68DA0706D4AB6843F0010319
:10B40000AB60042015F01AFFA4F11003012B1BD828
:10B41000344A536823F4400343F40003102C536070
:10B420000DD011236B6305F10C01A4F10A0319E09F
:10B4300003D11224DEE71024DCE71124DAE70B2025
:10B4400015F0FCFE6C63EEE7122C05D1254A53681B
:10B4500043F480035360F5E7092C6C63E3D805F1EE
:10B46000100123460A6803EB4303072098409E40DF
:10B4700022EA000232430A60AB6843F08043AB60CB
:10B4800015F0BAFE06462B689B0704D415F0B4FEEF
:10B49000801B0A28F7D9122C08BF124AE96C02BF98
:10B4A000536823F4800353606B680F4AC3F301634E
:10B4B000D35CC3F11004072B01FA04F40DD803EB9D
:10B4C0004302103AC3F1080321FA02F25B0014436D
:10B4D00001FA03F31C43204670BD083B5B00D940D2
:10B4E0000C43F8E70023014090620608D0E90212FD
:10B4F00008B54068FFF76CFF400040F0010008BD50
:10B5000070B5086888B00D4617F088FC0646686874
:10B51000F2F7C4FC0522044601A9E868F2F7F0FE40
:10B52000BCB9A8686A460421F2F782FD04AD009B0D
:10B530001859F2F7B3FC0434102C45F8040BF6D17B
:10B540003046DDE9012304A91AF0BEFD062008B04B
:10B5500070BD0148F1F7A0FB41C4050870B5058B2B
:10B56000064605F002050024306C3DB1012221465B
:10B5700019F0F4FE04B170BD0124F5E7214619F07D
:10B58000E1FEF7E7012870B588BF48680E6898BFEC
:10B5900006200621F6F7E0FC044619F0D1FE357BC3
:10B5A000727BB37B90FBF3F3681CE168104493FB60
:10B5B000F0F35B0043F001030B60F37BE1685B0099
:10B5C00043F001034B60E3686D0045F001059D60A9
:10B5D000E368520042F00102DA60E2680623136178
:10B5E000E2682046536170BD2DE9F0418AB00D2913
:10B5F000DDF8408007460C4616461D4602DD1A4817
:10B60000F1F74AFB38F0020301D01848F8E7436825
:10B61000012B08BF0E341822002101A80BF004FEF4
:10B6200004F00103CDE904340123CDE907330E23EF
:10B630000993B8F1000F12D0F30043F00403019313
:10B64000EB00760B43F004036D0B386C00966946F3
:10B65000CDE9025312F0E8FB0AB0BDE8F0817601B3
:10B660006D010423F1E700BFF9D0050876AB0508AA
:10B6700011F0020F08B50CBF4FF400634FF00053F8
:10B68000834202D80148F1F707FB08BD04D1050841
:10B6900008B510B91620F1F723FD08BD2DE9F043D8
:10B6A0000C4691B054F8047B0546386C1646FFF7FB
:10B6B000EFFF03AB0193304B00933246681E032328
:10B6C0002146F1F7EBFF0498039E059D052206A98C
:10B6D000F2F716FEDDF81C80B8F1080F03D92749F0
:10B6E0002748F0F7D3FC29463046FFF7C1FF396CF5
:10B6F0004FF0FF344031002351F8042F501C33D158
:10B70000B4F1FF3F08BF1C460133032BF4D1631C87
:10B710002ED00023CDE90E3305F00203002BDDF817
:10B7200018900DBF32460022334600236D00CDE94C
:10B730000923494605F00403424605F002050EA818
:10B740000B93CDE90C580BF025FD386C4B4609AA3C
:10B75000214619F0A2FE58B93B6C03EB840360004C
:10B760005E6440F0010004E09642CDD1E806CBD4FF
:10B77000062011B0BDE8F083E862060809D105088B
:10B78000482006082DE9F04FD1F80080054691B019
:10B79000D8F840000C46FFF77BFF012D17D96068F1
:10B7A000B0F1060A18BF4FF0010A0421F6F7D4FBE6
:10B7B000C6680746BAF1000F0DD073689A0703D127
:10B7C0001A68344B9A4206D00020F1F73FFC4FF044
:10B7D000000A0620E9E70024D8F840B02546E1B287
:10B7E000009505AB07AA5846039119F0FBFD039994
:10B7F000002844D10A9C099B98F81820DDF82C9069
:10B80000241A18BF012483420CBF0346012344EAD3
:10B810004304DDE90753C2F3400218BF1D46D8F8C0
:10B820001C30C8F81C005846039319F097FDBAF174
:10B83000000F08D10820E4F71BFD08210246422032
:10B84000F3F766F97060D6F80480E307D8F80C00C7
:10B850004A461BD405A90BF09DFC039BC8F8089031
:10B860006D0064005B0045F0010544F0010443F005
:10B8700001033560B460F36004E00124AFE7002CFD
:10B88000FBD00627384611B0BDE8F08F00210BF041
:10B89000CBFCE2E7E01906082DE9F043044689B045
:10B8A000006C0E46FFF7F4FE6368012B14BF0027FF
:10B8B0000E2700257919206C0E22013519F080FD24
:10B8C0000E2DF7D1062E13D100252B462A462946E8
:10B8D00020460095FFF788FE022300932A462B4658
:10B8E00001212046FFF780FE062009B0BDE8F08365
:10B8F00004A93046F0F784FE002581464846F0F75B
:10B90000F3FE0028F0D002AA03A9F2F76FFB039B15
:10B91000032B02D01148F1F7BFF9029B1868F2F728
:10B92000BDFA029B07465868F2F7B8FA029B8046B8
:10B930009868F2F7B3FA064601463846FFF798FED4
:10B9400031464046FFF794FE2946009643463A4664
:10B950002046FFF749FE0135D0E700BF11D10508A9
:10B9600070B501280D6888BF486886B098BF06206A
:10B970000821F6F7F1FA2E6C04463046FFF788FEF0
:10B9800001A9304619F024FEDDE904360198286249
:10B9900033444000E668039A0299696240F001006E
:10B9A0006A63AB633060E068490041F001014160C7
:10B9B000A96AE068490041F001018160E96AE06834
:10B9C000490041F00101C160296BE068490041F084
:10B9D00001010161E168520042F001024A61E2683E
:10B9E0005B0043F001039361EB6BE2685B0043F0A3
:10B9F00001032046D36106B070BD38B504460D463C
:10BA0000006CFFF745FE20462583FFF7A7FD0020C9
:10BA100038BD000070B586B003AB01931E4B009398
:10BA200005460C460323043101381646F1F736FE6D
:10BA3000012D246818D83568072D94BF00250125ED
:10BA4000206CFFF725FE63692BB914482383214638
:10BA50000BF0B8FF6061E5B1049D35F00B0205D035
:10BA60000F491048F0F71BFB0125E9E7039E062E5E
:10BA700006D03046F2F796F910B90B48F1F70CF9F9
:10BA800063699DF81420DE601A7429462046FFF78A
:10BA9000B4FF606906B070BD4C8D06089C64060852
:10BAA00023D10508C01D060834D10508006C08B56F
:10BAB00028B119F07BFD400040F0010008BD0120D5
:10BAC000FCE7000038B50D460446006CFFF7E0FDCA
:10BAD0002846F2F77FF9022803D908480021F0F739
:10BAE000D5FA2846F2F776F90146206C19F0DFFC0A
:10BAF00000280CBF0E201E2038BD00BF4C1F0608BA
:10BB0000F8B5064619F080FD06F1400500244FF017
:10BB1000FF3721463046013419F0C9FC032C45F8A3
:10BB2000047FF6D1F8BD38B5046C05462046FFF712
:10BB3000AFFD2046FFF7E4FF204619F06BFD002122
:10BB4000202284F85010A8180BF06EFB062038BD98
:10BB50002DE9F04F95B00446481E111D1A460EAB54
:10BB60000193744B00930623F1F798FD9DF83C3048
:10BB70000893042B02D97048F1F78EF8119B0993B2
:10BB8000013B032B01D96D48F6E7DDE912B6BBF1A5
:10BB9000FF3F05D00BF1FF330F2B09D96848EBE7C6
:10BBA000731CFBD1109F7B1E622B06D96548E3E70F
:10BBB000731E072BF6D96448DEE70E9D19F0C0FB13
:10BBC00005EBD5730C936FF063037B430D900B93E0
:10BBD000DA462A4642F2107C01274FF48061BBF11D
:10BBE000FF3F0D9B93FBF1F34FD10C9803EB6009E2
:10BBF000B9FBF5F9A9F10308B8F1160F37D8B3FB73
:10BC0000F9F3EB1A83EAE370A0EBE370904207903C
:10BC10002DDC4FF0010EB8F1070FCDF828E00EF142
:10BC2000010E1FD842F2107303FB0EF00B9BB0FB0A
:10BC3000F9F0C018079B48BF40429A421DDC08F14A
:10BC400001038445A8BF1E460A9B8445A8BF9A46A7
:10BC5000079B8445A8BF0F468445A8BF1A46844564
:10BC6000A8BF8446BEF1110F08F1FF38D3D10139C6
:10BC7000B5D1954218D135487EE7DDF828A0079A5E
:10BC800008F1010684460F46ECE706EB0A00013096
:10BC9000B3FBF0F3EB1A48BF5B429342D8BF0F46A9
:10BCA0009342D8BF1A46E2E7099BE3732022089B20
:10BCB000A56084F80CA06673A7732374A0180BF01A
:10BCC000B3FA206C30B1FFF71BFF206C19F0F6FAC5
:10BCD000206C18B95420E4F7CBFA206454220021D8
:10BCE0000BF0A2FA206C61684FF0FF33C0E911330A
:10BCF000C364237C013BDBB20022032B049288BF88
:10BD00001346627B0392227B0292E27B98BF104D26
:10BD10000192A27B98BF55F8233000920131012295
:10BD200019F026FA18B90B490B48F0F7AFF915B01E
:10BD3000BDE8F08FB862060845D10508E9B20508EC
:10BD400049B4050809B205084FB4050848D10508EB
:10BD5000A862060860D10508BC1E060810B50C468E
:10BD600013460A4601462068FFF7F2FE062010BD82
:10BD700038B5036C002504460583456143B1FFF7E0
:10BD8000EDFB206CFFF7BCFE206C19F097FA2564E0
:10BD9000062038BD73B5056C06460C462846FFF7ED
:10BDA00077FC002C34D1338B190705D595F850203A
:10BDB00012B185F8504008249A070AD52A68D1683C
:10BDC0001269880718BF44F00204910718BF44F0B5
:10BDD0000204DA0716D500230DF1070128468DF875
:10BDE000073019F097F9431C0CD0336C03EB800338
:10BDF0004FF0FF325A649DF8073044EA004023B107
:10BE000040F00104204602B070BD40F00504F9E79F
:10BE1000012C0CBF348B0024F4E70000F0B587B090
:10BE20000C46054619F08CFA064619F089FA277B6C
:10BE300094F80DC0A37B90FBF3F37A1C624493FB50
:10BE4000F2F3227C032A9CBF094931F9121062687F
:10BE50000297CDE903C6E07B88BF40F24221CDE9DD
:10BE60000010013203492846C7F770FE07B0F0BD45
:10BE7000A062060870D105082B4B03EB800313B5B5
:10BE8000D3F88C4164B1206C062909D8DFE801F0B1
:10BE900012040A332E1B3800E36943F00103E36107
:10BEA00002B010BDE36943F00203E361E36B0133C9
:10BEB000E363F5E7238B9907F2D5606902B0BDE82B
:10BEC00010400BF0C3BD90F851305BB9A26A01324B
:10BED000A26280F85130238B1B07E1D5012380F843
:10BEE0005030EAE7002380F85130D9E7E36A0133A4
:10BEF000E3620123EDE7236B013323630023E8E7CB
:10BF0000238B13F00103D8D10DF107018DF8073011
:10BF100019F000F9421CC3D0236C03EB80034FF0EF
:10BF2000FF325A64BCE700BF4000002008B500F0B3
:10BF30000703022B05D083070AD10268094B9A42F6
:10BF400006D1F8F7D3FA084902460848F0F7A7F8EF
:10BF5000F1F7A4FF02460138012801D90449F4E7AA
:10BF600008BD00BF042E0608B9D10508C01D06088B
:10BF7000C4D105082DE9F0431F460E46904685B012
:10BF8000134A144D41463046F1F75AFB3868FFF723
:10BF9000CDFF00F1620305EB83058146AC683CB937
:10BFA0000D494420F1F773FEC0F804900446A860E0
:10BFB00007EB8602414601A8F1F709FC204601ABD8
:10BFC0003A463146FFF7C4FD204605B0BDE8F08390
:10BFD000FFFF0300400000200063060810B5094C75
:10BFE000D4F8900120B1FFF7C3FE0023C4F89031CC
:10BFF000D4F8940120B1FFF7BBFE0023C4F89431BC
:10C0000010BD00BF4000002030B5046885B0657CDD
:10C01000CDE902329DF8203004EB8504002B0CBFE3
:10C020000123032324690093A46902AB0122A047E2
:10C0300005B030BD30B5046885B0657CCDE902320D
:10C0400004EB85049DF8203024695B000093A4690B
:10C0500002AB0122A04705B030BD08B503685A7C89
:10C0600003EB82031B695B6803B19847062008BD98
:10C07000F7B5002107460846F5F744FF08240546B2
:10C080000126002300961A46A1B23846FFF7D2FFD8
:10C0900028B9610041F001012846F5F7A2FC0134FE
:10C0A000F1F736F9782CECD1284603B0F0BD00004A
:10C0B000F0B50D682B685A7C03EB820385B01E69CE
:10C0C000336907460C461BB90E490F48EFF7DEFFF0
:10C0D0006068062201A9F2F713F9022F0CD0A068BC
:10C0E000F2F720F80346DDE9011234692846A0473B
:10C0F00020B14042F0F7F4FF0123F4E7062005B039
:10C10000F0BD00BFC9D10508BC1E060830B5044605
:10C1100085B023685A7C03EB820308461D696B696E
:10C120001BB90B490B48EFF7B1FF052201A9F2F744
:10C13000E7F8DDE901126B6920469847002802DA2A
:10C140004042F0F7CDFF400040F0010005B030BDA7
:10C15000C9D10508BC1E0608F0B5074687B0D1E96D
:10C1600000500C46F1F79AFE0622064603A9A06885
:10C17000F2F7C6F8032F0ED0E068F1F7D3FF009076
:10C18000DDE90323B1B22846FFF73EFF002804DAB9
:10C190004042F0F7A5FF0120F1E7062007B0F0BD0F
:10C1A000F0B5074687B0D1E900500C46F1F776FEAE
:10C1B0000522064603A9A068F2F7A2F8032F0ED0C5
:10C1C000E068F1F7AFFF0090DDE90323B1B2284644
:10C1D000FFF730FF002804DA4042F0F781FF01202A
:10C1E000F1E7400040F0010007B0F0BDF0B50746B0
:10C1F00087B0D1E900500C46F1F750FE0646A06822
:10C20000F1F74CFE014602A8E5F74CF8032F0ED0DB
:10C21000E068F1F787FF0090DDE90332B1B228460C
:10C22000FFF7F2FE002804DA4042F0F759FF012040
:10C23000F1E702A8F7F760FD07B0F0BD530710B5AE
:10C2400001D1202A02D90948F0F726FDA2F10803FE
:10C250001BB20138002B01DAD00810BD21FA03F41B
:10C26000083B00F8014F1BB2F4E700BFD1D105082D
:10C270002DE9FF4105460E4603A811461A46FFF771
:10C28000DDFF002703468046009703AA3146284673
:10C29000FFF7D0FE012340450446009309D03B46FA
:10C2A0003A4631462846FFF7C5FE204604B0BDE8B1
:10C2B000F081DDE90A2331462846FFF7A5FE044652
:10C2C000F3E7000010B58AB002AB0193124B009364
:10C2D00004230C4601381944F1F7E0F90498F1F70A
:10C2E000DDFD014606A8E4F7DDFF079B0193089BEF
:10C2F0000093039A9DF81430BDF808102068FFF7EA
:10C30000B7FF002802DA4042F0F7EAFE06A8F7F786
:10C31000F3FC0AB010BD00BFC065060810B58AB0B6
:10C3200006AB0193104B009304230C4601381944CB
:10C33000F1F7B4F9062203A90898F1F7E1FF049B8D
:10C340000193039B0093079A9DF82430BDF81810C1
:10C350002068FFF78DFF002802DA4042F0F7C0FEA8
:10C3600006200AB010BD00BFC06506082DE9F041E7
:10C370008EB006AB0193194B009304230C46013891
:10C380001944F1F78BF9052203A90898F1F7B8FFD2
:10C3900002AD24689DF824200799BDF8186028464E
:10C3A000DDE90378FFF74AFF23685A7C03EB820339
:10C3B00002221B690092CDE90A05CDE90C879D692F
:10C3C00031460AAB2046A847002802DA4042F0F77F
:10C3D00087FE06200EB0BDE8F08100BFC0650608EC
:10C3E0002DE9F04389B0054602AFD1E900800C4643
:10C3F000F1F754FD07F108028146391DA068F1F7F5
:10C40000F5FD032D29D0E068F1F78CFE05467B6829
:10C41000012B6A4638BF0123A2EBC3039D4602AE3F
:10C4200000247B685A1E7A60CBB914B9C6E900446F
:10C430000124D8F800305A7C03EB82036D001B699D
:10C4400000959D69224633461FFA89F14046A84768
:10C45000002818DA4042F0F743FE0125D7E7BB6811
:10C460000522186807F10C01F1F74AFF3A6932B169
:10C4700006EBC40346F83420FA685A600134BB68FE
:10C480000433BB60CDE7400040F001001C37BD46DF
:10C49000BDE8F08313B50B69CA684C689B88928825
:10C4A0000449B1FBF4F100910349C7F74FFB02B017
:10C4B00010BD00BF20A10700DCD1050808B5024966
:10C4C0000248EFF7E3FD00BFC9D10508BC1E06080E
:10C4D00038B50546086804681346627C04EB82049C
:10C4E000226914680CB9FFF7E9FF0A1D691EA0470D
:10C4F000062038BD08B503685A7C03EB82031B692C
:10C500009B680BB9FFF7DAFF984710B14042F0F78C
:10C51000E7FD062008BD08B503685A7C03EB8203DB
:10C520001B69DB680BB9FFF7C9FF984710B14042A0
:10C53000F0F7D6FD062008BDC368C2889A6170472F
:10C54000C388C2681B0493617047C388C2681B0418
:10C550009361704714F072BE38B5D0E90243DA68CF
:10C56000DB88936105464068FFF7F4FFEA68D3680B
:10C5700012891B69C2F34312D340DB0708D414B9F4
:10C580006FF06D0038BD012014F058FE013CEDE75E
:10C59000002C0CBF6FF06D000020F3E738B50446A7
:10C5A0000069FFF7C9FF6068FFF7D4FF2046FFF777
:10C5B000D3FF054628B92069FFF7C2FF6068FFF77F
:10C5C000C9FF284638BD70B5044640680E46FFF7DF
:10C5D000C1FFE068FFF7B9FF072546FA05F3DB075F
:10C5E00020690FD5FFF7A8FF6068FFF7B3FF20466B
:10C5F000FFF7B2FF48B12069FFF79EFF6FF06D05AE
:10C60000284670BDFFF79CFFEEE7E068FFF79DFF4F
:10C61000013DE2D22069FFF78FFF6068FFF79AFFC4
:10C620002046FFF799FF0028E8D123696068DA689F
:10C630001B891569C3F34313DD40FFF78BFFE068E7
:10C6400005F00105FFF781FFDAE7F8B506460F466A
:10C6500015460024AC4201D12046F8BD395D304674
:10C66000FFF7B1FF002802DBF6D10134F2E76FF0EB
:10C670006D04F1E738B504464068FFF76BFF2069A9
:10C68000FFF75EFF6068FFF765FF2046FFF764FF76
:10C6900005462069FFF750FF6068FFF75BFF2846FB
:10C6A00038BD000010B586B00446084611461A464B
:10C6B00002AB0193134B00930423F0F7EFFF0298B2
:10C6C00016F0ACFBE060039816F0A8FB059B049AFB
:10C6D000A3600D4B20619A428CBF0123B3FBF2F3A0
:10C6E00063600023E0681A46052114F073FC002300
:10C6F00020691A46052114F06DFC2046FFF7BAFFA9
:10C7000006B010BDB864060820A10700F0B51420DB
:10C7100085B00D460A491E461746F1F7B8FA06EBF2
:10C7200085020446394601A8F1F751F8204601ABCD
:10C7300032462946FFF7B6FF204605B0F0BD00BFE0
:10C74000D86406082DE9F04104464068174688463B
:10C75000FFF700FFE068FFF7F8FE6068FFF7FAFEFA
:10C76000082600252046FFF7F7FE18BB2269E0687F
:10C77000D36812891B69C2F34312D34003F001034B
:10C7800043EA4505FFF7E1FE6068FFF7E3FE013E7F
:10C79000E8D188F8005017B92069FFF7D1FE60682A
:10C7A000FFF7D8FE2046FFF7D7FE014638B12069D3
:10C7B000FFF7C2FE6FF06D010846BDE8F081E0684A
:10C7C000FFF7C3FE2069FFF7B7FEF5E7F8B50646A9
:10C7D0001F4614468D180CB92046F8BD291B013C94
:10C7E00007F00102304618BF0022FFF7ABFF002818
:10C7F000F1D06FF06D00F0E72DE9F84F07460C46D9
:10C8000016469A46FFF7CAFE20B16FF06D04204627
:10C81000BDE8F88F0A9B03F0010949EA4401C9B257
:10C820003846FFF7D0FE041EEFDB0DD10AF1080AEF
:10C8300086B90A9B9B07EAD53846FFF71BFFB04233
:10C8400018BF6FF06D04E2E73846FFF713FF6FF093
:10C850001204DCE75AE902B5013EB9F1000F23D119
:10C86000AB44A4EB05085D4508EB0504DED0297850
:10C870003846FFF7A8FE0028C7DB05F10105F2D016
:10C880000026D3E7A5EB0B010BF1FF3B56EA0B03A8
:10C890000CBF012200223846FFF754FF0028B4D114
:10C8A000BBF1000FEED1C1E75D44F9E7064BC01ABA
:10C8B000064B80105843064B03EB80030020D3F84F
:10C8C000FC31C3E90501704738670608CDCCCCCCF4
:10C8D00040000020084BC01A084B80105843084BFA
:10C8E00003EB8003D3F8FC3109B95869704701297B
:10C8F0000CBF98690020704738670608CDCCCCCCB7
:10C900004000002008B50C4B0C4AC31A9B1053433F
:10C910004A0644BF82684260094A02EB8303D3F8A7
:10C92000FC0108B9002008BD83691940FAD04161B3
:10C930000BF08CF80120F6E7A8030020CDCCCCCC7E
:10C940004000002010B50378052B044605D11021C6
:10C95000FFF7D8FF0123237010BD032B01D0062B56
:10C96000F8D120212046F3E7F0B587B003AB51F8AA
:10C97000045B01931A4B00930446032301381646C7
:10C98000F0F78CFE174B184A184FEB1A9B105343C5
:10C990007E3307EB8307786860B91C20E3F768FCF7
:10C9A000134B0360134BC0E901350623C36000231A
:10C9B00003747860012C02D83368072B0ED9049BCE
:10C9C0009DF81420190703D012B90B48F0F764F949
:10C9D00002740022C0E905230399C16007B0F0BDCD
:10C9E0007866060838670608CDCCCCCC400000201D
:10C9F000FC8C060888670608FDD105081FB50446AB
:10CA00000522084601A9F1F77BFC029820B1019AA2
:10CA1000636812781A610120400040F0010004B000
:10CA200010BD1FB504460522084601A9F1F768FCB0
:10CA3000029820B163681A69019B01201A704000B6
:10CA400040F0010004B010BD136810B514466BB976
:10CA500040F2B94399420AD1064BC01A064B20F066
:10CA6000030003445868F4F709FD206010BD042357
:10CA70005360FBE738670608A8030020064A4B68A6
:10CA80008A1A06499B6892104A43C3F34603044935
:10CA90000132C7F75BB800BF38670608CDCCCCCCF5
:10CAA00008D205081F4B204A10B5C31A9B105343E8
:10CAB00014221E4C5A43A15C91B30021A154028957
:10CAC000446852B28A4221600DDB5109012402F010
:10CAD0001F02944001F12002154941F82240BFF3A2
:10CAE0004F8FBFF36F8F90F90A20002A0DDB510999
:10CAF000012002F01F02904001F120020C4941F890
:10CB00002200BFF34F8FBFF36F8F0A4A03F12E014C
:10CB10007E3302EB810102EB83020020486050600B
:10CB2000062010BD38670608CDCCCCCCA803002069
:10CB300000E100E040000020F0B58BB0084611464F
:10CB40001A4605AB01934A4B00930523F0F704FE08
:10CB5000059816F04DFE474B474A099E074603EBE2
:10CB60008703451E0898C3F8B80014236B439C182C
:10CB70000121D15206284FF00003C4E90133C4E972
:10CB80000333A37010D0072202A9F1F7B9FB202EBE
:10CB900001D8730702D03948F0F77EF8039BE360B1
:10CBA000F610029BA6702361354E142404FB056425
:10CBB000FFB20097012300220621E06814F04DFA2D
:10CBC0000097012300220621206914F046FA6068CC
:10CBD0002C4A0699D2F840C000F14043A3F5A8437F
:10CBE0009B0A1533012707FA03F343EA0C03136486
:10CBF000136C0293029B16F05BFE94F90830002B35
:10CC000027DB214AD118C02081F80003590903F01D
:10CC10001F039F4042F82170142303FB056696F919
:10CC20000A30002B1CDB1849CA18C02082F8000308
:10CC30000122580903F01F0302FA03F341F82030E0
:10CC4000124A01231178AB400B43204613700BB0FE
:10CC5000F0BD0F4A03F00F039A18C0231376DBE7E9
:10CC60000B4A03F00F039A18C0231376E8E700BFBE
:10CC70005066060840000020A80300201FD20508C7
:10CC8000386706080038024000E100E01420002068
:10CC9000FCEC00E000F14040F8B5A0F5A8400D4ED6
:10CCA000840A142505FB04650F462846FFF74AFE53
:10CCB00057B101212846FFF725FE0223142202FB6B
:10CCC00004F033540020F8BD02212846FFF71AFE75
:10CCD0000323F3E7A8030020F8B500F14044A4F5CE
:10CCE000A844294FA40A14256543EE1908213046AB
:10CCF000FFF708FED6F810C0BCF1000F08D10623DC
:10CD00007B5518B9214B2B445B681B690020F8BD8B
:10CD10001E4B7A5D2B44032A5B681B691FD10422DA
:10CD20007A550022B260B2787270142060433918CC
:10CD30004A782AB38868DBB2013A43EA0023D2B2C8
:10CD40008B604A70002AE1D1CA68B3FBF2F002FBA3
:10CD500010338B6030464021FFF7D4FDD6E7042A1C
:10CD6000E3D0142202FB04729168481C90600CF816
:10CD70000130D2E902139942C8D300239360C5E77A
:10CD800006223A54EDE700BFA803002038670608E2
:10CD900000F14040044BA0F5A840800A142202FB99
:10CDA0000030FFF7CFBD00BFA8030020F8B500F1A9
:10CDB0004044A4F5A8441D4DA40A142767437E19D6
:10CDC00004213046FFF79EFD33693BB90523EB553F
:10CDD00018B9174B3B445B681861F8BDEB5D042B39
:10CDE0000AD1D6E902323046B3FBF2F102FB11332D
:10CDF0004021B360FFF786FD142303FB04F25C437C
:10CE0000A95C05291CBF0521A9542544AA682969E4
:10CE1000531CAB608A5CE9688B4228BF0023AB607F
:10CE2000034B23445B681A61D7E700BFA8030020C7
:10CE300038670608FFF7ACBF70B5064D064E0024F4
:10CE40002B5D13B13019FFF72DFE1434502CF7D1A0
:10CE500070BD00BFA80300203867060810B50C4657
:10CE6000F1F728F8631E0342024604D00249034842
:10CE70002346EFF714F910BD47D20508C01D060878
:10CE800070B50646144608460AB3042A71680FD1E5
:10CE9000FFF7E4FF7368012B03D0022B06D0006874
:10CEA00000E00078BDE87040F4F7E8BA0088F9E7E0
:10CEB000FFF7D4FF05462046F0F7FCFF7368012B0F
:10CEC00003D0022B05D0286000E0287006242046FD
:10CED00070BD2880FAE700004A680249D200C6F710
:10CEE00035BE00BF65D2050810B503460B4C90B1A6
:10CEF0000868F0F7D3FF431C07D100210220F8F7A0
:10CF000081FE84601034C46010BD0128034602D93C
:10CF10000348EFF7C1FE04EB0310F5E79C67060832
:10CF200075D2050882B000230193064B1A6B42F4B8
:10CF300080221A631B6B03F480230193019B02B0D0
:10CF40000DF002BD003802402DE9F04107460E46C3
:10CF5000904614F057F90224054614F053F9FB6883
:10CF60003A891B69C2F34312D34003F001039E4286
:10CF700008D1013C02D1401BBDE8F08186F00106DA
:10CF80000546EAE7431B4345E7D36042F4E7000068
:10CF9000F8B5074608680C4615F040FF054660687E
:10CFA000F1F7C0F8022F06460BD9A068F0F776FF1C
:10CFB000024631462846FFF7C7FFBDE8F840F4F7C0
:10CFC0005DBA014AF5E700BF40420F0010B50446C4
:10CFD000007814F03BFD6178036A890001228A40E1
:10CFE00023EA02030362026A41F255531A420ED148
:10CFF000074B984203D003F58063984203D1436CFA
:10D0000023F400434364036823F00103036010BD6D
:10D010000000014008B50430FFF7D8FF062008BD26
:10D0200010B50446007814F011FD0368DB0705D441
:10D0300001234361036843F0010303606278016ADE
:10D040009200012393400B43036210BD4B790A7990
:10D0500001490133C6F77ABD7ED2050808B514F040
:10D06000F5FCC06A003818BF012008BD00000000B0
:10D07000F8B51D4B1D4AC31A0E46D91023F00703FD
:10D08000134404465E600079022302F83130FFF752
:10D09000E5FF20B3207914F0D9FC0546207914F07F
:10D0A000ADFDAB6ADFF848C0EF6A00210133B0FB89
:10D0B000F3F0E6FB00C10AA3D3E9002360461BF0AE
:10D0C0009BFE343563790137874294BF45F823705E
:10D0D00045F82300201DBDE8F840FFF7A1BFF8BDCB
:10D0E00000CA9A3B00000000AC680608F803002064
:10D0F0000065CD1D012838B50C6828D1184B194A98
:10D10000E31ADB1012F833300BB9012038BD207957
:10D11000FFF7A4FF0028F8D0207914F097FC05460B
:10D12000207914F06BFDAB6A34350133B0FBF3F2B8
:10D1300063790D4C55F82350002319465008E5FB40
:10D1400004011BF059FEBDE83840F4F7B2B9486855
:10D15000F0F7A4FE01462046FFF78AFF0620D5E738
:10D16000AC680608F803002000CA9A3BF8B5174BD4
:10D17000174AC31A0E46D91023F007031344044676
:10D180005E600079012302F83130FFF767FFE0B1FC
:10D19000207914F05BFCC56A0746013547F6FF703D
:10D1A00000210023E6FB05014FF6FF721BF024FE71
:10D1B00034376379854294BF47F8235047F82300FA
:10D1C000201DBDE8F840FFF72BBFF8BDAC6806088E
:10D1D000F8030020F8B50D1E044602DC2B48EFF7DB
:10D1E0005BFD007914F032FC0646207914F006FD50
:10D1F000B6F1804F00EB5500B0FBF5F002D0244BA8
:10D200009E421DD10123012820D82248E7E702FBD6
:10D2100000FCBCF1333F07D8B0FBF7F003EB83030E
:10D22000B0F5803FF3D2EEE701FB00FCBCF1553FC7
:10D2300093BF03EB43035B004008B0FBF5F0EFE75F
:10D24000154A1649012303250527E9E7013BB36287
:10D25000134B144DE41A24F01F040138F0622544E6
:10D2600000261C442B78012B06EB040008D16968CA
:10D27000FFF77CFF0836202E05F10805F2D1F8BD36
:10D28000022BF7D16968FFF7F3FEF3E78FD20508A9
:10D29000000C004098D20508CDCCCCCCABAAAAAAF1
:10D2A000AC680608F8030020012870B50D68044634
:10D2B00014D12879FFF7D2FEC8B1287914F0C6FB43
:10D2C000866AC46A287914F099FC631C06FB033350
:10D2D000B0FBF3F0400040F0010070BD4868F0F78B
:10D2E000DDFD01462846FFF775FF0620F5E72046DD
:10D2F000F3E7000030B587B00446084611461A46E9
:10D3000002AB0193184B00930423F0F7C7F9059D76
:10D310006B1C0BD0207914F099FB627902239200E8
:10D320009340026AEDB922EA030303620299481CA2
:10D3300002D02046FFF74EFF03994A1C02D0204638
:10D34000FFF714FF04994B1C02D02046FFF790FE14
:10D350002079FFF783FE10B1201DFFF761FE07B0B3
:10D3600030BD1343E1E700BFFC67060810B50C466B
:10D3700013460A1D411E2068FFF7BCFF062010BDA2
:10D38000012838B50C6824D1164B174AE31ADB1074
:10D3900012F833300BB9012038BD2079FFF75EFE5B
:10D3A0000028F8D0207914F051FB6379C26A343038
:10D3B000013250F823500023500819464FF6FF74ED
:10D3C000E5FB04011BF018FD80B2400040F00100B5
:10D3D000E2E74868F0F762FD01462046FFF7C6FE27
:10D3E0000620D9E7AC680608F80300202DE9F04FC5
:10D3F00099460F4692465146644A89B03846F0F73E
:10D400001FF9D9F8000015F009FD0646407A002200
:10D41000C0F343001146824201D30B460DE033694D
:10D4200003EB02135C7A1CB10B4601321946F2E79A
:10D43000DC7A032CF8D80029F7D0002B00F08C8080
:10D44000534893F80AC093F80BE00021054690F882
:10D4500004B0E3457AD14479744577D14D4A1B7ABB
:10D4600010680193012303FA0CF34FEAC10805EB9E
:10D47000C10513EA000174D0584614F0E7FA0168B8
:10D4800011F00101034612D1CDE90210584614F003
:10D49000E7FA039B029980201860D9623E498B42CB
:10D4A00003D001F580618B4201D10021196304F0A2
:10D4B0000101C900012C4FF0FF0C4FF068000CFA7D
:10D4C00001FC00FA01F095BF9969D96921EA0C01C4
:10D4D00021EA0C0195BF014301439961D9612E49AD
:10D4E0008B4203D001F580618B4203D1596C41F42A
:10D4F00000415964012F02D8BAF1000F0FD0274B19
:10D500004FEAE8080021584603F8381014F09EFA54
:10D51000A400036A0222A24023EA0203036209EB89
:10D520008702514605A8F0F752F905AB09F104024C
:10D53000791E2846FFF7DEFE3046019B00220221BD
:10D5400013F048FD284609B0BDE8F08F01313029BD
:10D5500000F108007FF47BAFB28811491148EEF763
:10D560009EFD034313604FEAE80323F003030B48D7
:10D5700003F1010C00F8331000F83C1003F1020C29
:10D58000033300F83C1000F8331075E7FFFF030089
:10D59000AC6806087805002000000140F803002070
:10D5A0009DD20508C01D0608F8B50024094D0A4E95
:10D5B000274616F8343023B1284606F83470FFF7B2
:10D5C00005FD0134302C05F10805F2D1034B002292
:10D5D0001A60F8BDB0680608F8030020780500203E
:10D5E00008B5002106F097FD062008BD08B5012109
:10D5F00006F091FD062008BD2DE9F04F83B000AF85
:10D600008846786015461E4651B11C68A30707D1AD
:10D6100023685A7C22B103EB82031B69002B57D18C
:10D6200008EB45029200073222F00702ADEB020D33
:10D63000314606EB88044FEA880268464FF000093D
:10D6400009F0A8FDEB460DEB880A08342B464E4640
:10D6500040F21251F3B966B1B9F1000F09D0D9F80F
:10D660000000F0F75FFD00280CBF03230123C9F879
:10D6700000305B462A464146002015F067FC044610
:10D6800079680C20F0F703FB0C3744600672BD4646
:10D69000BDE8F08F54E9022042F2DA3C624510D135
:10D6A0003B60F0F73FFD3B680646013D40F21251FA
:10D6B00054F8080C884208BFAAF10409013B083459
:10D6C000C8E7D4464CF8082BCAF80400E246EFE756
:10D6D00001290CD175B1012D09D1726842F2DA33FA
:10D6E0009A4204D1B068F0F71DFD0646C8E7002055
:10D6F000EFF7ACFC2E46C3E7012910B5044604D071
:10D70000022908D04FF0FF3010BD406806F0F6FC4B
:10D71000237A5840F8E7017A4068514006F0FBFC54
:10D720000020F1E770B50D46044611462846022256
:10D730001E46EFF785FF35B9204606F0DFFC4000B6
:10D7400040F0010070BD3068F0F7ECFC0146204667
:10D7500006F0E1FC0620F5E710B40C460B1D002294
:10D76000411E206810BCFFF7DDBF38B5054651F8F3
:10D77000040B04681346627C04EB8204226914687B
:10D780000A46691EA047062038BD08B503685A7CC2
:10D7900003EB82031B695B6803B19847062008BD51
:10D7A00030B40468657C04EB85042469A468A4464D
:10D7B00030BC60477FB5064648680C46F0F76EFB04
:10D7C00001466846E3F76EFD032E029D12D1A06864
:10D7D000F0F764FB0146019A284609F025FD029BFB
:10D7E000019920681A46FFF7DBFF6846F6F784FACE
:10D7F00004B070BD0021EEE77FB50C460646062258
:10D80000606801A9F0F77CFD032E019D10D1A0688E
:10D81000F0F744FB0146029A284609F005FD019BFA
:10D82000206802991A46FFF7BBFF062004B070BDBE
:10D830000021F0E71FB504460522084601A9F0F7CC
:10D840005FFD2046DDE901210023FFF7A9FF062047
:10D8500004B010BD30B587B0154604460522084611
:10D860006946F0F74DFD03A906222846F0F748FD6A
:10D870000199049B994202D00548EFF70DFA204622
:10D88000039B009AFFF78CFF062007B030BD00BF56
:10D89000A6D2050804300AF041BE000030B54B683E
:10D8A00087B005460C46C3B90DF018FA3023B0FB1B
:10D8B000F3F263690B499B88049323699B88039364
:10D8C000E3689B880293A37A0193637A0093237A97
:10D8D0002846C6F73BF907B030BD034AB2FBF3F266
:10D8E000E7E700BFBAD2050820A1070010B504463B
:10D8F0000DF0F4F93023B0FBF3F0A04207D9054B4B
:10D90000B3FBF4F004FB103303B1013010BD002071
:10D91000FCE700BF20A1070010B58AB00446084606
:10D9200011461A4603AB0193154B00930723EFF7FB
:10D93000B5FE0398431C02D0FFF7D8FF6060049B3C
:10D94000581C18BF2372059B0798591C18BF637297
:10D95000069B5A1C18BFA37210B115F05FFAE06065
:10D96000089810B115F05AFA2061099810B115F015
:10D9700055FA60610021201D0AF0A1FE0AB010BD19
:10D98000D86A060810B58AB0084611461A4602AB96
:10D9900001931A4B00930823EFF7DEFE1849182075
:10D9A000F0F775F904460298FFF7A0FF039B237276
:10D9B000049B6372059B6060082B02D01148EFF74F
:10D9C0006BF9069BA372079818B1089B0BB1099BD2
:10D9D0000BB90D48F3E715F021FAE060089815F04F
:10D9E0001DFA2061099815F019FA00216061201DC7
:10D9F0000AF065FE20460AB010BD00BF986A06080E
:10DA0000106B06080DD3050813D3050808B50AF0F6
:10DA100083FB062008BD00004B8A012B40F2A722A1
:10DA20008B69034908BF4FF41572C6F78FB800BF62
:10DA300023D3050810B588B00446084611461A4697
:10DA400002AB0193224B00930623EFF727FE0698C3
:10DA5000029B6382062815D0F0F776FA9FED1D7AB7
:10DA6000C7EE007AFCEEE77A17EE900A002150EA42
:10DA7000010315D0B0F1804F71F1000111D31648A8
:10DA8000EFF70AF904994B1C01D1A069EEE7059A5A
:10DA90004FF47A70D31781FB00011BF0ADF9E6E774
:10DAA0000120039BA06103B1E3619DF81C20238A40
:10DAB0005AB143F004032382E369062B03D00146E5
:10DAC00020460AF005FB08B010BD23F00403F2E77E
:10DAD000CC6B060800007A443DD30508F0B5202041
:10DAE00085B017461D460C46E2F7C2FB134B036098
:10DAF000032303824FF47A720623C0E90623064605
:10DB00005CB12868F0F7CAF9013002D00C48EFF791
:10DB1000C3F8013C05F1040501D167B1002405EB10
:10DB20008402394601A8EFF752FE01AB2A4621468E
:10DB30003046FFF77FFF304605B0F0BD406C060869
:10DB400047D30508F8B50C46174654F8045B06465B
:10DB500028460AF0E1FA28463B462246711EFFF7A6
:10DB600069FF0620F8BD1E2070474268D36843F065
:10DB70000103D3600620704770B58EB00446084696
:10DB800011461A4605AB01933C4B00930923EFF76E
:10DB900085FD07980628DDE9055610D0F0F77EF9D7
:10DBA00010F0010F0CBF4FF480634FF4C0630136D7
:10DBB000082E06D0092E1AD03148EFF76DF8002351
:10DBC000F6E700220021A67A0291099901910899AD
:10DBD000013918BF0121490300912046294616F05A
:10DBE000F9FE38B9227A27492748EEF758FA4FF458
:10DBF0008052E7E73146204617F092F80B9A0A9BCD
:10DC0000E38191B243F2C823B3FBF5F302339942A7
:10DC100028BF13462382637ADB0717D50C9B002BA2
:10DC200001DB1A48C9E7A269618A204616F0EFFFB6
:10DC3000204617F080F8854234BF451B2D1A142367
:10DC40005D438542024617D91149CDE7A069E2F745
:10DC500037FB0C9B002BA8BF0D930D9E002E02DC02
:10DC600000221146E1E7E07A013606FA00F0E2F719
:10DC7000FFFA31460246D8E70EB070BD606C060868
:10DC80004CD3050863D30508C01D06086FD30508EB
:10DC90008BD3050810B50C4613460A1D411E20689B
:10DCA000FFF76AFF062010BD70B586B003AB019385
:10DCB000204B009305460C460323043101381646D9
:10DCC000EFF7ECFC012D246817D83568072D94BFB9
:10DCD00000250125236A2BB91748A383214609F0A3
:10DCE00071FE206215B3039E062E08D03046F0F771
:10DCF00059F820B91148EEF7CFFF0125EAE7049D56
:10DD000035B135F0300203D00D490E48EEF7C7F9B2
:10DD10000021204616F054FF236A9DF81420DE608F
:10DD20001A740121A583204616F04AFF206A06B026
:10DD300070BD00BF4C8D06084CAE060834D10508F6
:10DD400023D10508C01D060813B504460846F0F7A0
:10DD5000A5F8E189ADF80200204617F04EF850B161
:10DD600001AB01220DF10201204617F05EF8019887
:10DD700020B1EFF7B5F96E230193F8E7062002B062
:10DD800010BD10B5C189044616F0EEFF30B1204633
:10DD900017F006F8400040F0010010BD4FF0FF30D2
:10DDA000F8E7F8B50F46C17A114206461D4605D080
:10DDB00005232B604FF0FF342046F8BD32FA01F402
:10DDC000FAD0C18916F0D0FF08B90B23F1E73D4620
:10DDD000304616F0E5FFF37A012B0CBF25F8020B55
:10DDE00005F8010B013C05D0318A304616F0BCFF26
:10DDF0000028EDD1EC1BDFE708B516F0A7FF4000C7
:10DE000040F0010008BD08B516F010FF062008BD5F
:10DE10002DE9F0431F460D4690462846224A85B01C
:10DE20004146EFF70DFC386800F00703022B05D0E0
:10DE300083070AD102681D4B9A4206D1F6F756FBBA
:10DE40001B4902461B48EEF72AF9F0F727F88146EE
:10DE500016F0B1FD10B918494A46F3E7174E09F11B
:10DE6000630306EB8306B46844B92420E2F719FA89
:10DE7000134B036080F808900446B060012D02D86F
:10DE8000B8F1000F0BD007EB8502414601A8EFF770
:10DE90009EFC01AB3A1D691E2046FFF76DFE204631
:10DEA00005B0BDE8F08300BFFFFF0300042E0608A5
:10DEB000A7D30508C01D060863D30508400000204D
:10DEC000A86C0608F8B51D46C37A134204460F46EF
:10DED000164604D005232B604FF0FF30F8BDC189F2
:10DEE00016F08BFF08B90B23F5E7E27A2B4626FAEA
:10DEF00002F23946204616F098FF2B680BB16E2BC4
:10DF0000EAD100232B60E37A9840E7E7032938B58C
:10DF10000546144611D112F0010304D016F016FF85
:10DF2000031E18BF0123610705D56A68126812062F
:10DF300001D543F00403184638BD01291BBF162242
:10DF40001A6000234FF0FF33F5E700004B7A2DE90C
:10DF5000F74391F808800D469907044606D43349E3
:10DF6000424603B0BDE8F043C5F7F0BD6B68DE681C
:10DF700016F4805F14BF09270827284616F4806925
:10DF800018BF07F1FF3716F0D6FE29490097034660
:10DF900042462046C5F7DAFDB9F1000F18D12549F0
:10DFA0002046C5F71DFA6B6823491B6913F4405FCF
:10DFB00014BF022201222046C5F7C8FD6B685B69C9
:10DFC00013F4407F09D11D492046C5F709FA15E031
:10DFD000B20554BF19491A49E2E703F40076DB059C
:10DFE0000AD518492046C5F7FBF93EB11649204627
:10DFF000C5F7F6F91549E7E7002EFBD1698AEA89EA
:10E000002B8A01B10139009120461149C5F79EFDC7
:10E01000AA8B1AB10F492046C5F798FD0E49204634
:10E0200003B0BDE8F043C5F7DBB900BFB3D30508C3
:10E03000BCD30508939D0508E3D30508FBCB050871
:10E0400070940508D0A20508F4D3050814970508B4
:10E05000F6D305081ED4050843E20508D0E90132CD
:10E0600006201A607047000008B50022B0F5007F56
:10E0700004DB0132062A4FEA6000F7D1C000002815
:10E0800002DC0E48EEF708FEB0F5805F01DB0C48BD
:10E09000F8E70C4B0138D9688907FCD445F2555193
:10E0A00019609860D968C907FCD445F255511960C8
:10E0B0005A604CF6CC4204481A6008BD29D40508C1
:10E0C00035D4050800300040086E060830B587B02A
:10E0D000084611461A4604AB0193484B00930223AD
:10E0E000EFF73AFBDDE9040400F00703022B05D04B
:10E0F00083077BD10268424B9A4277D1F6F734F816
:10E1000040F22A239842024603D12046FFF7ACFF93
:10E1100051E040F28B33984266D10CF0D9FE4FF4B7
:10E120007A75E217B0FBF5F0A0FB043100FB021199
:10E130001B0B43EA0153412B4FEA113171F10002ED
:10E140003BD3013341F100015B0843EAC173412B2A
:10E150004FEA510171F1000240D3013341F1000156
:10E160005B0843EAC173412B4FEA510171F1000290
:10E1700036D3013341F100015B0843EAC173412BFF
:10E180004FEA510171F100011CD203221D481E49C2
:10E190003F3343F0800383600C6C44F400640C64F0
:10E1A000096C01F40061039103991849D20142F00E
:10E1B0007F024A600B6007B030BD194312D114488A
:10E1C000EEF76AFD0CF084FE1249B0FBF5F04FF457
:10E1D0000012B2FBF0F21048EDF761FF0122D5E723
:10E1E0000222D3E70022D1E70C49F4E7EFF756FE0D
:10E1F0000246002889D00A49EDE700BFBC6D060839
:10E20000042E06080400002000380240002C0040C4
:10E2100029D405083DD40508C01D060852D40508B8
:10E220005DD405084068002808BF06207047836950
:10E23000062B04D00E2B0CBF1E200E2070471E2074
:10E24000704710B50446084611460022EFF7F8F96A
:10E2500021460820EFF71BFD0023436010BD00009E
:10E2600010B50A46044641680248EFF792F960602B
:10E27000062010BDB5E3030870B50D4606461146ED
:10E2800028460D4A1C46EFF7DBF92020E1F7F0FFA6
:10E29000002306604360C3602368036106221E23D7
:10E2A000C0E90523022D4FF00103C36102BF034BF8
:10E2B00062681A6070BD00BF040002007C05002087
:10E2C000136810B52BBBB1F57E7F02D103691360D3
:10E2D00012E040F20443994201D14369F7E740F26A
:10E2E0006A53994201D18369F1E740F21D43994293
:10E2F00003D1104BC2E9003010BD40F2E333994224
:10E3000001D10D4BF6E740F2EB439942F4D1C369DA
:10E31000DDE75368002BEFD040F20444A14202D164
:10E3200043610023D3E740F26A54A142E4D1836100
:10E33000F7E700BF546E06084C6E060810B5044699
:10E340008069062801D00E2803D10E23A361204640
:10E3500010BD1E2807D1002307481A461946FFF7AB
:10E3600070FFA061F3E7EFF79FFC034B9842EED0FC
:10E3700002490348EDF78AFED06E060868D4050806
:10E38000981E060838B5446805461CB90649074872
:10E39000EDF77CFE0023616805486360EFF7D8F86D
:10E3A0006860204638BD00BF6FD405084C1F0608C2
:10E3B000B5E30308C369C8694010C0EB630000F10E
:10E3C000005020F0404000F16040C00F7047000056
:10E3D00038B5D1E900540623022863610FD112F049
:10E3E0000BFF084B03EA400040F00100E0616A685F
:10E3F00005482146EFF78BF86860062038BD88682D
:10E40000F4E700BFFEFFFF7FB5E303088369062B37
:10E4100037B5044601D00E2B02D16069E1F700FF49
:10E42000084B42F21A011868F1F7E2FAA3690546AF
:10E43000CDE9003069460220FFF7CAFF06206C6173
:10E4400003B030BD7C050020F0B504468069062885
:10E4500085B04BD00E2835D0254D42F21A012868E0
:10E46000F1F7C6FA844204D122492348EDF70EFEA3
:10E4700064696069EFF718FC2049F8F787FB0746E5
:10E480000028F5D141F642512868F1F7B1FA01AA06
:10E49000064680216069EDF795FD019BA3B101AAB5
:10E4A000394601200394EDF73AFF01A90220CDE996
:10E4B0000164FFF78DFF286840F64A31F1F798FABA
:10E4C00060611E2005B0F0BDE76912F095FEC0EB5B
:10E4D000670303F1005323F0404303F16043002B33
:10E4E000E9DD21463046FFF7BBFEDEE70E20E9E717
:10E4F0007C05002076D40508981E0608B06E060834
:10E5000030B50C4685B005460522206801A9EFF715
:10E51000F7FE012D0CD96068EFF7CCFCC243DDE9B2
:10E52000010100F0C5FCC043F2F7C3FF05B030BDE8
:10E530000020F3E730B58BB002AB0D460193424BA0
:10E540000093043101230138EFF7A8F803A92868E4
:10E550009DF808400522EFF7D3FE049929B101394F
:10E560000323B1FBF3F10131890006A82144E2F74E
:10E5700099FEDDE90330089A022824D8A0B1197861
:10E5800089081170197802284FEA01113ED1587894
:10E5900001F0300141EA101151705B789B0003F0EB
:10E5A0003C0393704023D370DDE90720121B8518CC
:10E5B0000146A9422FD10CB10A23835406A8F5F7CE
:10E5C0009BFB0BB030BD13F8031B890802F8041B3A
:10E5D00013F8031C13F8025C090101F0300141EA51
:10E5E000151102F8031C13F8021C13F8015C8900D2
:10E5F00001F03C0141EA951102F8021C13F8011CDC
:10E6000001F03F0102F8011C0338B5E701F03001C9
:10E6100051704023C5E70B78192B04D84133DBB286
:10E6200001F8013BC5E7332B01D84733F7E73D2B12
:10E6300001D8043BF3E73E2B04D03F2B0CBF2F2324
:10E640003D23EDE72B23EBE7EC6E0608F0B589B030
:10E65000052201A9EFF754FEDDE9014101EB41017B
:10E66000890804A80131E2F70FFE0020069F054645
:10E6700002460646029B834203D852B11F48EEF77A
:10E680000BFB235C3D2B09D1022A02D0042A24D1A2
:10E690001DB304A8F5F730FB09B0F0BDA3F14101AB
:10E6A0005FFA81FCBCF1190F11D80B4643EA8616BC
:10E6B000931D072BC1BF059B023A591C0591C6BF8C
:10E6C00026FA02F1F9541A4600250130D2E7A3F1E7
:10E6D0006101192902D8473BE8E70125A3F1300180
:10E6E000092902D80433DBB2E0E72B2B03D02F2B10
:10E6F000EBD13F23DAE73E23D8E700BF84D40508F7
:10E7000001460148F4F7D2BFD42D0608014AF5F7B7
:10E7100009BF00BFD42D0608F0B50D46164689B0D6
:10E7200020220021044608F07FFD2B46A8198342D1
:10E7300012D12246002322F80239694604F11E0054
:10E7400032F8027F21F8023B82423B44F8D1002399
:10E75000B34209D109B0F0BD13F8011B34F8112000
:10E76000013224F81120E2E7EA5C52B108A901EB7A
:10E77000420232F8201C481C103122F8200C24F8E8
:10E7800011300133E4E700002DE9F04188460546E9
:10E79000114640461E4A1F46EEF752FFB8F1010FE0
:10E7A00017D97868EFF77AFBB8F1020F064608D060
:10E7B000B868EFF773FB0446032E04D91548EEF74B
:10E7C0006BFA0024F8E734B1631F0A2B03D912480F
:10E7D000F5E70024264629461020EFF758FA3B6853
:10E7E0004360037A46EA8406054666F3050303722E
:10E7F000B8F1030F4FF00000E86002D9F868EFF7B6
:10E8000091FC2B7A60F386132B722846BDE8F081C9
:10E810000800020096D4050899D40508042910B50B
:10E8200004460BD1406808B9002010BD237A5B066E
:10E8300001D5F8F756FC00236360F5E716221A604D
:10E840004FF0FF30F1E7000013B5406803685A7CD1
:10E8500003EB82030DF103011B6901221C6801AB6C
:10E86000A047431C014602D10198EEF739FC10B9CC
:10E870000348EDF70BFC9DF8030002B010BD00BF8C
:10E88000B81F0608D0E90032934210B5044603D2FF
:10E890005A1C0260187810BDC36843B190F8292053
:10E8A0002AB980689847002801DBC0B2F3E701234A
:10E8B00084F829300020EEE743695A1E10B504465B
:10E8C000426123B9FFF7DEFF0723206163612069FE
:10E8D0004308236100F0010010BD2DE9F04180469E
:10E8E000164671B1012505FA01F700244046FFF7ED
:10E8F000E3FF05FB00446D00AF42F7D83019BDE8D7
:10E90000F0810C46FAE72DE9F843002580460E46D3
:10E910000F4601F11E092C464046FFF7CDFF4F453B
:10E920000ED000EB450037F8025F2B19451B05D5CB
:10E930000444103436F81400BDE8F8831C46EBE7B5
:10E940006FF00200F8E700002DE9F04FD3B08846E1
:10E950000192052140F201120646FFF7BEFF012297
:10E96000052107463046FFF7B8FF042211468146CD
:10E970003046FFF7B2FF02AD82461322002128463F
:10E9800008F052FCDFF8A8B00024544515D113223A
:10E9900029464046FFF7C0FE07EB090A002454450C
:10E9A00015D33A4629464046FFF7B6FE01984A4637
:10E9B000E919FFF7B1FE002011E0002203213046E3
:10E9C000FFF78BFF1BF8012B0134A854DDE741460C
:10E9D0003046FFF798FF002804DA6FF0020053B0CA
:10E9E000BDE8F08F11281AD012281DD0102812D19E
:10E9F000002CF2D02B19032213F801BC022130465F
:10EA0000FFF76BFF22185245E7D82C4428B104F8D1
:10EA100001BB0138FAE72855621C1446BFE7032200
:10EA200011464FF0000BEAE70B220721F9E700BF80
:10EA3000B06F060870B5064604250020040A30466B
:10EA4000FFF720FF013D44EA0060F7D170BD70B5CB
:10EA50000646042500243046FFF714FF013D40EA36
:10EA60000424F8D1204670BDF8B50446E36A0133AA
:10EA700075D12046FFF720FF0022206302212046A7
:10EA8000FFF72BFF0128E06240F0D5800023A4F8B7
:10EA90004830A4F84A30A4F84C30A4F84E30A4F81A
:10EAA0005030A4F85230A4F854301823A4F856304B
:10EAB0009823A4F858307023A4F85A3004F1660261
:10EAC0004FF4807322F8023F01339BB2B3F58C7F81
:10EAD000F8D104F19602002322F8023F0133902B73
:10EAE000FAD14FF48C72A4F8B82140F21912A4F8AC
:10EAF000BA214FF48D72A4F8BC2140F21B12A4F885
:10EB0000BE214FF48E72A4F8C02140F21D12A4F869
:10EB1000C2214FF48F72A4F8C42140F21F12A4F84E
:10EB2000C62104F5E37222F8023F01339BB2B3F52C
:10EB3000807FF8D100232022A4F8B222A4F8A832C2
:10EB4000A4F8AA32A4F8AC32A4F8AE32A4F8B032D9
:10EB500004F2C62222F8023F0133202BFAD1E76AE1
:10EB6000002F76D0013F012F70D8636B002B40D16E
:10EB700004F148012046FFF7C6FE94F82930002B27
:10EB800064D1FF2840F38980B0F5807F00F0AA802F
:10EB90006FF4807318441C2858DC574D35F820203A
:10EBA00015F82010C2F3C80201F007012046FFF754
:10EBB00094FE04F52A7160632046FFF7A4FE1D2829
:10EBC00044DC05EB800520466A886978C2F30E02B2
:10EBD000C1F30311FFF781FEE36B002B74D0226CAD
:10EBE000904200F28580636C1B1A4ABFD218A3635F
:10EBF000A263E16BE369A26B00296DD0581CE06150
:10EC00008A5C1A70E36B5BB1626CA16B501C606430
:10EC1000595C9954D4E910329A4204BF00236364CA
:10EC2000A36B226C0133934208BF0023A363636B81
:10EC3000013B636341E0022891D104F52A7204F19B
:10EC400048012046FFF780FE002888D06FF00200C0
:10EC5000F8BD606BD8B92046FFF714FE0546204684
:10EC6000FFF710FE00B205EB00252046FFF70AFE75
:10EC700006462046FFF706FE00B206EB002080F4B1
:10EC80007F4080F0FF008542E0D1681C6761013859
:10EC9000606338B32046FFF7F5FDE3695A1CE26173
:10ECA0001870E26B4AB1636C591C6164D054D4E9AA
:10ECB00010329A4201D100236364D4E907239A42B7
:10ECC000FFF4D4AE0020C3E7D4E906239B1A984290
:10ECD000BCD84042A0638CE79A5C1A70E3690133A8
:10ECE000E361A4E7236B002B3FF4C3AE0120AFE741
:10ECF0006FF00400ACE700BFC46F060838B50546E6
:10ED00000C4604B938BD2846013CFFF7BBFDF8E7C7
:10ED100038B50546FFF7B6FD04462846FFF7B2FDB5
:10ED200044EA002080B238BD70B50E460446FFF7B5
:10ED3000A9FD05462046FFF7A5FD1F2D014639D147
:10ED40008B2837D12046FFF79DFD082805D12046A6
:10ED5000FFF798FD1F28054602D96FF0020070BD2D
:10ED600006212046FFF7CAFF6B0706D52046FFF7AE
:10ED7000CFFF01462046FFF7C1FF280704D52046F4
:10ED8000FFF780FD0028FAD1E90604D52046FFF7F9
:10ED900079FD0028FAD1AA0702D52046FFF7B8FF6F
:10EDA000022384F828304FF0FF3363620F2333606F
:10EDB0000120D4E72BB201EB03231F22B3FBF2F2B5
:10EDC000C2EB4212981AC8D105F08F03082BC4D1A8
:10EDD0008B06C2D42D0908350123EDB284F8283002
:10EDE00063623560BBE7F0B51FFA82FC41F2B056B2
:10EDF000120C4FF6F17411B94CEA0240F0BDB14269
:10EE00000D4628BF354625F00F0707440346BB4291
:10EE10000ED105F00F001844834243D1BCFBF4F33C
:10EE2000491B04FB13CCB2FBF4F304FB1322E2E70F
:10EE30001878604493F801C002448444987862448E
:10EE4000604493F803C002448444187962446044E7
:10EE500093F805C00244844498796244604493F86E
:10EE600007C002448444187A6244604493F809C09D
:10EE700002448444987A6244604493F80BC002448C
:10EE80008444187B6244604493F80DC00244844477
:10EE9000987B6244604493F80FC002448444624407
:10EEA0001033B4E713F8017BBC446244B4E70000BC
:10EEB00010B50B4C0346014410468B4200D110BDE7
:10EEC00013F8012B424002F00F0054F8200080EAB2
:10EED000121000F00F0254F8222082EA1010ECE722
:10EEE000706F060870B5C6690446FFF7BDFD051EC4
:10EEF00013DB94F82830012B05D0022B0FD06B1EAA
:10EF00005D425D4109E0E169626A891B3046FFF7B5
:10EF10006AFF012D606216D00025284670BDE169A8
:10EF2000626A891B3046FFF7C3FF012D6062F3D18F
:10EF30002046FFF77FFD636ADB4383420CD1204606
:10EF4000FFF778FDE9E72046FFF781FD636A83421A
:10EF500018BF6FF00305E0E76FF00305DDE7000081
:10EF60002DE9F743054640680E46174698460028A7
:10EF700056D0EC68002C35D10121F8F72BFA4FF46C
:10EF8000A260E1F775F92146E8604FF4A162043010
:10EF900008F04AF9EB68DD60E8682D4B03612B7AD5
:10EFA00080F80C45C3F3830403F00303012B2BD13A
:10EFB000002C08BF08244FF0010909FA04F948465B
:10EFC000EC68E1F755F92060EC682268C4E9102983
:10EFD00000234FF0FF3184F82D30A3616363216378
:10EFE000A364A36394F80C3583BB3744266267623D
:10EFF000201DFFF777FF012825D1EB6883F80C056A
:10F00000EB68186A801B10E001A90430FFF78CFE42
:10F01000002805DB2B7A03F00303022B08D158B13B
:10F020001623C8F800304FF0FF3003B0BDE8F0837E
:10F03000032B01D10128F3D1019B14B1A342A8BF36
:10F0400023461C46B7E70028DAD0E9E70020ECE7C2
:10F0500049E8030830B5048A856802FB0412847C01
:10F06000D208042C18BFC943A85C01F00701003B7B
:10F070004FF0010404FA01F418BF012320EA040050
:10F080008B401843A85430BD038A02FB0313827CD3
:10F09000DB08042A826818BFC943D05C01F007016D
:10F0A000084100F0010070472DE9F04F0A9C078AE3
:10F0B00090F81290FF08B4F1000E07FB02F218BF9F
:10F0C0004FF0010E0B444FF0010A994201D1BDE807
:10F0D000F08F8468DDF82480B9F1040F02EBD105CC
:10F0E000254416BFCC4301F0070404F007040AFAD4
:10F0F00004FB4FF0000C0EFA04F4B8F1000F01D13C
:10F100000131E2E715F80C6026EA0B06264305F804
:10F110000C6008F1FF38BC44EFE730B5058AD4082D
:10F1200005FB0411856802F00702685C003B4FF0A4
:10F13000010404FA02F418BF012320EA04009340FA
:10F140001843685430BD30B58368058AD40805FB80
:10F15000043302F00702585C104100F0010030BD9A
:10F160002DE9F043089C079FB4F1000C18BF4FF045
:10F17000010C17444FF0010EBA4201D1BDE8F083F3
:10F18000048AD50804FB051584682C4402F00705A1
:10F190000EFA05F904EB03080CFA05F5444501D114
:10F1A0000132E9E7267826EA09062E4304F8016BC6
:10F1B000F4E710B5048A02FB0411826822F81130CA
:10F1C00010BD038A02FB0311836833F811007047F6
:10F1D00070B5068ADDE9044502FB0611826802EB80
:10F1E00041026CB1013C1946164602E026F8025B6A
:10F1F00001390029FAD1018A02EB4302C91AEEE76C
:10F2000070BD30B5048A856802FB0412920849007B
:10F21000A85C01F0060103248C4003F0030320EAFC
:10F2200004008B401843A85430BD038A02FB03132B
:10F230009B0882684900D05C01F00601084100F09B
:10F24000030070472DE9F843089F81460C4690461D
:10F25000CE181744A6420CD9454606E02A46099B1B
:10F2600021464846FFF7CDFF0135AF42F6D80134BD
:10F27000F0E7BDE8F88310B5048A02FB04125208D7
:10F280008468A05CC90749BF20F00F0000F00F00A0
:10F2900003F00F03184358BF40EA0310A05410BDF9
:10F2A000038A02FB03135B088268D05CCB074CBF68
:10F2B00000F00F000009704710B5048A806802FB57
:10F2C0000400435410BD10B58368048A02FB043364
:10F2D000585C10BD30B4847C0C256C43024D2C5915
:10F2E000A44630BC604700BF6872060830B4044BC7
:10F2F000847C0C2505FB043330BC5B68184700BFD9
:10F3000068720608F0B5059E002E2BDD002B29DD66
:10F310000B44002B26DD1644002E23DDC5899542C3
:10F3200020DD87898F421DDD90F812C00E4C4FF012
:10F330000C0E0EFB0C4422EAE272A468AE42D4BF6B
:10F34000C2EB060CC2EB050C21EAE171CDF814C04A
:10F35000BB42D4BFC1EB0303C1EB0703A446BDE826
:10F36000F0406047F0BD00BF687206082DE9F04F1D
:10F37000814685B008461446EEF790FD06462046C5
:10F38000EEF78CFD002EB9F80C30074619DA724200
:10F390009A4212DAF3180193012302934FF0000B03
:10F3A000002FB9F80E4016DA7B42A34205DA3C443E
:10F3B0004FF0010A0025A54227D1062005B0BDE87F
:10F3C000F08F9E42F9DA03F1FF3B731E01934FF079
:10F3D000FF330293E4E7A742EFDA651E4FF0FF3AEE
:10F3E0007C1EE8E7A8EB0601039A4846FFF77EFF7C
:10F3F000414603462A464846FFF76CFF029B984465
:10F40000019B4345EED15544D5E7EB1BD84603930A
:10F41000F6E770B504460D1F00EB820654F8040FA2
:10F42000EEF73CFDB44245F8040FF7D170BD10B5BE
:10F4300086B00C680846042202A9FFF7EAFF059B84
:10F440000193049B00932046DDE902120123FFF79C
:10F4500059FF062006B010BD10B586B00C680846EE
:10F46000042202A9FFF7D5FF059B01930123009316
:10F470002046DDE903230299FFF744FF062006B08A
:10F4800010BD10B588B00C680846052203A9FFF727
:10F49000C0FF079B0193069B00932046DDE90423F0
:10F4A0000399FFF72FFF062008B010BD2DE9F041AA
:10F4B0008046D1E900400F46EEF7F0FC0546B868FB
:10F4C000EEF7ECFC002D1DDBA389AB421ADD061E16
:10F4D00018DBE389B34215DDB8F1030F09D13246D9
:10F4E00029462046FFF702FF400040F00100BDE83A
:10F4F000F081F868EEF7D2FC3246034629462046F2
:10F50000FFF7E8FE0620F2E737B504460846EEF7B7
:10F51000C5FCA27C074B01900C2101FB0233E28960
:10F52000009200229D68A38920461146A847062024
:10F5300003B030BD687206082DE9F04F89B004466B
:10F54000486802928A461D46EEF7A8FC8046DAF823
:10F550000800EEF7A3FC8346DAF80C00EEF79EFCF9
:10F56000042C019018D9DAF81000EEF797FC044645
:10F5700008F1FF324FF6FE739A42474609D80BF165
:10F58000FF369E42D94604D8B4F5803F01DA44459F
:10F5900004DA0020EDF780FB4446E9E7019A062AE9
:10F5A00050D8DFE802F004534635353D51000BF1E9
:10F5B000070929F00709A9F1080601230393029B13
:10F5C000DAF8000043F0040205A9EEF799FEA9EB72
:10F5D0000609039B664307FB09665E43069BB3EB84
:10F5E000D60FD6D325B91A491420EEF750FB05469D
:10F5F000DAF800306B60059BAB60019BA5F80C80CE
:10F600002846A5F80EB0AB742C8209B0BDE8F08F87
:10F61000073408F1070724F0070427F00707CCE7B1
:10F62000033408F1030724F0030427F0030702233F
:10F63000C4E7013408F1010724F0010427F00107B1
:10F640000423BBE70348A5E70823B7E71023B5E782
:10F65000BC7206089FD4050870B50C461D461146BD
:10F660002046054AEDF7ECFF294620460023BDE879
:10F6700070400222FFF760BF0A0008007FB50B68E8
:10F680008A68019303284B680293039288BFCB6872
:10F6900005930122049201AB002205210248FFF7E5
:10F6A000DBFF07B000BD00BFBC72060808B54068AC
:10F6B000EEF726FE80F00100C0B208BD2DE9F74F3D
:10F6C0000546D1E900A00C46F4F710FF8046A0687B
:10F6D000EEF7E4FB0646E068EEF7E0FB042D834618
:10F6E00040D92069EEF7DAFB034608F1FF3813E052
:10F6F000A4F12002602A28BF7F24203C1A4A24B2A9
:10F70000C6EBC40435461444002D0DDA013506F16C
:10F7100008029542F8D12E4618F8014F002CE7D187
:10F72000062003B0BDE8F08FBAF80C20AA42EDDD48
:10F7300014F805905F46B9F1000FE7D019F0010FFA
:10F740000CD0002F0ADBBAF80E20BA4206DD3A468A
:10F75000294650460193FFF7BDFD019B4FEA590929
:10F760000137E8E70123C0E7DC720608F8B51F4659
:10F77000038A8468069D02FB031106460C4405B902
:10F78000F8BD204607993A4607F04EFD338A013D01
:10F790001C44F4E72DE9F84F0B9D078A846805F0B7
:10F7A0000F0502FB071205EB051A984604EB5204FD
:10F7B0005FFA8AFAFF1A01F001060A9B0BB9BDE84D
:10F7C000F88F0A9B013B0A93CEB9C1464FEA590B09
:10F7D0005A465146204607F027FD19F0010F04EB69
:10F7E0000B0209D014F80B0000F00F0040EA0510DE
:10F7F00004F80B0006B9013202EB5704DDE7B8F15B
:10F80000000FE2D0237823F00F032B4304F8013BD1
:10F8100008F1FF39DAE72DE9F04F884689B0002377
:10F820000D6807938346052203A94046CDE90333BB
:10F83000CDE90533FFF7EDFDBBF1060FDDE903462A
:10F84000DDE905A9079F10D9D8F81800EEF76AFC82
:10F8500058B1CDE900975346324621462846FFF776
:10F8600051FD062009B0BDE8F08F4FF00108534666
:10F870003246214628460197CDF80080FFF742FD29
:10F8800006EB09025346013A21462846CDE9008796
:10F89000FFF738FD434632462146CDE9009728461A
:10F8A000FFF730FD04EB0A01CDE9009743463246ED
:10F8B0000139D3E708B50A460168007AF7F7DEFE9A
:10F8C000BDE80840EEF7EABA70B4039D65B10D1EBD
:10F8D0000ADB8689AE4207DD151E05DBC489A54219
:10F8E00002DA70BCFFF7F6BC70BC70472DE9F04F30
:10F8F00087B015460093009ADDE910A3561A002E32
:10F90000AAEB0507DABF8E1A4FF0FF384FF0010857
:10F91000002FDABFA5EB0A074FF0FF394FF00109BE
:10F92000BE420C461DDB4A46C14690463A46374623
:10F9300016462A4614460D46002201927200029293
:10F940007A00C7EB460603924FF0000B5F450ADCD6
:10F95000012200991092524607B0BDE8F04FFFF720
:10F96000B3BF0122E9E7019ACAB1002C0FDB8289FB
:10F97000A2420CDD002D0ADBC289AA4207DD0593F5
:10F980002A4621460490FFF7A5FCDDE90403002E7A
:10F9900013DA029A4D4416440BF1010BD6E7954257
:10F9A000F5DB8289AA42F2DD002CF0DBC289A2429B
:10F9B000EDDD059322462946E4E7039A4444B61A4E
:10F9C000E5E710B588B00C680846052203A9FFF7E3
:10F9D00020FD079B0193069B00932046DDE904234D
:10F9E0000399FFF783FF062008B010BD2DE9F04F03
:10F9F00087B01F46129B144603F0040203F0010C6B
:10FA000003F0020B039203F00802DB06DDE9109518
:10FA100080460E46049232D5BCF1000F07D0012378
:10FA200000930195FB18A4EB0902FFF76BFCBBF1F7
:10FA3000000F09D0012300930195FB18A4EB0902E4
:10FA4000F11B4046FFF75EFC039B4BB10123009383
:10FA50000195FB1804EB0902F11B4046FFF752FC2D
:10FA6000049BA3B30123109304EB0902FB18314656
:10FA70004046119507B0BDE8F04FFFF743BC01EBDE
:10FA8000070AA4EB0902CDF800C02B4651460592A7
:10FA9000FFF71AFF059ACDF800B02B46F11B404640
:10FAA000FFF712FF039B009304EB09022B46F11BA7
:10FAB0004046FFF709FF049B109304EB09022B4615
:10FAC0005146404607B0BDE8F04FFFF7FDBE07B016
:10FAD000BDE8F08F2DE9F04F95B00B6807930F4606
:10FAE0000023064605220FA93846CDE90F33CDE99C
:10FAF0001233FFF78EFC0F9B0893109B0993DDE9EF
:10FB00001243062E0A9320D9B869EEF70BFB072E95
:10FB10004FEA00151AD0F869EEF7C0F900F00F00AF
:10FB200040EA05030593119B53EA040211D1059B9A
:10FB300003F00F030093DDE90701DDE90923FFF777
:10FB4000C3FE062015B0BDE8F08F002545F00F0379
:10FB5000E8E703FB03FA4FEA4A0206925D0004FB62
:10FB600004F200264FEA4208C5F101050B92554305
:10FB700008FB03F93746B346B14531DA069B650009
:10FB80000026C5F101050AFB05F504FB03F937461C
:10FB9000B3464E45D5DC0B9B079806EB030A059B45
:10FBA00002930A9B5744CDE90043DDE908125B4606
:10FBB000FFF71CFF05EB4703002B04F1FF32A3EB1B
:10FBC0000703C4BF14461F46069A069BA9EB020210
:10FBD0002B440BF1010B4644C4BF91461D46D8E7A8
:10FBE00006EB0A020C92059A02920A9A07980D9364
:10FBF000CDE900B2DDE90812FFF7F8FE069B1E44CE
:10FC00000C9B1F440D9B05EB4702002A03F1FF31BB
:10FC1000A2EB0702C4BF0B461746A9EB080105EB90
:10FC200008020BF1010BC4BF89461546A4E72DE974
:10FC3000F04F91B002AF0B683B62814648680C46BA
:10FC4000EEF72CF97862A068EEF728F9052207F1A3
:10FC50002C010646E068EEF753FB97F834103D6B35
:10FC600000224020F7F79AFCB5EB400F4FEA400323
:10FC700029D3B5FBF3F82069EEF710F94FEA4803F2
:10FC8000B9F1050FF8613B6140F2E0806069EEF781
:10FC900049FA002800F0DA804FEA480303F1010A2C
:10FCA0004FF000434FF00109BB616FF00044CA45BB
:10FCB0000ED14FEA880808F1070828F00703FB6017
:10FCC000BB69A34214DA06203C37BD46BDE8F08F7D
:10FCD000494607F12C00FFF7EDFDBB698442A8BF40
:10FCE000044609F102098342ACBFBB61B861DEE79B
:10FCF000FB68C7F814D00021ADEB030D07F12C0011
:10FD0000FFF7D8FD0121824607F12C00FFF7D2FD55
:10FD10003B6902AD814603F1FF3B4FF000085946B5
:10FD200007F12C00C7F80490FFF7C4FD0BF1FF3179
:10FD3000814607F12C00C7F808A0FFF7BBFD7A68E1
:10FD4000BB684A45ABF1020B824603D0944214DAF9
:10FD50004C4514DA4A451146B8BF4946A14226D15E
:10FD60004A4550DA01230093796AFB6906EB0902E0
:10FD70005144386AFFF7A8FD19E04C45EADAAAEBCE
:10FD80000301A4EB020C0CFB01F14901A9EB0202F7
:10FD900091FBF2F202EB431212F1100348BF02F1A1
:10FDA0002F0308F101005B1145F828308046BBF1B4
:10FDB000FF3FB4D1B8F1000F21D008F1FF3C002380
:10FDC00005EB83029C4531DCA2194FF0000905F1D7
:10FDD000040B4FF0010AF86955F829105BF8293037
:10FDE000CDE900A0786ABA605B1A0133014409F1D9
:10FDF0000209386AFFF786FAC845BA68EBDC0134B5
:10FE0000D7F814D05CE7796A3244194403DD012342
:10FE10000093FB69ADE7FB69019306EB09030093CF
:10FE20007B6A386A5344FFF761FDC0E7116852F8F6
:10FE3000040F814208DD05EB830245F82300516081
:10FE4000002B18BF013BBBE70133BBE7002107F1E3
:10FE50002C00FFF72FFD0121804607F12C00FFF752
:10FE600029FD3B6981465C1E214607F12C00FFF706
:10FE700021FDCB46611E814607F12C00FFF71AFDDC
:10FE8000FB69019306EB090300937B6A796AC2461A
:10FE90000344023C80460BEB0602386A5144FFF7EC
:10FEA00025FD631CE0D10EE773B50D460E490646ED
:10FEB000F6F70BFF044628B10FCC0FC523682B6063
:10FEC00002B070BD304601AA6946EEF78FF800987F
:10FED000031F012B02D92046ECF7DEFE01992B46C9
:10FEE0000122FFF729FBEBE7BC7206082DE9F04F72
:10FEF0000E468DB0D1F80080054602A97068FFF764
:10FF0000D3FFB068EDF7CAFF8246F068EDF7C6FF91
:10FF1000042D04464FF0000936D8CDF824904FF058
:10FF2000FF37B8F80C6056452ADDB8F80E00A0423D
:10FF300026DDBDF81450CAF10002AA4220DABDF84D
:10FF40001630614299421BDA5544B5422AEAEA79F1
:10FF5000234424EAE474A8BF35468342D4BF009307
:10FF600000900029ACBFC4EB010AC4F1000A002ACA
:10FF7000ACBFC9EB020BC9F1000B009B9C422DDB0F
:10FF800006200DB0BDE8F08F3069EDF787FF052D35
:10FF90000746CDF82490C4D070690628C1D007A9BF
:10FFA000FFF782FFBDE7019A0BEB060102A8FFF7FE
:10FFB0009DF9099A03462AB10146002207A8FFF7D6
:10FFC00095F903469F4204D0224631464046FFF74A
:10FFD00081F90136AE42E6DB0134CEE70AEB0403D9
:10FFE0004E460193F6E700002DE9F04FCBB00AAA88
:10FFF00001F1400514464B780E781B0443EA066372
:020000040804EE
:10000000CE7833438E78043143EA06238D4244F898
:10001000043BF0D11024916B16464FEAF14383EA7A
:10002000714383EA9123716A366852F8045F314460
:100030000B444FEAB54181EAF51181EAD50101345B
:100040000B44402CD363E6D1036D0093436D0193C1
:10005000836D0293C36D0393036E0493436E059304
:10006000836E0693C36E0793DDE9067ADDE9041C0F
:10007000DDE90258DDE900462C4B08934FF0000EF5
:100080000DF12809089A52F8043B08924FEAF12230
:1000900082EAB11282EA7162099259F82E2003EBCA
:1000A000020B099A27EA01035A4401EA0C0B83EA7E
:1000B0000B031A44524486EA05034FEA743A06EAEF
:1000C000050B8AEAB40A23408AEAB45A83EA0B038E
:1000D0000EF1010E5344BEF1400F02EB080B134426
:1000E000A846BA461AD1009AD3180365019B1C1979
:1000F000029B44659E19039B86655D19049BC5653B
:100100005B440366059B5918069B416663448366FE
:10011000079BDF19C7664BB0BDE8F08F67463546D1
:100120008C46264659461C46ACE700BF507606086A
:100130000023002203640023C0E912230B4B0C4A66
:100140000C49DFF840C0C0E914230B4BC0E916137B
:100150000A4BC0E918C30A4B836603F17453A3F535
:100160002303A3F69243C366704700BF85AE67BB07
:1001700067E6096A72F36E3C3AF54FA58C68059BF9
:10018000ABD9831F7F520E5170B50C468D180026D7
:10019000AC4200D170BD036C14F8012BC254013382
:1001A000402B0364F4D10146FFF71EFFD0E9123261
:1001B00013F5007342F10002C0E912320664E7E76A
:1001C0001FB504460846237913B10848ECF764FDCF
:1001D00001A90522EEF794F804F10800DDE9011207
:1001E000FFF7D2FF062004B010BD00BFA3D405085E
:1001F00070B50D4604461146284602221E46EDF70C
:100200001FFA21467820EDF742FD002303710446D2
:100210000830FFF78DFF012D03D131682046FFF72D
:10022000CFFF204670BD70B5056C8022372D42553A
:1002300004460E4600EB050337D800F137020021D3
:100240009A422FD1D4E91223ED00AD1843F10003F7
:10025000C4E912531BBA2DBAC4E90E352146204613
:10026000FFF7C2FE013E1823226DDA4006F8012F87
:10027000626DDA403271A26DDA403272E26DDA40BC
:100280003273226EDA403274626EDA403275A26ED8
:10029000DA403276E26EDA40083B13F1080F32772B
:1002A000E2D170BD03F8011FCAE7C0F101010020CF
:1002B000CA183F2A08D921462046FFF795FE382262
:1002C000002106F0B1FFBDE703F8010FF0E70000E1
:1002D0001FB50379044613B10948ECF7DDFC01238F
:1002E000037120216846E0F7DDFF029904F1080060
:1002F000FFF799FF6846F3F7FFFC04B010BD00BF9D
:10030000A3D4050808B5830703D10268034B9A42BA
:1003100002D00348ECF79AFE08BD00BF2C25060862
:10032000AFD405082DE9F843C36853F82270054699
:10033000894614464C454FEA840603D8EB689F5122
:10034000BDE8F883013CEB686408394653F8248023
:1003500000204246ECF7A8FC1E28EFD1EB6843F8DA
:100360000680E7E72DE9F047D0E902834C0053F817
:1003700021A005460E4601340F464445EB6808D3DC
:1003800043F827A03A4631462846BDE8F047FFF734
:10039000C9BF04F10109C1450AD203EB840253F835
:1003A000241052680020ECF77FFC0E2808BF4C4652
:1003B000EB6853F8242043F82720630027465C1C91
:1003C000DBE738B5FFF79EFF8468054664080CB983
:1003D000062038BD013C21462846FFF7C3FFF6E75B
:1003E00038B5FFF78FFF83681BB90A490A48EBF756
:1003F0004DFEC168013B0C6851F8235083600D60CD
:10040000C268002142F823100BB1FFF7ABFF204672
:1004100038BD00BF6FD405084C1F060870B50546EF
:100420000E46FFF76FFF044631462846F1F7D9FA2A
:10043000A2682046013A0021FFF774FF062070BD34
:1004400038B500F10C0100F10803456804460122AB
:100450000068A8470346A06808B1ECF741FE03B95D
:100460002373207B38BD000030B58DB01D4603AB33
:1004700001931F4B0093401B0C46012301EB8501A8
:10048000EDF70CF90398062814D11A4B06931A4B72
:100490000793012D1DD104AA082108A8E0F712FF37
:1004A00004A821680322EDF713FC08A8F3F71EFC4B
:1004B0000DB030BD08AA0221EDF7BAFD089B1868FF
:1004C000F4F714F8089B06905868F4F70FF80790B3
:1004D000DFE70A4B6068059302210490F6F77AFF84
:1004E00004A821680322EDF7F3FB0620E0E700BF34
:1004F000A0770608C4C3050835D80508BD740308ED
:100500000123FFF7B1BF0223FFF7AEBF2DE9F04F84
:10051000012191B00446F6F75DFF002503680593BD
:10052000082108A8049406958DF81C50E0F7ACFE4D
:1005300004A8CDE90E55FFF783FFDFF8F092DFF84E
:10054000F0A2DFF8F0822F462E469DF81C406CB1D9
:1005500004A8FFF775FF5D2C7BD038D83A2C2CD837
:100560001F2C06D80A2C25D8082CEED8AE48ECF75C
:1005700093FBA4F12002D2B20123934013EA0A0FA5
:1005800040F0FD8013EA0803DFD1222CEED109935D
:100590009DF81C100029E9D0222940F0A08004A871
:1005A000FFF74EFFDDE90910F3F7ACFB04464FF00F
:1005B000000B27E00D2CC8D0D8E75B2CD6D100214A
:1005C0000846F1F79FFC04464FF0010B1AE0742C2B
:1005D0006DD039D8662C4CD06E2CC7D19DF81C300C
:1005E000752BC3D104A8FFF72BFF6C28BED104A83C
:1005F000FFF726FF6C28B9D104A8FFF721FF4FF0C1
:10060000000B0624002E40F0EF802046EDF74CFB57
:100610000746BBF1000F40F0FD809DF81C00E0F79D
:1006200075FF002840F014819DF81C30002B9DD1EF
:10063000002C9BD00E9B002B98D108A8E0F74EFE13
:10064000204611B0BDE8F08F7B2C00F0C9807D2CD6
:100650008CD1002E8AD00E9B002B00F0FD80013B38
:100660000F9A0E9352F823603046EDF71DFB0746B4
:100670006BE79DF81C30612B7FF478AF04A8FFF77F
:10068000DFFE6C287FF472AF04A8FFF7D9FE732851
:100690007FF46CAF04A8FFF7D3FE65287FF466AF44
:1006A00004A8FFF7CDFE4FF0000B0E24AAE79DF83B
:1006B0001C30722B7FF45AAF04A8FFF7C1FE7528D7
:1006C0007FF454AF04A8FFF7BBFE65287FF44EAF5C
:1006D00004A8FFF7B5FE4FF0000B1E2492E75C293B
:1006E0000CD104A8FFF7ACFE7528014606D86D288A
:1006F00008D862283FD0662808BF0C2108A8E0F778
:1007000041FE34E0A0F16E03072BF7D801A252F8A6
:1007100023F000BF35070408FD060408FD060408A1
:10072000FD0604087B070408FD06040839070408D1
:100730003D0704080A21E1E70921DFE700244FF023
:10074000040B04A8FFF77CFE40F02000A0F130036A
:100750005738DBB2C0B2092B88BF0346BBF1010B8F
:1007600043EA0414EDD1214608A8E0F712FE04A8DC
:10077000FFF766FE0CE70821C0E70D21BEE7002366
:1007800009939B46214608A8E0F7FCFD9DF81C4014
:100790002D2C18D011D82B2C15D02046E0F7CAFEEE
:1007A000034680B9DDE90910BBF1000F12D00093B8
:1007B0001A460393C2F738FDF8E604F0DF03452B31
:1007C00005D14FF0010B04A8FFF73AFEDAE72E2C13
:1007D000E3D1F6E75B460A22C2F7E6FB044611E7DF
:1007E0000020EFF71DF9EEE64F4515D121463046C2
:1007F000F1F7F7F8BBF1000F3FF4A7AE0F9B13BB67
:1008000001210CA8F1F734FA0F9B1E602046EDF78A
:100810004BFA0746264698E675B9BBF1000F7FF400
:10082000A5AE254691E600BFB9D405082C250608DB
:100830000020FF0301100004294622463046EFF74E
:10084000F3F90025D6E731460CA8F1F7CAF8DDE741
:1008500004A8FFF7F5FDE0E63446DEE600B58DB00E
:10086000052201A9EDF74CFD029BCDE90433019B64
:10087000069301238DF81C30054B089304AB0993B4
:1008800008A80023CDE90A33FFF740FE0DB000BDF4
:100890006C2E060830BF062070470000024B186817
:1008A000400040F00100704780050020F0B562492B
:1008B00095B00546C87E4B7C0A7C0990887E0890DE
:1008C000487E0790087E0690C87D0590887D04903C
:1008D000487D0390087D0290C87C0190897C00913E
:1008E00056485749C3F732F907F08EFF044607F020
:1008F00085FF2246034653495048C3F727F90AF0BB
:10090000EDF904460AF0DEFA06460AF0E1FA074677
:100910000AF0F6FA33462246CDE900704A494748C4
:10092000C3F714F9494A4A494448C3F70FF9494AF9
:1009300049494248C3F70AF9484A49493F48C3F779
:1009400005F9484A48493D48C3F700F9474A48492C
:100950003A48C3F7FBF8474A47493848C3F7F6F81F
:10096000464A47493548C3F7F1F8464A46493348AD
:10097000C3F7ECF8454A46493048C3F7E7F8454A1B
:1009800045492E48C3F7E2F8444A45492B48C3F786
:10099000DDF8444A44492948C3F7D8F80DAB0CAAFE
:1009A0000BA90AA8E0F7B0FB0D9B01930C9B3F49F4
:1009B00000932248DDE90A23C3F7C8F80DA8DFF742
:1009C000B3FE3B491D48C3F7C1F80D9A39491B488E
:1009D000C3F7BCF8DDE90E2337491848C3F7B6F86A
:1009E000139B009335491548DDE91123C3F7AEF891
:1009F000334BD3F8B841A4B1D4E90012314806F022
:100A000077FCB0B9A4680DA904F14400C1F74BF913
:100A1000B4F852200D9B2C4908485A435202C3F7A0
:100A200095F8012D02D10548E0F768F9062015B0C8
:100A3000F0BDE468DFE700BF007AFF1F0C0D060879
:100A4000C2D40508F9D4050814D50508F8E106084C
:100A50002BD5050800E2060836D505080000002061
:100A600042D50508400000204DD505084000002073
:100A700058D50508B022002062D50508F8BF01202E
:100A80006CD50508F8FF012078D505080000002086
:100A900084D50508B022002093D50508F8BF0120B1
:100AA000A3D5050800000220B1D50508BED505086C
:100AB00006D605080BD6050817D6050822D6050860
:100AC000400000203A94050834D6050808B510F017
:100AD000DFFB000001480C21F3F740B9107AFF1F3B
:100AE0002DE9F043814685B08846D0B90AF0F6F882
:100AF000F0F7C4FC00900AF0E5F9F0F7BFFC0190B4
:100B00000AF0E6F9F0F7BAFC02900AF0F9F9F0F70A
:100B1000B5FC694603900420F5F774F805B0BDE80C
:100B2000F0830868EDF7BAF9051E2C4605EBD5767B
:100B3000B8BFEC1CB9F1010F4FEAA4044FEA6606F6
:100B400020D0D8F80400EDF7A9F9B9F1020F074653
:100B50000CD0D8F80800EDF7A1F9B9F1030F04465D
:100B600004D0D8F80C00EDF799F906463346224632
:100B70003946284610F0DAFB10F1160F04D106486A
:100B8000ECF78AF82F46F1E7002802DA03480EF066
:100B9000FBFC0620C2E700BF48D605084CD6050876
:100BA00007B538B10023009302200B680193694612
:100BB00016F03AFA10F098FC062003B000BD07B515
:100BC00038B10023009302200B680193694616F0A8
:100BD0002BFA10F0B7FC0000114B5A6812F0020F0C
:100BE000104A0BD0042111601A6842F008021A6002
:100BF0000D4A536F43F08073536770470A4B5B6F26
:100C000013F0C04F02D003231360F1E713F0206FFD
:100C100001D00123F8E713F0806318BF0223F3E744
:100C2000007000408005002000380240014B002287
:100C30001A6070478005002008B50FF007FC16F019
:100C4000F8FC72B60021084610F02CFB08B5FFF73F
:100C5000F3FF000000487047D000002007B50B46A6
:100C600030B90C48022103B05DF804EBF3F74AB841
:100C7000186801A9F3F7ACFC019B022B02D00020FD
:100C8000ECF70AF8034B02781A7042785A70062083
:100C900003B000BD3100002013B50B4628B90D4844
:100CA00002B0BDE81040F3F74FB801A91868F3F798
:100CB0008FFC019C202C014602D90020EBF7ECFFB1
:100CC0002246044806F066FA024A0023062013551D
:100CD00002B010BD1000002001480021F0F7C8BF8D
:100CE000D0000020F8B50D4E0024D6F89830A3426D
:100CF00000D8F8BDD6F89C3053F824703846ECF78D
:100D0000D3FF05463846ECF7CFFF437C05EB830560
:100D10002B695B6803B198470134E6E74000002087
:100D200008B5064BD3F898201AB905490548EBF7E2
:100D3000ADF9D3F89C30186808BD00BF4000002012
:100D40005ED60508BC1E060830B585B0052201A98F
:100D5000EDF7D6FADDE901230020D118914204D144
:100D6000400040F0010005B030BD12F8015B0824DE
:100D700080EA050343F3000323F0730383EA500082
:100D8000013CC0B24FEA5505F2D1E7E770B5044621
:100D90000E46EFF31185102383F31288C388C268CF
:100DA0001B049361062010F049FA16B1E368E2884B
:100DB0009A61362010F042FAE368E2889A610A20CC
:100DC00010F03CFA85F3118870BD70B50C4612F036
:100DD00025F806462046EDF761F80825044604F09C
:100DE00001013046FFF7D2FF013D4FEA6404F6D11E
:100DF000062070BD38B50D4612F010F8044628469E
:100E0000EDF74CF801462046FFF7C0FF062038BD3D
:100E100038B5C368C2889A610446EFF31185102380
:100E200083F31288C388C2681B049361062010F004
:100E300005FAE368E2889A61092010F0FFF9E36897
:100E400022891B69C2F3431223FA02F485F3118845
:100E5000372010F0F3F904F0010038BD70B511F03F
:100E6000DDFF002506462C463046FFF7D1FFA8409F
:100E700001350443082DE4B2F6D1600040F00100D2
:100E800070BD08B511F0CAFFFFF7C2FF400040F087
:100E9000010008BD70B511F0C1FFC388C2681B0412
:100EA000054693614FF4F07010F0C8F9EFF3118626
:100EB000102383F31288EB68EA889A61462010F0C9
:100EC000BDF9EB681C692B89C3F34313DC40E44391
:100ED00004F0010486F311884FF4CD7010F0AEF9E0
:100EE000002C0CBF0E201E2070BD00000048704773
:100EF0007C7B060838B5094B094DD3F8B8410CB9CD
:100F0000062038BDA06810F0030205D10368AB428B
:100F100002D11146C1F73AFCE468F0E74000002036
:100F2000BC8406081FB5ECF7B9FF041E02DA0020E6
:100F3000EBF7B2FE21466846E0F7B4F90299204685
:100F400010F0ACF86846F2F7D7FE04B010BD000010
:100F500008B5ECF7A9FE044A044B984218BF90422A
:100F60000CBF0120002008BD00910608A86C0608EF
:100F7000F8B505460C46ECF797FE134FB84203D17F
:100F80000021284613F0CCFE2846ECF78DFE0F4ECC
:100F9000B04203D1002128460FF05AFB2046ECF75F
:100FA00083FEB84203D10121204613F0B9FE20464A
:100FB000ECF77AFEB04205D120460121BDE8F840A9
:100FC0000FF046BBF8BD00BFA86C060800910608EC
:100FD00000487047A07C060800487047907C0608CF
:100FE00000487047607C0608F0B5114C114D124E58
:100FF000124F23782A683168386801FB02310144B6
:1010000082EAB1724FEA717083EA1223434083F09F
:1010100001033860DBB240F0020780EA904080EACA
:101020004210237037602A6080EA4300F0BD00BFA1
:1010300085050020880500208C05002090050020F3
:1010400038B50546012404EA0503AB4205D3FFF792
:10105000CBFF20408542FAD938BD640044F001043A
:10106000F1E710B52DED028B0C46ECF76DFF204635
:10107000B0EE408AECF768FFFFF7B6FFC0F316004A
:1010800040F07E5007EE100AF7EE007A30EE480A84
:1010900077EE677AA0EE278AB0EE480ABDEC028BA5
:1010A000BDE81040EFF77CB938B50D46ECF7F6FE19
:1010B00004462846ECF7F2FE844208DC001B0130AF
:1010C000FFF7BEFF2044BDE83840F0F7D7B9002055
:1010D000EBF7E2FDF8B5074608680E46ECF7DEFED2
:1010E000012F054607D1002828DDFFF7A9FFBDE83D
:1010F000F840F0F7C3B97068ECF7D0FE022F044651
:1011000006D185421ADA401BFFF79AFF2844EEE722
:10111000B068ECF7C3FE061E0BDD601B30440138DF
:1011200090FBF6F0002809DDFFF78AFF00FB065070
:10113000DDE703D0601B30440130F1E70020EBF71E
:10114000ABFD000008B510B1086806280ED115F0F7
:10115000E5FC084B1860084B45221A60074BE92252
:101160001A60074B00221A70062008BDECF7A2FE99
:10117000EFE700BF900500208C05002088050020C7
:101180008505002010B5ECF789FE2028044602D919
:101190000848EBF781FD58B1FFF726FFC4F12004A2
:1011A0004FF0FF33E3401840BDE81040F0F781B93D
:1011B000012010BDB9D6050810B50446EDF762F858
:1011C000ECF76CFE031E0ADDFFF73AFFF0F756F965
:1011D000042201462046BDE81040EDF765B80248FC
:1011E0000021EAF753FF00BF4C1F0608044B197893
:1011F00021B9012208461A70FFF7A4BF06207047E4
:101200008405002008B5FFF7EFFEC0F3160040F09C
:101210007E5007EE900AB7EE000ABDE8084037EEB0
:10122000C00AEFF7BDB8000070B5064608460D4687
:10123000ECF734FE041E02DB7368A34203DC0A48A9
:101240002946EBF72DFF06EBC404E5684DB1B06805
:10125000ECF72AFD22692946521BBDE87040F2F7DF
:1012600085BD062070BD00BF4C1F06084A680149B5
:10127000C2F76CBCC5D605080A460149C2F766BC70
:10128000D4D605082DE9F74F07460C4600921ABB45
:1012900001F10C05D4F800B0ECF7C4F94FF00008E8
:1012A0005E46C2463B780BB1292B17D1BAF1000F2D
:1012B0000DD02368A3EB0A03013B5AB29A4218BF30
:1012C00048F001085FFA88F80DB105F80A30B8F166
:1012D000000F18BF002750E00025DBE73F2B00F090
:1012E0001C8113D8243BDAB20A2A17D822680A2BA9
:1012F00014D8DFE813F0C601130013001300BF0079
:1013000013003C0179011300130064005E2B00F010
:10131000AF8110D85B2B5CD05C2B2BD03A46266873
:10132000002D49D0731C23600123AB552368591C41
:101330002160117839E07C2BF0D1BAF1000F00F078
:1013400073812368A3EB0A03013B5AB29A4218BF88
:1013500048F00108002D00F06A8105F80A30226883
:101360000BF10200A2EB0B0205EB0B01284405F088
:1013700045FF5CE17B7823B90027384603B0BDE820
:10138000F08F43F02001642907F1010203D043F0FC
:101390002403772BC3D1266875B1731C2360052302
:1013A000AB552368591C21607978E954636801338F
:1013B00063601746013775E7B31C2360F6E7531CDB
:1013C000164623600DB10223AB546368013363609A
:1013D000F0E726687978721C5E2907F10103226024
:1013E00018D10DB10423AB550237236801332360B4
:1013F00063680133636000213B785D2B0FD14BB2F2
:101400008B4218BF48F001085FFA88F8002DD1D050
:10141000A954CFE70DB10321A9551F46E5E75C2B81
:101420001BD17B78781C43F02007642F10D107462E
:1014300000232068DDB100F1010CC4F800C02B547A
:101440002368581C20603878E85401370131D3E70D
:1014500043F02407772FEAD00746002B8CD078780A
:101460002D28E6D1B8785D2818BF0237E1E70230B1
:101470002060EAE77B783F2B164631D1BB783A2BC8
:101480002ED1002302379946781C009A01932146F9
:10149000FFF7F8FE074600283FF46EAF0278292ACE
:1014A0007FF46AAF019B002B84D02268531C236019
:1014B0000DB17E23AB5423684FEA49095A1C09F148
:1014C000010922604FFA89F24A4518BF48F0010825
:1014D0005FFA88F8002D3FF478AF05F8039074E7C1
:1014E000A36803F10109531CC4F8089023600DB1EF
:1014F0007E23AB542268531C23604FEA490359B240
:10150000994218BF48F001085FFA88F805B1AB545A
:101510006368013363600123B6E72268B2423FF497
:101520002BAF2DB1B01C921BA919284405F066FE03
:101530002368023323607B783F2B13D10DB16223E4
:10154000AB55013723689B1B023B5AB29A4218BF26
:1015500048F001085FFA88F80DB12E447370636893
:10156000013339E0002DEDD06123AB55EAE7B242FB
:101570003FF402AF2DB1B01C921BA919284405F00D
:101580003DFE2368023323600DB16022EA542168D6
:10159000731A023B5AB2D21A18BF01220DB1294464
:1015A0004B702368023323607B783F2B17D10DB13A
:1015B0006223AB55013723689B1B023B59B299420A
:1015C00018BF42F0010248EA02025FFA82F80DB148
:1015D0002E4473706368023326686360EAE6002D68
:1015E000E9D06123AB55E6E7B2423FF4C5AE7B7864
:1015F0003F2B14D10DB16123AB5401372368F61A88
:10160000023E72B2B24218BF48F001085FFA88F891
:101610000DB12B445E70266802362660D5E6002D9B
:10162000ECD06223AB54E9E7002D7FF498AE236839
:10163000DA1C226015B12B4460229A70D4F800A005
:101640000AF10103236015B1612305F80B3023680B
:10165000A3EB0B03023B5AB29A4218BF48F00108B1
:101660005FFA88F8002DB5D005EB0B025370B1E797
:101670002268531C2360002D3FF471AF5023AB54FC
:101680006DE7531C2360002D3FF469AF5123F6E74B
:101690001FB50023CDE9023301220A2301A90193DA
:1016A000FFF7F0FD10B1019805B000BD4FF0FF301D
:1016B000FAE7000010B5072204460423C4E900231A
:1016C0000F4B0022C4E9022347F6FB63084623823E
:1016D000A2742146FFF7D6FD08B9012010BD00789D
:1016E0000028FAD12368E1187E220A7301224A7386
:1016F00062680333236002327F238B736260EDE7FD
:101700006203026038B50868F2F7F0FE0546FFF79D
:10171000BFFF431C02D10848EBF7BEFA074910305F
:10172000ECF7B5FA294604460430FFF7C3FF08B1C9
:101730000348F1E7204638BDDCD60508407E0608A0
:10174000E5D6050810B503780A7843F02004642C28
:10175000C3F3401008D16FEA5313303A03F001038A
:10176000092A88BF184610BD732C0AD1202AFAD046
:101770006FEA5313093A03F00103042A88BF18469D
:10178000F1E722F0200141391929ECD9A2F1300109
:101790000929E8D96FEA531303F001035F2A18BF40
:1017A0001846E0E72DE9F04110F8017C0446FB1EE5
:1017B0005E4214F8025B88465E411DB9FE1E18BFEA
:1017C000012611E014F8012C3AB941462046FFF7F2
:1017D000B9FF48B9013D0234EFE798F800309A426A
:1017E000F8D822789A42F5D33046BDE8F0812DE949
:1017F000F3470A9F81460D4690461E46EBF712FFBF
:1018000099F800304F2B11D8D8F80820AA4239D9BE
:1018100009F10104512B14D8052B0ED87BB1023BE2
:10182000032B2AD8DFE803F03D32323F512B09F178
:101830000104EFD1D8F8083069E0502B65D0A146FB
:10184000DEE7622B3DD012D8602B35D0612BF6D16C
:1018500009F1020A99F801400097334642462946A9
:101860005046FFF7C4FF70B94AFA84F4E7E77E2BCD
:1018700035D07F2BE3D1012005E02A7899F801309B
:101880009A4216D0002002B0BDE8F08729462046D3
:10189000FFF788FF0028F6D099F8013004EB4303E6
:1018A0005C1C0135CBE729462046FFF74BFF00289B
:1018B000E9D009F10204F4E799F9014002344C44FB
:1018C000BDE799F90100009709F102043346424649
:1018D00029462044FFF78BFF0028D4D1AFE709F158
:1018E000020499F80190B945A9DA56F829A046F8FA
:1018F000295033460097424629462046FFF777FF96
:101900000028C0D146F829A0BDE7D8F80030AB4286
:10191000B8D194E710B4019C3CB111300193134647
:1019200010BC0A464968FFF762BF0C30F6E70000BA
:101930002DE9F0471568AB0786B080460F4616467E
:1019400003D12A682B4B9A424CD031460120FFF735
:10195000D9FE00240546706802A9F2F739FE029B01
:10196000CDE9030018440590DCB1022F19D9B06805
:10197000ECF794FA029C049B8442A8BF20EAE0742E
:101980002344032F04930CD0F068ECF787FA029AF3
:10199000824203DB84422246B8BF0246039B1344C3
:1019A0000593EF6801374FEA470A0AF10300800008
:1019B000DEF75EFCFA00044600210C3005F034FC32
:1019C000CDF80080534604F10C0203A9281DFFF74F
:1019D000A1FF48B92046DEF773FC0624204606B076
:1019E000BDE8F0870124B6E7034BC4E9003773680C
:1019F000A360F3E7407E0608047E06080A46014617
:101A00000120FFF795BF0A4601460020FFF790BF6F
:101A10002DE9F04F89B0064602AFD1E900800C46AF
:101A2000ECF742F907F1080181466068F2F7D0FD52
:101A3000BB68D8F80C50C7E9030001351844022EE2
:101A400078614FEA450533D9A068ECF727FA0446D8
:101A500000210846F0F756FAAB007B606B46A3EB1B
:101A600085039D4606460DF1080A7A680021504616
:101A700005F0DAFB00953969534607F10C0208F1CD
:101A80001000FFF7B4FEE0B1DAE900218A4218D075
:101A900039694846521AF2F769F901463046EFF7BC
:101AA000A0FFD8F80C20002A04DD0D48EBF7F0FA6F
:101AB0000024CDE7DAF804203A61002CD5DD013CA2
:101AC000D3D1D7E904124846521AF2F74FF901462A
:101AD0003046EFF786FF30461C37BD46BDE8F08F35
:101AE000EED605082DE9F04F8DB0D1F8008018F042
:101AF000030F02AF06460C4604D1D8F80020664B0F
:101B00009A4204D021460120FFF7FCFD8046032EB7
:101B1000D4E9019572D9E068ECF7C0F9064607F1FF
:101B200008012846F2F754FDBB6803447B61D8F8EE
:101B30000C3001335A003A6000223A62DA00103267
:101B4000ADEB020D554A049502ACC7E90300C4E9A8
:101B50000023DB00834604F10C0A7B607A680021D5
:101B6000504605F061FB3B68009307F10C025346B9
:101B7000594608F11000FFF73AFE30B3D4E90332BA
:101B8000934222D03A6A2AB9396907F11800591AE2
:101B9000DFF77AFB3969E26807F11800521ADFF7BC
:101BA00061FB4846ECF7FEF850B321464846EAF799
:101BB000A3FBF2F79BFC017821BBD4F810B0C7F867
:101BC00010B08E42CADD013EC8D13B6A8BB1D7E965
:101BD000041207F11800521ADFF744FB2846ECF70D
:101BE00063F82F4B984207F1180052D1F2F77EF8B4
:101BF000054628462C37BD46BDE8F08F00268EE707
:101C00004846D6E75C2900F1010B3DD14378672BAC
:101C100002D183783C2B23D000229BF80010A1F145
:101C20003003092B2CD800234FF00A0E0EFB0313B0
:101C300058461BF8011FA1F1300CBCF1090FA3F1AC
:101C40003003F3D91AB13E2908BF00F1020B6268D4
:101C50009A4209D85B00134843F00101EBF720FAE0
:101C600000F1030B0122D8E704EBC303D96829B1C3
:101C70001A6907F11800521ADFF7F4FA58469AE782
:101C80005C29FBD10BF1010B07F11800DFF77AFBA0
:101C9000F4E7F2F731F8ABE7407E0608047E060869
:101CA000042E06084C1F060810B504460846ECF73B
:101CB0000FFA02220146201DEBF7B2FD062010BDEF
:101CC0002DE9F74F9DF830A00190884691461C46BB
:101CD00000254D4502D103B0BDE8F08F58F825002E
:101CE000ECF7F6F9012201460198EBF799FD4768F8
:101CF00083468FB91020DEF7BBFA064658F8250058
:101D000030600421F5F766FB8268F760C6E90124BC
:101D1000CBF804600135DCE7BAF1000F01D0BB68F5
:101D20001C43BC60F6E7032837B50D680C460DD19F
:101D30008868ECF7B3F8034600220092281D0122C0
:101D4000211DFFF7BDFF062003B030BD0523F3E7DB
:101D500038B5044608461546ECF7BAF900220146A4
:101D6000201DEBF75DFD10B90220EBF7B9F94468CF
:101D70002846ECF793F8A060062038BD10B5074957
:101D80001C20EBF784FF002104460430EBF712FD22
:101D900000232382A361204610BD00BFB47E060845
:101DA00050F83100042818BF002814BF012000207B
:101DB00070472DE9F74F82460C4691460FF01CFA0A
:101DC00083460120EBF748FA0025A846DAF80430EC
:101DD0009D4211D30FF010FAB8F1000F3BD1B9F1C9
:101DE000FF3F35D0A0EB0B03994534D90BEB09032A
:101DF000181AEBF795FAE7E7DAF80830294618469B
:101E0000FFF7CEFF10B303EBC50303215F6801ABFF
:101E1000D7E90006BA68B047411CF86002D10198C2
:101E2000EBF75EF990B108F101087CB1C20742BF3F
:101E3000236801332360430742BF63680133636053
:101E400030F005031EBFA3680133A3600135BDE771
:101E5000EBF761FAB8E7404603B0BDE8F08F000049
:101E600070B50C468EB0054602AA206805A9ECF7AD
:101E7000BDF8606803AA06A9ECF7B8F8A06804AA40
:101E800007A9ECF7B3F8042D47D04FF0FF35DDE993
:101E900005131944079B0124194408A8EBF78AFC91
:101EA0002346059A0299009408A8FFF709FF069AAD
:101EB00003990094042308A8FFF702FF1823079A48
:101EC0000499009408A8FFF7FBFE00242A4605A900
:101ED00008A8CDE906440594FFF76BFF2146059855
:101EE000F0F710F821460B900698F0F70BF8214612
:101EF0000C900798F0F706F8CDE90644099D0D907F
:101F0000059421468D421BD108A8EBF767FC0BA96D
:101F10000320F3F777FE0EB070BDE0680628B4D05A
:101F2000ECF712F8B5EEC00AF1EE10FAADDBDFED1A
:101F3000197A20EE270AFCEEC07A17EE905AA6E72F
:101F40000A9B1846FFF72CFF10B303EBC1035B6835
:101F5000DA68D40707D50B98C4680598461C05961F
:101F60001E6844F82060500707D50C98C46806988E
:101F7000461C06961E6844F8206032F0050207D021
:101F80000D9A1B68D068079A541C079440F82230B9
:101F90000131B7E700007A440128F8B50E6807461A
:101FA0000D4616D9486806280ED14FF0FF34022F8F
:101FB00013D0A868EBF772FF70612246301D002134
:101FC000BDE8F840FFF7F5BEEBF768FF041EEEDA58
:101FD000EBE700204FF0FF34EEE70020ECE72DE9BF
:101FE000F3410E68FFF7D8FF0021EFF78BFF0024C5
:101FF00005462746B368A34203D8284602B0BDE889
:10200000F081F36821461846FFF7CAFE98B103EB4A
:10201000C4035A68D36873B15B001268D5F80C80AA
:10202000009243F00103694602200193F3F7EAFDB1
:1020300048F8270001370134DCE770B50C680D461D
:10204000A169064619B90220F3F7DCFDA061294613
:102050003046FFF7A1FF002320826382286870BD0D
:10206000B0F9102038B5034642B1013AB0F9121068
:10207000856802828D4203D800221A82002018E06F
:102080005A8A01325A82DA681046FFF789FE88B10F
:1020900002EBC1025468E26862B198695B69216829
:1020A0008160520042F00102DB07C26001D50023CB
:1020B000A36038BD0131DDE70868704738B5456871
:1020C0002DB18468646AA04740EAE07038BD4FF0E3
:1020D000FF30FBE738B545682DB18468246AA04716
:1020E00040EAE07038BD4FF0FF30FBE704292DE9EE
:1020F000F041466804461F460AD126B18368DB6872
:10210000984700236360032323760020BDE8F08115
:102110005EB9032904D190F9183063B1032B0CD0B8
:1021200016233B604FF0FF30F0E78468A46BA446B1
:10213000BDE8F04160471420E8E72020E6E713B54A
:102140000C68636813B96B20EAF7CAFF01280CD941
:102150004868EBF7A3FE20EAE071A36801AA5B6977
:102160002046984718B10198EEE70221F5E70123D0
:102170000620237602B010BD2DE9F0430C4695B041
:10218000054669462068F2F723FA80466068EBF757
:1021900085FE022D074611D9A068EBF77FFE032DBF
:1021A0000CD0E068EBF77AFE042D07D02069EBF73E
:1021B00075FE052D02D06069EBF770FE009B2BB316
:1021C00002A8DEF715F808BB2068012201A905F076
:1021D000EDF8DDF7E3FF00210520F3F713FD0522FD
:1021E000032302900125C0E902230A23C0E9045316
:1021F00004462A46394601A805F0C8F802A9A0619C
:102200002846EFF77FFE15B0BDE8F083DFF8549065
:102210000024D9F89830A34203D810491048E9F7B0
:1022200035FFD9F89C3053F824502846EBF73CFD95
:1022300006462846EBF738FD437C06EB83063369F8
:102240001E6846B1009A01AB41462846B0470028B7
:10225000C1D0EAF745FF0134DBE700BF5ED60508D1
:10226000BC1E0608400000201FB54B7BDA09C3F3F3
:102270008403039202938B89C3F3441301930B7B72
:1022800003F01F0300930B69B1F90E200249C1F757
:102290005DFC05B000BD00BF06D70508062913B5D3
:1022A00004460FD00846EBF74FFEDFED0D7A20EE27
:1022B000270AFCEEC07A17EE901A63682BB96B20E0
:1022C000EAF70EFF4FF0FF31F7E7A36801AA5B6B57
:1022D0002046984708B10198F2E7062002B010BDE9
:1022E00000007A4410B504460846EBF71BFF28B1FE
:1022F00006212046BDE81040FFF7D0BF0121F8E7D6
:1023000030B543688DB0044613B96B20EAF7E8FE98
:102310000846EBF7C3FD014608A8DEF7C3FF05AA90
:10232000A368019204AA0092DD6ADDE9092103ABEA
:102330002046A847431C01D10598E7E780B10990E2
:1023400008A8F1F7D9FC04990690012203A805F02A
:102350001DF806A907900220F3F754FC0DB030BD1C
:102360000048F0E7342B060870B5436886B0044691
:1023700013B96B20EAF7B4FE0846EBF78FFD014670
:10238000054602A8DEF78EFFA36804995E6A2A4616
:1023900001AB2046B047431C01D10198EAE728B1C0
:1023A000039002A8F1F7A8FC06B070BD0048FBE757
:1023B000342B060830B5044685B06368084613B967
:1023C0002020EAF78DFE052201A9EBF799FF23698A
:1023D00023BBA368DDE901121D6A20466B46A847AE
:1023E000421C01D10098ECE7029B834212D90B20DA
:1023F000E7E7A36801991D6A20466B46A847431C7E
:10240000F0D0029B1B1A0293019B03440193029A92
:10241000002AEED1EFF74DF805B030BD0020F6E709
:1024200030B5044685B06368084613B92020EAF742
:1024300057FE052201A9EBF763FFA368DDE901124E
:102440001D6A20466B46A847431C01D10098EEE761
:10245000EFF72FF805B030BD70B5436886B005467C
:1024600013B91620EAF73CFE21491C20EBF715FCB6
:10247000297B037B61F304030373AB898189C3F375
:10248000441363F349118181697B1A4BC1F38401C1
:1024900043EA8123C1680022C0E90122C1F3090196
:1024A0000B43C3604FF0FF33C0E904320276AB68E0
:1024B00005AA009201469E69044604AB03AA284679
:1024C000B047014608B10598CCE76B686360AB681C
:1024D000A3600220F3F796FB04998460054601226D
:1024E00003A804F053FFE860284606B070BD00BFA3
:1024F000088106080000FFFF70B50D46284611460A
:1025000006221E46EBF79CF815491C20EBF7C5FB8D
:102510000023C0E90133134BC3600446C5B13068E2
:10252000EBF7BCFC237B012D60F3040323730FD076
:102530007068EBF7B3FCA389022D60F34913A38104
:1025400006D0B068EBF7AAFC637B60F38603637385
:1025500000234FF0FF32C4E904232376204670BDE8
:10256000088106082200FFFF436837B50446B3B967
:102570000846FEF7D5FB6060EBF796FB0546606802
:10258000EBF792FB437C05EB830501A92B69A36064
:1025900020469B68984710B10198EAF7A1FD03B067
:1025A00030BD00002DE9F0410D686B6886B00C4627
:1025B00003AE23B9314628460393FFF7D5FF606881
:1025C000EBF76CFC8046A068EBF768FC0746E06818
:1025D000C20705D4830714D10268184B9A4210D160
:1025E000EBF768FC0422029002ABA968CDE9002653
:1025F00028460C6B3A464146A047D8B10398EAF703
:102600006FFD0E28ECD01E28EAD0142F07D1062823
:102610000DD0EBF7C7FB10B1E3680422E5E7052214
:10262000E0683146EBF76CFEDDE90332DDE70022BE
:102630001346DAE7062006B0BDE8F0810424060858
:1026400073B5012204460846694604F0EBFE69466C
:1026500006462046FFF788FFA3683246DD696946D3
:1026600001AB2046A84710B10198EAF739FD0223D3
:102670000620237602B070BD73B5012204460846D9
:10268000694604F0CFFE694606462046FFF76CFF18
:10269000A36832461D69694601AB2046A84710B1C0
:1026A0000198EAF71DFD062002B070BD30B589B073
:1026B000044615460846052205A9EBF721FE01222E
:1026C00003A9284604F0AEFE03A905462046FFF7FD
:1026D0004BFF04AAA368CDE9005220469D6ADDE9BC
:1026E000051203ABA847431C02D10498EAF7F8FC93
:1026F000EEF7C4FE09B030BD401000F10050A0EB71
:10270000610020F0404000F16040400040F00100D6
:102710007047000010B58CB010B10868062858D179
:1027200014F018FB002204A92F4808F0BBFD00227A
:1027300069462D4808F0DBFD9DF812309DF8030036
:102740008DF80A309DF800309DF801109DF80220A8
:10275000BDF810408DF8061000F5FA60013BADF8A9
:1027600004008DF80720ADF808408DF80B3005F017
:102770008FFDADF80C00BDF80400EEF77FFE04906D
:102780009DF80600EEF77AFE05909DF80700EEF73B
:1027900075FE06909DF80800EEF770FE07909DF814
:1027A0000900EEF76BFE08909DF80A00EEF766FE52
:1027B00009909DF80B00EEF761FE0A90BDF80C0041
:1027C000EEF75CFE04A90B900820F3F71BFA0CB09F
:1027D00010BDEBF717FB054BC01801AA41F1000132
:1027E00005F066FDC7E700BF1022002080436D386A
:1027F0002DE9FF4103AA02A9EBF7F8FB029B083B76
:10280000012B02D91848EAF721FC039B1868EBF763
:1028100045FB039B04465868EBF740FB039B0546CA
:102820009868EBF73BFB039B0646D868EBF736FB53
:10283000039B07461869EBF731FB039B80465869F9
:10284000EBF72CFB3B46CDE900803246294620467B
:1028500005F0F0FD054BC01861F10001EEF7FEFD3B
:1028600004B0BDE8F08100BF44D7050880BC92C722
:1028700008B514F0BBFCBDE80840EEF70ABE000046
:1028800008B5EBF761FBDFED067A20EE270AFCEED8
:10289000C07A17EE900A0EF07DFC062008BD00BF3E
:1028A00000007A4408B5EBF7F9FA031E01DB0EF0DD
:1028B00071FC062008BD08B5EBF7F0FA031E01DD38
:1028C0000EF0BCFC062008BD08B50EF095FC034BCD
:1028D00003EA400040F0010008BD00BFFEFFFF7F9B
:1028E00008B50EF08FFC034B03EA400040F00100F6
:1028F00008BD00BFFEFFFF7F10B5064C2368DB0755
:1029000001D40EF03DFB6368034800EA430040F049
:10291000010010BD001000E0FEFFFF7F00B589B090
:1029200014F018FA03A90022104808F0BBFC02A911
:1029300000220E4808F0DBFC9DF80E309DF80B00DD
:1029400001939DF80D309DF80A2000939DF8091021
:102950009DF80C3000F5FA6005F032FD044BC0180C
:1029600061F10001EEF77AFD09B000BD10220020F0
:1029700080BC92C710B504460846EBF78FFA00F109
:102980000053013B6FF04042934203D30549064890
:10299000E9F77CFB054B00EB640003EA400040F0E4
:1029A000010010BD54D7050848200608FEFFFF7F30
:1029B0001FB5052201A9EBF7A3FC0198EEF779FDFD
:1029C00005B000BD38B505460846EEF794FD04464F
:1029D0002846EEF790FD01462046BDE83840ECF76A
:1029E000F7B838B50D46EEF786FD04462846EEF7F3
:1029F00082FD01462046BDE83840F1F7AFB900003E
:102A000008B50148EAF722FB65D7050808B50F2885
:102A100043D8DFE800F0080D0F12151B21294242B0
:102A2000424242423139885C400040F0010008BD1A
:102A30008856F9E731F81200F6E731F91200F3E7AA
:102A4000BDE8084051F82200EEF733BDBDE808406C
:102A500051F82200EEF712BD01EBC201BDE80840BB
:102A6000D1E90001EEF715BD01EBC201BDE8084058
:102A7000D1E90001EEF7F2BC01EB820191ED000A11
:102A8000BDE80840EDF78CBC01EBC201D1E90001C3
:102A900016F012F900EE100AF2E70020C7E7000076
:102AA00070B5054648680C46ECF71CFFC0B9636872
:102AB0009A0707D00C4AA3680C492846BDE8704025
:102AC000C1F744B819680A4A9142F3D19B689B0F39
:102AD000012B07D0074A0849022B18BF0A46EAE72C
:102AE000064AE8E7064AE6E783D705088DD70508D2
:102AF0004C2F06085596050889D705087CD7050888
:102B0000989F050870B50E460446114630460D4A9A
:102B10001D46EAF795FD21461020EBF7B8F804466C
:102B20002868EBF7C7F9A0606B686360032E4FF06D
:102B30000203E36003D1A868EBF7B0F9E060204638
:102B400070BD00BF0600040008280ED14B689A072C
:102B50000BD11868064A904207D19B689B0F012B46
:102B600003D18B681868EEF7A4BC0020704700BF43
:102B70004C2F0608F0B51F46A0F10E03012B85B0BF
:102B800006460C46154616D80E2808D1384601EBE5
:102B90008204EBF7D9F984ED000A05B0F0BD3846A0
:102BA00001EBC204EBF7D0F910EE100A16F02CF886
:102BB000C4E90001F1E73846EBF77CF9072EECD8C1
:102BC000DFE806F00404060609090C0C6055E4E78A
:102BD00024F81500E1E744F82500DEE7054903AADB
:102BE00004EBC5030092895D03933A463C20F4F759
:102BF00093FED2E77883060838B54368012B01D8E5
:102C0000FFF7FEFE8468A40F012C0AD0022C11D01D
:102C1000002CF5D1022BF3D1BDE83840C06800F09C
:102C200023B8022BECD11368032B01D804231360C3
:102C3000042012E0022BC46810D1230F0E2B1EBFFC
:102C4000C3F3410301209840136808BF0420834266
:102C500000D21060C4F35A04604338BD032BCFD1B7
:102C6000006900F001F8F5E72DE9F84F06460F4638
:102C70009246ECF737FE00285AD1B0070AD13268E5
:102C80002F4B9A420BD1524639463046BDE8F84F99
:102C9000FFF7B2BFF10702D52A48EAF7D7F9FFF7E5
:102CA000AFFEF36803EBC50253F83530D3B1042B04
:102CB00018D05068C2072BD54310000FA0F10802AE
:102CC000052A1FD8C3F31002C0F3410009FA00F02F
:102CD000DAF80030834238BFCAF8000013189C426B
:102CE00038BF1C460135B368AB42DAD8022F06D193
:102CF000DAF800305A1E22445B4203EA02042046FE
:102D0000BDE8F88F0E2823F07842DDD10420DFE7FC
:102D10008307C4D103684345C1D18368524639460D
:102D20004FEA630BFFF768FF2BF060430344D6E7DD
:102D30000025DFF80C802C464FF00109D3E700BFD7
:102D40004C2F06089CD7050837B50C6803460022AF
:102D500014F00300019219D12268114DAA4204D146
:102D60002046EBF78FFA03B030BD0E4DAA420DD1CD
:102D7000012B01D0EAF76AF9E168646801AA2046EC
:102D8000FFF772FF400040F00100ECE7022B04D196
:102D90004868EBF783F80146F0E70221EEE700BF51
:102DA000241A06089483060873B50C460546C168C4
:102DB0004068002601AA0196FFF756FFAB68C4E9F8
:102DC000003001233046A36002B070BD2DE9F0430E
:102DD000064685B0144672B3456815F0030203D168
:102DE0002868444B984202D04348EAF72FF9AB6871
:102DF0009B0F022B4FEA61075DD1E868C0F35A03CD
:102E00009F4203DB3D493E48E9F740F96B68022BDE
:102E100038D1D6E90215022D4FEA10700FD1042CDB
:102E200005D13A4605B0BDE8F043FFF7EFBD2346B4
:102E30003A46FFF79FFE204605B0BDE8F0830E2816
:102E40001DBF0123C0F341029340042303FB07127B
:102E5000042C2C49039203AB08D1002D095C0CBF54
:102E60003C203E20F4F7BFFC0446E4E7002D095C5B
:102E7000009308BF3C20134618BF3E202246F4F7BB
:102E80004BFDD8E7042C01D00024D4E7F16803926D
:102E9000286903AAFFF7E8FE1B4980461020EAF7DD
:102EA000F6FE2B694360B36808FB07330446836072
:102EB000F368E360BFE7012BE6D1B368E868D3F8B5
:102EC000008010F0010303D03A464146000FA9E705
:102ED000F168039303AAFFF7C7FE0B498146102050
:102EE000EAF7D5FE09FB0787EB6843600446876075
:102EF000DEE700BF4C2F0608BED70508C3D705087C
:102F00004C1F060878830608948306082DE9F04FC5
:102F1000074685B040680D461446ECF7E3FC10B94F
:102F20007248EAF793F8E900786841F00201ECF79B
:102F30005FFDC207064640F1A2804FEA10784CF2CE
:102F4000FF0323FA08F3DB074FEA600AC0F35A01D4
:102F5000D7E9020218D4CAF3100A022AC1F3444B7B
:102F60004FEAA15500EB0A033DD0003A4FF0010CA7
:102F7000C6F3417018BF012208F001010CFA00F0FD
:102F8000F4F714FC814636E0022A014410D134B92A
:102F90002246404605B0BDE8F04FFFF737BD234657
:102FA00000224046FFF7E6FD204605B0BDE8F08F61
:102FB0004F48039103AB54B9A2420A4610F80810D7
:102FC0000CBF3C203E20F4F70EFC0446ECE7002A40
:102FD000009322460B4610F808100CBF3C203E2000
:102FE000F4F79AFCE0E708F00603022B10D0042B5C
:102FF00011D010F80A90012202FA05F5013D6CB9D2
:1030000029FA0BF0284005B0BDE8F04FEEF736BACC
:1030100030F80A90EFE750F80A90ECE72046EAF71C
:103020003DFF00EA050305FA0BF529EA0509D7E992
:10303000025003FA0BF3022843EA090305EB0A01E5
:103040004FF0010210D108F00608B8F1020F05D0C8
:10305000B8F1040F05D005F80A30A5E725F80A30C5
:10306000A2E745F80A309FE7451EC6F3417668425D
:103070006841B24000901046F4F720FC94E78307C3
:1030800003D102681B4B9A4201D0FFF7B9FC002C18
:10309000FBD18568AB0F012BC5F35C051FD0022B5C
:1030A0000ED0002B80D114491020EAF7F0FDF36810
:1030B00043600446BB682B44A360FB68E36073E78E
:1030C0004368022B0BD1C3681B0F08D1F96803AA10
:1030D000FFF792FDB9682944EBF77AFD75E70649D9
:1030E0001020EAF7D4FD04464660E3E7CAD7050896
:1030F000788306084C2F06089483060810B51446FA
:1031000012681AB9FFF702FF206010BD6268FFF76E
:10311000FDFE0028F9D000232360F6E70228F8B569
:103120000E4607D14868EAF7B9FE022803D90F48CE
:10313000E9F7B2FD00200E4F00F12A0407EB8403EB
:1031400030689D68002D08BF062506280CD0072191
:10315000F4F740F9336807EB84072846BB60316811
:10316000FDF706FF2846F8BD0023F4E7D4D705088D
:103170004000002030B50E4B2A3003EB800393B0A3
:1031800015460C489C6800229A60C0F7DFFC1DB110
:1031900008482946EAF7C2FD44B16846DDF728F839
:1031A00020B92046F3F79DFFDCF7F8FF13B030BDE0
:1031B000400000200C0D06082DE9F04F0025DFF837
:1031C000788095B007462E46A94658F804AFBAF164
:1031D000000F1AD0DAF80030CDF804905A7C03EBD7
:1031E00082035046D3F810B0FDF7B2FE044698B102
:1031F000DBF8084001AB3A4603215046A04704469D
:10320000631C02D02643B74202D00135032DDCD126
:10321000304615B0BDE8F08F02A8DCF7E9FF0028C2
:10322000F0D1DBF8084001AB3A4603215046A047F5
:103230000446DCF7B3FFE3E7EC00002070B52B4D4C
:1032400094B0002455F8040F002836D0FDF780FE16
:1032500098B128680023029303685A7C03EB820329
:1032600001A91B6901221E6802ABB047029B23BB68
:1032700018B39DF8040014B070BD02A8DCF7B8FFC5
:1032800080BB286803685A7C03EB820369461B698C
:1032900001221E6801ABB047064638B9DCF77EFF55
:1032A000134932462046FFF765FF06E001360CD190
:1032B00001980B2807D1DCF771FF0134032CC1D131
:1032C0004FF0FF30D7E7E9F70BFFDCF767FF094B5B
:1032D0009DF800001B688342CDD1E9F739FF6FF0FC
:1032E0000100C8E7039A0449DCE700BFEC000020B6
:1032F000DFD705083400002004D805082DE9F04F79
:103300000026274F93B0814688460C463546B24684
:1033100057F8040FA0B1FDF71BFE0546D8B1386879
:10332000CDF800A003685A7C03EB820349461B6971
:103330004246D3F804B06B46D8478442A8BF04463F
:103340000136032EE4D1002D14BF20464FF0FF308C
:1033500013B0BDE8F08F6846DCF74AFFB8B93868AB
:10336000022342464946F4F753F806280DD043108D
:1033700023EAE373A342A8BF234610F0010F18BF4E
:103380001C46DCF70BFF0125DAE72C46F9E7019A2A
:1033900004493046FFF7EEFE01250024D0E700BFC8
:1033A000EC00002038D8050830B5012885B0144657
:1033B0001D4602D11320E9F793FE08B90120FAE770
:1033C00080686A46E8F7FCFF25B1A200294602A8FA
:1033D00003F0E0FE6A4600212046E8F7A0FF05B0B2
:1033E00030BD000000F00703022B2DE9F74306462D
:1033F00011D083070BD000251D4FDDF80480D7F8CE
:10340000B84107F5DC7964B91620E9F769FE02686E
:10341000184B9A42EFD101A93046F1F7D9F8054689
:10342000EAE7EDB1636843451AD121684246284670
:1034300003F022FFA0B9E368C9F80030D7F8B4312F
:103440009C4202D10023C7F8B43100231A464FF43E
:10345000B3612046FFF7A8FF062003B0BDE8F08364
:10346000A368B342E7D004F10C09E468CBE700BFDE
:1034700040000020042E060830B51B4CD4F8B401DF
:1034800085B078B300231A4640F25341FFF78CFF12
:10349000D4F8B4215268012A034620D0F1F726F867
:1034A000054603F0FFFED4F8B4315B680133191808
:1034B0006846DDF7E9FED4F8B4316846D3E9001276
:1034C000DDF7D0FE2B782F2B01D16B781BB129466D
:1034D0006846DDF799FF6846F0F7F2FB03461846A9
:1034E00005B030BD3223FAE74000002073B5417BC0
:1034F0008468054629B1204602B0BDE87040E9F76E
:10350000F3B88CB16268E3688360012A0FD132237B
:10351000427301934FF48E6101AB2046FFF744FFE5
:10352000A860E9F7E1F80446204602B070BD032028
:10353000F2F768FBD4E900120646094B287B094CD8
:10354000013A00280CBF204618460131F0F70EFC66
:1035500048F201020123C6E90323B0603446E3E7E1
:10356000042E0608D42D06082DE9F04103782F2BF0
:1035700006460F4605D0174BD3F8B4418CB9A04688
:1035800002E001364FF001083478CCB1114BD3F88A
:10359000B8410CB9012413E06568013D03D1A6EBE5
:1035A00008063E600CE021682A460131304603F0EF
:1035B0009FFE60B9735D2F2B06EB050203D13A60C5
:1035C0002046BDE8F08113B9034B3B60F8E7E4689F
:1035D000DFE700BF4000002056CA050870B58AB07A
:1035E000D8B90146EEF78EFC324BD3F8B841054608
:1035F00014B928460AB070BDA3680693D4E9000147
:10360000F0F780FB06A907900220F2F7FBFA0146CB
:103610002846EEF7E6F9E468EAE706AB0193264BA5
:1036200000930423EAF73AF802A90798F0F7D0FFCD
:10363000069D04AA06464FF499612846E8F7C2FCA5
:10364000049A4AB91D480395037A00EB83030121CC
:103650001C6903ABA04705461020DCF709FE029B5E
:103660000660C0E90135002302224FF49961C3606E
:1036700008AB0446FFF798FE0798F0F737FF03A959
:10368000FFF772FF012813D96368012B02D043684A
:10369000012B0DD00120E9F723FD02F10C031A687C
:1036A0001AB151680129F8D1E2601C600625A0E733
:1036B000034BF4E74000002024840608BC8406087D
:1036C000F8010020F7B50E460546F0F70FFF01A9F7
:1036D000FFF74AFF012804460FD92846EAF7E4FA23
:1036E0000746019803F0DEFD019902463846F0F7DF
:1036F0003DFB3060204603B0F0BD0020F9E700003C
:1037000010B586B002AC084B009301940423E9F78E
:10371000C5FF21460298FFF7D5FF234602227621F6
:10372000FFF742FE06B010BD0484060837B56946AF
:10373000FFF7C8FF0D4C0546A0B9D4F8B80120B971
:103740000620C4F8B45103B030BD4268012A07D145
:103750003223019301AB40F2E931FFF725FEEFE799
:10376000C068ECE76B460122F5E700BF400000208F
:1037700073B501280CBF0D680A2501A92846FFF77B
:10378000A1FF0646B0B90F491020EAF780FA0E4BA8
:1037900043600E4BD3F8B831836004462846EAF7FD
:1037A00083FA0B4B6673C31A584258412073204664
:1037B00002B070BD01AB01224FF48E61FFF7F4FD42
:1037C0000446F4E764270608ED34040840000020AE
:1037D000042E060838B5FFF7CBFF00210546084642
:1037E000EEF790FB04462846E8F77EFF08B920462E
:1037F00038BD04220121EAF757FD01462046EEF7C5
:10380000F0F8F0E713B501A9FFF75CFF044610B923
:103810001120E9F765FC012807D00198F0F766FE52
:10382000064903F04DFD0028F2D001AB012240F221
:10383000BF412046FFF7B8FD02B010BD56CA0508CB
:1038400007B501A9FFF73EFF01AB01228021FFF779
:10385000ABFD03B000BD37B50D466946FFF732FF3B
:1038600001A904462846FFF72DFF844202D001201B
:10387000E9F736FC6B46022240F22F51FFF794FD28
:1038800003B030BD07B501A9FFF71CFF01AB012252
:1038900040F23651FFF788FD03B000BD07B501A91E
:1038A000FFF710FF014680B90A20F2F7ABF9034693
:1038B00048F2010243F8082F012100F12C0243F8DD
:1038C000041F9342FBD103B000BD01AB012240F2C3
:1038D0006951FFF769FDF6E707B501A9FFF7F2FEA9
:1038E000D8B9114BD3F8B80180B901460A20F2F7D4
:1038F00089F90121031D00F1280243F8041F9342B6
:10390000FBD140F20113C36203B000BD4368012B39
:1039100001D0C068E8E73223019301AB012240F2F5
:103920006B51FFF741FDEFE74000002030B597B045
:1039300001A9FFF719FE0128054631D98068EAF789
:10394000B3F9447C019944B100EB8403A8681B6976
:103950001B6817B0BDE8304018470846F0F7F4F987
:10396000029004A8DCF744FCB8B902AB012240F293
:1039700069512846FFF718FD0446DCF70FFC204686
:1039800003AA0A21EAF754FB039B1868EAF786FAB0
:1039900010F4804F0CBF02240124204617B030BD24
:1039A0000024FAE770B596B06FF00403064604A849
:1039B0000D460193DCF71CFC044678B9104A02A9B5
:1039C0000220CDE90265FFF709FE2846FFF7AEFEAB
:1039D0000194DCF7E3FB019816B070BD059C094922
:1039E0002068F3F7D3F80028F5D02046ECF7D0FA9A
:1039F00001A9EAF72BFA019B5B420193EBE700BFB9
:103A0000641D0608BC1E06081FB5114C0094490031
:103A1000520041F0010142F00102C22481600261C2
:103A2000CDE90143C0F80CD0069B03930246002168
:103A30000798E8F774FC062807D0EAF72FFA002861
:103A4000C8BF6FF0150004B010BD0020FBE700BF39
:103A5000E019060870B50D46044600F1080240F270
:103A60001D512846E8F7ACFC04F11C0240F2BA51A3
:103A70002846E8F7A7FA04F1300240F27D412846D3
:103A8000E8F7A0FA236B23B1238843F004032380D3
:103A900070BD04F1300228464FF4AF61E8F792FAA6
:103AA00004F1380228464A21BDE87040E8F788BC96
:103AB00073B5048814F0010406D00469184623463F
:103AC00002B0BDE87040184745680226CDE90036CF
:103AD000083005FB02F32246FFF796FF02B070BDE7
:103AE00073B5C4691546B4B1048814F0010406D056
:103AF000446A1846234602B0BDE870401847426841
:103B00000226CDE900361C3002FB05F32246FFF702
:103B10007BFF02B070BD6FF01D00FAE708B50B46E1
:103B2000018811F004010FD05B00520042F0010245
:103B300043F00103C263836300F1300200210220DD
:103B4000BDE80840E8F7EBBB032B03D0042B0AD0F9
:103B5000062008BD036B002BFAD000F130020846A6
:103B6000E8F7DDFBF4E700F138020846E8E7062055
:103B70007047000030B50446ADF5037D0846154694
:103B8000EAF7D0FA08B100232362A3881B0714D5F3
:103B90002846EAF7C7FA70B14FF400730093002289
:103BA00002AB092104F14400BEF7DEFA28B1074B4D
:103BB000185CE9F795FA0D20F9E7A388062023F0B1
:103BC0000803A3800DF5037D30BD00BFA486060861
:103BD00013B5044601A94430BEF765F8014618B193
:103BE000114B185CE9F77CFA0A20F2F70BF8B4F8ED
:103BF00052309B0243F00103C0E90233636E023B83
:103C00005B0043F001030361019B5B0043F0010390
:103C1000C0E905330123C0E90733C0E9093340F2A5
:103C2000FF13C36202B010BDA486060810B5C6B06B
:103C30006A464430BEF712F840B99DF8083013F0D8
:103C4000100F0CBF0220012046B010BD0020FBE782
:103C50002DE9F0410446C8B00846F0F747FC037868
:103C6000014623B12F2B54D14378002B51D102931D
:103C700042F62103039310238DF8103000210A200F
:103C8000F1F7C0FF9DF81030BDF80C10264E13F070
:103C9000100FBDF80E3003F01F024FEA4202044637
:103CA00001924FEA5120C3F345120CBF4FF4004874
:103CB0004FF480480092DB0A01F01F0200F2BC7052
:103CC000C1F3431104F07CFB4FEA480343F00103C6
:103CD000A36001238619C4E90333C4E90533E36112
:103CE000029861F10007EDF7E4FB394620623046A7
:103CF000EDF7B4FB394660623046EDF7AFFB39466D
:103D0000A0623046EDF7AAFBE062204648B0BDE86D
:103D1000F08102AA04F14400BDF7A0FF0028ADD055
:103D2000024B185CE9F7DCF980BC92C7A486060850
:103D300000B5A3B0812201A94430BDF7FEFD18B142
:103D4000044B185CE9F7CCF901A8EFF7FDFF23B0AD
:103D500000BD00BFA486060810B504460846F0F76B
:103D6000C5FB014604F14400BDF7BAFD18B1034B91
:103D7000185CE9F7B5F9062010BD00BFA486060857
:103D800010B504460846F0F7B1FB014604F14400C3
:103D9000BEF73FF818B1034B185CE9F7A1F906200C
:103DA00010BD00BFA48606080228F8B50F680C46AF
:103DB00020D14868124EE9F777FF861B606818BF6C
:103DC0000126F0F793FB05460E494020E9F765FF11
:103DD0000D4B43600D4B83600446067300F11001E8
:103DE0002A4607F14400BDF7D1FE30B1084B185CFC
:103DF000E9F776F9074D0126E6E72046F8BD00BF52
:103E0000D42D060828270608253E0408193E040874
:103E1000A486060844D9050808B51030BDF7E9FEA8
:103E2000062008BD70B5C6B0694606461030BDF71D
:103E3000E9FE014640BB9DF816302BB30420F1F794
:103E4000E1FE337B04460DF11600ABB1EFF77CFFCA
:103E5000A0609DF80830009813F0100F48F201039D
:103E600008BF4FF00113E36001232361EDF721FB4D
:103E70006061204646B070BD03F014FA01460DF1B2
:103E80001600EFF76BFFE3E706F11000BDF7B1FE98
:103E90000024EEE738B50446084611464FF00212FA
:103EA0001D46E9F7CDFB21464FF42070E9F7EFFE00
:103EB0000223838040644FF40073836029680446C2
:103EC0000430FFF7C7FD04F14400BDF795FA0D2853
:103ED00005D1A38843F00803A380204638BD0028FD
:103EE000FBD0024B185CE9F7FBF800BFA48606087C
:103EF00030B5ADF5057D03AB0022186001211248F5
:103F0000FFF7C8FF4FF4007500F14404009504ABBF
:103F1000002209212046BEF727F90E2806D1009578
:103F200004AB002202212046BEF71EF918B1074B50
:103F3000185CE9F7D5F806492046BEF791F8062047
:103F40000DF5057D30BD00BFBC840608A4860608BB
:103F50006DD80508F0B500F14404C7B00846154611
:103F6000F0F7C4FA6A46064601462046BDF776FEDB
:103F700018B10B4B185CE9F7B3F89DF8083003F063
:103F80001003AB4207D131462046BDF7E7FE0028BB
:103F9000EFD147B0F0BD002D0CBF15201420EAE78B
:103FA000A486060808B51022FFF7D4FF062008BD36
:103FB00008B50022FFF7CEFF062008BD2DE9F0412D
:103FC000074608469046F0F791FA05464046F0F756
:103FD0008DFA29460246064607F14400BDF7A5FFC3
:103FE00008280AD1002241463846FFF7B3FF32467F
:103FF000294607F14400BDF798FF18B1034B185C40
:10400000E9F76EF80620BDE8F08100BFA486060837
:1040100010B504460068F3F764F82046BDE8104088
:10402000DCF74EB91FB5037942799342044617D3A2
:104030008379934203D94FF0FF3004B010BDE9F704
:1040400067F901230093A279206803ABE11DF3F720
:1040500088F8039BC0B26071002BECD10028EAD035
:104060005A1C22711C44E079E7E70000F0B5C90052
:1040700087B041F0020142F682031D4A04910646D0
:1040800004A902200593FFF73BFB01210746F3F744
:10409000A1F900228468039203AB0B213846A047A4
:1040A000431E033319D8092838BF0920FF2828BF29
:1040B000FF200446E01DDCF7DBF801230760847174
:1040C00005460093C11D03AB22463846F3F749F875
:1040D0006871039818B1E9F703F81924EAE7054B6A
:1040E00028717360044B3560B36007B0F0BD00BF4A
:1040F000641D0608254004081140040810B4036834
:104100005A7C03EB820301211B691C680023A4462F
:104110001A4610BC604710B403680A46597C03EB8A
:10412000810302211B691C680023A44610BC604760
:1041300038B5436804469A4228BF1A4600681546B7
:1041400003F028F823682B44236063685B1B6360DB
:1041500038BD00000FB407B504AA054852F8041B87
:104160000192BFF745FB03B05DF804EB04B0704764
:104170000C0D06081FB50C4611460A4A0392CDE9FC
:1041800000041A4602A8CDF808D0BFF731FB24B1CD
:10419000DDE900321AB903F8012C04B010BD002289
:1041A0001A70FAE7314104080CB407B504AB53F8B0
:1041B000042B0193FFF7DEFF03B05DF804EB02B0C0
:1041C000704700007F2801D880B27047B0F5803F6B
:1041D00001D30020704740F2B5139942F9D1064A45
:1041E00000231188814204D00133802B02F10202A6
:1041F000F7D18033D8B27047228A06087F280DD9BC
:1042000040F2B513994201D000207047FF28FBD837
:1042100000F10040024B803833F81000704700BFB7
:10422000228A0608B0F5803FF0B522D21F4A204905
:1042300083B2B3F5805F38BF0A46141D34F8042CEE
:104240002146AAB1934213D334F8025C2E0AEFB28E
:1042500052FA85F5A84223DA082E09D8DFE806F0DD
:10426000050A10131517191B1D00801A34F8103099
:104270001846F0BD9A1A02F001029A1A93B2F7E7B3
:10428000103B9BB2F4E7203BFBE7303BF9E71A3BDE
:10429000F7E70833F5E7503BF3E7A3F5E353F0E71F
:1042A0000434002ECAD101EB4702C6E77487060822
:1042B0003088060808B510EE103A5A002DED028B32
:1042C000B0EE408A11D4F7EE007A30EE678A38EE0D
:1042D000080AA8EE080A02F059FF38EE000ABDEC01
:1042E000028BBDE8084001F06FBB23F00043B3F13F
:1042F0008B4F15D2BFEE000AA8EE080A02F046FF67
:1043000070EE087AB7EE007A87EE270AF0EE007AB0
:1043100098EE270ABDEC028BBDE8084002F0A4B875
:1043200002F0A2F8BDEC028BDFED027A30EE270A34
:1043300008BD00BF1872313FDFED0A7A9FED0A7A9F
:10434000DFED0A6AA0EE277ADFED097AE7EE007A60
:10435000B7EE007AA0EE267A67EE807A87EE870ABB
:10436000704700BF6BD30DBCBA132FBDAEE534BF91
:1043700075AA2A3E10B510EE104A24F00043B3F19E
:104380007E5F2DED028BB0EE406A14D319BF76EE3E
:10439000467A9FED237ADFED237A9FED237A12BFD1
:1043A00087EE276AE0EE077AB0EE676ABDEC028B13
:1043B000B0EE460A10BDB3F17C5F0BD2A3F500034B
:1043C000B3F1645FF2D320EE000AFFF7B5FFA0EE71
:1043D000066AEBE7B0EEC06AB7EE008A38EE468AAE
:1043E000F6EE007A28EE278AB0EE480A02F0CEFEFA
:1043F000B0EE406AB0EE480AFFF79EFFA0EE066AF4
:10440000002CDFED0A7AB0EE007AE6EE077A9FED37
:10441000066A36EE676AB8BFB1EE466AC6E700BF05
:104420000000000000008003DA0FC93F6821A2B33A
:1044300008B510EE103A23F00042B2F17E5F2DED88
:10444000028BF0EE405A12D30AD19FED360ADFED0F
:10445000367A002BB8BFB0EE670ABDEC028B08BD00
:1044600070EE405ADFED2F7A87EEA50AF5E7B2F13C
:104470007C5F11D2B2F14A5F9FED2C6A4ED920EEDB
:10448000000AFFF759FFDFED2A7AE0EE657A75EE54
:10449000E75A36EE650AE0E7002BB7EE008AF6EE43
:1044A000007A1ADA70EE085A25EEA78AB0EE480AAA
:1044B00002F06CFEB0EE406AB0EE480AFFF73CFF37
:1044C000DFED1C7AE0EE067A9FED180A77EE867A29
:1044D00030EE670A30EE000ABFE738EE408A28EE79
:1044E000278AB0EE480A02F051FE10EE103A6FF340
:1044F0000B0305EE903AB0EE487AA5EEE57A70EE41
:10450000257AB0EE405A87EE276AB0EE480AFFF7E8
:1045100013FFA0EE056A36EE250ADBE7B0EE460A89
:104520009BE700BF00000000DA0F4940DA0FC93FE7
:104530006821A2336821A2B310B52DED048B84B09D
:104540008DED010A019C24F00043B3F18B4F08EE7E
:10455000103A11D3B0EE480A01F086FFDFED207A61
:1045600030EE278A002CB8BFB1EE488AB0EE480A78
:1045700004B0BDEC048B10BD620014D5F7EE008AC8
:10458000B0EE680AA8EE080A02F000FE70EE087AA3
:1045900088EEA70AF0EE007AA8EE270A01F064FF81
:1045A000B0EE408ADEE7B3F1665F10D368EE088AAA
:1045B000B7EE009A38EE890A02F0E8FD70EE097A4B
:1045C00088EEA70A30EE080A01F0FEF9E8E7DFED11
:1045D000057A78EE277ACDED037A039BC2E700BF18
:1045E0001872313F0000807BF4EE400AF1EE10FAC1
:1045F00010B5F0EE407A04D770EE207AB0EE670A7C
:1046000010BD10EE902AB2F17E5F03D1BDE81040DC
:1046100000F082B810EE103A940F04F0020444EA5D
:10462000D37433F0004308D1022C59D09FED317A76
:10463000032C08BFF0EE477AE0E732F0004209D1E0
:10464000DFED2D7A9FED2D7A14F0010F08BFF0EE0B
:10465000477AD3E7B2F1FF4F10D1B3F1FF4F04F126
:10466000FF3407D1022C3ED8254B03EB8403D3ED56
:10467000007AC3E7022C39D8224BF6E702F15061E9
:104680009942DDD3B3F1FF4FDAD0A10703D503F18F
:10469000506393420CD387EEA00AB0EEC00A00F03C
:1046A0003BF8012CF0EE407A04D1F1EE407AA5E718
:1046B000DFED157A022C0AD0002C9FD09FED137AE3
:1046C00077EE877A9FED127A77EEC77A96E79FEDBD
:1046D0000F7A77EE877A9FED0E7A77EE677A8DE71D
:1046E000DFED0B7A8AE7DFED0B7A87E7DFED067AFD
:1046F00084E700BFDB0F49C0DB0FC9BFDB0FC93F39
:10470000308B0608248B0608000000002EBDBB334A
:10471000DB0F4940DB0F493F10EE102A22F0004327
:10472000B3F1994F82B00ED3B4EE400AF1EE10FA15
:1047300007D69FED410ADFED417A002AB8BFB0EEFF
:10474000670A02B070473E498B420BD8B3F1665FEF
:104750005AD212F0FF4FF4D160EE007ACDED017A1B
:10476000019BEEE737498B42F0EEC07A37D8A1F5CE
:10477000D0018B4229D8F0EE006ABFEE007AA7EE96
:10478000A67A002377EEA67A87EE270A591C60EEF8
:10479000006A9FED2D6ADFED2D7ADFED2D5A26EEB2
:1047A000A67AE7EE067A9FED2B6AA7EE876ADFED21
:1047B0002A7AE7EE257A67EE877AE6EE267A67EEC2
:1047C000807A24D130EE670ABBE7B7EE007A77EE45
:1047D000C76A77EE877A012386EEA70AD6E71F49D4
:1047E0008B420BD8F7EE086AB7EE007AA7EEA67AEE
:1047F000022337EEE66A86EE070AC7E7BFEE007AC5
:1048000087EE270A0323C1E74FF0FF33BEE71449C1
:10481000144801EB830100EB830393ED007A77EEFC
:10482000C77A002A37EEC00AD1ED007A37EEC00A07
:10483000B8BFB1EE400A84E7DA0FC93FDA0FC9BF4B
:10484000FFFFDF3EFFFF973F25AC7C3D0DF5113E9E
:104850004712DABDA9AAAA3E98CA4CBEFFFF1B4068
:104860004C8B06083C8B06081FB58DED010A019C98
:1048700024F00043B3F17C5F00EE103A23D2B3F191
:104880003E5F0DD214F0FF4F04D160EE007ACDED03
:10489000037A039B002CB8BFB1EE400A04B010BDF0
:1048A00030EE007AF7EE007A67EE006A77EEC07AB3
:1048B00086EEA70A30EE070A01F086F8F6EE007AD7
:1048C00020EE270AE6E7F7EE007A77EEC07A80EE70
:1048D000277A37EE070AEFE770B510EE105A844AD0
:1048E00025F00043934286B0044605D8002380EDAE
:1048F000000A4360002022E07E4A93423AD825F025
:104900000043002DDFED7C7A7C4A23F00F0318DD95
:10491000934230EE670A09BFDFED797A9FED797A2D
:104920009FED797A30EE670A70EE477A30EE670ACB
:10493000C0ED007A30EE470A80ED010A012006B092
:1049400070BD934230EE270A09BFDFED6D7A9FED0F
:104950006D7A9FED6D7A30EE270A70EE077A30EEB1
:10496000670AC0ED007A30EE070A80ED010A4FF0C9
:10497000FF30E4E7654A93426CD89FED657AB0EE6C
:10498000C00AF6EE007AE0EE077AFDEEE77AB8EEBE
:10499000E76A17EE900ADFED587AA6EE670A1F283D
:1049A000DFED587A66EE277A70EE676A09DC5949BE
:1049B000461E25F0004251F8261022F0FF028A42DE
:1049C00007D116EE902AC2F3C752C2EBD352082A7F
:1049D00015DCB0EE407A37EE667A002D37EE677A56
:1049E000C4ED006A84ED017AA9DAF1EE666AB1EEEF
:1049F000477AC4ED006A84ED017A40429FE7DFED1B
:104A0000406AB0EE407AA6EE667A70EE477AE6EE3D
:104A1000667ADFED3D6AD6EE267A77EE676A16EEA5
:104A2000902AC2F3C752C2EBE353192BD3DDDFED5B
:104A30003A6AF0EE475AE6EE665A77EE657A9FEDEF
:104A4000377AE6EE667AD6EE077AB0EE657A75EEDC
:104A5000E76AC0E7B3F1FF4F06D330EE400A80EDBE
:104A6000010A80ED000A45E7DA15863AA3EBC25346
:104A700007EE903ABDEEE77ADFED296AB8EEC77A25
:104A800077EEC77A8DED037A67EEA67ABDEEE77A08
:104A9000B8EEC77A77EEC77A8DED047A67EEA67A1C
:104AA000F5EE407AF1EE10FACDED057A1ED1B5EEB5
:104AB000407AF1EE10FA0CBF01230223194901914B
:104AC0000221009103A8214600F0E8FB002DBFF66B
:104AD00036AFD4ED007AF1EE677AC4ED007AD4ED0A
:104AE000017AF1EE677AC4ED017A86E70323E5E700
:104AF000D80F493FE3CB1640800FC93FD00FC93FC5
:104B0000004435374344353708A3852E800F494389
:104B100084F9223F5C8B060800A3852E32318D2458
:104B200000008043DC8B060870B510EE105A25F0AB
:104B300000440123B4F1FF4F2DED048B0646B0EE87
:104B4000408A036006D320EE008AB0EE480ABDEC2E
:104B5000048B70BD34B9DFEDD07AB7EE007A87EE02
:104B6000278AF2E7B4F1E45F0BD2002DBEBF4FF00D
:104B7000FF330360B1EE400A01F076FCB1EE408AEB
:104B8000E3E7002D80F2C482B4F1964FE3D2B4F192
:104B90007A5FDFEDC29A2AD2DFEDBF0A20EE290A42
:104BA000002000F0E9FDB0EE409AB5EE409AF1EE3B
:104BB00010FAD0D028EE090AB0EEC00A89EE800AB9
:104BC00001F052FCB5EEC09AF1EE10FAF0EE408A18
:104BD00002D54FF0FF333360B4F17E5F02D0B4F101
:104BE000804F62D19FEDAC8A38EEC88AADE7F1EE16
:104BF000408AB0EE680A01F077FDF4EE408AF1EEEB
:104C000010FA19D0F6EE007A68EEA78AB0EE680ABC
:104C100001F06AFD38EEC00A30EE000AF0EE407A8C
:104C2000FEEECF7A17EE903A062B39D8DFE803F084
:104C30002312121F1F2B2B00DFED997A77EEC87A13
:104C400017EE903A03F0010307EE903A9B00B8EE9E
:104C5000E70AE9E7F6EE007A37EEC00ADFED8E0AE2
:104C600020EE290A00F0C0FAB1EE409A9DE7F7EE77
:104C7000007A37EEC00ADFED880A20EE290A00200C
:104C800000F07AFDF0E7F7EE087A30EE670ADFED24
:104C9000820A20EE290A00F0A7FAB1EE400AE3E703
:104CA000F0EE007A30EE670AE5E7B1EE488A6B0075
:104CB00000F17E817B4B9C4200F29A80B0EE480A64
:104CC00001F0D2FB784B9C42B1EE400A42D9B7EEDC
:104CD000007A37EE487A67EE077ADFED746A9FED67
:104CE000746A9FED748AA7EEA66ADFED736AE6EE3A
:104CF000276A9FED726AA6EEA76ADFED716AE6EE9B
:104D0000276A9FED706AA6EEA78ADFED6F6AE7EE6D
:104D1000866A9FED6E6AA6EEA76ADFED6D6AE6EE23
:104D2000276A9FED6C6AA6EEA76ADFED6B6AE6EE76
:104D3000276A28EE078AA6EEA78AF6EE007AA7EE83
:104D4000678A38EE008A002DFFF64EAFFDE6DFEDF4
:104D5000528AACE7614B9C4264D99FED617A38EE90
:104D6000477A67EE074A9FED5F6ADFED5F6ADFED26
:104D70005F5A9FED5F5A9FED5F8A64EE877AE7EE98
:104D8000866A9FED5D6AA6EEA76ADFED5C6AE6EED5
:104D9000276A9FED5B6AA6EEA76ADFED5A6AE7EE27
:104DA000A65ADFED596AE5EEA76ADFED585AE6EE3E
:104DB000A75ADFED576AE5EEA76ADFED565AA7EE70
:104DC000A55ADFED555AE5EE275A9FED545AA5EE48
:104DD000A75ADFED535AE5EE275AE5EE876AA6EEAD
:104DE000E78ADFED507A94EE868A38EE678AA8E784
:104DF0004D4B9C4206D9B0EE007A37EE487A9FEDD3
:104E0000260A68E7494B9C4206D99FED497A9FEDF7
:104E1000220A38EE477AA4E7F7EE007A38EE678A7E
:104E20009FED1D0A9FED437ADFED437ADFED436A84
:104E3000E8EE077A9FED427AA7EE887ADFED417AB5
:104E4000E7EE087A9FED407AA7EE887ADFED4A7A9E
:104E5000E7EE087A9FED3D7AE8EE076A9FED3C7A2F
:104E6000A6EE887ADFED3B6AE7EE086A9FED3A7AB4
:104E7000A6EE887AF7EE006AE7EE086A67EE887AAF
:104E800087EEA67AFEEE006AF0EE477AE8EE267A22
:104E900037EE808A57E700BF00000000DB0F494073
:104EA0000000004B6666663F1F4A3B3FA283D33734
:104EB000679767393F239E3DA1549C3A7E02F23B9F
:104EC00001F0893D752C3C384584E23834B6053A0A
:104ED000C66E3D3B1599A83C661AA53E07336D3E4C
:104EE0000C5BEC3E6B7BA53976F4B7BA67F8663A93
:104EF00085300DBA521CE63107E7C73B474D06BD6A
:104F00005EB9F73E27F9A3B9FE7771BB3D37933CF5
:104F10003C2117BEF7E9AF399916143BFEFC28BCBB
:104F2000155A843DCDCDF83D17A6DD3F1FA69D3F08
:104F3000C316BB3F5E3C5B3C78756A3EAF72D53DA5
:104F4000B24B7A3FE73ABA3FF400223FDBD5523BFF
:104F5000DFEF443F2D390840BE2E1D4067FF053866
:104F6000B435F13ABDD7F536E440DA3CE6DC153E1F
:104F70007ACCA63E5A245C3E3F239EBDD6EE4B3AE9
:104F800054BF983C6E0F303EC5D0383F3B2DB23FEA
:104F9000E8C4D5BAD23D5B3A5C061CBAFD0C503A67
:104FA000610B36BBABAAAA3D1D7FD63E00000000B8
:104FB000B4F1824FB7EE009A75D2BDEEC87A5FEDBC
:104FC000196A1FED196A5FED195AF8EEC77A17EEE4
:104FD000103A78EE677A033BA7EEA66A5FED1E6A89
:104FE000E6EE276A1FED1F6AA6EEA76A5FED206A4C
:104FF000E6EE276A1FED216AA6EEA76A5FED226A38
:10500000E6EE276A1FED236AA7EEA56A5FED245A34
:10501000E6EE275A1FED256AA5EEA76A5FED265A30
:10502000E6EE275A1FED276AA5EEA76A66EEA76A85
:10503000A6EE279A86EE898AF6EE006AA7EEA68A81
:10504000042B3FF680AEDFE803F02B282522030077
:10505000B1EE087A37EE877AF1EE046A77EEA66A47
:1050600066EE876AB1EE007A37EE877A27EE267A07
:10507000B0EE080A37EE800A20EE070AB0EE007A9A
:1050800077EE877A27EE800A01F0EEF959E6B7EE5F
:10509000007AE1E7F7EE006AE4E7B7EE007AE7E7C7
:1050A000B7EE000AEAE7B4F1B94FB0EE480A28D2E9
:1050B00001F0DAF9C9EE086A5FED4B5A1FED4B6A51
:1050C00066EEA67AB6EE007AA7EEA56A5FED4E5AB6
:1050D000E6EE275A1FED4F6AA5EEA76A5FED505A1C
:1050E000E6EE275A1FED516AA5EEA76A38EE477A19
:1050F0001FED538AA6EE268A30EE490AA7EE008AF3
:1051000021E601F0B1F930EE490A20EE088A1AE6EC
:10511000B4F17E5F03D0B4F1804F7FF418AE1FED81
:105120005D8A12E510EE901A4A0030B50AD0F4EE0E
:10513000600AF1EE10FA05D610EE104AC4F3C75318
:10514000FF2B04D160EE200A80EEA00A30BDB2EB46
:10515000440F05D3FAD1DFED237A20EE270AF5E7D5
:10516000C1F3C755C3B96202B2FA82F253420132A7
:1051700004FA02F2ADB94802B0FA80F045420130BB
:1051800001FA00F0AB42A2EB00010FDC002926DBA4
:10519000E1D004F0004412E0C4F3160242F400022D
:1051A000E8E7C1F3160141F40000EBE7002901DB59
:1051B000D1D00A465200013BE4E74900013BCA0D49
:1051C000FBD0002BD3BFC3F10103A1F5000141EADD
:1051D000C35321FA03F3234300EE103AB6E7114616
:1051E000D7E700BF0000000010EE103A23F00043A4
:1051F000B3F1485FB7EE007A04D2FDEEC07A17EE45
:10520000902ABAB360EE006ADFED1C5A9FED1C6A6B
:105210001C4AA6EEA56A9342DFED1B5AE6EE265A1B
:105220009FED1A6AA5EEA66ADFED195AE6EE265A38
:105230009FED186AA5EEA66A60EEC00A26EE266A01
:10524000F6EE007AE6EE860A66EEA77A04D877EEE6
:10525000E07A37EE670A70470F4A93429ABF03F12C
:105260007F4306EE903AF5EE026A37EE667A77EE05
:10527000E67AECE7B0EE470A704700BF4ED747AD7D
:10528000F6740F319999993E7CF293B4010DD037A1
:10529000610BB6BAABAA2A3D0000483F2DE9F04F9A
:1052A0002DED048BD9B091469B46669ABB4B03907B
:1052B00053F8228019F1040F0BF1FF330E460293CD
:1052C0002BDBB9F1030348BF09F10403DB100193A1
:1052D000019B679C5D1CEB000493019B0BF1FF326B
:1052E0009A1A0BF1FF3308EB0300A9EBC5051CA9C3
:1052F00000231444834212DD0DF5887A1CAB03EBC6
:105300008B020BF1FF310BEB080C5746DDF80CE07C
:10531000DFEDA67A1446002315E00023D7E7D34239
:1053200057BFE75CDFEDA17A07EE907AF8EE677A77
:105330000133E1EC017ADDE7FEEC016A34ED017A3C
:10534000E6EE877A013302988342F5DD013161454B
:10535000E7EC017A02F10402D8D108AB03EB880331
:10536000DFED918A9FED8F9A05934446A300079342
:1053700058AB03EB840313ED140A06940AEB840183
:1053800008AA2346002B4BDC284600F0BFFBB0EEFA
:10539000408AB4EE000A28EE000A01F0A5F9F2EE08
:1053A000007AA0EE678A002DFDEEC87ACDED007A76
:1053B000F8EEE77A38EE678A44DD08AA611E009F9E
:1053C00052F82100C5F1080C40FA0CF31F4403FA0F
:1053D0000CF3C31A42F82130C5F10702009743FAD3
:1053E00002F7002F3DDD009B4FF0000C01330093CE
:1053F00008A8614664456CDC002D04DD012D79D0E0
:10540000022D00F08180022F2BD1B7EE000A30EE82
:10541000488A31B3284600F079FB38EE408A20E014
:1054200060EE287A013BFDEEE77AF8EEE77AA7EE28
:10543000C90ABDEEC00AA2EC010A31ED010A37EE3D
:10544000800A9FE705D1631E08AA52F823703F1215
:10545000C7E7F6EE007AB4EEE78AF1EE10FA36DA34
:105460000027B5EE408AF1EE10FA40F0A180611EEF
:1054700000200DF1200C41454EDA00287FD0013C80
:10548000083D08A951F82420002A00F0838028460E
:10549000B7EE000A00F03AFB0AF104009FED427AF1
:1054A000A10000EB8400224608AD002A80F2AE8005
:1054B00030AA914620460028C0F2C580384BDFED67
:1054C0003B7A0AEB800C0025A4EB000BB5E0022729
:1054D00089E7026849B91AB1C2F5807202600122F7
:1054E0000CF1010C0430114684E7C2F1FF020260A6
:1054F0000A46F5E704F1FF3C08A850F82C2002F01A
:105500007F0240F82C207EE704F1FF3C08A850F809
:105510002C2002F03F02F4E75CF82120013910430F
:10552000A9E7013253F8041D0029FAD007996798BA
:10553000019F631C14440AF104020A440699009274
:1055400059441CAA02EB810100EB070E9C42FFF6B6
:105550000DAF1EF80320039F07EE902AF8EE677A3E
:105560000020E1EC017ADFED117A8C46029A90423C
:1055700008DD009AE2EC017A00920133E6E7059B30
:105580000122CFE7F7EC016A3CED017A0130E6EE4B
:10559000877AEBE7013C083D74E700BFD08C060832
:1055A000A48C0608000080430000803B000000003F
:1055B000049BB0EE480AA3EB090000F0A7FA1FED28
:1055C000077AB4EEC70AF1EE10FA19DB5FED0A7A3A
:1055D00060EE277A08AAFDEEE77A0835F8EEE77A5A
:1055E000A7EEC70AFDEEE77ABDEEC00A10EE103A4C
:1055F00042F8243017EE903A013442F8243046E75E
:10560000BDEEC00A08AA10EE103AF6E755F82230AF
:1056100007EE903AF8EEE77A013A67EE807A20EEEC
:10562000070A60ED017A40E7F3EC016ABCEC017A0D
:105630000135A845E6EE877A01DB5D45F4DDE9EC4E
:10564000017A013837E7669B022B0ADC002B27DC46
:105650003FD0009B03F0070059B0BDEC048BBDE8C0
:10566000F08F669B032BF4D150180546A446BCF17D
:10567000000F4FDC2546012D5DDC04325FED357AED
:105680000A44012C67DCDDED306A9DED317A002F94
:1056900067D1C6ED006A86ED017AC6ED027AD8E7D9
:1056A00004321FED3E7A11442046002823DA47B326
:1056B000F1EE477AC6ED007ADDED307A77EEC77A03
:1056C00001218C4220DA0FB1F1EE677AC6ED017A42
:1056D000BFE704325FED4B7A0A44002C05DA0FB1C4
:1056E000F1EE677AC6ED007AB3E732ED017A013C5C
:1056F00077EE877AF1E771ED017A013837EE277A94
:10570000D3E7F0EE477AD5E7B2EC017A013177EED4
:10571000877AD6E775ED017AD5ED016A37EEA67A7C
:105720000CF1FF3C77EEC77A85ED007A77EEA67A2A
:10573000C5ED017A9BE770ED017AD0ED016A37EE95
:10574000A67A013D77EEC77A80ED007A77EEA67AE9
:10575000C0ED017A8FE732ED017A013C77EE877A6E
:105760008FE7F1EE666AB1EE477AC6ED006A86ED24
:10577000017AF1EE677A90E710EE103A23F00043D9
:10578000B3F1485F04D2FDEEC07A17EE903A5BB3F6
:1057900020EE007ADFED157A9FED156AA7EE276AF5
:1057A000DFED147AE6EE077A9FED136AA7EE876ABB
:1057B000DFED127A60EE076AE6EE077A30B99FED08
:1057C000106AA7EE276AA6EE260A704767EEE67A09
:1057D000B6EE006AE0EE867AD7EE870ADFED097A48
:1057E000E6EEA70A30EE600A704700BFD3C92E2F3D
:1057F000342FD7B21BEF3836010D50B98988083CD9
:10580000ABAA2ABEABAA2A3E10EE103A23F0004201
:10581000B2F1465F7BD2FDEEC07A17EE901A0029F6
:1058200064D0F0EE407A67EEA76ADFED565A9FED3E
:10583000566A9FED565A564926EEA67A67EEA64A54
:10584000A7EE256A8A42DFED535AE6EE075A9FED2E
:10585000526AA5EE876ADFED515AE6EE075A9FEDD0
:10586000506AA5EE876ADFED4F5AE7EE055A9FEDC5
:105870004E5AA5EE875ADFED4D5AE5EE075A9FEDD9
:105880004C5AA5EE875ADFED4B5AE5EE075AB0EEBB
:10589000467AA5EEA67AB0EE606AA7EE246A9FED7E
:1058A000467AE6EE260AE4EE870A37EEA00A49D3E6
:1058B00007EE100AF8EEC76A60EE005A30EE260ACC
:1058C0009B1785EE806A03F00203C3F1010307EE24
:1058D000103A36EE606AB8EEC77A77EEC67AB0EE66
:1058E000006AE7EEC66A26EE870A7047431C134338
:1058F00006D1F0EEC07AB7EE007A87EE270A70473D
:1059000001283DD0FFEE007A87EE800A70472049DB
:105910008A4286D3F1EE407A002BB8BFB0EE670A18
:10592000F1EE607AB8BFF0EE670ADFED247A37EE69
:10593000C07ADFED237A77EEE07ADFED220A77EEA8
:10594000877A70E701281BD010EE103A6FF30B0333
:1059500006EE903A76EEE77A70EEE70AFFEE007A0E
:1059600087EE807AF7EE007A17EE103A6FF30B03AA
:1059700000EE103AE6EE807AE0EE807AA7EE870A33
:10598000704700BF5FAE9BB745F4A3388453D93747
:1059900040A12C3FC8261A3A16696B3BA427B33C9A
:1059A0008988083E7AC09538B937813948DEBE3AD1
:1059B0001F37113CD10D5D3DABAAAA3EDA0F493F1E
:1059C000682122330000000010EE103A444A454995
:1059D0009A188A4282B077D913F1814F0ED3BFEE65
:1059E000007AB4EE470AF1EE10FADFED3F7A18BF05
:1059F00030EE407A87EE270A02B070475A00B2F1C3
:105A0000CE4F08D213F0FF4FF6D160EE007ACDED05
:105A1000017A019BF0E7354A93425CD9F7EE007AB0
:105A200070EE276A16EE903A03F5950303F5F643F8
:105A30000D33DA0D7F3A182A4ADC012ACBBF36EE45
:105A4000C00A36EEE77A37EEC00A30EE470A80EE3B
:105A5000267AC3F31601264BCB1806EE903A36EEA3
:105A6000E70AF0EE007A70EE277ADFED226ADFEDCA
:105A7000224ADFED223AC0EE275A07EE902A25EEA1
:105A8000A54AB6EE006A24EE045A20EE066AE5EE58
:105A9000264ADFED1B6AE5EE236AF8EEE77A66EE4A
:105AA000846AE4EE856A9FED175AE0EE066AA7EE77
:105AB000857AA6EEA57AA0EE467A37EE000A9FED2B
:105AC000127AA7EE870A97E7B3F1FF4FA6D393E7C1
:105AD0009FED057ABDE79FED047A0022C1E700BF84
:105AE00030EC2BC12FEC2B410000000019F695BEC5
:105AF000F304353F269E783E13CECC3EEEE9913E30
:105B0000AAAA2A3FD1F717378071313F7F2815DDC8
:105B1000DFED167AA0F17F037F2B20EE270A06DD4A
:105B2000A0F1FE037F2B20EE270AA8BF7F237F333F
:105B3000DB0507EE903A20EE270A704710F17E0F42
:105B400012DADFED0B7A00F17E0313F17E0F20EE07
:105B5000270AECDA00F1FC036FF07D02934220EE9D
:105B6000270AB8BF1346E2E70346E0E70000007FDC
:105B70000000800010EE901A31F0004070B502D1A4
:105B8000B7EE000A70BD10EE105AB5F17E5FF7D087
:105B900025F00042B2F1FF4F02D8B0F1FF4F02D919
:105BA00030EE200AEEE7002D1DDAB0F1974F80F0BD
:105BB0005082B0F17E5F34D3C415C4F1960440FA2C
:105BC00004F303FA04F4844229D103F00103C3F17E
:105BD0000203B0F17E5F25D10029D3DAF7EE007A17
:105BE00087EE800ACEE7B0F1FF4F18D1002303E023
:105BF000B2F17E5FC4D00223B2F17E5F06D99FED81
:105C0000B50A0029A8BFB0EE600ABBE7002A00F081
:105C10002582002980F21A82B1EE600AB2E70023E1
:105C2000D7E70023B1F1804F02D120EE000AA9E7A7
:105C3000B1F17C5F40F01282002DC0F20F82BDE80E
:105C4000704001F0A3BA012B02D0B0EE670A99E7C9
:105C5000B1EE670A96E7002D1ADA13B970EE407AB2
:105C600017E2012BBFEE006AB7EE007A18BFB0EE64
:105C7000476AB0F19A4F64D9974B9A420BD80029E2
:105C80000EDADFED967A26EE270A20EE270A79E76C
:105C9000B7EE006AEDE7924B9A4204D90029F0DC96
:105CA000DFED907AEFE7B7EE007A77EEC76ADFEDC7
:105CB0008E7AB5EE007AE6EEC77AB6EE007AA7EEF7
:105CC000E67A66EEA65ADFED897A27EE257ADFEDD1
:105CD000885A67EEC77A9FED877AE6EE877AB0EE4C
:105CE000677AA6EEA57A17EE103A6FF30B0307EE6C
:105CF000103AB0EE475AA6EEE55A77EEC57A6FF342
:105D00000B0106EE901A70EEE65A67EEA00A67EEF7
:105D1000267AE5EE870A30EEA77A17EE102AB2F15E
:105D2000864FAEDC40F00881DFED736A37EE677AAC
:105D300070EEA66AF4EEC76AF1EE10FAA1DC134623
:105D40000BE115F0FF4F08BF9FED6C7A6C4802BF66
:105D500067EE877A6FF0170217EE904A4FEAE45326
:105D600018BF00227F3B1344C4F31602824242F064
:105D70007E5406DD6348824240F3A9800133A4F5D6
:105D800000040020604A02EB800292ED005A07EE08
:105D9000104A75EE077AF7EE006A86EEA74A77EEAC
:105DA000455A65EE844A14EE902A6FF30B0206EE14
:105DB000902A564A02EA640242F0005202F580023A
:105DC00002EB405207EE902AE6EEE75A37EEC55A4C
:105DD00064EEA47A37EE457A9FED4D5AE6EEC75A47
:105DE0009FED4C7AA7EE875A9FED4B7AA5EE277A66
:105DF0009FED3D5AA7EE275A9FED487AA5EE277AE8
:105E00009FED475A65EE845AA7EE275A34EEA67ADC
:105E100027EEA74A27EE257AF0EE087AA4EE057A57
:105E2000B0EE675AA6EEA65A35EE075A15EE102ABE
:105E30006FF30B0205EE102A75EE677AE6EEE67A4E
:105E400077EE677A67EEA47AE5EE857AF0EE675A28
:105E5000E6EE855A15EE902A6FF30B0205EE902AB6
:105E6000B0EE657AA6EEC57A2E4A02EB800277EE96
:105E7000C77A9FED2D7A9FED2D5A67EE877A9FEDB9
:105E80002C7AE5EE877A92ED007A77EE877A07EE44
:105E9000103A284BF8EEC76AB0EE677AA5EE857A1D
:105EA00003EB8003D3ED004A37EE247A37EE267AEF
:105EB00017EE103A6FF30B0307EE103A77EE666AAF
:105EC00076EEE46AE5EEC56A77EEE67A17E701203A
:105ED00058E700BF00000000F7FF7F3FCAF249719A
:105EE0000700803F6042A20DABAAAA3E3BAAB83F82
:105EF00000AAB83F70A5EC363CAA38330000804BAE
:105F000071C41C00D6B35D00F48C060800F0FFDFFE
:105F100055326C3E42F1533E05A38B3EB76DDB3EDE
:105F20009A99193FE48C06084F38763F0040763F37
:105F3000C623F6B8EC8C0608574B22F00041994274
:105F40003FF6AEAE5548824277D137EE677AB4EE6F
:105F5000E07AF1EE10FABFF6A3AEDB157E3B4FF40C
:105F6000000018411044C0F3C7534D497F3B19410D
:105F7000014007EE101AC0F3160040F40000C3F110
:105F800017031841002A77EEC77AB8BF404277EE70
:105F9000A06A9FED447ADFED445A16EE903A6FF313
:105FA0000E0306EE903A76EEE77AB7EE000A70EE50
:105FB000E70ADFED3E7A66EEA77AE0EE877AB0EE8A
:105FC000677AA6EEA57AB0EE475AA6EEE55A67EED6
:105FD000076A77EEC57ADFED365A9FED365AE6EE60
:105FE000855A9FED355AA5EEA65ADFED345AE5EEF7
:105FF000265A9FED335AA5EEA65AF0EE475AE5EE23
:10600000665AF0EE006A27EE255A75EEE65AE7EE7C
:10601000277AC5EE256A76EEE77A77EEC77A30EE14
:10602000670A10EE103A03EBC053B3F5000F0ADA1B
:10603000FFF76CFD20EE060AA4E5B1F17C5F0B468C
:106040008BD80020A3E700EE103AF3E79FED1D0A7E
:1060500098E5B0F1FF4F3FF4CBAD022325F0404669
:10606000B6F17E5F1446F0EEC07A02D0002A7FF4CB
:10607000F2AD0029BCBFB7EE007AC7EE277A002D3B
:10608000BFF6E3ADA2F17E521A437FF4DCAD77EEAA
:10609000E77A87EEA70A75E500001643000016C3ED
:1060A000000080FF1872313F0072313F8CBEBF3557
:1060B0000EEADDB54CBB313355B38A38610B36BBC4
:1060C000ABAA2A3E0000000010EE102A404822F041
:1060D0000043834282B04FEAD2711CD900F53130BF
:1060E00000F5E470834207D9002A07DBDFED397A37
:1060F00020EE270A02B07047002A12DA9FED367AA6
:10610000C7EE007ACDED007A009A344A934208D95E
:106110009FED330AEEE7334A934244D9324A934221
:106120003DD9324B9FED327A03EB8103D3ED007AF8
:10613000E0EE077AFDEEE77A17EE900A07EE900A96
:106140009FED2C7AF8EEE77AF0EE406AE7EEC76A48
:106150009FED297A67EE877A36EEE70A20EE006A2D
:10616000DFED265A9FED267AA6EE257AF0EE405A0C
:10617000E7EE465AB0EE006A20EE250A36EE656A72
:1061800080EE067AB7EE000A77EE677A77EEA67AA7
:1061900037EE800A0028ADD002B0FFF7B7BC81F01F
:1061A0000100401ACAE7B3F1645F0BD8DFED097A4A
:1061B00070EE277ACDED017AF7EE007A019B30EE92
:1061C000270A97E7DFED067AF0EE406A0020C5E780
:1061D0004FACAE420000007F01000080B4F1CF421E
:1061E000000000001872B13E9215853FDC8C060855
:1061F0003BAAB83F0072313F8EBEBF35155235BB4A
:106200008FAA2A3E10EE103A744923F000428A42C7
:1062100082B012D9B2F1FF4F00F28280002BC0F29F
:10622000DA80DFED6F7AB4EEE70AF1EE10FA46DDC0
:10623000DFED6C7A27EE800A72E06B498A4264D9FE
:106240006A498A4254D89FED6A7A002BA7BF30EE84
:10625000477ADFED687ADFED687A30EE077AACBF17
:1062600001234FF0FF3337EE670A37EE407A77EEBF
:10627000677AF6EE005A20EE254ADFED606A9FED60
:10628000605A20EE047AF0EE084AA7EE265AF7EE9E
:10629000006AB0EE666AA5EE076AE4EE464AB1EE21
:1062A000084AA0EE644A36EE645A85EE046A26EE89
:1062B000076ACBBB90EE067A30EE470A30E09FEDDE
:1062C000517A20EE077AF6EE007A77EE877ADFEDE4
:1062D000486AFDEEE77AB0EE407A17EE903AF8EEB3
:1062E000E77AA7EEE67ADFED436A67EEA67ABAE7C9
:1062F0009FED447A002BF6EE007AFEEE006A20EE67
:10630000077AB8BFF0EE667ADFE7B2F14C5F09D2E8
:1063100013F0FF4F04D160EE007ACDED017A019BBE
:1063200002B070470023A4E736EE676A5A1CD0EE2D
:10633000067A77EEC77A06D170EE677ABEEE000A6B
:10634000A7EEA50AECE7012B16D1BDEE007AB4EE5C
:10635000C70AF1EE10FA06D570EE255AB8EE000A1B
:1063600077EEE57A66E770EE677AB0EE007AE7EEF0
:10637000876AB0EE660AD3E703F17F02D205382BB5
:1063800007EE102A0ED970EE677A802B77EEA67A88
:1063900004BF9FED147A77EEA77A27EE277A37EEBF
:1063A000660ABDE7C3F17F02D20506EE102A162B5E
:1063B000CBBF77EE867A30EE670A70EE677A76EEBC
:1063C000C66ACBBF77EEA67A30EE260A27EE870A9A
:1063D00020EE070AA4E7BFEE000AA1E743B8954103
:1063E0008071B1420000007F1872B13E9115853F67
:1063F0008071313FD1F71737D1F717B71030CF3A47
:10640000688808BD3BAAB83FB5EEC00AF1EE10FAA5
:1064100008B514D5B1EE400A0120F8EE007A20EE5E
:10642000270AFFF7EFFEB0EE007A30EE077AC0EEF3
:10643000077A08B9F1EE677AB0EE670A08BD002066
:10644000EBE70000DFED067A08B530EE670AFFF7EC
:106450003BFEDFED047A20EE270A20EE270A08BD76
:10646000BCE322430000007A10EE103AA3F50002CC
:10647000B2F1FF4F59D35A0006D160EE007ABFEE59
:10648000007A87EE270A7047002B04DA30EE407A54
:10649000DFED2B7AF5E7DFED2B7A60EE277A6FF0F0
:1064A000180117EE903A284ADFED284ADFED283A26
:1064B0009FED280A9A18D30D7F3B0B4406EE903AC5
:1064C000254BC2F31602D31807EE103AF7EE007A06
:1064D00077EE677AB0EE007A37EE877AB6EE006A2A
:1064E000C7EE875A9FED1D7A25EEA54A27EE866AEC
:1064F00024EE045AF8EEE66AE5EE074A9FED187AB4
:10650000A5EE237A26EE800A27EE047AA4EE857A99
:10651000A6EE277AA7EE250AA6EE670A30EE270A2E
:10652000DFED107AA6EEA70A7047B3F1FF4F06D24F
:10653000B3F17E5F01D00021B5E79FED010A7047FE
:10654000000000000000004C0DFB4A0013CECC3EC2
:10655000EEE9913ED1F71737F304353F269E783E9A
:10656000AAAA2A3F8071313F08B5FFF77DFFDFED12
:10657000027A80EE270A08BD8E5D134010EE103AB5
:1065800007B51C4A23F00043934200EE103A1CD892
:10659000B3F1665FF7EE003A0AD2DFED177A30EE1C
:1065A000270A8DED010A019BB0EE630A03B000BD1E
:1065B000FFF728FE20EE007A30EE230A30EE000AC4
:1065C000C7EE007A37EEA30AF0E70C4A93420CD8E4
:1065D000FFF77AFDF7EE007AC7EE803AF6EE007A22
:1065E00073EE803A23EEA70AE0E703B05DF804EB10
:1065F000FFF728BF1672313F0000807B1672B14250
:1066000008B510EE103A181E1C4B20F00040BEEEEC
:10661000003AF6EE007AA8BFB0EE673A9842F0EE84
:10662000403A00EE100A21D8FFF7ECFDB0F17E5F92
:1066300013D2B0F1665F0DD3F7EE007A70EE277AD1
:1066400020EE007AC7EE273AF0EE007AD0EE273A35
:1066500063EE833AB0EE630A08BDF7EE007A70EE9F
:10666000277AC0EE273A73EE803AF1E7FFF7EAFEA9
:1066700033EE033A63EE003AECE700BF1672B14224
:1066800010EE103AC3F3C7517F39162982B013DCDC
:10669000002913DB124A0A4113420DD0DFED117AB3
:1066A00030EE270A002B8DED000AA8BF9B18009939
:1066B00023EA020300EE103A02B07047DFED097AD8
:1066C00030EE270A002B8DED010A019A04DB5B00F6
:1066D00018BF4FF07E53EDE74FF00043EAE700BFED
:1066E000FFFF7F000000807B10EE103AC3F3C7511C
:1066F0007F39162982B013DC002913DB124A0A41C4
:1067000013420DD0DFED117A30EE270A002B8DED0C
:10671000000AB8BF9B18009923EA020300EE103A62
:1067200002B07047DFED097A30EE270A002B8DEDBD
:10673000010A019A05DA5B00054B08BF4FF00043E0
:10674000ECE70023EAE700BFFFFF7F000000807B4B
:10675000000080BF10EE101AC1F3C753763B1F2B09
:1067600082B013DC082BD8BF01234FF0FF3222FA8E
:1067700003F319420AD0DFED067A30EE270A21EA48
:1067800003038DED010A019A00EE103A02B0704742
:106790000000807B10EE103AC3F3C752952A18D838
:1067A000DFED0C7A002BB5BF30EE670A30EE270A1A
:1067B00030EE270A30EE670AB5EE400AF1EE10FA25
:1067C00007D19FED050ADFED057A002BB8BFB0EECB
:1067D000670A70470000004B0000000000000080C6
:1067E00010EE103A07B5184A23F00043934206D83A
:1067F000DFED160A03B05DF804EBFEF7F5BCB3F16C
:10680000FF4F03D330EE400A03B000BD6846FEF7E9
:1068100063F800F0030001289DED000ADDED010A98
:1068200005D0022808D050B9FEF7DEFCECE7FEF7F1
:10683000A3FFB1EE400AE7E7FEF7D6FCF9E7012037
:10684000FEF79AFFE0E700BFD80F493F00000000C5
:1068500010B510EE104A24F00043B3F1FF4F2DEDB8
:10686000068B10D3F7EE006A86EE807AE40F6400A0
:10687000C4F1010407EE904AF8EEE77A37EE870A92
:10688000BDEC068B10BD9E4A934244D8B3F1465FDF
:1068900014D214F0F84F0CD1DFED9A7A60EE277A1B
:1068A000B2EE007AE0EE077AB4EE000A27EE800A34
:1068B000E6E7DFED957AA0EE270AE1E760EE007AE1
:1068C000DFED926A9FED927A9FED926AA7EEA67A2B
:1068D000DFED916AE7EE276A9FED907AA6EEA77A40
:1068E000DFED896AE7EE276A9FED8D7AA7EE867A5B
:1068F0009FED8C6AA7EE276A9FED8B7AA6EE277A2A
:106900009FED8A6AA7EE276AB7EE007AA6EE277A8D
:10691000C6EE877ACFE7864A934244D8F7EE007AEC
:10692000B0EEC00A30EE670A9FED827ADFED826A30
:106930009FED826AE0EE076A002C9FED817AA6EE59
:10694000807ADFED806AE7EE006A9FED7F7AA6EE3F
:10695000807ADFED7E6AE7EE006A9FED7D7AA6EE33
:10696000807ADFED7C6AE0EE066A9FED7B6AA6EE38
:10697000806ADFED7A6AE6EE006A9FED796AA6EE3C
:10698000806ADFED786AE6EE006AE6EE807A87EEEE
:10699000270AABBFDFED747ADFED747A30EE270A99
:1069A00037EEC00A6CE7724A934208D9002CBFEE5A
:1069B000000AF7EE007AA8BFB0EE670A60E76D4AFA
:1069C000F0EEC09A20EE000AB7EE009A9342C9EEAC
:1069D000007A62D89FED687ADFED686ADFED688A39
:1069E000E7EE876A9FED677AA6EEA77ADFED666A23
:1069F000E7EE276A9FED657AA6EEA77ADFED646A77
:106A0000E7EE276A9FED637AA6EEA77ADFED626A6A
:106A1000E7EE278A9FED617AA7EEA67ADFED606A3E
:106A2000E7EE276A9FED5F7AA6EEA77ADFED5E6A52
:106A3000E7EE276A9FED5D7AA6EEA77ADFED5C6A46
:106A4000E7EE276A9FED5B7A19EE903AA6EEA77AF9
:106A50006FF30B0308EE103AF0EE49AABEEE020AFD
:106A6000E7EE27AAA8EE480AFFF72EFBB0EE40AAF1
:106A700088EEAA0A78EE697A39EE888AA7EE880A43
:106A8000FFF722FB2AEE00AA002C8AEE290AACBFEF
:106A900039EE400A30EE490AF2E6DFED476A9FED33
:106AA000477ADFED478AA7EEA67ADFED466AE7EE82
:106AB000276A9FED457AA6EEA77ADFED446AE7EEF6
:106AC000276A9FED437AA6EEA77ADFED426AE7EEEA
:106AD000278A9FED417AE7EE876A9FED407AA6EE1E
:106AE000A77ADFED3F6AE7EE276A9FED3E7AA6EED2
:106AF000A77ADFED3D6AE7EE276A9FED3C7AA3E7D0
:106B0000FFFF573FD475833FD475033EB156C7B7D7
:106B10008914BDBB1AE284B68F52E9BCEB6BA6BEEA
:106B200049EE0A391681A63B632A853DCEBBCB3E92
:106B3000FFFF9F3FC0F90DBBB351113DA35A443C29
:106B4000C21CE3BD54FEA23E0892BEBE0568D43E00
:106B5000C6CD1ABB136E5F3C0733013EE71A933D67
:106B600085570A3F31F3D93D0B56583F0B5658BF56
:106B7000FFFFBF406DDB36407E071DC12B93A2C2D5
:106B800093A021BCE79A38C38C6522C3578079C291
:106B900022F028C1B7A031BF977F77BD7C3FD2409C
:106BA0001F45D9420B81D643C95821446F48D94368
:106BB00063A80943CE359D4175C2F1C30B2380C440
:106BC00092A021BC41641FC4EAA220C34B108EC115
:106BD000D49D4CBFA743ED431287B3C1CE901F4550
:106BE000BBFD47455917C04471E5A24359B4F24172
:106BF00010B510EE104A24F00043B3F1FF4F2DED15
:106C0000068B0ED3E40F640007EE904AF7EE006A9D
:106C1000B8EEE77AC6EE807A37EE270ABDEC068B2F
:106C200010BDA64A934244D8B3F10E5FF7EE007A46
:106C300002D237EEC00AF1E720EE007ADFEDA06A5B
:106C40009FEDA06ADFEDA05AA7EE266AB4F17A5F45
:106C5000DFED9E6AE6EE076A9FED9D6AA6EE876A03
:106C6000DFED9C6AE6EE076A9FED9B6AE7EE065A47
:106C70009FED9A6AA5EE876ADFED995AE6EE075A0C
:106C80009FED986AA5EE876AF0EE675AE6EE075A1E
:106C900086EEA57A27EE007A04DA30EE077A37EE30
:106CA000C70ABBE7F6EE007A30EE670A30EE070A55
:106CB000BFE78D4A934247D8F7EE007AB0EEC00A9C
:106CC00030EE670A9FED897ADFED896A9FED896A68
:106CD000E0EE076A002C9FED887AA6EE807ADFED61
:106CE000876AE7EE006A9FED867AA6EE807ADFED8E
:106CF000856AE7EE006A9FED847AA6EE807ADFED82
:106D0000836AE0EE066A9FED826AA6EE806ADFED96
:106D1000816AE6EE006A9FED806AA6EE806ADFED8A
:106D20007F6AE6EE006AB0EE676AA6EE806A87EEDA
:106D3000060A02DBDFED7A7A7BE79FED7A7A30EEA6
:106D4000070A30EE270A69E7774A934200F2A980E2
:106D5000A2F1D472A2F5923260EE006A933AB7EED5
:106D6000007A9342C7EE267A63D8DFED706A9FED12
:106D7000706ADFED709AA7EEA66ADFED6F6AE6EE45
:106D8000276A9FED6E6AA6EEA76ADFED6D6AE6EEF2
:106D9000276A9FED6C6AA6EEA76ADFED6B6AE6EEE6
:106DA000276A9FED6A6AE6EEA79ADFED696AE7EE69
:106DB000866A9FED686AA6EEA76ADFED676AE6EE6F
:106DC000276A9FED666AA6EEA76ADFED656AE6EEC2
:106DD000276A9FED646AA6EEA76ADFED636AE6EEB6
:106DE000276AB0EEC08A18EE103AA6EEA77A6FF3C3
:106DF0000B0308EE903ABEEE020AA8EEE80AB0EEE7
:106E0000479AFFF761F9B0EE40AA89EE890A78EE59
:106E1000C87A78EE288AA7EEA80AFFF755F92AEE75
:106E200000AA002C8AEE080A3FF7F8AEF0EE007ACE
:106E3000FFE6002C02DA4D4A93423BD89FED4C6AA4
:106E4000DFED4C6ADFED4C9AE7EE866A9FED4B6A08
:106E5000A6EEA76ADFED4A6AE6EE276A9FED496A69
:106E6000A6EEA76ADFED486AE6EE276A9FED476A5D
:106E7000E6EEA79ADFED466AA7EEA66ADFED456A61
:106E8000E6EE276A9FED446AA6EEA76ADFED436A45
:106E9000E6EE276A9FED426AA6EEA76ADFED416A39
:106EA0009DE79FED410A002CF0EE007AD8BFB0EECE
:106EB000670AB3E6B0EE000AB0E600BFFFFF573F37
:106EC000B156C7B78914BDBB49EE0A398F52E9BC28
:106ED000EB6BA6BED475033E1AE284B61681A63BC0
:106EE000632A853DCEBBCB3EFFFF9F3FC0F90DBB64
:106EF000B351113DA35A443CC21CE3BD54FEA23E13
:106F00000892BEBE0568D43EC6CD1ABB136E5F3C68
:106F10000733013EE71A933D85570A3F31F3D93DC8
:106F2000D4A71E3E0B56583FFFFFDF417E071DC111
:106F30002B93A2C293A021BCE79A38C38C6522C3CD
:106F4000578079C222F028C1B7A031BF977F77BDA3
:106F50007C3FD2401F45D9420B81D643C9582144BA
:106F60006F48D94363A80943CE359D41FFFFBF4019
:106F700075C2F1C30B2380C492A021BC41641FC41D
:106F8000EAA220C34B108EC1D49D4CBFA743ED4352
:106F90001287B3C1CE901F45BBFD47455917C0446A
:106FA00071E5A24359B4F2410000000010EE103A1E
:106FB000002110B523F0004201600F49541E8C429D
:106FC00018D213F0FF4F0AD1DFED0C7A60EE277A6A
:106FD0006FF0180117EE903A016023F0004201684B
:106FE000D21523F0FF437E3A43F07C53114400EE68
:106FF000103A016010BD00BFFFFF7F7F0000004C12
:107000009FED0A7AF0EEC06AF4EE476AF1EE10FAEC
:10701000F0EE407A06D8B5EE400AF1EE10FA01D053
:10702000FEF774BDB0EE670A704700BFFFFF7F7FB9
:1070300010EE103AC3F3C7527F3A162AF0EE407AA8
:107040000ADC002A03DA03F00043036070470949B1
:1070500041FA02F21A4206D103F0004300EE103A60
:1070600017EE903AF1E723EA020307EE103A30EE0A
:10707000470AEAE7FFFF7F0010EE103A07B5194A0A
:1070800023F00043934207D8DFED170A002003B036
:107090005DF804EBFEF770BBB3F1FF4F03D330EEA6
:1070A000400A03B000BD6846FDF716FC00F003007F
:1070B00001289DED000ADDED010A06D0022807D067
:1070C00060B90120FEF758FBEBE7FEF78DF8E8E723
:1070D0000120FEF751FBB1EE400AE2E7FEF784F82B
:1070E000F9E700BFD80F493F0000000010EE103A4A
:1070F00007B5114A23F00043934207D8DFED0F0A8A
:10710000012003B05DF804EBFEF77EBBB3F1FF4F47
:1071100003D330EE400A03B000BD6846FDF7DCFB48
:10712000400000F00200DDED010A9DED000AC0F113
:107130000100FEF769FBEEE7DA0F493F00000000AF
:1071400007B501A8FDF7F0FC03B000BDDFED0D7A37
:10715000B0EEC07AB4EE677AF1EE10FA07B505D951
:10716000DFED097A30EE270A03B000BD01A8FDF774
:10717000DBFCFEF7A9FF019B002BB8BFB1EE400A74
:10718000F2E700BFFFFF7F7F0000807FB1EEC00A03
:107190007047000040EA01039B0730B596461FD1B7
:1071A000940828D00D46031F01EB840C51F8042BE2
:1071B00043F8042F8C45F9D1013C2A1D00EB8403D0
:1071C00002EB840104331EF0020F1CBF31F8022BC6
:1071D00023F8022B1EF0010F01D00A781A7030BD7F
:1071E000002AFCD0431E8E4411F8012B03F8012F16
:1071F0007145F9D130BD0346E5E700BF81420FD2AA
:107200008B1898420CD26AB1013A831801330A44B0
:10721000013912F801C903F801CD8A42F9D170474A
:10722000FFF7B8BF704700BF00F0030C5CEA010C29
:1072300017D100B55FEA920E1CD000EB8E01034619
:1072400043F804CB9942FBD100EB8E0E910744BF6B
:1072500000232EF8023BD30702D500238EF800301E
:1072600000BD32B10244034603F8011B9342FBD137
:10727000704770478646E9E7013A4B1E01381144D2
:1072800006E010F801CF13F8012F944506D303D878
:107290008B42F6D100207047012070474FF0FF303D
:1072A000704700BF017849B10346194613F8012F12
:1072B000002AFAD1C0F1010008447047084670471F
:1072C0000138013903E072B1934207D309D810F8AD
:1072D000013F11F8012F002BF5D122B14FF0FF3003
:1072E000704701207047181E18BF0120704700BF6B
:1072F00082B10378013A7BB191F800C0BCF1000F74
:107300000AD063450FD300F1010001F10101EFD96B
:1073100001207047104670470B7823B90278D01AC5
:1073200018BF012070474FF0FF307047037853B10A
:10733000CAB202E010F8013F2BB19A42FAD1914251
:1073400018BF002070471A46914218BF00207047AE
:1073500010B5037842788478C07888B079B9CDE9DF
:107360000123009403461021074A0DEB0100FCF7AE
:107370001BFF014604A8ECF7C5FC08B010BDCDE921
:1073800001400092EFE700BFCFD8050813B50C46C7
:107390001146FFF7DDFF00902046EAF76FF86946D7
:1073A00001900220EEF72EFC02B010BDF7B50C469E
:1073B00001A91546EDF70CF9019BF3B10344024610
:1073C0009342164606D912F8011B2E29F8D03039FF
:1073D0000929F5D9E21C21464FF00A0C0023B042DE
:1073E00002D207782E2F0BD17DB91370A2420ED195
:1073F000B04203D00A48E5F74FFC236003B0F0BD6C
:107400000CFB03730130303BE9E70B70EEE7B04251
:10741000F0D203782E2BEDD1013A01310130DDE7B6
:10742000DBD8050837B50C461546022101AAE6F758
:10743000FFFD019B2A4618682146FFF7B7FF019B15
:107440005868E6F72BFD03B030BD0000042807B5EF
:10745000034606D801460B4803B05DF804EB09F07B
:107460006FBD094A06216846FCF79EFE00F108033D
:107470006B444422411C684603F8082C09F060FD67
:1074800003B000BDDFD80508E4D80508F8B5244DE1
:10749000AB7DDB0731D52E68706801282DD9B16826
:1074A000431ECA5C0A2A28D14A1E002B01DC1A4658
:1074B00008E0D45C0A2CFAD0013BF6E78C5C202C67
:1074C00002D101329042F9D8002B0CDD541CA042AD
:1074D00009D14C1E1C448C4205D014F8017D0A2FA2
:1074E0000BD0202FF7D00144D21A11F8023C3A2BCE
:1074F0004FEA920400D1013404B9F8BD09490422CD
:107500003046D9F7AFFE0748042109F019FD2B6971
:1075100004332B61AB7D43F00203013CAB75EBE719
:1075200098050020CAD80508024820220021FFF74C
:107530007BBE00BFB000002038B50C4C4368206013
:1075400000220546A260227508464FF0FF32C4E9CA
:1075500003236360A16100F013FE6B680BB9012384
:10756000A375BDE83840FFF791BF00BF9805002024
:10757000F8B503780446CBB10D4E306F18B12146F3
:10758000FFF79EFE90B12046FFF78CFE451C284673
:10759000D8F779FE074648B12A462146FFF7FAFD9B
:1075A00004491C22081DFFF729FE3767F8BD00BFFC
:1075B00040000020B00000202DE9F341A24C064617
:1075C000A56820684768042D00F2B481DFE815F053
:1075D000050012011B018A01AE01731E042B0AD89B
:1075E0006368BB4204D13546284602B0BDE8F0814D
:1075F000012E00F08381B31E132B55D801A252F83F
:1076000023F000BFD3780408E77504081B79040849
:1076100011790408B3780408A9760408A976040847
:10762000A9760408A976040855760408A976040802
:10763000A97604088D780408A97604085D78040802
:10764000A9760408A9760408A9760408A97604088E
:10765000937604082169791AD9F7FBFE23685B68E1
:10766000BB4203D27948032109F06AFC22682369EE
:10767000D2E90110C91A184409F062FC236858685D
:107680002369C01A401BFFF7E1FE23692B442361E5
:1076900063E061682269521AD9F7E2FE26696368DD
:1076A000F61A002E2BDCD9E70D2E01D00A2E29D197
:1076B000637D0BB19E420BD16548667500F060FD9D
:1076C0002068D9F750FE63681844FFF751FF8BE735
:1076D00000236375082E01D07F2E23D121696268B3
:1076E00091423AD9A1EB020C2B46634511D1042BF0
:1076F000B4BF012604263246891BD9F7B1FE4FF0EC
:1077000001081EE000231B2E6375E3D10123A36053
:1077100023E086681644F65C202E01D10133E4E7AD
:107720000126E8E7A37D9A071ED5092E13D0202E47
:1077300055D14FF00008032184F81680D9F789FE4F
:1077400003263046FFF782FE23699B1B2361B8F1B5
:10775000000F83D1B2E00023A375A37D23F00203C1
:10776000A3754FF0FF353FE7092E38D1E7B18368A5
:107770002269134413F8010CD9F7C8FEA0B1354BA8
:10778000019304260025019B216920685A1C01925F
:107790002944012293F80080D9F743FE0135B54210
:1077A00080F80080EFD159E7236860689E682169FE
:1077B000294A091A01AB3044F3F79AFB0646002820
:1077C000CBD0431CDED1A06900F0DAFC22686368EC
:1077D00021699068C91A184409F0B2FB3EE7A6F186
:1077E00020035E2BB9D821690122D9F71AFE0125A1
:1077F000067033E74F2E04D05B2E40F09B800223AF
:1078000085E7042383E7A6F13003092B03D803237C
:10781000A3602675A1E70023413EA360072E9CD8F4
:1078200001A353F826F000BF5D7804088D780408A2
:10783000B3780408D37804085B7704081179040846
:107840005B770408FD78040898050020E9D805084E
:1078500083D90508CAD805080C0D0608E268062A6F
:107860003FF77BAF344B03EB8203551C596F002964
:107870003FF473AF6368E5604360D9F7C5FD2268E4
:10788000636826695568F61AED1A0AE7E368002B63
:10789000FFF663AF6168013B791AE360D9F7D9FD60
:1078A000E268002AEBDB244B206803EB8203196FAC
:1078B000E3E72569BD422CBF00250125002D7FF798
:1078C0004CAF2368986823692946184409F038FBAF
:1078D000DBE6226963689A427FF63FAF0025A8463F
:1078E00001262EE77E2E25D1237D313B072B21D883
:1078F000DFE803F00420130E2020040E26696368DD
:107900000025F61AAE42A5607FF727AFA84618E714
:10791000256900237D1BA360D0E72169B94209D204
:1079200001220025D9F79CFDA56097E6462EEFD0F1
:10793000482EE3D00023EAE64000002008B5FFF718
:10794000FBFD09F0E5FAFFF737FE431CF9D008BD4F
:1079500000B58BB06846D8F703FC044B1968091AC8
:107960008908D8F7D1FD0BB000BD00BF4000002052
:10797000014B1860704700BF3400002008B5436811
:1079800080685B6800219847BDE80840E9F776BD4C
:10799000F8B50C68636807465B68A0680D4601216E
:1079A0009847E9F76BFD022F064608D163686868BF
:1079B000A4681F68E6F772FA01462046B8473046C9
:1079C000F8BD000038B5054614200C46D8F769FC10
:1079D000044B8460C0E900350623C36000230374B0
:1079E00038BD00BFFC8C060870B5062892B005466D
:1079F0000E4603D10024204612B070BDF2B1E5F767
:107A0000AFFBD8F729FD6846D8F7F2FB044650B91A
:107A100031462846E4F770FCD8F7C0FBD8F724FDC0
:107A2000E5F7B4FBE7E707490748BCF78FF801998A
:107A30000548E6F773F94FF0FF34EFE7E5F7C4FBCD
:107A4000D8E700BFEDD805080C0D060810B5027C7C
:107A50000446D0E90210FFF7C7FF013006D1636882
:107A6000A0681B68002198470623E36010BD10B58D
:107A70000446084611460022E5F7E2FD2046FFF7DE
:107A8000E5FF062010BD00002DE9F0439BB0044641
:107A9000002608A8154688460996D8F7A9FB05F0E0
:107AA00001078146002862D115F0080330D010206C
:107AB000D8F7DEFB534A12694260034694E803009C
:107AC0004A46C3E90201A0681946E3F7A5FE290664
:107AD000064602D40320FFF74BFF09F08DFB044656
:107AE0003046E4F7D7FB4FF0FF30FFF741FF0120AE
:107AF000E5F7B2FBD8F752FB002F7DD042480121B9
:107B000009F01EFA012601213F4809F019FA6FE039
:107B1000EA061CD5D4E90121E120DBF778FB044615
:107B2000B8F1010F266806D1F10041F0020140F2E0
:107B30009A30E4F7F3F94246214606A8DBF7D4FF72
:107B4000C5F38002314606A8DFF77EF8BFE76E0670
:107B500005D594E80E00E120DBF70CFBDFE7A80673
:107B6000DED52046D9F796FADBF75DFBD7E74FF075
:107B7000FF30FFF7FDFE3046E5F76EFB6A0602D5E3
:107B8000A368206898471FB11F48012109F0D8F960
:107B9000099B1E491868EEF7F9FF044600282DD10D
:107BA00009991B48E6F7BAF82646AB071ED5194BCC
:107BB0001B78DBB109F020FB1749021B1448BBF707
:107BC000C5FF06AB05AA04A903A8D9F79DFA069B31
:107BD0000193059B114900930D48DDE90323BBF791
:107BE000B5FF0EF065FA0A48D9F76AF8002F8AD176
:107BF00030461BB0BDE8F0830126D6E700244FF4E1
:107C00008076D2E74000002019D9050844210608F3
:107C10000C0D0608B40500201BD90508BED50508C3
:107C200008B5E6F73BF9034B003818BF0120187080
:107C3000062008BDB405002008B503784BB9012122
:107C40000170044809F07CF909F062F90338012851
:107C5000FAD808BD19D9050870B5067805461EB1D1
:107C60004FF0FF34204670BD09F052F9C31E012BBE
:107C700004460BD801210C48297009F061F9032C46
:107C8000EED10A4846643C30D8F7CAFAAB88013BCB
:107C90009BB2AB80002BE5D10548012109F050F9DA
:107CA0006B88AB80DEE700BF19D9050840000020D3
:107CB00043D90508F0B58BB0202106A8D9F7E4FA1E
:107CC0000027354800F05CFA0797344800F058FA6E
:107CD00009F01EF9431E032B45D8DFE803F00236F6
:107CE000414907990229ECD1089B1A78052AE8D165
:107CF0005E78412E05D02A4809F022F90023079327
:107D0000E3E7284809F01CF980240125032168468F
:107D1000ADF800408DF8025009F012F900238DF8FB
:107D2000043001AB0393204B049332461F4BADF854
:107D30000640294603A8ADF808400593FFF7A4FEC6
:107D4000C205DBD54FF4807008E0194800F018FA3E
:107D500006A8D9F7C3FA174B002018700BB0F0BD76
:107D600000230793B4E7C1B206A8D9F70BFBAFE72E
:107D7000114800F005FA079B33B90D4800F000FAEE
:107D800006A8D9F7ABFADDE71122012106A8FFF713
:107D90007BFEC30598D5D5E727D905083CC905085A
:107DA0006C8D060842D90508597C0408397C040802
:107DB00083D90508B505002045D9050830B587B039
:107DC000202102A8D9F760FA3F48404C00F0D8F9CA
:107DD0003F4800F0D5F93F4800F0D2F93E4800F0A6
:107DE000CFF90025012025810395F2F7ABFF01466D
:107DF00002A8FFF7A3FD013804284AD8DFE800F005
:107E0000030F27131C00334800F0BAF902A8D9F772
:107E100065FA324B01221A70002007B030BD2D48A0
:107E200000F0AEF9D0E72B4800F0AAF902A8D9F784
:107E300055FA4FF48070F0E7294800F0A1F9039556
:107E400009F066F8C1B203298DF8071003D1214863
:107E500000F096F9C6E704290AD11E4800F090F90F
:107E60000121162202A8FFF70FFEC305BAD5E0E7ED
:107E700002A8D9F787FA9DF807300D2B03D11948CE
:107E800000F07EF9DCE701210DF1070009F058F858
:107E9000D6E7039B002BA5D002A8D9F764FAF2F726
:107EA0006BFF70B10A2102A8D9F76CFA0220F2F731
:107EB00049FF014602A8FFF741FD0328C7D0042867
:107EC000EAD10021CDE700BF8ECB0508400000209D
:107ED00048D9050883D9050860D90508B5050020EB
:107EE00086D90508B6D9050820220121FFF7CCBDA7
:107EF00037B50C466A4601A90546F3F743F90199DF
:107F000084F0010201294FEAC2120BD0022906D0E7
:107F1000074908482A46BBF719FE002005E042F051
:107F2000080201210098FFF7AFFD03B030BD00BF8C
:107F3000BDD905080C0D0608002210B511460446EF
:107F4000F3F720F9022805D120460121BDE81040B1
:107F5000FFF7CEBF2046FBF7E9FC022804D12046FC
:107F6000BDE81040FFF7C0BF012010BDEFF3108146
:107F700072B6064B1B68C21A002A054ADABF0133E3
:107F80001360106081F31088704700BFC0050020A7
:107F9000BC05002040694B69C01AC00F7047000043
:107FA0002DE9F843EFF31187F02383F312880E4E87
:107FB00000243568A04625B9346087F31188BDE8F0
:107FC000F88369680948C5F80480E5F7C1FA2B8A87
:107FD0009B07814605D4224604482946E5F797FACF
:107FE00004464D46E7E700BFB8050020957F04082A
:107FF0002DE9F8431C4B1D4D1E682C6800274FF0DF
:10800000010913E061681A486760E5F7A1FA228A5E
:10801000E369D107804613D5C2F380022146184692
:10802000FFF7E2FC78B1A4F812904446CCB1606945
:10803000831B002BE6DD2C60BDE8F843FFF796BFFD
:108040000BB120469847638A022BEED1D4E9053262
:1080500013446361214606484246E5F758FA044650
:10806000CDE72C60BDE8F883C0050020B8050020EE
:10807000957F04082DE9F341EFF31187F02383F393
:108080001288114E00253468A8462CB9356087F354
:10809000118802B0BDE8F08161680C48C4F8048022
:1080A0000194E5F755FA019B1B8A9B07044603D50B
:1080B000012101A8D8F728FA2A4601990348E5F7D3
:1080C00026FA0546E1E700BFB8050020957F0408C1
:1080D000002370B54360C3600C4B1B681944044611
:1080E0004161EFF31186F02383F31288084D0146B6
:1080F0002A680848E5F70BFA8442286002D16069D3
:10810000FFF734FF86F3118870BD00BFC005002063
:10811000B8050020957F040838B50246EFF31185B5
:10812000F02383F31288044C04482168E5F731FA00
:10813000206085F3118838BDB8050020957F0408BC
:1081400038B545180146A94206D1884215D2BDE886
:108150003840091A08F0F4BE0C4614F8013B0A2B0B
:1081600009D1884202D2091A08F0EAFE0348022126
:1081700008F0E6FE20462146E5E738BD83D905082C
:1081800010B50446FFF78EF801462046BDE81040C2
:1081900008F0D6BE032902D1104608F09FBE04297C
:1081A0001DBF16224FF0FF301A60002070470846AE
:1081B000114608F0C5BE70B515460C468E18B4427F
:1081C00001D1284670BD08F0A3FE04F8010BF6E7C4
:1081D00038B5054614466A68013A012A084604D8AB
:1081E0002146FFF7ADFF204638BD01221A604FF04F
:1081F000FF34F8E770B5054608460C46E5F760FD24
:108200006368034902462846BDE87040BBF79EBC40
:10821000D9D9050870B5154642686AB90C464E1999
:10822000A64201D1284670BD08F072FE0D2808BF95
:108230000A2004F8010BF3E701221A604FF0FF3522
:10824000F0E7830705D16422B0FBF2F302FB1303CE
:108250004BB94FF4C873B0FBF3F203FB1200B0FA52
:1082600080F040097047012070470000074B4A1E0C
:1082700010B533F9114033F912300229A4EB03048D
:1082800002D1FFF7DEFF0444204610BD548E0608DD
:1082900010B5064B4C1E022933F91440144402D980
:1082A000FFF7CFFF0444204610BD00BF548E0608E0
:1082B000F8B5154600233F4A10F04EFD002B04464A
:1082C00016461F4604DA3B4AB61843F10007013C44
:1082D0004FF4616200233046394610F03DFD3C22E8
:1082E000287100233046394610F036FD002316462B
:1082F0003C2210F031FDE31C6A71072293FBF2F27D
:10830000C2EBC2029B1A04F503342B4AAE7148BF7C
:10831000073304F56A7448F6AC61EB7194FBF2F331
:1083200002FB134292FBF1F4042C08BF032440F239
:10833000B55001FB142292FBF0F1192908BF182156
:1083400000FB112240F26D1092FBF0F0042808BFF0
:1083500003206FF4B67606FB0022642673431926C9
:1083600006FB04330B4400EB830000F5C86080B2C9
:108370001249288000230C78944216DD991CC9B25A
:108380000B2984BFA3F10A01013002F1010201F1BE
:10839000010188BF80B2D2B2C9B288BF2880EA701A
:1083A000A970FFF775FF2881F8BD0131121B013359
:1083B000E1E700BF80510100B13A0200488E060893
:1083C000F8B51D46A0F2B27740F26D135F436FF42B
:1083D000C863C418A308DB194FEAE77646F1000624
:1083E0006427B4FBF7F7DB1B66F100064FF4C87790
:1083F000B4FBF7F4E41846F10006593C46F1FF36A9
:10840000FFF746FF0A4B01380019A0FB032146F194
:10841000000603FB0611DDE906303C2404FB0300E3
:108420004FF4616303FB0500801841F10001F8BDC2
:10843000805101002DE9F041079C069E4FF03C0C55
:1084400094FBFCF50CFB15442E44002C04EB0C07AC
:10845000A8BF274606F1FF34B8BF264696FBFCF4BA
:108460000CFB14662344002E06EB0C04B8BF264612
:1084700003F1FF34B8BF23464FF0180C93FBFCF414
:108480000CFB1433A518002B03EB0C08A8BF98466F
:1084900005F1FF33B8BF1D464B1E0C2193FBF1F2D3
:1084A00001FB1233002B02EB00041944A8BF19464C
:1084B00004F1FF33B8BF1C460131002D0DDD20460D
:1084C000FFF7D4FEA84213D3CDE9066743462A46F8
:1084D0002046BDE8F041FFF773BF013904F1FF33D7
:1084E00004BF1C460C212046FFF7C0FE0544E4E70C
:1084F00001310D2904F10103A5EB000504BF1C4661
:108500000121DCE7044B00F00F0200099A5C185CC3
:1085100040EA0210C0B270476E8E06082DE9F04F97
:10852000D0F8009087B01F460B4404460393B9F17E
:10853000000F51D0BA4602F1FF38039B534551D08A
:10854000A37918F8016F1BB93046FFF7DBFF064629
:108550004FF0080B0025E268D388D268F10758BFB6
:108560001B0493616379002B40F08F80484608F02C
:1085700065FEA2682179D388D268012908BF1B044F
:1085800093612269D36812891B69C2F34312D340F5
:1085900003F0010343EA4503DDB26379002B40F0A9
:1085A0008280484608F04AFEA2682179D388D268C2
:1085B000002976D09361BBF1010BC6F34706CAD1FF
:1085C0003FB1A3791BB12846FFF79CFF05468AF807
:1085D00000500AF1010AB0E7531E3D460293039B87
:1085E000AB4202D107B0BDE8F08F029AA3790193A4
:1085F00012F8013F0292019A1AB91846FFF782FF5A
:108600000346226994F804E0D06812890490C2F30A
:108610004311E268B2F80690D2F80CA0A268B2F852
:1086200006C0D6684FEA09424FF0080800200592BC
:108630004FEA0C4BDA075ABF059ACAF81820CAF855
:108640001890049ABEF1010F14BFC6F818C0C6F8FE
:1086500018B01269CA4002F0010242EA4002D0B2E8
:10866000BEF1000F0ED0C6F818C0B8F10108C3F370
:108670004703DFD127B1019B0BB1FFF743FF287000
:108680000135ACE7C6F818B0EFE7A2682179D388C6
:10869000D268012908BF1B049361484608F0CEFD4B
:1086A0006FE71B0486E7A2682179D388D26821B1DD
:1086B0009361484608F0C2FD7DE71B04F8E710B55A
:1086C0000446B1B980682179C388C26899B19361C1
:1086D00000231A46012108F07DFC00231A46E068B9
:1086E000012108F077FC002320691A46194608F09A
:1086F00071FC002010BD1B04E9E70000F0B585B057
:108700000C460AF08BFB00231A460521054608F0AB
:1087100061FC062201A92046E5F7F2FD029B042B2D
:1087200002D82848E4F7B8FAEB68EA889A61FA2098
:1087300008F030FDEB88EA681B049361122008F012
:1087400029FDEFF31186102383F31288EB68EA8882
:108750009A610A2008F072FD08F054FD0746EB68A4
:108760001C692B89C3F34313DC4014F001041FD1AF
:10877000962201212846F4F7E7FB00281DDB019F24
:10878000642201212846F4F7DFFB002815DBE31003
:108790003028FA5C94BF00200120013440EA4200F6
:1087A000282CF854ECD186F31188062005B0F0BDD2
:1087B00008F028FDC01B6428D1D986F311886E20EB
:1087C000E4F78EFC6ACB050810B5084B0446186820
:1087D0004FF47A73B0FBF3F000F024FA0022214644
:1087E0004FF0FF3000F0D0F9002010BD0000002055
:1087F000014B1868704700BFC0050020014B186886
:10880000000C7047002004E0024B1868C0F30B0016
:10881000704700BF002004E07047000010B5044618
:10882000002800F09F80036C23B9436480F83C303B
:10883000FFF7F2FF236CDB0600F19280236C23F438
:10884000885323F0020343F002032364464B5A6823
:1088500022F440325A605A6861680A435A602368B9
:1088600021695A6822F480725A605A6842EA0122E9
:108870005A605A68A16822F040725A605A680A43E6
:108880005A609A68E16822F400629A609A680A4322
:108890009A603649A26A8A4256D0996821F070617E
:1088A000996099680A439A609A68E16A22F0405296
:1088B0009A609A680A439A609A68A16922F0020253
:1088C0009A609A6842EA41029A60226A002A43D07A
:1088D0005A6842F400625A605A6822F460425A6050
:1088E000626A5868013A4FF4604191FAA1F1B1FA15
:1088F00081F18A4002435A60DA6AE16922F4700227
:10890000DA62DA6A013942EA0152DA629A68216B64
:1089100022F400729A609A6842EA41229A609A6848
:10892000616922F480629A609A68002042EA81229A
:108930009A606064236C23F0030343F00103236413
:10894000002384F83C3010BD9A6822F070629A606F
:108950009A6822F04052AEE75A6822F40062CAE7F1
:108960000120EDE70120EEE7002301400100000FA8
:1089700082B00023019390F83C30012B4ED00123AC
:1089800080F83C3003689A68D10705D59A68D20709
:1089900014D4002002B070479A68214942F00102C5
:1089A0009A60204A1268B2FBF1F202EB4202019295
:1089B000019A002AEAD0019A013AF8E7026C22F4FF
:1089C000E06222F0010242F4807202645A685105AA
:1089D00041BF026C22F4405242F480520264026CA5
:1089E00012F480521CBF426C22F006024264002244
:1089F00080F83C206FF022021A600B4A5268D206BF
:108A000008D19A6812F0405FC3D19A6842F0804260
:108A10009A60BEE7054A9342BBD1F2E70220B9E76C
:108A200040420F00000000200023014000200140D0
:108A300090F83C30012B14D003689A6822F00102B0
:108A40009A609B68DB0707D4036C23F4885323F0F8
:108A5000010343F001030364002380F83C3018460F
:108A60007047022070470000F7B50023019390F88B
:108A70003C30012B7ED00C6802688E68092CA5B2B0
:108A800031D9A5F10A03D76803EB43034FF0070C74
:108A90000CFA03FC27EA0C07D760D76806FA03F341
:108AA0003B43D3604B68062B2CD8013B516B03EB47
:108AB00083031F269E4021EA06015163516B05FA8C
:108AC00003F30B4353632C4B9A4206D1122C38D13B
:108AD0002A4A536843F480035360002380F83C30F3
:108AE000184603B0F0BD136904EB440C072707FADE
:108AF0000CF723EA07031361136906FA0CF61E4309
:108B00001661CFE70C2B0ED8073B116B03EB8303E9
:108B10001F269E4021EA06011163116B05FA03F33B
:108B20000B431363CFE70D3BD16A03EB83031F268F
:108B30009E4021EA0601D162D16A9D400D43D56273
:108B4000C1E7A4F11003012BC7D80C4A5368102CBD
:108B500043F400035360C0D1094B0A4A1B68B3FBBE
:108B6000F2F30A2253430193019B002BB5D0019BE2
:108B7000013BF8E70220B4E7002001400023014058
:108B80000000002040420F00144BDB68C3F30223B7
:108B900030B5DD1E042D94BFC3F1070304234FF04D
:108BA000FF3488BF002504FA03F321EA0301AC4037
:108BB000002822EA040201FA05F141EA0201AEBFEF
:108BC00000F16040064A00F00F004FEA0113AABF0F
:108BD00000F56140135480F8003330BD00ED00E033
:108BE00014ED00E0002807DB044A4109012300F0EE
:108BF0001F00834042F82130704700BF00E100E0D1
:108C000000280CDB4309064900F01F002033012235
:108C1000824041F82320BFF34F8FBFF36F8F70471F
:108C200000E100E00138B0F1807F0BD24FF0E0238B
:108C3000054A5861F02182F823100020072298612C
:108C40001A6170470120704700ED00E070B590F8A0
:108C50003440012C01D1022070BD012480F8344041
:108C600090F83540866D012C4FF0000429D1022583
:108C700080F8355044650468256825F48025256012
:108C800063608368402B0EBFA260A160E260C26D8A
:108C900008BFE1603F239340B360236843F01603AD
:108CA0002360636943F080036361036C1BB1236835
:108CB00043F008032360236843F00103236000208E
:108CC000CAE780F83440C6E7F7B5002301935C4B50
:108CD000856D1F68C36D2E6808229A403242044693
:108CE0000CD001680868400708D5086820F0040027
:108CF0000860AA60626D42F001026265514A9A40C2
:108D0000324208D021684969090641BFAA60626DF4
:108D100042F0020262654C4A9A40324208D0216811
:108D20000968880741BFAA60626D42F0040262656B
:108D300010229A40324210D02368196809070CD5D6
:108D4000AA601A68500337D51B68190301D4236C35
:108D500000E0A36C0BB120469847E16D20228A40C9
:108D600032423AD023681868C60636D5AA6094F80D
:108D70003520052A1A6827D122F016021A605A698E
:108D800022F080025A61226C0AB9A26C1AB11A68E8
:108D900022F008021A603F238B40AB60002384F866
:108DA0003430012384F83530236D002B45D0204624
:108DB00003B0BDE8F04018471A68D2055EBF1A68D4
:108DC00022F008021A60C2E7500327D51B68190376
:108DD00031D4636C0BB120469847636D6BB3636D00
:108DE000DA0719D522684FF41653B7FBF3F70523BA
:108DF00084F83530136823F001031360019B0133BD
:108E0000BB42019302D81368DB07F7D4002384F830
:108E10003430012384F83530E36CC6E71A6812F465
:108E2000807208D1196821F010011960012384F8BB
:108E3000342084F83530E36BCCE703B0F0BD00BFDD
:108E4000000000200100800004008000406D704799
:108E5000036810B5DAB2103A064C6FF309035F2AC3
:108E600088BF04331821B2FBF1F1615CC1658365F1
:108E7000184610BD888E060870B50446FFF7B8FC8A
:108E80000546002C60D0002384F834302268022389
:108E900084F83530136823F00103136022681368E7
:108EA000D8072ED413683248A1691840D4E9013597
:108EB0002B43E5682B4325692B4365692B43E56903
:108EC0000B432B43256A2B430343606A042802BFEC
:108ED000D4E90B5635432B4313605369042823F020
:108EE000070343EA000335D1A06AE56A03438DB363
:108EF00091B9012820D030F002012BD1E90129D508
:108F00001DE0FFF775FC401B0528C7D9202303206F
:108F1000636584F8350070BDB1F5005F16D1032894
:108F200018D801A151F820F03F8F0408FD8E0408E5
:108F30003F8F0408398F0408B5F1C07F0AD1402360
:108F40006365012384F835300120E4E70228F6D96F
:108F50000328D3D053612046FFF77AFFE26D3F2309
:108F60009340836000200123606584F83530D2E7A8
:108F70003F8010F038B50546E8B190F83540022C36
:108F800017D003681A6822F001021A600024212217
:108F90001C605C609C60DC601C615A61FFF758FFDC
:108FA000EA6D3F23934083606C6585F8344085F813
:108FB0003540204638BD0124FBE700002DE9F74F7E
:108FC000DFF89C81644C00234FF001090D6809FA19
:108FD00003FA0AEA05023AEA050540F0A8804D685E
:108FE00025F0100EBEF1020F14D14FEAD30C00EBA6
:108FF0008C0C03F0070BDCF820604FEA8B0B0F277B
:1090000007FA0BF726EA07070E6906FA0BF63E4346
:10901000CCF8206007684FEA430C032606FA0CF6EA
:1090200027EA060B05F0030707FA0CF70EF1FF3EDF
:1090300047EA0B07BEF1010F076010D8876827EADF
:10904000060ECF6807FA0CF747EA0E0787604768F5
:1090500027EA0A0E2F099F4047EA0E074760C768B4
:1090600027EA06078E6806FA0CF63E43C660EE0055
:109070005DD500260196D8F8446046F48046C8F8CD
:109080004460D8F8446023F0030707F1804706F4F2
:10909000804607F59C37019603F0030C019ED7F834
:1090A00008E04FEA8C0C0F2606FA0CF62EEA060EA4
:1090B0002A4EB04242D006F58066B04240D006F556
:1090C0008066B0423ED006F58066B0423CD006F5E0
:1090D0008066B0423AD006F58066B04238D006F5D8
:1090E0008066B04236D006F58066B04214BF0826CE
:1090F000072606FA0CF646EA0E06BE602668EF035F
:1091000054BF9643164326606668AF0354BF964328
:1091100016436660A668EF0254BF96431643A660E6
:10912000E668AD0254BF26EA02023243E260013330
:10913000102B7FF44BAF03B0BDE8F08F0026D8E7CB
:109140000126D6E70226D4E70326D2E70426D0E795
:109150000526CEE70626CCE7003C01400000024091
:10916000003802400268536913F480630DD06FF435
:10917000806353610423036420220023036380F887
:109180003C3080F83D2001207047184670472DE99B
:10919000F04205460E4617461C464FEA11492B6819
:1091A000B9F1010F1FD1586926EA000080B2B0FA68
:1091B00080F04009874201D0002012E0621CEFD00D
:1091C0002CB1FFF715FB069BC01AA042E7D900237C
:1091D00020222B6385F83C3085F83D20032085F85C
:1091E0003E30BDE8F0829869C043C0F3400080F093
:1091F0000100C0B2DEE72DE9F04104460F461646F5
:1092000098462568686927EA000080B298B16B69C2
:109210005A0512D52B6843F400732B606FF48063FA
:109220006B610423236420220023236384F83C30F1
:1092300084F83D200120BDE8F081731CE2D046B9DE
:1092400000232022236384F83C3084F83D2003204F
:10925000F1E7FFF7CDFAA0EB0800B042D1D9EFE774
:1092600070B504460D4616462068436913F0400366
:1092700001D000200DE04269D2060BD56FF010023C
:1092800042612022236484F83C302363012084F867
:109290003D2070BD5DB9236C43F02003236420237F
:1092A00084F83D30002384F83C300320F1E7FFF7D9
:1092B0009FFA801BA842D7D9EDE770B504460D464A
:1092C000164623685B695B0701D5002012E0204643
:1092D000FFF748FF70B96A1CF3D065B9236C43F0FF
:1092E0002003236420220023236384F83C3084F885
:1092F0003D20032070BDFFF77BFA801BA842E0D918
:10930000ECE770B505460E462B689C69E44314F003
:10931000020401D000200DE0FFF76AFA801B192833
:10932000F2D920232C6385F83C4085F83D3003209A
:1093300085F83E4070BD70B504460D46164623685C
:109340005B691B0601D5002012E02046FFF70AFFEB
:1093500070B96A1CF3D065B9236C43F02003236411
:1093600020220023236384F83C3084F83D2003202E
:1093700070BDFFF73DFA801BA842E0D9ECE7000082
:109380002DE9F0431546026885B0DDE90C67994682
:10939000136843F4807313608846009733460022B5
:1093A0004FF001110446FFF7F2FE18B1032005B09B
:1093B000BDE8F08322681C4908F0FE0313612046D3
:1093C0003B463246FFF717FF28B1236C042B0CBF36
:1093D00001200320EBE7236803905A6903929B69FD
:1093E00003933A4631462046039BFFF7A4FF48B15A
:1093F000236C042BDAD12268136843F400731360E2
:109400000120D4E7B9F1010F236802D1EDB21D614B
:10941000CDE72A0A1A6131463A462046FFF78BFF0C
:109420000028E5D12368F1E7020001002DE9F043AF
:109430009946036817461A6842F4806285B01A603C
:109440001A68DDE90C5642F480721A60884600966C
:109450002B4600224FF001110446FFF798FE18B189
:10946000032005B0BDE8F08323682E4908F0FE0212
:109470001A61204633462A46FFF7BDFE28B1236C09
:10948000042B0CBF01200320EBE7236803905A69EB
:1094900003929B690393324629462046039BFFF7BC
:1094A0004AFF48B1236C042BDAD12268136843F4D5
:1094B000007313600120D4E7B9F1010F236825D1AF
:1094C000FFB232461F6129462046FFF734FF0246AD
:1094D0000028E7D121680B6843F480730B602046B5
:1094E00000962B464FF00111FFF751FE0028B7D12F
:1094F000236848F00101C9B219612A460949334677
:109500002046FFF778FE0028ABD0B8E73A0A1A6188
:10951000294632462046FFF70EFF0028C2D12368B5
:10952000CEE700BF020001007047000038B50446D6
:10953000002866D090F83D301BB980F83C30FFF72A
:10954000F3FF2268242384F83D30136823F00103DD
:10955000136001F0BDFC62682B4B25682B49B0FB02
:10956000F1F19A42696000F1FF3024D85200B0FB5B
:10957000F2F2531C40F6FC7201311342296230D1E1
:109580000423EB61D4E9073213432B60D4E90323AE
:109590001343AB60D4E905321343EB602B6843F00F
:1095A00001032B6000202023206484F83D302063D9
:1095B00084F83E0038BD4FF4967359434FF47A73E4
:1095C000B1FBF3F1A368013129626BB119235A434E
:1095D000B0FBF2F30133C3F30B036BB143F440432D
:1095E000CFE7C3F30B03CCE702EB4202B0FBF2F28E
:1095F0000132C2F30B030BB90123C2E743F400436A
:10960000BFE70120D6E700BFA086010040420F005F
:10961000704710B5044698B10268242380F83D30A5
:10962000136823F001031360FFF7F2FF00202064AA
:1096300084F83C0084F83D00206384F83E0010BDAF
:109640000120FCE72DE9F043044685B098460C9FC5
:109650000D469146FFF7CCF894F83D30202B064696
:1096600004D101462046FFF74CFE20B102252846D2
:1096700005B0BDE8F08394F83C30012BF6D001230F
:1096800084F83C3023681A68D2075EBF1A6842F03B
:1096900001021A601A6822F400621A60212284F81A
:1096A0003D20102284F83E2000222264A2F5803260
:1096B000A4F82A80E262628D2285E26AC4F82490CE
:1096C000042A04D0012A02D012F5803F04D11A687E
:1096D00042F480721A6002E0226B122AF7D00096E0
:1096E0003B4600224FF001112046FFF750FD0028B5
:1096F00033D123692268B3F5804F20D105F0FE05F0
:109700001561374933463A462046FFF774FD054652
:1097100010BB236803905A6903929B690393039BD0
:10972000238D3BBB21680A6842F400720A60202244
:1097300084F83D2084F83C3084F83E3097E7EB1104
:1097400003F0060343F0F0031361264933463A461B
:109750002046FFF750FD48B1236C236C042B4FF0DB
:10976000000384F83C300ED1012580E72368EDB278
:109770001D61C6E7324639462046FFF7DCFD50B191
:10978000236C042B01D0032571E72268136843F48E
:1097900000731360E8E7626A2068531C6362137801
:1097A0000361638D013B6385238DD0F814C0591E7E
:1097B00089B21CF0040F218509D041B1911C61626E
:1097C00052780261628D023B013A628523853246FE
:1097D00039462046FFF771FD0028A1D0D0E700BF31
:1097E00002000100080001002DE9F043044689B0A1
:1097F0009846109F0D469146FEF7FAFF94F83D30CB
:10980000202B064604D101462046FFF77AFD20B101
:109810000225284609B0BDE8F08394F83C30012BBE
:10982000F6D0012384F83C3023681A68D1075EBF64
:109830001A6842F001021A601A6822F400621A6083
:10984000222284F83D20102284F83E200022226447
:10985000A2F58032A4F82A80E262628D2285E26A53
:109860001968C4F8249041F48061042A196004D076
:10987000012A02D012F5803F04D11A6842F48072A6
:109880001A6002E0226B112AF7D000963B460022B4
:109890004FF001112046FFF77AFC002830D12269F1
:1098A0002368B2F5804F1CD145F00105EDB21D6172
:1098B000794933463A462046FFF79DFC0546F0B904
:1098C000228D2368002A4BD0012A5DD11A6822F428
:1098D00080621A6004905A6904929A690492049A08
:1098E00044E04FEAE51808F0060848F0F0021A6173
:1098F0006A4933463A462046FFF77DFC48B1236C5F
:10990000236C042B4FF0000384F83C3026D1012552
:109910007FE723686049EDB21D613A463346204631
:10992000FFF769FC02460028E9D1236807905969CE
:109930000791996907910799196841F48071196035
:10994000204600963B464FF00111FFF720FC00280F
:10995000D6D1226848F0F1031361A9E7032558E73F
:1099600003905A6903929A690392039A1A6842F41F
:1099700000721A60238D13BB202284F83D2084F8E6
:109980003C3084F83E3044E7022A1A680DD122F4B4
:1099900080621A601A6842F400621A6005905A697F
:1099A00005929B690593059BE4E742F480621A6087
:1099B00006905A6906929B690693069BDAE7032B89
:1099C00050D8012B0BD1324639462046FFF748FCD0
:1099D00008B3236C202B0CBF0325012519E7022BAC
:1099E0002F4900963B464FF00002204620D1FFF75A
:1099F000CEFB0028B2D123681A6842F400721A60C4
:109A00001A69636A591C61621A70238D013B2385B0
:109A1000638D013B638523681A69636A591C61621F
:109A20001A70238D013B2385638D013B6385A1E77C
:109A3000FFF7ADFB0246002890D12368196821F496
:109A4000806119601969636A581C60621970238DFE
:109A50001349013B2385638D013B638520460096B6
:109A60003B46C4E7324639462046FFF7F9FB00285B
:109A7000AFD123681A69636A591C61621A70238D19
:109A8000013B2385638D013B638523685A69520737
:109A90007FF570AFC0E700BF0200010008000100C1
:109AA000040001002DE9FF4104461D460F46904683
:109AB000FEF79EFE94F83D30202B06460BD11FB9D1
:109AC000012004B0BDE8F081B8F1000FF8D094F89F
:109AD0003C30012B01D10220F3E7012384F83C3014
:109AE000236844491A68D2075EBF186840F0010035
:109AF00018601868212220F40060186084F83D2066
:109B0000202284F83E2000222264A4F82A80E16208
:109B1000618D21851968676241F480611960204672
:109B2000354900962B46FFF732FB024608B1032069
:109B3000C7E723680290596902919B690293029BCF
:109B40002369B3F5404F0ED12B4900962B46204692
:109B5000FFF71DFB0028EAD1236803905A6903929E
:109B60009B690393039B228DC2B900962B464FF449
:109B700082312046FFF70BFB0028D8D123686FF411
:109B800080625A611A6822F480621A60202384F885
:109B90003D3084F83C0084F83E0092E73246294686
:109BA0002046FFF7C8FB236848B11A6822F4806298
:109BB0001A60236C042B0CBF0120032081E7616A2B
:109BC0004A1C62620A781A61628D013A6285228DAE
:109BD0005F69501E80B27F072085C4D50028C2D09F
:109BE000881C606249781961638D023A013B638584
:109BF0002285B8E70000FFFF020001002DE9FF41C8
:109C000004461E460D469046FEF7F2FD94F83D30A0
:109C1000202B07460CD125B90125284604B0BDE804
:109C2000F081B8F1000FF7D094F83C30012B01D14E
:109C30000225F2E7012384F83C3023684B491A6877
:109C4000D0075EBF186840F0010018601868222233
:109C500020F40060186084F83D20202284F83E2023
:109C600000222264A4F82A80E162618D21851968AE
:109C7000656241F48061196020463D490097334692
:109C8000FFF785FA054600286DD1236802905A69CE
:109C900002929B690293029B238DC3B923685A6980
:109CA000D20640D50022039259690391196841F008
:109CB000010119600399196821F48061196020235A
:109CC00084F83D3084F83C2084F83E20A5E73A46ED
:109CD00031462046FFF7C4FA236848B11A6822F4D7
:109CE00080621A60236C202B0CBF0325012594E7AA
:109CF0001A69636A591C61621A70238D013B2385BE
:109D0000638D013B638523685A695107C4D51A697D
:109D1000636A591C61621A70238D013B2385638D30
:109D2000013B6385B8E72046FFF71CFA80B926B1EE
:109D3000FEF75EFDC01B8642B0D2236C43F02003C9
:109D4000236420220023236384F83C3084F83D20E0
:109D50002268136823F480631360236C042B0CBF08
:109D60000125032559E7032557E700BF0000FFFF42
:109D70000200010073B50E4611460022019290F8D0
:109D80003D20202A044602D0022002B070BD354A90
:109D900046F2A8101268B2FBF0F219204243019279
:109DA000019A501E01903AB92023226384F83C2086
:109DB00084F83D300320E8E7226890698507EFD4F6
:109DC00094F83C000128DFD0012084F83C001068A2
:109DD000C0075EBF106840F001001060106820F4FA
:109DE00000601060212084F83D000025102084F8D8
:109DF0003E00256463851C4BE362638D61622385AD
:109E0000666403B3606B194EC663194EC6641032A4
:109E1000C0E9105585640565FEF718FF23681A68C8
:109E200042F480621A601A6842F480721A6084F800
:109E30003C505A6842F440725A605A6842F40062D8
:109E40005A600020A1E7116841F480611160116837
:109E500041F48071116084F83C30536843F4E0634E
:109E60005360EEE7000000200000FFFF53A8040845
:109E70001FA8040873B504460020019094F83D0023
:109E8000202802D0022002B070BD364846F2A81544
:109E90000068B0FBF5F01925684301900198451E54
:109EA000019538B92023206384F83C0084F83D30C4
:109EB0000320E8E72568A8698607EFD494F83C00FA
:109EC0000128DFD0012084F83C002868C0075EBF6D
:109ED000286840F001002860286820F400602860AD
:109EE000222084F83D000026102084F83E002664DD
:109EF00063851D4BE362638D6262238561640BB3EE
:109F0000A06B1A49C1631A49C164C0E9106686642E
:109F1000066505F11001FEF799FE23681A6842F400
:109F200080621A601A6842F480721A6084F83C6099
:109F30005A6842F440725A605A6842F400625A60A9
:109F40000020A0E72A6842F480622A602A6842F46E
:109F500080722A6084F83C306B6843F4E0636B6085
:109F6000EEE700BF000000200000FFFF53A8040838
:109F70001FA8040873B50023019390F83D30202BEF
:109F80000446164602D0022002B070BD09B9012075
:109F9000FAE7002AFBD02B4B46F2A8121B68B3FB52
:109FA000F2F3192253430193019B5A1E01923BB9CC
:109FB0002022236384F83C3084F83D200320E3E72B
:109FC00023689A699007EFD494F83C20012ADAD0EC
:109FD000012284F83C201A68D2075EBF186840F05E
:109FE0000100186018681A4620F40060212342F826
:109FF000100B84F83D30202384F83E300025124BAE
:10A000002564606B6685E362638D104E2385616213
:10A01000C6630F4EC664C0E9105585640565FEF73A
:10A0200015FE23681A6842F480621A6084F83C5076
:10A030005A6842F440725A605A6842F400625A60A8
:10A040002846A1E7000000200000FFFF53A80408F5
:10A050001FA8040873B50023019390F83D30202B0E
:10A0600004460E4602D0022002B070BD09B901209C
:10A07000FAE7002AFBD02C4B46F2A8111B68B3FB71
:10A08000F1F319214B430193019B591E01913BB9F7
:10A090002022236384F83C3084F83D200320E3E74A
:10A0A000236899698807EFD494F83C100129DAD025
:10A0B000012184F83C101968C9075EBF196841F096
:10A0C000010119601868194620F40060222341F844
:10A0D000100B84F83D30202384F83E300025134BCC
:10A0E0002564A06B6285E362638D114A23856662F5
:10A0F000C263104AC264C0E91055324685640565E2
:10A10000FEF7A4FD23681A6842F480621A6084F89E
:10A110003C505A6842F440725A605A6842F40062F5
:10A120005A602846A0E700BF000000200000FFFFA3
:10A1300053A804081FA804082DE9F34704469A46CB
:10A140000C9E88469146FEF753FB94F83D30202B39
:10A15000054603D0022002B0BDE8F0870146204644
:10A16000FFF7CFF80028F5D194F83C30012BF1D05F
:10A17000012384F83C3023681A68D2075EBF1A684E
:10A1800042F001021A601A6822F400621A60212368
:10A1900084F83D30402384F83E300A9B63620027F8
:10A1A000BDF82C3027646385294BE362638D2385DA
:10A1B0004A46CDE90065534641462046FFF7E0F8A0
:10A1C00000282ED0236C84F83C70042B07D101208A
:10A1D000C1E7FFF7B0F850B1236C042B01D0032086
:10A1E000B9E72268136843F400731360EFE7626A0B
:10A1F0002068531C636213780361678D238D013FD0
:10A2000067854769591E89B27F07218509D541B104
:10A21000911C616252780261023B2385638D013B90
:10A220006385238D2A4631462046002BD1D1FFF786
:10A2300044F80028D0D12268136843F400731360F7
:10A24000202384F83D3084F83C0084F83E0082E707
:10A250000000FFFF2DE9F047044686B09A46109FA4
:10A260000D469146FEF7C4FA94F83D30202B064681
:10A2700004D101462046FFF744F820B102252846C4
:10A2800006B0BDE8F08794F83C30012BF6D00123EE
:10A2900084F83C3023681A68D1075EBF1A6842F020
:10A2A00001021A601A6822F400621A60222384F8FC
:10A2B0003D30402384F83E300E9B63624FF000082F
:10A2C000BDF83C30C4F840806385604BE362638D29
:10A2D00023852946CDE9007653464A462046FFF7B6
:10A2E000A5F8054640B1236C84F83C80042B01D1CD
:10A2F0000125C4E70325C2E7228D2368A2B9029095
:10A300005A6902929A690292029A1A6842F4007299
:10A310001A60238D002B2CD1202284F83D2084F854
:10A320003C3084F83E30AAE7012A0AD11A6822F4A8
:10A3300080621A6003905A6903929A690392039AA1
:10A34000E3E7022A0ED11A6822F480621A601A68C2
:10A3500042F400621A6004905A6904929B69049363
:10A36000049BD6E705905A6905929B690593059B66
:10A37000CFE7032B50D8012B0BD13246394620466C
:10A38000FEF76EFF08B3236C202B0CBF03250125BD
:10A3900075E7022B2E4900963B464FF000022046FF
:10A3A00020D1FEF7F4FE0028A4D123681A6842F4F5
:10A3B00000721A601A69636A591C61621A70238DEF
:10A3C000013B2385638D013B638523681A69636ABA
:10A3D000591C61621A70238D013B2385638D013BFB
:10A3E000638596E7FEF7D3FE0246002882D12368F4
:10A3F000196821F4806119601969636A581C6062E8
:10A400001970238D1249013B2385638D013B6385C0
:10A41000204600963B46C4E7324639462046FEF7C2
:10A420001FFF0028AFD123681A69636A591C616253
:10A430001A70238D013B2385638D013B638523685F
:10A440005A6952077FF565AFC0E700BF0000FFFF04
:10A45000040001002DE9F04F044685B09A46002320
:10A4600002930E9FBDF83C6088469146FEF7C0F906
:10A4700094F83D30202B04D00225284605B0BDE8D5
:10A48000F08F384B1D6846F2A813B5FBF3F519237E
:10A490005D430295029B5A1E02923BB92022236320
:10A4A00084F83C3084F83D200325E6E72568AB6955
:10A4B0009A07EFD494F83C30012BDDD0012384F8C7
:10A4C0003C302B68DB075EBF2B6843F001032B6039
:10A4D0002B6823F400632B60212384F83D30402354
:10A4E00084F83E304FF0000B1F4BC4F840B0676259
:10A4F00066852685E362002E32D0232301900093E7
:10A500004A46534641462046FEF73AFF054630B1DB
:10A51000236C84F83CB0042BC6D10125ADE7606BF9
:10A52000124B2268C363124BC36410323346C0E936
:10A530001055856405653946FEF788FB2368039549
:10A540005A6903929A69039284F83C50039A5A68B4
:10A5500042F480725A605A6842F400625A608CE792
:10A5600035468AE7000000200000FFFF53A80408DA
:10A570001FA804082DE9F047044686B09A46002338
:10A5800003930E9FBDF83C6088469146FEF730F974
:10A5900094F83D30202B1CD14D4B1D6846F2A8137A
:10A5A000B5FBF3F519235D430395039D6B1E0393E0
:10A5B0003DB92023256384F83C5084F83D300325C1
:10A5C00008E02568AB699A07EFD494F83C30012B7A
:10A5D00004D10225284606B0BDE8F087012384F89F
:10A5E0003C302B68DB075EBF2B6843F001032B6018
:10A5F0002B6823F400632B60222384F83D30402332
:10A6000084F83E3000232364A3F580336685E3623B
:10A61000628D676223232285CDE900305346002AEC
:10A620003CD04A4641462046FEF700FF054640B171
:10A63000236C042B4FF0000384F83C30BFD101257C
:10A64000C8E7A06B234B2168C363234BC3643A461E
:10A6500033461031C0E9105585640565FEF7F6FAFA
:10A660002368012E0BBF1A685A6822F4806242F4F4
:10A6700080520CBF1A605A600022049259690491FA
:10A680009969049184F83C2004995A6842F48072D4
:10A690005A605A6842F400625A609BE74A46414653
:10A6A0002046FEF7C3FE05460028C1D12368059069
:10A6B0005A6905929A690592059A1A6842F40072DD
:10A6C0001A60202384F83D3084F83C0082E700BF04
:10A6D0000000002053A804081FA804082DE9FF4724
:10A6E000044698460F469146FEF782F894F83D30AE
:10A6F000202B054604D101462046FEF702FE18B184
:10A70000022004B0BDE8F08794F83C30012BF7D06C
:10A71000012384F83C3023681A68D2075EBF1A68A8
:10A7200042F001021A601A6822F400621A602423BF
:10A7300084F83D300026374B266407F0FE07E362BD
:10A740002268136843F4807313604FF00111009581
:10A75000434600222046FEF71AFD00284ED123680A
:10A760001F61FEF745F822685369526994F83D105D
:10A770000546C3F34003C2F380224FF0A00A1343FF
:10A7800001D1A0291DD123684FF0200A84F83DA0F3
:10A790005A6912F0020F1A6842F400721A6025D04A
:10A7A000002203925A6903929B690393294620462B
:10A7B000039BFEF7A6FD08BB84F83DA084F83C008F
:10A7C0009FE7B8F1000F0BD184F83DA022685369D0
:10A7D000526994F83D10C3F34003C2F38022CEE7E0
:10A7E000FEF706F8401B4045EED8EFE76FF48062B5
:10A7F0005A6129462046FEF784FD08B1032080E710
:10A800000136B1459CD884F83C0084F83DA0012075
:10A8100077E700BF0000FFFF70477047704710B533
:10A82000846BFEF713FB022812D02268136823F40E
:10A830008063136000232022638584F83D2084F820
:10A840003E30236C43F0100323642046FFF7E6FFFD
:10A8500010BD08B5806B90F83D20036890F83E105D
:10A86000212A03D0222A0CD120290AD15A6822F4A5
:10A8700000625A60002242855A6842F440725A606F
:10A8800008BD1A6822F480621A601A6842F40072E5
:10A890001A605A6822F480525A605A6822F40062A0
:10A8A0005A6000234385026C12B1FFF7B7FFE7E758
:10A8B000202280F83D2090F83E2080F83E30402A4B
:10A8C00002D1FFF7AAFFDBE7FFF7A6FFD8E790F872
:10A8D0003D0070474FF4807393FAA3F3B3FA83F308
:10A8E00003F1845303F560339B0001221A60704723
:10A8F0000B4A136823F0030303431360094B1A69DF
:10A90000012942F004021A6105D130BF1A6922F010
:10A9100004021A61704740BF20BF20BFF6E700BFA6
:10A920000070004000ED00E0054A136843F00203A8
:10A930001360044A136943F00403136130BF704786
:10A940000070004000ED00E038B50E4B0E4C4FF4A7
:10A95000007292FAA2F2B2FA82F2D3189B0001229C
:10A960001A60FDF745FF054663681B0701D5002007
:10A9700038BDFDF73DFF401BB0F57A7FF4D90320C9
:10A98000F6E700BF20808310007000404FF4007392
:10A9900093FAA3F3B3FA83F303F1845303F560331B
:10A9A0009B0001221A6070470368F7B50446D80778
:10A9B00028D5A54B9A6802F00C02042A07D09A68A1
:10A9C00002F00C02082A0BD15B68590208D59E4B95
:10A9D0001B689A0316D56368A3B9012003B0F0BDC4
:10A9E0006368994DB3F5803F40F0BA802B6843F41B
:10A9F00080332B60FDF7FCFE934D06462B689B03CE
:10AA000040F1CE8023689E0721D58F4B9A6812F0C3
:10AA10000C0F09D09A6802F00C02082A40F0C88096
:10AA20005B685D0200F1C48087490B68980702D516
:10AA3000E368012BD1D10B682069F82292FAA2F2C7
:10AA4000B2FA82F223F0F803904003430B602368CC
:10AA50001B070FD562697D4B002A00F0DE800122C2
:10AA6000C3F8802EFDF7C4FE774D06466B6F9F0737
:10AA700040F1CC80236859072AD500230193724BFB
:10AA8000734D1A6C42F080521A641B6C03F08053B1
:10AA90000193019B2B6843F480732B60FDF7A8FEA4
:10AAA00006462B68DA0540F1C880A368664D012B85
:10AAB00040F0D0802B6F43F001032B67FDF798FE29
:10AAC000614D074641F288362B6F9B0740F1E380CA
:10AAD000A269002A42D05C4DAB6803F00C03082B3E
:10AAE0003FF47BAF594B022A4FF000021A6640F048
:10AAF000E780FDF77DFE06462B68990100F1D280C4
:10AB0000D4E9073243EA0201636A47F6C07292FA57
:10AB1000A2F2B2FA82F2934043EA0102A36A5B080E
:10AB2000013B4FF4403191FAA1F1B1FA81F18B4030
:10AB30001343E26A444C4FF0706191FAA1F1B1FA0B
:10AB400081F18A4013436B60404B01221A66FDF786
:10AB50004FFE054623689A0140F1AB8000203DE797
:10AB6000B3F5A02F04D12B6843F480232B603DE77D
:10AB70002A6822F480322A602A6822F480222A601D
:10AB8000002B7FF437AFFDF733FE06462B689F039B
:10AB90007FF538AFFDF72CFE801B6428F6D905E061
:10ABA000FDF726FE801B64287FF628AF032015E7FB
:10ABB000E268264BDAB101221A60FDF719FE224D38
:10ABC00006462B6899070CD52B682169F82292FA62
:10ABD000A2F2B2FA82F223F0F80391400B432B6009
:10ABE00035E7FDF705FE801B0228EAD9DEE71A608B
:10ABF000FDF7FEFD144D06462B689A077FF527AF3B
:10AC0000FDF7F6FD801B0228F6D9CFE7FDF7F0FD32
:10AC1000801B02287FF62AAFC8E7C3F8802EFDF715
:10AC2000E7FD094D06466B6F98077FF523AFFDF7EB
:10AC3000DFFD801B0228F6D9B8E7FDF7D9FD801BA0
:10AC400002287FF62EAFB1E70038024000004742ED
:10AC500000700040052B04D12B6F43F004032B67D9
:10AC600028E72A6F22F001022A672A6F22F00402E5
:10AC70002A67002B7FF422AFFDF7BAFD41F2883638
:10AC800007462B6F98077FF523AFFDF7B1FDC01B7B
:10AC9000B042F6D98AE7FDF7ABFDC01BB0427FF6A4
:10ACA00013AF83E7FDF7A4FD801B02287FF624AFD6
:10ACB0007CE7FDF79DFD401B02287FF64BAF75E753
:10ACC000FDF796FD04462B689B017FF547AFFDF726
:10ACD0008FFD001B0228F6D968E700BF1E4B9A685B
:10ACE00002F00C02042A32D0082A32D159685A687C
:10ACF00012F4800F01F03F0147F6C0721BD0586874
:10AD000092FAA2F31040B3FA83F3D840134B58439E
:10AD1000B0FBF1F08000104B5B684FF4403203F45D
:10AD2000403392FAA2F2B2FA82F2D34001335B00CE
:10AD3000B0FBF3F070470A48B0FBF1F1586892FAA3
:10AD4000A2F31040B3FA83F3D8404843E3E7054841
:10AD500070470348704700BF0038024080841E00DF
:10AD60000024F40000127A00524B1A6802F00F021D
:10AD70008A422DE9F04104460D4605D219701B6840
:10AD800003F00F038B4213D12268960706D54A4978
:10AD9000A0688B6823F0F00303438B60D00727D5AE
:10ADA0006268454B012A06D11B6813F4003F0CD1A1
:10ADB0000120BDE8F081911E01291B6802D813F023
:10ADC000007FF4E713F0020FF1E73B4EB36823F086
:10ADD00003031343B360FDF70BFD6368012B0746C4
:10ADE00041F2883841D1B36803F00C03042B35D10C
:10ADF000304B1A6802F00F02AA4205D91D701B6879
:10AE000003F00F03AB42D3D12268510706D52A497C
:10AE1000E0688B6823F4E05303438B60130707D586
:10AE2000254A2169936823F4604343EAC103936090
:10AE3000FFF754FF204B9B68F02203F0F00392FAD7
:10AE4000A2F2B2FA82F2D3401C4AD35CD8401C4B27
:10AE500018600020FDF7B8FC0020AAE7FDF7C8FC49
:10AE6000C01B4045BFD90320A3E7022B0AD1B3681A
:10AE700003F00C03082BBBD0FDF7BAFCC01B404508
:10AE8000F5D9F0E7032B0FD1B36803F00C030C2BBB
:10AE9000AED0FDF7ADFCC01B4045F5D9E3E7FDF7AB
:10AEA000A7FCC01B4045DED8B36813F00C0FF6D1E9
:10AEB0009EE700BF003C024000380240EC900508CD
:10AEC00000000020014B1868704700BF0000002000
:10AED000084B1868084B9B684FF4E05203F4E053AA
:10AEE00092FAA2F2B2FA82F2D340044AD35CD8407A
:10AEF000704700BF0000002000380240E4900508C1
:10AF0000084B1868084B9B684FF4604203F4604399
:10AF100092FAA2F2B2FA82F2D340044AD35CD84049
:10AF2000704700BF0000002000380240E490050890
:10AF3000036813F0050FF7B5044627D04A4B4B4D75
:10AF400000229A66FDF754FC06462B681B0123D4A9
:10AF5000626847F6C07393FAA3F3B3FA83F302FA75
:10AF600003F1A3684FF0E04292FAA2F2B2FA82F241
:10AF700093400B43C5F884303B4B3C4D01229A660D
:10AF8000FDF736FC06462B681F010CD52368980791
:10AF90000FD4002003B0F0BDFDF72AFC801B02286F
:10AFA000D3D90320F6E7FDF723FC801B0228EAD95A
:10AFB000F7E7002301932D4B2D4D1A6C42F0805280
:10AFC0001A641B6C03F080530193019B2B6843F4BC
:10AFD00080732B60FDF70CFC06462B68D90536D52F
:10AFE000224D2B6F13F440731AD0E26802F44072C2
:10AFF000934215D02B6F1C4A0121C2F8401E23F446
:10B0000040730021C2F8401E2B672B6FDA0707D56B
:10B01000FDF7EEFB41F2883607462B6F9B071CD5E8
:10B02000E36803F44072B2F5407F104A916808BFAC
:10B0300023F0704021F4F81104BF20F44070014364
:10B040009160116FC3F30B030B431367A1E7FDF787
:10B05000CFFB801B0228C0D9A3E7FDF7C9FBC01BAB
:10B06000B042DAD99DE700BF0000474200380240F5
:10B0700000700040026838B5D36823F0A003D360A5
:10B080000446FDF7B5FB05462368DB689B0601D542
:10B09000002038BDFDF7ACFB401BB0F57A7FF3D93B
:10B0A0000320F6E738B50368DA685206044601D58E
:10B0B000002038BD4FF0FF32DA60FDF799FB0546FE
:10B0C0002368DB685B06F3D4FDF792FB401BB0F509
:10B0D0007A7FF5D90320ECE70023092803D840EA5A
:10B0E0000310C0B270470A380133C0B2F5E72DE94A
:10B0F000F041037F012B06460F464FF002052ED08C
:10B10000016845770123037738787D78BC788B68B0
:10B1100042BB13F0400308BFFB70FFF7DDFF804622
:10B120002846FFF7D9FF02462046FFF7D5FFFB78F8
:10B1300040EA034343EA084343EA0224CA234B623A
:10B1400053234B623046FFF7ADFF32680546B0B17E
:10B15000FF235362042373770023337701252846A6
:10B16000BDE8F08113F0400308BFFB702D02FA78B0
:10B1700045EA004545EA040343EA0244DEE704F0F9
:10B180007F3424F0FE441460936823F4802393609A
:10B19000D7E90330916803430B439360D36823F0EE
:10B1A0008003D360946814F020040AD13046FFF77E
:10B1B00061FF30B13368FF225A620423737734771A
:10B1C000CCE73368FF225A62012373770023337779
:10B1D000C5E7F8B5037F012B04464FF0020630D0D7
:10B1E0000123037746770D784E788F78C8786D0302
:10B1F0004ABBF30641BF26F010060A36F6B24E707F
:10B20000FFF76AFF01463046FFF766FF0246384601
:10B21000FFF762FF284340EA014040EA0225236825
:10B22000CA225A6253225A622046FFF73BFF226825
:10B23000064670B1FF23536204236377002323770C
:10B2400001263046F8BD45EA00453D4345EA06255E
:10B25000E5E725F07F4525F0C0055560D36823F06C
:10B260008003D360956815F020050AD12046FFF7CA
:10B2700001FF30B12368FF225A62042363772577E8
:10B28000DEE72368FF225A620123637700232377D6
:10B29000D7E7030903EB830300F00F0000EB430043
:10B2A000C0B270470368986A70B5486018691C6836
:10B2B000C0F30E00C4F30645C4F30626886005F00B
:10B2C0004003C4F3054004F07F0408704E708C7096
:10B2D000CB7052B9FFF7DDFF08703046FFF7D9FF9A
:10B2E00048702046FFF7D5FF8870002070BD38B544
:10B2F00003685B68C3F30740C3F3042503F03F040E
:10B30000C3F34233C8704D708C700B7052B9FFF7A5
:10B31000C0FFC8702846FFF7BCFF48702046FFF703
:10B32000B8FF8870002038BD2DE9F0411F46037F2B
:10B33000012B04460E4615464FF0020029D06077D7
:10B34000012320682377CA23436253234362C368DF
:10B35000DA0306D5FDF74CFA80462068C368DB03A4
:10B3600009D43D43FF233543C563436201230020D5
:10B37000637720770DE0FDF73BFAA0EB0800B0F50E
:10B380007A7FEAD92368FF225A620320002360777C
:10B390002377BDE8F0812DE9F041069E04468846FA
:10B3A00017461D462268936838EA03030CBF012341
:10B3B0000023BB4201D100202BE06B1CF3D055BB16
:10B3C00023685A6822F0E0025A606268B2F5827F10
:10B3D0000AD1A268B2F5004F02D0B2F5806F03D156
:10B3E0001A6822F040021A60A26AB2F5005F09D121
:10B3F0001A6822F400521204120C1A601A6842F4FD
:10B4000000521A60012384F85130002384F8503030
:10B410000320BDE8F081FDF7EBF9801BA842C1D302
:10B42000CEE713B50B460092802100220446FFF7B9
:10B43000B2FF20B1636D43F020036365032002B0C7
:10B4400010BD704710B50446002834D00023836235
:10B4500090F851301BB980F85030FFF7F2FF2168A7
:10B46000A269022384F851300B6823F040030B607B
:10B47000D4E901300343E068034320690343606972
:10B480000343E0690343206A0343A06A034302F4D1
:10B49000007003430B60120C636A02F004021A434B
:10B4A0004A60CB6923F40063CB610020012360650F
:10B4B00084F8513010BD0120FCE7704710B50446F8
:10B4C00080B10268022380F85130136823F04003F2
:10B4D0001360FFF7F2FF0020606584F8500084F8E5
:10B4E000510010BD0120FCE72DE9F0431F4690F804
:10B4F0005030012B85B004460D46914600F09880EF
:10B50000012380F85030FDF773F994F85160012E53
:10B51000804640F08B80002D54D0B9F1000F51D0FF
:10B52000032384F85130A268256300236365C4E9CE
:10B530001033A4F83690A363E387A3872368A4F8A5
:10B540003490B2F5004F08BF1A68E16804BF42F4B6
:10B5500080421A601A6852065EBF1A6842F04002C2
:10B560001A60B1F5006F626836D112B1E28E012A1D
:10B5700005D135F8022BDA60E38E013BE386E38EDA
:10B5800093B9CDF800803B46012202212046FFF707
:10B5900002FFB0B9424639462046FFF742FF002875
:10B5A00036D0202363650DE023689A689007E0D4C5
:10B5B0003FB1791CE3D0FDF71BF9A0EB0800B842BE
:10B5C000DDD30326012384F85130002384F8503062
:10B5D000304605B0BDE8F08312B1E28E012A05D1F4
:10B5E00015F8012B1A73E38E013BE386E38E002BE3
:10B5F000C7D023689A689207F2D4002FE1D07B1C51
:10B60000F4D0FDF7F5F8A0EB0800B842EED3D8E788
:10B61000A36833B903932368DA6803929B680393A2
:10B62000039B666D003E18BF0126CBE70226C9E7E3
:10B630000226CDE72DE9F043984690F8503085B0CA
:10B64000012B0C9F04460D46164600F0D5800123C1
:10B6500080F85030FDF7CCF894F851106268012959
:10B66000814610D0B2F5827F01D1A3684BB1022090
:10B67000012384F85130002384F8503005B0BDE830
:10B68000F0830429F3D1002D48D0002E46D0B8F124
:10B69000000F43D094F85130A663012B04BF05235B
:10B6A00084F8513000236365C4E910332368A4F89B
:10B6B0003E80A4F836801968A4F83C80480658BF3C
:10B6C0001968256358BF41F04001A4F8348058BF81
:10B6D0001960E168B1F5006F4BD112B1E28E012A19
:10B6E00005D135F8022BDA60E38E013BE3860123B6
:10B6F000E28EAAB9E28F9AB9CDF800903B460122BA
:10B7000002212046FFF747FE18BB4A46394620462D
:10B71000FFF787FE002863D0202363650120A7E799
:10B7200063B1E28E52B122689168890706D535F877
:10B73000023BD360E38E013BE3860023E28F52B9E4
:10B740009846781C13D0FDF753F8A0EB0900B842D7
:10B750000DD303208CE72268916811F00108EFD027
:10B76000D36826F8023BE38F013BE387E9E74346D2
:10B77000BEE712B1E28E012A05D115F8012B1A732A
:10B78000E38E013BE3860123E28E12B9E28F002AA9
:10B79000B2D063B1E28E52B122689168890706D5B2
:10B7A00015F8013B1373E38E013BE3860023E28F20
:10B7B00052B998467B1C05D0FDF71AF8A0EB09009A
:10B7C000B842C6D24346DFE72268916811F001080B
:10B7D000EFD0D36806F8013BE38F013BE387E9E74D
:10B7E000A368002B7FF444AF23680390DA680392C8
:10B7F0009B680393039B3BE702203FE72DE9F3415E
:10B800001E464368B3F5827F04460D4617460CD1A9
:10B81000836853B9042380F85130134600960A46D2
:10B82000FFF708FF02B0BDE8F08194F85030012B1B
:10B8300079D0012384F85030FCF7DAFF804694F881
:10B84000510001286DD1002D59D0002F57D004236D
:10B8500084F85130A268A78700236365C4E91033D8
:10B86000E7872363E386A3862368A563B2F5004FC9
:10B8700002BF1A6822F480421A601A6857065EBF37
:10B880001A6842F040021A60E368B3B1E38FBBB1BB
:10B8900023689A68D20739D5DB6825F8023BE38F25
:10B8A000013BE387F2E723689A68D0071DD51B7B2D
:10B8B00005F8013BE38F013BE387E38F002BF2D1D7
:10B8C0006368B3F5827F0BD1A368B3F5004F02D054
:10B8D000B3F5806F04D12268136823F0400313602E
:10B8E000606D003818BF012009E03EB1711CE4D042
:10B8F000FCF77EFFA0EB0800B042DED3032001235B
:10B9000084F85130002384F850308BE7002EF5D0B6
:10B91000731CBBD0FCF76CFFA0EB0800B042B5D3A2
:10B92000ECE70220EBE702207CE7000010B590F87E
:10B930005030012B044644D0012380F8503090F859
:10B94000510098423BD1002935D0002A33D003233F
:10B9500084F8513000236365C4E91033E286A363A1
:10B96000E387A387A368A2862268A06C2163B3F54E
:10B97000004F02BF136843F480431360124B03640B
:10B98000124BC363124BC364002303650C32E38E76
:10B99000FDF75CF923681A6852065EBF1A6842F028
:10B9A00040021A605A6842F020025A605A6842F017
:10B9B00002025A600020002384F8503010BD02209B
:10B9C000F9E70220FAE700BF8DBB0408D3BB0408E7
:10B9D000B1BB040838B5044690F85000012861D086
:10B9E000012084F8500094F8510001280DD06568BA
:10B9F000B5F5827F04D00220002384F8503038BD92
:10BA0000A568002DF7D10428F5D109B90120F3E785
:10BA1000002AFBD0002BF9D094F85100A38601280E
:10BA200004BF052084F8510000206065E386E387A9
:10BA3000A38794F851302163042BC4E9100019BF87
:10BA400019491A4B1A491B4BE06CA263C0E90F312C
:10BA50002168194BC3640025E38F05650C31FDF7A0
:10BA6000F5F82268A06C5368216B43F00103536022
:10BA7000E38E0C32C0E90F55C0E91355FDF7E6F827
:10BA800023681A6852065EBF1A6842F040021A60C4
:10BA90005A6842F020025A605A6842F002025A6024
:10BAA0000020A9E70220AAE7A5BB040885BC04087A
:10BAB00099BB040835BC0408B1BB0408134682686E
:10BAC00070B504460D465AB94668B6F5827F07D16F
:10BAD000042280F85120BDE870400A46FFF77ABF83
:10BAE00094F85010012944D094F851000121884263
:10BAF00084F850103BD1002D35D0002B33D00421D9
:10BB000084F8511000216165C4E91011E387A18612
:10BB1000E1862168A387B2F5004F08BF0B68E06C8F
:10BB2000A56304BF23F480430B60134B0364134BE2
:10BB3000C363134BC364002303652A46E38F0C31B0
:10BB4000FDF784F823681A6852065EBF1A6842F04F
:10BB500040021A605A6842F020025A605A6842F065
:10BB600001025A600020002384F8503070BD02208A
:10BB7000F9E70220FAE700BF99BB040835BC0408C6
:10BB8000B1BB0408704770477047704708B5806BB9
:10BB9000FFF7FBFF08BD704708B5806BFFF7FBFFA1
:10BBA00008BD704708B5806BFFF7FBFF08BD704705
:10BBB000806B026808B5536823F003035360436D3C
:10BBC00043F010034365012380F85130FFF7EFFF86
:10BBD00008BD37B50546846BFCF70AFE2B681B6869
:10BBE000DB05024622D421684B6823F002034B6038
:10BBF00020466421FFF715FC18B1636D43F0200364
:10BC00006365A36833B901932368DA6801929B687E
:10BC10000193019B0023E386012384F85130636D77
:10BC200023B12046FFF7C3FF03B030BD2046FFF726
:10BC3000A9FFF9E708B50346806B1B681B68DB05A5
:10BC40001DD403685A6822F003025A604268B2F5B4
:10BC5000827F0AD18268B2F5004F02D0B2F5806FC0
:10BC600003D11A6822F040021A600023C38701231F
:10BC700080F85130436D13B1FFF799FF08BDFFF70E
:10BC800082FFFBE738B50546846BFCF7B1FD2B68F6
:10BC90001B68DB05024619D464212046FFF7C1FB6F
:10BCA00018B1636D43F0200363652268536823F085
:10BCB000030353600023E386E387012384F85130B4
:10BCC000636D1BB12046FFF772FF38BD2046FFF7BA
:10BCD0005BFFFAE7036A23F0010370B50362036AAE
:10BCE000446882690D6822F073022A438D6823F04C
:10BCF00002032B430C4DA84203D005F58065A842F2
:10BD00000BD1CD6823F008032B43D1E9055624F469
:10BD10004074354323F004032C43446082614A6835
:10BD20004263036270BD00BF00000140036A23F458
:10BD3000807370B50362036A4468C2690D6822F0BB
:10BD400073022A438D6823F4007343EA05230D4DE3
:10BD5000A84203D005F58065A8420DD1CD6823F433
:10BD6000006343EA0523D1E9055624F440543543E2
:10BD700023F4806344EA05144460C2614A68C263E4
:10BD8000036270BD00000140036A23F4805330B5A4
:10BD90000362036A4468C2690D6822F4E64242EA1B
:10BDA00005228D6823F4005343EA0533084DA84269
:10BDB00003D005F58065A84204D14D6924F4804480
:10BDC00044EA85144460C2614A680264036230BD7B
:10BDD0000000014070470268022380F83930136880
:10BDE00043F001031360012380F8393000207047CD
:10BDF000022380F839300368196A41F211121142A6
:10BE000008D1196A40F24442114202BF1A6822F076
:10BE100001021A60012380F839300020704703685E
:10BE2000DA6842F00102DA601A6842F001021A6030
:10BE30000020704770477047036889B1042907D014
:10BE40001A6A22F001021A621A6A42F001021A62A8
:10BE50001A6A22F010021A621A6A42F0100206E010
:10BE60001A6A22F001021A621A6A42F001021A6288
:10BE70001A6842F001021A6000207047704770474C
:10BE80007047704703681A69910710B504460ED5CC
:10BE9000DA6892070BD56FF002021A61012202766E
:10BEA0009B699B0777D0FFF7EAFF0023237623687F
:10BEB0001A69500710D5DA6851070DD56FF00402E2
:10BEC0001A61022222769B6913F4407F204668D0D3
:10BED000FFF7D5FF0023237623681A6912070FD5D1
:10BEE000DA6810070CD56FF008021A610422227676
:10BEF000DB69990720465AD0FFF7C1FF002323765C
:10BF000023681A69D20610D5DA68D0060DD56FF00D
:10BF100010021A6108222276DB6913F4407F204662
:10BF20004BD0FFF7ACFF0023237623681A69D107B3
:10BF300008D5DA68D20705D56FF001021A612046EC
:10BF400005F07CFD23681A69100608D5DA68110629
:10BF500005D56FF080021A61204600F0D4FB2368FB
:10BF60001A69520608D5DA68500605D56FF0400206
:10BF70001A612046FFF785FF23681A69910622D5CA
:10BF8000DA6892061FD56FF0200220461A61BDE8DC
:10BF9000104000F0B7BBFFF771FF2046FFF770FFBE
:10BFA00083E7FFF76BFF2046FFF76AFF92E7FFF793
:10BFB00065FF2046FFF764FFA0E7FFF75FFF20461D
:10BFC000FFF75EFFAFE710BD2D4A0368904212D025
:10BFD000B0F1804F0FD0A2F57C4290420BD002F519
:10BFE0008062904207D002F58062904203D002F551
:10BFF0007842904239D14A6823F070031343204AB3
:10C0000090421DD0B0F1804F1AD0A2F57C429042F0
:10C0100016D002F58062904212D002F58062904202
:10C020000ED002F5784290420AD0164A904207D0CC
:10C0300002F58062904203D002F58062904203D103
:10C04000CA6823F44073134303608B68C3620B68B0
:10C0500083620B4B984203D003F58063984201D171
:10C060000B690363012343617047074A9042E7D09D
:10C0700002F580629042E3D002F58062D3E700BF10
:10C0800000000140001800400040014010B5044687
:10C0900090B190F839301BB980F83830FFF79AFE2C
:10C0A0000223206884F83930211DFFF78DFF01231A
:10C0B00084F83930002010BD0120FCE710B504469B
:10C0C00090B190F839301BB980F83830FFF7B2FEE4
:10C0D0000223206884F83930211DFFF775FF012302
:10C0E00084F83930002010BD0120FCE7F8B5054682
:10C0F0000C4600283ED090F839301BB980F8383013
:10C10000FFF799FE2946022385F8393051F8040BD0
:10C11000836823F007038360FFF756FF8168226876
:10C120008369A669076A1143A26823F4407323F068
:10C13000030342EA06221A432369E6691B0143EA24
:10C140000623E6683343266A22F47C4222F0FC028E
:10C1500043EA0633134366696268816027F0AA07E1
:10C1600042EA0612836117430123076285F83930DA
:10C170000020F8BD0120FCE770B5046A194E24F0D8
:10C18000010404628469056AB04224F0030426D0E5
:10C19000B0F1804F23D0A6F57C46B0421FD006F503
:10C1A0008066B0421BD006F58066B04217D006F517
:10C1B0007846B04213D006F57056B0420FD0A6F5BF
:10C1C0009436B0420BD044F0010425F00A0501F08A
:10C1D0000A0163F3071429438461016270BD1443AB
:10C1E000F3E700BF00000140F8B590F83830012BAC
:10C1F00004460D4617464FF0020016D084F8390069
:10C20000D1E900122068EB6887B9FFF7B5FF8369B1
:10C21000AA6823F00C0383618369134383610123BC
:10C22000002084F8393084F83800F8BD042FAE6857
:10C23000056A1AD125F0100505628569076A25F49B
:10C240004075090145EA022527F0A00701F0A00189
:10C2500063F30F35394385610162836923F44063D9
:10C260008361836943EA0623D8E7082F19D125F4AF
:10C2700080750562C569076A25F003050902154343
:10C2800027F4206701F4206163F307153943C56182
:10C290000162C36923F00C03C361C3693343C36103
:10C2A000BDE725F480550562C569076A25F4407528
:10C2B000090345EA022527F4204701F4204163F3EE
:10C2C0000F353943C5610162C36923F44063C3611B
:10C2D000C36943EA0623E2E7036A23F0100370B55B
:10C2E0000362036A446882690D6822F4E64242EA06
:10C2F00005228D6823F0200343EA05130D4DA84263
:10C3000003D005F58065A8420DD1CD6823F08003E8
:10C3100043EA0513D1E9055624F44064354323F07C
:10C32000400344EA8504446082614A688263036290
:10C3300070BD00BF0000014010B590F83830012BEF
:10C3400004464FF002000DD0082A84F8390018D0B6
:10C3500009D872B1042A10D00123002084F83930A2
:10C3600084F8380010BD0C2AF6D12068FFF70CFDC8
:10C37000F2E72068FFF7AEFCEEE72068FFF7ACFFBE
:10C38000EAE72068FFF7D2FCE6E738B590F83830E6
:10C39000012B04464FF002000DD0082A84F8390022
:10C3A0003CD009D8D2B1042A28D00123002084F837
:10C3B000393084F8380038BD0C2AF6D12068FFF7F0
:10C3C000E3FCC3690A6943F40063C361C36923F4EE
:10C3D0008063C361C36943EA02232DE02068FFF74D
:10C3E00079FC83690A6943F008038361836923F058
:10C3F00004038361836913438361D6E72068FFF7F1
:10C400006BFF83690A6943F400638361836923F4E2
:10C4100080638361836943EA0223EDE72068FFF7C5
:10C4200085FCC3690A6943F00803C361C36923F04B
:10C430000403C361C3691343C361B6E7036A10B55C
:10C4400001248C4023EA04030362036A8A401A43EE
:10C45000026210BD08B500680122FFF7EFFF084B2C
:10C46000984203D003F58063984203D1436C43F4B0
:10C4700000434364036843F001030360002008BDE8
:10C4800000000140FFF7E6BF082908B5006826D084
:10C4900016D8D9B104291ED00122FFF7CFFF124BC5
:10C4A000984203D003F58063984203D1436C43F470
:10C4B00000434364036843F001030360002008BDA8
:10C4C0000C29E9D1C36843F0100302E0C36843F0CC
:10C4D0000203C360E0E7C36843F00403F9E7C368FD
:10C4E00043F00803F5E700BF00000140FFF7CCBFB1
:10C4F000082908B500683BD02BD800292FD0042983
:10C5000032D00022FFF79AFF1B4B984203D003F56D
:10C51000806398420DD1026A41F211131A4208D188
:10C52000026A40F244431A4202BF436C23F40043C0
:10C530004364026A41F211131A4208D1026A40F2BE
:10C5400044431A4202BF036823F001030360002042
:10C5500008BD0C29D5D1C36823F0100302E0C368DD
:10C5600023F00203C360CCE7C36823F00403F9E7B8
:10C57000C36823F00803F5E700000140FFF7B8BFE8
:10C58000006808B50122FFF759FF036843F0010373
:10C590000360002008BD082908B500681BD00BD82F
:10C5A00081B1042913D00122FFF748FF036843F04B
:10C5B00001030360002008BD0C29F4D1C36843F0D7
:10C5C000100302E0C36843F00203C360EBE7C368F3
:10C5D00043F00403F9E7C36843F00803F5E70829CB
:10C5E00008B5006825D015D8D1B104291DD0002286
:10C5F000FFF724FF026A41F211131A4208D1026ABE
:10C6000040F244431A4202BF036823F0010303606F
:10C61000002008BD0C29EAD1C36823F0100302E012
:10C62000C36823F00203C360E1E7C36823F0040397
:10C63000F9E7C36823F00803F5E7036A10B504249B
:10C640008C4023EA04030362036A8A401A430262AD
:10C6500010BD006808B50422FFF7EFFF436C43F4F8
:10C6600000434364036843F001030360002008BDF6
:10C67000FFF7EFBF10B590F83830012B4FF00203F1
:10C6800018D080F8393003680C685A68496822F07D
:10C6900070025A605A6822435A609A6822F08002F7
:10C6A0009A609A680A439A60012380F8393000231F
:10C6B00080F83830184610BD90F83830012B1FD064
:10C6C000CB688A6823F4407313434A6823F4806379
:10C6D00013430A6823F4006313430A6923F4805365
:10C6E00013434A6923F4005313438A6923F44043F4
:10C6F000134302685364002380F8383018467047AB
:10C7000002207047704770472DE9F8430368C168FD
:10C710001A69044622F440520A431A612569A26844
:10C72000D968C0692A43656921F416412A4321F07A
:10C730000C0102430A43DA605A69A16922F440728B
:10C740000A43B0F5004F5A61824A40F08480934218
:10C7500003D002F58062934249D1FEF7D1FB6368B2
:10C760004FF019095B0009FB00F7B7FBF3F7FEF781
:10C77000C7FB636809FB00F55B00B5FBF3F5FEF74B
:10C78000BFFB63684FF064085B0009FB00F0B0FB7F
:10C79000F3F0B0FBF8F008FB1056FEF7B1FBB7FB67
:10C7A000F8F76368F6003236B6FBF8F6760009FB58
:10C7B00000F55B0006F4F876B5FBF3F5FEF7A0FB99
:10C7C000636822685B0009FB00F0B0FBF3F0B0FB8C
:10C7D000F8F008FB1053DB003233B3FBF8F303F03F
:10C7E000070303EB071333449360BDE8F883FEF7B8
:10C7F0006FFB63684FF0190909FB00F75B00B7FB9B
:10C80000F3F7FEF765FB636809FB00F55B00B5FB1A
:10C81000F3F5FEF75DFB63684FF064085B0009FB0E
:10C8200000F0B0FBF3F0B0FBF8F008FB1056FEF799
:10C830004FFBB7FBF8F76368F6003236B6FBF8F645
:10C84000760009FB00F55B0006F4F876B5FBF3F51E
:10C85000FEF73EFBB4E7934202D03F4A934246D1F3
:10C86000FEF74EFB63684FF019099B0009FB00F7C8
:10C87000B7FBF3F7FEF744FB636809FB00F59B0089
:10C88000B5FBF3F5FEF73CFB63684FF064089B00D3
:10C8900009FB00F0B0FBF3F0B0FBF8F008FB10561A
:10C8A000FEF72EFBB7FBF8F763683601323609FB5B
:10C8B00000F59B00B6FBF8F6B5FBF3F506F0F006C5
:10C8C000FEF71EFB636822689B0009FB00F0B0FBCB
:10C8D000F3F0B0FBF8F008FB10531B013233B3FB4D
:10C8E000F8F303F00F03334303EB07137CE7FEF782
:10C8F000EFFA63684FF0190909FB00F79B00B7FBDB
:10C90000F3F7FEF7E5FA636809FB00F59B00B5FB5A
:10C91000F3F5FEF7DDFA63684FF064089B0009FB4E
:10C9200000F0B0FBF3F0B0FBF8F008FB1056FEF798
:10C93000CFFAB7FBF8F76368360109FB00F59B00F7
:10C940003236B5FBF3F5B6FBF8F606F0F006FEF767
:10C95000BFFAB7E70010014000140140704710B55E
:10C96000044630B390F839301BB980F83830FFF7FF
:10C97000F5FF2268242384F83930D36823F4005368
:10C98000D3602046FFF7C0FE23681A6922F4904264
:10C990001A615A6922F02A025A61DA6842F4005296
:10C9A000DA6000202023E06384F8393084F83A30DC
:10C9B00010BD0120FCE70000084910B50C6924F403
:10C9C00040740C610C6944F440740C610C6944F0CF
:10C9D00001040C610260436010BD00BF003C0240D6
:10C9E000074B1A6922F440721A611A6942F4007204
:10C9F0001A611A6942F001021A610160704700BFB2
:10CA0000003C0240074B1A6922F440721A611A690D
:10CA100042F480721A611A6942F001021A610180BF
:10CA2000704700BF003C02401A4BDA68D20606D5B8
:10CA30001949CA6942F01002CA611022DA60DA6844
:10CA4000900606D51449CA6942F00802CA6120223C
:10CA5000DA60104BDA68510606D50F49CA6942F010
:10CA60000402CA614022DA60DA68120606D50A4971
:10CA7000CA6942F00202CA618022DA60054AD368BC
:10CA80009B0706D50449CB6943F02003CB61022301
:10CA9000D3607047003C0240C4050020064B1A6971
:10CAA000002ABFBF054A5A6002F188320020B4BF95
:10CAB0005A600120704700BF003C024023016745D7
:10CAC000034A136943F0004313610020704700BF1D
:10CAD000003C0240114B70B500220546DA61FBF7BD
:10CAE00087FE0F4C0646E368DA030CD4E368DB07E5
:10CAF00044BF0123E360E06810F0F20007D0FFF7C5
:10CB000093FF012003E0691CEDD00DB9032070BD37
:10CB1000FBF76EFE801BA842E5D9F7E7C4050020AD
:10CB2000003C02402DE9F0411F4E9846337E012B18
:10CB300007460C46154634D001234CF2503033766C
:10CB4000FFF7C8FFA8B9C7B9184B1A6922F4407299
:10CB50001A611A691A611A6942F001021A61257094
:10CB60004CF25030FFF7B6FF104A136923F001036F
:10CB7000136100233376BDE8F081012F04D1A9B2FF
:10CB80002046FFF73FFFEBE7022F04D1294620465E
:10CB9000FFF726FFE4E72A4643462046FFF70CFF4F
:10CBA000DEE70220E7E700BFC4050020003C0240AA
:10CBB000074B1A6922F440721A611A6942F00402A2
:10CBC0001A611A6942EA002242F480321A617047FF
:10CBD000003C0240104B1A6922F440721A611A6933
:10CBE000022994BF09024FF440710A431A611A697D
:10CBF00022F0F8021A611969F82292FAA2F2B2FA46
:10CC000082F29040084340F0020018611A6942F431
:10CC100080321A61704700BF003C0240144B1A6812
:10CC200091050FD51A6822F400721A601A6842F44E
:10CC300000621A601A6822F400621A601A6842F4EC
:10CC400000721A600A4B1A6852050FD51A6822F44E
:10CC500080621A601A6842F480521A601A6822F4DC
:10CC600080521A601A6842F480621A60704700BFEE
:10CC7000003C02402DE9F843234F3B7E012B054643
:10CC800088463FD001234CF250303B76FFF722FF1D
:10CC90000446A8B94FF0FF33C8F800302B68012BC9
:10CCA00013D1287CFFF784FF4CF25030FFF712FFBE
:10CCB000164A136923F0040304461361FFF7AEFF1D
:10CCC00000233B762046BDE8F883AE68DFF83C9051
:10CCD000D5E902231344B342F0D9297C3046FFF74B
:10CCE00079FF4CF25030FFF7F5FED9F8103023F001
:10CCF000FA03C9F8103018B1C8F800600446DDE73F
:10CD00000136E5E70224DDE7C4050020003C0240CF
:10CD100070B50446002848D00323254680F8B9336F
:10CD200003F02EF855F8040B00F0B9FC29462068F2
:10CD300000F07CFC0021206800F0B7FC00212346B5
:10CD400022460126084682F83810D18701310F2982
:10CD5000C2E9100082F8396082F83B00D06402F129
:10CD60001C02F0D100222068114602F1400683F82F
:10CD7000F821DA8700EB860601320F2AC3E9801119
:10CD800083F8F91183F8FB11C3F80C12716003F1F9
:10CD90001C03EAD1294600F0C9FC0123206884F86D
:10CDA000B93300F0D0FF002070BD0120FCE710B5C2
:10CDB00090F8B833012B04460CD0012380F8B83327
:10CDC000006800F0B4FF206800F063FC002084F8E5
:10CDD000B80310BD0220FCE710B590F8B833012B62
:10CDE00004460FD0012380F8B833006800F057FCE8
:10CDF000206800F06BFF206800F0A5FF002084F899
:10CE0000B80310BD0220FCE710B5044658B1032357
:10CE100080F8B933FFF7E0FF204602F0FFFF002063
:10CE200084F8B90310BD0120FCE700002DE9F04FA4
:10CE3000D0F800B087B00446584600F0B8FF029022
:10CE4000002840F03D81206800F089FF002800F0B4
:10CE50003781206800F083FF2368850742BF5A6945
:10CE600002F002025A61184600F079FF10F4002522
:10CE700010D0206800F077FF0BF530660546A2461B
:10CE80004FF000080746002F40F01D81B5FA85F5E8
:10CE9000C5F12005206800F062FF410312D520682B
:10CEA00000F068FF254603900BF510674FF000086F
:10CEB0008146B9F1000F40F04A81039BB3FA83F534
:10CEC000C5F12005206800F04AFF00280DDADBF8E4
:10CED000043823F00103CBF80438204602F0D5FFD4
:10CEE0002268536903F000435361206800F037FF64
:10CEF00007050BD5DBF80838DE0702D5204602F01F
:10CF0000C0FF2268536903F400635361206800F096
:10CF100026FFC00439D5DBF80438206823F001036C
:10CF20001021CBF8043800F0D7FB61680BF50066E0
:10CF30000BF51063FF220298814240F07F814FF091
:10CF4000FF33B361F36943F00113F361236B002BEB
:10CF500000F07C81D6F8843043F00B03C6F88430AF
:10CF6000736C43F00B037364DBF80038217C20689A
:10CF700023F4FE63CBF8003804F56F7200F035FF40
:10CF80002268536903F480535361206800F0E7FE80
:10CF900081041DD5206800F00EFF2068C36823F4CB
:10CFA0007053C36000F05CFC002840F05881226898
:10CFB000E0604FF400736361D36843F41053D360AF
:10CFC000204602F04EFF2268536903F40053536178
:10CFD000206800F0C4FEC3062CD52268936923F0B4
:10CFE00010039361DBF8207007F4F013B3F5802F82
:10CFF00007F00F0640F0948147F6F0731F4214D0FB
:10D000001C2303FB0646C7F30A18D6F8041242464F
:10D01000584600F01FFED6F804324344C6F80432E6
:10D02000D6F810324344C6F810322268936943F0B0
:10D0300010039361206800F092FE070707D5204691
:10D0400003F066FC2268536903F00803536120680B
:10D0500000F085FEC60208D5E9B2204602F01DFFA9
:10D060002268536903F480135361206800F077FE4F
:10D07000800208D5E9B2204602F00BFF226853690E
:10D0800003F400135361206800F069FE410007D5E6
:10D09000204602F006FF2268536903F08043536183
:10D0A000206800F05CFE42070AD523685D686B07C4
:10D0B00002D5204602F0F9FE226853682B435360E4
:10D0C00007B0BDE8F08FF8073AD55FFA88F120681D
:10D0D000039100F056FE10F0010F814623D0226923
:10D0E000039901239A42B3600CD13269DAF8000245
:10D0F000C2F31202821ACAF81022DAF80422024499
:10D10000CAF80422204602F09BFE216901290AD1B7
:10D11000B8F1000F07D1D4F80C2222B9206804F529
:10D120006F7200F062FE19F0080F04D0204602F082
:10D1300081FE0822B26019F0100F1CBF1023B360EB
:10D1400008F101087F0820360AF11C0A9BE619F055
:10D15000010F6CD05FFA88F320680593194600F040
:10D1600018FEC207064622D50122DBF8343802FA3F
:10D1700008F123EA0103CBF834382369BA609342FB
:10D1800002BFD5E910239B186B645FFA88F1204633
:10D1900002F05FFE2169012909D1B8F1000F06D123
:10D1A000E36C23B9206804F56F7200F01EFE3307AC
:10D1B00044BF0823BB60F00644BF1023BB60710668
:10D1C00044BF4023BB60B20744BF0223BB603306A9
:10D1D0002DD5D4F800A00AF5106303EB481304938F
:10D1E000D5E91363F61A19D02B6C9E4228BF1E4650
:10D1F000049B9B69F21C9BB2B3EB920F17D3237C69
:10D200000093059A696CB3B2504600F043FC6B6C16
:10D2100033446B642B6D33442B65E1E7DAF8343823
:10D22000012202FA08F223EA0203CAF8343808F1AC
:10D2300001084FEA59091C3520373AE602989A60EE
:10D240000130C3F808220290203374E6736943F07A
:10D250000B037361336943F00B03336184E60323EB
:10D26000E36040236361FDF72DFE384A38492368A7
:10D2700082188A4204D8DA6842F47052DA609FE673
:10D28000344A354982188A4203D8DA6842F4605237
:10D29000F4E73249A0F57402A2F510528A4203D88D
:10D2A000DA6842F45052E9E72D49A0F18372A2F501
:10D2B000E7428A4203D2DA6842F44052DEE7294A62
:10D2C000294982188A4203D8DA6842F43052D5E7F5
:10D2D000264A274982188A4203D2DA6842F4205249
:10D2E000CCE7244A244982188A4203D2DA6842F4FD
:10D2F0001052C3E72149A0F1B772A2F558528A42F1
:10D3000003D2DA6842F40052B8E71D4A1D49821878
:10D310008A42DA6834BF42F4E05242F4C052ADE7C8
:10D32000B3F5402F7FF481AE082204F56F715846A3
:10D3300000F090FC1C2303FB0646C7F30A17D6F83F
:10D3400010321F44C6F810726FE600BF405327FF2B
:10D35000FF340C00401E1BFF3F420F007F4F1200A6
:10D3600020D6130060B6E5FE5FE3160000D3CEFEC4
:10D3700040771B00C05BB3FEC091210020753800D0
:10D38000E05459FEE09C410010B590F8B833012BF1
:10D39000044609D0012380F8B833006800F0B7FCD8
:10D3A000002084F8B80310BD0220FCE770B54EB22F
:10D3B000002E044601F07F054FF01C00B5BF00FBB6
:10D3C000054000FB0140383000F5FC70002EB8BF6E
:10D3D000C580022BC3704FEAD11104BF0023037133
:10D3E00005704170826094F8B833012B0AD0012394
:10D3F000014684F8B833206800F050FA002084F821
:10D40000B80370BD0220FCE711F0800F4FF01C0341
:10D4100010B501F07F0215BF03FB020303FB0103FC
:10D42000383303F5FC73C9091A70597090F8B823A2
:10D43000012A04460AD0012280F8B8231946006860
:10D4400000F064FA002084F8B80310BD0220FCE765
:10D4500038B501F07F051C246C4304F5FC710444CD
:10D460000144C4F80C32002384F8F93184F8F851EF
:10D47000C4F810320369C4F80422012B08BFC4F8B1
:10D4800008220068DAB21DB900F090FA002038BD19
:10D4900000F014FBFAE701F00F011C2303FB01006D
:10D4A000B0F81002704738B501F07F051C246C43BA
:10D4B00004F1380104440144E3640023236501239B
:10D4C00084F8393084F8385003696264012B08BF4E
:10D4D000A2640068DAB21DB900F068FA002038BD15
:10D4E00000F0ECFAFAE738B511F0800F4FF01C03AA
:10D4F00001F07F050DBF03FB010303FB0503383378
:10D5000003F5FC730122C9099A701D70597090F8D7
:10D51000B8139142044610D080F8B8231946006829
:10D5200000F0A6FB2DB9217C206804F56F7200F095
:10D530005CFC002084F8B80338BD0220FCE738B555
:10D5400011F0800F4FF01C0301F07F0215BF03FBA9
:10D55000020303FB0103383303F5FC730024C909FC
:10D560009C701A70597090F8B823012A05460AD0A9
:10D57000012280F8B8231946006800F08FFB85F877
:10D58000B843204638BD0220FCE710B590F8B83308
:10D59000012B044610D0012380F8B8330B06006835
:10D5A00007D501F07F0100F097F8002084F8B80358
:10D5B00010BD00F0A3F8F8E70220F9E7006830B5E5
:10D5C000436A21B943EA02438362002030BD846A82
:10D5D000013903EB144300248C4206DB00EB81008D
:10D5E00043EA0243C0F80431EFE700EB840501345D
:10D5F000D5F8045103EB1543EEE7036800205962A8
:10D6000070470000084B0269002A0ADA036943F0F8
:10D6100001030361044B0269D20704D5013BFAD12F
:10D6200001E0013BEFD17047400D03004B69012B36
:10D6300010B5044623D1836B23F480338363C3681E
:10D6400023F4840323F04003C360C36823F440132E
:10D65000C3600B6B012B02BFC36843F48013C3602C
:10D66000FFF7D0FFCB68012B07D1A36843F0060377
:10D67000A360A36843F02003A360002010BDC3682B
:10D6800043F04003C360FFF7BDFF4FF48033836373
:10D69000E8E7836843F001038360002070478368F4
:10D6A00023F0010383600020704708B5C368012997
:10D6B00023F0C043C36008D1C36843F00053C36084
:10D6C000322003F07DFD002008BD0029F8D1C36899
:10D6D00043F08043F3E70000890141F02001064A4E
:10D6E0000161036913F0200301D118467047013A24
:10D6F000F7D10320704700BF400D03001023064AF6
:10D700000361036913F0100301D118467047013A11
:10D71000F7D10320704700BF400D0300D0F8003858
:10D720001943C0F800180020704700008B6A70B5DC
:10D7300004460D46002B6ED1836B43F40013A363A4
:10D740000023C4F8003ED4F80038C4F800386B69F0
:10D75000012B66D1A968002961D12046FFF7DEFFC1
:10D7600010212046FFF7B8FF2046FFF7C7FF002330
:10D770004FF0FF32C4F810381846C4F814384FF090
:10D780009046C4F818284FF0FF0CC4F81C3804F574
:10D7900010622968994246D8002204F53063104689
:10D7A0004FF090464FF0FF0C914247D1D4F810381B
:10D7B000EA6823F48073012AC4F810380CD1264B90
:10D7C000C4F83038D4F8303843F4803343F00303DE
:10D7D000C4F83038D4F830380023A3616FF08043A8
:10D7E00063611AB9A36943F01003A361A2691B4BDB
:10D7F0001343A361AB691BB1A36943F00803A361A1
:10D80000AB6A012B01BFA36943F0804343F00403DB
:10D81000A361002070BD836B43F400238FE719469A
:10D820009BE7032199E711680029B4BF16601060D7
:10D8300001331061C2F808C02032AAE7D3F800E033
:10D84000BEF1000FB4BF1E60186001321861C3F84A
:10D8500008C02033A8E700BF0001800000383C80EA
:10D86000D0F8083813F0060316D0D0F8083803F0C3
:10D870000603022B01D103207047D0F8083803F0CB
:10D880000603062BF7D0D0F8080800F00600031FA7
:10D890005842584140007047184670474A7830B5A2
:10D8A0000D780123012A03FA05F3D0F81C284FEA6A
:10D8B000451419D19BB21343C0F81C3800F5106011
:10D8C00003591A040ED48A680359C2F30A021A4390
:10D8D000CB7842EA834343EA855343F0805343F4D1
:10D8E00000430351002030BD42EA0343C0F81C3816
:10D8F00000F5306003591B04F4D48B680259C3F35C
:10D900000A031343CA7843EA8243E6E738B54A7804
:10D910000D78012A04464FEA451323D100F5106221
:10D92000D018D15821F40041D1504FF00061D150AE
:10D930004FF08041D1501C4B826851000ED4102111
:10D940002046FFF7C9FE0123D4F81C28AB409BB248
:10D9500022EA0303C4F81C38002038BD013BEBD198
:10D960000320FAE700F53062D018D15821F40041C5
:10D97000D1504FF00061D1504FF08041D1500A4B4F
:10D980008268D2060DD4D4F8043843F48063C4F816
:10D990000438D4F81C384FF48032AA4023EA02033A
:10D9A000D8E7013BECD1DBE7400D03004B782DE9D4
:10D9B000704391F800804C69344D354E012B4FEA8D
:10D9C000481C3DD100F5106E0EEB0C03B4B91C6978
:10D9D0002C401C611C6944F400241C611C69344007
:10D9E0001C615EF80C40012A44F004444EF80C40DF
:10D9F0001AD10A695A610020BDE87083D3F81090EB
:10DA000009EA06061E611E6935401D618D68A54242
:10DA10003CBF4D612C461D6945F400251D611D6903
:10DA2000C4F312042C43DBE74B69002BE3D0D0F89E
:10DA30003428012303FA08F31343C0F83438DAE733
:10DA400000F5306000EB0C03D3F810E00EEA060698
:10DA50001E611E6935401D618D6804B14D611C69F0
:10DA600044F400241C611C69012AC5F3120508BF97
:10DA7000CA6845EA04051D6108BF5A6150F80C30B8
:10DA800043F0044340F80C30B5E700BFFFFF07E068
:10DA90000000F8FF10B59DF808404CB9033300F5BD
:10DAA00080509B0800EB023001EB8303994201D1C7
:10DAB000002010BD51F8042B0260F7E72DE97747ED
:10DAC0004B6991F8009091F803E05F4E8C464978DD
:10DAD00001294FEA49155D496BD100F5106808EB43
:10DAE0000504D4F810A093BB0AEA0606266126694D
:10DAF00046F40026266126693140012A21614AD177
:10DB0000DCF8101061619CF80340012C0CD1D0F8B6
:10DB1000081811F4807F58F805100CBF41F000512F
:10DB200041F0805148F8051058F80510012C41F0DB
:10DB3000044148F8051006D10092DCF80C109BB2A5
:10DB40004A46FFF7A7FF002003B0BDE870870AEA46
:10DB500001012161216931402161DCF80810D4F80C
:10DB600010A0CE18013EB6FBF1F6394901EAC641D4
:10DB700041EA0A0121612669C3F312013143BEF172
:10DB8000010F21615CD1216921F0C041216121692E
:10DB900041F00051B1E7BEF1010FB4D0002BB2D07B
:10DBA000D0F83448012101FA09F12143C0F83418B2
:10DBB000A9E700F5306808EB0504D4F8109009EAED
:10DBC00001012161216931402161DCF8081023BB8A
:10DBD0002369C1F3120119432161236943F400232E
:10DBE000012A236104BFDCF80C306361BEF1010F30
:10DBF0000CD1D0F8083813F4807F58F805300CBFEA
:10DC000043F0005343F0805348F8053058F805308E
:10DC100043F0044348F8053095E70D4ED4F81090D2
:10DC20000B44013BB3FBF1F306EAC34646EA09069F
:10DC300026619BB226694B43C3F312033343CFE7FC
:10DC4000012AADD15CE700BFFFFF07E00000F8FF4D
:10DC50000000F81F0332920801EB820200F58050A9
:10DC6000914201D108467047036841F8043BF7E749
:10DC70004A780B78012A0CBF00F5106000F530607F
:10DC80005B01C258002AA2BFC25822F08042C25093
:10DC9000C25842F40012C250002070470B78CA7874
:10DCA000497801290CBF00F5106000F530605B0178
:10DCB000023AC15821F40011D2B2C150012A9EBFCC
:10DCC000C25842F08052C2500020704738B500F56B
:10DCD0002E61044600F51063FF229A60C3F8082203
:10DCE00020338B42F9D100254FF0FF33C4F81838A8
:10DCF0002046C4F81058C4F81458C4F81C58FFF74C
:10DD0000FDFC10212046FFF7E7FC284638BDD0F87F
:10DD1000003823F4FE63C0F80038D0F80038090159
:10DD200001F4FE611943C0F800180020704708B5DF
:10DD3000D0F8043823F00203C0F80438032003F0BD
:10DD40003FFA002008BD08B5D0F8043843F00203BC
:10DD5000C0F80438032003F033FA002008BD4269FC
:10DD6000806910407047D0F81838D0F81C08184067
:10DD7000000C7047D0F81838D0F81C08184080B252
:10DD8000704700EB4111D1F8082BD0F8140810406F
:10DD90007047D0F81028D0F8343800EB4110CB4051
:10DDA000DB01D0F80809DBB2134318407047406923
:10DDB00000F001007047D0F800396FF30A03C0F893
:10DDC0000039D0F8083803F00603042B02BFD0F85E
:10DDD000003943F00303C0F80039D0F8043843F4A5
:10DDE0008073C0F80438002070470023C0F8103B4F
:10DDF000D0F8103B43F40023C0F8103BD0F8103BA0
:10DE000043F01803C0F8103BD0F8103B012943F051
:10DE1000C043C0F8103B02BF4FF08023C0F8142B62
:10DE2000C0F8003B002070473D4B4A6930B5D3F83D
:10DE3000004244F00104C3F80042D3F8004224F445
:10DE40007C54C3F80042D3F800424D6A44EA0524EA
:10DE5000C3F80042D3F81C420120904024EA000499
:10DE6000C3F81C42CC69002C38D1D3F80C4224EA08
:10DE70000004C3F80C42CB688C8844EA0344D30006
:10DE800003F1804303F5C8430A88C3F840428C6815
:10DE900042EA0442C3F844228B69214A9BBBD2F870
:10DEA000043223EA0003C2F804320C691C4B74BB31
:10DEB000D2F8144224EA0004C2F814420A6A012A81
:10DEC00002BFD3F81C220243C3F81C22D3F800225D
:10DED00022F00102C3F80022002030BD012CDBD16A
:10DEE000D3F80C420443C3F80C420B688C8844EA14
:10DEF0000344D30003F1804303F5C8438A89C3F880
:10DF000040428C68C4E7D2F804320343CBE7012CCB
:10DF100002BFD3F814220243C3F81422CEE700BF95
:10DF200000640040704770B50446002800F08E8001
:10DF300090F83C301BB980F83D30FFF7F3FF022327
:10DF400084F83C3023681A6822F002021A601A68CA
:10DF500042F001021A60FAF74BFC064623685D683E
:10DF600015F0010557D05A68D1076CD5A269012A6E
:10DF70001A680CBF42F0800222F080021A60E26947
:10DF8000012A1A680CBF42F0400222F040021A60D7
:10DF9000226A012A1A680CBF42F0200222F02002F5
:10DFA0001A60626A012A1A680CBF42F0100222F05D
:10DFB00010021A60A26A012A1A680CBF42F0080215
:10DFC00022F008021A60E26A012A1A680CBF42F0C5
:10DFD000040222F004021A60D4E902210A432169F2
:10DFE0000A4361690A43616801390A43DA611A68C0
:10DFF00022F001021A60FAF7FBFB054623685A6813
:10E00000D20714D4586810F001001CD101232064F9
:10E0100084F83C300AE0FAF7EBFB801B0A289DD914
:10E02000032384F83C3084F83D50032070BDFAF798
:10E03000DFFB401B0A28E1D9032384F83C3000238E
:10E0400084F83D30F1E7042384F83C300120EDE70B
:10E05000704710B5044650B1022380F83C30FFF7FA
:10E06000F7FF002084F83C0084F83D0010BD01203B
:10E07000FCE7012310B580F8FC31D0F814320179A7
:10E080005B6804469847204601F052FF204601F0A5
:10E0900041FF002010BD10B5D0F8143201795B6843
:10E0A00004469847204601F043FF002010BD08B504
:10E0B000D0F8143233B11B689847003818BF0120DC
:10E0C000400008BD0220FCE708B5D0F814325B68B8
:10E0D0009847002008BD38B5044600F5027000F0EE
:10E0E0003EFA012394F80812C4F8F431B4F80E3261
:10E0F000C4F8F83101F01F03012B09D0022B0DD019
:10E1000093B904F50271204600F0D7F8002038BD1D
:10E1100004F50271204600F0B1F9F7E704F5027149
:10E12000204600F0C3F9F1E701F08001204601F03C
:10E130001EFFEBE738B50446154601BBD0F8F431B5
:10E14000032B0DD1D0E9433293420BD99B1A9A424B
:10E1500028BF1A46C0F80C3192B2294600F052FA94
:10E16000002038BDD0F814321B6923B190F8FC218F
:10E17000032A00D19847204600F04CFAF0E7D0F887
:10E1800014329B69002BEBD090F8FC21032AE7D1D5
:10E190009847E5E738B504461546B1BBD0F8F431E9
:10E1A000022B09D1D0E907239A420ED9D21AC261B3
:10E1B000294692B200F011FA94F80032012B02D1F4
:10E1C000002384F80032002038BD8269B2FBF3F5E9
:10E1D00003FB15255DB9934209D8D0F8F8319A426E
:10E1E00005D22A4600F0F9F9C4F8F851E4E7D4F86A
:10E1F0001432DB682BB194F8FC21032A01D12046AC
:10E200009847204600F011FAD6E7D0F814325B693F
:10E21000002BD8D090F8FC21032AD4D19847D2E71C
:10E2200038B50022044611464025402301F087FE00
:10E230002B46C4F8105100228021204601F07FFEB9
:10E24000012384F8FC31D4F8183225622BB1D4F8BC
:10E25000143221795B6820469847002038BD01744C
:10E260000020704790F8FC3180F8FD31042380F8DD
:10E27000FC310020704790F8FD3180F8FC3100201F
:10E28000704700207047002070470020704708B595
:10E29000012380F8FC31D0F8143201795B6898478B
:10E2A000002008BD10B58021044601F060FE204624
:10E2B0000021BDE8104001F05ABE37B54B78044646
:10E2C0000D46092B45D8DFE813F0B200CE0044001C
:10E2D000C20044005A000A004400A20078004988A5
:10E2E0000B0A013B062B34D8DFE803F0041C2A3369
:10E2F00033373E00D0F810321B680DF1060120467E
:10E300009847BDF80620002A52D0EB88002B4FD04A
:10E310009A4228BF1A46ADF806200146204600F072
:10E320004FF945E0027CD0F814323AB99B6A0DF1FE
:10E3300006012046984702234370E2E7DB6AF6E7CE
:10E34000D0F810320DF106025B68C9B29847002878
:10E35000D7D12046FFF7A6FF2AE0037C002BF8D197
:10E36000D0F814325B6BC8E7037C002BF1D1D0F8F6
:10E3700014320DF106011B6B98470723DCE78B88ED
:10E38000002BE6D1CB88002BE3D190F8FC31032B96
:10E39000DFD08D7805F07F0580F8FE51294601F029
:10E3A00007FE204600F036F92DB1022384F8FC3137
:10E3B000002003B030BD0123F8E789780129C8D8CF
:10E3C00090F8FC31022B0CD0032BC2D1B1B902233F
:10E3D00080F8FC314160FFF777FE204600F01AF923
:10E3E000E6E70029F9D001210323416080F8FC31E0
:10E3F0002046FFF75CFE0228EFD1AAE74168012919
:10E40000EBD0C9B2FFF760FE01216160F0E7CA8876
:10E41000012A9ED190F8FC31022B03D0032B98D116
:10E42000011D7BE70146002341F8083F76E790F89D
:10E43000FC31023B012B8CD8D0F80432003B18BFD2
:10E44000012301465B0041F80C3F022266E74B883E
:10E45000012BADD1C4F80432D4F8143229469B689C
:10E4600020469847B9E790F8FC31023B012B3FF674
:10E4700070AF4B88012B9BD10023EBE738B590F8A8
:10E48000FC31032B04460D460DD10B79082B0AD81D
:10E49000D0F814329B689847EB8813B9204600F0F7
:10E4A000B9F8002038BDFFF7FDFEFAE738B50D4694
:10E4B0008B886A780979012A04461ED0032A02D083
:10E4C0007AB3002038BD90F8FC31022B23D0032B07
:10E4D00003D02046FFF7E6FEF3E76B881BB94B0637
:10E4E00001D001F044FDD4F8143229469B6820463F
:10E4F0009847204600F08EF8E3E790F8FC21022AC6
:10E5000009D0032AE5D16A88002ADAD15A06F0D068
:10E5100001F034FDE7E711F07F0FD2D001F027FDC5
:10E52000CFE790F8FC21022A16D0032AD1D103F0BC
:10E530007F052D011B064CBF143505F5827505447A
:10E5400001F023FD003818BF01202860022229466F
:10E55000204600F035F8B4E713F07F0FDDE70B78C5
:10E5600003704B7843704B8843808B888380CB88C3
:10E57000C380704710B58021044601F0F8FC2046A6
:10E580000021BDE8104001F0F2BC70B50D46164602
:10E5900070B1441EF8F786FEC3B201335B003380CE
:10E5A0002B7003236B700020022314F8011F01B9A4
:10E5B00070BD5A1CD2B2E9540233A854DBB2F4E75E
:10E5C00008B513460222C0E90633C0F8F4210A4612
:10E5D000002101F0F4FC002008BD08B513460A46EE
:10E5E000002101F0ECFC002008BD08B51346032211
:10E5F000C0E94233C0F8F4210A46002101F0E6FCEC
:10E60000002008BD08B513460A46002101F0DEFCD3
:10E61000002008BD08B50423C0F8F43100231A46D1
:10E62000194601F0CCFC002008BD08B50523C0F850
:10E63000F43100231A46194601F0C8FC002008BD39
:10E64000D0F81802C3880B8000F6941070470020A1
:10E650000880704738B5D0F81842237913F0010FBD
:10E6600005460A460AD0032908D101F0B6FC014646
:10E67000D4F8180A02F094F9C0B208E0990607D558
:10E68000012A05D11146284600F052FC002038BD71
:10E6900013F01000FBD0D4F81C3A9B7903F07F03F1
:10E6A0009342F3D11146284601F097FC0146D4F875
:10E6B0001C0A02F09EFADFE710B5D0F818321A797A
:10E6C000D4070BD58C1E012C08D8D3F8180A0023C8
:10E6D00080F8493002F0CCF8002010BD940604D533
:10E6E000012902D100F008FCF6E7D206F4D5D3F8F0
:10E6F0001C2A537903F07F03994204BF0023D3718E
:10E70000EAE710B5D0F81842D4F8180A68B190F8C2
:10E710004710FF2909D090F84830021D02F072F826
:10E72000D4F8183AFF2283F84720002010BD0000DB
:10E730002DE9F04191F800C0D0F818520CF0030216
:10E74000012A2B7906460C4607D0022A38D02146EA
:10E750003046FFF70FFF02275BE08A88990601D554
:10E76000002A45D0DF0623D413F00103EFD0D5F8FB
:10E77000180A90F844109142E9D11CF0600700F0AB
:10E780008780202F3FD1012B617845D1E288002A74
:10E790003BD01CF0800F00F104052CD013462A4614
:10E7A00002F030F8E28829463046FFF709FF2AE0F8
:10E7B000D5F81C1A09799142D6D100201023DCE744
:10E7C0000A79980602F07F0201D5012A10D0D906F5
:10E7D00008D413F00103BAD0023A012AB7D8D5F809
:10E7E000180ACAE7D5F81C1A89799142F1D1E4E7F1
:10E7F00000202023C1E780F8471080F848202946F0
:10E800003046FFF7F2FE002703E0638801F0FAFFCD
:10E81000C7B23846BDE8F081202B40F09780FE2932
:10E820000ED0FF2993D16388002B90D1E388002B71
:10E830008DD11CF0800F8AD1304600F030FBE2E72A
:10E840006388002B83D1E788012F80D11CF0800FD3
:10E850003FF47DAFD5F87C385B6A984729463A4645
:10E8600041F8080FA0E7D5F81C3A62881A72CAE787
:10E87000D5F81C1A0122083196E76388D5F81C2ABE
:10E880001B0A5372BFE7D5F81C1A012209318BE726
:10E89000202B2CD194F80180B8F10A0F1DD0B8F1CB
:10E8A0000B0F21D0B8F1010FB3D12179304601F01F
:10E8B00057FB2179304601F04CFB94F90430002BD2
:10E8C000B4BF8121414640230222304601F037FB8C
:10E8D0002179304600F098FB9BE7012205F10C01FD
:10E8E0003046FFF76DFE94E7A378EB6091E7102BBD
:10E8F0008FD163780A2B1FD00B2B22D0062B88D107
:10E9000063881B0A222B09D1D5F81C3ADA68117CDE
:10E91000E2888A4228BF0A461969E1E7212B08D11B
:10E92000D5F81C3AE288D968092A28BF092209319A
:10E93000D6E739463A46D3E7D5F81C1A01220A3100
:10E94000CEE7D5F81C3A62889A7262E70239092943
:10E950003FF6FDAE01A353F821F000BF87E804089D
:10E9600071E804084FE704084FE704084FE704087C
:10E970004FE704084FE704084FE704087BE8040862
:10E9800067E8040838B5D0F818522B79D90704463F
:10E9900010D5D5F8180A68B101F02FFF8321204661
:10E9A00001F0D7FA0321204601F0D3FA8221204654
:10E9B00001F0CFFA2B799A060AD50121204601F001
:10E9C000C8FA8121204601F0C4FA204600F072FA0C
:10E9D0002B79DB060BD5D5F81C3A2046597901F086
:10E9E000B8FAD5F81C3A2046997901F0B2FA00201D
:10E9F00038BD70B5037C0546002B65D0D0F81842B1
:10EA00002379DA0725D5D4F8186A402396F84510FB
:10EA1000022201F094FA96F846104023022228467A
:10EA200001F08DFA032282210823284601F087FA9B
:10EA3000FF2386F84730002386F84930346030469B
:10EA400001F0C0FE96F8461002464023284601F029
:10EA5000BDFA23799B060ED54023022201212846C8
:10EA600001F06DFA402302228121284601F067FA65
:10EA7000284600F0F7F9207910F0100023D0D4F8E0
:10EA80001C1ACB684979B3F81D60DB8A032228463B
:10EA900001F055FAD4F81C1A334689790322284626
:10EAA00001F04DFAD4F81C0A046002F09DF8D4F885
:10EAB0001C1A024633468979284601F087FAD4F8B1
:10EAC0001C3A0020D87170BD0120FCE70079704726
:10EAD0002DE9F0411E4601F07F03202B04460F462E
:10EAE000154601716BD009D8012B00F00E81112B56
:10EAF00000F0C3804FF0FF30BDE8F081212B00F023
:10EB00009280312BF6D1984B00F69D1203F114013F
:10EB100053F8040B42F8040B8B42F9D119889B7807
:10EB2000118093709149422204F6B410F8F732FB39
:10EB30000122022384F8B62984F8BE2984F8D62954
:10EB4000D4F81C1A8A4A84F8CE3984F8D73984F864
:10EB5000E13904F6F613CB6002F1200052F804CB41
:10EB600043F804CB8242F9D1032384F8F8392B7897
:10EB700084F8FC396B7884F8FD392B7984F8063AEF
:10EB8000AB7884F80C3AEB7884F80E3AAB7884F8DA
:10EB9000133AEB7884F8153A842384F80A3AD4F8C7
:10EBA000183A0422012084F8112A83F8440048F21C
:10EBB00003438B808A71AB680B61822310E06A4B40
:10EBC00000F69D1203F1140153F8040B42F8040BF4
:10EBD0008B42F9D119889B789370118020230122F0
:10EBE000614804F69411D0F87950C4F89459D0F8DB
:10EBF0007D5090F88100C4F89859087284F89829DB
:10EC0000FA0784F89639E38007D5D4F8182A8320C8
:10EC100082F84500032082F846000B449942C0F078
:10EC20009480002068E7504B00F69D1203F1140118
:10EC300053F8040B42F8040B8B42F9D119889B78E6
:10EC4000118093704949422204F6B410F8F7A2FAF1
:10EC5000022284F8CE2984F8D72984F8E129D4F84F
:10EC6000182A012384F8B63984F8BE3984F8D639D5
:10EC700082F8443003226223B2E7D0F81C8A3C4A6F
:10EC800000F69D13C8F80C3002F1200152F8040B75
:10EC900043F8040B8A42F9D12B7884F8A3396B78B6
:10ECA00084F8A4392B7984F8AD39AB7884F8B3397A
:10ECB000EB7884F8B539AB7884F8BA39EB7884F816
:10ECC000BC394222294904F6BD10F8F763FA022242
:10ECD00084F8D72984F8E02984F8EA29D4F8182A96
:10ECE000012384F8BF3984F8C73984F8DF3982F802
:10ECF00044304FF40142A8F8042088F80630AB688D
:10ED0000C8F8103003226B236AE71A4B00F69D12F5
:10ED100003F1380153F8040B42F8040B8B42F9D18C
:10ED20001B881380012284F8AF2984F8B82984F85D
:10ED3000C229D4F8182A002384F89F3984F8B739F7
:10ED400082F84430022243234AE70878072808D192
:10ED50004A78052A05D18A7802F07F029642FFF4AC
:10ED6000C9AE01445AE700BF948F0608AB8F06086E
:10ED7000ED8F06085A8F060838B590F849500446BA
:10ED80005DB900688BB2006894F8451001F017F97E
:10ED9000012384F84930284638BD0125FBE710B52A
:10EDA000036804461868037C0A4633B194F8461099
:10EDB000402301F00BF9002010BD0220FCE710B544
:10EDC00003681C68237C0A4643B1C3688179B3F8A1
:10EDD0001D30204601F0FAF8002010BD0220FCE7AB
:10EDE00003681B6893F8FC31032B03BFC079B0FAAA
:10EDF00080F040090020704738B513460268156856
:10EE000095F8FC21032A02D00224204638BDC4799B
:10EE1000002CF9D10122C2710A464179284601F03D
:10EE2000CEF8F2E770B5D0F8184294F820380546CD
:10EE30003BB9D4F81C3823B1637C13B9012101F02C
:10EE400096F88121284601F092F8637C022B08D1C4
:10EE500004F6140228461F23BDE87040012101F08A
:10EE6000B5B870BD70B5D0F818520446D5F87C38E6
:10EE700000202882A5F864081B68984701212046D5
:10EE800001F06EF88121204601F06AF805F61402BF
:10EE900020461F23BDE87040012101F097B8D0F84B
:10EEA00018224FF48073138201211F2302F61402EB
:10EEB00001F08CB8D0F8183200221A7470470000A4
:10EEC00070B5D0F818420B4BC4F83438002305460F
:10EED00084F84018237404F634020D23812101F0D4
:10EEE0006EF804F6140228461F23BDE87040012185
:10EEF00001F06CB85553425310B5D0F818120B7C82
:10EF0000022B044607D0033B012B0FD80021BDE89C
:10EF10001040FFF7D5BF01F6230291F8211800F049
:10EF2000ADF8002802DA01212046F0E710BD00000C
:10EF300070B5D0F81842267C054616B1012E57D080
:10EF400070BDD4F81838C4F83838D4F81C38C4F870
:10EF50003C38012101F041F81F2894F821180CD108
:10EF6000D4F81428274B9A4207D1012905D894F8E0
:10EF70002238013BDBB20F2B0BD920230522284678
:10EF800000F0CCFA022363742846BDE87040FFF716
:10EF900049BF04F62302284600F070F80028237CBD
:10EFA00007DA052BF0D101212846BDE87040FFF7B4
:10EFB00087BF013B022BC3D9618A0029F4D0D5F861
:10EFC0001822D2F81C3882F840688B4228BF0B46C2
:10EFD000D2F83C18C91AC2F83C180421117428460A
:10EFE00004F114029BB2BDE87040812100F0E7BF3C
:10EFF00094F8211804F6230200F040F800289FDA64
:10F00000D1E700BF5553424310B5D0F81842637C96
:10F01000022B05D1812100F0AAFF0023637410BDEB
:10F020000A06FCD5012BFAD0BDE810400121FFF7FC
:10F0300047BF90F8653810B500EBC3040133DBB26D
:10F04000042B4FEA022208BF002384F84418C4F8B6
:10F05000482880F8653810BD00EB810108B51344DD
:10F06000D1F86C28934206D921220521FFF7E1FF50
:10F070004FF0FF3008BD0020FCE700002DE9F3470A
:10F0800013782F2B04460D4617463DD8192B09D867
:10F09000032B63D0122B00F08F80002B40D0202256
:10F0A0000521D7E01A3B152BF9D801A252F823F01D
:10F0B00003F20408D7F104089FF004089FF0040845
:10F0C000F1F104089FF004089FF004089FF0040881
:10F0D0009FF0040833F204089FF0040887F2040844
:10F0E0009FF004089FF00408D7F204089FF004087A
:10F0F000C3F304089FF004089FF004089FF004087D
:10F100009FF00408DBF404085A2B00F08880912B50
:10F1100001D0352BC3D1D4F8183200225A8249E0ED
:10F12000D0F81862D6F81C381BB1202205213046D1
:10F1300092E0D6F87C380846DB68984750B1D4F89E
:10F1400018023A220221FFF774FF052333744FF0AF
:10F15000FF3000E0708202B0BDE8F087D0F81842BE
:10F160001222002104F11400F8F75EF870232375D1
:10F170000C2394F86528E37694F864389A4213D007
:10F1800004EBC302013392F84418A17592F84918B0
:10F1900084F82010DBB2042B92F8482884F8212050
:10F1A00008BF002384F86438122363823B79122B52
:10F1B00000D863820020CEE7D0F81862D6F87C38F9
:10F1C00006F114025B683946284698470028FFF686
:10F1D00066AF7082EEE7D0F8183200225A82D3F878
:10F1E0007C3839795B6901F0010128469847E1E7ED
:10F1F000D0F8183200225A82D3F87C3839799B69CA
:10F20000F3E7D0F8183204225A82C24AD178D9756D
:10F21000917899755178127859751A75CAE7D0F8AE
:10F220001832BD4908225A820A685A614A689A61AE
:10F23000C0E7D0F8186200237361B361F361D6F8B8
:10F240007C380DF102029B6801A92846984730B12D
:10F250003A220221D4F81802FFF7EBFE77E70823E1
:10F26000F375019B013B1A0E32761A0C7276F37617
:10F270001A0A0223B383BDF80230B2765BBAF38375
:10F280000C23738267E7D0F81862D6F87C0806F181
:10F29000080301F22F4201F21921876803EB4202B1
:10F2A00003EB81012846B8470028D1D106EB85033E
:10F2B00006EB4505D3F86C38013B1A0E32751A0C73
:10F2C00072751A0AB275F375B5F8663830835BBA91
:10F2D00073830823D5E7D0F81862337C8BBB96F98B
:10F2E0002038002BBFF621AFD6F87C380846DB6803
:10F2F00098470346D4F8180213B13A220221ABE72B
:10F30000D7F8022012BAC6F87428B7F807305BBAEB
:10F310009BB22946C6F87838FFF79EFE411C3FF4A1
:10F320001AAF0223337406EB4503D6F87828B3F8F6
:10F3300066385343D6F81C28C6F8783893427FF4D1
:10F34000AEAE4FF400637382D4F81862D6F87878C2
:10F35000D6F87C2806EB45089F4228BF1F46D2F806
:10F360001CA0B8F86638D6F87428B7FBF3F306F19A
:10F3700014019BB22846D047002802DA112204214A
:10F3800068E7BBB206F114028121204600F017FEA7
:10F39000D6F87438B8F86628B7FBF2F21344C6F80A
:10F3A0007438D6F83C28D6F87838D21BDB1BC6F860
:10F3B0007838C6F83C28002B7FF4FCAE0323337466
:10F3C000F8E6D0F81862337C002B47D196F9203844
:10F3D000002BFFF6AAAED6F87C380846DB689847C3
:10F3E00000287FF435AFD6F87C3828461B6998474B
:10F3F0008046D4F81802B8F1000F01D027227DE72B
:10F40000D7F8022012BAC6F87428B7F807305BBAEA
:10F410009BB2C6F878382946FFF71EFE421C3FF41F
:10F420009AAE06EB4505D6F87828B5F8663853430A
:10F43000D6F81C28C6F8783893427FF430AEB3F57E
:10F44000006F4FF0010128BF4FF4006331749BB28D
:10F4500006F11402204600F0B9FDABE6D6F8787844
:10F46000D6F87C2806EB4109B7F5006F06F11408C1
:10F4700028BF4FF40067B9F86638D2F820A0B7FB70
:10F48000F3F3D6F874289BB241462846D0470028AB
:10F4900001DA032273E7D6F87438B9F86628B7FBA7
:10F4A000F2F21344C6F87438D6F87838D91BD6F877
:10F4B0003C38C6F87818DB1BC6F83C3819B920462A
:10F4C000FFF7FEFC76E6B1F5006F0B4628BF4FF460
:10F4D00000639BB242460121BCE77E78D0F8184217
:10F4E00016F0020603D0242205212046B4E6D7F800
:10F4F000022012BAC4F87428B7F807305BBA9BB27E
:10F50000C4F878382046FFF7A7FD431C3FF423AE2C
:10F5100066824FE65C9306085493060810B5D0F84F
:10F52000180290F8651800EBC1041B02C4F84838B3
:10F530004B1CDBB2042B08BF002384F8442880F85E
:10F54000653810BD38B5054600240121084603F092
:10F5500005FA0021022003F001FAFA2001F01AFE58
:10F560000021012003F0FAF90121022003F0F6F94D
:10F570000134FA2001F00EFEA542E6D1BDE8384084
:10F580000021022003F0EAB907B500231C4A0093CA
:10F590000446009B93422BD30121084603F0DEF979
:10F5A0000121022003F0DAF90121032003F0D6F94A
:10F5B0000121042003F0D2F90E211248104E01F06F
:10F5C000BFFC2046F7F76EFE0146204601F0B8FC6E
:10F5D0000024254604F00300013003F0D3F901951F
:10F5E000019BB34208D301340F2CF3D930BFF1E7AC
:10F5F000009B01330093CCE7019B01330193EFE7BC
:10F6000080969800E4D90508F8B5074607F064FA33
:10F61000002847D06425012404F00101022003F0F2
:10F620009DF904F00201032003F098F90021042061
:10F6300003F094F91E26142001F0C2FD07F04CFAE5
:10F6400038B1013EF7D10134042C08BF0124013D3B
:10F65000E2D106250021022003F080F900210320D9
:10F6600003F07CF90021042003F078F9322001F046
:10F67000A7FD04F00101022003F070F904F002017B
:10F68000032003F06BF90021042003F067F9322016
:10F6900001F096FD013DDDD14FF4C87001F090FD01
:10F6A0003C70F8BD0124FBE708B50021012003F000
:10F6B00055F90121022003F051F90021032003F044
:10F6C0004DF9BDE808400021042003F047B90000CF
:10F6D00010B50378022B04460AD00D48F8F72CFC2D
:10F6E000C30513D420B9022323700420FFF72AFF97
:10F6F0000021022003F032F90021032003F02EF94B
:10F700000420002103F02AF9002010BD0120FCE7AD
:10F71000F3D9050810B50378022B02D00D4B1B78E6
:10F7200013B10024204610BD0B4BD3F8D80060B1B4
:10F73000E4F7DCFEF8F700FC10F4807407D1002831
:10F74000F0D10320FFF7FEFEECE70448F2E70124C6
:10F75000E8E700BFB505002040000020FBD9050800
:10F7600001234370704701230370704730B50B6865
:10F7700003F00704022C85B005D09C0712D11D6848
:10F780000A4CA5420ED10A4CC4F8D83003AB019301
:10F79000084B0093043101230138DDF77FFF039B01
:10F7A000C4F81832062005B030BD00BF042E06088C
:10F7B0004000002018900608032810B5044601D127
:10F7C00001F008FF0E4840F2EA61F4F7EBF810F19F
:10F7D000130F10D1032C05D10A490B48B4F7B6F921
:10F7E000002010BD01F0F6FE0028F5D1044840F2DB
:10F7F000EA61F4F7D7F80028EED10120F1E700BF65
:10F8000034CB060803DA05080C0D0608014608B5D6
:10F8100004460548F4F79EFC04482146DEF77EFACC
:10F820000348FFF7B1FE00BF1BDA05080C0D060800
:10F8300044D90508F0B5724C724F734E87B0054637
:10F84000D0F7E0FB4FF00063A360636943F40073FB
:10F85000636101F033FD6D4B1A6842F400721A6067
:10F860001A6842F480621A601A6842F480721A6060
:10F87000E268674B22F4E0621204120C1343E36067
:10F880000020F8F7A1FF0024D0F7E2FB614B0594BC
:10F890001A6B42F480121A631B6B03F480130593F6
:10F8A000059B01F01FFC03F041F807F00DF9F1F79B
:10F8B00093F9204607F0BAF9EDF734FB05F07AF832
:10F8C00004F09AFC04F0CCF807F086FE04A88DF84A
:10F8D00011408DF81050FFF797FE4F4CBE1B04A847
:10F8E000FFF7E2FE4D494E48C4E90076D0F786FDA9
:10F8F000DCF78CFAF7F718FE03F084FA07F012F839
:10F9000002F086F8F1F7E8F906F058FB00F0AEFED9
:10F910009DF81000FFF750FF424B1A780AB90122F8
:10F920001A7058B140F2EA61D4F84401E2F759F88C
:10F93000D4F8440140F2F261E2F753F8002304A83E
:10F94000C4F8D830FFF7C4FE012835D104A8FFF76A
:10F9500007FF9DF811301BB133493448B4F7F6F86E
:10F9600007F067FE9DF811301BB131492F48B4F7FD
:10F97000EDF8F1F7B7F9F8F713FB02F051F805F0DD
:10F98000BDF904F085FD04F053FBEDF755FA06F0E0
:10F990001DFBECF723FB08F089FCEDF705FEF1F702
:10F9A00045F9002304A8C4F8B031FFF7DCFED0F716
:10F9B000AFFEDCF787FA92E71E4B1D6815F00205D3
:10F9C0000BD100F0CBFCCDE90155009521234FF47C
:10F9D00018424FF2550100F0C9FC08F047F904A89D
:10F9E000FFF798FE0128B1D0134D2B78012B04D1DD
:10F9F000F8F760F90028F8D0A8E7F8F7DFF9F9E799
:10FA000000ED00E0F8FF0120F8C30120003C0240B7
:10FA10000003FA050038024040000020F8BF012032
:10FA2000B0220020D909002039DA05080C0D06089B
:10FA300050DA0508201F0020B5050020114B020FE9
:10FA40009A5C0A70C0F303629A5C4A70C0F3035276
:10FA50009A5C8A70C0F303429A5CCA70C0F30332A6
:10FA60009A5C0A71C0F303229A5C4A71C0F30312D4
:10FA700000F00F009A5C1B5CCB7100238A710B7243
:10FA80000846704762DA05081FB50C46F8F778FBA0
:10FA900001A92046FFF7D2FFF8F772FB0248F8F7FA
:10FAA0006FFB04B010BD00BF83D905087FB5394B8B
:10FAB0001B6804460BB901F0EBFB374B3748384D58
:10FAC00000221A60F8F75CFB21683648FFF7DCFF7C
:10FAD00061683548FFF7D8FFA1683448FFF7D4FFC5
:10FAE000E1683348FFF7D0FF21693248FFF7CCFFC8
:10FAF00031482146FFF7C8FF61693048FFF7C4FF6E
:10FB0000A1692F48FFF7C0FFE1692E48FFF7BCFF4E
:10FB1000AE6A2D48E96AFFF7B7FF2C483146FFF778
:10FB2000B3FF320603D5696B2948FFF7ADFF3304F5
:10FB300003D5A96B2748FFF7A7FF274B9C4202D2AA
:10FB40002648FFF721FD264B9C42F9D22548F8F7BD
:10FB500017FB254B9C422CBF244D04F18005A54288
:10FB6000EED923482668F8F70BFB01A92046FFF7DA
:10FB700065FFF8F705FB1E48F8F702FB01A93046C0
:10FB8000FFF75CFFF8F7FCFA1A48F8F7F9FA0434C3
:10FB9000E5E700BFE4050020201F002073DA050818
:10FBA00000ED00E07FDA050886DA05088DDA050841
:10FBB00094DA05089BDA0508A2DA0508A9DA05082F
:10FBC000B0DA0508B7DA0508BEDA0508C5DA0508AF
:10FBD000CCDA0508D3DA050800000020DADA0508D7
:10FBE00000000220E4DA0508F8BF0120F8FF012038
:10FBF000CCD8050883D905081EF0040F0CBFEFF31D
:10FC00000880EFF30980FFF751BF704708B501483E
:10FC1000FFF7BAFCEDDA050808B50148FFF7B4FCB8
:10FC2000F7DA050808B50148FFF7AEFC00DB050868
:10FC3000704770470148FDF7F9B800BFE80500209C
:10FC400016490B6A2BB3164A136923F00603136196
:10FC5000144B1A6842F480321A601A689203FCD579
:10FC6000114B01221A660F4A13689B01FCD5936859
:10FC700023F0030343F002039360936803F00C0343
:10FC8000082BFAD10A68D2F8003E23F00103C2F82B
:10FC9000003E064B4FF480225A617047E805002071
:10FCA00000ED00E00038024000004742003C014007
:10FCB000102006F04DBE112006F04ABE132006F0BB
:10FCC00047BE152006F044BE034AD36823F4806380
:10FCD000D360162006F03CBE00280040092002F048
:10FCE000BBBD08B5012002F0B7FDBDE808400A2001
:10FCF00002F0B2BD0B2002F0AFBD012002F0ACBD9E
:10FD0000022002F0A9BD032002F0A6BD042002F0EB
:10FD1000A3BD000008B5052002F09EFDBDE8084027
:10FD20000148FCF7AFB800BF801F0020062002F09A
:10FD300093BD072002F090BD0C2002F08DBD08B5E8
:10FD4000082002F089FDBDE808400D2002F084BDC6
:10FD5000082002F081BD0E2002F07EBD012005F0DA
:10FD60009FB8022005F09CB8032005F099B8042044
:10FD700005F096B8052005F093B8062005F090B878
:10FD80000368B3F1A04F07B539D10A2300221D48FB
:10FD9000022101F01FF91B48032101F070F90A2329
:10FDA00000221948022101F015F91748032101F03A
:10FDB00066F900231A461946144801F00BF9144855
:10FDC0000A230122062101F005F9124B5A6B42F079
:10FDD00080025A63002201925A6C42F480425A64B3
:10FDE0005B6C03F480430193019B0B4B6022432027
:10FDF00083F8432303B05DF804EBF8F7F3BE03B0D8
:10FE000000BD00BF88D8060874D80608B0D8060818
:10FE10009CD806080038024000E100E00368B3F116
:10FE2000A04F01BF024A536B23F080035363704716
:10FE30000038024000F56F71D0F8EC03FEF74BB9C3
:10FE40001C2303FB0103D0F8EC03D3F80422FEF7D4
:10FE500071B91C2303FB0103D0F8EC035A6CFEF7C5
:10FE600099B910B5C16804460039D0F8EC0318BF41
:10FE70000121FEF7F4F9D4F8EC03BDE81040FEF7D9
:10FE8000CFB9D0F8EC03FEF7EDB9D0F8EC03FEF7EC
:10FE9000F2B9D0F8EC03FEF7F6B9D0F8EC03FEF7B0
:10FEA000F0B9D0F8EC03FEF7F0B9D0F8EC03FEF7A8
:10FEB000EEB9000070B5057816463DBB144C4FF006
:10FEC000A0420423C4E90023402363610223C4F851
:10FED000EC03C4E90635E360C0F820420123204664
:10FEE000C4E90955256225632561E362FCF710FF2B
:10FEF000317820468900FDF780FBE9B201352046C4
:10FF0000725D9200FDF75AFB062DF6D1002070BD00
:10FF1000E805002008B5D0F82002FCF775FF0020A6
:10FF200008BD08B5D0F82002FCF741FF002008BD4D
:10FF300008B5D0F82002FCF74FFF002008BD10B52F
:10FF40001446D0F820021A462346FDF72FFA002067
:10FF500010BD08B5D0F82002FDF756FA002008BD04
:10FF600008B5D0F82002FDF710FB002008BD08B549
:10FF7000D0F82002FDF7B7FA002008BD08B5D0F888
:10FF80002002FDF7DCFA002008BD11F0800FD0F848
:10FF900020324FF01C021BBF01F07F0102FB013336
:10FFA00002FB013393F83A0008BF93F8FA01704757
:10FFB00008B5D0F82002FDF7E7F9002008BD08B524
:10FFC000D0F82002FDF76FFA002008BD08B5D0F880
:10FFD0002002FDF73DFA002008BD08B5D0F8200248
:10FFE000FDF759FA08BD436893F89A38022B14BFFD
:10FFF0000E201E20704700000148FFF7F4BF00BF2D
:020000040805ED
:100000004492060810B540681C46002300F0B8FD75
:1000100018B90B2323604FF0FF3010BD1FB503ABA1
:100020000193094B51F8044B009301380123DDF78C
:1000300035FB039B5A1C18BF62684FF0060018BFBF
:1000400082F89C3804B010BD3C90060808B54068A2
:1000500000F089FD0028D4BF0E201E2008BD00003E
:1000600038B5054640680A4B90F8992803EB82039F
:100070000021D3F84041074B062C995406D000F0DC
:1000800072FD18B129462046DCF736F9062038BD46
:1000900040000020D809002070B586B003AB019362
:1000A000174B0093044651F8045B032301381646AE
:1000B000DDF7F4FA012C02D83368072B1DD9039C15
:1000C000062C06D02046DDF76DFE10B90D48DCF792
:1000D000E3FD049B1BB1012B02D00B48F7E706247C
:1000E0009DF814300BB10948F1E76B6893F8992833
:1000F000074B03EB8203C3F84041062006B070BDF6
:100100004490060834D105080BDB050815DB05080B
:100110004000002030B589B002AB51F8045B019378
:100120000D4B009301380223DDF7B8FA04A90298B9
:1001300002F0A8FFDDE905210446039B686800F092
:100140001FFD1CB1E1F79AF909B030BD059004A874
:10015000E3F7D2FDF8E700BF0092060810B588B0BB
:1001600003AB51F8044B01930A4B0093013802236F
:10017000DDF794FA039802AA05A902F067FFDDE90A
:100180000512049B606800F05BFCE1F777F908B0AA
:1001900010BD00BF0092060808B50846DDF77EFED8
:1001A000F7F7E6FB062008BD10B540681C4600F0D6
:1001B000CBFC18B90B2323604FF0FF3010BD0000BB
:1001C0004B68024993F89928B3F7C0BC1CDB0508BB
:1001D00038B50C462046114602221D46DDF730FA9E
:1001E00034B12868DDF75AFE10B10020DCF754FD69
:1001F000004838BD4492060808B50846114600225A
:10020000DDF71EFA004808BDF8900608F0B50D4667
:1002100087B00646012203A92846DEF771F8044696
:1002200068B96A4604A92846DDF7E0FE049B082B5E
:1002300014D801AD2F46049BA34212D803977068CF
:10024000BDF81020039900F5A7500C30FEF7D4FD3F
:1002500080B90498E1F712F907B0F0BD0648DCF761
:100260001BFD009B53F82400DDF718FE013405F850
:10027000010BE0E70020EDE728DB05080146014817
:10028000FFF7C4BFF890060830B589B002AB51F84B
:10029000045B01930F4B009301380223DDF7FEF955
:1002A00004A9029802F0EEFE04466868039B00F57C
:1002B000A750DDE905120C3000F09EFC20EAE0704A
:1002C0001CB1E1F7DBF809B030BD059004A8E3F7F5
:1002D00013FDF8E72C900608032970B5064615466D
:1002E00013D112F0010406D0406800F03CFC002855
:1002F000D4BF002401246B0705D5706800F094FB7F
:1003000008B144F00404204670BD04291DBF162224
:100310001A604FF0FF340024F5E7032910B517D118
:1003200012F0010407D0436803F58053D3F8004569
:10033000013418BF0124530708D5406800F5A750C1
:100340000C30FEF74DFD08B144F00404204610BD0A
:1003500016221A604FF0FF34F8E70000024B1868CD
:1003600000B11879704700BFDC0900202DE9F04F7B
:100370002E4C85B025680E9F83461E46002D53D116
:100380002B4BC4F814322B4BC4F8183204F64843F4
:10039000C4F8403C03F6A403C4F8443C4FF0010AFF
:1003A00006F07F032071A3EB0A004342434104F5AA
:1003B0000A7904F1040884F800A2C4F82882C4F879
:1003C0001C92484600934FF4007300F0C3F9109A52
:1003D000AB4514BF0523032331464846FEF778FB9F
:1003E00018B1284605B0BDE8F08F27B9124B03932A
:1003F00003AB0F9357460F99384600F053FD0F4B50
:100400000F49C4F8A43A0F4B0F4806F03002302AC7
:100410000CBF0A461A46F109FFF74CFD0A48FFF7E0
:1004200080FD012348F8043C0120DBE7DC090020C3
:10043000FC920608908E0608CCCA060808930608A7
:10044000EC920608F3920608E009002010B5064C6D
:1004500023683BB1201DFDF71EFE201DFDF709FEA0
:100460000023236010BD00BFDC0900202DE9F04708
:10047000044694B0C0B95E48FEF728FB5D4B00F01F
:100480007F000C2101FB04F2D5189A5C824206D150
:100490006888C00040F0020014B0BDE8F087013465
:1004A000052CEFD10620F7E70EAB0193524B0093DA
:1004B0000623DDF7F3F8514A0E981368062843F037
:1004C0000203136002D1FFF7C1FFEBE7E4F70EF878
:1004D000484DDDE9107681460024A8466888D0F7AB
:1004E000F8FD01464846F6F7EBFE28B1696889B188
:1004F0004846F6F7E5FE68B9711C02BF0C2303FB02
:1005000004831E890C23634318F8035045B93C4803
:10051000DCF7C2FB0134052C05F10C05DED1F6E752
:10052000002415F0200F04940DF118080DD0129836
:100530000BAA04A9DDF75AFD049B022B48D8DFF86B
:10054000D0A0C146049B9C4244D3EA06BFB22CD53E
:1005500005AA05211398DDF76BFD059B1868DDF7EB
:100560009DFC059B8DF820005868DDF797FC059BE6
:100570008DF821009868DDF791FC059B8DF822002D
:10058000D868DDF78BFC059B8DF8230005221869E0
:100590000BA9DDF7B5FE0B9B0A930C9B8DF824305D
:1005A000059B1A69174BC3F838210F98431C01D1DA
:1005B000FFF7D4FE08ABCDE90183049B0093B2B2F0
:1005C0002B463946FFF7D2FE00287FF46BAF9EE73B
:1005D0000D489DE70B9B53F82400DDF765FB504564
:1005E00003D149F804AB0134ACE7084890E700BFF9
:1005F000040C0020589206085C900608201F00207A
:1006000054DB0508400000205BDB05086CDB0508B7
:10061000CCCA060838B50A4B90F8994803EB840316
:10062000D3F84031062B09D0064D2B5D33B906496E
:10063000064801EBC401DCF7C7FD285538BD00BFF3
:1006400040000020D8090020449206083C92060889
:10065000426892F89C3882F89B1821B103F0FD03A0
:1006600082F89C38704743F00203F9E7094A0A48C8
:10067000002382F8E13482F8E334084A0621C2F804
:1006800040110749C2F838310B700121C2F8B4009B
:10069000FFF7DEBFDC19002044920608400000206E
:1006A000D8090020D0F8180212230B8000F508604A
:1006B0007047000030B504468BB01546052936D882
:1006C000DFE801F00D03131A33311A48D4F8184249
:1006D00004F694042A462146FDF757FF02E004235E
:1006E000154C138020460BB030BD027C134B1448D0
:1006F000002A08BF1846E9E7124A917DD37E04918B
:10070000D17D0391107C117E01440291517E0191B3
:10071000917E927C0A44009210210B4A06A8F3F7BE
:1007200043FD06A8D2E70948D0E70948CEE70024F0
:10073000D8E700BF8FDB050804930608E1DB050856
:100740009BDB0508007AFF1F06DC0508C0DB0508F7
:10075000D2DB0508F0B5059E122480F880480125FB
:100760000027022480F8815880F8827880F8834836
:1007700036B326463D463C4680F88A28120A80F861
:100780008B2880F88C3802221B0A80F8854880F874
:1007900088184024090A80F88D3880F88F280123B2
:1007A000032280F8846880F8865880F8874880F8AB
:1007B000891880F88E3880F8902880F89138F0BD3C
:1007C000EF26D9E790F89B1890F89C280023A0F812
:1007D0008C34A0F88E3480F8903480F8983880F803
:1007E0009A3839B102F0FD0280F89C28C0F8A03890
:1007F0004C30704742F00202F6E7002380F89A3846
:1008000070470000212908D0222919D0202902D1BF
:100810001368C0F8A03800207047D0F8A0381370D3
:10082000D0F8A0381B0A5370B0F8A238937090F833
:10083000A338D37000231371537108239371EAE72F
:1008400013F001030FD0012380F89A38074B0822D8
:100850001A7003681B68D3F820321A68936943F052
:1008600008039361D7E780F89A38D4E7241F002063
:10087000B0F8961838B5A0F89418B0F89428B0F8E5
:1008800092389342044602D190F898281AB3B4F8EB
:100890009458B4F89428C5F309059A1AC5F58065EB
:1008A000ADB292B2954284BFB4F894289B1AB4F8C2
:1008B000942888BF9DB2C2F30902294402F29142F2
:1008C000A4F89618224429462046FEF755FA1DB989
:1008D000002384F8983838BDA906F9D1B4F89638C1
:1008E000B4F892289A1A53425341F2E710B5EFF345
:1008F0001184602282F3128838B190F89A2822B1CC
:1009000090F849300BB9FFF7B3FF84F3118810BD9D
:100910000D4A137813B1013B13707047D0F8EC33D4
:100920000268D3F818129369D1F8180A23F0080363
:10093000936190F89A38012B04D1022380F89A38F9
:10094000FFF7D4BF704700BF241F0020B0F88E34DB
:10095000B0F88C249342CCBF00210121981A00EBFF
:1009600081204028CCBF00200120704738B50446C4
:10097000EFF3108572B690F890346BB1FFF7E6FF95
:1009800050B984F8900485F3108804F14C01204696
:10099000BDE83840FEF703BA85F3108838BD000083
:1009A0002DE9F04100F14C06DFF878800446771815
:1009B0003546BD420FD32046FFF72CFE94F89C38F5
:1009C000DB0726D52046FFF7C1FF10B3012084F8CE
:1009D0009004BDE8F08194F89B3843B12A78D8F8A8
:1009E00000309A4203D1DCF7B3FB0135E1E7B4F8FC
:1009F0008C34B4F88E240133C3F309039A42DAD05D
:100A0000B4F88C242978224482F88C10A4F88C3411
:100A1000EBE7002384F8903431462046FEF7BFF917
:100A200040B2D6E734000020B0F89438B0F892080D
:100A3000C01A80B2B0F5007F8CBF00200120704743
:100A40002DE9F84304460F46164698460025B54260
:100A500005D12046FFF74AFF2846BDE8F883F7F79F
:100A6000C7FE814694F89A389BB1B4F89238B4F82E
:100A700094289A1A92B2B2F5806F0AD0C3F3090291
:100A80002244795D82F891140133A4F8923801353B
:100A9000DDE72046FFF72AFFF7F7AAFEA0EB0900E3
:100AA0004045D9D2EFF31083012BD5D030BFD9E721
:100AB000F8B504460D468E18AE4204D12046BDE876
:100AC000F840FFF713BF94F89A38E3B9B4F89238B6
:100AD00015F8011BC3F309022244013382F8911473
:100AE000B4F89428A4F892389B1A9BB2B3F5806F9F
:100AF000E2D9B4F894380133A4F89438B4F89438AF
:100B0000A4F89638D8E7F7F773FE0746B4F89428A8
:100B1000B4F892389B1A9BB2B3F5806FD6D1F7F731
:100B200067FEC01BB0F5FA7FD0D82046FFF7DEFE87
:100B300023681B6893F8FC31042BC7D0EFF31083B4
:100B4000012BC3D030BFE1E710B590F89C389B076C
:100B5000144604D5BDE810400023FFF771BFFFF72E
:100B6000A7FF204610BD10B5B0F88E34B0F88C4405
:100B7000E41A48BF04F58064FFF7F8FE204610BD74
:100B80002DE9F84304460F46164698460025B5421F
:100B900005D12046FFF7EAFE2846BDE8F883F7F7BF
:100BA00027FE8146B4F88C24B4F88E349A420CD0D7
:100BB000234493F88C307B55B4F88E340133C3F35F
:100BC0000903A4F88E340135E1E7F7F711FEA0EB35
:100BD00009004045E0D2EFF31083012BDCD0204622
:100BE000FFF7C4FE30BFDDE74FF0FF33436118303D
:100BF00070474161002070472DE9F04105460C46E1
:100C000017461E4600F0F8FA80466B69013312D091
:100C10006B69A34298BF6C6905F1180122463846FA
:100C2000F6F7B8FA4FF0FF336B6105F1180128466B
:100C3000FEF7C5F807E000F0DFFAA0EB0800B042CD
:100C400004D36FF06D042046BDE8F081EFF310830C
:100C5000012BF6D00120DCF763FBD6E7084B1B78AD
:100C600083420AD9074A4000128801238340134275
:100C70000CBF4FF0FF30002070474FF0FF3070473F
:100C8000281F0020261F0020024B1878013840B290
:100C9000704700BF281F002010B50C461146094AB6
:100CA0001278824202D84FF0FF3010BD064A52F847
:100CB0002000064A9042F6D11A46204606F0FDFD75
:100CC0000020F2E7281F00202C1F0020CCCA0608B5
:100CD00010B50C461146094A1278824202D84FF0EC
:100CE000FF3010BD064A52F82000064A9042F6D165
:100CF0001A46204606F08FFD0020F2E7281F00204C
:100D00002C1F0020CCCA060810B513464A78D2071B
:100D100014D58A782AB1832A0AD04FF0FF342046AE
:100D200010BD0D4A1168928819609A800624F6E772
:100D3000094AD2F806201A600424F0E7074A12781C
:100D40008242EAD90C790649242C28BF2424224661
:100D50001846F6F71FFAE2E760930608281F0020FE
:100D600030930608094B1B7883420CD940000122BE
:100D700082400748038819B113430380002070475D
:100D800023EA0203F9E74FF0FF307047281F0020E5
:100D9000261F0020084B1B78834209D9074A4000D0
:100DA000128802238340134214BF012000207047A1
:100DB0004FF0FF30704700BF281F0020261F002083
:100DC00008B5084B1B78834202D84FF0FF3008BDAE
:100DD000054B53F82020054B9A42F6D106F029FC2A
:100DE0000020F4E7281F00202C1F0020CCCA060892
:100DF0002DE9F843124F3B788342044688469146DA
:100E000003D84FF0FF30BDE8F8830E4E0E4B56F876
:100E100020509D42F5D106F0FDFB3B78A9F800007B
:100E2000A34203D84FF0FF3040B2ECE756F824302D
:100E3000AB42F7D106F0F1FBC8F800000020F3E761
:100E4000281F00202C1F0020CCCA06082DE9F041E5
:100E500038B9104F104EDFF8488004463B789C426A
:100E600002DB0020BDE8F081620001259540E2B27E
:100E700093420BD958F82420084B9A4206D106F029
:100E8000ABFB33881D4335800134E7E7338823EA21
:100E90000505F8E7281F0020261F0020CCCA0608F9
:100EA0002C1F002008B50228054B28BF022018700F
:100EB00082000448F6F76EF9034B00221A8008BD41
:100EC000281F00202C1F0020261F002008B5024BE1
:100ED000185CDCF705F900BF6A9306080B4B37B5C1
:100EE0000546D3F8B00148B103685A7C03EB82038E
:100EF00003211B692A469C6801ABA047044628468B
:100F0000F2F75AF9204303B030BD00BF4000002083
:100F100010B50A4CD4F8B00140B103F017FF28B166
:100F2000D4F8B001BDE8104003F03ABFF2F786F9FB
:100F3000031E02DADCF7EFF9ECE710BD40000020F9
:100F40000E4B70B50646D3F8B0010C4678B10A4690
:100F5000314603F09FFF012521463046F2F7CEF9D6
:100F6000002806DB844228BF0446204670BD0546A3
:100F7000F2E7002D08BF0024F7E700BF4000002083
:100F8000084B1A6812F001020BD10748D0F8FC1088
:100F900041F08071C0F8FC105A601A6842F00102FA
:100FA0001A607047001000E000ED00E0084A00F110
:100FB0003F4000F57E00116B800A012383400B4304
:100FC00082B01363136B0193019B02B0704700BFA3
:100FD000003802402DE9F041C46806890D462046DC
:100FE00098461746FFF7E2FF25F00403022BC6F3ED
:100FF00043160FD1F10804EB810106F007030A6ADA
:101000009B000F20984022EA000208FA03F842EA07
:1010100008020A62206872000321914005F0030370
:1010200020EA010093400343236063680120B0403D
:10103000AD0823EA0003B5402B436360A368022098
:1010400023EA010390400343A360E368974023EA47
:1010500001033B43E360BDE8F08170B50D461646E1
:1010600019469DF81020044601F0CBFF30B1037AF9
:10107000324620462946FFF7ADFF012070BD0389A7
:1010800010B5C468C3F34313A2685B000320984003
:1010900022EA000299400A43A26010BD70B5002404
:1010A00005460E462046AC4200D170BDA30701D1D3
:1010B00005F034FD3055000A0134F4E7EFF31083F6
:1010C00072B6002B14BF0E201E20704708B528B141
:1010D0000868DDF727F880F00100C0B280F31088BF
:1010E000062008BD034B00221A60034BF02283F850
:1010F00022207047381F002000ED00E0054B43F828
:101100002010054B01221A60044B4FF080525A60A8
:10111000704700BF341F0020381F002000ED00E0A2
:10112000034A136813B1002111601847704700BFCC
:10113000341F002004490868002804D04FF0000242
:101140000A60FFF7EDBF7047381F00200D4B10B548
:101150001C6801341C604FF0E02304F001021B699D
:10116000094B53F822300BB120469847074B1B68B8
:10117000A34205D1BDE8104005490020FFF7BEBFDE
:1011800010BD00BFC00500203C1F0020BC05002092
:10119000F17F040870B50546EFF310834BB9074C97
:1011A00026680120DCF7BCF823689B1B9D42F8D819
:1011B00070BDBDE87040F9F791BD00BFC0050020CB
:1011C000EFF3108343B9054A116813685B1A834231
:1011D00000D3704730BFF8E7FFF7DCBFC005002041
:1011E00038B505460C46F7F703FB401B844200D890
:1011F00038BD30BFF7E70000014B1868704700BFEB
:10120000C005002070B5EFF3108672B64FF0E025F0
:10121000AC69F7F7EDFA2B6986F31088DB0302D58A
:10122000322C88BF01306B694FF47A721C1B544317
:101230000133B4FBF3F402FB004070BD38B5044643
:10124000EFF3108343B9FFF7DDFF0546FFF7DAFF41
:10125000401BA042FAD338BDBDE83840F9F73EBD87
:10126000BFF34F8F0549064BCA6802F4E06213438F
:10127000CB60BFF34F8F00BFFDE700BF00ED00E084
:101280000400FA050A6882F308884A6810470000DB
:1012900008B5034B00200021C3E90001FFF7E0FF80
:1012A000F8FF012008B541F4B461034B41F005019A
:1012B000C3E90001FFF7D4FFF8FF012038B5114B57
:1012C000D3E9000100240025C3E90045C1F30B0266
:1012D00040F2A5539A4214D10B4B5A6FD20010D54D
:1012E0004FF080725A67A3F580336FF30B011A68D1
:1012F00022F003021A601A6842F001021A60FFF736
:10130000C1FF38BDF8FF01200038024008B50223B4
:1013100043600521F9F728FD10B9034B186008BD9B
:101320006FF00400FBE700BF000047422DE9F04FDB
:1013300095B082460C4616460193F9F7CFFC50450E
:101340006FD06649664BBAFBF3F301F12C020093B0
:1013500032F8025D0098EBB29842C0F09580C5F378
:1013600001270137AD0A4FEA470769D0012D67D041
:101370007B4303FB05F24FEAD20B4FF00209302109
:10138000B3FBF1F80520FFF705FFBAFBF4F40F21DA
:1013900003914946012928BF0121012C049155D907
:1013A000022C55D0042C55D9082C55D9102C55D9C0
:1013B000402C55D9802C55D9B4F5807F8CBFF021B5
:1013C000E021484805910909415C2AFA01F1B1FB85
:1013D000F6F6012E48D9022E48D0042E49D9082EFF
:1013E0008CBF4FF4E0504FF4C050019BB1FBF3F1C0
:1013F0000129069040D9022940D0042941D9082961
:101400008CBF4FF4E0514FF4C051079103A8012164
:10141000F9F7AAFC00283DD06FF0040015B0BDE834
:10142000F08FF9F74FFDA0428BD1F9F751FDB04293
:1014300087D1F9F765FD019B984282D10020EDE745
:10144000A9464FF007084FF4A87B9BE70021B8E7B7
:101450008021B6E79021B4E7A021B2E7B021B0E740
:10146000C021AEE7D021ACE70020BEE74FF48050AA
:10147000BBE74FF4A050B8E70021C6E74FF4805116
:10148000C3E74FF4A051C0E791427FF461AF6FF022
:101490001500C3E74FF480310124CDE90841102144
:1014A00002220B900C9108A84FF48001CDE90E2187
:1014B000CDE9105BCDE91278F9F776FA02460028FB
:1014C000AAD1B9F1020FB9D10099039403A8FFF78B
:1014D0001DFF002818BF6FF004009FE784930608E3
:1014E00040420F00EC90050810B5EFF3108472B67F
:1014F000F9F74CFA01210846F9F7FAF90F4B1A6887
:1015000042F480321A601A689203FCD50C4B012217
:101510001A660A4A13689B01FCD5936823F00303FB
:1015200043F002039360936803F00C03082BFAD195
:10153000034B00221A6084F3108810BD003802406B
:101540000000474208B505F005FC104B10489A68AA
:10155000CA21596253215962996821F470419960F6
:10156000D96821F47061D960016841F0040101601B
:10157000996802F470420A439A60FF225A62054B4E
:1015800000225A60F9F7D0F9FFF782FE00280040E8
:1015900000700040002004E070B50D4C8CB0064691
:1015A000042522680A2302A93046AFF729FF40B973
:1015B000D4E9012101AB02A8B0F78DF802A8B0F779
:1015C00080F9013D04F10C04EBD10CB070BD00BFFB
:1015D000B093060830B50121ADF28C4D022001F028
:1015E000BDF9F7F705F90024054682A8ADF80C42CD
:1015F00006F0ECF94FF400730093224602AB012190
:1016000093A8B0F7B1FD044640B10D490D48B2F7BB
:101610009DFA6FF012000DF28C4D30BD0A4993A86F
:10162000B0F71EFD93A8FFF7B7FFC8212846FFF7C4
:10163000D7FD0220214601F091F92046EBE700BFDB
:101640001FDC05080C0D06086DD8050803694279F2
:10165000DB6A32B99BB2826932F0100208BF0133F3
:1016600001E05A1CF7D118467047012870B50C6884
:101670000E460DD12369D86A6379002B4FF6FF73AC
:1016800018BF4FF0FF33BDE870401840DFF7F6BEDB
:101690004868DCF703FC63794FF6FF75002B08BF41
:1016A0002A46236918BF4FF0FF321040D862706895
:1016B000DCF7F4FB6379002B18BF4FF0FF352840AF
:1016C000E061062070BD012810B50C6806D12369C1
:1016D000986ABDE8104080B2DFF7D0BE4868DCF7FA
:1016E000DDFB236980B29862062010BD012810B589
:1016F0000C6805D12369BDE81040586ADFF7BEBE0B
:101700004868DCF7CBFB23695862062010BD01282E
:1017100010B50C6811D16268217A136903EB81035B
:10172000BDE81040186B5379002B4FF6FF7318BFBC
:101730004FF0FF331840DFF7A1BE4868DCF7AEFB7F
:101740006368217A5A791B69002A03EB81034FF6FB
:10175000FF7218BF4FF0FF3210401863062010BD13
:1017600013B54B684C7A1A79044B53F83430009314
:101770000B7A0349B2F7EAF902B010BDFCA40608DF
:1017800059DC050838B50546012303FA01F12B6938
:101790001C69104604EA0102A14312D1D96801EA8A
:1017A00002048A430DD1E4432A7B1C612946F6F7E3
:1017B0001BF9002805DA0623AB602B69DA681440B0
:1017C000DC6038BD062938B504460D4607D10269EC
:1017D000D36823F00103D3608160062038BD08463A
:1017E000DCF7E0FAA8B12369DA6822F00102DA60D6
:1017F0006FF00102A56004F110001A61FAF7F8FA1F
:1018000004F11000FAF70BFB94F94C00F7F7EAF932
:10181000E3E70148DBF740FA85DC0508062938B51F
:1018200004460D460BD14368007A19690122CB6842
:10183000824023EA0203CB60E560062038BD0846FB
:10184000DCF7B0FA002845D06268207A1169E560BB
:1018500001238340DB430B611379012B16D11B203D
:10186000F7F7C0F9637A072B16D8012B6068217A45
:1018700023D9013989001030FAF73AFE217A6068DD
:10188000013989001030FAF7FFFDD6E7082B14BFA5
:1018900092F94C002E20E3E7082BCED1217A606824
:1018A000013989001030FAF79AFE217A606801390F
:1018B00089001030FAF76FFEBFE701398900103058
:1018C000FAF75CFE217A6068013989001030FAF776
:1018D0000DFEB2E70148DBF7DFF900BF85DC050844
:1018E00070B5054606210026FFF76CFF2C6D2E65AE
:1018F00034B92B6985F8494006201C621C6070BD14
:1019000020460621FFF78AFF236926611C46EFE780
:101910008B0710B50446084621D10A68194B9A4234
:101920001DD1DCF711FBB5EEC00AF1EE10FA02D8BA
:101930000024204610BDDFED147AB4EEE70AF1EE84
:1019400010FAF6DA80EE277A07EE904AF8EE677A18
:1019500027EE277AFCEEC77A17EE904AE9E7DCF724
:101960009DFA0028E4DD6328E3DC084B9C4298BF25
:1019700044434FF064038ABFB4FBF3F4B4FBF3F4C5
:101980004443D6E7A42106080000C842285C8F0221
:1019900070B50C68656806462846FFF757FE012EAD
:1019A00020D1227A2B699FED190A03EB82036A7911
:1019B0001B6B002A4FF6FF7218BF4FF0FF32134027
:1019C00098420BD907EE903A07EE100AF8EE677AC4
:1019D000B8EE477A67EE807A87EE870ABDE87040F6
:1019E000DEF7DEBC4968FFF793FF6268217A53791E
:1019F0001269002B02EB81024FF6FF7318BF4FF004
:101A0000FF3303401363062070BD00BF0000C842CF
:101A1000024838220021F5F707BC00BF040200206D
:101A200038B5054D002455F8040F08B1FFF758FFED
:101A300001340E2CF7D138BD00020020024B984231
:101A400001D106F045B97047801F0020034B0138D3
:101A500053F8200020F0FF00704700BFC4A4060820
:101A600001388EB00D281BD8DFE810F00E001C00E6
:101A700029003600430050005D006A0077008400B2
:101A800091009E00AB00B800002300935A4B5A6CA3
:101A900042F001025A645B6C03F001030093009B67
:101AA0000EB0704700230193534B1A6C42F00102B1
:101AB0001A641B6C03F001030193019BF0E7002300
:101AC00002934D4B1A6C42F002021A641B6C03F035
:101AD00002030293029BE3E700230393464B1A6C35
:101AE00042F004021A641B6C03F004030393039B8B
:101AF000D6E700230493404B1A6C42F008021A64A4
:101B00001B6C03F008030493049BC9E700230593AF
:101B1000394B1A6C42F010021A641B6C03F010036C
:101B20000593059BBCE700230693334B1A6C42F0E8
:101B300020021A641B6C03F020030693069BAFE798
:101B4000002307932C4B5A6C42F002025A645B6CE0
:101B500003F002030793079BA2E700230893264B99
:101B60005A6C42F480325A645B6C03F480330893FD
:101B7000089B95E7002309931F4B5A6C42F40032EF
:101B80005A645B6C03F400330993099B88E70023D4
:101B90000A93194B5A6C42F480225A645B6C03F42A
:101BA00080230A930A9B7BE700230B93124B1A6C4A
:101BB00042F040021A641B6C03F040030B930B9B32
:101BC0006EE700230C930C4B1A6C42F080021A64EF
:101BD0001B6C03F080030C930C9B61E700230D93B7
:101BE000054B1A6C42F480721A641B6C03F4807308
:101BF0000D930D9B54E700BF00380240142808B530
:101C00000CD80A4BC340DB0708D5F9F779F9084B24
:101C10009B6803F4604303B1400008BDF9F758F92D
:101C2000034B9B6803F4E053F5E700BF020F10007D
:101C30000038024037B5144B144D002401941A6C3F
:101C400042F008021A641B6C03F008030193019B25
:101C50000F4B602283F832233220F6F7C3FF0D4B7F
:101C60002B60052040F2CF73EB60FFF7C7FF0A4BF4
:101C7000B0FBF3F00138686028462C61AC6003B01B
:101C8000BDE83040FAF71ABA00380240801F002041
:101C900000E100E0000C0040A086010013B5002325
:101CA0000193174B1A6C42F010021A641B6C03F07C
:101CB0001003044601930620019BFFF79FFFA042FB
:101CC0001BD30620FFF79AFF0123B0FBF4F0B0F519
:101CD000803F0FD20B490C4A0A600138013BC860B3
:101CE0004B60084600230B618B60FAF7CFF905487B
:101CF00002B010BD40085B00E9E701231846E9E7A0
:101D000000380240441F002000100040F8B506468D
:101D100000790F461546FFF771FFBB0704463846AA
:101D20003AD13A683D4B9A4236D1DCF70DF9B5EE1F
:101D3000C00AF1EE10FA33D905220123F7EE007A3A
:101D40000A21B2EE047AB4EEE70AF1EE10FA03D5F6
:101D5000013A1DD142F2107307EE904AF8EE677A0D
:101D600087EE807AFCEEC77A17EE900A7279012826
:101D700038BF0120002A49D1294C2A4E03274FF0B1
:101D8000050CB0F5803F12D201384FF6FF7240E0EB
:101D900020EE070A4B43D6E7DCF780F8002802DC88
:101DA0002148DAF779FF0123B4FBF0F0DEE704FB0A
:101DB00000F2B2F1333F08D803EB8302B2F5803F63
:101DC00003D8B0FBFCF01346DBE706FB00F2B2F1F0
:101DD000553F4FEA430106D8CA18B2F5803F02D8F2
:101DE000B0FBF7F0EFE7B1F5803F0A4601D84008B5
:101DF000E9E7B3F5803F07D0A0FB03301B0C43EAB3
:101E000000404FF48032DEE70848CAE701384FF05F
:101E1000FF320240581E2A6080B2F8BDA421060895
:101E2000CDCCCCCCABAAAAAA99DC05088FD20508E8
:101E3000012873B50E683FD1336972799D6ADC6AF7
:101E40003079002A4FF6FF7218BF4FF0FF3214406E
:101E5000FFF7D4FEADB26A1C631CB0FBF2F102FBCB
:101E60001104A4B107EE900AB8EE677A07EE902A43
:101E7000F8EEE77AC7EE276A07EE903AB8EE670AFF
:101E800086EE800A02B0BDE87040DEF789BAB1FB89
:101E9000F3F003FB101252B107EE901A07EE103A5E
:101EA000F8EE677AB8EE470A87EE800AEAE702B0F2
:101EB000BDE87040DFF7E2BA01AA49683046FFF793
:101EC00025FF3269019B90620620D362F36102B064
:101ED00070BD08B50079FFF791FEBDE80840DFF757
:101EE000CDBA000038B5044600790D46FFF786FEEE
:101EF00023699B6A9BB20133B0FBF3F42846DBF7FE
:101F0000CDFFC517A0FB0401034A002304FB051104
:101F100006F072FF38BD00BF40420F0038B50C68B4
:101F2000012865681FD1227A2B69287903EB820387
:101F30001C6B6B79002B4FF6FF7318BF4FF0FF330C
:101F40001C40FFF75BFE2B6911499B6A9BB2013372
:101F5000B0FBF3F20023A4FB010106F04DFFBDE846
:101F60003840DFF7A6BA49682846FFF7BBFF62682A
:101F7000217A53791269002B02EB81024FF6FF732D
:101F800018BF4FF0FF3303401363062038BD00BF76
:101F900040420F000000000038B5044600790D46AD
:101FA000FFF72CFE23699B6A9BB20133B0FBF3F46D
:101FB0002846DBF773FFC517A0FB040104A3D3E990
:101FC000002304FB051106F017FF38BDAFF30080B6
:101FD00000CA9A3B000000002DE9F047804694B00B
:101FE000D1E9005089469246DBF758FF431E032B88
:101FF000064604D9A2490246A248DAF750F82C6DE9
:1020000000276CB9B8F1020F1DD1DAF80030072BA8
:102010000DD8002C08BF0624204614B0BDE8F08778
:10202000237AB34200F0918127462469E9E754B14D
:1020300006212046FFF7F2FB0FB123693B612369BC
:102040002B650023236102AB01938F4B0093524613
:10205000092309F10801A8F10200DBF71FFB142096
:10206000CEF706F90023C0F80A30C0F80E304382DC
:10207000864B0672C0E90035029B4372049E039BA7
:10208000C360062E04462AD016F0030703D1326837
:102090007F4B9A4202D07F48DAF7FEFD2A79394613
:1020A000304600F0AEFF28B92B79B2887A497548DE
:1020B000D9F7F5FF794B42F21268CDE90B360523CB
:1020C000CDE90D8341F6BA530F93037A5B0043F0D9
:1020D00001030BAA022138461093DAF720F92B6D81
:1020E00023612C65627A05F110060B2A00F22B8120
:1020F000DFE812F00C000C005B005B005B005B0093
:102100005B005B00A000DC00DC00DC00644B069997
:1021100003EBC20306295B680B9332D02846FFF716
:1021200095FAFFF7F5FB0023CDE90E330D934FF43D
:10213000807E4FF40073CDE910E30C90227A013ACF
:102140000BA992003046FAF720F9E168062928D158
:10215000217A013989003046FAF794F92B69514AFE
:10216000934204D002F5806293427FF455AF217A06
:102170000139890008293FF64FAF3046FAF778FA5F
:102180004AE70799062903D02846FFF7ABFECAE7BE
:102190000899062903D02846FFF7FEFEC3E70598F5
:1021A000C1E72046FFF73AFBD8E73D4B03EBC203FC
:1021B0000A9A5B680B93571C099B0C9308BF00227B
:1021C00000230F93D31A18BF0123DB000E934FF4A3
:1021D000807C4FF40073CDE910C332F002030D92FE
:1021E00001D0314908E7227A013A0BA99200304622
:1021F000FAF7A2F8E168062918D1217A0139890095
:102200003046FAF727F92B69264A934204D002F5A3
:10221000806293427FF400AF217A01398900082956
:102220003FF6FAAE3046FAF714FAF5E62046FFF725
:10223000F5FAE8E70A9A511C4FF0000308BF0022A4
:102240000120CDE90C030E9332F002030B9201D072
:102250000A2AC6D1227A013A0BA992003046F9F730
:10226000C3FFE168062906D1217A01398900304689
:10227000FAF786F9D0E62046FFF7D0FACCE600BFA1
:10228000A6DC0508C01D060850A20608A8A406087A
:1022900030A90608B5DC0508C3DC0508E8A806086F
:1022A000FCA4060800000140CEDC0508294B03EB26
:1022B000C2030A9A5B680B93531C4FF0010308BFDB
:1022C00000220D93119300230E9312930F931393F7
:1022D00032F002030C92109201D00A2A81D12B69AC
:1022E0001D4A934215D0B3F1804F12D0A2F57C4223
:1022F00093420ED002F5806293420AD002F58062CA
:10230000934206D002F57842934202D02A791349CB
:1023100072E6DA6822F00102DA600BA93046F9F7BA
:10232000E5FE2B6900225A62AA68062A06D06FF0E1
:1023300001021A61DA6842F00102DA6018213046BF
:10234000F9F77AFD68E6064956E6B8F1020F7FF420
:102350006FAE5AE6FCA4060800000140DEDC05086A
:10236000F2DC050838B50C68012865681FD1227AAF
:102370002B69287903EB82031C6B6B79002B4FF6DA
:10238000FF7318BF4FF0FF331C40FFF737FC2B697A
:1023900011499B6A9BB20133B0FBF3F20023A4FB0B
:1023A000010106F029FDBDE83840DFF782B8496831
:1023B0002846FFF7F1FD6268217A53791269002BF4
:1023C00002EB81024FF6FF7318BF4FF0FF3303405B
:1023D0001363062038BD00BF00CA9A3B2DE9F04FB9
:1023E00097B00446084611461A460CAB0193874B3A
:1023F00000930A23DBF752F90C99062914D004F153
:102400001C022046FFF782FC6061109AA26132F044
:1024100010037DD022F04003202B79D0402A77D0C2
:102420007B497C48D9F73BFEDDE90D355E1C04D0C5
:10243000681C6AD06361E561E7E7691C65D02079B3
:102440000F9EFFF7DBFB002D01DD002E02DC724842
:10245000DAF722FC3246F317A5FB000106F0CCFCAC
:1024600094F8059006460F46B9F1000F1BD04FF0C7
:10247000FF3800230393012543F2333A45F2555BBD
:10248000039BB045BB4112D3B9F1000F4FF6FF7368
:1024900006F1FF3618BF4FF0FF33013D1E40ADB2CD
:1024A000E6616561B1E74FF6FF784B46E2E75545D7
:1024B0000CD8052200233046394606F09DFC1A430D
:1024C00006D105EB850506460F46D9E75D450AD8D6
:1024D000032200233046394606F08EFC1A4302D10F
:1024E00005EB4505EFE770086D0040EAC770A842AC
:1024F0004FEA570171F100033CBF06F00106354376
:10250000B5F5803FDFD94548A2E74548DAF79EFD9B
:10251000119B022B57D01A1F534253415B02217962
:102520002362002363620846FFF79AFA05290CD05C
:1025300094F84C303B4A03F07F031344D020012928
:1025400083F8000342D182F81B0304F110063046E1
:10255000F9F79CFD2369344A934203D002F5806267
:1025600093421FD1DDE913571C22002105A8F4F77F
:102570005BFE002D3FDD7F2D05DDFF2D2BDC6D107B
:10258000403D45F080050895002F38D0013F4FF4BD
:10259000805318BF012709937F0305A930460A9786
:1025A000FAF78AF822691299136843F080031360DE
:1025B00006299DF85430237324D13046F9F70BFCDB
:1025C00017B0BDE8F08F4FF48073A8E7082908BF63
:1025D00082F82E03B9E7B5F5007F04DAED10203D4F
:1025E00045F0C005CFE7B5F57C7F06DA2D11203D1B
:1025F00045F0E005C7E70025C5E7FF25C3E74FF431
:102600000057CAE72046FFF7DDF8D9E700A2060821
:10261000F2DC0508C01D060899DC05083DD3050855
:10262000FADC050800E100E0000001402DE9FF4769
:1026300098460D4691464946264A2846DBF700F85B
:10264000D8F80000DBF72AFC421E0D2A07463CD8CA
:10265000214E00F16F0306EB83067468FCB91F4B33
:10266000542053F822A0CDF703FE4E220446002149
:102670000630F4F7D9FD1A4B23601A4A2771062356
:10268000A3602AF0FF03B3F1804F18BF9342236188
:102690000CBF0123002384F84CA063717460012DEA
:1026A00002D8B9F1000F0CD008EB8502494601A809
:1026B000DBF78DF801AB08F10402691E2046FFF735
:1026C0008DFE204604B0BDE8F08702460649074863
:1026D000D9F7E5FCFFFF030040000020C4A4060872
:1026E00018A30608000C00402ADD0508C01D0608D6
:1026F00010B50C4613460A1D411E2068FFF76EFEFA
:10270000062010BDF0B591F849300A7985B005462C
:102710000C462BB93B4905B0BDE8F040B1F716BAFD
:102720000B699E6ADF6A4B79002B10464FF6FF73E8
:1027300018BF4FF0FF331F40FFF760FAB6B27A1CA4
:1027400006FB0222B0FBF2F3A069227900283DD0FB
:102750002D49DFF8DCC0102808BF6146206AB0F5BB
:10276000007F35D0B0F5807F14BF01200220CDE975
:102770000210CDE9006725492846B1F7E7F923693A
:10278000234A934203D002F58062934217D15B6CD7
:1027900019061FD403F07F021E492846B1F7D6F967
:1027A00023695A6CD20428D55B6C1B4A1B4913F46D
:1027B000005F1B4B284618BF1A46B1F7C7F91949E5
:1027C000284605B0BDE8F040B0F70ABE1649C5E797
:1027D0000420CCE703F0C002802A04D103F03F03B9
:1027E00040335A00D8E703F01F0203F0E003203221
:1027F000C02B0CBFD2001201CEE70C492846B1F71E
:10280000A5F9DCE72FDD0508CC96050839DD0508BC
:102810000000014075DD0508B896050883DD050850
:10282000AF96050843E20508869F05088CDD05087C
:10283000A19F050810B50446DBF736FA044B984211
:1028400002D00448DAF728FA04F1100010BD00BFE6
:1028500018A306089ADD0508F8B5431E0D2B2CD8E1
:10286000164B03EB8003D3F8C04134B3A2680021B8
:102870002046FEF787FF0126256D374695B9236967
:10288000DA6822EA060212F0FF0216D0D968D043B5
:1028900021EA0201D960186109490A48BDE8F840F7
:1028A000B1F754B9EA68297A2046FEF76BFF2B7A14
:1028B0002D6907FA03F31E43E0E7F8BD400000204E
:1028C000A0DD05080C0D06084A680149B1F73EB9BC
:1028D000CEDD050810B51C46084611464FF0021221
:1028E000DAF7AEFE2068DBF7D9FA431E032B024667
:1028F00003D904490448D9F7D2FB044A0C2000FB51
:10290000032010BDD6DD0508C01D0608D0A50608A9
:10291000054B0C22013802FB00339B68DA68DB8828
:1029200001B91B0493617047D0A5060870B50A4E23
:102930000425B468E068FEF739FBE388E2681B040D
:10294000936100231A4601212046FEF743FB013D17
:1029500006F10C06EDD170BDD0A50608431E032B71
:1029600001D8FFF7D5BF704708B500790121FFF7FF
:10297000F5FF062008BD08B500790021FFF7EEFF3E
:10298000062008BD0138C3B2032B09D8054B0C2221
:1029900002FB00339B68DA68DB8851694B40536166
:1029A000704700BFD0A5060808B50079FFF7EAFF19
:1029B000062008BD0138C3B2032B0CD8074B0C22EC
:1029C00002FB00339B68DA68DB885269134214BF4C
:1029D000FF20002070470020704700BFD0A50608E8
:1029E0000029D4BF00210121FFF7B8BF0B680128DF
:1029F00010B51C7906D12046FFF7DCFFBDE810407A
:102A0000DEF73CBD4868DBF749FA01462046FFF790
:102A1000E7FF062010BD00000128044B83BF4A6871
:102A2000C3F8D4200620D3F8D4007047400000201B
:102A30000128044B83BF4A68C3F8D0200620D3F88E
:102A4000D000704740000020C388C2681B04936117
:102A500006207047C368C2889A6106207047808844
:102A6000C00040F002007047007A00F01F004000F4
:102A700040F0010070470089C0F34310400040F06F
:102A800001007047C068400040F001007047007AC4
:102A9000400040F0010070474068C00040F0020074
:102AA0007047C068400040F00100704708B500F072
:102AB00092FA400040F0010008BD08B500F080FA2D
:102AC000400040F0010008BD08B500F065FA400084
:102AD00040F0010008BD0021F8B506460846DFF7C2
:102AE00011FA376905460024737AC3F34303A342FE
:102AF00001D82846F8BD07EB04112846DEF771FF20
:102B00000134F1E72DE9F041002180460846DFF766
:102B1000F9F9B8F80410C90041F002010746DEF7E0
:102B200060FF0C4BDC685B6808340025C3F3DC06EF
:102B3000AE4202D83846BDE8F08154F8043C434523
:102B400004D154F8081C3846DEF74BFF0135083431
:102B5000EEE700BFCCCD060870B586B003AB51F8E8
:102B6000045B01930B4B0093044603230138164684
:102B7000DAF794FD012C02D83368072B06D9039BA2
:102B80009DF814200499284603F01EFE062006B086
:102B900070BD00BF28A606084A680149B0F7D6BF35
:102BA0000ADE050870B58A880D462A490446B0F742
:102BB000CDFF284600F0F0F903280AD80138022892
:102BC00039D8DFE800F002352F0040F25620002609
:102BD00004E0112832D04FF494700126CEF779FA30
:102BE00001462046B0F7FCFB284600F0E9F9012831
:102BF00027D0022805D14FF42C7217492046B0F790
:102C0000A5FF26B3284600F0E6F906460146284609
:102C100000F00BFAC0B9114932462046BDE87040B9
:102C2000B0F794BF0E492046BDE87040B0F7D8BB5E
:102C300040F22710D1E740F21320C8E740F25520B8
:102C4000C5E740F2B222D8E742680649E5E70649FF
:102C5000E9E700BFE1DD050803DE050811DE050830
:102C6000FBDD05081BDE050843E20508012905D048
:102C700002290CD04FF0FF3210467047C3681A6922
:102C80000389C3F34313DA4002F00102F4E7C38877
:102C9000C16812B18B610022EEE71B048B61EBE788
:102CA000012810B5064C05D94868DBF73BFA2070BF
:102CB000062010BD2378002B0CBF0E201E20F8E745
:102CC000BC1F002070B50D4604461146284602225E
:102CD0001E46DAF7B5FC5DB9E36818692389C3F3CA
:102CE0004313D840400000F0020040F0010070BDE6
:102CF0003068DBF717FAE388E26810B193610620C9
:102D0000F5E71B04FAE710B40C460B1D0022411E28
:102D1000206810BCFFF7D6BFF0B58DB00646084658
:102D200011461A4602AB01932A4B00930523DAF7AA
:102D3000B5FC029C032C18D9A4F11103012B14D962
:102D4000254A24F4001393420FD002F580129442D6
:102D50000BD0A2F57022934207D0204B9C4204D0A6
:102D60001F4922461F48D9F79AF90398062807D029
:102D7000DBF794F802280246074602D91A49F1E720
:102D80000027069D6B1C24F0100308BF049D022B36
:102D900006D10D2D04D90F2D02D014492A46E1E7A2
:102DA000F068FEF703F9059828B1DBF7BBF9F38863
:102DB000F26868B19361F388F0680997CDE9073448
:102DC00007A90223CDE90A35F6F7F8F80DB0F0BDF2
:102DD0001B04EFE700A606080000111000002210F7
:102DE00029DE0508C01D060836DE050843DE050895
:102DF00010B50C4613460A1D411E2068FFF78CFFD4
:102E0000062010BD034B0622C3E93422024B0022E8
:102E10001A70704740000020BC1F0020F8B510F069
:102E200003043A4F064615D10268394B9A4211D134
:102E30003B7813B934462046F8BD36493648B0F7DA
:102E400085FE21463046DAF761FF34493248B0F753
:102E50007DFEEFE7324DD5F8D400062827D0314665
:102E6000D9F74AFA0628044621D010F0030503D109
:102E70000268274B9A4202D02A48D9F70DFF3B78C7
:102E8000002BD8D028492448B0F760FE30460121F5
:102E9000DAF73CFF25492048B0F758FE20460021CC
:102EA000DAF734FF1D491C48B0F750FEC3E7D5F8E8
:102EB000D00006280CD0002231460430DAF7B0FCEE
:102EC00030B1446824B13B78002BB4D01849DAE71C
:102ED0001848314600F08DF8044620B13B78002BAD
:102EE000A9D01549CFE71548314600F082F80446CD
:102EF00020B13B78002B9ED01149C4E73046E1F762
:102F0000F5FA104902461048D9F7C9F8BC1F00204D
:102F100030A906084EDE05080C0D060884D9050800
:102F20004000002062DE05087BDE05088CDE050817
:102F300091DE0508CCCD0608A4DE05088CD0060875
:102F4000B4DE0508C2DE0508C01D0608F0B50C4653
:102F50001E46174685B00F4A39462046DAF770FB01
:102F60003068FFF75BFF012C054600D877B106EB10
:102F70008402394601A8DAF72AFC01AB321D611E32
:102F80002846FFF7C9FE284605B0F0BDC068FEF729
:102F90000DF8F8E7FFFF0300C16802890B68C2F370
:102FA00043125200D34003F003035A1E012A05D8EE
:102FB0004A68C188114218BF43F010031846704791
:102FC000C368DA680389C3F343135B0022FA03F092
:102FD00000F0030070470389C168C3F30022083280
:102FE000C3F3421351F822009B00D84000F00F00B9
:102FF000704708B500220430DAF712FC00B14068CF
:1030000008BD30B5447A0369C4F343040020844208
:1030100002D80023184630BD5D7A8D4202D19D7AD8
:103020009542F7D001301033F1E710B50369407ACB
:103030000022C0F34300904202D80023184610BD7E
:103040001C7A8C42FAD001321033F4E738B5C3074A
:103050000C46154605D481070CD10268084B9A42EC
:1030600008D1DAF71BFF012228704223C4E90123AB
:10307000256038BD21460522BDE83840DBF740B960
:103080000424060830B5C20785B004460D4605D4B1
:1030900083070ED102680C4B9A420AD12046DAF718
:1030A000FDFE01462846CEF7FDF80024204605B077
:1030B00030BD062201A92046DBF722F9019BAB6057
:1030C000029B6B60F2E700BF0424060837B5EFF3FC
:1030D000108472B61B4901230A680D6883402B4394
:1030E0000B6084F31088072817DCD2B29AB9164B0C
:1030F0001A6B12F400120ED100921A6B42F40012F5
:103100001A631B6B03F400130093009B0F4B4FF0EB
:10311000FF321A605A6003B030BD12F47F4FFAD10B
:10312000094B1A6B12F48002F5D101921A6B42F42A
:1031300080021A631B6B03F480030193019B044B11
:10314000E5E700BFC01F002000380240C41F002078
:10315000CC1F002007280849D4BF002201220123E8
:103160008B54064A0649116006490A68834022EAE0
:1031700003020A60704700BFBE1F00203C1F0020F2
:1031800089310508C01F0020124B1A8802B310F0C5
:10319000060F1DD1C0F3C0001A5CCAB11A5C01321F
:1031A000D2B2082A1A5413D90B4A0C49126851F8A2
:1031B00020100A400AD11A54094B1A6B18B922F48C
:1031C00000121A63704722F48002FAE701221A54AF
:1031D000704700BFBE1F0020C01F002088A906083E
:1031E00000380240024B186808B1F5F76DBD704712
:1031F000D41F0020024B586808B1F5F765BD704731
:10320000D41F0020024B986808B1F5F75DBD7047E8
:10321000D41F0020024BD86808B1F5F755BD7047A0
:10322000D41F0020024B186908B1F5F74DBD704757
:10323000D41F0020024B586908B1F5F745BD70470F
:10324000D41F0020024B986908B1F5F73DBD7047C7
:10325000D41F0020024BD86908B1F5F735BD70477F
:10326000D41F0020024B186A08B1F5F72DBD704736
:10327000D41F0020024B586A08B1F5F725BD7047EE
:10328000D41F0020024B986A08B1F5F71DBD7047A6
:10329000D41F0020024BD86A08B1F5F715BD70475E
:1032A000D41F0020024B186B08B1F5F70DBD704715
:1032B000D41F0020024B586B08B1F5F705BD7047CD
:1032C000D41F0020024B986B08B1F5F7FDBC704786
:1032D000D41F0020024BD86B08B1F5F7F5BC70473E
:1032E000D41F0020F0B5CD6804469C460B6844F816
:1032F000043B06460F4696460FCD0FC40FCD0FC4B4
:1033000095E80F0084E80F007B68C6F808E073605A
:10331000C6F838C0F0BD00002DE9F0410F46164652
:103320000021602205469846F3F77EFFBFB397F968
:1033300008403246394643462846FFF7D3FF194B2B
:10334000204643F82450FFF7C1FE7A68B6FA86F3A8
:103350005B09C2F3426242EAC312134B134E195D7A
:10336000914215D028461A55F5F704FE2846F5F780
:1033700083FD335D03F07F0303F1604303F5614395
:10338000502283F800233057BDE8F041F5F72ABCFE
:10339000012385F835302846F5F75AFDF3E7BDE8F7
:1033A000F08100BFD41F0020C41F002090A9060890
:1033B00010B5044678B190F90830074AD056F5F7B1
:1033C0001FFC94F90800054B0022BDE8104043F8AB
:1033D0002020FFF7BFBE10BD90A90608D41F002013
:1033E00010B560B190F90810054C4368625CC3F3F6
:1033F000426302F07F029A4204BFFF23635410BD70
:10340000C41F002070B50546066890F908000C46F8
:10341000FFF75CFEEA686B68916A23430B43D16A4D
:103420000B43D1690B43D1680B4391680B43336065
:10343000D2E908321343736170BD70B50468236824
:1034400023F0010323600546FDF7D6FE06462368F8
:10345000DB0704D5FDF7D0FE801B6328F7D90023D6
:1034600023606360212363612846BDE87040FFF755
:103470009FBF000070B590F908400068072C86BF18
:10348000083C0F4D0F4D032C88BF043C4FF006063F
:1034900004FB06F694BF08350C35012C88BF0436B2
:1034A0003D24B4402C60046824F48024046043600C
:1034B0008260C160036843F00103036070BD00BF18
:1034C000006402400060024000F140432DE9F041F9
:1034D000A3F5A84305460E469C0AF5F789F90B4F5C
:1034E00080466B69334201D000200DE0F5F780F98A
:1034F00037F81430A0EB08009842F2D32B6823F081
:1035000001032B606FF06D00BDE8F08116200020F4
:10351000F8B500F14043A3F5A84304469D0AF5F72A
:1035200067F90C4E0746206810F4007004D1236838
:1035300023F0010323600CE0F5F75AF936F8153053
:10354000C01B9842EFD3236823F0010323606FF080
:103550006D00F8BD162000202DE9FF41044604F15E
:103560004046A6F5A846B60A771C1D46FFB20123C1
:103570000846904600971A460621FDF76EFD20B9D1
:103580004FF0FF3004B0BDE8F081012300971A46E8
:1035900006214046FDF761FD0028F1D0214BBDF822
:1035A000282023F81620204B4FF40012196AB2404D
:1035B00011431962196A21EA02011962196C0A435E
:1035C0001A641B6C0393039BF7F782FC00222260B2
:1035D000164BB0FBF3F36360A260E260144A154936
:1035E000AA4228BF2A468D4200F1FF300BD8520074
:1035F000B0FBF2F00130042838BF0420E061013351
:1036000023620020BEE719214A43B0FBF2F00130EB
:1036100040F4404003EB43030A22E061B3FBF2F3C2
:10362000EDE700BF162000200038024040420F00A6
:10363000801A0600A0860100F8B51E4603689DF8B2
:1036400018C00D46D9070446174613D48369DA0714
:1036500010D52A4900F14043A3F5A8430A6A9B0A02
:103660004FF4001000FA03F31A430A620A6A22EACE
:1036700003030B6215B1BCF1000F3BD0C4F808C0C6
:10368000236843F001032360236843F480732360BD
:1036900001212046FFF718FF10B16FF06D00F8BD53
:1036A00045EA4707276140F202412046FFF70CFF39
:1036B0000028F2D163695B0509D5236843F40073E0
:1036C00023602046FFF724FF6FF01200E7E72DB1DB
:1036D000012E236804D823F480632360A369DEE706
:1036E000022E04D143F4006323602368F3E743F41C
:1036F0008063F2E76FF01500D1E700BF00380240A9
:103700002DE9F04104460D4698461AB96FF01500B0
:10371000BDE8F081012BF9D0D718012F14D103682F
:1037200043F4007303604021FFF7CEFE10B16FF049
:103730006D00EDE723692B70B8F1000F24D120460E
:10374000BDE8F041FFF7E4BE8E1804212046FFF7E4
:10375000BBFE0028EBD1022F08D1236843F400738D
:10376000236023692B7023696B70E5E7032F02BF89
:10377000236823F480632360236905F8013BB54285
:1037800007F1FF37E1D1D7E70020C1E72DE9F0418C
:1037900088464FF49061054617461E46FFF794FE93
:1037A000044628B16FF06D042046BDE8F081013475
:1037B000BC420CD018F804302B6140F2044128467A
:1037C000FFF782FE0028EDD16B695B05EFD5002E77
:1037D000EAD1AB68002BE7D02B6843F400732B6071
:1037E0002846FFF795FE002818BF6FF06D04DBE751
:1037F00008B500F00703022B05D082070AD1026842
:103800000B4B9A4206D1E0F771FE0A4902460A487C
:10381000D8F745FCDAF742FB431E062B024603D8D5
:1038200006230341DB0701D40449F0E708BD00BFCC
:10383000042E0608CDDE0508C01D0608D8DE0508E2
:10384000044B1B78DB0702D5034800F03EB801208B
:1038500000F0FCBB1420002000540040044B1B78F7
:10386000DB0702D5034800F030B8012000F05EBC51
:103870001420002000540040044B1B789B0702D505
:10388000034800F022B8022000F0E0BB1420002022
:1038900000580040044B1B789B0702D5034800F0FA
:1038A00014B8022000F042BC142000200058004050
:1038B00040F204734900436041F480410023816079
:1038C000C36040F201430360704738B545694369FE
:1038D00023F45F4343616B05044601D5E9F7AAFA77
:1038E000A80706D56569A1692046C1F38001E9F7FB
:1038F000D1F9290602D52046E9F758FA6A0602D519
:103900002046E9F7E9F9EB060BD56369236823F450
:10391000806323602046E9F73BFA236843F4806321
:10392000236038BD70B504460D46F4F761FF0646C6
:103930002046F6F7CCFF202801D1002070BDF4F717
:1039400057FF801BA842F3D30320F7E74368DB68E7
:10395000FE2B70B5064602D00C48D9F777FB002144
:103960000846DEF7CFFA102405467068C823012206
:10397000A1B2F6F7B3FE20B944F001012846DEF704
:1039800030F80234F02CF0D1284670BDE3DE050893
:103990004368DB68FE2B70B5064602D00A48D9F7AB
:1039A00055FB0846DAF77AFA4400A4B20A25706893
:1039B000C8230A222146F6F791FE18B1013DF6D13F
:1039C0000E2070BD1E20FCE7E3DE05080268536888
:1039D000D069D269120454BF054A49F6404203F047
:1039E0003F035343C0F30B00B3FBF0F0704700BF3D
:1039F00020A1070010B504464868144A03689342A2
:103A00000ED013495A1A51425141490090F83D20B5
:103A100042B90A4620460F49BDE81040B0F796B8B3
:103A20000121F3E7C268FE2A09D1FFF7CFFF0A465A
:103A3000094903462046BDE81040B0F787B89B68A7
:103A40000A46C3F346030549F4E700BF00540040AB
:103A500000580040F5DE0508FDDE050822DF0508F8
:103A6000034B044A1A60044B02F580621A607047E7
:103A7000742000200054004020200020F0B5304B7E
:103A8000984285B0054639D1002302932D4B2E4E26
:103A90001A6C2E4842F400121A641B6C03F40013D3
:103AA0000293029B0124E7B2012300220621009722
:103AB000FDF7D3FA00970123002206213046FDF7D7
:103AC000CCFA2846F5F732FD002835D1204B1422D8
:103AD000013C02FB0434A068FFF782FCE068FFF7BA
:103AE0007FFC2B681B4A93421BD11F20F5F77AF805
:103AF0002020F5F777F8002005B0F0BD164B98426E
:103B000017D1002303930F4B144E1A6C144842F440
:103B100080021A641B6C03F480030393039B02244A
:103B2000C1E7104A9342E6D12120F5F75BF8222045
:103B3000DFE76FF01500DFE76FF00400DCE700BFA0
:103B40007420002000380240ACD70608C0D7060811
:103B500004AC060800540040202000205CD7060872
:103B600070D706080058004010B50446F5F751FD1F
:103B70002368174A934214D1164B1A6A42F4001272
:103B80001A621A6A22F400121A621A6C22F40012E3
:103B90001F201A64F5F734F82020BDE81040F5F72F
:103BA0002FB80D4A934211D10A4B1A6A42F480028F
:103BB0001A621A6A22F480021A621A6C22F48002D3
:103BC00021201A64F5F71CF82220E6E710BD00BF9B
:103BD00000540040003802400058004038B5044608
:103BE000322523689B699B070CD50120FDF7D2FA8B
:103BF000013DF6D12046FFF7B7FF2046BDE838402B
:103C0000FFF73CBF38BD00002DE9F043A7B009AB7A
:103C100051F8045B01932F4B009301380523D9F72A
:103C20003DFD6B68DB68FE2B02D02B48D9F70EFAFE
:103C3000099805AA06A9FFF709FA0D9B0A9C68686E
:103C4000BDF82C60082B2B691B784FEA4404A4B202
:103C500014BF1027012723B3EFF31088B8F1000F2A
:103C60001FD10DF138090346A96840224846FFF7E5
:103C700053FB6868BDF81C30C0E90D980193069BA2
:103C8000009321463B463246F6F7E4FB044620B952
:103C90000C996868FFF746FE0446A868FFF788FBA2
:103CA0000CE00C9B0293BDF81C300193069B009323
:103CB00021463B463246F6F73FFA04462CB1686887
:103CC000FFF78CFF2046FDF701F9062027B0BDE87D
:103CD000F08300BFA0AB0608E3DE05082DE9F0473E
:103CE000A6B009AB51F8045B0193314B0093013846
:103CF0000523D9F7D3FC6B68DB68FE2B02D02D4877
:103D0000D9F7A4F9099805A9FFF7BCF90D9B0A9CFE
:103D1000BDF82C80082B2B691B784FEA440406461B
:103D2000A4B2686814BF4FF010094FF0010913B333
:103D3000EFF31087FFB90DF1380A0346E9683A46F8
:103D40005046FFF7E9FA6868BDF81830C0E90D7A07
:103D50000193079B009321464B464246F6F70AFC27
:103D6000044620B90C996868FFF7DCFD0446E86852
:103D7000FFF71EFB0CE00C9B0293BDF8183001937B
:103D8000079B009321464B464246F6F763FA0446EA
:103D90002CB16868FFF722FF2046FDF797F81EB99F
:103DA00005A8DFF7A9FF0646304626B0BDE8F08734
:103DB000A0AB0608E3DE05082DE9F041A2B003AB95
:103DC00051F8045B01932D4B009301380323D9F77D
:103DD00065FC039806A9FFF755F92B691C78064680
:103DE0006CB1EFF31087A7B90DF128086B68E9688B
:103DF0003A464046FFF790FA6B68C3E90D78686869
:103E0000C368FE2B26D10499FE2904D11C48D9F79A
:103E10001DF90024F3E74900089ABDF81C3089B267
:103E20005CB9059C0094F5F7DFFC0446ECB16868CA
:103E3000FFF7D4FE2046FDF749F8F6F71BF80446D5
:103E400020B905996868FFF76DFD0446E868FFF73B
:103E5000AFFAEBE70899BDF81C201CB9059BF5F7F4
:103E6000CDFEE2E7F6F7F6F8E9E71EB906A8DFF7B8
:103E700043FF0646304622B0BDE8F081E0AA0608BE
:103E800047DF0508F0B5A3B004AB51F8045B01931C
:103E90002B4B009301380323D9F700FC049803AAA5
:103EA00007A9FFF7D3F82B691C7864B1EFF31086EC
:103EB000BEB90AAF6B68A96840223846FFF72CFAF2
:103EC0006B68C3E90D766868C368FE2B2AD1059933
:103ED000FE2908D114B1A868FFF76AFA1948D9F782
:103EE000B5F80024EFE74900079ABDF8203089B201
:103EF0005CB9069C0094F5F7A5FB0446ECB1686834
:103F0000FFF76CFE2046FCF7E1FFF5F733FF0446B0
:103F100020B906996868FFF705FD0446A868FFF711
:103F200047FAEBE70799BDF820201CB9069BF5F787
:103F3000B9FDE2E7F6F71EF8E9E7062023B0F0BD89
:103F4000C8AA060847DF050808B54068FFF70CFE59
:103F5000062008BD10B588B00446084611461A462A
:103F600003AB0193174B00930523D9F797FB039BF2
:103F7000606813B3049B5B00DBB2059AC360124B0D
:103F80009A42D4BF426043609DF818204FF48043AA
:103F90008360036192010023C0E90632436103623A
:103FA00023699DF81C201A70FFF7DEFD6068FFF79B
:103FB00065FD20B14042D9F793F8FE23DDE708B054
:103FC00010BD00BFA0AA0608801A0600F0B51E4664
:103FD0000D46174685B00F4A0F4C39462846D9F78B
:103FE0002FFB3068FFF704FC14230138012D03FB7D
:103FF000004400D85FB106EB8502394601A8D9F725
:10400000E6FB01AB321D691E2046FFF7A3FF2046E9
:1040100005B0F0BDFFFF030004AC060810B50C4668
:1040200013460A1D411E2068FFF794FF062010BDAD
:1040300038B5054D0424686808B1FFF795FD013CCB
:1040400005F11405F7D138BD04AC0608012882B08B
:1040500018D0022814D1314A1368596911F0011F90
:1040600012D092F83D10526C212916BF42F0010285
:1040700002F0FE02D2B21A615A6842F400625A603B
:1040800002B07047264AE7E7586926490140F1B176
:1040900092F83D10222906D1518D012907D11A68C5
:1040A00022F480621A609B690193019BE8E7528DBC
:1040B000022A07D11A6822F480621A601A6842F450
:1040C00000621A605A6842F480525A60EBE75869FD
:1040D000154901400029D3D092F83D102129CFD1B4
:1040E000518D41B1516A481C506209781961538D54
:1040F000013B5385C4E7596821F4E0615960D16AF6
:1041000001291EBF196841F400711960002382F86B
:104110003E30202382F83D30B2E700BF202000204F
:10412000742000200200010004000100012831D0A9
:1041300002282ED1184B1A6818485169014206D03E
:10414000186C40F0010018646FF48070506111F435
:10415000813F06D0186C40F0020018646FF40070C4
:10416000506111F4823F0AD0186C40F004001864CA
:10417000106840F4007010606FF48060506111F4BA
:10418000843F06D0196C41F0080119646FF4006394
:1041900053617047024BCEE7202000200001010050
:1041A000742000200368054A934201D1F6F790BEBF
:1041B000034A9342FAD0F6F7A3BE00BF003800408E
:1041C000003C004070B506460D461446EFF31083E0
:1041D00072B696F85120012A03D183F3108800208B
:1041E00070BD30BF83F31088F4F702FB401BA04280
:1041F000ECD30320F4E70000034B044A1A60044B9D
:10420000A2F578421A60704720210020003001405A
:10421000C820002008B500F00703022B05D0830753
:104220000AD102680B4B9A4206D1E0F75FF90A49BE
:1042300002460A48D7F733FFD9F730FE431E052B55
:10424000024604D80C214B430549CB580BB905490C
:10425000EFE708BD042E06084FDF0508C01D06085D
:1042600054AC06085ADF05082DE9F8431F464B1CDD
:10427000DDE908850A9E046891460AD1B2F1FF3F44
:104280000BD02046FFF78EFF09F1FF310144B1FB4F
:10429000F9F102291DD80023E361781C04D0003F06
:1042A00018BF01277F002761B8F1FF3F04D0B8F1A4
:1042B000000318BF01236361691C05D0A5F110023A
:1042C00055425541ED02E560731C18BF2662BDE8FA
:1042D000F883042901D80823DEE7082901D8102330
:1042E000DAE7102901D81823D6E7202901D820239E
:1042F000D2E7402901D82823CEE7802994BF302374
:104300003823C9E72DE9F04389B007680DF110089B
:10431000102206460D4640460021F2F785FF3B6815
:10432000344A93423CD1344B0493344B0593344B81
:104330000693344B079300230293334B5A6C42F499
:1043400080525A645B6C03F480530293029B3B6976
:104350002E4C002BA6EB04042D4B4FEAA40403FBC8
:1043600004F404F1010414BF4FF001094FF00209F5
:1043700085F00105E4B258F8250000282DD101355B
:10438000042DF8D13846F7F75DF8044600282DD102
:104390007068FFF725F8B068FFF722F8204604E0C0
:1043A0001C4A934204D06FF0150009B0BDE8F083B9
:1043B000194B0493194B0593194B0693194B07930B
:1043C00000230393104B1A6C42F480421A641B6C56
:1043D00003F480430393039BB9E7009404234A4604
:1043E0000221FCF73AFE0028C9D1DCE76FF0040097
:1043F000DBE700BF0030014014D9060800D90608E9
:10440000ECD80608D8D806080038024054AC060894
:10441000ABAAAAAA0038004048D7060834D7060835
:1044200020D706080CD7060810B504682046F7F711
:1044300045F82368134A934211D1134B5A6A42F448
:1044400080525A625A6A22F480525A625A6C22F49A
:1044500080525A642320BDE81040F4F7D1BB0B4AC8
:1044600093420ED1084B1A6A42F480421A621A6AC9
:1044700022F480421A621A6C22F480421A642420C8
:10448000E9E710BD0030014000380240003800402C
:1044900038B5064C0625236813B12046FFF7C4FF44
:1044A000013D04F10C04F6D138BD00BF54AC060840
:1044B0002DE9F04FB5B00446DDF8F88000680D46F0
:1044C00017461E46002B3ED1012903D0EFF310837F
:1044D000012B0CD14346AAB23946F7F705F88346BB
:1044E000BBF1000F00F0BE805846FCF7EFFC0DF169
:1044F00070090346616848464022FEF70DFF2368B5
:10450000C3E91296F4F774F94FF6FF7982464D45E8
:104510002E4628BF4E462068B2B23946F7F706FA53
:10452000834648B9206842465146FFF74BFE834612
:1045300030B9AD1B3744EAD16068FEF739FFCFE7E9
:104540004FF0030BF8E7002A46D1012903D0EFF31F
:104550001083012B05D14346AAB23146F7F74EF935
:10456000BDE74368B3F5827F07D104AF03466168B6
:1045700038464022FEF7D0FE206887641CAF034611
:10458000A16800223846FEF7C7FE2368DF64F4F70F
:104590002FF94FF6FF7982464D452F4628BF4F46EB
:1045A0002068BAB23146F7F789FA834648B92068DD
:1045B00042465146FFF706FE834650B9ED1B3E4486
:1045C000EAD12268926C12B16068FEF7F1FEA06831
:1045D000B3E74FF0030BF4E7012903D0EFF31083A7
:1045E000012B07D1CDF80080ABB232463946F7F740
:1045F00021F874E70DF1100903466168484640222E
:10460000FEF78AFE2368A168C3F848900DF170098F
:1046100000224846FEF780FE2368C3F84C90F4F76A
:10462000E7F84FF6FF7A03905545A94628BFD146D3
:1046300020681FFA89F332463946F7F7CBF98346EB
:104640000028C1D1039920684246FFF7BBFD83468D
:1046500028B9B5EB09054F444E44E5D1B4E74FF016
:10466000030BB1E735B0BDE8F08F00002DE9F34151
:104670000C682D4B174622689A4205464CD003F52C
:1046800080639A420CBF0322012228492846AFF7D3
:104690005DFA94F85130002B37D06368B3F5827F10
:1046A0003CD1E6692046FFF77DFDF608013620FA89
:1046B00006F81FB11E492846AFF748FA1D49424681
:1046C0002846AFF743FA2FB101221B49B2402846D2
:1046D000AFF73CFAE168D4E90423002914BF1021A4
:1046E0000821003B18BF0123003A009118BF0122A6
:1046F00012492846AFF72AFAA36AB3F5005F04D13E
:10470000E26A0F492846AFF721FA0E49284602B05F
:10471000BDE8F041AEF764BE0222B6E70A4928467A
:10472000AFF714FAD6E700BF0038004065DF050890
:104730006CDF05087DDF05088BDF0508ABDF0508AA
:10474000CCDF050843E205089ADF050810B588B0FC
:1047500003AB51F8044B01930A4B00930138022339
:10476000D8F79CFF039802AA05A9FEF76FFC049BEB
:1047700000936068DDE905210023FFF799FE06201C
:1047800008B010BDF4AC060813B501F16404009440
:104790004068FFF78DFE02B010BD000030B591B04B
:1047A00003AB51F8045B0193204B009301380323C2
:1047B000D8F774FFDDE90303984206AC19D121460E
:1047C0000722D9F79DFD94E8070009AB83E80700AD
:1047D000039C059B0093DDE90621099B6868FFF7B0
:1047E00067FE1CB90CA8DFF787FA0446204611B013
:1047F00030BD214602AAFEF729FC049C44B9079962
:104800000CA8CCF74FFD0D9B0A930E9B0993E0E794
:10481000062209A92046D9F773FD0A9A079B9A42F6
:1048200002D00348D8F738FA049CD2E714AD060842
:10483000D7DF050830B589B002AB51F8045B0193AE
:104840000D4B009301380223D8F728FF04A90298E2
:10485000FEF718FC039B00930446069B05996868C5
:104860000022FFF725FE1CB904A8DFF745FA04462D
:10487000204609B030BD00BF04AD060808B5406849
:10488000FFF7D2FD062008BD49680122FFF7EEBE02
:1048900030B591B00546084611461A4605AB01935E
:1048A0001B4B00930B23D8F7F9FE6868059B04683F
:1048B00063600D9B02930B9B0193099B0093DDE9C1
:1048C0000621089BFFF7D0FC0A9BA3600C9B0F9866
:1048D000A3619DF8383006284FEA031363620ED1B6
:1048E0000020A062A169E062B1F5007118BF01214A
:1048F0006868FFF707FD40B14042D8F7F1FB4FF47D
:104900000053A362D9F7CAFAECE711B030BD00BF7B
:104910009CAC0608F0B50D461E46174685B00F4AFA
:104920000F4C39462846D8F78BFE3068FFF772FCEB
:10493000012D00F1FF3004EBC00400D85FB106EB9D
:104940008502394601A8D8F742FF01AB321D691E26
:104950002046FFF79DFF204605B0F0BDFFFF030096
:104960001CAE060810B50C4613460A1D411E2068F1
:10497000FFF78EFF062010BD09B9C08B70470129D3
:104980000CBF808B00207047F8B506460F461446D2
:10499000F3F72EFF054673681B683B4208D10CB93C
:1049A0000020F8BDF3F724FF401BA042F3D3F7E744
:1049B0000120F6E7704706280AD8032804DC0128FE
:1049C000D4BF002001207047831F584258417047D0
:1049D000002070472DE9F04FA1B0044603919346A3
:1049E0000021102208A89A462B9EF2F71DFC654B69
:1049F0000FCB0CAD85E80F00237A032B00F08280EB
:104A0000062B00F09F80022B40F0BA805E4A08928D
:104A100016F4807F5D4A09925D4ADFF8988108BFED
:104A2000002216F4007F0A925A4A08BF00220B9215
:104A300000220592584A116C41F400311164126C45
:104A400002F400320592059A2627DBB208AD4FF03A
:104A500000090293286850B1029B00930CAA02231C
:104A600052F829201946FCF7F8FA002847D009F136
:104A70000109B9F1040F05F10405EBD1242200214D
:104A8000C4F8048017A8F2F7CFFB039BCDF8408051
:104A9000CDE9113B2A9B10A8CDE9133A0C23CDE9AF
:104AA0001536F7F75CFF6368DA6822F4F872DA60AB
:104AB0001A6922F040021A615A6922F4806222F0D7
:104AC00001025A6107F1604303F56143102283F844
:104AD00000233846F4F786F8BBF5805F46D1BAF17B
:104AE000000F49D0FF210022637AA18143F0060321
:104AF00063720023A372E272A3832362012021B0B8
:104B0000BDE8F08F254A089216F4807F244A099266
:104B1000244ADFF8A48008BF002216F4007F0A921E
:104B2000214A08BF00220B92002206921A4A116CF9
:104B300041F480211164126C02F480220692069ADC
:104B4000272782E7194A0892194A099200220792F8
:104B5000114ADFF86880516C41F020015164526CB9
:104B600002F020020792079A47276EE7BAF1000F7A
:104B70000CBFFF217F21B6E740F2FF110122B3E70E
:104B80000020BCE768AE06083CD9060828D906080C
:104B900050D9060864D906080038024018D506081E
:104BA00004D50608C8D40608DCD4060880D6060852
:104BB0006CD6060800440040004800400014014044
:104BC000F0B5878B8FB10B4B00255A88940607D41C
:104BD000174205D042681C88D66839B13443D46086
:104BE0000135052D03F10403EFD1F0BD26EA0404DD
:104BF000F5E700BF54AE060810B50C460021FFF7DC
:104C0000DFFF84830121FFF7DBFF002010BD0023BD
:104C10008382C382436882614182DA6819B922F0D3
:104C20002002DA60704742F02002FAE708B5437AC2
:104C3000426823F002034372D36823F40053D36025
:104C4000037A013B042B14D8DFE803F00314253565
:104C500045002520F3F7D4FF274B5A6A42F0100293
:104C60005A625A6A22F010025A625A6C22F01002FA
:104C70005A6408BD2620F3F7C3FF1F4B1A6A42F49B
:104C800000321A621A6A22F400321A621A6C22F492
:104C900000321A64EDE72720F3F7B2FF164B1A6AC9
:104CA00042F480221A621A6A22F480221A621A6C72
:104CB00022F48022EDE73420F3F7A2FF0E4B1A6AAC
:104CC00042F400221A621A6A22F400221A621A6C52
:104CD00022F40022DDE73520F3F792FF064B1A6A33
:104CE00042F480121A621A6A22F480121A621A6C52
:104CF00022F48012CDE700BF0038024070B5074EA5
:104D0000062556F8040F30B1437A13F0010402D19E
:104D1000FFF78CFF3460013DF3D170BDD40100205A
:104D200081727047037A012B01D0062B01D1F6F76F
:104D3000E7B8F6F7CDB810B54468FFF7F3FFA268FF
:104D400093B20BB1B0FBF2F3184610BD838AC28A4E
:104D50009B1A02D5428AD018704705BF436818686D
:104D60001846C0F340107047F8B505460E46F3F7F5
:104D70003FFD0746AB8AEA8A9A420DD16B681C68F0
:104D800014F0200408D1F3F733FDC01BB04205D264
:104D90000120D8F7C5FAEDE70120F8BD2046FCE771
:104DA000C28A0346808A5968824230B515D0DC7ABF
:104DB0009869012C5C8A0CBF30F81200805C0132CB
:104DC000B2FBF4F504FB1522DA820B689D0603D5CD
:104DD000CB6843F02003CB6030BD98894A6810400F
:104DE0009A8B940642BFCB6843F02003CB60D30676
:104DF000F2D5CB6843F01003EDE7F8B505460E4653
:104E0000F3F7F6FC07466B681C6814F0800408D1C1
:104E1000F3F7EEFCC01BB04205D20120D8F780FAB0
:104E2000F1E70120F8BD2046FCE72DE9F0470646F2
:104E30000C469146984642B3078AD0F804A07F00FA
:104E400000253A4680213046FFF79EFD00B3F37AF5
:104E5000012B0CBF34F8023B14F8013B05F10105AE
:104E600008BFC3F30803A945CAF80430E9D13A469C
:104E700040213046FFF788FD00280CBF6E23002339
:104E8000C8F800302846BDE8F08715461346F7E716
:104E90006E23F5E707B501ABFFF7C7FF03B000BD11
:104EA00038B5314B03EB8003D3F89441002C51D03B
:104EB00063681968E1838A0630D5608A50B3A28A94
:104EC0000132B2FBF0F500FB1522E08A92B290426B
:104ED00020D01968E1835968A3890B40A17A79B180
:104EE0002249096899420BD1D8F732F9A38BDD0624
:104EF00004D56268D36843F01003D360012516E03F
:104F0000E07AA1690128A08A0CBF21F810300B5467
:104F1000A282EBE7DA6822F02002DA60C80642BF1C
:104F2000DA6822F01002DA600A0714D40025637AE6
:104F3000A28B5B0742BFE38B23F01003E383E38B79
:104F40001A4202D0206AF2F781FD637A45B123F05C
:104F50000403637238BDDA6822F02002DA60E5E704
:104F600043F00403F5E700BF4000002034000020B8
:104F7000064B1A6A42F000721A621A6A22F0007234
:104F80001A621A6C22F000721A64704700380240EC
:104F900070B504460D461646E6F76EFF32462946C2
:104FA0002046BDE8704001F027B82DE9F8430746D8
:104FB0000C4690467ABBCD68CE68C96815F00305EB
:104FC0004FF0020918BF0125C6F3C006C1F3001156
:104FD00008204FF0040C4A462DB1636913EA090F0B
:104FE00014BF0125002576B3636923EA0C036361CE
:104FF000022A4FF008030CBFE3602361E9B1636943
:10500000022A23EA000363614FF0100329D1E36011
:105010004246022113E00D690E69096915F0030586
:1050200018BF0125C6F3C006C1F300114FF01009E7
:1050300040204FF0200C0422CEE7424601213846A2
:10504000FFF7A6FF01E00029D9D165B1636923EA22
:1050500009036361424638460021BDE8F843FFF783
:1050600097BF2361D4E7BDE8F8830B46042110B451
:1050700059609B6913EA010404D00022032110BC8B
:10508000FFF786BF13F0020201D02246F7E7DB07E5
:1050900001D50521F3E710BC7047F0B50468026341
:1050A00004EB0113D3F8800100F00100C3F8800184
:1050B000D2E9020628BBD3F880011568304340EAE4
:1050C0004550C3F880011069D3F8845100F00F00F7
:1050D00025F00F051061C3F88451D3F8845128439B
:1050E000C3F8840104EB01145069C4F88801926983
:1050F000C4F88C21D3F8802142F00102C3F880214A
:10510000F0BDD3F8807155683043384340EAC5009C
:10511000D7E7000002689368D80710B50ED5C3F32F
:1051200040030B700123936000241048824214BF97
:1051300013203F20F3F756FD204610BDDC0507D5B0
:10514000C3F340230B704FF4807393600124ECE7AA
:10515000D80341BFC3F340430B704FF480339360D7
:105160004CBF02244FF0FF34DFE700BF006800406F
:105170002DE9F04F89B08360129B4360139B9DF82B
:105180005820013B1B0603F04073C360149B013B96
:105190001B0403F470230361159B013B1B0503F4FF
:1051A000E003436101294FF00003C0E90723C0E990
:1051B000093304468361C36206D002294ED000251C
:1051C000284609B0BDE8F08F0393354A354B069267
:1051D000354A07921A6CDFF8DC9042F000721A64CC
:1051E0001B6C03F000730393039B132616275FFACF
:1051F00081FB0DF118084FF0000ACDF800B0D8F887
:105200000000072301220221FBF727FF05460028A3
:10521000D6D008F10408BAF1000F3DD0C4F80090D0
:105220002046F8F780FE0028C9D12268536943F46C
:105230000743536107F1604303F56143702483F82A
:1052400000433846F3F7CEFC06F1604303F56143B3
:10525000304683F80043F3F7C5FCB1E7134A0692E2
:10526000134A07920F4A0493106CDFF84C9040F0F9
:1052700000701064106C00F00070049004980593A6
:10528000136C43F080631364136C03F08063059325
:10529000059B3F264227AAE74FF0010AADE700BF72
:1052A00084D706080038024098D7060834D7060885
:1052B00048D70608006400400068004010B5044666
:1052C000F8F7C7FE23681A4A934211D11420F3F766
:1052D00097FC1520F3F794FC1620F3F791FC154B7F
:1052E0001B6C13F0806F21D1BDE81040FFF740BE6A
:1052F000114A93421AD14020F3F782FC4120F3F780
:105300007FFC4220F3F77CFC0A4B1A6A42F0806271
:105310001A621A6A22F080621A621A6C22F08062A3
:105320001A64064B1B6813F4800FDCE710BD00BF46
:1053300000640040003802400068004000E100E0E6
:10534000F5F7C6BD02680029536914BF6FF07001FC
:105350006FF00E010B4053617047000070B5036899
:105360001546154A934206460C4616D1002914BF2D
:105370001520142000F1604303F56143702283F887
:105380000023F3F72FFC31684B6984B9A5420CBFA9
:105390000C220E2213434B6170BD084A934204D184
:1053A000002914BF41204020E4E70020E2E7002D5F
:1053B0000CBF60227022EDE70064004000680040EE
:1053C00000B500238BB0CDE904316946CDE9003347
:1053D000CDE90233CDE90633CDE90832F8F724FDF3
:1053E0000BB000BD2DE9F846056881460F4616460C
:1053F0001C4600293FD10C35F3F7FAF982462B6899
:105400009B073AD0D9F8002002EB0713D3F8B0017C
:1054100000F00400B060D3F8B01100283AD1490D73
:105420003160D3F8B01101F00201F160D3F8B4118A
:10543000D3F8B43102EB0712C3F30723F361D2F8B8
:10544000B83101F00F013161190A23706170190C34
:105450001B0EA170E370D2F8BC3123711A0A62717D
:105460001A0C1B0EA271E3712B6843F020032B6012
:105470000020BDE8F8861035BEE70120D7F750FFC1
:10548000F3F7B6F9089BA0EB0A009842B7D36FF088
:105490006D00EEE7C9087160C3E710B50468636981
:1054A00043F001036361FFF7F8FD002010BD70B504
:1054B0000546F9B1012920D0022140F21C532A6887
:1054C000DBB2906801249C4034EA00001FD0B9B9D7
:1054D00080239360FBF796FE06462B689B6834EAB0
:1054E000030305D0FBF78EFE801BB0F5FA6FF4D3F3
:1054F000012070BD40F21A53E1E740F21B53DEE792
:1055000001290CBF4FF400434FF40003E1E70020F2
:10551000EFE700002DE9F8431E46036801630A46E1
:1055200099684C0105460ED4996808010DD49B6812
:10553000D90032D5022421462846FFF7AEFD36B900
:105540000020BDE8F8830024F5E70124F3E7F3F732
:105550004FF9DFF85080DFF8509007462B6810496C
:105560009A6894B931EA0202EAD0721CF8D0F3F7D3
:105570003FF9C01BB042F1D921462846FFF797FFFB
:1055800000280CBF00200320DBE7012C02D139EA00
:105590000202E9E738EA0202E6E70220D1E700BFAB
:1055A00003000004000003100003000890F83C30E2
:1055B00043B103689B69590706D49A0706D403F0E0
:1055C00001030133184670470423FBE70323F9E77F
:1055D00000688369C3F307420A6082681B0E4B6050
:1055E000120E084B02F01C02134103F00F038B60F4
:1055F000C36803F00303CB60036903F003030B618B
:10560000704700BF231212010268536923F001039F
:105610005361704703681A6842F001021A605A68C1
:10562000D107FCD51A6822F001021A605A68D20725
:10563000FCD47047024900220120FFF7B6BC00BF2E
:1056400000640040012202491046FFF7AEBC00BFD3
:105650000064004001490120FFF707BD00640040DD
:1056600008B51320F3F7CCFABDE808400621012065
:10567000E6F702BC024900220220FFF796BC00BFF9
:1056800000680040024901220220FFF78EBC00BFE3
:105690000068004001490220FFF7E7BC00680040B5
:1056A00008B53F20F3F7ACFABDE808400621022018
:1056B000E6F7E2BB2DE9F0410C4F97F80080054674
:1056C000002444450ADB05F11800FFF7F7FD6B7B6A
:1056D00023F001036B730620BDE8F08121463A7880
:1056E00005F11800FFF76CFE0134EAE738000020EE
:1056F000F8B5074608461646D8F7D0FB10F0FF0469
:105700000CBF3D1D07F10805062E07D1214607F104
:105710001800FFF717FE2E600620F8BD2B68062B39
:10572000F9D13046D8F73EFB0028F5D02E60012293
:10573000214607F11800FFF711FEEDE72DE9FF41C3
:105740000746D1E900600D469046D8F7A7FB03ABAA
:1057500001930C4B00930446424605F10801B81E24
:105760000123D7F79BFF084B1A78337B022B08BF26
:10577000A41806F118002146FFF722FE062004B007
:10578000BDE8F08130AF0608380000202DE9F04375
:1057900097B006AB51F8046B0193AF4B00930138FF
:1057A0000623D7F77BFF099805AA02A9D8F71EFCA4
:1057B0000A9818B104AA03A9D8F718FC079B012B73
:1057C00000F20A81029A042A7FD1002213929DF8E6
:1057D0002C200A9F002A00F0A480002F00F09D805A
:1057E000049A1068002B73D1D8F758FB049BB0F1D2
:1057F0000009586818BF4FF00109D8F74FFB051E84
:1058000018BF012502274FEA49096D00B846059BDC
:105810001868D8F743FB059B44131868D8F73EFB7C
:1058200004F4C064C0F3C230059B044344EA090495
:10583000586844F008040D94D8F730FB059B4413D6
:105840005868D8F72BFB04F4C064C0F3C230059B42
:10585000044344EA0804986844F008040F94D8F715
:105860001DFB059B44139868D8F718FB04F4C0642B
:10587000C0F3C230059B04432C43D86844F00804AD
:105880000C94D8F70BFB059B4513D868D8F706FB9B
:1058900005F4C065C0F3C23045EA00043C4344F05F
:1058A0000804079B0E94002B40F091800023129374
:1058B000327B089B1093012A069B6849119340F0A4
:1058C000E3800A789342C0F0E7806548D7F7E4F9AF
:1058D000D8F7E4FA049BB0F10009586818BF4FF0FC
:1058E0000109D8F7DBFA049BB0F10008986818BFEB
:1058F0004FF00108D8F7D2FA049B051ED86818BFEC
:105900000125D8F7CBFA071E18BF01274FEA49092E
:105910004FEA48086D007F0079E73D46B846B94632
:1059200075E7002F4FD0049A106863BBD8F7B6FA1A
:10593000049B003818BF01204FEA00185868D8F7B8
:10594000ADFA051E18BF012510242D012746059B21
:105950001868D8F7A3FA059B48EA40100D905868DC
:10596000D8F79CFA059B47EA401798680F97D8F735
:1059700095FA059B45EA4015D8680C95D8F78EFA3C
:1059800044EA40148DE7D8F789FA049B003818BF21
:1059900001204FEA00185868D8F780FA049B071EC8
:1059A000986818BF0127D8F779FA049B051ED868B4
:1059B00018BF0125D8F772FA041E18BF01243F0151
:1059C0002D012401C3E73C463D46B846BFE7012B05
:1059D0007FF46EAF01236AE79A1E012A3FF675AF86
:1059E000029C022C7FF471AF012213920A9A002AC2
:1059F00047D0049A022B106834D1D8F74FFA0038F8
:105A000018BF01204500059B1868D8F747FA059B89
:105A1000C0F34F300C901868D8F740FAC3009BB21F
:105A20002B4343F004030D93059B5868D8F736FACF
:105A3000059BC0F34F300E905868D8F72FFAC3007B
:105A40009BB2234343F004030F93079B022B3FF4C5
:105A50002DAF032BBCE700BF00AF060838000020C5
:105A6000EBDF0508D8F71AFA049B003818BF0120AD
:105A700045005868D8F712FA041E18BF01246400C4
:105A8000C1E714461546BEE7022A12D10A7813442C
:105A900011931B2B3FF619AF0123149306F1180045
:105AA0000B7815930CA9F8F7BFF9062017B0BDE8DD
:105AB000F0830D2BEEE700BFF0B58FB002AB51F8CD
:105AC000044B0193474B009301380323D7F7E6FDBE
:105AD0009DF80870012F02D90020D7F7B7FA049B70
:105AE000009304F118050AAB05AA39462846FFF7CA
:105AF00079FC002802DA4042D7F7F2FA099E47BB48
:105B00006368062B33D103980521DCF725FA039B44
:105B1000C4688342054643D031460AA8DEF71EF921
:105B20002061079A002A53D1059B5B0043F00103D3
:105B30000E22C4E90032089B022B14BF0E231E2341
:105B4000A3600C9B5B0043F001032846E3600FB0A9
:105B5000F0BDA368062BD6D0A369E07B1B6913F0C8
:105B600003030CBF0122002204F10F0109E0A36925
:105B7000A07BDB6813F003030CBF0122002204F1B9
:105B80000E01012805D00238012804D801230B702A
:105B900001E0002BFBD039462846FFF7DFFBB2E7D8
:105BA000236913F0030097D119680F4A914293D1EA
:105BB0001A79812A05D042F02002E22A01D0D7F7D3
:105BC0006BF8D8689E6032460AA9F1F7E3FAA8E7B5
:105BD000069B042A4FEA430343F0010314BF0E223D
:105BE0001E22A6E7E8AE0608E019060810B592B036
:105BF00006AB51F8044B01931D4B0093013805236C
:105C0000D7F74CFD02AA069803A9FDF71FFA049ADC
:105C1000082A02D91748D7F73FF89DF82810079BA4
:105C20000F92C1B123F060430C9304219DF82430FE
:105C30000D915B000E93039B0DF13F011A449342BB
:105C40000DD1089B10AA0BA904F11800FFF762FC04
:105C500050B1FBF73BF9C3F30A030B93E6E713F8E4
:105C6000010B01F8010FEAE7062012B010BD00BFDA
:105C7000C0AE060802E0050830B5012887B00D68FF
:105C80008CBF486806200821DCF766F901A90446A4
:105C900005F11800FFF79CFC019BE2685B0043F0F4
:105CA00001031360029BE2685B0043F00103536051
:105CB0002B8AE2685B0043F0010393606B8AE26821
:105CC0005B0043F00103D360AB8AE2685B0043F002
:105CD00001031361039BE2685B0043F0010353611E
:105CE000049BE2685B0043F001039361059BE2685B
:105CF0005B0043F001032046D36107B030BD08B517
:105D0000437B13F0010302D11846D6F7C5FF1830C4
:105D1000FFF780FC062008BD032910B516D112F04C
:105D2000010308D08169CC68A40704D10B6913F082
:105D3000030318BF0123520706D58269926812F047
:105D4000E05F01D043F00403184610BD16221A602C
:105D50004FF0FF33F8E700004B7BDB0737B50A7BDA
:105D600005D4144903B0BDE83040ADF7EFBE0C6A6E
:105D7000B4F1804F18D0B4F1004F18D040F24B234B
:105D800040F20935002C18BF2B468969096811F0CB
:105D9000400F40F2623108BF4FF4F07100910649A4
:105DA000ADF7D4FE03B030BD40F23923EDE74FF438
:105DB0004273EAE70FE0050817E0050808B5437BE2
:105DC000DB0706D51830FFF7F1FB400040F001007B
:105DD00008BD0120FCE700002DE9F04F93B0044618
:105DE000084611461A4609AB0193384B0093092324
:105DF000D7F754FC4422002104F11800F1F714FAFB
:105E0000DDF83C80B8F1000F2ED0109DFFF798FA16
:105E10000A236B4301214FF47A7EB8FBFEFB01EBB2
:105E20004102012606E00137082F8C4408D1102ECC
:105E30000A4435D0079601360EFB06FA9446012730
:105E4000B0FBFCF5B8EB050548BF6D42AB45EAD9A0
:105E5000F519BAFBF5F55D1B48BF6D42042DE2DC78
:105E6000079B0A91CDE90C37194B119A1A709DF8CE
:105E7000383004930D9B03930C9B02930B9B01936F
:105E80000A9B0093099B217B1B01002204F118004F
:105E9000FFF76EF980B9227B0E490F48D6F7FFF85D
:105EA0000131B1F5806FBAD10A220C49B3FBF2F38C
:105EB00009484246D6F7F3F8637B43F00103637366
:105EC00000232361A38213B0BDE8F08F78AE0608EB
:105ED0003800002056E00508C01D060838E0050817
:105EE0002DE9F04398460D46914685B0224A234E4F
:105EF00049462846D7F7A4FBD8F80000E6F716F87D
:105F000000F16E0306EB83060746746854BB1C4918
:105F10005C20D7F7BCFE437B013723F001030773F6
:105F2000437304467060637BDB0702D52046FFF7AE
:105F3000C1FB0623C4E90133012D4FF00003E381C7
:105F400002D8B9F1000F12D008EB8502494601A82A
:105F5000D7F73DFC01AB08F10402691E2046FFF7AC
:105F60003BFF04E0637BDA07DDD5012DDBD820465B
:105F700005B0BDE8F08300BFFFFF03004000002034
:105F800038AF060810B50C4613460A1D411E20689E
:105F9000FFF722FF062010BD10B504460846D7F7CC
:105FA0007DFFC0B2A36938B9DB6803F00303002B9F
:105FB0000CBF0E201E2010BD1B69F6E7024B00220D
:105FC000C3E96F22704700BF4000002010B5094CA4
:105FD000D4F8BC0120B1FFF76DFB0023C4F8BC313D
:105FE000D4F8C00120B1FFF765FB0023C4F8C0312D
:105FF00010BD00BF400000202A4BF0B503EB80032A
:1060000093B0D3F8B8410D46164664B3D4E90137CE
:106010004AB904F10E021F46052D24D8DFE805F029
:106020002D062F20252904F10F02F5E70223062F64
:10603000137018D0D7F794F8CAF70EFA6846CAF763
:10604000D7F8F0B96A0042F0010221463846D6F787
:106050005CF9CAF7A3F8CAF707FAD7F797F802E08E
:10606000A38A0133A38213B0F0BD638A0133638234
:10607000F9E7238A01332382F5E70123D7E70323D6
:10608000D5E77100062241F001012046FFF730FB01
:10609000227B05490548ADF759FD01990348D7F71B
:1060A0003DFED8E74000002065E005080C0D06081D
:1060B00008B5CAF7E9F9F1F74BFCF1F7DBFFBDE8EA
:1060C0000840CAF75DBA00002DE9F84FB0F8069015
:1060D000DFF8B0C0D0F80C800F460D1F27491446DA
:1060E0001E464FEA094A00204FF47A7E41F6573B9C
:1060F00055F8043F0A68B2FBFCF253435B45B3FB1F
:10610000FEF288BF063AC3072A6001D40130EFE7E8
:1061100055F8043C03281A442A6001D00220E7E71E
:10612000FAF72EFFEFF3108572B6154926444FF0AB
:10613000000CA64203D185F31088BDE8F88F14F84F
:10614000013B08209A0902F00202C1F804C0C8F815
:10615000189007EB820E57F82220D1F804B093452F
:10616000FBD3C8F818A05B00DEF80420DBB2D1F83E
:1061700004E09645FBD30138E4D1DAE700000020C3
:10618000001000E040420F002DE9F74316461C4680
:106190000A9A002380461D46B34215D102F001073A
:1061A000C2F340020092D8F804000A462B46394652
:1061B000FDF742FA002804DB08344FF0000946B925
:1061C000484603B0BDE8F08354F83300013305447A
:1061D000E2E754F8082CD8F8040054F8041CAD1A6F
:1061E0002B463FB1FDF78CFA0028EADB0834013E6C
:1061F0008144E4E7FDF7CAFAF6E700004A6853680D
:10620000D26913B5C2F30B04120454BF0B4A49F60A
:10621000404203F03F035343B3FBF4F48B68084A56
:106220009B8801948A1AC9681211898800910132E9
:106230000449ADF78BFC02B010BD00BF20A10700E0
:10624000ACB8060899E0050807B50B4602F2E7323C
:106250004FF47A71B2FBF1F292B20092D0E90212DD
:106260004068FDF779F903B000BD0000F0B50C46B9
:1062700089B016461D4611B11B68013316D11B4962
:106280001B48ADF7ADF81B48027A00EB8202002CE8
:10629000176904F1FF3105F10403324604BF2B46B0
:1062A0002146BC4609B0BDE8F040604703AB01930E
:1062B000114B00932A46052331462046D7F74CFA66
:1062C0000398FDF795FA049B0BB9059B13B10B4896
:1062D000D6F7E2FC0A4C013804EB00142046DDE955
:1062E0000612FFF7B1FF204609B0F0BDBAE005087D
:1062F0000C0D0608D864060840B80608F9E0050841
:10630000ACB80608F0B50C468FB016461D4611B164
:106310001B68013316D12A492A48ADF761F82A488B
:10632000027A00EB8202002C176904F1FF3105F1BB
:106330000403324604BF2B462146BC460FB0BDE8DD
:10634000F040604705AB0193204B00932A46092398
:1063500031462046D7F700FA0598FDF75BFF0B9B07
:106360001BB90C9B0BB90D9C14B11948D6F794FCC2
:10637000184D013805EBC0054FF482726E68336822
:10638000C3E901244FF400729A61C3E90944DC6255
:106390000A9B0293099B0193089B00934FF0FF31E6
:1063A0003046DDE90623FDF75FFF21463046FDF765
:1063B000A9FF10B14042D6F793FE28460FB0F0BDBA
:1063C00015E105080C0D0608106B060804B906084F
:1063D00054E105087CB9060813B501F16404009482
:1063E0004068FEF765F802B010BD4068FEF71CB8C3
:1063F00010B58AB00446084611461A4605AB01930B
:106400000D4B00930523D7F749F9099B0293089B8D
:106410000193079B009360684FF0FF31DDE905238E
:10642000FDF722FF60680021FDF76CFF10B14042CC
:10643000D6F756FE0AB010BDDCB80608496800223F
:10644000FEF714B930BF06207047000010B5D7F72B
:1064500025FD0446FAF7D6FE031B034800EA430075
:1064600040F0010010BD00BFFEFFFF7F10B5D7F761
:1064700015FD0446FAF7C0FE031B034800EA43007B
:1064800040F0010010BD00BFFEFFFF7F08B5D7F749
:1064900049FE024B1860062008BD00BFE40500203D
:1064A00038B5134C0D4628B9D4F8B001002808BF00
:1064B000062038BD086806280AD1D4F8B00128B1F2
:1064C0000021FEF72DFC0023C4F8B0310620F0E7D0
:1064D000D7F7EAFB074B984206D12868C4F8B00109
:1064E0000121FEF71DFCF1E70348D6F7D5FB00BFFD
:1064F00040000020A86C06086AE1050840684000DA
:1065000040F001007047000010B5104C104922689F
:106510001048ADF71BFB62680F490E48ADF716FB3C
:10652000A2680E490B48ADF711FBE2680C49094817
:10653000ADF70CFB22690B490648ADF707FB626912
:1065400009490448ADF702FB062010BD003C01409C
:1065500073E105080C0D060884E1050895E10508BE
:10656000A6E10508B7E10508C8E105084A68014940
:10657000ADF7ECBAD9E1050816280AD8054B1B5C23
:1065800003F1047303F59E3300EBC3008000012385
:1065900003607047EB21002008B54068FFF7ECFF6F
:1065A000062008BD162808D800F1845000F51E20EA
:1065B000800000230360C0F88030704708B5406851
:1065C000FFF7F0FF062008BD16280AD8054A012368
:1065D000116903FA00F021EA0001116113691843FF
:1065E00010617047003C014008B54068FFF7ECFFC0
:1065F000062008BD162810D8084B094AC3188A433C
:106600004FEA83030CBF012200221A60054A8A4325
:106610000CBF01220022C3F88020704740E089109F
:1066200000001110000021102DE9F04387B017463B
:10663000C2079DF838900E46984605D4830715D1B9
:106640000268434B9A4211D1D7F728FC0F28044621
:1066500004D8404902464048D5F721FD16281ED9E6
:1066600002463E493C481723D5F719FDFCF7D6FBF7
:1066700004890546C4F34314394A26F400139342AF
:106680000FD002F5801296420BD0A2F570229342F1
:1066900007D0344B9E4204D033493246DBE7002515
:1066A000EAE7022F02D931493A46D4E7304A04F1E9
:1066B0003601B9F1000F0AD102EB81035B68062BAA
:1066C00005D0B8F1060F02D02A492246C3E702EBF3
:1066D00081022046FFF766FFC6F30043C2F804803C
:1066E00083F00103244A9B00B8F1060F13551DD017
:1066F000224B01221A5504FA02F31343204A42F8AE
:106700002430BDB920463146FFF774FFFFF734FF50
:106710001C4B185D00F07F0303F1604303F56143F8
:10672000E02283F8002340B2F2F75CFA204607B07B
:10673000BDE8F083E868FAF739FCEB88E86803976E
:10674000CDE9013601A902230493F2F737FCDFE714
:1067500004240608EAE10508C01D0608FAE1050858
:10676000000011100000221007E2050811E20508E0
:10677000400000201BE20508EB210020D42100206E
:106780007821002080C9060810B586B00446084666
:1067900011461A4602AB01930A4B00930423D6F725
:1067A000DBFF21460820D7F772FA00230446009346
:1067B000DDE90201DDE90423FFF736FF60602046D2
:1067C00006B010BD30C906082DE9F34104894B4ECF
:1067D000C4F3431404F136081F4606EB880305464C
:1067E0005B68062B0ED0464B53F82400A84209D014
:1067F000C30756BF828843494349444848BF22469D
:10680000D5F74DFC2046FFF7CDFEC1F30040404BCD
:1068100006EB880680F001008000062F185577608F
:1068200068D03C4B1A55364B3B4A43F82450002362
:106830000193506C40F480405064526C04F00C00A2
:1068400000F1804002F4804200F59C30019204F097
:106850000306019A8768B6000F22B24027EA0207B2
:10686000EA682E4DAA421FD003F1804303F501339D
:106870009A4233D003F580639A4231D003F58063A6
:106880009A422FD003F580639A422DD003F580639E
:106890009A422BD003F580639A4229D003F5806396
:1068A0009A4214BF08230723B3403B43836020462A
:1068B000FFF7A0FE1A4B185D00F07F0303F1604361
:1068C00003F56143E02283F8002340B2F2F78AF92E
:1068D000204602B0BDE8F041FFF74EBE0123E3E7DA
:1068E0000223E1E70323DFE70423DDE70523DBE7FA
:1068F0000623D9E702B0BDE8F08100BF40000020C8
:10690000782100201BE2050824E20508BC1E0608C9
:10691000EB210020D421002000380240000002407A
:1069200080C906080023084A084830B506211C46DD
:1069300052F8045F042D18BFC45403F1010318BFBB
:106940001160172BF4D130BD18010020EB2100207D
:1069500030B5214A012351698340194293B004465E
:1069600029D01628536126D81C4D00F1360305EBBB
:106970008305686806281ED0194B1B5D3BB9194B6F
:1069800053F8241013B0BDE83040D6F71DBCD6F73D
:10699000E7FBC9F761FD6846C9F72AFC68B9114BE6
:1069A000686853F82410D5F7A7FCC9F7F7FBC9F7B7
:1069B0005BFDD6F7EBFB13B030BD062320466B60C2
:1069C0000949FFF7EFFD22460848ADF7BFF80199E6
:1069D0000648D7F7A3F9EAE7003C01404000002051
:1069E000D42100207821002045E205080C0D06087E
:1069F0000020FFF7ADBF0120FFF7AABF0220FFF77D
:106A0000A7BF0320FFF7A4BF0420FFF7A1BF08B56D
:106A10000520FFF79DFF0620FFF79AFF0720FFF7ED
:106A200097FF0820FFF794FFBDE808400920FFF713
:106A30008FBF08B50A20FFF78BFF0B20FFF788FFF9
:106A40000C20FFF785FF0D20FFF782FF0E20FFF7D8
:106A50007FFFBDE808400F20FFF77ABF0149ACF780
:106A6000BFBC00BF7DE2050808B5084611460022FC
:106A7000D6F7E6FD004808BDF4C9060807B5084B7F
:106A80000848C3F83C1101230093074B0022062954
:106A900008BF0B460549FFF7C7FD062003B000BD40
:106AA0004000002064D90608E4C90608000011105F
:106AB00008B5044BD3F83C01062801D0D5F7EAFB12
:106AC000062008BD40000020002302481A4619464F
:106AD000FAF780BA64D90608044BDA68DB881269D1
:106AE000134214BF01200020704700BF64D906087C
:106AF00008B5084611460022D6F7A2FDFFF7ECFFC5
:106B000000280CBF0E201E2008BD08B5FFF7E4FFCB
:106B100000280CBF0E201E2008BD000037B5134A08
:106B2000136813F004030ED10193114B596B41F01C
:106B3000400159635B6B03F040030193019B1368B1
:106B400043F004031360F1F753FE084C05466368F5
:106B5000DB0702D5A06803B030BDF1F749FE401B4A
:106B60000928F4D903490448D5F790FA00080650DB
:106B70000038024086E20508BC1E060808B5FFF78B
:106B8000CDFFBDE808408008DAF778BC014B1868F3
:106B9000DAF774BC0C22002008B508461146002222
:106BA000D6F74EFD004808BD88CA060873B51B4BD2
:106BB0000124F0B10021C3F8801E00230193184B7B
:106BC000184D1A6C42F080521A641B6C03F080530B
:106BD0000193019BF3F77EFEF1F70AFE06462B6850
:106BE000DB050AD50E4B1A6F8CB142F001021A6711
:106BF00008E0C3F8804E0446DFE7F1F7F9FD801B9B
:106C00000228ECD9084B01221A7002B070BD22F0A4
:106C100001021A671A6F22F00402E8E700004742F7
:106C2000003802400070004002220020424B4349DD
:106C3000002270B5C3E900127F24FF21C3E902419D
:106C4000C3E904229A613E4B3E4D1A70002864D17C
:106C50003D4C236F48F20331194048F20312914230
:106C600048D1F3F737FE636F2A6843F08073636798
:106C700042F48022344B196F5B6F1B0203F44073A4
:106C800001F007010B4313432B602C4B1A69C2F32D
:106C90000E02FF2A05D11A6902F4FE02B2F5FE0FB8
:106CA00027D0CA225A6253225A624FF0FF32DA606A
:106CB000F1F79EFD214C0646F1F79AFD801BB0F5D9
:106CC0007A7F0FD2E3685B06F6D523696FF30E0374
:106CD00043F0FF032361236943F4FE0323616FF054
:106CE0008003E360154BFF225A622B6843F4801344
:106CF0002B6070BD03F40343B3F5024F0DD1F3F7DE
:106D0000E9FD636F2A6843F080736367636F43F044
:106D10000103636742F40022ACE7F1F769FD0B4B16
:106D200018600B4B20F07F4040F07C502860BDE89D
:106D300070401878FFF73ABF10220020002800406A
:106D4000022200200C2200200038024004220020F1
:106D5000082200202DE9F043644E337887B0002BE1
:106D60003DD0634D634C644F00232B60637FF3B9C8
:106D70002377624BDFF89091D3F800803B78002BAB
:106D800055D0D9F870309B072CD5022301933B785E
:106D9000002B0CBF4FF400734FF4807301A80493D1
:106DA000F4F7C6F828BB564B0122C3F83C2E022349
:106DB00063772368CA225A6253225A622046F4F744
:106DC00071F923688046002836D0FF225A620423D6
:106DD00063770EE06FEA13436FEA03432B6007B05B
:106DE000BDE8F083F1F704FDA0EB0800B0F57A7F71
:106DF000C7D93A782B68002AECD043F080734FF063
:106E000000082B6087F80080F1F7F2FC3B4B18601C
:106E10003878FFF7CBFEF3F75DFD84F81D80A5E71A
:106E2000F1F7E6FCA0EB0800B0F5FA7FE1D8D9F85D
:106E300074309807F4D5A8E79A68616822F4E002F4
:106E400022F040029A6022699868114362691143F6
:106E50000143E26899601A611A69A16842EA014235
:106E60001A616FF08002DA601A6CA16922F4802244
:106E70001A641A6C0A431A64FF225A620123637768
:106E80003B781B0743F000532B60F1F7B1FC1B4B21
:106E90001B68C01A2B6880B218432860194B15482C
:106EA000009342466946F4F794F9024630B9CDE9B9
:106EB0000400019001A90F48F4F719F9124A536F21
:106EC000190142BF2B6843F480332B60536F0E4A85
:106ED0005B0142BF2B6843F400332B60536F43F0D8
:106EE000807353670023337079E700BF02220020CC
:106EF0000C22002010220020082200200422002062
:106F0000000047420401010F0038024008B501208B
:106F1000FFF78CFEFFF71EFF062008BD30B50546C3
:106F20008FB00C46FFF716FF012D38D1002201A9C2
:106F30003C48F4F7B7F9694600223A48F4F7D7F924
:106F40009DF8030000F5FA60DAF798FA06909DF8CC
:106F50000100DAF793FA07909DF80200DAF78EFA4B
:106F600008909DF80000DAF789FA09909DF804006E
:106F7000DAF784FA0A909DF80500DAF77FFA0B90A9
:106F80009DF80600DAF77AFA0C900298DAF776FAAA
:106F900006A90D900820DEF735FE0FB030BD6A4619
:106FA00008216068D7F744F8009B1868D6F776FF89
:106FB000009B30308DF807005868D6F76FFF009BB4
:106FC0008DF805009868D6F769FF009B8DF80600DC
:106FD000D868D6F763FF002201A98DF80400114894
:106FE000F4F7F7F8009B1869D6F758FF009B8DF867
:106FF00018005869D6F752FF009B8DF81900986960
:10700000D6F74CFF00228DF81A004FF48023054874
:107010008DF81B2006A909920A93F4F768F8062058
:10702000BBE700BF10220020F8B507460E46FFF769
:1070300091FE0320F1F7E4FD032F70687BD806284A
:1070400077D0D6F72BFFB0F57A6F12DDB0F5FA5F87
:107050005CDDB0F57A5F5CDDB0F5FA4F5CDD424B8C
:1070600098424FF47A74B0FBF4F458DC0425013CE8
:107070000DE0032502224FF40043B3FBF2F3434338
:10708000B3F57A7F4FF47A7493FBF4F4EFDA0122CC
:10709000032F5AD1B3683549C1F83431344B2D210F
:1070A0009965344BCA21596253215962996821F478
:1070B00080619960D9684907FCD5002A47D05C6196
:1070C0009A6822F4884222F0070205F007052A4355
:1070D00042F488429A60FF225A62274A116841F4BA
:1070E00080011160916841F480019160D96821F4B8
:1070F0008061D9604FF480035361204BF02283F804
:1071000003230320F1F76EFD0620F8BD02250422BB
:10711000B1E701250822AEE700251022ABE7A4F570
:107120008034B4F5803F02DD1548D5F7B5FD06255E
:107130009DE70022ACE7D6F7B1FE0546B068D6F76A
:10714000ADFEF36804460122A5E70623A3E79A688B
:1071500022F480429A60FF225A62074A136823F49D
:1071600080031360D0E700BFE703E803400000207E
:107170007821002000280040003C014000E100E0B0
:1071800091E2050838B505460C46FFF7E3FD022DF0
:1071900018D16068D6F782FE00F2FF13B3F5806F56
:1071A00002D31048D5F778FD0028CBBFC0F5007397
:1071B00043424FF40042002200210B48F4F7B4F898
:1071C000062038BD084B1B68DA6BD86B1304C0F37C
:1071D0000800BDE838404CBFC0F500704042DAF707
:1071E0004DB900BF9CE205081022002010B588B000
:1071F000FFF7B0FD03A9002219481A4CF4F752F822
:1072000002A900221648F4F772F89DF80E309DF896
:107210000B0001939DF80D309DF80A2000939DF816
:1072200009109DF80C3000F5FA60F1F7C9F80E4B23
:10723000C01861F10003A0FB042104FB03110B48FB
:10724000049B584300F5731000F6F7304FF47A733F
:1072500080085843801841F1000108B010BD00BFFC
:107260001022002000CA9A3B80BC92C7F7C2FFFFE1
:10727000B0F1006F2DE9F047964626D3144E04274F
:107280004FF0000CD6F8089000254D4505EB0C0496
:1072900005D1013F06F10C0617D0A446F2E772684B
:1072A000D6F80080013502FB05F308EB030A5045D0
:1072B000EBD211B19B1A43440B60BEF1000F01D019
:1072C000CEF800202046BDE8F0874FF0FF30FAE707
:1072D0008CCA060810B586B00446F5F7DFFB0D4BE7
:1072E000F322DA60002102230122CDE904232046A3
:1072F0000A460191FFF7BCFF00910390694601A87F
:10730000F5F7B8FC0446F5F7DBFB034B185D40428C
:1073100006B010BD003C02406A9306082DE9F0411A
:10732000074688461646F5F7B9FB0025B54207D152
:107330000024F5F7C5FB094B185D4042BDE8F0811C
:1073400058F82520002307EB85010220F5F7EAFB1A
:1073500004460028EDD10135E8E700BF6A9306082E
:1073600013B501AA69460446FFF782FF054B009A50
:107370001B68934203BF0448E41A0019204602B078
:1073800010BD00BF382200200000001010B5164CC0
:107390002378D9070AD523785A0708D4134B1868DD
:1073A000FFF798FF237843F00403237010BD237880
:1073B0009B070ED50E4B0F491A680C4B92081868A4
:1073C000FFF7ACFF00212170BDE810400120FBF762
:1073D000C5BAF1F70DFA084B1B68C01A41F28733A2
:1073E0009842E7D8E2E700BF3C2200203822002084
:1073F00034220020000000103022002038B5EFF3C6
:107400001185602383F31288084C2378DA0706D5A8
:10741000237843F0020323702378DB0703D485F33A
:107420001188002038BDFFF7B1FFF5E73C220020AE
:107430002DE9F34101AA6946174D184F0446FFF79D
:1074400017FF174B019A5B1B9A4288BF01933A685A
:10745000009B9A420CD0FFF7D1FFDDE900860E4871
:1074600032464146EFF796FE0E4BC7F800801E608D
:107470000D4A1378012143F0010308461370FBF70E
:107480006DFAF1F7B5F9094B1860009BE01A284432
:1074900002B0BDE8F08100BF0000001038220020DB
:1074A00000000110342200203C2200203022002065
:1074B000013808B506281FD8DFE800F0041E1A0FAF
:1074C0001E1E17000E4A002313700E4A4FF0FF31A4
:1074D00011600D4A1360002006E00C480C4BC01AE6
:1074E00048BF00F2FF10401208BDFFF74FFFF2E760
:1074F000BDE80840FFF782BF6FF01500F4E700BF5A
:107500003C22002038220020302200200000020807
:107510000040000810B50D4B04460D481B1A48BF2B
:1075200003F2FF13B1EB632F01D3002010BD00EB7A
:107530004120431CF9D0FFF713FF4FF400720146BE
:107540002046EFF727FE0120F0E700BF0000020809
:107550000040000838B5104B054610481B1A48BFBC
:1075600003F2FF13B1EB632F01D3002038BD00EB12
:107570004120431CF9D0EFF31184602383F3128878
:10758000FFF756FF4FF400722946EFF703FE84F32E
:1075900011880120EAE700BF00000208004000084F
:1075A00010F4FF7F02BF024B0422C3F8002E704785
:1075B00000E100E0054B994202D10549ACF7C6BA9B
:1075C000D1E901230349ACF7C1BA00BF34CB0608A7
:1075D000A3E20508ABE2050808B50A4B197879B9AA
:1075E00001201870084B094A5A60FFF761FF084BE9
:1075F000602283F80423BDE808400420F1F7F2BAC2
:1076000008BD00BF3D2200203C1F0020A1750508D9
:1076100000E100E04FF40070704708B5002104203D
:10762000FFF746FF00F5807008BD00210720FFF737
:107630003FBF00210320FFF73BBF000038B50446E1
:1076400008461546D6F72AFC0138052828D8DFE871
:1076500000F0061A1A1E031C40F2014038BDFFF765
:10766000BBFF2846D6F71AFC012804D000204000B2
:1076700040F00100F2E70B4B9C4201D02073F5E78C
:107680004FF0FF30F3E7FFF7D4FF0120E6E7054BAB
:107690009C4202D1FFF7C1FFE9E7A068400AE6E794
:1076A0000620DBE734CB060838B504460D46002932
:1076B00040F098804FF4DF72EFF7B6FD29460420C2
:1076C000FFF7F6FE431B18BF4FF0FF3384F8BF31BE
:1076D00084F8C03184F8C13184F8C33184F8C431EE
:1076E00084F8C531030A84F8CB31030C012284F8F5
:1076F000CA0184F8CC31000E552384F8BE5184F8B9
:10770000C22184F8C65184F8C72184F8C85184F88E
:10771000C95184F8CD0184F8CE5184F8CF5184F852
:10772000D05184F8D15184F8D25184F8D35184F8DF
:10773000D45184F8D55184F8D65184F8D75184F8BF
:10774000D85184F8D95184F8DA5184F8DB5184F89F
:10775000DC5184F8DD5184F8DE5184F8FE31AA232F
:1077600084F8DF5184F8E05184F8E15184F8E25163
:1077700084F8E35184F8E45184F8E55184F8E65143
:1077800084F8E75184F8E85184F8E95184F8EA5123
:1077900084F8EB5184F8EC5184F8ED5184F8EE5103
:1077A00084F8EF5184F8F05184F8F15184F8F251E3
:1077B00084F8F35184F8F45184F8F55184F8F651C3
:1077C00084F8F75184F8F85184F8F95184F8FA51A3
:1077D00084F8FB5184F8FC5184F8FD5184F8FF31A2
:1077E000012038BDFF2905D84FF400720021EFF7C2
:1077F0001BFDF5E700210420FFF75AFE00F580701D
:10780000A84206D9A5F580712046BDE83840FFF7AB
:1078100081BE0020E5E770B50C4605465618B44217
:1078200001D1002070BD21462846FFF73DFF05F538
:10783000007501340028F2D16FF00400F2E7F0B5D2
:10784000074685B0D1E900600D46D6F727FB062232
:10785000044601A9A868D6F753FD032F12D1716819
:10786000029A01980029B8BF01F2FF1104EB6121CF
:10787000520A01F58071FFF7CEFF400040F0010091
:1078800005B0F0BD6FF00400F7E7FF2938B50546F5
:107890000C460ED900210420FFF70AFE00F5807087
:1078A000A04208D9A4F580712846BDE83840FFF70A
:1078B00051BE012038BD0020FCE770B50C460546DE
:1078C0005618B44201D1002070BD21462846FFF76A
:1078D000DCFF05F5007501340028F2D16FF00400DB
:1078E000F2E7F0B5074685B0D1E900600D46D6F75E
:1078F000D5FA0522044601A9A868D6F701FD032F91
:1079000012D17168029A01980029B8BF01F2FF11E3
:1079100004EB6121520A01F58071FFF7CEFF4000B0
:1079200040F0010005B0F0BD6FF00400F7E7000083
:1079300038B504460D46FFF770FE621CA0F5807056
:107940004FEA402012D00F4B23400BB1062038BD28
:10795000A042FBD96B1C0BD1051B0B491020D6F79D
:1079600096F90023C0E901450373F0E70024F1E72D
:10797000002DEBDD63198342E8D8C5F30803002B23
:10798000EBD0E3E7FF010080CCCA06081FB508462C
:1079900011461A4602AB01930A4B00930223D5F716
:1079A000DBFEDDE9020100EA0103013306D0FFF747
:1079B000BFFF062803D10020D5F76EF9024805B0B5
:1079C00000BD00BFBCCA060834CB06080C4B0360E0
:1079D00083880C4A426143F005038380012380F8C9
:1079E0004830094B094AC360094B4064C0E9082389
:1079F000084A8262084A0361C0E90D23704700BF4C
:107A0000BC8406081778050828CB06081CCB060896
:107A100034CB0608BB78050814CB06087FB5FFF702
:107A200099F901A900221148F3F73CFC00226946AC
:107A30000E48F3F75CFC9DF802309DF801209DF89C
:107A400003001B0443EA42539DF8042043EAC22387
:107A50009DF8052043EA42139DF80620143043EABE
:107A6000520343EA406007B000BD00BF102200206F
:107A700038B50D46D6F712FA04462846D6F70EFA60
:107A8000FA28A8BFFA20322804F1FF33B8BF322009
:107A9000032B05D8DFE803F00206090C064B5863F8
:107AA000062038BD044B9863FAE7034BD863F7E729
:107AB000014B1864F4E700BF000C004038B50D46D8
:107AC000D6F7ECF904462846D6F7E8F9024BDC6213
:107AD000D863062038BD00BF000C0040F0B5012877
:107AE0000C6887B006460D462CD1207A00EB80004A
:107AF0004000D9F7C3FC0190607A00EB80004000A1
:107B0000D9F7BCFC0290A07A00EB80004000D9F7C6
:107B1000B5FC0390A37AE07A184400EB80004000A3
:107B2000D9F7ACFC0490207BA37A184400EB8000CA
:107B30004000D9F7A3FC01A905900520DEF762F803
:107B400007B0F0BD032828D94868D6F7A7F90A2757
:107B500090FBF7F02072A868D6F7A0F990FBF7F039
:107B60006072E868D6F79AF9042E90FBF7F0A072DD
:107B700011D0062E11D12869D6F790F9A37A90FB7F
:107B8000F7F0C01AE0726869D6F788F9A37A90FB1B
:107B9000F7F0C01A20730620D2E7024902483246A5
:107BA000D4F77DFAC3E20508081E0608054ACB890A
:107BB0008A1A0549D2104A430A214B43013203492C
:107BC000ABF7C4BF40220020ABAAAAAADAE205089C
:107BD000F0B51C46084689B011464FF00212D5F7A1
:107BE0002FFD2068D6F75AF9461E032E024603D908
:107BF00018491948D4F753FA184D1949182404FBA9
:107C0000065400226068E38923820389A282C3F3B9
:107C10004313CF5C02231946F9F7DCF9114B1B6CB7
:107C20001B0701D4FAF706F860230193182303FB1E
:107C300006553A46EB89029301A900230A480393AB
:107C40000593F4F7A2FB39460748F4F71BFC2046DE
:107C500009B0F0BDEDE20508C01D06084022002075
:107C600044CB060800380240801F0020124BF0B5BC
:107C7000DFF858E004211A464FF0400CF227962412
:107C80006126462500200139C3F800E083F808C0CA
:107C90005F729C72DE721D73DC811882988203F120
:107CA0001803F0D1054B5360054BD361054B53636B
:107CB000054BD364F0BD00BF4022002064D9060804
:107CC00050D906083CD9060828D9060848CB06082A
:107CD0001E4B30B504240025D8891A8A904218D04A
:107CE000197A8A4202D219820A4602E0597A8A42F5
:107CF000F9D8998A012918D8DA8100215A6899821D
:107D00001289D989C2F34312920002F18042C2F86B
:107D1000341C013C03F11803DED10D4B1B68DA68FB
:107D20008DB142F00102DA6030BD5D8A2D1A2A441D
:107D300012B292FBF1F501FB15222844D8815A8238
:107D400001390125DAE722F00102ECE740220020A8
:107D5000801F0020F8B52DED028B0C680746012F1F
:107D6000A57A207B0E460BD1BDEC028BE389642201
:107D70005B1B534393FBF0F0BDE8F840D9F77EBBA3
:107D800007EE900A4868B8EE678AD6F7DDF89FEDEF
:107D9000107A28EE008A022FC8EE077AFDEEE77A05
:107DA00017EE903A1D44258207D10023A382FFF7E6
:107DB0008FFFBDEC028B0620F8BDB068D6F76EF8D9
:107DC000142390FBF3F00023A0826382EFE700BF4F
:107DD0000000C842F8B52DED028B0C680746012F54
:107DE000A57AE07A0E460BD1BDEC028BE3895A22CC
:107DF0005B1B534393FBF0F0BDE8F840D9F73EBB63
:107E000007EE900A4868B8EE678AD6F79DF89FEDAE
:107E1000107A28EE008A022FC8EE077AFDEEE77A84
:107E200017EE903A1D44258207D10023A382FFF765
:107E30004FFFBDEC028B0620F8BDB068D6F72EF8D8
:107E4000142390FBF3F00023A0826382EFE700BFCE
:107E50000000B442012838B50C684FF00A0505D17E
:107E6000E0896843BDE83840D9F708BB4868D6F7D1
:107E700015F8002390FBF5F0A3822082FFF728FF7E
:107E8000062038BD064A01211368814023EA010318
:107E900013601168022383400B431360704700BFD7
:107EA0000074004030B5094C01252368854023EA61
:107EB00005032360236841F6FE758540114323EADC
:107EC000050381400B43236030BD00BF00740040B8
:107ED00008B50079FFF7D6FF062008BD13B5F9F7FE
:107EE000DDFE2022002304466946CDE90023F4F795
:107EF000C1FB2046F3F76FFF02B010BD2DE9F04142
:107F00001E46174B07461C680079C44024F0020443
:107F1000E404E40C41F001039C420D4690461CD061
:107F2000104B114A002814BF10461846FBF785FA7B
:107F3000294638794246FFF7B5FF01210B4A0C4B21
:107F4000002808BF1A46166029B1054A01231168A6
:107F500083400B431360BDE8F0810021EEE700BFD2
:107F600000740040F0A90608E0A906081474004057
:107F70000874004010B504460846D5F78FFFFFF798
:107F8000ADFF2046E279002340F68431FFF7B6FFCB
:107F9000062010BD10B504460846D5F77FFFFFF751
:107FA0009DFF2046E279002340F64431FFF7A6FF0B
:107FB000062010BD10B504460846D5F76FFF63795B
:107FC000A279C3F10C0300FA03F300212046FFF766
:107FD00095FF062010BD00002DE9F04F8BB004ABDB
:107FE00051F8046B0193454B009301380323D5F7F7
:107FF00055FB0498052207A9D6F782F90598C4070E
:1080000005D4810709D102683D4B9A4205D1D5F7C5
:1080100045FFFFF763FF042128E00E28F7D01E2854
:10802000F5D0FAF707FC04460023202202A9CDE987
:108030000223F4F71FFB2368B3F1804F15D0314AB8
:10804000934253D002F58062934251D002F5806290
:108050009342E0D002F5806293424BD002F5704229
:10806000934249D02848D4F717FE24213579F27974
:10807000264C284641F48051FFF714FF244B7179B8
:108080002448254E002D08BF1C4608291EBF089B0A
:108090005B08089306AF97E880050CBF89464FF050
:1080A0000009082914BF4FF4205B4FF0000B002D8E
:1080B00018BF06462046FBF7C0F947EA0B012046E9
:1080C00041F04001FBF79EF91FFA8AF309EB060223
:1080D00020464146FBF7CEF9104B01201A68A84014
:1080E0001043186006200BB0BDE8F08F2C21BDE7CF
:1080F0001C21BBE71421B9E70C21B7E7E8CB060840
:108100000424060800080040FAE20508E0A9060871
:10811000F0A9060814740040087400400074004080
:108120000B79002B18BF02224B79024908BF0122AC
:10813000ABF70CBD11E3050870B586B005460846DF
:1081400011461A4604AB01931E4B00930223D5F748
:10815000A5FA1D4E2C791D4800239C4218BF3046BD
:108160001A460321F8F736FF0024194B03941A6CC2
:10817000184942F000521A641B6C287903F000532E
:108180000393039B0B680122824023EA02030B60E6
:10819000049B23F00402082A08D16B710598062875
:1081A00007D10223AB71EC7106B070BD0A48D4F759
:1081B00073FDD5F7B7FF10B902231C46F2E723463B
:1081C000FBE700BFD8CB060800D9060814D906087B
:1081D000003802400074004022E30508F0B50D4667
:1081E00017461E46234A284685B03946D5F728FA51
:1081F0003068C20705D4830725D102681E4B9A4216
:1082000021D1D5F74BFE0128024629D100231B4975
:108210001B48013A01EBC20441F832002371637933
:1082200013B1012D00D85FB106EB8502394601A8D4
:10823000D5F7CDFA01AB321D691E2046FFF77CFF52
:10824000204605B0F0BDFAF7E9FD0E4B98420BD081
:108250000D4B98420AD082880C490D48D3F71FFF76
:10826000022804D00B49F8E70122CFE702221023AD
:10827000CDE700BFFFFF030004240608A022002072
:1082800000CC060814D9060800D9060826E305081C
:10829000C01D06082FE3050810B50C4613460A1D3D
:1082A000411E2068FFF748FF062010BD08B50020DA
:1082B000FFF7E8FDBDE808401020FFF7E3BD000030
:1082C000C10701D501207047820703D10268054B21
:1082D0009A42F7D00E28F5D0A0F11E03584258411B
:1082E000704700BF042406081FB50123CDE9001321
:1082F0001039022998BF072369460293F0F7B4FBAF
:1083000005B000BD38B50D4604460749ABF768F81F
:10831000696820460022D5F7DBFCAA68034920469D
:10832000BDE83840ABF712BC3AE30508E1D00508D8
:1083300038B50446F0F75CFA054623681B689B07CE
:1083400004D4F0F755FA401B0A28F6D938BD2DE9B8
:10835000F04F85B0164680460622084601A9D5F79B
:10836000CFFF9DF80C1000224020DFF717F982465E
:108370003046FFF7A5FF30B33046D5F78FFDF9F74C
:108380008DFC0446F3F727FD08F10C07D8F8081018
:10839000384600256FF0010BFFF7A6FF029BB3FBE9
:1083A000FAF94D4514D13846F0F742FB3046FFF755
:1083B00087FF10B12046F3F71BFD0298D9F75EF84E
:1083C00005B0BDE8F08F3046FAF734FA0446DBE733
:1083D00023681A69D207FCD5C3F810B0BDB9384676
:1083E000F0F7C6FA3846FFF7A3FFD8F80C3001992A
:1083F000DB6C9DF80C00BAF1010F08BF1B095B0094
:108400002A4643F00103DFF713FB0135C9E7D8F82B
:108410000C20936843F080439360E3E72DE9F04F2D
:108420008FB000AF0D46144607F1100107F1180296
:10843000D5F7DCFD07F11C0207F114012846D5F73A
:10844000D5FD3B6913B95448D4F726FC7A699342A9
:1084500001D05248F8E7FB690622186807F12001AD
:10846000D5F74EFF97F8281000224020DFF796F846
:108470007B69F8609B00073323F00703ADEB030D26
:10848000E94600257B69AB4239D82046FAF7D2F994
:10849000BB691C688346A16804F10C00FFF724FF48
:1084A00004F10C00F0F764FA04F10C00FFF740FF50
:1084B000E368DB6CDBF800306FF001021A611A69C7
:1084C000D007FCD56FF0010A7D6AC3F810A04FF009
:1084D0000108FB68B5FBF3F30025BB60BB689D4258
:1084E00024D1BB6918680C30F0F7A2FAB8F1000F7C
:1084F0000CBF0E201E203C37BD46BDE8F08FFB6947
:10850000062253F8250007F12C01D5F7F9FE7A6A07
:108510003B6B9A4203D1BA6A7B6B9A4201D02048E6
:1085200092E7FB6A49F825300135ABE7DBF800300C
:108530001969C9070AD41969CA07FCD5C3F810A07C
:1085400000243B69A34204D80135C7E74FF0000877
:10855000F4E7BB6953F8246006F10C00B168786059
:10856000FFF7C2FEF3687868996841F0804199602E
:10857000FFF7DEFEF368FA68DB6C59F8241097F811
:108580002800012A08BF1B095B0043F001032A46AB
:10859000DFF74EFA0134D4E743E305084FE305085B
:1085A00062E3050817B400230E4A0193546C44F4A7
:1085B00080745464526C816002F480720192019A5A
:1085C00083610122C261426102F17062C0E9083335
:1085D000C0E90A23C0E903334360036303B010BC5E
:1085E000F0F71CB90038024070B51C460846114629
:1085F0004FF00212D5F724F82668F10705D4B20728
:108600000CD132681D4B9A4208D13046D5F746FC52
:108610000446122C11D91A49224607E03046FAF7CF
:10862000FDFB837A5B0704D4828816491648D3F78A
:1086300036FD8468C4F34434EBE70F2C08D8134BA1
:1086400053F8240020B100231A460321F8F7C2FC96
:108650005420C7F70DFE4422054600211030EEF7E6
:10866000E3FD0B4BAC602846C5E90036094B40F8EA
:108670000C3F0021FFF796FF284670BD0424060832
:108680007BE3050874E30508C01D06088CCD0608C9
:1086900024CD06080020014070B504460E46FFF7C1
:1086A00023FE2046F0F764F92046FFF741FE2368D9
:1086B0002046DD6CF0F7BCF9122E01BF034A536867
:1086C00023F480035360284670BD00BF002301409F
:1086D00008B581680C30FFF7DFFFBDE80840D8F728
:1086E000CDBE000010B504460846D5F7D7FB1228CA
:1086F000024603D905490648D3F7D1FC0146201D9F
:10870000FFF7CAFFBDE81040D8F7B8BE7BE3050805
:10871000C01D06082DE9F8438B1F04469046062B22
:1087200026D8DFE803F02A252D25042523004FF065
:108730008076DFF860900025012707FA05F313EA39
:10874000080F07D059F8250020B100231A4603214D
:10875000F8F740FC0135102DEFD120460A4B40F8C8
:10876000043F3146BDE8F843FFF71CBF0026E0E7B1
:108770000A4606480649D3F792FC4FF04076D8E700
:108780004FF00076D5E700BF00200140C01D06086D
:108790008EE305088CCD0608F8B50E463046114626
:1087A0000D4A1D46D4F74CFF0C494C20D5F76FFA03
:1087B00004462868D5F772FB012E074609D9686878
:1087C000D5F76CFB024620463946FFF7A3FF20464B
:1087D000F8BD4FF0FF32F6E704000200A8CC06080F
:1087E00003685B6803F04073B3F1007F08D0B3F116
:1087F000407F07D0B3F1807F0CBF0A200C20704768
:10880000082070470620704710B50446FFF744FF64
:1088100002462046FFF7E4FFC0F10C0002FA00F028
:1088200010BD000008B51021FFF7EEFF0F4A9FEDC5
:10883000106A938DD28DD21A07EE902AF8EEE77A5D
:1088400007EE100AC7EE866A0A4A07EE903A92EDE2
:10885000006AB8EEC77AF8EEE77AD7EE067A87EEC6
:10886000A60AF3EE0E7A30EE270A08BD007AFF1F43
:108870000000A0423C00002008B50430FFF7D2FF02
:10888000BDE80840D7F78CBD08B51221FFF7BCFF43
:10889000074B9FED087A93ED000A430007EE903AEC
:1088A000F8EE677A67EE877A27EE800A08BD00BF88
:1088B0003C0000206740533A08B50430FFF7E4FF5E
:1088C000BDE80840D7F76CBD08B51121FFF79CFF44
:1088D0000A4B5B8D07EE900A00EE103AF8EE677ACD
:1088E000F8EE406A064B86EEA77AB8EEC00ADFEDD6
:1088F000057A83ED007A20EE270A08BD007AFF1F73
:108900003C0000206740533A08B50430FFF7DCFF15
:10891000054BDFED067A93ED000ABDE8084020EE36
:10892000270AD7F73DBD00BF3C000020333353403A
:1089300008B50430FFF7C8FFBDE80840D7F730BDE1
:1089400081F0004102E000BF83F0004330B54FEA00
:1089500041044FEA430594EA050F08BF90EA020F6D
:108960001FBF54EA000C55EA020C7FEA645C7FEA00
:10897000655C00F0E2804FEA5454D4EB5555B8BF23
:108980006D420CDD2C4480EA020281EA030382EA94
:10899000000083EA010180EA020281EA0303362D26
:1089A00088BF30BD11F0004F4FEA01314FF4801CF9
:1089B0004CEA113102D0404261EB410113F0004F0B
:1089C0004FEA03334CEA133302D0524263EB4303C2
:1089D00094EA050F00F0A780A4F10104D5F1200E60
:1089E0000DDB02FA0EFC22FA05F2801841F10001BB
:1089F00003FA0EF2801843FA05F359410EE0A5F18F
:108A000020050EF1200E012A03FA0EFC28BF4CF0BF
:108A1000020C43FA05F3C01851EBE37101F0004575
:108A200007D54FF0000EDCF1000C7EEB00006EEB82
:108A30000101B1F5801F1BD3B1F5001F0CD349080C
:108A40005FEA30004FEA3C0C04F101044FEA445263
:108A500012F5800F80F09A80BCF1004F08BF5FEAEA
:108A6000500C50F1000041EB045141EA050130BDCA
:108A70005FEA4C0C404141EB0101013C28BFB1F5DC
:108A8000801FE9D291F0000F04BF01460020B1FA27
:108A900081F308BF2033A3F10B03B3F120020CDAFA
:108AA0000C3208DD02F1140CC2F10C0201FA0CF0D8
:108AB00021FA02F10CE002F11402D8BFC2F1200C3D
:108AC00001FA02F120FA0CFCDCBF41EA0C019040F3
:108AD000E41AA2BF01EB0451294330BD6FEA04043C
:108AE0001F3C1CDA0C340EDC04F11404C4F1200227
:108AF00020FA04F001FA02F340EA030021FA04F339
:108B000045EA030130BDC4F10C04C4F1200220FA8F
:108B100002F001FA04F340EA0300294630BD21FACD
:108B200004F0294630BD94F0000F83F4801306BF93
:108B300081F480110134013D4EE77FEA645C18BF87
:108B40007FEA655C29D094EA050F08BF90EA020F1E
:108B500005D054EA000C04BF1946104630BD91EA16
:108B6000030F1EBF0021002030BD5FEA545C05D119
:108B70004000494128BF41F0004130BD14F5800458
:108B80003CBF01F5801130BD01F0004545F0FE41CC
:108B900041F470014FF0000030BD7FEA645C1ABF01
:108BA000194610467FEA655C1CBF0B46024650EA38
:108BB000013406BF52EA033591EA030F41F4002164
:108BC00030BD00BF90F0000F04BF0021704730B5EA
:108BD0004FF4806404F132044FF000054FF00001BF
:108BE00050E700BF90F0000F04BF0021704730B580
:108BF0004FF4806404F1320410F0004548BF404255
:108C00004FF000013EE700BF42004FEAE2014FEAA9
:108C100031014FEA02701FBF12F07F4393F07F4F84
:108C200081F06051704732F07F4208BF704793F087
:108C30007F4F04BF41F40021704730B54FF460749A
:108C400001F0004521F000411CE700BF50EA01029D
:108C500008BF704730B54FF000050AE050EA010246
:108C600008BF704730B511F0004502D5404261EBB6
:108C700041014FF4806404F132045FEA915C3FF4F7
:108C8000D8AE4FF003025FEADC0C18BF03325FEA94
:108C9000DC0C18BF033202EBDC02C2F1200300FA45
:108CA00003FC20FA02F001FA03FE40EA0E0021FA6A
:108CB00002F11444BDE600BF4FEA4102B2F1E043C5
:108CC00024BFB3F5001CDCF1FE5C0DD901F0004CB3
:108CD0004FEAC0024CEA5070B2F1004F40EB830003
:108CE00008BF20F00100704711F0804F21D113F12F
:108CF0003872BCBF01F00040704741F480114FEA68
:108D00005252C2F11802C2F1200C10FA0CF320FAF0
:108D100002F018BF40F001004FEAC1234FEAD3230D
:108D200003FA0CFC40EA0C0023FA02F34FEA430377
:108D3000CCE77FEA625307D150EA01331EBF4FF000
:108D4000FE4040F44000704701F0004040F0FE401B
:108D500040F40000704700BF7BB972B90029BEBF64
:108D600000204FF0004106E008BF00281CBF6FF054
:108D700000414FF0FF3000F0B3B9ADF1080C6DE9E0
:108D800004CE002909DB002B1ADB00F04DF8DDF8DA
:108D900004E0DDE9022304B07047404261EB410189
:108DA000002B1BDB00F040F8DDF804E0DDE90223D6
:108DB00004B0404261EB4101524263EB4303704710
:108DC000524263EB430300F02FF8DDF804E0DDE9E5
:108DD000022304B0404261EB41017047524263EB11
:108DE000430300F021F8DDF804E0DDE9022304B0DC
:108DF000524263EB4303704753B94AB9002908BF95
:108E000000281CBF4FF0FF314FF0FF3000F068B971
:108E1000ADF1080C6DE904CE00F006F8DDF804E0D1
:108E2000DDE9022304B070472DE9F047089F15469D
:108E300004468E461E46002B40F0D2808A424DD911
:108E4000B2FA82FCBCF1000F02FA0CF3CCF1200E56
:108E500018BF1D4620FA0EFE01FA0CF34EEA030E6F
:108E600000FA0CF30CBF8E461C464FEA1548A8B218
:108E7000BEFBF8F1220C08FB11EE01FB00F342EA05
:108E80000E42934206D9AA1801F1FF3E01D2934245
:108E90001ED87146D21AA4B2B2FBF8F308FB132213
:108EA000584344EA0244A04206D92C1903F1FF3288
:108EB00001D2A0420FD81346241A43EA014027B139
:108EC00024FA0CF400233C607B603146BDE8F08757
:108ED00002392A44DEE7023B2C44EDE7002A71D038
:108EE000B2FA82F3DBB31E46C6F1200302FA06F59E
:108EF00021FA03F2B14020FA03F30B434FEA154E77
:108F000000FA06F41FFA85FCB2FBFEF00EFB1021FE
:108F10001A0C00FB0CF842EA0142904506D9AA1847
:108F200000F1FF3101D290454ED80846A2EB08026D
:108F30009BB2B2FBFEF10EFB112201FB0CFC43EADB
:108F400002439C4506D9EB1801F1FF3201D29C4542
:108F50003DD81146A3EB0C0341EA004101E08B1A16
:108F600001214FEA154E1FFA85FCB3FBFEF0220CDF
:108F70000EFB103300FB0CF842EA0342904506D981
:108F8000AA1800F1FF3301D2904523D81846A2EB6E
:108F90000802A4B2B2FBFEF30EFB132203FB0CFC8F
:108FA00044EA0244A44506D92C1903F1FF3201D248
:108FB000A44512D81346A4EB0C0443EA0040B4467F
:108FC0000E467CE71F268FE702382A44AEE70239B7
:108FD0002B44BFE702382A44D9E7023B2C44EAE796
:108FE0008B4205D90FB1C7E90001002630466CE776
:108FF000B3FA83FCBCF1000F0FD18B4201D3824244
:1090000009D8841A61EB030301209E460FB1C7E91A
:10901000004E002659E76046F8E7CCF1200E03FA2F
:109020000CF322FA0EF521FA0EF41D4301FA0CF3AB
:1090300020FA0EF119434FEA154900FA0CF61FFA0F
:1090400085F8B4FBF9F009FB104A0C0C00FB08F39F
:1090500044EA0A44A34202FA0CF206D92C1900F1A0
:10906000FF3A01D2A34235D85046E41A89B2B4FB84
:10907000F9F309FB134403FB08F841EA044188456E
:1090800006D9691803F1FF3401D2884525D8234653
:1090900043EA0040A1EB0801A0FB029841454C4681
:1090A000434602D306D14E4504D2B9EB020468EB25
:1090B00005030138002FACD0321B61EB030101FA2C
:1090C0000EFE22FA0CF34EEA030321FA0CF1C7E973
:1090D00000319EE702382C44C7E7023B2944D7E71A
:1090E000704700BF00000000010203040000000000
:1090F00000000000010203040607080948414C5F14
:109100005243435F4F7363436F6E66696700484124
:109110004C5F5243435F436C6F636B436F6E666992
:109120006700FFD092CE0051282573290A006361A1
:109130006E27F4646F65736E27F46F626A6563F47B
:10914000696E76616C69E4617267756D656EF427AE
:109150002571A76D7573F4617267756D656E74F333
:10916000756E737570706F727465E466756E637496
:10917000696FEE6E6FF4272573A7666F726D61F4E9
:1091800065786973F425E474EF62E56FE6746FEF58
:10919000747970E5636F6E766572F46578706563F7
:1091A00074F372657175697265E4666FF2696D706A
:1091B0006C656D656E7465E46B6579776F72E46CF0
:1091C000656E6774E8737472696EE7706F736974C3
:1091D000696F6E61ECE17370656369666965F2736E
:1091E0007570706F727465E4696E6465F869EE6934
:1091F000F3776974E861EE6172E7617474726962B1
:109200007574E5657870656374696EE7686176E525
:10921000696E74656765F26361706162696C697437
:109220006965F3616EE4656D7074F969736E27F4B6
:1092300072616E67E572657175697265F372657367
:1092400065727665E476616C75E561737369676E66
:109250006D656EF46964656E7469666965F250697E
:109260006E282571A9636F6D706C65F86F757473E6
:109270006964E567656E657261746FF2457874497B
:109280006EF46E61746976E573796E7461F8657871
:109290007065637465E46FF26F766572666C6FF784
:1092A00073657175656E63E566726FED6166746511
:1092B000F26572726FF26669656CE46861F3696EFB
:1092C000F46C617267E56D697373696EE76E65656D
:1092D00064F36EEF756E6B6E6F77EE627566666542
:1092E000F27265747572EE4144C354696D657228FB
:1092F0002564A96C6F6EE76D616EF96E616DE56F47
:109300007065726174696FEE6F75F472656465669D
:10931000696E65E462617564726174E563616C6CC9
:1093200061626CE56D756C7469706CE56E656761A2
:10933000746976E56E6F6E6C6F6361EC7265676978
:10934000737465F27475706CE543414E282564A909
:10935000616C6C6F7765E4616C72656164F962756C
:10936000F4737472756374BA737570706F72F47499
:10937000696D656F75F47573E525F161F462697463
:10938000F3636F64E5667265F16C6973F46D6F6425
:10939000E56E6565E47A6572EF696D706F72F46E03
:1093A000756D6265F273636B2F6D6F73692F6D69F5
:1093B00073EF73706563696669636174696FEE76F4
:1093C000616C7565F3766563746FF2696E636F6DDA
:1093D00070617469626CE56973737562636C617363
:1093E0007328A925F354696D65F26261E463616CC9
:1093F0006962726174696FEE636C6173F3666F75B5
:109400006EE467697665EE676FF4696E7374727502
:109410006374696FEE6C616265EC6C6F6361EC6D37
:10942000617463E80025236F00252378002E2E2E1B
:1094300020002E66726F7A656E002F666C6173680D
:10944000002F666C6173682F6C6962002F73640073
:109450002F73642F6C6962003C737464696E3E0004
:109460003C737472696E673E003E3E3E200041319F
:109470003100413132004144430041444331004115
:1094800044433132335F434F4D4D4F4E00414443CF
:1094900032004144433300414443416C6C00414439
:1094A000435F435231004144435F435232004144E1
:1094B000435F4452004144435F4854520041444397
:1094C0005F4A445231004144435F4A4452320041B2
:1094D00044435F4A445233004144435F4A44523458
:1094E000004144435F4A4F465231004144435F4A82
:1094F0004F465232004144435F4A4F465233004187
:1095000044435F4A4F465234004144435F4A5351FB
:1095100052004144435F4C5452004144435F534D19
:10952000505231004144435F534D50523200414448
:10953000435F53515231004144435F535152320013
:109540004144435F53515233004144435F535200FF
:109550004146315F54494D31004146315F54494DD8
:1095600032004146325F54494D33004146325F5428
:10957000494D34004146325F54494D350041463330
:109580005F54494D3130004146335F54494D3131CC
:10959000004146335F54494D38004146335F5449DA
:1095A0004D39004146345F49324331004146345F12
:1095B00049324332004146355F53504931004146FC
:1095C000355F53504932004146375F55534152543D
:1095D00032004146375F55534152543300414638BB
:1095E0005F555341525436004146395F43414E3135
:1095F000004146395F43414E32004146395F54498C
:109600004D3132004146395F54494D3133004146B6
:10961000395F54494D31340041465F494E4554004D
:1096200041465F494E4554360041465F4F44004134
:10963000465F505000414C5400414C545F4F5045E0
:109640004E5F445241494E00414E414C4F4700410C
:10965000505F4946004152524159004155544F0014
:109660004246494E543136004246494E5433320048
:109670004246494E543800424655494E5431360010
:10968000424655494E54333200424655494E5438AD
:109690000042465F4C454E0042465F504F530042E9
:1096A00049475F454E4449414E00424F54480042AD
:1096B000524B5F484947480042524B5F4C4F57005E
:1096C0004279746573494F0043414E0043454E54FF
:1096D00045520043495243554C415200434F524575
:1096E0005F54454D5000434F52455F564241540030
:1096F000434F52455F565245460043524300435242
:10970000435F4352004352435F4452004352435F1E
:10971000494452004354530043616E63656C6C6569
:10972000644572726F72004441430044414331000A
:109730004441435F4352004441435F444852313205
:109740004C31004441435F44485231324C32004472
:1097500041435F44485231324C44004441435F44EA
:10976000485231325231004441435F444852313211
:109770005232004441435F44485231325244004423
:1097800041435F444852385231004441435F4448AA
:1097900052385232004441435F44485238524400E8
:1097A0004441435F444F5231004441435F444F5270
:1097B00032004441435F5352004441435F53575486
:1097C00052494752004442474D4355004442474D99
:1097D00043555F41504231465A004442474D43553C
:1097E0005F41504232465A004442474D43555F4321
:1097F00052004442474D43555F4944434F4445005E
:1098000044434D490044454550534C4545505F52F3
:109810004553455400444D413100444D41320044CC
:109820004D415F484946435200444D415F484953CA
:109830005200444D415F4C4946435200444D415F04
:109840004C495352004465666C617465494F00454C
:109850004143434553004541444452494E555345C5
:109860000045414741494E0045414C52454144590C
:109870000045424144460045434F4E4E41424F52FF
:109880005445440045434F4E4E524546555345447A
:109890000045434F4E4E52455345540045455849A7
:1098A00053540045484F5354554E52454143480088
:1098B00045494E50524F47524553530045494E5625
:1098C000414C0045494F0045495344495200454EDB
:1098D000435F4100454E435F414200454E435F4276
:1098E00000454E4F4255465300454E4F44455600A5
:1098F000454E4F454E5400454E4F4D454D00454E4B
:109900004F54434F4E4E00454F504E4F54535550B9
:109910005000455045524D004552524F525F414311
:1099200054495645004552524F525F504153534996
:109930005645004552524F525F5741524E494E478D
:1099400000455448004554494D45444F5554004541
:1099500056545F46414C4C494E47004556545F5261
:109960004953494E47004556545F524953494E4763
:109970005F46414C4C494E470045585449004558B4
:1099800054495F454D5200455854495F465453521F
:1099900000455854495F494D5200455854495F505D
:1099A0005200455854495F52545352004558544947
:1099B0005F535749455200457874496E74004649D3
:1099C0004C544552535F4D415800464C41475F450A
:1099D00058545F494400464C41475F525452004638
:1099E0004C41475F554E4F52444552454400464C0A
:1099F00041534800464C4153485F41435200464C56
:109A00004153485F435200464C4153485F4B4559D0
:109A10005200464C4153485F4F5054435200464C0D
:109A20004153485F4F505443523100464C415348D4
:109A30005F4F50544B45595200464C4153485F5379
:109A40005200464C4F4154333200464C4F4154363D
:109A5000340046616C73650046696C65494F004689
:109A60006C617368004672616D6542756666657209
:109A7000004672616D6542756666657231004750D9
:109A8000494F41004750494F42004750494F43001A
:109A90004750494F44004750494F45004750494FB0
:109AA00046004750494F47004750494F48004750EC
:109AB000494F49004750494F5F4146523000475097
:109AC000494F5F41465231004750494F5F42535220
:109AD00052004750494F5F42535252480047504945
:109AE0004F5F425352524C004750494F5F494452D6
:109AF000004750494F5F4C434B52004750494F5F1E
:109B00004D4F444552004750494F5F4F4452004724
:109B100050494F5F4F535045454452004750494FBD
:109B20005F4F5459504552004750494F5F50555070
:109B30004452004753325F484D5342004753345F0D
:109B4000484D53420047533800475A495000484156
:109B500052445F5245534554004932433300493221
:109B600043546172676574004932435F4343520056
:109B70004932435F435231004932435F435232001E
:109B80004932435F4452004932435F4F41523100F2
:109B90004932435F4F415232004932435F535231A1
:109BA000004932435F535232004932435F545249B5
:109BB00053450049325332455854004932533345D6
:109BC000585400494F42617365004952515F414406
:109BD00044525F4D415443485F524541440049520D
:109BE000515F414444525F4D415443485F5752498D
:109BF0005445004952515F454E445F52454144002F
:109C00004952515F454E445F5752495445004952AD
:109C1000515F46414C4C494E47004952515F5245B5
:109C200041445F524551004952515F524953494E98
:109C300047004952515F524953494E475F46414C94
:109C40004C494E47004952515F5258004952515FAA
:109C5000525849444C45004952515F535441544570
:109C6000004952515F5458004952515F54585F4661
:109C700041494C4544004952515F54585F4944584A
:109C80005F4D41534B004952515F54585F4944580E
:109C90005F5348494654004952515F575249544511
:109CA0005F524551004957444700495744475F4B6D
:109CB0005200495744475F505200495744475F524A
:109CC0004C5200495744475F5352004C45445F4251
:109CD0004C5545004C45445F475245454E004C4568
:109CE000445F4F52414E4745004C45445F52454406
:109CF000004C4953543136004C4953543332004CD4
:109D00004954544C455F454E4449414E004D4153E2
:109D10004B3136004D41534B3332004D4153544586
:109D200052004D4F44455F4C4F4F504241434B0012
:109D30004D4F44455F4E4F524D414C004D4F4445B1
:109D40005F53494C454E54004D4F44455F53494C79
:109D5000454E545F4C4F4F504241434B004D4F4492
:109D6000455F534C454550004D4F4E4F5F484C5357
:109D700042004D4F4E4F5F484D5342004D4F4E4FA6
:109D80005F564C5342004D564C5342004E4154498D
:109D90005645004E6F6E65004E6F74496D706C6570
:109DA0006D656E746564004F435F41435449564589
:109DB000004F435F464F524345445F414354495629
:109DC00045004F435F464F524345445F494E414330
:109DD00054495645004F435F494E41435449564507
:109DE000004F435F54494D494E47004F435F544F26
:109DF00047474C45004F4E455F53484F54004F5521
:109E0000545F4F44004F55545F5050004F7264658B
:109E10007265644469637400504130005041310000
:109E20005041313000504131330050413134005005
:109E3000413135005041320050413300504134002F
:109E400050413500504136005041370050413800F4
:109E500050413900504230005042310050423130C0
:109E60000050423131005042313200504231330013
:109E7000504231340050423135005042320050429D
:109E800034005042350050423600504237005042B4
:109E900038005042390050433000504331005043A5
:109EA00031300050433131005043313200504331A2
:109EB00033005043313400504331350050433200B9
:109EC0005043330050433400504335005043360074
:109ED000504337005043380050433900504430005D
:109EE000504431005044313000504431310050442E
:109EF0003132005044313300504431340050443149
:109F00003500504432005044330050443400504433
:109F10003500504436005044370050443800504417
:109F20003900504530005045310050453130005027
:109F300045313100504531320050453133005045F4
:109F40003134005045313500504532005045330022
:109F500050453400504535005045360050453700D7
:109F60005045380050453900504552494F44494307
:109F7000005048300050483100504F4C4C45525230
:109F800000504F4C4C48555000504F4C4C494E00DF
:109F9000504F4C4C4F5554005054520050554C4C5F
:109FA0005F444F574E0050554C4C5F4E4F4E45004E
:109FB00050554C4C5F55500050574D0050574D5F19
:109FC000494E56455254454400505752005057523E
:109FD0004F4E5F5245534554005057525F43520015
:109FE0005057525F4353520050696E0050696E41A2
:109FF0004600524343005243435F41484231454E7D
:10A0000052005243435F414842314C50454E52004A
:10A010005243435F414842315253545200524343EA
:10A020005F41484232454E52005243435F414842ED
:10A03000324C50454E52005243435F4148423252E7
:10A04000535452005243435F41484233454E5200FD
:10A050005243435F414842334C50454E52005243B5
:10A06000435F4148423352535452005243435F418D
:10A07000504231454E52005243435F415042314CB1
:10A0800050454E52005243435F4150423152535467
:10A0900052005243435F41504232454E52005243B8
:10A0A000435F415042324C50454E52005243435F51
:10A0B0004150423252535452005243435F42444350
:10A0C00052005243435F43464752005243435F436B
:10A0D0004952005243435F4352005243435F43534C
:10A0E00052005243435F504C4C4346475200524348
:10A0F000435F504C4C49325343464752005243430E
:10A100005F535343475200524543565F4552525F97
:10A1100046554C4C00524543565F4552525F4F5690
:10A12000455252554E0052474235363500524E4741
:10A1300000524E475F435200524E475F4452005216
:10A140004E475F535200525443005254435F414CB8
:10A15000524D4152005254435F414C524D41535372
:10A1600052005254435F414C524D425200525443AC
:10A170005F414C524D42535352005254435F424B45
:10A18000503052005254435F424B503130520052D3
:10A1900054435F424B50313152005254435F424B63
:10A1A00050313252005254435F424B5031335200CF
:10A1B0005254435F424B50313452005254435F4239
:10A1C0004B50313552005254435F424B503136525E
:10A1D000005254435F424B50313752005254435F58
:10A1E000424B50313852005254435F424B50313948
:10A1F00052005254435F424B503152005254435F1D
:10A20000424B503252005254435F424B5033520043
:10A210005254435F424B503452005254435F424BBE
:10A22000503552005254435F424B50365200525404
:10A23000435F424B503752005254435F424B5038B9
:10A2400052005254435F424B503952005254435FC4
:10A2500043414C494252005254435F43414C5200E7
:10A260005254435F4352005254435F44520052548D
:10A27000435F495352005254435F5052455200527B
:10A2800054435F534849465452005254435F53531A
:10A2900052005254435F5441464352005254435F6C
:10A2A0005452005254435F54534452005254435F3B
:10A2B0005453535352005254435F54535452005218
:10A2C00054435F575052005254435F575554520005
:10A2D0005254530052696E67494F005344494F002E
:10A2E000534C41564500534F434B5F444752414DF9
:10A2F00000534F434B5F52415700534F434B5F5303
:10A30000545245414D00534F46545F5245534554B6
:10A3100000534F4C5F534F434B455400534F5F42E4
:10A32000524F41444341535400534F5F4B454550B6
:10A33000414C49564500534F5F52435654494D4591
:10A340004F00534F5F5245555345414444520053CB
:10A350004F5F534E4454494D454F005350493300CD
:10A360005350495F435231005350495F43523200CA
:10A370005350495F4352435052005350495F445237
:10A38000005350495F4932534346475200535049A6
:10A390005F4932535052005350495F525843524321
:10A3A00052005350495F5352005350495F54584331
:10A3B0005243520053544154455F4143544956451A
:10A3C0000053544154455F4255535F4F4646005336
:10A3D000544154455F5041535349564500535441ED
:10A3E00054455F53544F50504544005354415445D5
:10A3F0005F5741524E494E47005354415F49460012
:10A400005357005359534346470053595343464704
:10A410005F434D504352005359534346475F45589D
:10A420005449435230005359534346475F455854AB
:10A4300049435231005359534346475F45585449A5
:10A44000435232005359534346475F45585449439A
:10A450005233005359534346475F4D454D524D507B
:10A46000005359534346475F504D4300536572763E
:10A470006F005369676E616C00536F6674493243B5
:10A4800000536F66745350490053746F7041737971
:10A490006E63497465726174696F6E00537472699A
:10A4A0006E67494F005377697463680054494D36AD
:10A4B0000054494D370054494D5F415252005449B0
:10A4C0004D5F424454520054494D5F43434552004E
:10A4D00054494D5F43434D52310054494D5F43430E
:10A4E0004D52320054494D5F434352310054494D5F
:10A4F0005F434352320054494D5F4343523300544B
:10A50000494D5F434352340054494D5F434E54001C
:10A5100054494D5F4352310054494D5F435232001C
:10A5200054494D5F4443520054494D5F444945529C
:10A530000054494D5F444D41520054494D5F4547D9
:10A54000520054494D5F4F520054494D5F505343A0
:10A550000054494D5F5243520054494D5F534D439F
:10A56000520054494D5F53520054585F5155455560
:10A57000455F4C454E005461736B005461736B51E1
:10A58000756575650054657874494F5772617070D0
:10A5900065720054696D65720054696D6572436837
:10A5A000616E6E656C0054727565005541525400C1
:10A5B00055415254340055415254350055494E547A
:10A5C0000055494E54363400554C4F4E4700554CBB
:10A5D0004F4E474C4F4E4700555341525431005552
:10A5E000534152545F4252520055534152545F43BB
:10A5F00052310055534152545F435232005553413A
:10A6000052545F4352330055534152545F445200F9
:10A6100055534152545F4754505200555341525480
:10A620005F5352005553425F444D005553425F44BF
:10A6300050005553425F484944005553425F4F54C0
:10A64000475F4653005553425F4F54475F4853009E
:10A650005553425F564350005553484F525400558E
:10A660006E69636F64654572726F72005643502B5A
:10A67000484944005643502B4D5343005643502BFA
:10A680004D53432B48494400564F49440056667386
:10A6900046617400566970657254797065457272CE
:10A6A0006F7200574454005744545F524553455409
:10A6B000005757444700575744475F434652005797
:10A6C0005744475F435200575744475F5352005A1D
:10A6D0004C4942005F5F61656E7465725F5F005F49
:10A6E0005F61657869745F5F005F5F61697465725F
:10A6F0005F5F005F5F616C6C5F5F005F5F616E65F5
:10A7000078745F5F005F5F62617365735F5F005FB6
:10A710005F6275696C645F636C6173735F5F005F38
:10A720005F64656C5F5F005F5F64656C6174747229
:10A730005F5F005F5F646963745F5F005F5F6669AE
:10A740006C655F5F005F5F676C6F62616C735F5F1A
:10A75000005F5F696D706F72745F5F005F5F706153
:10A7600074685F5F005F5F7265706C5F7072696EC6
:10A77000745F5F005F5F72657665727365645F5FCB
:10A78000005F5F7365745F6E616D655F5F005F5F43
:10A79000736574617474725F5F005F5F747261638C
:10A7A000656261636B5F5F005F6173796E63696FA0
:10A7B000005F6275696C64005F6D616368696E65F6
:10A7C000005F6D7079005F6F6E6577697265005F1D
:10A7D0007461736B5F7175657565006132625F628C
:10A7E0006173653634006162735F746F6C0061631E
:10A7F000636570740061636F730061636F736800F9
:10A80000616464725F73697A650061646472657320
:10A81000736F660061660061665F6C6973740061E6
:10A820006C69676E00616C6C6F635F656D65726704
:10A83000656E63795F657863657074696F6E5F627A
:10A84000756600616C7400616E645F0061707065B4
:10A850006E646C6566740061726776006173696E20
:10A86000006173696E680061736D5F7468756D6215
:10A8700000617372006174616E006174616E320018
:10A880006174616E68006175746F5F726573746185
:10A890007274006232615F626173653634006261B6
:10A8A0006E6B006261756472617465006269670055
:10A8B00062696E0062696E61736369690062696EE4
:10A8C00064006269747261746500626974737472A1
:10A8D00065616D00626C00626C697400626F6F7418
:10A8E0006C6F6164657200626F756E645F6D657434
:10A8F000686F640062726B006273310062733200D1
:10A9000062756666657200627566666572696E6715
:10A91000006278006279746561727261795F617456
:10A9200000627974656F7264657200627974657330
:10A930005F61740063616C6373697A650063616C65
:10A940006962726174696F6E0063616E63656C0049
:10A9500063616E63656C5F73656E640063617074E0
:10A96000757265006365696C0063656E746572007D
:10A9700063686469720063686F69636500636C652E
:10A98000617266696C74657200636C6F7375726571
:10A9900000636C7A00636D61746800636F6C6C6552
:10A9A000637400636F6C6C656374696F6E730063CE
:10A9B0006F6D7061726500636F6D70696C650063C7
:10A9C0006F6D706C657800636F70797369676E0086
:10A9D000636F726F00636F756E74657200636F757D
:10A9E0006E74727900637073696400637073696573
:10A9F0000063726300637263333200637263380012
:10AA00006375725F7461736B00646174610064618B
:10AA1000746574696D65006465616474696D650071
:10AA20006465636F64650064656570736C6565700B
:10AA3000006465666C617465006465677265657362
:10AA4000006465696E69740064656C617474720099
:10AA500064656C6574657200646571756500646831
:10AA6000745F72656164696E746F00646963745FBA
:10AA700076696577006469676573740064697361FA
:10AA8000626C650064697361626C655F6972710014
:10AA90006469736361726400646D6100646F630074
:10AAA00064756D700064756D7073006475707465A5
:10AAB000726D00647574795F6E7300647574795F8C
:10AAC00075313600656C61707365645F6D696372C2
:10AAD0006F7300656C61707365645F6D696C6C6940
:10AAE0007300656C6C6970736500656E61626C659E
:10AAF00000656E61626C655F69727100656E636F9F
:10AB0000646500656E756D65726174650065726679
:10AB10000065726663006572726E6F006572726FB7
:10AB200072636F6465006578656366696C6500656E
:10AB3000786974006578706D31006578746672614B
:10AB40006D650066616273006661756C745F646553
:10AB50006275670066656564006669666F006669B0
:10AB60006C6C0066696C6C5F726563740066697218
:10AB7000737462697400666C61677300666C6F6FF2
:10AB80007200666C6F7700666C75736800666D6F37
:10AB900064006672616D65627566006672657870E4
:10ABA0000066726F6D6865780066726F6D6B6579AF
:10ABB000730066726F7A656E7365740066756E6396
:10ABC00074696F6E0067630067656E63616C6C002B
:10ABD00067656E657261746F72006765745F636F3D
:10ABE000756E74657273006765745F74696D696E04
:10ABF00067730067657461646472696E666F00678D
:10AC000065746377640067657472616E6462697409
:10AC100073006765747465720067657476616C753E
:10AC20006500676D74696D65006770696F006772B4
:10AC30006F7570006861726400686172645F72654C
:10AC400073657400686173686C6962006861766539
:10AC50005F63646300686561705F6C6F636B00685D
:10AC60006561705F756E6C6F636B006865617069BC
:10AC700066790068656170706F70006865617070FA
:10AC80007573680068656170710068656C70006854
:10AC90006964006869645F6B6579626F6172640002
:10ACA0006869645F6D6F75736500686967680068DF
:10ACB0006C696E650069646C650069676E6F7265CA
:10ACC00000696C69737464697200696D6167006919
:10ACD0006D706C656D656E746174696F6E00696E20
:10ACE000646963657300696E70757400696E74657C
:10ACF0006E7369747900696E7465727365637469E3
:10AD00006F6E00696E74657273656374696F6E5FF0
:10AD100075706461746500696E7665727400696F40
:10AD200063746C0069706F6C6C0069735F7265614D
:10AD30006479006973636C6F7365006973636F6E28
:10AD40006E65637465640069736469736A6F696EC4
:10AD500074006973656E61626C656400697366692D
:10AD60006E697465006973696E660069736E616E01
:10AD700000697373756273657400697373757065C8
:10AD800072736574006974656D73697A65006A73BE
:10AD90006F6E006B62645F696E7472006B656570E4
:10ADA000656E6473006C6162656C006C64657870DC
:10ADB000006C647262006C64726578006C64726826
:10ADC000006C656E677468006C67616D6D61006C26
:10ADD0006962635F766572006C69676874736C653D
:10ADE0006570006C697374656E006C6F6164006CF3
:10ADF0006F616473006C6F63616C74696D65006C86
:10AE00006F673130006C6F6732006C736C006C736D
:10AE100072006D616B6566696C65006D617070656F
:10AE200072006D61746368006D6178006D617869AE
:10AE30006D756D20726563757273696F6E206465E0
:10AE4000707468206578636565646564006D617819
:10AE500073697A65006D656D3136006D656D3332ED
:10AE6000006D656D38006D656D5F61646472736956
:10AE70007A65006D656D5F616C6C6F63006D656D0B
:10AE80005F6261636B7570006D656D5F66726565AD
:10AE9000006D656D5F696E666F006D656D5F7265F3
:10AEA0006164006D656D5F7772697465006D656DD5
:10AEB00061646472006D656D6F72797669657700A3
:10AEC0006D696E006D69736F006D6B646972006D02
:10AED0006B6673006D6B74696D65006D6F64660001
:10AEE0006D6F64696679006D6F64756C65006D6F78
:10AEF00064756C6573006D6F7369006D6F767400B7
:10AF00006D6F7677006D6F767774006D7363006E8A
:10AF1000616D65647475706C65006E616D6573005C
:10AF20006E6174697665006E6574776F726B006E22
:10AF300065776C696E65006E6F64656E616D650046
:10AF40006E6F697365006E6F70006E7373006E755F
:10AF50006D5F66696C7465725F62616E6B73006FC2
:10AF60006374006F6666006F70745F6C6576656C05
:10AF7000007061636B5F696E746F00706172616D08
:10AF8000730070617468007065656B0070656E6455
:10AF90005F7468726F770070685F6B6579007068C6
:10AFA000617365007069007069640070696E00709B
:10AFB0006978656C00706C6174666F726D00706F9B
:10AFC0006C617200706F6C617269747900706F6C83
:10AFD0007900706F706C6566740070726573636180
:10AFE0006C6572007072696E745F65786365707409
:10AFF000696F6E0070726F70657274790070733172
:10B0000000707332007074720070747231360070A8
:10B010007472333200707472380070756C6C00702A
:10B02000756C73655F77696474680070756C7365BF
:10B030005F77696474685F6E730070756C73655FC9
:10B0400077696474685F70657263656E74007075AB
:10B050006C73655F77696474685F75730070776D92
:10B060000070796200707974686F6E5F636F6D70E5
:10B07000696C657200717374725F696E666F0072DD
:10B08000616469616E730072616E64696E740072EE
:10B09000616E6472616E67650072626974007265E8
:10B0A00061645F6275665F6C656E00726561645FA6
:10B0B0006368616E6E656C00726561645F636F7278
:10B0C000655F74656D7000726561645F636F726562
:10B0D0005F7662617400726561645F636F72655F61
:10B0E0007672656600726561645F74696D6564009F
:10B0F000726561645F74696D65645F6D756C7469B8
:10B1000000726561645F75313600726561645F76F7
:10B11000726566007265616462697400726561647B
:10B12000626C6F636B730072656164627974650051
:10B130007265616463686172007265616466726FF2
:10B140006D007265616466726F6D5F696E746F0029
:10B150007265616466726F6D5F6D656D00726561C9
:10B160006466726F6D5F6D656D5F696E746F00729E
:10B170006561646C696E657300726561646F6E6CA5
:10B1800079007265616C007265637666726F6D003E
:10B1900072656700726567730072656C5F746F6CCF
:10B1A0000072656C656173650072656E616D650046
:10B1B0007265706C5F696E666F007265706C5F754A
:10B1C0006172740072657365745F636175736500A5
:10B1D000726576657273656400726D64697200727F
:10B1E0006E6700726F757465007270617274697455
:10B1F000696F6E00727472007278627566007278A0
:10B2000063616C6C6261636B0073616D706C655F30
:10B21000706F696E74007363616E00736368656458
:10B22000756C650073636B0073636C007363726F9E
:10B230006C6C00736461007364697600736561729D
:10B2400063680073656564007365656B0073656CA6
:10B250006563740073656E645F7265637600736521
:10B260006E64616C6C0073656E64627265616B0024
:10B2700073656E64746F00736570617261746F7270
:10B280007300736572766F007365745F66696C74C2
:10B2900065727300736574626C6F636B696E6700CF
:10B2A00073657466696C74657200736574696E7435
:10B2B00065727275707400736574736F636B6F7011
:10B2C00074007365747465720073657474696D6578
:10B2D0006F7574007368613235360073696E676C20
:10B2E000650073697A656F6600736A7700736C65D1
:10B2F00065705F6D7300736C6565705F7573007367
:10B300006C69636500736F66745F72657365740062
:10B31000736F757263655F667265710073706565E2
:10B32000640073706C69746C696E6573007374612A
:10B33000636B5F757365007374616E64627900732B
:10B3400074617400737461746500737461747666FB
:10B35000730073746465727200737464696E007351
:10B3600074646F75740073746D007374726200732B
:10B3700074726578007374726800737472756374A4
:10B3800000737562007377696E740073796D6D6513
:10B39000747269635F646966666572656E63650091
:10B3A00073796D6D65747269635F646966666572F1
:10B3B000656E63655F757064617465007379736E43
:10B3C000616D65007461750074656C6C0074687201
:10B3D0006573686F6C64007469636B5F687A00748E
:10B3E00069636B735F616464007469636B735F634B
:10B3F0007075007469636B735F6469666600746975
:10B40000636B735F6D73007469636B735F75730057
:10B4100074696D655F6E730074696D655F70756CDE
:10B4200073655F75730074696D656F75745F6368CC
:10B43000617200746F67676C6500747269616E6732
:10B440006C65007472756E630074736567310074A7
:10B4500073656732007478646F6E65007563747924
:10B46000706573007564656C617900756469760058
:10B47000756D6F756E7400756E616D6500756E68C3
:10B4800065786C69667900756E69666F726D0075B6
:10B490006E696F6E00756E697175655F69640075C0
:10B4A0006E6C696E6B00756E7061636B5F66726F58
:10B4B0006D00756E7265676973746572007572618F
:10B4C0006E646F6D007573625F6D6F646500757398
:10B4D000797300757466380076636D7000766376F4
:10B4E000745F6633325F73333200766376745F73F2
:10B4F00033325F6633320076657273696F6E007641
:10B50000657273696F6E5F696E666F00766964005D
:10B51000766970657200766C647200766C696E652F
:10B5200000766D6F7600766D727300766E656700DB
:10B53000767371727400767374720077616B6575DF
:10B5400070007766690077726974655F726561641F
:10B55000696E746F0077726974655F74696D656494
:10B5600000777269746562697400777269746562E4
:10B570006C6F636B730077726974656279746500D0
:10B580007772697465636861720077726974657453
:10B590006F007772697465746F5F6D656D007772A7
:10B5A00069746576746F007B3A23627D005F5F6427
:10B5B00069725F5F003C6D6F64756C653E005F5F34
:10B5C00063616C6C5F5F005F5F636C6173735F5F8F
:10B5D000005F5F64656C6974656D5F5F005F5F65E8
:10B5E0006E7465725F5F005F5F657869745F5F00AE
:10B5F0005F5F676574617474725F5F005F5F67654A
:10B60000746974656D5F5F005F5F686173685F5F39
:10B61000005F5F696E69745F5F005F5F696E745F92
:10B620005F005F5F697465725F5F005F5F6C656E8E
:10B630005F5F005F5F6D61696E5F5F005F5F6D6F91
:10B6400064756C655F5F005F5F6E616D655F5F0075
:10B650005F5F6E65775F5F005F5F6E6578745F5FE9
:10B66000005F5F7175616C6E616D655F5F005F5F4C
:10B67000726570725F5F005F5F7365746974656D9A
:10B680005F5F005F5F7374725F5F0041726974682F
:10B690006D657469634572726F7200417373657290
:10B6A00074696F6E4572726F720041747472696270
:10B6B0007574654572726F7200454F464572726FC0
:10B6C0007200456C6C697073697300496D706F72BC
:10B6D000744572726F7200496E64656E746174694C
:10B6E0006F6E4572726F7200496E64657845727252
:10B6F0006F72004B65794572726F72004B657962AB
:10B700006F617264496E74657272757074004C6F0B
:10B710006F6B75704572726F72004D656D6F7279E7
:10B720004572726F72004E616D654572726F720084
:10B730004E6F6E6554797065004E6F74496D706C14
:10B74000656D656E7465644572726F72004F534526
:10B7500072726F72004F766572666C6F77457272A7
:10B760006F720052756E74696D654572726F72000A
:10B7700053796E7461784572726F72005379737485
:10B78000656D457869740056616C75654572726FB8
:10B7900072005A65726F4469766973696F6E45729B
:10B7A000726F7200616E7900617070656E64006224
:10B7B0006F6F6C006275696C74696E730062797486
:10B7C0006561727261790062797465636F646500A6
:10B7D00063616C6C61626C650063687200636C61CC
:10B7E00073736D6574686F6400636C656172006388
:10B7F0006F6E737400636F7079006469766D6F6447
:10B8000000656E647377697468006576616C0065C5
:10B8100078656300657874656E6400666F726D614B
:10B82000740066726F6D5F6279746573006765742A
:10B830006174747200676C6F62616C73006861732D
:10B8400061747472006861736800696E7365727404
:10B85000006973616C706861006973646967697419
:10B86000006973696E7374616E63650069736C6FF0
:10B8700077657200697373706163650069737375CE
:10B8800062636C6173730069737570706572006ACE
:10B890006F696E006C6974746C65006C6F63616CC9
:10B8A00073006C7374726970006D61696E006D6114
:10B8B00070006D6963726F707974686F6E006E6589
:10B8C0007874006F626A656374006F70656E0070F3
:10B8D0006F706974656D00706F77007072696E7457
:10B8E00000726561646C696E650072656D6F766586
:10B8F000007265706C6163650072657072007265DC
:10B900007665727365007266696E640072696E6452
:10B91000657800726F756E64007273706C69740084
:10B92000727374726970007365700073657461740A
:10B9300074720073657464656661756C7400736F0E
:10B94000727400736F7274656400737461727473DF
:10B9500077697468007374617469636D6574686F86
:10B96000640073746F700073756D00737570657229
:10B9700000746F5F6279746573007574662D3800AA
:10B980007A6970003C64696374636F6D703E003C5B
:10B9900067656E657870723E003C6C616D626461D3
:10B9A0003E003C6C697374636F6D703E003C736560
:10B9B00074636F6D703E005F5F6162735F5F005F15
:10B9C0005F6164645F5F005F5F616E645F5F005F23
:10B9D0005F626F6F6C5F5F005F5F636F6D706C6560
:10B9E000785F5F005F5F636F6E7461696E735F5F46
:10B9F000005F5F64656C6574655F5F005F5F6469CD
:10BA0000766D6F645F5F005F5F65715F5F005F5FB2
:10BA1000666C6F61745F5F005F5F666C6F6F72640E
:10BA200069765F5F005F5F67655F5F005F5F6765A7
:10BA3000745F5F005F5F67745F5F005F5F69616491
:10BA4000645F5F005F5F696E766572745F5F005F61
:10BA50005F697375625F5F005F5F6C655F5F005F6A
:10BA60005F6C73686966745F5F005F5F6C745F5FD3
:10BA7000005F5F6D61746D756C5F5F005F5F6D6F20
:10BA8000645F5F005F5F6D756C5F5F005F5F6E6539
:10BA90005F5F005F5F6E65675F5F005F5F6F725F34
:10BAA0005F005F5F706F735F5F005F5F706F775FF6
:10BAB0005F005F5F726164645F5F005F5F72616E11
:10BAC000645F5F005F5F72666C6F6F726469765F60
:10BAD0005F005F5F726C73686966745F5F005F5FD1
:10BAE000726D61746D756C5F5F005F5F726D6F6426
:10BAF0005F5F005F5F726D756C5F5F005F5F726FAD
:10BB0000725F5F005F5F72706F775F5F005F5F7291
:10BB10007273686966745F5F005F5F7273686966FD
:10BB2000745F5F005F5F727375625F5F005F5F727B
:10BB3000747275656469765F5F005F5F72786F72BB
:10BB40005F5F005F5F7365745F5F005F5F73756267
:10BB50005F5F005F5F747275656469765F5F005F49
:10BB60005F786F725F5F00747275650066616C73F9
:10BB7000650028295B5D7B7D2C3B7E3A653D3C65FD
:10BB80003D633C653D3E653D633E653D2A653D63E5
:10BB90002A653D2B653D2D653D653E26653D7C65F1
:10BBA0003D2F653D632F653D25653D5E653D4065E7
:10BBB0003D3D653D212E002E666F726D617428003B
:10BBC000FF756E69636F6465D065736361706573DB
:10BBD000005F5F64656275675F5F00616E6400614E
:10BBE0007300617373657274006173796E630061D1
:10BBF0007761697400636F6E74696E756500646562
:10BC00006C00656C696600656C73650065786365DA
:10BC100070740066696E616C6C7900696D706F722A
:10BC200074006C616D626461006E6F6E6C6F636155
:10BC30006C006E6F7400706173730072657475725E
:10BC40006E007768696C6500FF8A9D636F6E737420
:10BC5000616E7400756E65787065637465642069E3
:10BC60006E64656E7400FF756E696E64656E7481D6
:10BC7000FF616E79206F7574657220696E64656E00
:10BC800074206C6576656C006D616C666F726D65B5
:10BC90006420662D737472696E6700FF83BA00FFBB
:10BCA0002A788690B274617267657400FF276272A9
:10BCB00065616B272F27636F6E74696E756527B694
:10BCC0006C6F6F7000FFB3D3617320676C6F62613C
:10BCD0006C00FFC862696E64696E6797D8F900FFEF
:10BCE000B3D36173D800FFC9938500FF616E6E6F97
:10BCF000746174696F6E8690A4B300FF806465639D
:10BD00006C617265D8A16F75746572E600FF277962
:10BD100069656C6427B68900FFA76B65793A76611F
:10BD20006C7565976469637400FFA76A7573749D89
:10BD3000B19773657400FF6E6F6E2D6465666175F3
:10BD40006C7484666F6C6C6F777320646566617564
:10BD50006C748400FF2772657475726E27B6890053
:10BD6000FF8064656C6574652065787072657373B7
:10BD7000696F6E00FF84D072657573656400FF693A
:10BD80006E6C696E6520617373656D626C65728639
:10BD9000909D8900FFC99300FFCB616E6E6F746147
:10BDA00074696F6E8690A4B300FFA7A46173736576
:10BDB0006D626C6572FC00FF276C6162656C27AF79
:10BDC000318400FFFDD300FF27616C69676E27AFE8
:10BDD000318400FF276461746127AFE46C6561738F
:10BDE0007420328700FF276461746127AFA9870040
:10BDF000FF8061737369676E8F65787072657373A6
:10BE0000696F6E00FFD62A78A1B200FF6173796E68
:10BE10006320666F722F77697468B66173796E6399
:10BE20008900FF64656661756C74202765786365B9
:10BE300070742786906C61737400FF2AA5C02A2A4B
:10BE400000FF2AA5C06B7761726700FF92CF617215
:10BE5000677300FF4C48539199A58690A4696400CC
:10BE6000FF9CA5C02A2A00FF9CA5C099A500FF73CE
:10BE70007570657228298066696E642073656C66CA
:10BE800000FF27617761697427B68900FF836D69B8
:10BE900063726F707974686F6E206465636F72612E
:10BEA000746F7200FFEC2A8AE46D6F64756C652014
:10BEB0006C6576656C00FF62797465636F6465BD5F
:10BEC00000FF92CF6C6F63616C7397B96D65746896
:10BED0006F6400FFFE8575736564206265666F722E
:10BEE00065936B6E6F776E00FF636F6E766572732E
:10BEF000696F6E8F8200FFFE85C39385DE736F7559
:10BF0000726365A28500FF276E6F74278A9800FF11
:10BF100080646F20756E617279206F70918500FF6B
:10BF2000B9726169736500FF867261697365A48285
:10BF300000FF80696D706C696369746C7994858F9A
:10BF400027626F6F6C2700FFCBBB85DEFB8500632C
:10BF5000617374696E6700FF6469762F6D6F648A20
:10BF6000989775696E7400FF636F6D706172697385
:10BF70006F6E91C4AB75696E7400FF62696E617219
:10BF800079206F70E38A9800FF80646F2062696E89
:10BF9000617279206F70206265747765656E85AB1C
:10BFA0008500FFB97969656C6400FF806C6F61641E
:10BFB000BF8500FF806C6F6164A385A000FF807364
:10BFC000746F72658500FF8073746F72658F850072
:10BFD000FF8073746F7265A385A000FF8B95A461C9
:10BFE0006464726573739174686520666F726D2006
:10BFF0005B612C20625D00FF8B95A4A900FF8BA9DB
:10C000003078257881666974A16D61736B20307812
:10C01000257800FF8B959DFD00FFFD858A64656690
:10C02000696E656400FF8B95E46D6F7374207225F3
:10C030006400FF8B95A4465055D900FF8B959DD980
:10C0400000FF8B957B72302C2072312C202E2E2EEF
:10C050007D00FF63616E206F6E6C79A875708F3400
:10C0600020706172616D65746572738F5468756D4F
:10C070006220617373656D626C7900FF706172613B
:10C080006D657465727386907265676973746572A5
:10C0900073A1BE72308F723300415053525F6E7A7B
:10C0A000637600465053435200FF8B959D73706535
:10C0B0006369616CD900FF885468756D62FC8BA35D
:10C0C0008E8700FF6272616E63688AA1AE00FF69AD
:10C0D0006E742829A53286903E3D2032AB3C3D202F
:10C0E000333600FF83BA97A9A3626173658E00FFA0
:10C0F00083BA97ED00FFF22E6D70792066696C654A
:10C1000000FFF22E6D7079206172636800FFD085A8
:10C11000AD646566696E656400FF88939725713A22
:10C120008B00FF8B82ADD500FF6578636570746905
:10C130006F6E7386646572697665BF42617365452B
:10C140007863657074696F6E00FF938285C3C8A6BB
:10C150008500FF8B82C3C8A68500FFB77261697333
:10C1600065642053746F70497465726174696F6E91
:10C1700000FF8B82AD6974657261626C6500FF8B34
:10C1800082ADA46974657261746F7200FFEA6D6FAD
:10C190007265207468616E8EF08F756E7061636B6E
:10C1A00000FF92CFF08F756E7061636B2028657809
:10C1B0007065637465642025642900FF80ECD0E31A
:10C1C00000FF6D656D6F727920616C6C6F636174D7
:10C1D000696F6E206661696C65642C2068656170AA
:10C1E000A26C6F636B6564006D656D6F7279206121
:10C1F0006C6C6F636174696F6E206661696C6564F5
:10C200002C20616C6C6F636174696E6720257520EA
:10C21000627974657300FFD7736869667420636F11
:10C22000756E7400FF8874797065739725713A2074
:10C23000272573272C8B00FF64697669646520626B
:10C2400079EB00FF84C377726F6E679300FF809471
:10C25000F48FC400FF898174616B65998700FF8941
:10C2600074616B65738E9C87DE8E77657265FA00EC
:10C27000FF89C68E969C8700FF89BBE46D6F73743F
:10C280008E617267756D656E74732CFB8E00FF8511
:10C29000849600FF65787472619C87FA00FF657868
:10C2A0007472619987FA00FF99617267756D656EA6
:10C2B000742873298A982DE26E6F726D616C20610B
:10C2C00072677320696E7374656164003C25713E0A
:10C2D0000054726163656261636B20286D6F7374D3
:10C2E00020726563656E742063616C6C206C617391
:10C2F00074293A0A00202046696C652022257122A3
:10C300002C206C696E65202564002C20696E202528
:10C31000710A00FF8094F48F666C6F617400FF8077
:10C3200094F48FB500FF828BAD9DDABCE800FF72FC
:10C3300065717565737465649A8EDE82C39A8E002A
:10C34000FFE3696E64696365738690696E746567FF
:10C350006572732C8AF400FFE3A0D291AE00FF82D5
:10C3600091938BC3C86C656E282900FF8B8281E096
:10C370006974656D2064656C6574696F6E00FF8B10
:10C3800082AD73756273637269707461626C65000B
:10C39000FF8B8281E06974656DB200FF82A3CA7071
:10C3A000726F746F636F6C960062797465617272FC
:10C3B00061792862006172726179282725632700FC
:10C3C0002C205B002C2000FF6F6E6C7920736C6951
:10C3D000636573A3737465703D312028616B6120C0
:10C3E0004E6F6E6529206172659F00FF6C6873ABAC
:10C3F0007268732073686F756C6490636F6D7061A1
:10C400007469626C6500FF61727261792F62797480
:10C410006573966F6E2072696768742073696465CE
:10C4200000FF6D656D6F727976696577206F66665E
:10C4300073657492C500FF9B84776974686F757427
:10C44000A4656E636F64696E670025713D006A299B
:10C45000006A00FF807472756E636174652D646993
:10C46000766964659DB5ED00FFB5646976696465BC
:10C47000206279EB00FF302E308F9DB5706F7765AD
:10C480007200FFAC00285B005D2900FF706F7069CF
:10C4900074656D28293A2064696374696F6E6172EE
:10C4A00079A2AC00257128007B002200FF6469633B
:10C4B0007420757064617465BEC377726F6E679A1D
:10C4C00000646963745F6974656D730064696374A3
:10C4D0005F6B65797300646963745F76616C756521
:10C4E00073005B4572726E6F2025645D20257100BC
:10C4F0003C66756E6374696F6E20257120617420CF
:10C50000307825703E00FFB7DD6578656375746926
:10C510006E67003C67656E657261746F72206F6252
:10C520006A65637420272571272061742025703E79
:10C5300000FF8073656E64206E6F6E2D4E6F6E65AA
:10C54000B18F9D6A7573742D73746172746564B76D
:10C5500000FFB769676E6F7265642047656E65722C
:10C5600061746F724578697400FF8094696E668F9C
:10C57000C400FF80944E614E8FC400FF706F772817
:10C5800029A33387AF696E74656765727300FFBD59
:10C59000636F6E76657274696E67CEC48F6D61630A
:10C5A00068696E6520776F726400FF8094D7C48FCE
:10C5B000756E7369676E656400FFB1776F756C6443
:10C5C000BD9D8E62797465CA00FF706F70BFACE864
:10C5D000003C6D6F64756C6520272573272066729B
:10C5E0006F6D20272573273E003C6D6F64756C6569
:10C5F00020272573273E00FFA58690757365722D51
:10C600007479706500FFC873756368A6006E756CF9
:10C610006C00FF80736574A600FF756E65787065A9
:10C620006374656499848500FF89FBD6F0978485DF
:10C6300000FFEB737465700072616E676528256496
:10C640002C202564002C2025642900FF706F70BF0A
:10C65000A4AC7365740073657428290066726F7AE0
:10C66000656E7365742800736C6963652800FF73D9
:10C670006C69636520737465708090EB00FF809433
:10C6800085828FE3696D706C696369746C7900FFF2
:10C690006A6F696E959DE8917374722F6279746503
:10C6A00073206F626A6563747320636F6E7369735E
:10C6B00074656E74A373656C6682006E6F6E2D6810
:10C6C000657820646967697400FFC9656E636F648B
:10C6D000696E673AE300FF636861728AA172616EF6
:10C6E000676528307831313030303029005C25637F
:10C6F000005C5C005C6E005C72005C74005C782521
:10C70000303278005C752530347800FF62797465CA
:10C7100073B1D291AE00FF737562737472696E6704
:10C720008AF900FFAC736570617261746F7200FF0B
:10C7300077726F6E67ED918700FF8CC79D646963A8
:10C740007400FF696E636F6D706C6574658C6B65EA
:10C750007900FF696E636F6D706C6574658C00FFA6
:10C760008C9BC76D6F72658700FF2563C7C4BC6370
:10C7700068617200FFA96E656564656400FF888C5E
:10C7800063686172616374657220272563272028BE
:10C790003078257829E4A08E00FF8C9B6469646E54
:10C7A000277494616C6C87007273706C6974284E86
:10C7B0006F6E652C6E2900FF73696E676C652027AC
:10C7C0007D2720656E636F756E7465726564A18CDC
:10C7D0009B00FFF6636F6E76657273696F6E9E00E5
:10C7E000FF756E6D61746368656420277B27A18C7B
:10C7F00000FFBB273A27C08C9E00FF8073776974C7
:10C800006368BF6175746F6D61746963C26E756DC5
:10C81000626572696E678F6D616E75616CC2EF00E3
:10C82000FFDAA0D291AE00FF617474726962757410
:10C8300065738A9F00FF80737769746368BF6D6159
:10C840006E75616CC2EF8F6175746F6D6174696331
:10C85000C26E756D626572696E67003C3E3D5E003A
:10C860006263646545664667476E6F737858250056
:10C87000FF838C9E00FF7369676E8ADCA19B8C9E90
:10C8800000FF7369676E8ADCA3A98C9E276327006B
:10C89000FFC98CE627256327978291938B00FF279A
:10C8A0003D2720616C69676E6D656E748ADCA19BA3
:10C8B0008C9E005C552530387800FF9B696E64695A
:10C8C0006365738690696E7465676572732C8AF40C
:10C8D00000FF9BA0D291AE003C696F2E5374726929
:10C8E0006E67494F20307825783E003C696F2E42B4
:10C8F00079746573494F20307825783E00FF492FC1
:10C900004FD16F6E20636C6F7365642066696C65D0
:10C91000002C0063616C6C20737570657228292E81
:10C920005F5F696E69745F5F28292066697273743E
:10C93000003C636C61737320272571273E00FF75EF
:10C940006E7265616461626C65A6003C2573206F40
:10C95000626A6563742061742025703E003C7375C3
:10C960007065723A2000FF80637265617465856945
:10C970006E7374616E63657300FF8061646420731D
:10C9800070656369616C206D6574686F648F616C3C
:10C9900072656164792D737562636C61737365642C
:10C9A000F800FF9385ADA461636365707461626C88
:10C9B0006520626173659300FFD66261736573A839
:10C9C000696E7374616E6365206C61792D6F757427
:10C9D00020636F6E666C69637400FF9374616B65AE
:10C9E000732031BC338700FF5F5F696E69745F5FDE
:10C9F00028292073686F756C64CB4E6F6E652C8A26
:10CA00008B00FFF3A53286909DF8BC9DDA91636C94
:10CA1000617373657300FFF3A53186909DF800FF85
:10CA2000828AA1BE00FF73747265616DD18A9F0016
:10CA3000FFF674797065636F646500FF80706572DE
:10CA4000666F726D2072656C6174697665EC002E9C
:10CA500066726F7A656E2F00FFC86D6F64756C65C6
:10CA6000206E616D65648500FFF6636F6D70696CA3
:10CA700065E900506C757320616E79206D6F647587
:10CA80006C6573206F6E207468652066696C6573D1
:10CA9000797374656D0A006F626A656374200020A3
:10CAA0006973206F6620747970652025710A0020F3
:10CAB0002D2D2000FFA5A2A4ACBE00FF6F7264283C
:10CAC00029BB9D6368617261637465722CDE9B9102
:10CAD0009A8EF900FF86E29984976B65798900FF49
:10CAE0006D61746820646F6D61696EC100FFD76607
:10CAF0006163746F7269616C00737461636B3A2077
:10CB00002575206F7574206F662025750A00717376
:10CB1000747220706F6F6C3A206E5F706F6F6C3D37
:10CB200025752C206E5F717374723D25752C206EF7
:10CB30005F7374725F646174615F62797465733D81
:10CB400025752C206E5F746F74616C5F62797465FB
:10CB5000733D25750A007363686564756C652071A3
:10CB6000756575652066756C6C00FFCA92736D61A2
:10CB70006C6C007079626F6172640053544D333293
:10CB800046344449534300332E342E303B204D6904
:10CB900063726F507974686F6E2076312E32392E41
:10CBA00030206F6E20323032362D30382D32340046
:10CBB000FF89C6969C8423256400FF89C6969984C4
:10CBC0008500FF89C66B6579776F72642D6F6E6C17
:10CBD0007984000A2573005461736B20657863655E
:10CBE0007074696F6E207761736E2774207265743C
:10CBF00072696576656400302E312E3000444854E9
:10CC00003131004448543232004448544261736523
:10CC1000004576656E7400494F5175657565004C29
:10CC20006F636B004C6F636B206E6F742061637178
:10CC30007569726564004C6F6F70004D41544348D4
:10CC40005F524F4D004F6E6557697265004F6E65BC
:10CC5000576972654572726F720050524F544F435C
:10CC60004F4C5F544C535F434C49454E5400534521
:10CC7000415243485F524F4D00534B49505F524F12
:10CC80004D0053534C436F6E746578740053657256
:10CC90007665720053696E676C65746F6E47656E7A
:10CCA000657261746F720053747265616D005374C4
:10CCB0007265616D5265616465720053747265617D
:10CCC0006D5772697465720054687265616453616E
:10CCD0006665466C61670054696D656F7574457271
:10CCE000726F72005F52656D6F7665005F5F76658B
:10CCF0007273696F6E5F5F005F6174747273005F5F
:10CD000064657175657565005F656E7175657565DE
:10CD1000005F6578635F636F6E74657874005F654C
:10CD200078635F68616E646C6572005F696F5F71E4
:10CD300075657565005F6F77005F70726F6D6F74FA
:10CD4000655F746F5F7461736B005F72756E005F17
:10CD50007365617263685F726F6D005F7365727691
:10CD600065005F73746F705F7461736B005F7374E1
:10CD70006F707065720061636C6F736500616371E1
:10CD800075697265006173796E63696F2F5F5F69A2
:10CD90006E69745F5F2E7079006173796E63696F7D
:10CDA0002F636F72652E7079006173796E63696F9E
:10CDB0002F6576656E742E7079006173796E636984
:10CDC0006F2F66756E63732E7079006173796E6371
:10CDD000696F2F6C6F636B2E7079006173796E636E
:10CDE000696F2F73747265616D2E707900617700C1
:10CDF000617772697465737472006261636B6C6FE2
:10CE0000670063616C6C5F657863657074696F6EF1
:10CE10005F68616E646C65720063616E2774206781
:10CE2000617468657200636200636865636B737543
:10CE30006D206572726F7200636F726500636F724E
:10CE40006F3D00636F726F7574696E6520657870F1
:10CE50006563746564006372656174655F746173B2
:10CE60006B0063757272656E745F7461736B0064DE
:10CE7000656661756C745F657863657074696F6E03
:10CE80005F68616E646C6572006468742E7079000E
:10CE9000646F5F68616E647368616B655F6F6E5F1E
:10CEA000636F6E6E65637400647261696E006474B2
:10CEB0000065737000657863006578635F747970EE
:10CEC000650066756E6373006675747572650066DD
:10CED00075747572653A006765745F6576656E7422
:10CEE0005F6C6F6F70006765745F65786365707401
:10CEF000696F6E5F68616E646C6572006765745F10
:10CF000065787472615F696E666F00686F73740034
:10CF100068756D6964697479006964780069735F24
:10CF2000736574006C5F726F6D006D61696E5F7424
:10CF300061736B006D656173757265006D65737308
:10CF4000616765006E65775F6576656E745F6C6FAF
:10CF50006F70006E6F2072756E6E696E67206576F9
:10CF6000656E74206C6F6F70006F6E6577697265A7
:10CF70002E7079006F70656E5F636F6E6E6563749F
:10CF8000696F6E006F75745F6275660070656572BB
:10CF90006E616D6500706F6C6C65720071756575A2
:10CFA000655F726561640071756575655F7772694B
:10CFB0007465007265616465786163746C79007290
:10CFC000657175697265640072657475726E5F650E
:10CFD0007863657074696F6E730072756E5F666FEB
:10CFE00072657665720072756E5F756E74696C5FDE
:10CFF000636F6D706C6574650072756E715F6C65E2
:10D000006E0073656C6563745F726F6D007365723B
:10D010007665725F686F73746E616D6500736572BB
:10D020007665725F73696465007365745F657863C4
:10D03000657074696F6E5F68616E646C65720073B1
:10D0400067656E0073736C0073746172745F7365EF
:10D05000727665720073747265616D5F6177726973
:10D06000746500737A0074620074656D7065726136
:10D0700074757265007469636B7300756173796EA2
:10D0800063696F2E707900776169745F636C6F7389
:10D09000656400776169745F666F720077616974B7
:10D0A0005F666F725F6D7300776169745F696F5F50
:10D0B0006576656E74007761697465720077616981
:10D0C00074696E670077616974715F6C656E007773
:10D0D0007261705F736F636B6574003C41444325FC
:10D0E00075206368616E6E656C3D25753E00FFB40A
:10D0F000646F65738AA8CCAA00FF92CF66696C74CE
:10D1000065727300FF83696400FF6461746192CE8D
:10D1100000FF66696C746572206974656D7386A81A
:10D120009A3300FF74726967676572203078253022
:10D1300038788800FF68616E646C657286904E6F07
:10D140006E65BCD500FFE900FF756E61626C658F8E
:10D1500063616C63756C6174652042525097D400B2
:10D1600043414E20696E6974206661696C65640094
:10D1700043414E2825752C20626974726174653DA7
:10D1800025752C206D6F64653D43414E2E25712C15
:10D1900020736A773D25752C2074736567313D25B2
:10D1A000752C2074736567323D25752C20665F638E
:10D1B0006C6F636B3D25752900FF43414E28257335
:10D1C00029818D00FFDB818D00FF493243D18A9F89
:10D1D00000FF836164647273697A6500536F6674DB
:10D1E0004932432873636C3D25712C207364613D83
:10D1F00025712C20667265713D25752900FF6861D7
:10D2000072642049525196004932435461726765F5
:10D21000742825752C20616464723D257529006D84
:10D22000656D5F6164647273697A65206D7573748E
:10D2300020626520302C20382C2031362C203234CE
:10D24000206F7220333200FF616464726573732053
:10D2500025303878A28A616C69676E65648F8E624A
:10D2600079746573003C25752D626974206D656D58
:10D270006F72793E00FF83726567696F6E003C5084
:10D28000574D2054494D25755F434825753E00FF95
:10D29000E792736D616C6C00FFE792C500FFB4818B
:10D2A000A850574DAA00FF62756666657273869036
:10D2B0007468652073616D659A00536F667453508E
:10D2C000492862617564726174653D25752C207012
:10D2D0006F6C61726974793D25752C20706861737B
:10D2E000653D25752C2066697273746269743D25ED
:10D2F000752C2073636B3D25712C206D6F73693D18
:10D3000025712C206D69736F3D25712900FFE5861D
:10D31000903800FF867370656369667920616C6C74
:10D3200091EE0054696D6572286D6F64653D2571DD
:10D330002C20706572696F643D25752900FF70654A
:10D3400072696F6492C500FFF5818D00FF88636F7D
:10D350006D62696E6174696F6E91E5AB706172693F
:10D36000747900FF5541525428256429818D00FFAE
:10D3700055415254A2737461746963AB72786275DB
:10D380006680906368616E67656400FF736574D43E
:10D390008EA28A77697468696E2035252591646547
:10D3A0007369726564B100FF554152542825732991
:10D3B000818D0055415254282575290055415254FC
:10D3C0002825752C2062617564726174653D257530
:10D3D0002C20626974733D25752C2070617269740C
:10D3E000793D002C2073746F703D25752C20666C80
:10D3F0006F773D007C002C2074696D656F75743DFE
:10D4000025752C2074696D656F75745F6368617232
:10D410003D25752C2072786275663D2575003B2090
:10D420006972713D3078257800FF574454E192735A
:10D43000686F727400FF574454E192CE00FF574466
:10D4400054E1926C6F6E672C206D61782025756DAC
:10D450007300FF57445428257129818D00FF5744DC
:10D460005428256429818D00FF807761697400FF4D
:10D47000AC6865617000FF8063616E63656C2073EA
:10D48000656C6600696E636F7272656374207061AB
:10D490006464696E6700FF8C00776269747300FFD3
:10D4A000838C00FF68617368A266696E616C00FF1F
:10D4B0006865617086909DE800FFBAC1A14A534F2C
:10D4C0004E0049443D2530327825303278253032BF
:10D4D00078253032783A2530327825303278253048
:10D4E0003278253032783A25303278253032782536
:10D4F000303278253032780A0044455649443D3070
:10D5000078253034780A52455649443D30782530E4
:10D5100034780A00533D25750A483D25750A503177
:10D520003D25750A50323D25750A005F65746578A2
:10D53000743D25700A005F7369646174613D2570F4
:10D540000A005F73646174613D25700A005F656461
:10D550006174613D25700A005F736273733D2570CD
:10D560000A005F656273733D25700A005F73737410
:10D5700061636B3D25700A005F65737461636B3D89
:10D5800025700A005F72616D5F73746172743D256E
:10D59000700A005F686561705F73746172743D2525
:10D5A000700A005F686561705F656E643D25700A92
:10D5B000005F72616D5F656E643D25700A00717376
:10D5C00074723A0A20206E5F706F6F6C3D25750A89
:10D5D00020206E5F717374723D25750A20206E5F86
:10D5E0007374725F646174615F62797465733D2501
:10D5F000750A20206E5F746F74616C5F6279746568
:10D60000733D25750A0047433A0A002020257520FE
:10D61000746F74616C0A0020202575203A202575EE
:10D620000A002020313D257520323D2575206D3DB5
:10D6300025750A004C465320667265653A202575AB
:10D640002062797465730A00FF83E70063616E27C7
:10D6500074206368616E6765206672657100FFC83B
:10D66000617661696C61626C65204E494300312EC0
:10D6700032392E30006E65776C6962004743432073
:10D6800031362E312E30004D6963726F50797468D7
:10D690006F6E2D312E32392E302D61726D2D484135
:10D6A0004C312E31362E302D776974682D6E6577AA
:10D6B0006C6962342E362E3000FFE586903332BC22
:10D6C0006C657373003C6D61746368206E756D3DAD
:10D6D00025643E003C72652025703E00FF72656740
:10D6E000657892B500FFC1A1726567657800FF7328
:10D6F000706C697474696E67A37375622D63617071
:10D700007475726573003C736F636B657420666437
:10D710003D25642074696D656F75743D25642064D2
:10D720006F6D61696E3D256420747970653D256477
:10D730002070726F746F3D256420626F756E643D5A
:10D7400025623E00FF6D6B74696D65C79DDA919A25
:10D7500038BC3900FF7469636B7320696E7465723D
:10D7600076616CBD00FFBAC1A17563747970657391
:10D770002064657363726970746F720053545255FC
:10D780004354004552524F5200756E6B003C737407
:10D79000727563742025732025703E00FF80756EBE
:10D7A000616D626967756F75736C79206765742048
:10D7B00073697A656F66207363616C617200FFDF65
:10D7C00080A000FFDFA0D291AE00FFDFC8666965D0
:10D7D0006C647300FF836475707465726DA000647F
:10D7E00075707465726D3A20454F462072656365A9
:10D7F000697665642C206465616374697661746917
:10D800006E670A006475707465726D3A20457863BE
:10D81000657074696F6E20696E2072656164282975
:10D82000206D6574686F642C20646561637469762B
:10D830006174696E673A20006475707465726D3A40
:10D8400020457863657074696F6E20696E20777209
:10D850006974652829206D6574686F642C2064657F
:10D8600061637469766174696E673A2000707962E9
:10D87000666C617368003C696F2E25732025703ECD
:10D880000046415400464154333200222A3A3C3E7D
:10D890003F7C7F002B2C3B3D5B5D00EBFE904D53AE
:10D8A000444F53352E30004E4F204E414D452020E1
:10D8B00020204641543332202020004E4F204E413C
:10D8C0004D452020202046415420202020200025A6
:10D8D000752E25752E25752E257500FF838700086A
:10D8E000080808001B5B2575001B5B4B00556E6329
:10D8F000617567687420657863657074696F6E2000
:10D90000696E204952512063616C6C6261636B20C7
:10D9100068616E646C65720A000400746F6F6B203E
:10D920002575206D730A00726177205245504C3B7B
:10D93000204354524C2D4220746F20657869740D39
:10D940000A005201004F4B003B20463444495343E8
:10D9500020776974682053544D3332463430370091
:10D9600054797065202268656C7028292220666FC2
:10D9700072206D6F726520696E666F726D61746979
:10D980006F6E2E0D0A000D0A7061737465206D6F45
:10D9900064653B204374726C2D4320746F20636177
:10D9A0006E63656C2C204374726C2D4420746F2060
:10D9B00066696E6973680D0A3D3D3D2000636F75B1
:10D9C0006C64206E6F742066696E64206D6F647580
:10D9D0006C6520272573270A003C696F2E2573206C
:10D9E00025643E000A464154414C204552524F5254
:10D9F0003A0A00626F6F742E7079006D61696E2E45
:10DA00007079004D50593A2063616E2774206D6F14
:10DA1000756E7420666C6173680A00464154414C0F
:10DA20003A20756E63617567687420657863657008
:10DA300074696F6E2025700A004D50593A20737931
:10DA40006E632066696C6573797374656D730A0023
:10DA50004D50593A20736F6674207265626F6F740F
:10DA60000A00303132333435363738396162636415
:10DA7000656600486172644661756C740D0A0052F7
:10DA8000302020202000523120202020005232203F
:10DA9000202020005233202020200052313220202C
:10DAA0002000535020202020004C52202020200015
:10DAB0005043202020200058505352202000484638
:10DAC0005352202000434653522020004D4D4641E2
:10DAD0005220004246415220200048617264466153
:10DAE000756C7400537461636B3A0D0A004D656D7B
:10DAF0004D616E616765004275734661756C7400B7
:10DB000055736167654661756C7400FF887472694E
:10DB10006767657200FF6861726488005553425FF1
:10DB20005643502825752900FF7475706C652F6C5D
:10DB300069737492C597484944207265706F727416
:10DB40003BE262797465617272617920696E737407
:10DB500065616400FFF6555342E900FF92CF6C6F98
:10DB6000676963616C20756E69747300FF886C6F00
:10DB7000676963616C20756E6974004344430043B8
:10DB800044432B4D5343004344432B484944004DE9
:10DB90006963726F507974686F6E005079626F615B
:10DBA0007264205669727475616C20436F6D6D20CC
:10DBB000506F727420696E204653204D6F6465006B
:10DBC0005079626F61726420496E74657266616338
:10DBD00065005079626F61726420436F6E66696799
:10DBE000005079626F617264205669727475616C5D
:10DBF00020436F6D6D20506F727420696E20485302
:10DC0000204D6F646500253032582530325825305C
:10DC10003258253032582530325825303258004D90
:10DC200050593A2063616E27742063726561746590
:10DC300020666C6173682066696C657379737465BE
:10DC40006D0A007079626364632E696E66005245E6
:10DC500041444D452E7478740054696D6572436873
:10DC6000616E6E656C2874696D65723D25752C203A
:10DC70006368616E6E656C3D25752C206D6F646503
:10DC80003D25712900FF63616C6C6261636B869056
:10DC90004E6F6E65BC9DD58200FF86A8706F73695C
:10DCA00074697665E700FF836368616E6E656C205A
:10DCB0002825642900FF70696E84C78F909D506984
:10DCC0006E9300FFB481A8A4616C7497CD00FF83AC
:10DCD000706F6C6172697479202825642900FF6572
:10DCE0006E636F6465728A9F6F6E2074696D657272
:10DCF0008E00FF83E92825642900FF867370656321
:10DD00006966792065697468657220667265712C30
:10DD100020706572696F642CBC7072657363616C8E
:10DD20006572AB706572696F6400FFCD818D0054C0
:10DD3000696D6572282575290054696D65722825FD
:10DD4000752C20667265713D25752C207072657387
:10DD500063616C65723D25752C20706572696F6416
:10DD60003D25752C206D6F64653D25732C206469FD
:10DD7000763D2575002C206465616474696D653D90
:10DD80002575002C2062726B3D2573002C20627279
:10DD90006B3D42524B5F4F464600FFEA9DF58200C5
:10DDA000756E68616E646C656420696E746572720C
:10DDB0007570742053523D30782530327820286EAB
:10DDC0006F772064697361626C6564290A004C4551
:10DDD000442825752900FF4C454428256429818D58
:10DDE0000050696E2850696E2E6370752E25712C57
:10DDF000206D6F64653D50696E2E00414E414C4F61
:10DE00004729002C2070756C6C3D50696E2E257171
:10DE1000002C20616C743D256429002C20616C74F9
:10DE20003D50696E2E25712900FF8370696E206D4B
:10DE30006F64653A8E00FF8370696E2070756C6C3C
:10DE40003A8E00FF8370696E2061663A8E005069D9
:10DE50006E206D6170207061737365642070696EEF
:10DE60002000FF50696E2E6D6170706572206469CC
:10DE7000646E2774CB9D50696E820050696E2E6D62
:10DE80006170706572206D617073200020746F2066
:10DE90000050696E2E6D61705F64696374206D61FE
:10DEA0007073200050696E2E626F617264206D6124
:10DEB0007073200050696E2E637075206D617073F1
:10DEC0002000FF50696E28257329818D00FF49329B
:10DED0004328257329818D00FF4932432825642971
:10DEE000818D00FF49324386909D636F6E74726F1F
:10DEF0006C6C65720049324328257529004932430C
:10DF00002825752C204932432E434F4E54524F4CF6
:10DF10004C45522C2062617564726174653D2575B3
:10DF200029004932432825752C204932432E50457B
:10DF3000524950484552414C2C20616464723D3036
:10DF400078253032782900FF61646472849600FF7E
:10DF500053504928257329818D00FF5350492825A6
:10DF60006429818D00535049282575002C20535079
:10DF7000492E434F4E54524F4C4C4552002C206278
:10DF8000617564726174653D2575002C2070726541
:10DF90007363616C65723D2575002C205350492ECA
:10DFA0005045524950484552414C002C20706F6CEE
:10DFB00061726974793D25752C2070686173653DC7
:10DFC00025752C20626974733D2575002C206372C1
:10DFD000633D3078257800FF7265637686907361C3
:10DFE0006D659A61732073656E6400FF43414E2036
:10DFF00066696C74657220706172616D65746572BA
:10E00000C100FF43414E2064617461C292CE00435F
:10E01000414E282575290043414E2825752C204363
:10E02000414E2E25712C206175746F5F726573747B
:10E030006172743D25712900FF636F756C646E27F2
:10E0400074FFD42575AB73616D706C6520706F695A
:10E050006E7420257500FFDB696E69742066616946
:10E060006C75726500756E6361756768742065789C
:10E0700063657074696F6E20696E2043414E282578
:10E08000752920727820696E7465727275707420BB
:10E0900068616E646C65720A004932432825752CEC
:10E0A0002073636C3D25712C207364613D25712CB8
:10E0B00020667265713D257529005761726E696E23
:10E0C000673A20493243282D312C202E2E2E29202C
:10E0D000697320646570726563617465642C207572
:10E0E000736520536F6674493243282E2E2E2920E3
:10E0F000696E73746561640A00FF6578706C6963AA
:10E1000069742063686F6963659173636C2F7364CE
:10E1100061A28A98005761726E696E673A20535007
:10E1200049282D312C202E2E2E292069732064653C
:10E1300070726563617465642C2075736520536F1C
:10E140006674535049282E2E2E2920696E737465EB
:10E1500061640A00FF6578706C69636974206368A4
:10E160006F69636591EEA28A9800FFEA9D5541525E
:10E17000548200455854495F494D52202020253093
:10E1800038780A00455854495F454D5220202025D3
:10E190003038780A00455854495F52545352202071
:10E1A000253038780A00455854495F465453522068
:10E1B00020253038780A00455854495F535749455F
:10E1C0005220253038780A00455854495F50522073
:10E1D000202020253038780A003C457874496E7438
:10E1E000206C696E653D25753E00FFB8F18E3C20C0
:10E1F00031362CE29D50696E8200FFB8F18E3E3DB3
:10E20000206D6178918E00FF83B84D6F64653A8E02
:10E2100000FF83B850756C6C3A8E00FFB8F18EA287
:10E22000DDA1E200FF495251207265736F75726380
:10E2300065DD74616B656E2062792050696E2827F8
:10E240002571272900756E6361756768742065788C
:10E2500063657074696F6E20696E20457874496ECD
:10E260007420696E746572727570742068616E6472
:10E270006C6572206C696E652025750A005377699C
:10E28000746368282900524E47206661696C656492
:10E2900000FF77616B657570B192C500FFF7B1D271
:10E2A00091AE00466C617368282900466C61736802
:10E2B0002873746172743D25752C206C656E3D2544
:10E2C000752900FFF7A7312C2034BC362061726716
:10E2D000756D656E74732CFB8E003C536572766FA2
:10E2E00020257520617420257575733E00FF5365E8
:10E2F00072766F28256429818D00FFF5646F657340
:10E300008AE04441432074726967676572696E6789
:10E31000004441432825752C20626974733D25759E
:10E320002900FF88E500FFB481A8444143AA00FF0B
:10E3300044414328256429818D003C414443206F9A
:10E340006E2000FFEAE46C656173742031CC00FF3D
:10E350009A91CCABCA6C6973747320646966666504
:10E360007200FF73697A65AB939162756666657238
:10E370007386FF00FFB481A8CCAA00FF8A9D766156
:10E380006C6964CC4368616E6E656C3A8E00FF7296
:10E3900065736F6C7574696F6E8E8A9F00000000E4
:10E3A00047433A20746F74616C3A2025752C2075B0
:10E3B0007365643A2025752C20667265653A2025C0
:10E3C000750000000A204E6F2E206F6620312D62EE
:10E3D0006C6F636B733A2025752C20322D626C6F45
:10E3E000636B733A2025752C206D617820626C6B0D
:10E3F00020737A3A2025752C206D6178206672652D
:10E400006520737A3A2025750A0000004743206D85
:10E41000656D6F7279206C61796F75743B206672DF
:10E420006F6D2025703A00000A2020202020202037
:10E43000282575206C696E657320616C6C2066728E
:10E44000656529000A253038783A200025630000E8
:10E45000FFFE7661726961626C6520726566657245
:10E46000656E636564206265666F7265B200000068
:10E47000FFC8616374697665206578636570746947
:10E480006F6E8F7265726169736500006F70636F84
:10E490006465000004070608D90000800A00000037
:10E4A000E804000034FD05084CF80508259405082B
:10E4B000299405082D940508329405083A94050816
:10E4C000419405084C940508509405085894050893
:10E4D0006094050869940508199E050817980508B1
:10E4E000219E05086E94050872940508269E05086D
:10E4F0002B9E0508309E05081C980508399E0508C6
:10E500003D9E0508419E0508459E0508499E050853
:10E510004D9E0508519E0508769405087A940508D5
:10E520007F9405088D940508929405089794050832
:10E530009E940508A6940508AE940508B5940508B0
:10E54000BD940508C6940508CF940508D89405081D
:10E55000E1940508EB940508F5940508FF94050877
:10E5600009950508129505081A95050824950508CA
:10E570002E95050837950508409505084995050825
:10E580005095050859950508629505086B9505088D
:10E59000749505087D9505088795050891950508EA
:10E5A0009A950508A3950508AC950508B595050845
:10E5B000BE950508C7950508D2950508DD9505089F
:10E5C000E8950508F1950508FA95050804960508EB
:10E5D0000E96050818960508209605082996050840
:10E5E0002F960508359605083996050848960508BA
:10E5F0004F960508559605085B960508559E050833
:10E60000599E05085D9E0508629E0508679E0508DF
:10E610006C9E0508719E0508769E05087B9E050880
:10E620007F9E0508839E0508879E05088B9E05082A
:10E630008F9E0508939E0508609605086896050854
:10E64000709605087796050880960508899605084E
:10E6500091960508989605089F960508AA960508BC
:10E66000AF960508B896050892DD0508C7A305080A
:10E67000C0960508979E0508A99505089F9E050860
:10E68000A49E0508A99E0508AE9E0508B39E050830
:10E69000B89E0508B29505085B9B0508C59E050850
:10E6A000C99E0508CD9E0508D19E0508D59E050882
:10E6B000D99E0508C8960508EC950508F595050846
:10E6C000CC960508D396050872DF0508DC96050888
:10E6D000E6960508F0960508FA960508FE960508E0
:10E6E000059705080C97050814970508189705085D
:10E6F000DD9E0508E19E0508E59E0508EA9E0508E1
:10E70000EF9E0508F49E0508F99E0508FE9E050883
:10E71000039F0508079F05080B9F05080F9F050825
:10E72000139F0508179F05081B9F05081F9F0508D5
:10E73000279705082B970508309705083797050890
:10E74000439705084F9705085B97050867970508E5
:10E75000739705087F9705088A9705089597050818
:10E76000A0970508A9970508B2970508B997050865
:10E77000C5970508CC970508DA970508E8970508B6
:10E78000F2970508009805080598050815980508EA
:10E790001A9805081F980508299805083298050851
:10E7A0003C980508A19F050845980508239F050882
:10E7B000279F05082B9F0508309F0508359F0508F2
:10E7C0003A9F05083F9F0508449F0508499F050893
:10E7D0004D9F0508519F0508559F0508599F05083D
:10E7E0005D9F0508619F0508659F05084F9805080E
:10E7F00056980508619805086898050871980508F5
:10E800007798050884980508919805089C9805084C
:10E81000A3980508B0980508BC980508C398050892
:10E82000C7980508CE980508D4980508DB98050810
:10E83000E1980508E9980508F0980508F798050893
:10E84000FE98050807990508129905081899050802
:10E850002599050833990508419905084599050842
:10E860004F9905085B990508669905087999050887
:10E870007E99050887990508919905089A990508D0
:10E88000A2990508AC990508B79905083D9C0508AB
:10E89000BE990508CA990508D6990508DF990508A3
:10E8A000EE990508F4990508FE990508079A0508E8
:10E8B000129A05081E9A05082B9A0508399A050828
:10E8C000429A05084A9A0508529A0508589A050876
:10E8D0005F9A0508659A0508719A05087E9A0508E9
:10E8E000849A05088A9A0508909A0508969A050858
:10E8F0009C9A0508A29A0508A89A0508AE9A0508E8
:10E90000B49A0508BE9A0508C89A0508D29A05085F
:10E91000DD9A0508E89A0508F19A0508FB9A0508AA
:10E92000069B05080F9B05081C9B0508289B0508EE
:10E93000339B05083C9B0508459B0508499B05083A
:10E94000729F0508769F05084E9B0508B39605083B
:10E950007DA40508A7950508B0950508599B0508ED
:10E960005E9B0508689B0508709B0508789B050859
:10E97000809B0508879B0508909B0508999B0508C7
:10E98000A19B0508A99B0508B39B0508BB9B05082F
:10E990006E9F050865980508BDA5050862960508DF
:10E9A0006A960508C2A5050872960508C39B050866
:10E9B000CA9B0508DE9B0508F39B0508009C05081B
:10E9C0000E9C05081A9C0508279C0508329C050822
:10E9D000459C05084C9C0508579C0508619C05084A
:10E9E000689C0508769C0508869C0508979C050888
:10E9F000A59C0508AA9C0508B29C0508BA9C0508B8
:10EA0000C39C0508729C0508CB9C0508D49C05088E
:10EA1000DE9C0508E99C0508F19C0508F89C0508A2
:10EA2000FF9C0508D3A50508CFA50508279D050867
:10EA3000BC9605086E9D05080D9D0508149D0508EA
:10EA40001B9D0508229D0508309D05083C9D050875
:10EA5000489D05085D9D0508689D0508729D05088F
:10EA60007C9D0508389B050883DB0508869D050805
:10EA70008C9D0508359D0508939D0508989D050802
:10EA8000A79D0508B19D0508C29D0508D59D0508EF
:10EA9000E19D0508EB9D0508F59D05083D960508D7
:10EAA0004B990508FE9D0508059E05080C9E050866
:10EAB000189E05081C9E0508209E0508259E050831
:10EAC0002A9E05082F9E0508349E0508389E0508D5
:10EAD0003C9E0508409E0508449E0508489E050882
:10EAE0004C9E0508509E0508549E0508589E050832
:10EAF0005C9E0508619E0508669E05086B9E0508DC
:10EB0000709E0508759E05087A9E05087E9E05087C
:10EB1000829E0508869E05088A9E05088E9E050829
:10EB2000929E0508969E05089A9E05089E9E0508D9
:10EB3000A39E0508A89E0508AD9E0508B29E05087F
:10EB4000B79E0508BC9E0508C09E0508C49E050822
:10EB5000C89E0508CC9E0508D09E0508D49E0508D1
:10EB6000D89E0508DC9E0508E09E0508E49E050881
:10EB7000E99E0508EE9E0508F39E0508F89E050827
:10EB8000FD9E0508029F0508069F05080A9F0508C7
:10EB90000E9F0508129F0508169F05081A9F050875
:10EBA0001E9F0508229F0508269F05082A9F050825
:10EBB0002F9F0508349F0508399F05083E9F0508CB
:10EBC000439F0508489F05084C9F0508509F05086E
:10EBD000549F0508589F05085C9F0508609F05081D
:10EBE000649F0508689F0508A0DF0508719F050858
:10EBF000759F0508799F0508819F0508899F05086D
:10EC0000909F0508989F05089C9F0508A69F0508EA
:10EC1000B09F0508B89F0508BC9F0508C99F050857
:10EC2000CD9F0508D99F0508E09F0508E89F0508C6
:10EC3000EC9F0508F6A20508F29F0508F69F050857
:10EC400002A0050810A005081DA0050829A00508B8
:10EC500037A0050844A0050850A005085EA00508D7
:10EC60006BA0050877A0050885A0050892A00508F7
:10EC70009EA00508ACA00508B9A00508C2A005081B
:10EC8000CBA00508D3A00508DAA00508E2A0050876
:10EC9000EEA00508FDA0050807A1050815A10508B7
:10ECA00026A105082B9C05082DA1050831A1050802
:10ECB00038A105083FA1050846A105084AA1050895
:10ECC00055A1050862A105086DA105087AA10508EE
:10ECD00084A105088FA105089AA10508A5A105082A
:10ECE000B0A10508BBA10508C6A10508D1A105086A
:10ECF000DCA10508E7A10508F2A10508FCA10508AB
:10ED000006A2050810A205081AA2050824A20508F3
:10ED10002EA2050838A2050842A205084CA2050843
:10ED200057A2050860A2050867A205086EA205089B
:10ED300076A205087FA205088AA2050892A2050806
:10ED40009CA20508A3A20508ACA20508B6A2050866
:10ED5000BFA20508C7A20508D0A20508D4A20508CD
:10ED6000DBA2050859A60508419D05084D9D05082B
:10ED7000E0A20508E6A20508F1A20508FAA2050826
:10ED800006A3050811A305081CA3050829A3050867
:10ED900036A3050842A305084FA3050885A4050866
:10EDA000B9950508C29505085BA3050860A3050889
:10EDB00068A3050870A305087AA3050881A30508C0
:10EDC0008DA3050897A30508A2A30508A9A3050814
:10EDD000B4A30508C1A30508CFA30508DDA3050852
:10EDE000EBA30508F9A30508E3A3050800A405089B
:10EDF00003A405080AA4050817A4050826A4050805
:10EE000035A4050844A4050853A4050861A4050811
:10EE10006CA4050872A4050879A4050881A4050856
:10EE200089A405089CA40508A5A40508549505080F
:10EE3000819505088B950508FE9505080896050837
:10EE4000129605085D950508669505086F950508F5
:10EE500078950508ACA40508B1A4050895950508A2
:10EE60009E950508B6A40508BEA40508C7A4050814
:10EE7000D0A40508DAA40508E4A40508EDA4050853
:10EE8000F6A40508FFA4050808A5050810A50508AF
:10EE900018A5050820A5050828A5050831A5050819
:10EEA0003AA5050842A5050849A5050851A5050884
:10EEB00059A5050862A5050869A5050876A50508F0
:10EEC0007BA5050885A5050893A5050899A505084E
:10EED000A6A50508ABA50508B0A50508B6A50508B3
:10EEE000BCA505087996050882960508C1A5050800
:10EEF0008B960508C8A50508CEA50508869F0508B8
:10EF0000D8A50508CB950508D6950508E19505080F
:10EF1000DFA50508E9A50508F3A50508FDA5050871
:10EF200007A6050810A605081BA6050824A60508BF
:10EF30002BA6050832A605083AA6050845A6050829
:10EF400050A6050858A605085FA6050854A605089A
:10EF50006CA6050874A605087CA6050888A6050801
:10EF6000F59605088DA6050894A60508A3A605082C
:10EF7000A7A60508B1A60508B6A60508BFA60508F8
:10EF8000C7A60508CFA60508D4A60508DFA605086C
:10EF9000E9A60508F3A60508FBA6050805A70508C8
:10EFA0000FA705081FA7050827A7050833A7050809
:10EFB0003CA7050845A7050851A705085CA7050853
:10EFC00065A7050874A7050881A705088EA7050889
:10EFD0009AA70508A8A70508B1A70508B8A70508B6
:10EFE000C1A70508C6A70508CFA70508DBA7050820
:10EFF000E6A70508EEA70508F5A70508FAA705087E
:10F00000E5B30508B0AE050800A805080AA805087C
:10F010006AAE050814A8050817A805081FA8050862
:10F0200025A8050843A8050847A805083DB4050814
:10F030004CA8050847BE050857A80508C1B705082C
:10F04000B7A805085CA8050861A8050867A8050811
:10F0500071A8050875A805087AA8050880A80508FC
:10F0600086A80508B3C3050893A805089EA8050847
:10F07000A3A80508ACA80508B0A80508B4A8050809
:10F08000BDA80508C2A805080DAC0508CAA8050852
:10F09000D4A80508D7A805089AAC0508DCA8050877
:10F0A000E7A80508F4A80508F8A80508FCA80508BD
:10F0B00000A9050807A9050811A9050814A905084C
:10F0C00021A905082BA9050834A905083DA90508AB
:10F0D00000B2050849A9050850A905085CA905085A
:10F0E00064A9050869A90508B0B0050870A9050854
:10F0F00076A905087DA9050889A9050891A905082B
:10F1000095A90508D9B4050822AA05089BA90508F0
:10F11000A3A90508AFA90508B7A90508BFA905084F
:10F12000A0CE0508C7A90508D0A90508F6A70508B7
:10F13000FBA70508D5A90508DDA90508E5A9050867
:10F14000EBA90508EFB30508F1A90508F5A905081D
:10F15000FBA9050800AA050809AA05080EAA0508C2
:10F1600017AA05084EAB050820AA050827AA050816
:10F1700036B9050831AA050839AA050841AA0508C3
:10F1800048AA050865B4050850AA050858AA050844
:10F190005EAA05086BAA050895B30508AAB3050879
:10F1A00075AA05087CAA050884AA050890AA05087E
:10F1B00038B2050898AA05089CAA050857B405089E
:10F1C000A0AA0508A5AA0508ABAA0508B3AA0508C0
:10F1D000BBAA0508D0DB0508C4AA0508D3AA050800
:10F1E000E2AA0508EAAA0508F1AA0508FCAA05088A
:10F1F00041C4050803AB05080DAB050811AB0508B4
:10F2000016AB05081CAB050826AB05082FAB050897
:10F21000ADAD050834AB05083AAB050843AB0508AE
:10F22000EFCA050848AB050854AB050859AB0508FB
:10F230000CC905085EAB050863AB050882A9050883
:10F240006DAB050876AB050818C305087CAB05084F
:10F2500082AB050887AB05088DAB050892AB0508A6
:10F2600059D605089BAB0508A1AB0508A9AB050855
:10F27000B2AB0508BCAB0508C9AD0508C5AB0508B0
:10F28000C8AB0508D0AB0508DAAB0508E7AB050845
:10F29000F3AB0508FFAB050806AC050812AC050882
:10F2A00019AC050822AC050829AC05082EAC0508E8
:10F2B00023CD050834AC050839AC050844AC050875
:10F2C0004CAC050855AC05085FAC05086BAC0508EF
:10F2D00073AC05087BAC050884AC05088AAC05084E
:10F2E000A5AB05087FB405088FAC050893AC0508ED
:10F2F000A0AC0508AAAC0508AFAC050814D00508F9
:10F30000B5AC0508BAAC0508C1AC0508CAAC05081F
:10F31000CFAC0508DEAC05084ADC050806CF0508B9
:10F3200043AA0508E6AC0508ECAC0508F6AC0508F0
:10F3300003AD050817AD0508AEA705081EAD050805
:10F3400024AD0508F8AA05082AAD050833AD05085F
:10F350003BAD050847AD050852AD05085CAD050895
:10F3600065AD05086BAD050871AD05087AAD0508FA
:10F3700085AD050875C1050883C105088EAD050872
:10F3800093AD05089CAD0508A5AD0508ABAD050816
:10F3900017B50508B1AD0508B6AD0508BCAD050843
:10F3A000C1AD0508C8AD0508CFAD0508D8AD050845
:10F3B000E5B80508C2AC0508E3AD0508EAAD0508E7
:10F3C000EFAD0508F5AD0508FECD0508FFAD050854
:10F3D00005AE050883AB05080AAE05080EAE0508A4
:10F3E000B9A7050812AE05081BAE050822AE050830
:10F3F00096A9050828AE05082CAE05084DAE0508EF
:10F4000059B1050855AE05085BAE050861AE0508A3
:10F4100066AE050873AE05087DAE050888AE050822
:10F4200091AE05089AAE0508A3AE0508ADAE050875
:10F43000B5AE0508CCAA0508DBAA0508C0AE0508CC
:10F44000C4AE0508C9AE0508CFAE0508D4AE0508A0
:10F45000C9B40508DBAE0508E0AE0508E7AE05084F
:10F46000EEAE0508F6AE050871B4050822B505082C
:10F47000FBAE050800AF050805AF050827B5050870
:10F480000BAF05083BAF05080FAF05081AAF05081D
:10F490006DAD050820AF050827AF05082FAF05089B
:10F4A00037AF050840AF050846AF05084AAF050865
:10F4B0004EAF05085FAF050863AF050898DB050888
:10F4C000C7A70508BEB2050867AF0508F7A7050876
:10F4D0009CC1050871AF05087BAF05085CD3050822
:10F4E000EAB1050882AF050887AF05088CAF0508AB
:10F4F00023DD050897AF05089EAF0508A4AF0508F2
:10F50000A7AF0508ABAF0508AFAF0508B5AF050855
:10F51000BEAF0508C4AF050825AD0508CDAF050889
:10F52000D2AF05081DBC0508DAAF0508E4AF050831
:10F53000F4AF0508FDAF050801B0050805B00508E2
:10F5400009B005080FB0050815B005081AB0050880
:10F550001FB005082BB005083AB005084EB00508E5
:10F560007FAC05085DB0050861B0050865B0050809
:10F5700075B00508F8C605087FB0050887B005080E
:10F58000BEB405088FB00508B3AD050899B00508ED
:10F59000B4A905089EB00508ABB00508B8B00508C9
:10F5A000C7B00508D6B00508E5B00508F0B00508F5
:10F5B00001B105080AB1050814B105081CB1050818
:10F5C00027B1050830B1050839B1050842B1050871
:10F5D00050B105085DB105086FB1050879B105089E
:10F5E00082B1050868AB050859B2050887B105085E
:10F5F00090B10508B4B4050894B1050899B105089F
:10F60000A1B10508A9B10508B0B10508BAB105084E
:10F610003EAC0508C4B105088BA80508D0B10508A3
:10F62000D9B10508DFB10508E3B10508E9B105085E
:10F63000F4B10508F8B10508FEB1050809B20508DE
:10F6400016B205081BB2050824B2050828B2050841
:10F650002CB2050833B2050837B205083CB20508DC
:10F6600043B2050848B205084DB2050854B2050872
:10F670005EB2050866B2050870B2050877B20508E3
:10F6800082B2050888B2050894B20508A0B2050840
:10F69000AAB20508B7B20508C2B20508C9B2050882
:10F6A000D4B20508B2C505085DA80508DBB2050897
:10F6B00062A80508E2B20508E9B205082BAA050808
:10F6C000EDB20508F6B20508FFB20508D4D005086A
:10F6D00005B3050810B305081CB3050822B30508D7
:10F6E00031B505082DB3050837B305083FB3050844
:10F6F00044B305084AB3050852B3050859B30508D1
:10F700005FB3050866B305086AB305086FB305085B
:10F7100075B305087AB3050881B3050885B30508F4
:10F720008BB30508A0B30508EABB0508CFB40508EC
:10F73000BCB3050876A8050881A80508C4B3050868
:10F74000C8B3050888CC0508CDB30508FEB0050888
:10F75000D7B30508DFB30508E9B30508F3B3050817
:10F76000FEB3050807B405081BAA050810B4050870
:10F7700018B40508CCB2050826B4050833B405084A
:10F780003AB405080DDB050843B4050849B405087B
:10F790004FB4050855B405085CB4050864B4050801
:10F7A0006BB4050862BF050870B4050877B4050896
:10F7B0007DB4050887B405088FB4050895B405081D
:10F7C0009FB405089AC10508A6B40508B2B4050897
:10F7D000BDB40508C5B40508CEB40508D3B4050802
:10F7E000D8B40508DDB40508EAB40508F7B405087F
:10F7F000FFB405084EB305080CB5050810B505089B
:10F8000016B505081BB5050821B5050826B5050878
:10F810002BB5050830B5050836B505083BB5050814
:10F8200042B5050846B5050855B5050861B5050892
:10F830006AB5050876B5050880B505088AB50508D6
:10F8400092B505089EB50508A7B50508030304078A
:10F85000060A030707080402020303030303030263
:10F860000202020202020203040D04040607070654
:10F870000708080808090909090807090908080804
:10F8800006080808080809090808080808080A0AF4
:10F890000A080809090907080505030E06050504F5
:10F8A000020203030303030302020202020202072D
:10F8B000070608080706060A0408070707070202E2
:10F8C000030303030303020202020202020203040F
:10F8D0000406080A09090903060607030E020203C3
:10F8E00003030303030202020202020202030406EC
:10F8F0000B0B0B0B0B0B0A0A0A0808060B060D0D67
:10F90000090D040F0404090809080409020203038D
:10F91000030303030202020202020202060A0608AD
:10F92000050C0C0A060C0B06030605060507060661
:10F9300006080A050C0D0D03090B0A120408090834
:10F9400007090A06070B0B080E0509080A0B0C0D20
:10F950000807070506050B0C050505050505050542
:10F96000050909090A0A08090A080C0B0A0808030C
:10F970000402020A0403040404090707070608082E
:10F980000707090707020203050505040613140CFF
:10F990000D0B0C0A12060A09060D0F100D040707BD
:10F9A00008070308090A0706060D040808030306EA
:10F9B00006060D0B0B140A090909030305060604C4
:10F9C0000E0910120B0909080A0306060B030304AB
:10F9D00004040403030303030303030303040404F1
:10F9E00004040403030303030303030304040404E0
:10F9F00004040303030303030303030304040404D1
:10FA000004040303030303030303030304040404C0
:10FA100004040303030303030303080A03030707A0
:10FA2000060703090907030C030B06070305030375
:10FA30000B0D0C0B0D0C0B0D0C0B0D0C0B0D0C080A
:10FA4000080706070B0E090D100606030606060337
:10FA50000A0C0A0C090A0A0A0A0A0A0A0A0A0A0904
:10FA600009090909090909090A08060607080A0710
:10FA70000906080908070803060405060F050A0811
:10FA80000B0A0A0C0C0B0C0B0304040407070906F1
:10FA90000B090A060A0C0D0D0D0D060702060C0EC9
:10FAA0000E0E0E0D0A0506070712080604050505C9
:10FAB00005050404040404040404070808090908EB
:10FAC0000808080707070708080706070708060CBD
:10FAD00004090D050C0404050504060606050509C0
:10FAE000020606060609090909080A080606070AA1
:10FAF0000A07060C0307070B0404060E0309040893
:10FB00000707040A09090709090F070B08080B0A68
:10FB1000080E0C0C0B0D08060804080B0A07060457
:10FB20000503040909080207051D0304050A030467
:10FB30000505040509030405050C010A040803036F
:10FB400008040704090204050A0C0303030609025A
:10FB50000C0908080B08060B0704060705060B0727
:10FB600003050304070B0707070708040304070737
:10FB70000505030305040804080805060907070727
:10FB800006070507050C090A1106070B07030303FF
:10FB9000040405070708010E0E07060A06080903F4
:10FBA000040509080403050804090B0404040409F6
:10FBB00006080505050405040804050708090805E5
:10FBC0000207090C0B0B060B060806040507040ABE
:10FBD0000708090B07070805040307030C090405B8
:10FBE00008040608040E0703040405090C130602A2
:10FBF00005050308070B0A09080505080A0808088F
:10FC00000408080505030405040606080A04070697
:10FC1000040509030504030303070806050403207C
:10FC200007030505040C090A08080809070A06065F
:10FC3000030405040604040606070405030404057A
:10FC40000303040A0503060707080503031003035B
:10FC50000207030902040906060904040A06060548
:10FC60000203030508050804040704090F08030339
:10FC700003050504040B0E130E0403030F0901070B
:10FC80000706090204020C0C0E0E0E0A10080907E2
:10FC90000A0808080D0C11090804040408030804E4
:10FCA0000707060909050B07080503050A03050AE6
:10FCB0000C040803030603040604040609070906E6
:10FCC0000A050B0B090C0A060A06060306040603BE
:10FCD00005080805060A0B050A04090704050706B6
:10FCE000050603040504060305141B0403070304A7
:10FCF00003040409020709090A080804070D070C90
:10FD00000608070505050607060404060509070594
:10FD10000906060B0A07080404040C0C070C03036D
:10FD2000050405040404050406030E0B080B090969
:10FD3000070B08056C1A7B1A8B2881F41A4E924D1A
:10FD4000BD3DB51EE36352539BAC54725572C5BCA6
:10FD5000C4BCC7BCC6BCC1BCC0BC567257725072D2
:10FD60005172527253725C725D7263B6F282219E5E
:10FD7000F182F08202283CF03FF00AA1D2B0F143B8
:10FD8000F243F343F443DCDDDFDDDEDDD9DD660085
:10FD9000D6A051B752B7DDBDDEBDDFBD7DA06D8FF2
:10FDA0006E8F8C5F8B5F8A5F3F253E25263F273F06
:10FDB00000B203B2931B901BD919D8197207797539
:10FDC0007A75375B365B315BEBB77DB5962F7D2F50
:10FDD0007CB7F8EBAFF204965C7AEAB8F772F67289
:10FDE00086D187D184D185D182D183D1F572F37246
:10FDF000F272F172F072FF72FE7295E253E24A9A69
:10FE000040A606A6BFAF19B0529DFF51143F8F8B7D
:10FE100035BF8ED471FE1AB79672977247C546C524
:10FE200045C544C543C542C594729572927293729A
:10FE3000907291729E729F7289CF98C09BC08EDB28
:10FE4000B476990DCD58809C065837D13922DE22E0
:10FE5000574E61D1F69B3172307200B801B802B8CA
:10FE600003B804B805B8337232723572347237721F
:10FE700036723972387203BA52FA8D81FC22FF222F
:10FE80008922A223A123D72339973A974C975490DC
:10FE900057909D7F62881F7D7E4A3D4611D1E05577
:10FEA000E614140E1C2D1F2D648BD2F960CB562B3B
:10FEB0003747B82ED071D171C1ABC0ABC3ABC2ABA9
:10FEC000C5ABC4ABD271D371D471D571D671D771B2
:10FED000D871D97137C2171120EC461561A327AB31
:10FEE0003A2C19FB53AD86259AA05CFF86A6A54F38
:10FEF000931EB1F0901EE387B6675E65A48579D73F
:10FF0000AC97EA7F8E61293EC8527CA8FFF83A5D23
:10FF100055FECD0825C620B729FD2C87988EBDAB90
:10FF200080FF7F5C02691D510D15024B82D19550F7
:10FF30005AAF5BEE6F49102C21AE24A54BF0B4876D
:10FF40001787386FC5159591D8BEE999D5E2D6E2E5
:10FF5000D7E2D0E2D1E2D2E2D3E2DCE2DDE2CEEEE1
:10FF6000CFEE1AAE12711671F4E5FD237AD5F2DCEC
:10FF700031E2EE2E88F328C36E73A9C001E7BD738A
:10FF8000BC73B0512B6C5DDFCCCACFCACECA0CCFCC
:10FF90009042C244C14434F3AF31AC31D284D184F5
:10FFA000DBD3F610978C2F73227336D79176577662
:10FFB000F475CEBD36BE82A8ED3212047D7837C00E
:10FFC000BBB178ED60D59A9A7E7247C55C9BC049FB
:10FFD0003D2C098C94AEF8361E24E5250BCC062565
:10FFE00088DC69984C68A76E84FDC0288628BF5BB2
:10FFF0000F6585D4123D51DCD8DEB69CF09C398D5E
:020000040806EC
:100000006E93CA7950FE984CF6C44C98CD8312FC7E
:1000100059CA58CA0314048EF6796FD13EC6FA0243
:10002000FC6F1B511D9CE62864085EFF5E480BE3D5
:100030001F2A3427F07E640F650F35FC36FC31FC37
:1000400030FC660F670F600F610F620F630F6C0F5C
:100050006D0F870F860F76007700740075007200B1
:100060007300850F830F820F810F800F8F0F8E0F0C
:10007000A60FA70FB704B604B504B404B304B204C2
:10008000A40FA50FA20FA30FA00FA10FAE0FAF0FCC
:10009000C10EC00EF0E6F1E6F2E6F3E6F4E6F5E6B0
:1000A000C30EC20EC50EC40EC70EC60EC90EC80EB4
:1000B000E00EE10E31EB30EB33EB32EB35EB34EBB2
:1000C000E20EE30EE40EE50EE60EE70EE80EE90E94
:1000D0000A3589914D104C10DFC0778A7D61748597
:1000E000B30CADFB55B5BA5E4F0DE3FF500DDBCB46
:1000F0007EAE0D7E12143558010757076B01772B22
:10010000F5DA886C54BA76EA29C83579778973426A
:100110006F12ED8490AD4CA16E941FDF388350BDFB
:10012000D9248ABF684E00B37E0631E885BC64CC12
:100130002D0BFE07D08CB78CC08EA0047ECDDE1EAA
:10014000DDCDBDAA84CAF523D4233723162371231A
:100150005023B3229222FD24DC24A5CAC6CAE7CAD2
:1001600000CA21CA42CA63CA8CCBADCB481C834D9E
:100170004ECCA9CBF72BCA442D256D161D62B9C9EB
:100180002E204AE13E1E8A041BAAB00491009482EC
:10019000F71B6C24245D6815B314CA9632BE01C6E1
:1001A0000FDFF9C62AA3DB28215325FFEF11FE4FED
:1001B000FD4FFC4FB008B308C04B067C282F7A8A4D
:1001C0001A5F717ADCB141A999CE06EF642CE78001
:1001D000B31B4C81E174DE812EDBE06DE16DE26DDD
:1001E000E36DAB465F9F98D99BE413F22158ECF086
:1001F0007676970084E134123512361237123012B7
:1002000087E186E181E180E183E182E18DE18CE1BA
:10021000EB9FAAD07D70245E275E69716A716B7155
:100220006C71F3A50AA809A85FBB10FA90E95AAE51
:10023000570C4AECC9D5A50BCB0E7FB70842995C89
:10024000AD8DA21F41991317B719A350A250233D9A
:10025000C41782176118BBE17A8D70C6A073355B35
:10026000365B375B325BF96FDB5AD85AD95A8DA6A9
:100270002ADABAA3B7EEAAEE5BB6682626251B8A51
:10028000A2F422D140F6AE70F67E984B31F2A280F5
:10029000159BDD056203087226294E8B8897989579
:1002A000B81E4C84C4CF4E2BC4C383B403304288E1
:1002B00068375B777F5403549DAE383EC82300BB3C
:1002C00061FFBF5454194FCFDA492C23BF4B5E292D
:1002D000F779D9C53C0B7D6D85891BA013A34432EA
:1002E000B67A4C405AF99391226E5F80A8FB782A27
:1002F0005C339194842CB01E9134C7C67C725457E1
:1003000050E5388F436D65351FBECD81978102FF63
:10031000C7B53C8F8344F5D8E948E048913C8464F4
:10032000B85D4968A615CB6EF6507FD4E2EF97A270
:100330001E4965496649E5A025DBDF6E9C5C619935
:10034000B65D4D38AF334CF00387808E61B606B092
:100350004EBF2691B1B22E33DC2C74CA504CB6F489
:100360003B4C68DA9B65E0C822A7F4C9C59DDB3D1C
:100370003314B4DB7A4CD2DB1142ED44E8C7E9C751
:10038000C34D174D76E8CFEFF32D15DCE40454F898
:10039000D455A9599ED2CE7D7E3A02419E8DDBC8AE
:1003A000504C6EDB0599EC622DA972249CFACDC4E9
:1003B0009176043A0F71FE1E6D1F2D1F4503E92F24
:1003C0007A2DAA5A3B25F4F6C0B539FA8EC20FDC55
:1003D00004DE916043CA069C71BA94237796C111DA
:1003E00010DD582885BEC824747211749312CC3263
:1003F00061C1A7230335C334CA3435ED25BE203986
:10040000FA8F35447D46374061C1E5446982E53A5B
:100410001C98063937BDED9C27020290616E8B0651
:1004200096C38BFDCFB56E1803D0667D90B278ACC5
:100430005A8E54D8BAB0DD5DDA70D051106D840890
:10044000AD8C562DAF2DD627876B681D945C7050F0
:100450002A7FE04F92B13E1E2B4C833CC295A1DC1B
:100460003D1A716A47B7172D5A480453EBB31FB4AE
:10047000735ACA3D282A06DDB700236F78C2535D40
:100480008F560B00494E8099F7689AE5A6AB3E114E
:100490009E03B9C1FCEC7577259247BEFDD1F613DA
:1004A000628B43E7406F5F405D4CE2D7574C598702
:1004B000CE6CFFB954E7CB1C98E3CC0E6324B0B0EC
:1004C0007D46213F40917323313FB641A84160AB47
:1004D000C1D55E05962235BBB143731ED47020444E
:1004E00007CA41CA18C8E9A3522BB1E1CB62D1F1C6
:1004F0008DEB628C93E86944AC885B21AF429D9898
:100500009CB576B0962B26C025C0F566BF99ECD178
:100510001DC2A80DF14365C266C2520F89457846D7
:10052000A2751E169129E458840B5B28378962ABAB
:100530009BF4B4572B5A261DFD5C8A5C646F28FC23
:10054000CE5E8767796FBCD11FA979E2420587E546
:1005500088CE7EC1F374A0A0F51A6AD51C70F8731A
:10056000F2734DF03A19050C41ED9AD98FD9719A71
:100570005CD828151C22C229F770F4705370F4CA95
:10058000B2CA8B7A807D2314013A27B73A39BB7EF1
:100590002F70EE718D95B081D7B5873FAFDCBE2C43
:1005A000A33ED570E8EED270A109CBB6E0C2EDB79C
:1005B0006B74F9FE8F72DAAE6F00084F2D1C7DF060
:1005C000EF9241B1823F3B65388E6A590389BFF98A
:1005D000E5F9E7F99190758BACA166FA5646EC8F78
:1005E0003518BF37235810F4CE2FB275A16E45A72A
:1005F0009E8B3C2815D051897E6786D0B0971A8E85
:10060000E0ACFE8FF98F285A538FCD7AABC192752B
:100610009D758D41A430389FC6112203EB0C78DA0A
:10062000CBE56E18C71EC08B38E80459DC8A2E0152
:100630003701B1903F20B9A649730B90EA270B63AD
:100640001360B5F460CCE1654726620F6AD321449C
:1006500097F7D2D9D735D2F01419A35821040883BB
:100660004F8D3237AD1D38371290218DB27ACE675B
:1006700060F8A262BC8E9B36FE61D6A1E56114B122
:1006800098AFF22F986F7DDB9DAE1AA5B1E0423294
:100690005A31F0C172B2890C3E54794AB743EB9992
:1006A0009D8C5B99D1F0D2F0C9FFF87125AF8B31E9
:1006B000E33DDD9EB79CB1B901F5F67C0489FE8F60
:1006C000073C0E6D17D4ABAEBD6DC9F3BAECADC12E
:1006D00047C90733BFD36E0A867AFE7B5D23C907FD
:1006E0001DF6E70A9F09FFEEF742C67E78329D7E2F
:1006F0008984964FC7A502DFD21E40E0033979ED09
:100700007575583700000000000000000A00000066
:10071000D90000005A0B0608800A060844D90508CB
:1007200044D90508ADB5050884D90508CDD8050814
:100730003FBE050856CA0508B5B5050851BB0508F2
:10074000BEB50508C7B50508D1B50508DDB505086E
:10075000E7B50508F0B50508FCB5050808B60508B5
:1007600011B605081AB6050822B605082BB6050805
:1007700033B605083CB6050847B6050850B6050867
:1007800058B6050861B605086EB6050877B60508BF
:1007900083B605088BB605089BB60508AAB60508FA
:1007A0003BC10508B9B60508C2B605083FC1050832
:1007B0005BC50508CBB60508D7B60508E8B6050839
:1007C000F3B60508FCB605080EB705081AB7050804
:1007D00026B7050830B7050839B705084DB705082D
:1007E00055B7050863B7050863C1050870B7050864
:1007F0007CB7050899A6050887B7050892B70508CC
:1008000044AB0508CCAB0508A4B70508A8B7050894
:100810004EBE0508AFB70508B4B70508BDB7050853
:10082000C7B7050810C20508D0B70508D9B705082D
:10083000DDB70508E9B7050877CD0508EFB7050866
:10084000F5B705081EC2050824BD050872A90508EC
:10085000FAB70508ABB7050801B805080AB80508D6
:100860000FB8050814B8050807B905081BB805082E
:1008700022B80508649B05082DB8050835B8050899
:100880003DB8050845B805089CB405080DB905082C
:100890004AB805088BB0050851B8050859B80508CD
:1008A00061B805086CB8050874B805087CB8050877
:1008B00087B80508C6C40508B8D005088FB805086C
:1008C0009AAF0508D1C40508A7B005081AA80508FD
:1008D00094B805089BB805086EB80508A2B80508C5
:1008E000A9B80508AEB80508B2B80508BEB805082D
:1008F000C3B80508CAB80508A6C5050877AC050839
:10090000CFB80508D7B80508DBB8050893B00508C7
:10091000A2CF05084CB50508E1B80508EAB80508F6
:10092000F1B80508F9B80508FEB8050806B90508C4
:100930000CB9050813B9050819B9050820B9050847
:100940007CBE0508E6DF050827B9050820CF0508A5
:100950002BB9050833B905083EB9050843B90508A0
:100960001AB905088DA805084AB9050855B905083A
:1009700033C6050862B90508F6CD0508A3B8050811
:1009800067B905086BB9050891AF050871B9050885
:1009900014AF050800C60508B5B3050889B80508F1
:1009A0007AB905081CAC0508DBC40508ADCF0508FD
:1009B00080B9050884B905088FB9050899B90508F3
:1009C000A2B90508ADB90508B7B90508BFB905084A
:1009D000C7B90508CFB90508D8B90508E4B90508AD
:1009E000F1B90508FCB9050807BA05080EBA0508EB
:1009F00018BA050825BA05082CBA050834BA05083E
:100A00003BBA050844BA05084FBA050858BA0508A4
:100A10005FBA05086ABA050871BA05087CBA050804
:100A200084BA05088CBA050893BA05089BBA05086C
:100A3000A2BA0508AABA0508B2BA0508BBBA0508E1
:100A4000C4BA0508D2BA0508DEBA0508EABA05082C
:100A5000F3BA0508FCBA050804BB05080DBB050878
:100A600019BB050824BB05082DBB05083ABB0508C2
:100A700043BB05084BBB050853BB05085FBB050816
:100A800000000701010101080108090B09080B0B0F
:100A90000808070807080A0807080C080B070F0EC4
:100AA0000E0D0808090D0B100A08110B0B0908138D
:100AB000070D0C0D0B0A090A1103030306040408B1
:100AC00009080508030B05050504050403060308CA
:100AD00004040604060A03070707040205060307C1
:100AE000070A07070A0705040403040304060605AA
:100AF0000604030B040604030307030505040808A2
:100B000006070407050605060604040303070A048E
:100B10000605050A0C04040305030505080504067B
:100B20000505050605030A09080A09070707080B52
:100B30000C0A0A06090C060706080A08060A060A2D
:100B40000707060706070708080D0B0B0808070824
:100B50000B0A080C0807070B0700000005157A8F21
:100B6000AFB585B58FB58AB5BD94FAB5A7F92BC5D4
:100B7000FD356DBA45F840F82639F7C85FA5161B54
:100B8000CF32E2B08E13FF30E238791502736B007A
:100B9000100B323ED0CD2D8C975A21DE079291BF9B
:100BA000F0E0F2291662209C5C2083ADEA00AFE2FF
:100BB000FF69DC83BA2D1768C698A16581E161F1F0
:100BC000EA1C948F20FF25969687B62795324433EA
:100BD00013336B97C2C6EB3CF73176A3227D5CB230
:100BE0000D70DC4CB48C7CA03367C0FFE0DBA64DFD
:100BF0003FFCFA1EB8040A231BA39BA61EC063E891
:100C0000003426333574333BC0179D498CB0B77020
:100C1000286F7B2812541653EB37A89AB6BEFC8077
:100C20005BF8B57FDDA7E3538F21A75C326D01131D
:100C30006240271D896A3BA1C6CBE5B9CEB7B9434F
:100C40000B7C4288908DD13A1C5E2A73BF2C2D7389
:100C500054C61A5EB7F94BBFF919638A4925D0F714
:100C6000252AD29CE92BE725A5003B957977B97613
:100C7000238F278FD4A86CA3BF9D5E15B73385EF54
:100C800074E862AF57369D36508D291E2E8DC4B242
:100C9000B344D83EFD419D7FB4762794B7824E344D
:100CA0007DBE98A8E6ACCC8D346A808CD4155451A6
:100CB00095D6C4820EDB2B65C5E2C65FDCED7811EC
:100CC000713E3570465FA746B38FB6826D4AF7779F
:100CD0000878CC1309885D6849F3633731420E0BFD
:100CE00069D538BB29F02D0016C5DC2E54981BD1D0
:100CF000DB03318A63012ADCFF9AC59D579873771D
:100D00005AD7F286A7B3210988EF20EC0000000033
:100D1000D93300083030303030303030303030307F
:100D2000303030305F3030302C30302020202020E8
:100D30002020202020202020202020000000000053
:100D40000000000003030303030000000000000094
:100D5000000000000000000000000003010101018C
:100D6000010101010101010101010145454545451F
:100D700045454545450101010101010159595959AF
:100D80005959191919191919191919191919191953
:100D90001919191919190101010101016969696913
:100DA0006969292929292929292929292929292933
:100DB000292929292929010101010000529A050840
:100DC000939D0508A6A50508D1BB0508DBBB050852
:100DD000DFBB0508E2BB0508E9BB0508EFBB05085A
:100DE0006AB2050881B80508F5BB05086FDA050881
:100DF000FEBB050802BC050807BC05080CBC0508BD
:100E000013BC050898D00508ADB40508CBBC05088F
:100E100004BC05081BBC0508E99F0508DFAA0508F6
:100E200022BC050829BC050832BC050899D0050874
:100E300036BC050821BF05083BBC0508E1A905082B
:100E400042BC050805B80508A4BF05085455565707
:100E500058595A5D335B3234373D4A35383E4B4141
:100E60004E46533F4C404D5F3C493A4744514350F6
:100E700045523B48424F5E360E000000060000001F
:100E80001E0000003700000006000000900E06085B
:100E900072210000743D0608A22C0000188206088A
:100EA0005225000054370608322500001078060845
:100EB00042280000ACB906087A2B000078BB06086F
:100EC000000102040C0E101214151617191A1C1E1C
:100ED000222426292B31363D414546484A4E52545C
:100EE00056585A5C5E60626466686A6C6F717477AB
:100EF0007A7D80828486888A8C91009395979A9CCB
:100F00009E9FA3A4A7A9ABADB0B3B5B8BABCBFC1EF
:100F1000C3C5C6C8CAD2D5D7D8DADCDEE1EEF3F550
:100F2000F7F9FBFD00030406080A0C0E1012141654
:100F30001F222327292C30323336393B3D3F414590
:100F400047494D4F515A5C5E5F6163686A6D6F70CF
:100F5000727E80828486888A8D8F91939597999BE3
:100F60009D9FA1A3A6A8ABADAFB1B4B6B8BDC0C29A
:100F700001303E20422043201A1008105410463001
:100F8000551045305B107D2054205D1006205530F3
:100F90005A205A101B109D202B10171019102D10BD
:100FA000363039202C105E3024106B202110612047
:100FB0002410632022106D2028106D201410802032
:100FC0006E301510702023101A205B107D207130B8
:100FD00079302F101A205B107D20793020109D2051
:100FE000251036205B107D2079302E105B107D207F
:100FF000732030107A205B107D20522080207F30BB
:101000001E20813027104C305B10802027104C3080
:101010005B1082201F202A108320121029108320A9
:10102000232084204110232024203A1025203B1027
:1010300026203C1027208820282089208B208A20E9
:101040008C208B208D208F30161090208E30902099
:101050008E30541091305510561092305710581051
:101060009F3059105410A43055105610332057108B
:101070005C10081098205A10802035305B10993091
:1010800080205A1080203B3018100810A3305B10CD
:101090007D203110AE305B1080205E108020051066
:1010A00053206F200510522036204030051042108A
:1010B0006C203030051041203820032044201510CA
:1010C00003205F10802047205A10482049204A20E2
:1010D00008103B303C3041104B30461008103B307C
:1010E00008103B304D205A104E204F205020081041
:1010F0003C30411051304610081008106F2053202A
:1011000004200510072008205D20602010201120F9
:10111000122005205B20562057205C2059205820A3
:101120005E10592039200620222080205B1080206C
:1011300058304C104D104E104F1051105210491095
:10114000471048104A104B105310501009200A2025
:101150000B200D200C2080205F30211080200E20DD
:101160000F206C20622065206C30411064206A20C2
:1011700054106A20551066205C100D10081069305C
:101180006C2069301310081067205A1068205A101C
:1011900008105C1008105A105A10802014201520D6
:1011A00016201720182003203820022013200320A7
:1011B0001820162072201C101A205B107D2074202D
:1011C00078207720793078301E1076305B107D20C3
:1011D0008020693075201F105B107D201D105B1072
:1011E0007D207B205A1080207C30131023207E200D
:1011F00053200510061019200710321080201C20E3
:101200001B2023101E201D1080201D201E202020AA
:1012100021203410351036103710381039102510B1
:1012200085208620291025102610873029103D1092
:101230003E103F1040104110421044104510431022
:1012400029202A203F10401033102B202C209720DB
:1012500046108B20081009100A100B100C100D10EE
:101260000F1010100E102D202E202F20392092202C
:101270009320943022201A20AC2095205A109630CA
:1012800093205A10302031203220352034209A20EB
:101290009B205B10803080209C305B1080309E2033
:1012A0005A10222023203720A030AC20A1205A1031
:1012B000A23037205A105410A4305510A5205A10CF
:1012C000A620A720A8204110802046108020802042
:1012D000A930AC203C20AA2032108020AC20AD20C8
:1012E00020109D2025101E20AB3023108220AB3013
:1012F000AF20362021108020613262A833223322B1
:1013000021212122212222242222232226252724B0
:1013100024326262A4A4313122312231313131319F
:101320003162622362232323232322336222336226
:10133000A522006262131262212432132262331347
:101340006322232233136222226112621813623253
:10135000621212231D15626212126213633212228C
:1013600062623331313162191332241263246232E2
:101370002363316262126462122412121922222142
:1013800012121512131232621C12621212623313FD
:101390001212226222331262122233633313222288
:1013A00062132212A52312220700A8A9A6AAA70049
:1013B000C34F0208C34F0208AD6902082161020849
:1013C000C34F0208375D0208514F02089D430208CF
:1013D000C34F0208F1430208F1430208D14E02084C
:1013E000B94E02086D4E0208AD430208D56A0208E4
:1013F000C5440208C5440208054E020839610208C6
:101400002D4D0208A34C02087758020835650208E2
:1014100055580208C34F02088D690208494C02085A
:101420004943020849430208334B0208334B020880
:10143000194B0208394A0208E5430208F949020833
:10144000F9490208F9490208BF490208BF490208E0
:10145000BF49020893490208FF4F02085969020870
:10146000ED670208854F0208175002088D490208EF
:10147000E16702081748020865410208514F020857
:101480008F4702088F470208514F0208774702082A
:1014900095690208B5460208734102087579020889
:1014A000D5780208BD71020825750208AD760208DC
:1014B00037730208D576020859730208937302083D
:1014C00067730208D57102084F7602082D7802086A
:1014D000657702082D7302084B77020843720208F1
:1014E000437302084B720208C57502087D76020834
:1014F000537202085B720208637202086D7202087E
:101500007572020885740208F175020803760208F4
:1015100099740208ED740208617802088B78020859
:101520007D7202088772020805750208E9710208D7
:101530000F7502089572020815760208A173020859
:10154000A1720208B7730208DF730208E973020888
:1015500017780208EF77020821770208357702082A
:10156000AB720208BF720208D5720208F17102085C
:10157000F77102080E100C0075003E005E00970522
:10158000FD040005FE04FF0434BF8CBF0CBF94BFF4
:101590002CBF14BFB4BFCCBF0CBFD4BFACBF14BFF3
:1015A0000DA202088D9B020875820208D5810208EF
:1015B000B79802087386020845980208B18A0208A3
:1015C000918A020861860208858C02089B890208BC
:1015D000D18502086D8202086784020869850208C5
:1015E0006582020823950208E183020841A60208E9
:1015F000C19D02083D97020823880208DF81020886
:10160000699502089B8802086F870208A78E020866
:10161000A18E02081D8D02087597020831920208FA
:101620009F950208AD8E0208DB940208F59102082E
:10163000E3810208ED8C0208118B0208119902085F
:101640006F910208ED88020825890208B19402080A
:1016500081940208019102085D9002080D9602082B
:101660001990020861930208C98B0208719E020852
:10167000658C0208EB810208040506004BAB0208EA
:1016800047AB020875AD020819AB0208D9AD0208D4
:101690003061646434737562206D756C8064697642
:1016A0000068920400789304008895040060970015
:1016B000007070050080720504656F72086C736CB1
:1016C0000C6C7372106173721461646318736263DB
:1016D0001C726F7220747374246E656728636D705A
:1016E0002C636D6E306F7272346D756C3862696325
:1016F0003C6D766E7165656E73636363696D6C7066
:10170000737663766968736C6567746C7467656C0F
:1017100005495053520000000011424153455052B8
:10172000490000723000017231000272320003720F
:1017300033000472340005723500067236000772F9
:10174000370008723800097239000A7231300B72A2
:1017500031310C7231320D7231330E7231340F72FD
:1017600031350A736C000B6670000D7370000E6CDF
:1017700072000F7063000000AC170608060000003E
:101780000E0000001E000000DC2A0608E02F0608FC
:1017900020004B04000001000000000000000000D9
:1017A0005DD00208982606089C0000200600000074
:1017B0000E0000001E00000043D4020845D30208BA
:1017C0002DD3020811C10208B5C00208CDBE02081F
:1017D00009C40208C1C302086D6B0308F5BE020804
:1017E0001DBF0208B9C50208A9E2020825E10208E6
:1017F00041C10208A9CC0208055C0308051F0308C3
:1018000021FA0208992C03084F2D0308E319030855
:1018100029FC020819B8020837D402081FC30208BD
:1018200081C7020895D402082DD40208F1010208EC
:101830009D01020883D4020879C30208B1CB0208D3
:1018400029C50208793003081DCA0208B5CA020872
:1018500009BF020831BF020881EE020841D6020822
:10186000B1AC03085DB1030841B10308A9D3020874
:101870000000000029720408FD710408D90A02085A
:101880004D3B0008F13700088DC00208A9DC0208B2
:10189000053D03085D3D0308D1EB0208A3D3020810
:1018A0008DD3020889D3020875D30208C5BF020888
:1018B00001E30208D57303089DD6020859D7020830
:1018C0009D7503087D760308317A03080C0D060820
:1018D000E02F0608042E06082C250608FC1C060826
:1018E000C0220608A82206089022060878220608C8
:1018F00060220608D82006080C310608DC300608ED
:10190000C4300608F4300608000002000400060097
:1019100008000A000C00110017001D0025002F0010
:101920003B00490061007F00A700DF002501850121
:101930000902B3029703C7045B0671089D0CDF120E
:101940004B1C6D2A913F575FFF8E7BD60000000035
:1019500004240608042E06080424060800000000DB
:1019600004240608F82706080424060800000000DE
:1019700004240608042E06080424060800000000BB
:1019800004240608841A060804240608A822060867
:101990008DDC0208E02F060880008C0400000000A7
:1019A00000000001000000001DE40208E02F06080E
:1019B0000000BD0301020004050006030700000843
:1019C000D9E80208A5E402085DE3020839E3020849
:1019D000A9E902085DE5020885E30208542B060820
:1019E000E02F06080804BA040100000304060702F9
:1019F0000800000539EB02085DE3020839E302083C
:101A0000A9E90208442B060831E502085DE5020851
:101A100085E30208902206080DE9020890220608D4
:101A200045E40208E02F0608080440000102000413
:101A3000050006030700000871E80208A5E4020893
:101A40005DE3020839E30208A9E902085DE502083E
:101A500085E30208642B0608E02F060800009D00BD
:101A600000010002030405060000000071EC0208FA
:101A7000B55B0308B95C0308EDEB0208815D030860
:101A8000C95A0308E02F060808003E0001020003BF
:101A90000400000000000000D5EC0208A9EC0208D8
:101AA0008FEC02087FEC0208E02F06080000D60346
:101AB00000000203040100000000000033ED0208F2
:101AC000A9ED0208FBEC020811ED0208E02F060860
:101AD0000000010000000000000000000000000005
:101AE000E02F06082000EC030000020000010000C7
:101AF0000000000079EE0208E9ED0208E02F060878
:101B00000000F003000000000000000000000000E2
:101B1000E02F06080C00F503010200030405000095
:101B20000000000005F00208ADEE020871EF0208A7
:101B300031F302081DEF0208E02F0608000011042F
:101B400001000002000003040000000575F4020813
:101B500001F5020831F4020865F30208601B06086B
:101B6000FC1C06082F00000005000000701B060882
:101B7000E2010000B81B0608D21D0000B01B0608D9
:101B800092020000A81B0608C2030000981B06086A
:101B9000B2270000A01B0608A8220608D1F40208FC
:101BA000A822060831F502089022060809F4020866
:101BB00090220608C5F302089022060881F3020865
:101BC000FC1C0608770000000E000000D01B060871
:101BD00032020000F41C06084A020000EC1C060851
:101BE0004A220000D81C0608B2020000CC1C0608DD
:101BF00032030000501C060852030000481C06086F
:101C0000C2030000C01C0608CA030000AC1C060882
:101C100072040000B41C0608FA040000A01C0608A8
:101C20001A050000401C06087A00000084300608EF
:101C3000E20000007C3006085A00000074300608FC
:101C4000A8220608D9F50208A8220608CDF802083D
:101C5000A8220608B5F80208C1C40508CCC40508C6
:101C6000D6C40508E02F060880008C0400000000A0
:101C700000000001000000009DF60208E02F0608A9
:101C80000000130400010002030000040000000033
:101C9000D5F60208A9F5020809FC020891F5020828
:101CA00060220608FFFF03000DF90208A8220608BB
:101CB00049F70208602206080600040051F60208EF
:101CC000602206080600040057F602086022060893
:101CD000060004005DF60208802F0608E01C0608D6
:101CE000602206080600040091FA0208A8220608ED
:101CF000D7FA0208A822060863F60208E02F0608B1
:101D000000004B000102000304000506000000076C
:101D100039FA0208A5F7020869F5020809FB02086A
:101D20005DFC0208C1F50208C01B0608E02F06088A
:101D30000000590201020003040005060000070824
:101D400039FA0208A5F7020869F5020809FB02083A
:101D50005DFC0208C1F50208FC1C0608C01B060851
:101D6000FC1C060806000000000000000000000047
:101D70008B0403010000000092000200000000003C
:101D8000E02F060880002B04010000000000000284
:101D900000000000B9FC020891FC0208E02F0608D0
:101DA00000008003010200000003000000000400A6
:101DB00035FE02086DFD0208ADFF0208C01D0608D1
:101DC000E02F0608000037000102000000030000B9
:101DD0000000040035FE02086DFD0208ADFF020898
:101DE000D8200608E02F0608000088030102000042
:101DF000000300000000040035FE02086DFD02082B
:101E0000ADFF0208081E0608E02F06080000360095
:101E100001020000000300000000040035FE02087B
:101E20006DFD0208ADFF0208D8200608E02F060865
:101E30000000270001020000000300000000040071
:101E400035FE02086DFD0208ADFF0208501E0608AF
:101E5000E02F06080000340001020000000300002B
:101E60000000040035FE02086DFD0208ADFF020807
:101E7000D8200608E02F060800002F00010200000D
:101E8000000300000000040035FE02086DFD02089A
:101E9000ADFF0208981E0608E02F06080000320079
:101EA00001020000000300000000040035FE0208EB
:101EB0006DFD0208ADFF0208D8200608E02F0608D5
:101EC00000003000010200000003000000000400D8
:101ED00035FE02086DFD0208ADFF0208D820060895
:101EE000E02F060800002D000102000000030000A2
:101EF0000000040035FE02086DFD0208ADFF020877
:101F0000D8200608E02F060800002C00010200007F
:101F1000000300000000040035FE02086DFD020809
:101F2000ADFF0208D8200608E02F060800002900AF
:101F300001020000000300000000040035FE02085A
:101F40006DFD0208ADFF0208701F0608E02F0608AD
:101F5000000028000102000000030000000004004F
:101F600035FE02086DFD0208ADFF0208701F06086D
:101F7000E02F060800002B00010200000003000013
:101F80000000040035FE02086DFD0208ADFF0208E6
:101F9000D8200608E02F06080000260001020000F5
:101FA000000300000000040035FE02086DFD020879
:101FB000ADFF0208D8200608E02F06080000220026
:101FC00001020000000300000000040035FE0208CA
:101FD0006DFD0208ADFF0208D8200608E02F0608B4
:101FE00000002000010200000003000000000400C7
:101FF00035FE02086DFD0208ADFF0208D820060874
:10200000E02F060800001F0001020000000300008E
:102010000000040035FE02086DFD0208ADFF020855
:10202000D8200608E02F0608000038000102000052
:10203000000300000000040035FE02086DFD0208E8
:10204000ADFF02086C200608E02F060800003100F2
:1020500001020000000300000000040035FE020839
:102060006DFD0208ADFF02086C200608E02F06088F
:1020700000001E0001020000000300000000040038
:1020800035FE02086DFD0208ADFF0208D8200608E3
:10209000E02F0608000033000102000000030000EA
:1020A0000000040035FE02086DFD0208ADFF0208C5
:1020B000D8200608E02F06080000360301020000C1
:1020C000000300000000040035FE02086DFD020858
:1020D000ADFF0208D8200608E02F06080000240003
:1020E00001020000000300000000040035FE0208A9
:1020F0006DFD0208ADFF020868210608E02F060802
:1021000000002500010200000003000000000400A0
:1021100035FE02086DFD0208ADFF020868210608C1
:10212000E02F060800002A00010200000003000062
:102130000000040035FE02086DFD0208ADFF020834
:1021400068210608E02F06080000350001020000A3
:10215000000300000000040035FE02086DFD0208C7
:10216000ADFF020868210608E02F060800002100E4
:1021700001020000000300000000000035FE02081C
:102180006DFD0208ADFF0208E02F060880003D0447
:102190000100000000000002000000007D020308B2
:1021A0004F020308E02F06080C0040040102000360
:1021B0000400000000000000C5030308AB02030890
:1021C0002504030829070308A42106080000C07F8E
:1021D000A42106080000807FA4210608DB0FC94067
:1021E000A4210608DB0F4940A421060854F82D401D
:1021F000E02F060820004B04000001000000000052
:1022000000000000DD090308E02F060820004B0451
:10221000000001000000000000000000F3070308B8
:10222000E02F060820004B0400010300000200001C
:1022300000000000F90A0308CD0A0308CD070308CF
:10224000E02F060820004B040001030000020000FC
:1022500000000000F90A0308CD0A03081908030862
:10226000E02F060860004B040000010000000000A1
:102270000000000099090308E02F060860004B04E5
:10228000000001000000000000000000AD0703088E
:10229000E02F060860004B04000001000000000071
:1022A000000000008F070308E02F060860004B04C1
:1022B0000000010000000000000000007307030898
:1022C000E02F060860004B04000001000000000041
:1022D000000000005D070308E02F060880004F049F
:1022E0000001000000000002000000037D0C030854
:1022F000CF0D0308F8220608FC1C06082700000082
:1023000004000000082306083A02000030230608F3
:102310005204000044230608DA04000038230608AB
:102320004A2700002823060890220608650C0308A7
:10233000A8220608D90D0308602206080800040038
:10234000A90D030890220608C70D0308E02F060810
:1023500020004F0400000100000200000000000007
:10236000ED0B0308CD0A0308E02F060820004F04F8
:10237000000002000001000000000000CD0A030878
:10238000750B0308FC200608000000000000000098
:10239000102F0608E02F060880008C0400000000C3
:1023A0000000000100000000250E03089604020052
:1023B00001000000DE0303005A1E00005705010261
:1023C00000000000FC1C06081700000002000000CE
:1023D000D4230608AA020000F0230608E204000045
:1023E000E423060860220608FFFF0300910E03089D
:1023F000802F0608F823060860220608080004005B
:10240000ED0E0308E02F060800005E000102000345
:102410000400000000000005CD0F0308AF11030801
:102420000F13030831150308C42306080001010235
:102430000202020303030303030303040424060844
:102440000A000000020000004C240608FFFFFF7F86
:102450006900030206000000830001020000000082
:10246000FC1C06085F0000000B000000702406083A
:10247000E2010000242506083202000014250608A7
:102480004A0200000C250608520200000425060836
:10249000920200001C250608E2020000F82406084B
:1024A000EA020000F0240608C2030000E424060843
:1024B00002040000DC2406081A040000D4240608E4
:1024C0007A040000C824060860220608FFFF030003
:1024D000B11B0308A8220608D11803089022060899
:1024E000A319030860220608040002001919030852
:1024F00078220608471A030860220608080004002C
:102500009119030890220608931A0308A8220608C6
:10251000291F0308A8220608C119030890220608EB
:10252000011C030890220608E3190308E02F06089F
:1025300000006C0001020003040005060000000713
:10254000D91E03089D1A0308911803080D1E0308DD
:10255000C11C0308B518030860240608E02F06080C
:102560008000720001000000000000020000000076
:10257000B51F03086B1F03088F0000001100000047
:1025800084250608EA1D0000603106086A1E000066
:10259000F46E0608921F000008360608722100003B
:1025A000743D0608EA220000DC75060822230000BC
:1025B00050770608E2230000D43606086A2400009B
:1025C000A877060832250000107806080A270000C0
:1025D000B47A06088A270000087C060872280000E2
:1025E000B07C060892280000587D0608422A0000A8
:1025F0005C7E06080A2B0000487F06089A2B000024
:10260000B03B0608422C00002C8106088700000021
:102610001000000018260608FA010000A031060884
:10262000721F0000243A06085A2000003C70060879
:102630002A220000F47006086A22000040360608CC
:1026400052250000543706089A030000E43A0608B1
:10265000A2260000CC79060842280000ACB9060882
:102660007A2B000078BB0608CA2B0000243C060821
:10267000A22C0000188206085A2D0000C08306080C
:102680001A1D0000146E06083A1D0000347A060870
:10269000AA000000A4170608E02F06080000C504E1
:1026A000000100000002000000000000AD2003084F
:1026B00015200308E02F0608000075000100000047
:1026C0000000000000000002D1220308D026060806
:1026D000FC1C06082700000004000000E026060895
:1026E0008A00000020270608C20000001027060804
:1026F0000A1D000008270608C21C00000027060863
:10270000902206084D2203087822060805220308B5
:10271000982F060818270608A8220608A5220308ED
:10272000A822060801220308E02F060880008C0476
:10273000000000000000000100000002EB2203087E
:1027400044270608FC1C06080F00000001000000DA
:1027500054270608BA1C00005C270608A8220608B1
:10276000EF220308E02F060880008C040000000020
:102770000000000100000000EB220308010003003C
:102780000600000001000300060000000100030035
:10279000060000001C04030006000000E02F0608ED
:1027A0000000FA0401000000000000000000000228
:1027B00049230308B8270608FC1C06081F00000070
:1027C00003000000C8270608AA220000F027060818
:1027D000A22A0000E827060882200000E027060859
:1027E00090220608F3220308902206080F2303080C
:1027F000902206082B230308E02F060800002E0075
:102800000001000000000000000000008523030814
:1028100090220608E5240308E02F060800007C004B
:102820000103000400020506000000000126030861
:102830006126030889260308CB250308C52603085B
:1028400089250308E02F060880008C0400000000A2
:102850000000000100000000A5250308E02F060885
:1028600080003505010000000000000200000000AB
:10287000672703084D270308E02F0608000005031B
:10288000010000000000000000020003B52703085B
:1028900098280608A8280608D528030871280308E0
:1028A0001928030800000000FC1C0608370000007F
:1028B00006000000B8280608DA010000E82806082B
:1028C000EA0300000C310608FA030000C4300608D1
:1028D000F2030000DC30060822050000F430060890
:1028E0003A020000B4300608A82206083929030875
:1028F000FC1C06084F000000090000000029060823
:102900004A020000642A0608A2200000502A060895
:10291000CA2300003C2A06081A2400002C2A0608B4
:1029200042240000242A06084A2400001C2A060823
:10293000B22B0000FC290608E22C0000E82906085A
:10294000820500006C300608FC1C06089700000099
:102950001200000058290608721D0000742A06089B
:10296000320200006C2A06084A020000642A0608A7
:10297000CA2000005C2A0608A2200000502A06088F
:10298000AA200000442A0608CA2300003C2A0608A0
:10299000D2230000342A06081A2400002C2A060834
:1029A00042240000242A06084A2400001C2A0608A3
:1029B000C2030000142A0608020400000C2A0608BC
:1029C000B22B0000FC290608BA2B0000042A0608D6
:1029D000E22C0000E8290608FA040000F0290608A5
:1029E000820500006C30060890220608772A03084A
:1029F00060220608FEFF0300D9290308902206087A
:102A00008B2A030890220608F7290308902206085B
:102A1000A12A0308A8220608312B030890220608E1
:102A2000512E0308902206085D2E03089022060806
:102A30001D2A030890220608432D03089022060849
:102A4000492D030860220608FEFF03001F2B030820
:102A500060220608FEFF03002B2B030890220608C5
:102A6000A7290308A82206084D2A0308A822060859
:102A7000C12A03089022060899290308E02F0608B6
:102A800008004A04010200030400000500000006DB
:102A9000572D0308612B0308092C0308652E030832
:102AA0007D290308F0280608E02F060800008C00A6
:102AB000010200030400000500000006572D030872
:102AC000612B0308092C0308652E03087D290308E0
:102AD00048290608E42A06084D020000E42A0608F0
:102AE00023000000E02F06080000010000010000A4
:102AF0000000000000000000E12F0308E02F06089E
:102B0000000060050003000100020000000000005A
:102B1000ED2F030845300308F12F03089022060823
:102B20004931030820090A0D0B0C00008F04010035
:102B300000000000D42D0608000000000000000086
:102B400044D90508FC1C06080F0000000100000025
:102B5000A42B0608FC1C0608170000000200000059
:102B6000942B0608FC1C0608FF0000001F00000054
:102B7000942B0608FC1C0608EF0000001D00000056
:102B8000A42B0608FC1C0608DF0000001B00000048
:102B9000BC2B0608E20100001C1A06089202000085
:102BA000141A060832230000A42C06084222000052
:102BB000942C060842200000BC2C06089A02000053
:102BC0009C2D060822040000902D0608E202000059
:102BD000842D06082A040000782D06084203000010
:102BE000CC2D06088A040000C02D06082A2B000000
:102BF000B42D06083A040000A82D06089A04000027
:102C00006C2D06087A020000602D0608C204000040
:102C1000542D060882030000482D060842040000D7
:102C20003C2D0608A2020000282D06080A04000018
:102C30001C2D060852020000102D06083227000045
:102C4000082D0608CA290000002D06083A1F0000BA
:102C5000342D06087A030000F82C0608020500004F
:102C6000F02C06081A030000E82C0608FA020000FF
:102C7000E02C060802030000D82C06082A030000F6
:102C8000D02C060812030000C82C06084A210000B8
:102C9000B02C0608802F06089C2C060890220608F7
:102CA000AD3603086022060804000200C54503088B
:102CB0006022060806000200F142030860220608AE
:102CC00006000200C5440308A8220608A13603082E
:102CD000A822060895360308A822060889360308A4
:102CE000A82206087D360308A822060871360308C4
:102CF000A822060865330308A822060859330308EA
:102D000090220608D340030890220608CD4003080D
:102D1000602206080800040009350308602206083E
:102D2000080006002D3B030860220608FFFF030091
:102D30008D5403089022060899340308602206087F
:102D400004000200E93F03086022060804000200B4
:102D5000DF3F03086022060804000200D53F030895
:102D60006022060808000400C34E0308602206081B
:102D700008000400BD4E0308602206080800040095
:102D8000233B030860220608080004001B3B0308DD
:102D90006022060808000400113B030860220608B0
:102DA00008000400093B0308602206080600020030
:102DB000D54C030860220608FFFF0300213E0308EC
:102DC00060220608060002009D4B030890220608B8
:102DD00071330308E02F06080000420001020000E2
:102DE0000300040506000007D14203084D3903081B
:102DF00015460308A13D0308D93103086B370308C2
:102E0000742B0608E02F060800009700010200035B
:102E10000400050607000008194303089555030838
:102E20004F5503081546030899570308ED54030846
:102E30006B370308842B0608E02F060880014A013F
:102E40000102000000000000000300049159030883
:102E50006D5803085C2E0608A02E0608395A030890
:102E6000055903089558030800000000E02F0608E4
:102E7000800137030102000000000000000300048D
:102E8000915903086D580308902E0608A02E0608D5
:102E9000395A030805590308955803080100000032
:102EA000FC1C06085F0000000B000000B02E0608A6
:102EB000EA0300000C310608F2030000DC300608CB
:102EC000FA030000C430060822050000F4300608AA
:102ED0003A2A00009C300608F22B000094300608C5
:102EE0001A2200008C3006083A020000B4300608AE
:102EF000B2220000082F0608620000008C190608A4
:102F00006A000000A8300608A8220608795A0308BB
:102F10004C2F060800000000FC1C060817000000EB
:102F200002000000282F060852020000442F060865
:102F3000E2020000382F060860220608080004009C
:102F4000695B030890220608795B0308E02F0608F6
:102F500000009D00010200030400050600000007B8
:102F60003D5C0308E55A0308B55B0308B95C030838
:102F7000815D0308C95A0308182F0608B7D5B100A8
:102F8000E02F0608000045000100000000000000DE
:102F90000000000099600308E02F0608000094007C
:102FA000010000000000000000000000996003081C
:102FB00090220608B96C030890220608956C030855
:102FC000E02F060800009A00010200000003000044
:102FD000000000004D6C0308F5640308855F0308DA
:102FE000E02F060800009E0001020300000400001C
:102FF00000000000316703088D6003083565030891
:1030000001660308BEB8B3BCB6C2000000000000F1
:103010000000B9BB000000000000C4D8ADBDD1ACB9
:10302000D6C1BFB5D7C0C6B2B0CED4C8CAD0C7D239
:10303000CDCBC9D3CCCFC5C3BA00AE1410AB12B43C
:10304000AF00000060220608FFFF0300495E03088E
:10305000E02F06088000A50001000000000000022B
:10306000000000002D6D0308EB6C03089022060899
:10307000D16D030890220608B36D03087822060874
:10308000936D030890220608756D0308A8220608B0
:103090000F710308A8220608BF7303086022060800
:1030A0000600040075730308602206080800080083
:1030B00009710308A8220608E3700308A82206087D
:1030C00035710308602206080400020043700308FB
:1030D0006022060806000400B77403086022060890
:1030E00006000400B174030860220608080004000A
:1030F000AB7403086022060808000400A5740308E6
:1031000060220608040002004B73030860220608D0
:103110000400020045730308602206080A0002004A
:10312000317D03086022060806000200C5800308FE
:103130006022060806000200BF800308602206081D
:1031400006000200B9800308602206080C00060091
:10315000697F03086022060802000000F18003086E
:103160009826060868310608FC1C060817000000AF
:103170000200000078310608BA000000EA1D0000D5
:10318000EA1D0000AC1906088B00030222000000B3
:103190004E0003021A0000003A040302A88D06083C
:1031A00098260608A8310608FC1C06081F03000024
:1031B00063000000B8310608BA000000FA01000000
:1031C000B21C0000FC350608E21C0000183106089D
:1031D000F21C000040350608F2010000841A0608BF
:1031E00012020000D42D060802020000241A06086C
:1031F000AA1F0000101B06085A020000FC1C06084B
:103200005A210000801D0608EA21000088210608D6
:1032100002220000A4210608522200007C2A06088F
:10322000F202000004240608620300002C250608B0
:10323000920300005C250608D2250000E01906086C
:10324000AA030000B4260608D22700009C2706081F
:10325000E203000018280608AA2900005C280608D6
:1032600062040000A82A0608022B0000FC2A0608B7
:10327000BA040000042E0608D2040000C02F06087D
:10328000EA0400004C2F0608F2040000E02F0608B4
:103290002A050000503006082A020000802F060888
:1032A000A2040000982F06081A010000DC2A060874
:1032B0006A120000D42A0608CA010000F435060884
:1032C000D2010000EC350608DA010000E4350608FA
:1032D000621E0000DC3506081A020000D43506081C
:1032E000A21F00004831060822020000CC35060863
:1032F00072200000F834060862020000C03506089B
:103300006A020000B8350608820200003C31060857
:103310008A020000303106088221000024310608AC
:10332000BA020000083506086A04000000350608E5
:10333000C2020000E8340608CA020000F0340608A1
:10334000D2020000B03506082A23000054310608D6
:1033500032230000A8350608DA020000D834060837
:10336000BA2300009C3506080A030000B02F0608A7
:1033700022030000B82F06083A030000943506081F
:103380005A030000D034060872030000E034060837
:103390005A25000088350608EA2500007C35060815
:1033A000A203000070350608DA260000683506081A
:1033B000B20300009C840608BA03000060350608CA
:1033C000D203000054350608DA0300004835060829
:1033D0001204000038350608320400002C350608B7
:1033E0008204000014350608CA04000020350608CF
:1033F0000A01000068210608F20000006C2006089F
:10340000FA0000000020060802010000DC1F060888
:1034100012010000B81F060822010000D82006088B
:103420002A010000FC20060832010000941F060853
:103430003A0100002C1E0608420100004C1F06083D
:1034400052010000202106084A010000281F06083A
:103450005A010000701F060862010000041F0608E0
:103460006A010000E01E06087A010000741E0608CA
:1034700082010000BC1E06088A01000048200608E0
:1034800092010000981E0608B2190000B420060838
:103490009A01000090200608A2010000501E0608B4
:1034A000AA01000044210608B2010000081E060817
:1034B000021C00009C1D0608BA010000C01D060881
:1034C000421C0000E41D0608C2010000242006087A
:1034D000A822060885E20208A8220608D1E0020810
:1034E000C02206087D820308C022060871820308F4
:1034F000902206088187030890220608FD870308AA
:1035000078220608E3870308602206080600040004
:10351000A587030860220608FFFF03004D87030804
:103520006022060804000200D78303086022060810
:10353000040002003D860308A82206081986030835
:10354000A82206084D88030860220608FFFF010034
:103550009985030860220608060004002D880308E8
:10356000A822060835850308A8220608CB8303088D
:10357000602206080400020005880308602206088D
:10358000FFFF03002F85030860220608FFFF0300EA
:1035900029850308A8220608058303086022060877
:1035A000020000000D840308A8220608BF83030858
:1035B000A8220608FD82030890220608B5830308A6
:1035C000602206080200000095880308A822060869
:1035D0007D830308A82206086B830308A822060837
:1035E00053830308A82206082F830308A82206088D
:1035F0000B830308A8220608F58203086022060848
:10360000FEFF050089820308982606081036060882
:10361000FC1C0608270000000400000020360608F5
:10362000BA000000921F00008A200000381B060824
:103630008226000010280608CA1200002C1D060869
:103640009826060848360608FC1C060847000000B5
:103650000800000058360608BA0000006A22000080
:103660008A1F0000CC360608BA200000C4360608BF
:103670003A210000BC36060822240000B4360608B1
:10368000AA250000AC3606089A250000A4360608D4
:10369000022C00009836060860220608020000008E
:1036A00085890308C02206086D890308C022060820
:1036B00057890308C022060839890308C022060872
:1036C00029890308C022060819890308C0220608B0
:1036D0004D89030898260608DC360608FC1C0608F7
:1036E0002F00000005000000EC360608BA000000BC
:1036F000E2230000B20300009C840608CA10000008
:1037000028370608BA1900006C2E0608520A000075
:10371000382E06086F8A0308618A0308C9890308DE
:103720000000000028370608E02F060800001902F4
:10373000010000000000000000020000C189030831
:10374000143706082D05030200000000AA03030237
:1037500001000000982606085C370608FC1C0608D5
:10376000770100002E0000006C370608BA00000048
:10377000522500001A210000E82106086A270000EF
:10378000E0210608EA2B0000D8210608A223000049
:10379000D021060892260000C8210608322B00001E
:1037A0001C3A0608D2030000143A060892210000D1
:1037B0000C3A06089A210000043A06080225000087
:1037C0000439060812250000FC3906080A25000005
:1037D000F4390608D21F0000EC390608D22A00008E
:1037E000E4390608E22B0000DC3906086A1D0000F7
:1037F000D4390608021E0000CC3906082A1E000033
:10380000C4390608CA1F0000BC390608C22A0000D5
:10381000B4390608DA2B0000AC390608621D000036
:10382000A4390608FA1D00009C3906081A1E00007B
:1038300094390608221E00008C390608321F000049
:1038400084390608BA1F00007C390608AA21000046
:10385000743906080A2200006C390608222200008A
:10386000643906083A220000FC3806088A24000061
:103870003C3906081A260000F43806082A240000FD
:103880005C39060832240000543906083A24000046
:103890004C3906080A24000010390608822C000062
:1038A0004439060862280000EC380608622000004F
:1038B000E4380608B2210000DC3806086221000066
:1038C000343906086A2100002C39060862220000FB
:1038D00024390608BA2400001C390608A822060864
:1038E000918E0308A8220608398D0308A82206082D
:1038F000558D0308A8220608C78E0308A8220608CB
:103900001D8F030860220608040002007D8F030853
:1039100060220608FFFF0500058B0308A8220608A1
:10392000318C0308A82206083D8C0308A82206084B
:10393000498C0308A8220608558C03089022060823
:10394000F38E0308A8220608B58E0308A8220608ED
:10395000998A0308A8220608D58A0308A82206081F
:10396000B18A030890220608F98D0308A8220608E8
:10397000478F0308A8220608618C030890220608D6
:10398000058E0308A82206086B8F030890220608FC
:10399000118E0308A82206086D8C0308A8220608C9
:1039A000798C0308A8220608858C0308A82206083B
:1039B000918C0308A82206089D8C0308A8220608FB
:1039C000A98C0308A8220608B58C0308A8220608BB
:1039D000C18C0308A8220608CD8C0308A82206087B
:1039E000D98C0308A8220608E58C0308A82206083B
:1039F000F18C0308A8220608FD8C0308A8220608FB
:103A0000098D0308A8220608158D0308A8220608B8
:103A1000218D0308902206081D8E0308A82206089F
:103A20002D8D0308982606082C3A0608FC1C06086B
:103A3000670000000C0000003C3A0608BA000000D5
:103A4000721F00001A210000E82106086A27000002
:103A5000E021060862270000DC3A060892270000F1
:103A6000D43A06083A290000CC3A06089221000010
:103A7000C43A060802250000BC3A06080A250000E0
:103A8000B43A0608322B0000AC3A0608CA1F000000
:103A9000A43A0608C22A00009C3A0608A822060892
:103AA000ED8F0308A822060845900308A8220608FF
:103AB0009D900308A822060805910308A82206087D
:103AC00059910308A8220608A59103089022060828
:103AD000E9910308A822060845920308A8220608CF
:103AE0002792030898260608EC3A0608FC1C0608EC
:103AF000670000000C000000FC3A0608BA00000055
:103B00009A030000420200008C19060802270000F8
:103B1000A43B0608B2250000983B06085228000086
:103B20008C3B06083A2B0000843B0608B21D0000BF
:103B30006C3B0608FA2200007C3B060802230000CA
:103B4000743B060872240000643B06082A18000033
:103B500078280608FA2900005C3B0608902206082F
:103B600041930308A8220608D1920308A822060858
:103B700019FF0208C0220608E1920308C0220608C5
:103B8000F9920308C02206088792030860220608FB
:103B900002000000059303086022060802000000EE
:103BA000959203086022060802000000799303083A
:103BB00098260608B83B0608FC1C060837000000DB
:103BC00006000000C83B0608BA0000009A2B00005F
:103BD000021F00001C3C060812270000043C0608D7
:103BE0001A270000F83B0608FA2C0000103C0608D3
:103BF000022D0000103C060860220608FEFF0700A8
:103C00007996030860220608FEFF03003596030834
:103C1000602206080600040081940308A822060812
:103C200067940308982606082C3C0608FC1C060826
:103C3000770000000E0000003C3C0608BA000000BF
:103C4000CA2B0000E21D0000E00000204A2D000009
:103C50005C3D0608522D0000483D060892230000F6
:103C6000DC3C06088A270000CC3C0608F21E000057
:103C70006A0300006A2500003C2406088A2100002F
:103C8000C03C06086A2B0000B08D0608722B0000AD
:103C9000A88D0608622B0000A08D060832260000C1
:103CA0008C000020CA270000B43C0608E704FB048F
:103CB000FC0400006022060804000200E5960308E8
:103CC0006022060802000000CD960308042E0608B4
:103CD000000000000700000073CB0508581A060812
:103CE000050000009A030000303D0608203D06084C
:103CF0000D3E0000103D0608FC3C0608CF04000005
:103D0000A9050000A5030000A6030000A40300000D
:103D1000042E0608000000000B0000007BCB050805
:103D2000042E060800000000150000004AD905080E
:103D30004C2F060804000000030000003B000000B8
:103D4000010000000A0000004C2F060803000000DC
:103D5000070000000900000001000000042E060812
:103D6000000000002800000087CB0508A88D060889
:103D7000BD740308982606087C3D0608FC1C06084E
:103D8000C7000000180000008C3D0608BA000000C3
:103D9000722100007A2100004C3E0608020E00004D
:103DA00003000000E20D000005000000AA0D000065
:103DB0000B0000006A0D0000130000005A0D000007
:103DC00017000000EA0D0000190000004A0D000075
:103DD0001B0000008A0D000023000000DA0D000027
:103DE00027000000B20D00002B000000A20D000013
:103DF0002D000000FA0D0000BF000000520D000071
:103E0000C5000000720D0000CF000000820D000010
:103E1000D1000000D20D0000D3000000F20D000020
:103E2000D70000002A0E0000DD0000007A0D00001F
:103E3000DF000000920D0000E3000000620D0000B2
:103E4000E50000009A0D0000E7000000FC1C0608D9
:103E5000B6000000160000005C3E060803000000EB
:103E6000020E000005000000E20D00000B00000043
:103E7000AA0D0000130000006A0D000017000000EA
:103E80005A0D000019000000EA0D00001B000000A0
:103E90004A0D0000230000008A0D000027000000EA
:103EA000DA0D00002B000000B20D00002D00000014
:103EB000A20D0000BF000000FA0D0000C5000000C8
:103EC000520D0000CF000000720D0000D100000074
:103ED000820D0000D3000000D20D0000D7000000CA
:103EE000F20D0000DD0000002A0E0000DF000000DF
:103EF0007A0D0000E3000000920D0000E5000000D4
:103F0000620D0000E70000009A0D00007A9A030895
:103F10007A9A03087A9A03087A9A03087A9A030825
:103F20007A9A03087A9A03087A9A03087A9A030815
:103F30007A9A03087A9A03087A9A03087A9A030805
:103F40007A9A03087A9A03087A9A0308F8A503086C
:103F50005AA5030838A50308E6A40308B0A403087B
:103F60007CA40308CAA3030896A303085EA303085E
:103F70009CA203086CA20308C49C03088E9C03083F
:103F80007A9A03087A9A03087A9A0308B29D03087A
:103F9000689D03081AA60308C4A503089EA5030884
:103FA0007CA5030832A40308FEA3030806A30308A4
:103FB000CCA20308B89F0308929F0308769F0308CA
:103FC000349F0308F09E0308B89E03087A9E0308F6
:103FD0003A9E0308129E0308E89D0308349D0308D7
:103FE000049D0308909B03084C9B03087A9A0308DE
:103FF0007A9A03087A9A03087A9A03087A9A030845
:104000007A9A03087A9A03087A9A03086EA003083A
:104010007A9A030860980308E6A10308BEA1030882
:104020009AA1030878A1030810A103089698030831
:1040300096980308DE9F0308F49F03087A9A030802
:104040007A9A03087A9A03087A9A030848A603081A
:1040500042A603083CA60308BEA5030864A40308FF
:1040600052A4030840A3030868A203084CA2030853
:104070004AA2030832A2030814A20308CAA0030834
:104080004EA0030844A0030824A003087A9A03085A
:104090007A9A03085A9F03084EA703082C9B03082B
:1040A0001C9B03080A9B03085A9A0308B09A03084A
:1040B000769C03087A9A03087A9A03087A9A030886
:1040C0007A9A03087A9A03087A9A0308569C030896
:1040D000569C0308569C0308569C0308569C0308EC
:1040E000569C0308569C0308569C0308569C0308DC
:1040F000569C0308569C0308569C0308569C0308CC
:10410000569C0308569C0308569C0308569C0308BB
:10411000569C0308569C0308569C0308569C0308AB
:10412000569C0308569C0308569C0308569C03089B
:10413000569C0308569C0308569C0308569C03088B
:10414000569C0308569C0308569C0308569C03087B
:10415000569C0308569C0308569C0308569C03086B
:10416000569C0308569C0308569C0308569C03085B
:10417000569C0308569C0308569C0308569C03084B
:10418000569C0308569C0308569C0308569C03083B
:10419000569C0308569C0308569C0308569C03082B
:1041A000569C0308569C0308569C0308569C03081B
:1041B000569C0308569C0308569C0308569C03080B
:1041C000569C0308569C0308569C03082E9C030823
:1041D0002E9C03082E9C03082E9C03082E9C03088B
:1041E0002E9C03082E9C03082E9C03082E9C03087B
:1041F0002E9C03082E9C03082E9C03082E9C03086B
:104200002E9C03082E9C03082E9C03080E9C03087A
:104210000E9C03080E9C03080E9C03080E9C0308CA
:104220000E9C03080E9C03080E9C03080E9C0308BA
:104230000E9C03080E9C03080E9C03080E9C0308AA
:104240000E9C03080E9C03080E9C0308EE9B0308BB
:10425000EE9B0308EE9B0308EE9B03087A9A030883
:104260007A9A03087A9A0308C69B0308C69B030838
:10427000C69B0308C69B0308C69B0308C69B03088E
:10428000C69B0308C69B0308C69B0308C69B03087E
:10429000C69B0308C69B0308C69B0308C69B03086E
:1042A000C69B0308C69B0308C69B0308C69B03085E
:1042B000C69B0308C69B0308C69B0308C69B03084E
:1042C000C69B0308C69B0308C69B0308C69B03083E
:1042D000C69B0308C69B0308C69B0308C69B03082E
:1042E000C69B0308C69B0308C69B0308C69B03081E
:1042F000C69B03087A9A03087A9A03087A9A0308F5
:104300007A9A03087A9A03087A9A0308696D706F9B
:1043100072742000445D06088C550608B0530608E8
:1043200078500608EC4E06080C490608C8480608EE
:10433000B0460608C04306086173796E63696F2F43
:104340005F5F696E69745F5F2E7079006173796E6B
:1043500063696F2F636F72652E7079006173796E78
:1043600063696F2F6576656E742E7079006173795D
:104370006E63696F2F66756E63732E70790061735B
:10438000796E63696F2F6C6F636B2E707900617348
:10439000796E63696F2F73747265616D2E70790029
:1043A000756173796E63696F2E7079006468742E1D
:1043B0007079006F6E65776972652E707900000004
:1043C000E0430608CC43060834440608D0430608F8
:1043D0004C2F06080200000006000000010000004B
:1043E00021060700A703CC05CB05C1051100EF048A
:1043F00076045502B20232051C051E057E00B90581
:10440000BB05A4003306CA053E05E305CE0502043C
:10441000E0052400D905170016001A00CF05890011
:104420002B06F5056B00A2002D06170602064000BC
:1044300004040000000002008D46060840440608FF
:104440008046060848440608000002003046060878
:104450005444060817460608FC450608EE450608BB
:10446000E0450608BA450608AA4506089A45060822
:1044700081450608644506082B4506089144060850
:10448000844406082206171F2812181417B1360193
:10449000637308151F2526B0140B36004343230011
:1044A00063B01410B01316360159B1434612278871
:1044B0003401C11227883401C380C4228040C580E2
:1044C00042DC8057C680C78042C78057C8B0140CF2
:1044D0003600C9B0140C36004448B9444323006385
:1044E000425AB94357B2B5D8434EB1B65581B8F028
:1044F000EF4449B2B5DC444481C9B5C4B0140FB926
:10450000360159B94446B781B8F0E0C7B581E6C570
:1045100081E55788D743B37F59B7B3B65681E5577E
:1045200088D7439E7F59B3B42A02634904141F2BD2
:1045300000C1228041C250C380425F57C4B01415ED
:10454000B3B236023002C3C2B34446B1B32B01E565
:10455000C1B280D94442424981E55722817FD74385
:104560001A59B1632206121F24B0140B360059B039
:104570001410B01313360159B01411B1360159514A
:10458000635206111F21B15F4B0EC212181410B0F6
:104590001307B2360259423051632A06101F231204
:1045A000181410B01307B13602632A060F1F231226
:1045B00018140FB01307B13602633A060E1F21120A
:1045C00022B1340180425057C21218140DB01307A3
:1045D0003601B1B25681E5585AD7432B5959516328
:1045E00019040D1F1218140DB013073601631904B6
:1045F0000C1F1218140CB01307360163AA01060B26
:104600001F201218140BB013073601C2B14446B272
:104610004343120365B2632A06061F07B1B01807A9
:10462000B013071408B11309B1130A3602595163C4
:10463000080204111B161C1004161D228170161688
:10464000228055161322814C161E32001606502A5F
:1046500001533301160B3202160C3203160D3204CD
:10466000160E3205160F32061610320716113208D2
:10467000161232091614320A1615320B1617516328
:10468000000203111B161C1003161D5163180201B2
:1046900080511B02161854320010031119340316EE
:1046A000035432011004340216041005161A516323
:1046B000D0460608BC4606080C47060892200000B3
:1046C000CA2F0000C8460608A4210608CDCCCC3D60
:1046D000010607007905A6041204F10493000706F9
:1046E00026060805C405C205C305C1051100EF046F
:1046F000F5051C061406400659009C03D905170051
:1047000016001A008900400024000000000002008A
:104710003B48060818470608CC4706088C47060899
:1047200024470608000002007647060830470608BE
:1047300061470608384706082104131AB01310828F
:104740005522807FEF88F0B013108355ED2302F4DB
:10475000C1B013108255228100EF4443B1D1C1B1E1
:10476000631904121AB01310805588F0B013108129
:1047700055ED2302F46300020C11171618100C16E5
:1047800019320016123201161351630000000200A4
:10479000B447060898470608AA470608A04706082F
:1047A0001104131AB013108255631104121AB013B6
:1047B0001080556300020B11171618100B161932D2
:1047C00000161232011613516300000000000200AF
:1047D00026480608D847060813480608E047060892
:1047E0002104111AB01310C11204B0130FB1340216
:1047F00059B18055B18155F2B18255F2B18355F26C
:1048000022817FEFB18455DC4447121C230134011F
:104810006551631A060E1A0FB1B0180F121B8534BA
:1048200001B01810516300020A11171618100A1669
:10483000193200160E32011611516318020180510F
:104840001B02160280511B031603111411032300CF
:104850003402444E8010042A011B031C0416045920
:10486000427D11021305140610073601444E8010D4
:10487000042A011B071C0416045942631102130584
:104880001008D9444E8010042A011B091C04160488
:1048900059424C1115110213053401130416041961
:1048A00003543200100A3402160A543201100B115C
:1048B0000A3403160B543202100C110A3403160C7E
:1048C000100D161651630000D448060800000000C1
:1048D000E0480608420607000E00E905F00557000B
:1048E0000000020000490608EC480608F0480608E7
:1048F0002104020480511B03C11205B1B0340263CC
:104900000002013200160251630000001C49060833
:1049100018490608C0490608342B0608EF050700A9
:10492000FB050100D305D1054506E705F205F305B2
:104930002206B3012E04610552040D035005F6034F
:104940003806D005CD054C0634060306DF052806DB
:10495000390653050F031303CE039C04FE05E4053B
:104960003E065E056901E3033B06A4000406110050
:10497000320623042306120647007D0027067E0028
:1049800029067F00900391036A05AB03350679057C
:10499000F9042406D405D505170016001A001306DD
:1049A000F7043000F805F4058900F505DC043C0641
:1049B000BA046B0043061E0622000A0609063F06DB
:1049C000000002008F4E0608CC490608884C0608F5
:1049D000DB4B0608AC4A06081F4A0608E0490608F1
:1049E000B8C4010A2646474849B280DC4345B37F34
:1049F000DC445A124AB13401C1B37FD94446124B48
:104A0000B13401C3B1B2B2B3F22E0255C1B0142712
:104A1000B1360159B0142836005E5168595163818E
:104A2000D6010C1A444142451280511B0DC5B514E4
:104A30000EB1B236028055C6B5140DB6805536019A
:104A4000C7B7141050360159B7141BB5131CB51352
:104A50001D81360359B7141EB67F55360159B71458
:104A60001FB336015912053400C812021420B814BD
:104A700021B7B0B436033601B81822480D1202141B
:104A8000238036015E5168594A1D5712021324DFF4
:104A90004454C9490AB813221425360059B965513E
:104AA000C928095D4A015DB86300000000000200EA
:104AB000BA4B0608B84A0608B34B06089A4B0608D4
:104AC000884B06087A4B0608CC4A0608F8460A21A5
:104AD000462A441250B01836480D120213181430EA
:104AE000B1360167594A235712021324DF445AC4CE
:104AF0004910B1142E360059B0133644425163B4F4
:104B0000655151C428045D4A015D480BB114373624
:104B1000003002C5C64A065940DA80015DB34476CA
:104B20004810B31415B5103852101750368401C50B
:104B30004A24571243DF445DC74913120213391444
:104B40003AB7360159B5142E36005940680251C79C
:104B500028075D4A015DB51410503601591204B59D
:104B60002C01B6103B623402C812021420B2B8B84D
:104B7000340236015942E07E51639140040646B04A
:104B800013225E516859516311042E4652B01836F3
:104B9000B0132214253600595163A8440A35464FF4
:104BA0005051B0142E360059B0140636005E5168CC
:104BB0005951638940043446B063000205113E1622
:104BC0003F100516403200163432011635320216F7
:104BD0002E3203160632041621516388D6010A0AC2
:104BE0004142121680100B2A011B0C1C0BC4598069
:104BF000511B0DC5B5140EB0B180B5130F3604802E
:104C000055C6B5140DB68055B68155B682553603D6
:104C1000C7B7141050360159480BB71411B67F5559
:104C20003601594A1B571243DF4454C8490AB81386
:104C30000CB4DC4442B8655151C828085D4A015D96
:104C4000B2446DB252DE444E80511B12C9B91413E6
:104C5000B913143601C2B34342B0C3B21415B7102E
:104C600016B3101750368401C7B7141050360159C7
:104C70001204B73401CA120213181419B7360167A7
:104C800059BABA2A0263000000000200514E060819
:104C9000944C06083B4E0608304E06082A4E06087D
:104CA0001B4E0608DE4D0608C24D0608804D06085C
:104CB000484D0608124D0608BC4C0608C1400428A1
:104CC00046B0132C434B120214238036015E516808
:104CD00063124AB0132C3401C180C2426512021320
:104CE000181419B0132A36016759B0132A1427B1C2
:104CF000B2512E02553601C3B351DED34444B2B390
:104D0000E5C2B2124BB13401D743122300B0182CC4
:104D100051632A06274647B0132C4361B0132A1467
:104D200027B13601C2B2124BB13401D944425163AA
:104D3000B251DED34447B1B2512E0255C1B0571320
:104D40002CB1E55A182C5163A9400433462300C105
:104D5000120213181430B0132A36016759B0132AFF
:104D600014333600C2B251DE44424250B1B2E5C102
:104D7000B24447B17F558AD94442B163421251636C
:104D8000B2400632464D2300C2427212021318147A
:104D900030B0132A36016759B0132A142FB13601E7
:104DA000C3B351DED34456124BB334014343124EC6
:104DB00065B2B3E5C2B1124BB33401E6C1B1430BE6
:104DC000B263A24006314647120213181430B013E2
:104DD0002A36016759B0132A1431B1360163B24142
:104DE000062F464D2300C2120213181430B0132AA6
:104DF00036016759B0132A142FB13601C3B351DEFF
:104E0000D34454B180DB4442B363124BB334014307
:104E100042B263B2B3E5C2420E516391400406460A
:104E2000B0132A142E360059516309042E465163DB
:104E30001A062D464CB0132BB15563A30108294621
:104E40002A2BB1B0182AB2B0182B2300B0182C515D
:104E500063080204113E163F100416402C002A017C
:104E600053330016293201162D3202162E32031644
:104E7000067F2A01533304162F32051631320616E7
:104E800032320716333208162732091628516310BA
:104E900002018110022A011B031C0216025954321E
:104EA000001004340216041104163C1104163D517E
:104EB000512A02533301160A5432021005340216E5
:104EC0000585512A02533303161A807F2A02533371
:104ED00004162611041306110418071126110418CC
:104EE000081126110418095163000000FC4E060841
:104EF000F84E0608384F0608422E0000EE0507005F
:104F0000FB050100C70511006A055E034A06190684
:104F10002E05E8047800A8030605E8050304040448
:104F2000690190039103170016001A0089003200EE
:104F30000A0609063F060000000002005B50060852
:104F4000444F0608484F0608000002003650060885
:104F5000544F06082350060819500608E04F06086B
:104F6000884F06087A4F06086C4F0608A8440A14B2
:104F7000181A1B1CB0140A3600639140041318B0B1
:104F8000140F36005E516863B942040F18B013065F
:104F900080DC44C580B01308140E120213103601D1
:104FA00059B0130812021310181148055167594AD5
:104FB000295712021312DF4460C14916B0130612BA
:104FC000021310D9444A81B01806B0140A360059A9
:104FD000B16551C128015D4A015D81B01806526377
:104FE00019040A18B0130681DC444712192300344F
:104FF0000165B01308140B36004458B01308140CA4
:105000003600B018061202130D140EB01306360146
:1050100059424480B01806516311040918B01306B0
:1050200081D9631104051880B018061202140736DE
:1050300000B018085163000204111516161004166A
:105040001732001605320116093202160A3203160B
:105050000F32041613320516145163100201811029
:10506000022A011B031C0216025954320010043498
:105070000216045163000000885006088450060898
:10508000E0500608BA2F0000ED050700FB050100FF
:105090005D05D8052C06E2050404E3036901460614
:1050A000E105FE050304A2003D00D70547065E05A5
:1050B0000F066A0580001D04A8030605A90049061D
:1050C000F10521008B05170016001A0094006B00F3
:1050D0006100330032005E003D0605000606000058
:1050E0000000020078530608EC5006083653060804
:1050F000BF520608AF52060884520608005106083F
:10510000000002016B5106080C5106082B510608DD
:105110001451060849041A292B00B05F4B0CC11228
:1051200002140CB136012F14423263B9040C172952
:105130002929282A250213081205DED34442516387
:105140002500434E1224B4122534024345B42701EE
:10515000424C250181E62701250144425163120298
:105160001318141925023601595163F0CA80C04042
:1051700085011406000708B0B7B8200003C2320149
:10518000B13401C38027071223B334018042C480A5
:1051900057C4B3B455131552DE444EB2B3B45518C8
:1051A00015250781E527074269B3B4551315435BFD
:1051B0001224B3B455130812253402434C2500437E
:1051C000481223B33401D127074247122623003463
:1051D000016581E5585AD743B67F59591202130E1B
:1051E000270850C5250780D84466120525081808E9
:1051F00048055167594A19571202130ADF4450C62D
:10520000490652C5B627075151C628065D4A015DB9
:105210001223B334018042DA8057C4B3B455131556
:10522000B2DE445352B3B4551815B54448B3B4551F
:105230001409360059427A1224B3B45513081225C2
:105240003402444CB3B4551308130FB3B45642613F
:105250002500444AB3B4551308B3B456425312243C
:105260002507122734024449B3B4551308270742CF
:105270004081E5585AD743A07F5959250744432513
:105280000765B363000002009A52060890520608B0
:1052900094520608090416285163080205111F16C6
:1052A0002010051621112232003401161651632AEE
:1052B00006121C1E120BB0B112021313340363DB6F
:1052C00043080B1C1E041202140CB03601C0B1516D
:1052D000DE4445B05E5168631202140D12071202DB
:1052E000130EB034023601C3480AB2B134015E5124
:1052F00068594A32571202130ADF4469C4491FB47D
:10530000130FC5B551DE4448B31409360059B465CE
:10531000B552DE4446B41310815563B5655151C48E
:1053200028045D4A015DB31409360059B35E516823
:10533000591202131165D24206071B1C4809B15EBF
:105340005168C252C34A1657121DDF444FC4490563
:1053500051C2B4C35151C428045D4A015DB0130861
:1053600051DE4452B014093600444B1202140AB301
:10537000B23602B0180851631802018110022A01E6
:105380001B031C0216025932001607110213042ACD
:1053900001533301160B3202161254320310053436
:1053A000021605532C005010066233041614516384
:1053B000BC53060800000000FC530608EC0507007B
:1053C000FB050100C5057C04D605190211006A051C
:1053D0005E034A0616068C00A80306057800E8045A
:1053E00046004406030404047D04DF052706260066
:1053F000170016001A0089002A063F040000020068
:105400004F55060808540608A0540608105406080C
:10541000000002007C5406081C540608725406085A
:105420005F540608555406084B54060830540608C5
:10543000994004131DB01309434B1202131714189B
:10544000B03601675980B0180951631104121D80EC
:10545000B01809516311040D1D81B018095163235F
:1054600008161D1E1FB183D94446B01309B2F46358
:105470007F631104081D80B01809516300020611F2
:105480001A161B1006161C320016083201161632A8
:1054900002160D3203161232041613516300000077
:1054A000000002002E550608AC5406081B550608DD
:1054B00013550608EE540608E4540608C0540608BE
:1054C000994004131DB013094358B0130B140F1265
:1054D000021314360159B0130B120213141815518C
:1054E000675952631104121D50B018095163210409
:1054F0000D1D42501202130E140FB0130B14103670
:1055000000360159B0130B14113600432752B0185E
:1055100009516309040C1DB01309631104081D50DF
:10552000B018091202140A3600B0180B51630002B9
:1055300004111A161B1004161C320016083201162C
:105540000C3202160D320316123204161351632C5C
:1055500002018110022A011B031C02160259543257
:1055600000100434021604481580511B051605541A
:105570003201100611051307340316064A0A5711A3
:1055800019DF4443594A015D51630000B4550608D0
:10559000985506088C560608A4550608EA2F000000
:1055A00002310000042E0608CDFD00001F0000009F
:1055B000D7CB0508EB05070086058505830588051B
:1055C000790548055E035D03A3033E066901D7051F
:1055D0001D060B060D06D205C605C9055E056A0542
:1055E0005D05E105FE058A0006053006E804EB04CA
:1055F0007200480678000404F8039B00F605A20038
:105600002E06E6051006FF051F0611000906130009
:105610001900A203F4042506DC052B05AD02AE0239
:10562000C404DB05A1052706280680007E042F069A
:10563000960047003606DE05110600063A046C05A2
:105640000E06FC05F904410621002400DD050304D3
:10565000E505170016001A003D063706AB045E008C
:10566000F1056100590036005800A8031B063300FD
:10567000DF05430031064B0632008900320615066D
:105680005B0005065A041A06FA057B0000000200BA
:10569000685C0608985606085B5C06084E5C0608BF
:1056A000DC5B0608C25B0608B05B0608CC5906083E
:1056B000B65906088E5906083458060826580608B2
:1056C0002058060804570608F9560608E656060844
:1056D000D456060800022A12083400175B1212344E
:1056E00000175E121363080229124D51DE4447125F
:1056F000622302340165124D6392800106286061C5
:105700001213630000000200EC5706081057060849
:10571000E2570608C8570608BA570608A2570608EF
:105720009D570608925706088A5706084A570608E2
:10573000345706081904246A12131341450412133E
:1057400013431213B03402595163420643696A127B
:105750006BB1100E551044120613453482015912D4
:105760006B1046B11010551047B110105513221090
:1057700044120613453482045912061448B1100F1E
:105780005512061345360259516300024212131393
:10579000416311044068B012131841516300023F85
:1057A000516310023E124E51DED3444C125B141A68
:1057B000124E36015951174E516319041B56121BD4
:1057C0001217B0340134016310023D12091227345C
:1057D00000125A34003402174E121B124E34015973
:1057E0005163110418221218B0340163000213111E
:1057F0004F1650101316515116413200161832012F
:10580000163D3202161B3203163E3204163F320595
:1058100016403206164232071643320816245163E8
:1058200080400227516319042622121B1218B0343B
:1058300001340163F103041B5C120C124B2A02C1F8
:10584000120C125D2A02C281C3427E7FC3125B1416
:105850001C3600C4B444531254801203B4131D12F6
:1058600049340034023402C34257125E131E4351BE
:1058700051174DB04445B013154342516383C342A1
:1058800040125E141FB3360159B380D843BC7F1257
:105890005B14203600C4B4174D4822B41321C5B59B
:1058A000434BB41322141951360159424D51B418C7
:1058B00021B413221423B53601594ACC0157B1DF64
:1058C00044C581C649BA01B4B0DEC7B7445D5117BB
:1058D0004D1257B6125D3402434650B41815B665E2
:1058E000B4131551DE444450B41815B4131544E4F0
:1058F00080B4131552DE444CB7444350424151B476
:1059000018154278125FB4131534014450B41415BD
:10591000B4B636025950B4181552C7425F425012FD
:105920005B141AB413151420360036015952C7B44B
:105930001315141C3600432750B41815B7435012E2
:1059400057B6B234024348125B141AB4360159B642
:10595000B418214262B4131551DE445BB5B418216A
:10596000B5124C100F56B4124C10105612131424CA
:10597000124C3601594240B4B0DE4444B61325639C
:105980005151C628065D4A015D42BB7D5163210429
:1059900018221258B0101934024347125923013407
:1059A00001651209B0125A34003402C1125B141A94
:1059B000B1360159B163190417561257B0120934A0
:1059C000024442B0631218B03401630000000200C8
:1059D000875B0608D8590608735B06080A5B060849
:1059E000EF5A0608E05A0608D15A0608905A0608E7
:1059F000F459060862061F6367B01331143CB136D0
:105A0000015F4B89013002C2C3B0131E1266B2346B
:105A10000155C4B312071335D2EF4456B480555123
:105A2000DED3444E125B141AB4805536015951B47A
:105A30008056B312071334D2EF4456B4815551DE69
:105A4000D3444E125B141AB4815536015951B481B6
:105A500056B4805551DE4450B4815551DE4449B0AE
:105A60001437B23601594263B4805551DE444FB009
:105A700013311436B212071335360259424DB013A2
:105A8000311436B21207133436025942F47E516390
:105A90006A063B630B51C2B0131E5F4B1FC3B013AA
:105AA0001EB3553003C4C5C6B4B1DE4345B5B1DE3F
:105AB0004448B6C2595959594242421FB251DED3E5
:105AC0004449B01437B63601594242424242065167
:105AD000632A063A6364B01432B1813602595163C5
:105AE0002A06396364B01432B180360259516322F8
:105AF00006376364B0131E1266B13401535B56B0AF
:105B000013311438B136015951634B08326364655F
:105B10001266B13401B0131EDDD3446F5151B12B65
:105B200003C3124DB3B256B3B0131E1266B13401A3
:105B300056B013311433B1B280D94446120713342E
:105B40004244120713353602594261B0131E1266E1
:105B5000B1340155C4124DB4B256B013311436B13C
:105B60001207133412071335ED360259B0124D18CF
:105B700021516311042B63120714303600B0183121
:105B80002C00B0181E5163000212114F1650101253
:105B900016513200162B32011632320216373203FA
:105BA00016393204163A3205163B3206161F516377
:105BB0002104165212141255B0228768F4340134AD
:105BC0000163B201061452531204124934001254F4
:105BD00080B034023402B11815B163000000020035
:105BE000355C0608E85B0608245C06081E5C0608AF
:105BF000F45B060821042E63B0131551DED3445222
:105C0000125B141A124DB0131536025951B0181503
:105C1000516351B0132C182FB0132C655163090434
:105C20002D63B06311042B6351B01815125D34005D
:105C3000B0182C5163000211114F1650101116515B
:105C40003200162B3201162D3202162E516300023D
:105C50000D114F1650100D1651516300020C114FCB
:105C60001650100C165151632C02018010021003C3
:105C700010042A031B051C0216491C0316031C04EE
:105C800016045980511B06160680511B071607483B
:105C90001480100810092A021B0A1C0816081C0987
:105CA0001609594A165981100810092A021B0B1CA3
:105CB0000816081C091609594A015D543200100CD7
:105CC000114A3403160C543201100D114B340316D3
:105CD0000D2C032300100E6251100F625110106240
:105CE000164C543202101134021611111134002ACC
:105CF00001533303161432041616543205101234AD
:105D00000216123206161732071618512A0153339B
:105D100008161B32091626320A162751174D51173D
:105D20004E54320B10133402161380802A02533360
:105D30000C1628320D1629320E162A112A34005953
:105D400051630000805D0608505D0608AC5D0608E2
:105D50006C5D06083A320000B22E000012310000DD
:105D6000CA310000A22E0000AA2E00004C2F060807
:105D70000300000007000000010000000100000017
:105D8000EA0507000500FB050C0646060F06080697
:105D9000C5051806C7053A060E005600D905DA05EE
:105DA000F005200057009C0358000000000002008E
:105DB000EF5D0608B85D0608BC5D060849040C10D6
:105DC000120F140DB0513602C1B151DE444612110A
:105DD000B034016512121213B11214340051528101
:105DE0003405B03402C2B212143400B056B263109B
:105DF00002018110022A011B03692300160E2C0ADE
:105E000010041005621004230162100410066210D1
:105E10000710086210072302621009100A62100BB3
:105E2000230362100B230462100B230562100B2363
:105E30000662160F3200160C5163000094E4050848
:105E4000C10500800A0000008C00000010610608F7
:105E500084600608F7CB0508FDCB050803CC0508D0
:105E600009CC050811CC050817CC05081FCC05087E
:105E700024CC050836CC05083BCC050845CC0508E4
:105E80004DCC05085ACC05086ECC050879CC050820
:105E900082CC05088DCC050894CC0508A7CC050854
:105EA000AECC0508BBCC0508C8CC0508D7CC050886
:105EB000E4CC0508ECCC0508F8CC0508FFCC0508B7
:105EC00008CD050811CD05081ECD05082BCD050808
:105ED00035CD050839CD05084ACD05084FCD050853
:105EE0005BCD050862CD05086DCD050876CD0508AA
:105EF0007DCD0508A9A7050885CD050899CD05081C
:105F0000A9CD0508BACD0508CBCD0508DBCD050820
:105F10004BAA0508EDCD05085CD00508F0CD0508B5
:105F2000FACD05083FA8050802CE050819CE0508D8
:105F300026CE050829CE050816CD050838CE050859
:105F40003DCE050843CE050856CE050862CE0508AD
:105F50006FCE050889CE0508F9B3050890CE05086F
:105F6000A8CE0508AECE0508B8CC0508B1CE050808
:105F7000B0D00508B5CE0508B9CE0508EAAF0508CA
:105F8000C2CE0508C8CE0508CFCE05081FCE05082D
:105F9000D7CE0508E6CE0508FCCE05080BCF0508D0
:105FA00010CF050819CF05081DCF050824CF050817
:105FB0005AAC0508E1C1050864CF05082ACF0508D9
:105FC00034CF05083CCF0508F5C6050844CF0508C1
:105FD00053CF050869CF050874CF050884CF05089D
:105FE0008CCF050895CF050873CB05089CCF050815
:105FF000A7CF0508B3CF05085AD60508BFCF0508B7
:10600000C8CF050857CD05084BCD0508DACF0508E0
:10601000E6CF0508F9CF0508D5CB050802D005085D
:106020000DD005081DD0050829D005083FD005086A
:1060300044D0050848D00508CDA8050855D0050866
:1060400063D00508FBC605085DCE050866D00508C7
:1060500069D0050875D005087BD005085CB2050835
:10606000F0BB050887D0050893D005089CD005082B
:10607000A8D00508B6D00508BDD00508C5D00508CC
:10608000CFD0050805050507050704110409070C0D
:10609000130A080A0612060C0C0E0C070B06080859
:1060A0000C0C090310040B060A08060707130F104F
:1060B000100F11040206090703160C020E0704054F
:1060C000120B0C1906041705020203050308090543
:1060D0000607060E150E0408030605040604090744
:1060E00007010E150A0F070806070A0B0B03081114
:1060F00003030B1208010A0F0B1504030C060D0213
:106100000104020B050B01040B080B0D0607090B1C
:1061100014695D80FD80286FE98A92658EE8A7ABDF
:1061200019E9B95168D8505DE128A46FCB11D6BDEB
:10613000A00B393139D89C9A368B5625664B7C9109
:106140003F981A5F6AC2C068243383CCD2A9821FE9
:106150005261B3E5FB7EADD81016253252601DD3D7
:1061600045ADB7F776F0016320B666407189B6BCDD
:10617000336EF9C1EC0A6AA97449E84CB711E46EB0
:1061800030CFFAD8BEDB095229C593521E2241B343
:106190005ADDC8FCF9217549956DB26D6324C96952
:1061A000DB24FCCBD2EB086B00393A598808034E4C
:1061B000BCECC74025357CAF5054C2E426A3AE23C7
:1061C0000FBA3924FC7B1DAE6EBCCBB5890CD3BF96
:1061D0000FD8D86385758020EDA4569679CD162208
:1061E000C95C638B2C4CD4B9B58B6C89CC61EF93B3
:1061F00025CED6B5E24F58EF64EFA8149A7DE98D0D
:10620000BFF859D45AE8EC70D1B5289E936FE9DEF7
:10621000430817D9D3B58E55E3722A9FCB61241B4F
:10622000F9ECEE798755CBF3000000000000000088
:10623000E02F06080000F40001020000000000004A
:106240000000000329B3030851B203085062060896
:10625000FC1C06082F000000050000006062060814
:10626000D228000088620608321C0000FFFF0100EF
:106270001A0B0000010200000A0B000003020000DC
:10628000120B000005020000A8220608EDB4030866
:106290000C0A0806602206080800080001B5030879
:1062A000400243023F024102000000800000004023
:1062B00000000080000000C0CF03020100000000C9
:1062C000C2040200000000003D0502004B00000077
:1062D0005C0502000100000091050200FFFFFFFFC6
:1062E00092050200FFFFFFFF5B00020100000000BB
:1062F00004040301000000003F040200000000004D
:10630000E02F060800005B01010200000000000011
:106310000000000375BF03081DBE030820630608C4
:10632000FC1C06081701000022000000306306086C
:10633000B2230000A46406086A200000B0640608C6
:10634000FA23000040640608520400009064060826
:10635000221F000088640608422900007C640608A9
:106360007A2A000074640608522B00006C64060848
:1063700082220000606406088A2200005464060835
:10638000A22900004C64060802120000010000006F
:106390001A12000003000000FA11000005000000BE
:1063A0000A1200000700000012120000090000009D
:1063B0002A1900000100000012190000030000006B
:1063C000321900000500000022190000070000003B
:1063D0001A19000009000000A20E000003000000CE
:1063E0009A0E000005000000AA0E00002100000027
:1063F000A216000003000000AA160000050000001D
:1064000012110000050000002A1100000300000026
:1064100022110000110000003211000009000000EC
:1064200042110000210000003A110000FF010000AD
:10643000E21A000007000000920E00001D0000009C
:1064400060220608FFFF030015BA0308A822060809
:1064500027BB0308602206080400020085B5030874
:10646000602206080400020061B90308A822060899
:10647000ADBA03089022060899B8030860220608FE
:106480000400020085B7030890220608C5BA030875
:1064900060220608FFFF07009DB60308FBB903084A
:1064A00095BD030860220608FFFF03005DBD0308D9
:1064B000A822060871BD0308410503010000000081
:1064C000430503010000000046040202801A060092
:1064D0008B05020250C30000E02F060800003403C1
:1064E0000102000000000000000300040DC70308C3
:1064F00095C40308FC6406081C650608A5C60308C5
:10650000000000009DC5030875C60308CDC7030839
:106510004BC60308F9C7030800000000FC1C06086E
:10652000770000000E0000002C650608B223000072
:10653000446606086A2000003C660608F22900004E
:1065400034660608920400002C660608B2040000B7
:1065500024660608F20300001866060822050000FB
:106560001066060802290000046606080A290000D1
:10657000F8650608EA2D0000EC650608FA2D000013
:10658000E065060812290000B46506081A29000013
:10659000A8650608F22D00009C6506086022060822
:1065A000FFFF03006DC3030860220608FFFF03001E
:1065B0001DC3030860220608FFFF0300C5C20308CD
:1065C000AF03020100000000B90402010000000056
:1065D000BB03030100000000B20302020800000038
:1065E0006022060808000600E1C3030860220608CE
:1065F00008000600A1C10308602206080800060082
:1066000059C103086022060808000600EDC103080E
:10661000902206080DC10308602206080600040047
:10662000B1C00308A822060817C50308A822060857
:10663000F5C40308A822060871C00308A8220608AA
:106640005BC0030860220608FFFF0300D1C40308F3
:106650005B00030100000000AF0302010000000026
:10666000B203020207000000AE04030206000000AD
:10667000B2040202080000005A04030006000000F1
:106680008F050200300000005B04010000000000E4
:10669000E02F0608000006020102000000030000CF
:1066A0000000000439CB03087DCA030849CA030867
:1066B000B4660608FC1C0608570000000A0000002B
:1066C000C46606086A20000030670608F20300006E
:1066D000286706082205000020670608FA23000044
:1066E00014670608D210000003000000DA10000052
:1066F00005000000FA100000090000004A11000027
:1067000011000000E210000021000000EA1000006B
:106710004100000060220608FFFF030069C903086A
:1067200090220608FDC903089022060823CA030820
:10673000A8220608A5CA030890660608005400406F
:106740001F002000C0D70608ACD7060890660608D0
:10675000005800402100220070D706085CD70608C8
:106760000000000000000000000000000000000029
:106770000000000000000000000000000000000019
:106780000000000000000000ADC80308D5C80308E1
:106790006022060802000000E9CE0308E01906089E
:1067A000C20000000010000000400240E01906088E
:1067B000C90000001400000050280040D4670608FB
:1067C00004000000D467060802000000D467060831
:1067D00001000000E02F06080000AE0400010000E8
:1067E0000000020000000000D9CE030881CE03089B
:1067F000602206080600040091CF03084604020048
:10680000FFFFFFFF22040202FFFFFFFF210402023D
:10681000FFFFFFFF7B040202FFFFFFFFE02F0608E0
:106820000000B302010200000000000000000003AD
:10683000EDD303084DD003083C680608FC1C06088D
:106840002F000000050000004C680608B22300007D
:10685000A06806086A200000986806083222000036
:106860008C68060812210000806806080A210000D2
:10687000746806086022060804000200F5D00308C8
:10688000602206080400020081D303086022060883
:1068900004000200A9D20308A822060815D00308A4
:1068A00060220608FFFF03006DD303081C6806087A
:1068B000010000001C680608010100001C680608B1
:1068C000010200001C680608010300001C6806089D
:1068D000020000001C680608020100001C6806088F
:1068E000020200001C680608020300001C6806087B
:1068F000030000001C680608030100001C6806086D
:10690000030200001C680608030300001C68060858
:10691000040000001C680608040100001C6806084A
:10692000040200001C680608040300001C68060836
:10693000050000001C680608050100001C68060828
:10694000050200001C680608050300001C68060814
:10695000080000001C680608080100001C68060802
:10696000080200001C680608080300001C680608EE
:10697000090000001C680608090100001C680608E0
:10698000090200001C680608090300001C680608CC
:106990000A0000001C6806080A0100001C680608BE
:1069A0000A0200001C6806080A0300001C680608AA
:1069B0000B0000001C6806080B0100001C6806089C
:1069C0000B0200001C6806080B0300001C68060888
:1069D0000C0000001C6806080C0100001C6806087A
:1069E0000C0200001C6806080C0300001C68060866
:1069F0000D0000001C6806080D0100001C68060858
:106A00000D0200001C6806080D0300001C68060843
:106A10000E0000001C6806080E0100001C68060835
:106A20000E0200001C6806080E030000E02F060896
:106A30000000330301000200000000000003000416
:106A4000F9D5030825D70308506A0608546A0608D2
:106A5000F9D60308FC1C06081F0000000300000014
:106A6000646A0608120500008C6A0608EA2600001F
:106A7000846A0608E22600007C6A0608A822060846
:106A8000E1D50308A8220608EDD503086022060810
:106A90000400020059D70308CA03020020A107001E
:106AA000F304020200000000EC04020200000000F7
:106AB000D0030202080000003E04020200000000B1
:106AC0004005030200000000C704030200000000AC
:106AD000BE04030200000000CA030200FFFFFFFF24
:106AE000F3040200FFFFFFFFEC040200FFFFFFFFC3
:106AF0003E040202FFFFFFFF40050302000000000A
:106B0000C704030200000000BE04030200000000EE
:106B1000E02F06080000350301020000000000001D
:106B20000003000485D903089DD80308346B0608C8
:106B3000406B060819D903080000000095D8030827
:106B4000FC1C06084700000008000000506B060807
:106B5000B2230000C06B06086A200000B86B06086C
:106B6000EA030000AC6B0608F2030000A06B060805
:106B700022050000986B0608BA2D0000906B0608ED
:106B80003A12000001000000DA11000001010000CB
:106B90007822060855D803089022060835D803083D
:106BA0006022060806000400F9D7030860220608E0
:106BB00006000400B5D70308A82206088BD70308EF
:106BC00060220608FFFF03006BD70308C20402021D
:106BD00002000000E203030200000000EA040202D7
:106BE000FFFFFFFF82050202E803000046040302E4
:106BF000060000005B04010200000000FC1C060807
:106C000027000000040000000C6C0608B2230000FE
:106C1000346C06086A2000002C6C0608A2120000E2
:106C2000030000003A15000005000000A822060835
:106C30000DDA030860220608FFFF030045DB0308A6
:106C4000E02F0608000060030102000000000000C1
:106C500000000003DDDA030819DA0308FC6B0608FC
:106C6000CA03020180250000D003020008000000D2
:106C7000E504030006000000960002000100000089
:106C800042040202000000008B0502020000000026
:106C90008C050202000000003B050202FFFFFFFF1F
:106CA0001305020240000000E02F06088001630384
:106CB00001020000000000000003000411DE0308D0
:106CC0004DDF0308CC6C0608DC6C0608A3DD030866
:106CD000C5DE03080DDF030800000000FC1C0608E9
:106CE0008F00000011000000EC6C0608B2230000C9
:106CF000B06D06086A200000A86D06081A22000080
:106D00008C300608EA03000000310608FA03000090
:106D1000C4300608F2030000D03006082205000047
:106D2000E8300608DA010000A06D06089A2C000081
:106D3000986D06085A2A0000906D0608FA2800008F
:106D4000886D0608E22D0000806D0608FA23000019
:106D5000746D06082218000001020000420B0000BA
:106D6000010400001A1100002100000012110000AF
:106D70004100000060220608FFFF0300A9DC0308B1
:106D80009022060849DD0308A822060883DD0308CF
:106D9000A82206086BDB0308A822060867DB0308A5
:106DA000A8220608F9DD0308A822060807DE030862
:106DB00060220608FFFF030095DC03085B00030068
:106DC000010000008B05020088130000E02F060878
:106DD0000000890301000000000000000000000224
:106DE000CDE00308E86D0608FC1C06080F00000053
:106DF00001000000F86D0608C2210000006E0608C0
:106E0000A82206085DE00308CC6D060800300040AB
:106E1000AAAA0000982606081C6E0608FC1C060894
:106E20001F000000030000002C6E0608BA000000DE
:106E30001A1D0000F21A0000D06E0608EA1A0000BF
:106E4000B06E06083DE303080DE40308A822060817
:106E500049E40308A82206082FE20308FC1C0608E0
:106E600027000000040000006C6E060842270000A6
:106E7000A86E0608322800009C6E0608C2030000B7
:106E8000946E0608020400008C6E06089022060824
:106E900061E20308A822060885E3030860220608C9
:106EA00006000400D1E30308A822060825E203082F
:106EB000E02F060800015D0301000000000200034E
:106EC0000000000079E20308C1E20308446E0608EE
:106ED000E02F060800005E03010000000000000033
:106EE0000000000243E203085C6E0608D5040100BE
:106EF0000100000098260608FC6E0608FC1C060827
:106F000037000000060000000C6F0608BA00000001
:106F10006A1E00003A230000646F0608D22C0000AD
:106F20005C6F06084A1D0000546F0608421E0000F0
:106F3000486F06080A2000003C6F06086022060819
:106F40000400020001E5030860220608FFFF0300B9
:106F500035E50308A82206084DE60308A82206081E
:106F600001E7030860220608040002000DE7030899
:106F7000000000006410B71DC8206E3BAC30D9265D
:106F80009041DC76F4516B6B5861B24D3C71055009
:106F90002083B8ED44930FF0E8A3D6D68CB361CB31
:106FA000B0C2649BD4D2D38678E20AA01CF2BDBDE5
:106FB00010111200080709060A050B040C030D0244
:106FC0000E010F001800010020000200280003003D
:106FD0003000040038100500401007004820090068
:106FE00050200D00593011006930190079402100FE
:106FF000894031009A504100BA506100DA60810046
:10700000FA60C1001B7101015B7181019B8101026A
:10701000DB8101031C9201049C9201061CA3010860
:107020009CA3010C1DB401101DB501181DC6012043
:107030001DC7013010D8014000D001609826060815
:1070400044700608FC1C060837000000060000001B
:1070500054700608BA0000005A200000C20C00005C
:10706000847006086209000001000000DA150000C3
:10707000030000007A1C000005000000EA0F000079
:1070800007000000E02F0608000098010100000042
:10709000000000000002000389E70308E47006080E
:1070A000A4700608FC1C060837000000060000005B
:1070B000B4700608EA0300000C310608F203000071
:1070C000DC300608FA030000C43006083A0200006B
:1070D000B4300608620000008C1906086A0000003F
:1070E000A830060861EF0308000000001DE803084F
:1070F0000000000098260608FC700608FC1C060824
:107100005F0000000B0000000C710608BA000000D0
:107110002A2200001A0F0000BC720608220F00008D
:10712000647106084A1200000100000032120000DB
:1071300001000000B216000003000000D20F0000A2
:107140000B000000DA0F000005000000E20F000055
:107150000D00000022120000070000002A120000AB
:107160000900000060220608080006007DF60308FA
:10717000FC1C0608670000000C0000008071060877
:10718000DA21000060720608E2210000547206084D
:107190008227000048720608622300003C7206083D
:1071A0007A2D0000307206083A2900002472060881
:1071B000D224000018720608322100000C72060862
:1071C000AA270000007206089A1E0000F471060843
:1071D000122A0000EC710608FA2B0000E071060884
:1071E000602206080A000800BDF603087822060897
:1071F0006DF30308602206080C000800EDFE03088A
:10720000602206080C000A002FFC03086022060812
:1072100010000C00D5FA0308602206080C000C00D0
:10722000C3F90308602206080E000C0017F80308D3
:10723000602206080A000A002FF4030860220608EC
:107240000A000A0059F40308602206080800060034
:10725000ADF40308602206080C000C0083F4030858
:107260009022060809F503081BF1030847F10308FB
:1072700061F10308B3F10308C3F10308D1F1030876
:1072800077F20308A1F2030895F7030855F0030805
:1072900089F00308A9F0030855F0030889F00308F2
:1072A000A9F0030803F203082BF2030845F20308D0
:1072B000B9F20308C7F203086DF70308E02F0608C8
:1072C0000000E301010000000000000002000003D4
:1072D00059F60308ADF603087071060800000000B7
:1072E000000000000000004F4F00000000070700F2
:1072F00000070700147F7F14147F7F1400242E6B77
:107300006B3A1200006333180C66630000327F4D45
:107310004D777250000000040603010000001C3E7F
:1073200063410000000041633E1C0000082A3E1C2F
:107330001C3E2A080008083E3E080800000080E0C5
:10734000600000000008080808080800000000604D
:107350006000000000406030180C0602003E7F49CB
:10736000457F3E000040447F7F40400000627351F3
:10737000494F460000226349497F3600001818141F
:10738000167F7F1000276745457D3900003E7F4905
:10739000497B3200000303797D07030000367F49F3
:1073A000497F360000266F49497F3E0000000024D7
:1073B00024000000000080E46400000000081C3687
:1073C000634141000014141414141400004141637B
:1073D000361C080000020351590F0600003E7F4191
:1073E0004D4F2E00007C7E0B0B7E7C00007F7F4982
:1073F000497F3600003E7F4141632200007F7F418C
:10740000633E1C00007F7F4949414100007F7F09A6
:1074100009010100003E7F41497B3A00007F7F085F
:10742000087F7F000000417F7F4100000020604115
:107430007F3F0100007F7F1C36634100007F7F405B
:1074400040404000007F7F060C067F7F007F7F0E5C
:107450001C7F7F00003E7F41417F3E00007F7F090F
:10746000090F0600001E3F21617F5E00007F7F192B
:10747000396F460000266F49497B32000001017FC9
:107480007F010100003F7F40407F3F00001F3F60C1
:10749000603F1F00007F7F3018307F7F0063771CC4
:1074A0001C77630000070F78780F0700006171599F
:1074B0004D47430000007F7F414100000002060C61
:1074C00018306040000041417F7F000000080C063A
:1074D000060C0800C0C0C0C0C0C0C0C0000001038E
:1074E0000604000000207454547C7800007F7F4420
:1074F000447C380000387C44446C280000387C44CC
:10750000447F7F0000387C54545C580000087E7F24
:10751000090302000098BCA4A4FC7C00007F7F0447
:10752000047C78000000007D7D0000000040C080E9
:1075300080FD7D00007F7F30386C44000000417F7B
:107540007F400000007C7C1830187C7C007C7C0430
:10755000047C780000387C44447C380000FCFC2427
:10756000243C180000183C2424FCFC00007C7C0413
:10757000040C080000485C545474200004043F7F4D
:1075800044642000003C7C40407C3C00001C3C608B
:10759000603C1C00001C7C3018307C1C00446C38A3
:1075A000386C4400009CBCA0A0FC7C0000446474C7
:1075B0005C4C44000008083E77414100000000FF99
:1075C000FF000000004141773E080800000203016F
:1075D00003020301AA55AA55AA55AA5598260608DA
:1075E000E4750608FC1C06081700000002000000F5
:1075F000F4750608BA000000EA220000B22A000072
:1076000004760608E02F0608000056050100000079
:107610000000000000000002F101040820760608C6
:10762000FC1C060817000000020000003076060867
:10763000FA04000048760608B220000040760608EA
:10764000A8220608D102040890220608C1010408F5
:10765000982F8A4291443771CFFBC0B5A5DBB5E9BD
:107660005BC25639F111F159A4823F92D55E1CAB31
:1076700098AA07D8015B8312BE853124C37D0C55BF
:10768000745DBE72FEB1DE80A706DC9B74F19BC107
:10769000C1699BE48647BEEFC69DC10FCCA10C24F7
:1076A0006F2CE92DAA84744ADCA9B05CDA88F976DB
:1076B00052513E986DC631A8C82703B0C77F59BF45
:1076C000F30BE0C64791A7D55163CA066729291471
:1076D000850AB72738211B2EFC6D2C4D130D38530E
:1076E00054730A65BB0A6A762EC9C281852C7292D0
:1076F000A1E8BFA24B661AA8708B4BC2A3516CC7FE
:1077000019E892D1240699D685350EF470A06A1036
:1077100016C1A419086C371E4C774827B5BCB03485
:10772000B30C1C394AAAD84E4FCA9C5BF36F2E6823
:10773000EE828F746F63A5781478C8840802C78CB2
:10774000FAFFBE90EB6C50A4F7A3F9BEF27871C6B5
:107750009826060858770608FC1C06082700000033
:107760000400000068770608BA0000002223000029
:107770001A23000098770608122300009077060865
:107780000A23000088770608A8220608C303040815
:10779000A8220608E1030408902206081D04040834
:1077A0004D0503020600000098260608B07706087B
:1077B000FC1C06082F00000005000000C07706082A
:1077C000BA0000006A240000F220000004780608D5
:1077D000FA200000F8770608EA240000F07706088F
:1077E000F2240000E8770608A82206085D080408CD
:1077F000A82206080D05040860220608FFFF030002
:107800000105040860220608FFFF050007050408BB
:107810009826060818780608FC1C06084F01000088
:107820002900000028780608BA0000003225000070
:107830008A250000CC6706087A250000C467060880
:1078400082250000BC670608A22500009067060894
:10785000EA2C000094790608122B0000C03C0608B0
:10786000AA1E0000B479060892290000A47906082F
:107870009A2900009C79060872230000AC7906085A
:107880003222000088790608CA2400007C790608A4
:107890004A200000707906088A1E000094620608DB
:1078A00092200000808E0608522C0000F067060827
:1078B0009A1900002C6A0608A2190000D86406086C
:1078C000AA190000106B0608A20700003062060823
:1078D000DA0A0000006306081210000068B8060803
:1078E00032100000906606089A1500001C68060811
:1078F000AA1800004CB906081A1B0000A86C06085C
:107900004A1C0000CC6D0608AA230000C0790608B6
:10791000BA290000F8C90608EA2A00007C7906089E
:10792000C22000007C9306084221000070930608E4
:10793000CA15000030A90608E216000000CA0608B1
:10794000021B0000406C0608B21500000300000096
:107950000210000005000000521C0000070000009B
:10796000820C0000090000007218000001000000F5
:107970006022060802000000BF0B0408602206080F
:1079800002000000A10B04086022060808000000A5
:10799000E10A0408C0220608D50A0408C022060825
:1079A0009D080408C0220608CD0A0408C022060863
:1079B0009508040860220608020000004D0C040827
:1079C0006022060802000000AD0804089826060898
:1079D000D4790608FC1C06083700000006000000E9
:1079E000E4790608BA000000A2260000E21F0000A9
:1079F000207A06086A230000147A0608C2290000CB
:107A00002C7A06083A190000010000005209000013
:107A1000030000006022060802000000990C040820
:107A200060220608020000005D0C0408C02206085F
:107A3000550C0408982606083C7A0608FC1C060823
:107A40003F000000070000004C7A0608BA00000062
:107A5000F226000092290000AC7A0608E228000015
:107A6000A47A0608F22800009C7A0608CA2D0000B5
:107A7000947A0608DA2D00008C7A0608122000009D
:107A8000847A0608A8220608490D040890220608F0
:107A9000CB0D040890220608F50D0408A82206085C
:107AA0005D0E0408A8220608830E0408A822060812
:107AB000950E040898260608BC7A0608FC1C0608E1
:107AC000A700000014000000CC7A0608BA000000ED
:107AD0000A270000C22B0000007C0608CA2C000008
:107AE000747B0608122D00006C7B06085A04000007
:107AF000320000004A1F0000948406089A22000009
:107B00008C840608DA24000074840608FA25000034
:107B10006C84060802040000648406087A290000C8
:107B20005C840608B229000054840608F22C000088
:107B3000648406084A2B00004C8406085A2B000077
:107B40004484060802210000F8830608822300000E
:107B50008084060842260000B0840608C22C00007B
:107B6000A88406083A1C0000BC840608A82206085F
:107B7000250F0408C0220608ED0E0408581A06084E
:107B800005000000DC7B0608CC7B0608BC7B0608F1
:107B9000AC7B06089C7B0608EC7B0608042E0608D6
:107BA00000000000150000004AD90508042E060850
:107BB00000000000150000009ACB0508042E0608FE
:107BC00000000000060000006ED60508042E06081E
:107BD000000000000700000073CB0508042E060813
:107BE000000000000700000073CB05087A050000C4
:107BF000D60400002E050000A9050000A604000020
:107C0000C0220608F50E040898260608107C06080F
:107C1000FC1C06082700000004000000207C060869
:107C2000BA0000008A2700008A270000547C06085A
:107C30004A2800004C7C0608C2240000407C06084C
:107C400060220608FFFF0100E10F0408C0220608B9
:107C5000D90F040860220608FFFF0100D10F0408B5
:107C60004C2F060802000000807C0608707C060885
:107C7000042E06080000000005000000B3D6050829
:107C8000042E0608000000000600000075D6050856
:107C9000042E0608000000000A0000007CD605083B
:107CA000042E0608000000003100000087D60508F9
:107CB00098260608B87C0608FC1C06084F00000041
:107CC00009000000C87C0608BA0000007228000005
:107CD0008A000000107D0608A2220000507D0608E0
:107CE000322A0000447D06087A280000387D060804
:107CF0006A280000307D0608521F0000287D060813
:107D000072280000207D0608DA2C0000187D060885
:107D1000C0220608ED11040890220608631004082A
:107D2000C022060805120408A8220608B911040892
:107D300090220608A9100408602206080600020026
:107D4000D51004086022060802000000451104084E
:107D5000A82206088511040898260608607D0608F2
:107D6000FC1C06082F00000005000000707D0608BE
:107D7000BA00000092280000A21F0000987D0608AB
:107D80004A250000F87D06082A2A0000EC7D060836
:107D9000A22B0000D47D0608602206080400020021
:107DA00005170408FC1C060827000000040000005A
:107DB000B47D06084A250000F87D06082A2A00003E
:107DC000EC7D06088A040000E07D0608A22B000076
:107DD000D47D0608602206080A000600E51A040899
:107DE0006022060806000400111A04086022060832
:107DF00008000400071A04086022060808000400AE
:107E0000FD190408E02F06080000A9040001000085
:107E100000000000000000026D120408207E060829
:107E2000FC1C06080F00000001000000307E060860
:107E3000CA220000387E060890220608291204088B
:107E4000E02F0608000012050001000000000000FD
:107E50000000000279120408A47D0608982606088E
:107E6000647E0608FC1C06083F00000007000000B6
:107E7000747E0608BA000000422A0000422A000070
:107E80003C7F0608A2270000AC7E06086A150000A9
:107E90000300000072150000090000005A150000E0
:107EA000110000006215000021000000C022060839
:107EB0007D1D0408E02F06088000F4040000000087
:107EC000000000010000000261200408D07E0608C6
:107ED000FC1C06082F00000005000000E07E0608DC
:107EE0005A290000307F06080A2D0000287F060866
:107EF00022260000207F0608A2270000147F060823
:107F0000F2230000087F060860220608060002002F
:107F10003B2004086022060804000200DF1F04085A
:107F200078220608511D040890220608A91C04089E
:107F30006022060806000400271D040860220608C7
:107F400008000600611E040898260608507F0608EF
:107F5000FC1C0608770000000E000000607F060889
:107F6000BA0000000A2B00000A2B00000881060856
:107F700092220000D07F06081A09000005000000C8
:107F800022090000150000006A180000030000002C
:107F90005A180000050000006218000007000000E9
:107FA0007A180000FF1F00009A1800000900000066
:107FB00082180000410000008A1800001100000033
:107FC000A21800000B200000921800000D200000F5
:107FD000602206080C00040079210408BD20040872
:107FE000D5200408ED20040800000000FC1C060851
:107FF0009F00000013000000FC7F0608BA1C000070
:10800000B43006083A020000B4300608721E0000C0
:1080100000810608E2240000F48006085A1D0000D2
:10802000EC800608B21F0000E4800608520400003D
:10803000DC800608522A0000D4800608422900008D
:10804000CC800608622A0000C48006084A29000085
:10805000BC8006089A2A0000B08006083A25000075
:10806000A4800608AA2A00009C800608822A000034
:1080700094800608EA0300000C310608F2030000B1
:10808000DC300608FA030000C430060822050000B0
:10809000F430060890220608E5220408902206081B
:1080A0009D2204086022060806000200B920040888
:1080B0006022060808000800A5250408902206088A
:1080C0000123040878220608AD2604089022060839
:1080D0006923040890220608B523040890220608A4
:1080E000212404089022060841260408A822060834
:1080F0005924040860220608040002003F210408F5
:108100009022060879260408E02F06080000610581
:10811000010400000000000000020003F92404082C
:10812000DC7F0608EC7F060869220408982606080A
:1081300034810608FC1C0608770000000E000000D1
:1081400044810608BA000000422C0000BA22000058
:108150000C820608FA2400000C8206080A26000099
:1081600004820608422C0000FC8106084A2C00000C
:10817000F4810608EA2A0000EC810608F22A0000D1
:10818000E4810608FA2A0000DC810608322C00008F
:10819000D48106083A2C0000CC810608222C00006D
:1081A000C48106081A2C0000B48106082A2C00009D
:1081B000BC8106089022060875290408902206084A
:1081C000F9260408C0220608F9280408C022060877
:1081D000E1280408C0220608C9280408A8220608C5
:1081E000B7280408A8220608A5280408A82206081B
:1081F00081280408C022060871280408C022060845
:108200001D290408A8220608F12704086022060890
:108210000200000015270408982606082082060898
:10822000FC1C06083701000026000000308206080A
:10823000BA000000A22C00009A2B000094830608CC
:10824000DA2A0000888306088A1D00007083060869
:10825000FA1E000060830608EA1E00006883060814
:108260005212000005000000B211000001000000E1
:10827000220A0000030000002A1C00000100000088
:10828000521B000001000000C2100000010000109D
:108290003A1B000001000020AA100000010000307D
:1082A000421B000001000040B2100000010000501D
:1082B0004A1B000001000060BA10000001000070BD
:1082C0000A0A000001000080F2090000010000908D
:1082D000FA090000010000A0E2090000010000B05E
:1082E000020A0000010000C0EA090000010000D0FD
:1082F0001A0A000023000000120A00002D000000EE
:10830000F20E0000010000E0FA0E0000010000F093
:108310003A18000001000030FA1B000001000020A4
:10832000A210000001000050321B000001000040BC
:10833000BA110000010000505A1B0000010000406B
:10834000C211000001000070621B0000010000600B
:108350007A150000010000405A0900000100008069
:1083600090220608E329040890220608C52904087B
:10837000A8220608B1290408426248684969517177
:108380002D2D2D2D2D2D666460220608040002007F
:10839000492D0408E02F06080000730501020005BE
:1083A0000003040006000000052B0408A12A0408AD
:1083B000FD300408CD2D0408492B0408A92D04081C
:1083C00098260608C8830608FC1C0608270000003B
:1083D00004000000D8830608BA0000005A2D0000EF
:1083E00042260000B0840608C22C0000A8840608BB
:1083F0003A1C0000BC840608602206080400020043
:108400001D3104083A04030106000000C204030001
:108410005A280000DB030200FFFFFFFF2A040300CD
:10842000060000000100030100000000010003013C
:1084300000000000250503020E000000C004030236
:108440000E000000A8220608D9380408A822060851
:108450009D380408A82206088538040890220608DA
:1084600057380408A822060841380408A82206083C
:10847000053804086022060802000000D537040809
:10848000602206080200000071370408C0220608B6
:1084900079340408A82206082D370408602206084B
:1084A000FFFF010001370408A8220608E53304088D
:1084B00060220608FFFF0100DD350408E02F0608F2
:1084C000000087030100000000000000000200031C
:1084D000953E0408DC840608E08406082D3C040868
:1084E000FC1C06086F0000000D000000F084060868
:1084F00002260000B4850608B2030000CC850608F9
:1085000082230000A8850608FA2500008885060851
:10851000B2290000988506084A1F000080850608D9
:108520009A2200007885060802040000A08506084B
:108530007A290000908506084A2B000070850608FD
:108540005A2B000068850608422600006085060850
:10855000C22C000058850608A82206086F3B0408B4
:1085600078220608753B040890220608D13B0408CF
:1085700090220608513C0408A8220608313D040850
:1085800090220608593D040890220608813D0408FF
:1085900078220608BD3F040890220608A53F04087B
:1085A00090220608B13F0408602206080400020079
:1085B000A93D0408982F0608BC850608A8220608CD
:1085C000F13E0408030405000001000078220608BB
:1085D00025290008E02F060880015F030001000044
:1085E000000000000002000305290008F4850608C9
:1085F00034860608E1280008B12800084928000848
:1086000001000000E02F06088001E10100010000E8
:108610000000000000020003052900082486060867
:1086200034860608E1280008B12800084928000817
:1086300000000000FC1C0608670000000C000000A1
:1086400044860608EA0300000C310608F203000025
:10865000DC300608FA030000C430060822290000B6
:10866000BC30060822050000F43006081A2200007B
:108670008C3006083A020000B43006083A2A00009E
:108680009C300608F22B000094300608BA1C00004B
:10869000B4300608620000008C1906086A00000069
:1086A000A8300608000505100202160D11161E134B
:1086B00013130505050C18160100040010004000F6
:1086C0000001000200000100020004000800100088
:1086D000200000002B2E2C3B3D5B5D2F5C222A3AB4
:1086E0003C3E3F7C7F00809A45418E418F804545CE
:1086F000454949498E8F9092924F994F55555999B6
:108700009A9B9C9D9E9F41494F55A5A5A6A7A8A9A8
:10871000AAABACADAEAFB0B1B2B3B4B5B6B7B8B941
:10872000BABBBCBDBEBFC0C1C2C3C4C5C6C7C8C931
:10873000CACBCCCDCECFD0D1D2D3D4D5D6D7D8D921
:10874000DADBDCDDDEDFE0E1E2E3E4E5E6E7E8E911
:10875000EAEBECEDEEEFF0F1F2F3F4F5F6F7F8F901
:10876000FAFBFCFDFEFF01030507090E10121416AB
:10877000181C1E007D1D0100632C001E9601A01E0A
:108780005A01001F0806101F0606201F0806301F8A
:108790000806401F0606511F0700591F521F5B1F86
:1087A000541F5D1F561F5F1F601F0806701F0E00BD
:1087B000BA1FBB1FC81FC91FCA1FCB1FDA1FDB1F71
:1087C000F81FF91FEA1FEB1FFA1FFB1F801F080687
:1087D000901F0806A01F0806B01F0400B81FB91F8D
:1087E000B21FBC1FCC1F0100C31FD01F0206E01F19
:1087F0000206E51F0100EC1FF31F0100FC1F4E21C4
:108800000100322170211002842101008321D02433
:108810001A05302C2F04602C0201672C0601752CE0
:108820000201802C6401002D260841FF1A0300007C
:1088300061001A03E0001703F8000703FF000100BE
:1088400078010001300132010601390110014A01AD
:108850002E017901060180014D0043028101820150
:1088600082018401840186018701870189018A01CF
:108870008B018B018D018E018F019001910191017E
:1088800093019401F60196019701980198013D0228
:108890009B019C019D0120029F01A001A001A2015A
:1088A000A201A401A401A601A701A701A901AA018F
:1088B000AB01AC01AC01AE01AF01AF01B101B2013E
:1088C000B301B301B501B501B701B801B801BA01EF
:1088D000BB01BC01BC01BE01F701C001C101C20165
:1088E000C301C401C501C401C701C801C701CA0150
:1088F000CB01CA01CD011001DD0101008E01DE01B5
:108900001201F3010300F101F401F401F80128015F
:10891000220212013A020900652C3B023B023D0291
:10892000662C3F0240024102410246020A01530204
:10893000400081018601550289018A0158028F0198
:108940005A0290015C025D025E025F0293016102C5
:108950006202940164026502660267029701960151
:108960006A02622C6C026D026E029C01700271023E
:108970009D01730274029F017602770278027902E8
:108980007A027B027C02642C7E027F02A6018102B5
:108990008202A9018402850286028702AE01440296
:1089A000B101B20145028D028E028F029002910246
:1089B000B7017B030300FD03FE03FF03AC030400C8
:1089C0008603880389038A03B1031103C2030200EB
:1089D000A303A303C4030803CC0303008C038E0387
:1089E0008F03D8031801F2030A00F903F303F40319
:1089F000F503F603F703F703F903FA03FA03300468
:108A0000200350041007600422018A043601C104C7
:108A10000E01CF040100C004D00444016105260406
:108A20000000C700FC00E900E200E400E000E5000F
:108A3000E700EA00EB00E800EF00EE00EC00C40005
:108A4000C500C900E600C600F400F600F200FB0015
:108A5000F900FF00D600DC00A200A300A500A720BB
:108A60009201E100ED00F300FA00F100D100AA004C
:108A7000BA00BF001023AC00BD00BC00A100AB00D9
:108A8000BB00912592259325022524256125622589
:108A9000562555256325512557255D255C255B25E4
:108AA0001025142534252C251C2500253C255E2564
:108AB0005F255A25542569256625602550256C2596
:108AC0006725682564256525592558255225532590
:108AD0006B256A2518250C25882584258C2590254D
:108AE0008025B103DF009303C003A303C303B500D4
:108AF000C403A6039803A903B4031E22C603B50347
:108B000029226122B1006522642220232123F7005B
:108B10004822B0001922B7001A227F20B200A025F7
:108B2000A000000000000080DB0F4940DB0F49C0BF
:108B3000DB0F49BFE4CB1640E4CB16C06937AC313C
:108B400068212233B40F14336821A2333863ED3E19
:108B5000DA0F493F5E987B3FDA0FC93F000FC93FEC
:108B6000000F494000CB9640000FC9400053FB4026
:108B700000CB164100ED2F41000F49410031624109
:108B800000537B41003A8A4100CB9641005CA341EF
:108B900000EDAF41007EBC41000FC94100A0D541AE
:108BA0000031E24100C2EE410053FB4100F20342BA
:108BB000003A0A420083104200CB164200141D42C4
:108BC000005C234200A5294200ED2F4200363642C8
:108BD000007E3C4200C74242000F4942A2F9836E28
:108BE0004E441529FC2757D1F534DDC0DB62959939
:108BF0003C439041FE5163ABDEBBC561B7246E3A86
:108C0000424DD2E006492EEA09D1921CFE1DEB1C12
:108C1000B129A73EE88235F52EBB4484E99C702635
:108C2000B45F7E413991D639835339F49C845F8B8C
:108C3000BDF9283B1FF897FFDE05980FEF2F118B2A
:108C40005A0A6D1F6D367ECF27CB09B74F463F6658
:108C50009E5FEA2D7527BAC7EBE5F17B3D0739F733
:108C60008A5292EA6BFB5FB11F8D5D085603304656
:108C7000FC7B6BABF0CFBC209AF4361DA9E391616D
:108C80005EE61B086599855F14A068408DFFD8805B
:108C90004D73273106061556CA73A8C960E27BC01A
:108CA0008C6B00000000C93F0000F0390000DA378B
:108CB0000000A2330000842E0000502B0000C227C9
:108CC0000000D0220000C41F0000C61B0000441793
:108CD0000400000007000000090000000000003F41
:108CE000000000BF00000000DCCFD1350000000014
:108CF00000C0153F0000803F0000C03FE02F060885
:108D000000007F04000001000000000000000002DD
:108D10006F7A0408188D0608FC1C0608170000006E
:108D200002000000288D0608FA210000448D060884
:108D30007A2C0000388D0608602206080400020024
:108D400091790408A82206087D7904085A040300D2
:108D5000060000008F050200000000005B04010017
:108D600000000000A8220608217C04085200000030
:108D7000E02F06088001E101000100000000000072
:108D800000020003F5810408908D0608E88D0608AE
:108D9000B7810408AF810408958104080000000031
:108DA000B88D060802000000B88D0608010000001A
:108DB000B88D060800000000E02F060880015F0360
:108DC000000100000000000000020003F58104081B
:108DD000D88D0608E88D060815820408D18104089C
:108DE0009581040801000000FC1C06084F000000EB
:108DF00009000000F88D0608D21E0000408E06080B
:108E0000EA0300000C310608F2030000DC3006081B
:108E1000FA030000C430060822290000BC3006080E
:108E200022050000F43006083A0200008C190608FA
:108E3000620000008C1906086A000000A8300608CD
:108E4000708D0608000000001F1E1F1E1F1F1E1F22
:108E50001E1F1F1D00001F003B005A0078009700D6
:108E6000B500D400F300110130014E016D0100087E
:108E7000040C020A060E0109050D030B070F000082
:108E800090220608FD86040800061016000610163B
:108E9000F3E9040885E9040831E70408000000004C
:108EA00003E70408B9E6040855E6040800000000DA
:108EB000000000000000000041E6040841E604084C
:108EC00041E604084FE6040805010906A10105076B
:108ED00019E029E715002501750195088102950122
:108EE000750881019505750105081901290591028B
:108EF000950175039101950675081500256505070F
:108F0000190029658100C00005010902A1010901BC
:108F1000A100050919012903150025019503750113
:108F20008102950175058101050109300931093872
:108F30001581257F750895038106C0093C05FF0949
:108F4000011500250175019502B12275069501B143
:108F500001C0080B00020202010009040000010226
:108F60000201000524001001052401000004240270
:108F700002052406000007058203080020090400FA
:108F800000020A00000007050302400000070583F5
:108F90000240000009040000020806500007058195
:108FA0000240000007050102400000080B00020219
:108FB0000201000904000001020201000524001062
:108FC0000105240100000424020205240600000714
:108FD00005820308002009040000020A00000007BF
:108FE0000503024000000705830240000009040059
:108FF000000203010200092111010001224A0007B9
:1090000005810304000807050103040008090200A4
:109010000000010080FA0000DF04020000000000F0
:1090200060220608FFFF03006DF704080404030133
:10903000000000008B0502028813000042040202B7
:10904000FFFFFFFF5A040300060000008F05020027
:10905000010000005B04010000000000C2040301E5
:1090600006000000F7040202FFFFFFFFAC0502024A
:1090700055F00000EE040202FFFFFFFFCE040302E2
:10908000102F060868040302C0920608E02F0608A5
:1090900000007B030100000000000000000200034C
:1090A000F9010508AC900608BC9006080000000015
:1090B000000000001B03050800000000FC1C06085F
:1090C0001700000002000000CC90060852040000C7
:1090D000E490060842290000EC900608A822060841
:1090E0007D020508902206080D0205086022060888
:1090F000FFFF0300890205088C900608DC090020A8
:10910000E02F060880017E0301020000000000003D
:1091100000030004D1010508C101050824910608D7
:109120003491060805000508A9010508D9020508BB
:1091300000000000FC1C06089F0000001300000057
:1091400044910608B223000030920608922A0000DB
:10915000289206081224000020920608DA01000076
:109160001092060852040000F491060842290000FB
:10917000E8910608EA0300000C310608F20300003B
:10918000DC300608FA030000C4300608222900007B
:10919000BC30060822050000F43006083A02000040
:1091A0008C190608FA230000DC910608BA1C00009E
:1091B0008C190608620000008C1906086A0000007D
:1091C000A83006082218000003000000420B00002F
:1091D00005000000121100000300000060220608D4
:1091E000FFFF03009900050860220608FFFF030047
:1091F0001501050860220608FFFF03005D01050850
:1092000004040301000000008B0502028813000023
:10921000A82206084D000508C0220608F9FF040828
:10922000A8220608E7FF040890220608990105080D
:1092300060220608FFFF03001D000508A82206089B
:109240006100050800910608241600206022060827
:10925000FFFF01006D040508010081037BDB0508A9
:10926000029800002000480200000000039800005F
:10927000210083037FDB05080098000011008203B2
:1092800087DB05080198000031008403000000001E
:10929000089800004C2F060805000000030000009D
:1092A000030000001100000011000000B092060849
:1092B000D42D0608000000003F000000C88E0608FC
:1092C0004C2F060805000000030000000500000008
:1092D0000900000011000000DC920608D42D0608E9
:1092E000000000004A000000088F06082008100453
:1092F0000C0800200810081000000000A506050852
:10930000B5060508040309044D0E0508090D0508F6
:10931000F10D05085D0C0508950D0508650D05089E
:10932000C10D0508D10C0508990C0508890C050824
:10933000008002021F0000004D6963726F507920A7
:109340007079626F61726420466C617368202020BE
:10935000312E303000060000000000000300000045
:10936000000000020083008300000005106E000072
:109370006022060802000000CD100508C022060881
:10938000BD1005080804100018231E1F2022241BEE
:10939000281E2A173021361338163C1D4012481952
:1093A000541560206C11781C9018A814C010D810A7
:1093B000F3D90508C601000038A00608FBD9050846
:1093C0002200000015A0060843DC0508250A00005D
:1093D000EF9506084EDC05080E020000E093060833
:1093E000546869732069732061204D6963726F50FE
:1093F0007974686F6E20626F6172640D0A0D0A598C
:109400006F752063616E2067657420737461727478
:109410006564207269676874206177617920627978
:109420002077726974696E6720796F757220507940
:1094300074686F6E20636F646520696E20276D61AC
:10944000696E2E7079272E0D0A0D0A466F72206103
:109450002073657269616C2070726F6D70743A0D63
:109460000A202D2057696E646F77733A20796F75E3
:10947000206E65656420746F20676F20746F2027ED
:10948000446576696365206D616E61676572272C3E
:1094900020726967687420636C69636B206F6E204B
:1094A00074686520756E6B6E6F776E206465766983
:1094B00063652C0D0A2020207468656E2075706429
:1094C00061746520746865206472697665722073C2
:1094D0006F6674776172652C207573696E6720748E
:1094E000686520277079626364632E696E66272041
:1094F00066696C6520666F756E64206F6E20746897
:1095000069732064726976652E0D0A2020205468E4
:10951000656E207573652061207465726D696E617A
:109520006C2070726F6772616D206C696B6520488A
:10953000797065727465726D696E616C206F7220EE
:1095400070757474792E0D0A202D204D6163204FA3
:109550005320583A207573652074686520636F6DD9
:109560006D616E643A2073637265656E202F646569
:10957000762F7474792E7573626D6F64656D2A0D24
:109580000A202D204C696E75783A20757365207419
:10959000686520636F6D6D616E643A2073637265F8
:1095A000656E202F6465762F74747941434D300DBC
:1095B0000A0D0A466F72206F6E6C696E6520646FCB
:1095C000637320706C6561736520766973697420BC
:1095D000687474703A2F2F646F63732E6D696372B1
:1095E0006F707974686F6E2E6F72672F0D0A003B73
:1095F0002057696E646F777320555342204344436C
:109600002041434D2053657475702046696C650D8B
:109610000A3B204261736564206F6E20494E4620EC
:1096200066696C6573207768696368207765726521
:109630003A0D0A3B2020202020436F707972696721
:109640006874202863292032303030204D696372DD
:109650006F736F667420436F72706F726174696F9D
:109660006E0D0A3B2020202020436F7079726967BD
:109670006874202843292032303037204D696372C6
:109680006F6368697020546563686E6F6C6F67798B
:1096900020496E632E0D0A3B204C696B656C792066
:1096A000746F20626520636F7665726564206279ED
:1096B00020746865204D4C504C20617320666F7596
:1096C0006E642061743A0D0A3B202020203C6874AF
:1096D00074703A2F2F6D73646E2E6D6963726F73A1
:1096E0006F66742E636F6D2F656E2D75732F6363B8
:1096F0003330303338392E61737078234D4C504CF1
:109700003E2E0D0A0D0A5B56657273696F6E5D0D14
:109710000A5369676E61747572653D222457696EDC
:10972000646F7773204E5424220D0A436C61737367
:109730003D506F7274730D0A436C617373477569A2
:10974000643D7B34443336453937382D4533323523
:109750002D313143452D424643312D3038303032A2
:10976000424531303331387D0D0A50726F7669646D
:1097700065723D254D46474E414D45250D0A4C61CC
:10978000796F757446696C653D6C61796F75742E7F
:10979000696E660D0A4472697665725665723D306F
:1097A000332F31312F323031302C352E312E3236AD
:1097B00030302E330D0A0D0A5B4D616E75666163A4
:1097C00074757265725D0D0A254D46474E414D45D3
:1097D000253D4465766963654C6973742C204E544D
:1097E000616D6436340D0A0D0A5B44657374696EED
:1097F0006174696F6E446972735D0D0A44656661D8
:10980000756C74446573744469723D31320D0A0D90
:109810000A3B2D2D2D2D2D2D2D2D2D2D2D2D2D2D8D
:109820002D2D2D2D2D2D2D2D2D2D2D2D2D2D2D2D68
:109830002D2D2D2D2D2D2D2D2D2D2D2D2D2D2D2D58
:109840002D2D2D2D2D2D2D2D2D2D2D2D2D2D2D2D48
:109850002D2D2D2D2D2D2D0D0A3B2057696E646F5A
:10986000777320323030302F58502F536572766521
:1098700072323030332F56697374612F53657276AC
:109880006572323030382F37202D203332626974C0
:109890002053656374696F6E730D0A0D0A5B447221
:1098A00069766572496E7374616C6C2E6E745D0DB1
:1098B0000A696E636C7564653D6D646D6370712ECD
:1098C000696E660D0A436F707946696C65733D4435
:1098D0007269766572436F707946696C65732E6E36
:1098E000740D0A4164645265673D4472697665721D
:1098F000496E7374616C6C2E6E742E416464526593
:10990000670D0A0D0A5B447269766572436F707960
:1099100046696C65732E6E745D0D0A7573627365AE
:10992000722E7379732C2C2C307832300D0A0D0A7C
:109930005B447269766572496E7374616C6C2E6EED
:10994000742E4164645265675D0D0A484B522C2C9D
:109950004465764C6F616465722C2C2A6E746B655D
:10996000726E0D0A484B522C2C4E544D5044726965
:109970007665722C2C7573627365722E7379730D14
:109980000A484B522C2C456E756D50726F705061A9
:1099900067657333322C2C224D73506F7274732EA3
:1099A000646C6C2C53657269616C506F7274507288
:1099B0006F705061676550726F7669646572220DD1
:1099C0000A0D0A5B447269766572496E7374616C44
:1099D0006C2E6E742E53657276696365735D0D0A25
:1099E000416464536572766963653D75736273653E
:1099F000722C20307830303030303030322C2044EF
:109A00007269766572536572766963652E6E740D40
:109A10000A0D0A5B447269766572536572766963F2
:109A2000652E6E745D0D0A446973706C61794E61C8
:109A30006D653D2553455256494345250D0A5365ED
:109A40007276696365547970653D310D0A537461AE
:109A50007274547970653D330D0A4572726F7243AA
:109A60006F6E74726F6C3D310D0A53657276696367
:109A70006542696E6172793D253132255C7573628C
:109A80007365722E7379730D0A0D0A3B2D2D2D2DE2
:109A90002D2D2D2D2D2D2D2D2D2D2D2D2D2D2D2DF6
:109AA0002D2D2D2D2D2D2D2D2D2D2D2D2D2D2D2DE6
:109AB0002D2D2D2D2D2D2D2D2D2D2D2D2D2D2D2DD6
:109AC0002D2D2D2D2D2D2D2D2D2D2D2D2D2D2D2DC6
:109AD0002D0D0A3B202057696E646F777320585014
:109AE0002F536572766572323030332F5669737436
:109AF000612F536572766572323030382F37202DE2
:109B00002036346269742053656374696F6E730D17
:109B10000A0D0A5B447269766572496E7374616CF2
:109B20006C2E4E54616D6436345D0D0A696E636C43
:109B30007564653D6D646D6370712E696E660D0AA6
:109B4000436F707946696C65733D447269766572DE
:109B5000436F707946696C65732E4E54616D64363F
:109B6000340D0A4164645265673D447269766572DA
:109B7000496E7374616C6C2E4E54616D6436342E74
:109B80004164645265670D0A0D0A5B44726976652B
:109B900072436F707946696C65732E4E54616D64C3
:109BA00036345D0D0A7573627365722E7379732C8A
:109BB0002C2C307832300D0A0D0A5B4472697665C0
:109BC00072496E7374616C6C2E4E54616D643634E0
:109BD0002E4164645265675D0D0A484B522C2C443B
:109BE00065764C6F616465722C2C2A6E746B65729D
:109BF0006E0D0A484B522C2C4E544D5044726976CF
:109C000065722C2C7573627365722E7379730D0AED
:109C1000484B522C2C456E756D50726F70506167B9
:109C2000657333322C2C224D73506F7274732E6413
:109C30006C6C2C53657269616C506F727450726FEA
:109C4000705061676550726F7669646572220D0AA3
:109C50000D0A5B447269766572496E7374616C6C4F
:109C60002E4E54616D6436342E5365727669636589
:109C7000735D0D0A416464536572766963653D7571
:109C800073627365722C2030783030303030303071
:109C9000322C204472697665725365727669636509
:109CA0002E4E54616D6436340D0A0D0A5B447269A0
:109CB000766572536572766963652E4E54616D6484
:109CC00036345D0D0A446973706C61794E616D655F
:109CD0003D2553455256494345250D0A5365727635
:109CE000696365547970653D310D0A53746172740E
:109CF000547970653D330D0A4572726F72436F6E11
:109D000074726F6C3D310D0A5365727669636542FA
:109D1000696E6172793D253132255C7573627365B8
:109D2000722E7379730D0A0D0A3B2D2D2D2D2D2DBD
:109D30002D2D2D2D2D2D2D2D2D2D2D2D2D2D2D2D53
:109D40002D2D2D2D2D2D2D2D2D2D2D2D2D2D2D2D43
:109D50002D2D2D2D2D2D2D2D2D2D2D2D2D2D2D2D33
:109D60002D2D2D2D2D2D2D2D2D2D2D2D2D2D2D0D43
:109D70000A3B202056656E646F7220616E6420502D
:109D8000726F6475637420494420446566696E6926
:109D900074696F6E730D0A0D0A5B536F757263659C
:109DA0004469736B7346696C65735D0D0A5B536F31
:109DB000757263654469736B734E616D65735D0D98
:109DC0000A5B4465766963654C6973745D0D0A25A9
:109DD0004445534352495054494F4E253D447269BE
:109DE000766572496E7374616C6C2C205553425CBD
:109DF0005649445F66303535265049445F3938301E
:109E000030264D495F30302C205553425C56494432
:109E10005F66303535265049445F39383030264D3D
:109E2000495F30312C205553425C5649445F6630BF
:109E30003535265049445F39383031264D495F3039
:109E4000302C205553425C5649445F6630353526E8
:109E50005049445F39383031264D495F30312C202C
:109E60005553425C5649445F663035352650494467
:109E70005F393830320D0A0D0A5B446576696365D7
:109E80004C6973742E4E54616D6436345D0D0A2531
:109E90004445534352495054494F4E253D447269FD
:109EA000766572496E7374616C6C2C205553425CFC
:109EB0005649445F66303535265049445F3938305D
:109EC00030264D495F30302C205553425C56494472
:109ED0005F66303535265049445F39383030264D7D
:109EE000495F30312C205553425C5649445F6630FF
:109EF0003535265049445F39383031264D495F3079
:109F0000302C205553425C5649445F663035352627
:109F10005049445F39383031264D495F30312C206B
:109F20005553425C5649445F6630353526504944A6
:109F30005F393830320D0A0D0A3B2D2D2D2D2D2D78
:109F40002D2D2D2D2D2D2D2D2D2D2D2D2D2D2D2D41
:109F50002D2D2D2D2D2D2D2D2D2D2D2D2D2D2D2D31
:109F60002D2D2D2D2D2D2D2D2D2D2D2D2D2D2D2D21
:109F70002D2D2D2D2D2D2D2D2D2D2D2D2D2D2D0D31
:109F80000A3B2020537472696E6720446566696ECF
:109F90006974696F6E730D0A0D0A5B537472696E92
:109FA00067735D0D0A4D464746494C454E414D4548
:109FB0003D22707962636463220D0A4D46474E412B
:109FC0004D453D224D6963726F507974686F6E2202
:109FD0000D0A4445534352495054494F4E3D225077
:109FE00079626F6172642055534220436F6D6D201A
:109FF000506F7274220D0A534552564943453D2213
:10A000005553422053657269616C204472697665CC
:10A0100072220D0A0023206D61696E2E7079202D49
:10A020002D2070757420796F757220636F646520C0
:10A0300068657265210D0A002320626F6F742E70AF
:10A0400079202D2D2072756E206F6E20626F6F74D7
:10A0500020746F20636F6E66696775726520555353
:10A060004220616E642066696C6573797374656DF6
:10A070000D0A23205075742061707020636F646531
:10A0800020696E206D61696E2E70790D0A0D0A6966
:10A090006D706F7274206D616368696E650D0A6919
:10A0A0006D706F7274207079620D0A237079622E60
:10A0B0006D61696E28276D61696E2E707927292080
:10A0C00023206D61696E2073637269707420746FF0
:10A0D0002072756E206166746572207468697320E1
:10A0E0006F6E650D0A237079622E7573625F6D6FF6
:10A0F000646528275643502B4D534327292023209E
:10A1000061637420617320612073657269616C20E2
:10A11000616E6420612073746F726167652064658D
:10A12000766963650D0A237079622E7573625F6DBF
:10A130006F646528275643502B484944272920231C
:10A140002061637420617320612073657269616CA2
:10A150002064657669636520616E642061206D6F9F
:10A160007573650D0A23696D706F7274206E657466
:10A17000776F726B0D0A236E6574776F726B2E6347
:10A180006F756E747279282755532729202320492B
:10A19000534F20333136362D3120416C7068612D9C
:10A1A0003220636F64652C2065672055532C20474F
:10A1B000422C2044452C204155206F7220585820B5
:10A1C000666F7220776F726C64776964650D0A231D
:10A1D0006E6574776F726B2E686F73746E616D65E8
:10A1E00028272E2E2E2729202320444843502F6D28
:10A1F000444E5320686F73746E616D650D0A0000E4
:10A200004604030206000000F8040202FFFFFFFFFD
:10A21000EA040202FFFFFFFF82050202E8030000DA
:10A22000C2040202000000001A0402020100000041
:10A23000E203030206000000060402020000000020
:10A24000D7030202000000005B04010201000000CD
:10A25000C204020100000000E20303020600000045
:10A26000EF040302060000000205020200000000E5
:10A2700004050302060000000505030206000000B5
:10A280000305030206000000F303020200000000C1
:10A29000F3040202FFFFFFFFFC1C06083F00000062
:10A2A00007000000A8A20608121F0000E0A206088E
:10A2B000122800000CA306082228000000A30608AC
:10A2C0002A280000F4A206081A280000E8A20608BE
:10A2D0002A1F00000CA306089A1F00000CA3060802
:10A2E000902206081D1805086022060804000200D6
:10A2F0006523050860220608040002001D1F0508EA
:10A300006022060804000200911905086022060870
:10A31000040002000F170508E02F06080000600384
:10A320000102000000000000000000032D260508C7
:10A330000527050838A30608FC1C060807010000CD
:10A340002000000048A30608B22300009CA40608D1
:10A350006A20000094A40608421F000088A4060892
:10A36000DA1F00007CA406081A2B000074A406085B
:10A370003222000068A40608C22700005CA4060878
:10A380005227000050A40608121F000048A4060827
:10A390006A1B000001000000BA0C00002100000050
:10A3A000F20A0000410000009A15000001000000C0
:10A3B000A21500000300000092120000050000003A
:10A3C00072120000070000008A120000090000005D
:10A3D0009A1200000B0000007A1200000D0000002D
:10A3E000821200000F000000921000001100000017
:10A3F000BA0D000013000000CA0D00001500000097
:10A40000C20D0000170000000A100000010000004B
:10A41000D211000005000000BA1600000100000083
:10A420008A0E0000050000002A0A00001500000046
:10A43000420A0000010000003A0A00000300000088
:10A44000320A00000500000090220608C517050822
:10A4500060220608040002006B1605086022060848
:10A4600004000200C7160508602206080400020066
:10A47000311E0508A8220608D31E0508602206081A
:10A4800004000200ED16050860220608FFFF050023
:10A49000D91F0508A8220608E11805086022060849
:10A4A000FFFF0300F1260508E02F06080000610306
:10A4B0000001000000000000000000026117050814
:10A4C00098A20608190001401C0000401D0400402D
:10A4D0001E080040320C0040361000403714004087
:10A4E0002C04014018400140194401401A48014021
:10A4F0002B1800402C1C00402D200040B30200000F
:10A5000060000000B4020000700000005202000071
:10A51000000000004E020000100000005102000088
:10A520002000000053020000300000004F02000035
:10A530005000000050020000400000001202000025
:10A5400000000000B701000001000000B901000098
:10A5500002000000B801000003000000E02F060820
:10A5600000002F02010200000000000000000003B4
:10A57000D5280508C92805087CA50608FC1C06087E
:10A5800027000000040000008CA50608EA26000051
:10A59000C8A50608E2260000C0A506086A2C00002F
:10A5A000B8A50608C2230000ACA50608602206086C
:10A5B00004000200ED290508A8220608A9290508BB
:10A5C000A822060877290508A8220608692905088F
:10A5D0005CA5060801000000A0D406085CA50608DA
:10A5E00002000000C8D406085CA5060803000000AD
:10A5F000B4D406085CA50608040000008CD4060844
:10A60000C204020100000000010503000600000072
:10A61000B3030200FFFFFFFFA200030200000000DF
:10A62000B7030202FFFFFFFF5A0403000600000009
:10A630008F050200000031105B04010000000000E3
:10A64000E02F06080000BA02000100000000000030
:10A6500000000002992B05085CA60608FC1C0608F1
:10A660001F000000030000006CA60608E2020000C4
:10A6700094A606087A2600008CA606085229000037
:10A6800084A60608A8220608A32A0508A822060808
:10A69000992A0508A82206088F2A05086D2C0508A6
:10A6A000FC1C0608CF01000039000000B0A6060817
:10A6B000B2230000E8A8060812050000DCA806087E
:10A6C000E2260000D4A80608EA260000CCA8060866
:10A6D000FA230000C0A806081A250000D4A806081E
:10A6E0005A230000CCA806087A260000B8A806085D
:10A6F0008A260000B0A80608A21D0000A8A8060827
:10A70000BA270000A0A806087A27000098A8060823
:10A71000C222000090A806081226000088A8060899
:10A720000A28000080A806089A1D000078A80608DC
:10A73000422500001CA906085A02000008A90608C4
:10A740003A200000F4A80608A21E000058A9060836
:10A75000FA1F000070A906089A100000010000000E
:10A76000B212000003000000AA1200002300000043
:10A770003A09000005000000420900002500000021
:10A780004A090000070000009215000003000000C5
:10A7900082150000050000000211000001002220C7
:10A7A000F210000001004220C2120000030000006D
:10A7B000BA1200002300000032090000050000006A
:10A7C0002A090000250000008A1500000100000091
:10A7D00072080000030000007A0800000300000077
:10A7E00082080000050000008A0800000500000043
:10A7F00092080000050000009A0800000700000011
:10A80000A208000007000000AA08000007000000DE
:10A81000B208000007000000BA08000009000000AC
:10A82000C208000009000000CA0800000B00000078
:10A83000D20800000B000000DA0800000F00000042
:10A84000E20800000F000000EA080000110000000C
:10A85000F208000013000000FA08000013000000D6
:10A8600002090000130000000A09000013000000A4
:10A870001209000013000000A8220608AD2A0508EE
:10A88000A8220608BB2A0508A8220608C92A050826
:10A89000A8220608852A0508A8220608772A05089E
:10A8A000A8220608692A0508A8220608D72A05084A
:10A8B000A8220608052B0508A82206085F2A050815
:10A8C00060220608FFFF0300592B0508A82206088E
:10A8D000552A0508A8220608492A05086022060804
:10A8E00004000200072D050860220608FFFF030090
:10A8F000F12D0508802F0608FCA80608602206082E
:10A9000004000200A12C0508802F060810A90608E3
:10A910006022060804000200312A0508802F06087C
:10A9200024A906086022060804000200192A050866
:10A93000E02F06080000B902010203000000000039
:10A94000000400054D2F0508A52B0508C52C05089A
:10A950009CA60608A0A60608E02F06080000D4035F
:10A96000000000000000000000000001CCCD06083F
:10A97000E02F06080000FF030000000000000000B8
:10A98000000000018CD00608FF00000000FF00005E
:10A990000B0C0D0E0F10112F38393A3B3C44454635
:10A9A00088640240000000060D00000070AA06083E
:10A9B00040640240000000060A00000070AA060879
:10A9C000B86002400000000E0700000070AA0608F0
:10A9D000B8600240000000020700000070AA0608EC
:10A9E000A06002400000000E0600000040AA060819
:10A9F000886002400000000E0500000040AA060822
:10AA000070600240000000000400000070AA060808
:10AA100058600240000000000300000070AA060811
:10AA2000406002400000000E0200000070AA06080C
:10AA300010600240000000020000000070AA06083A
:10AA40000000000000000000000000000004000002
:10AA500000000000000000000000000000000200F4
:10AA600000000000010000000000000000000000E5
:10AA700000000000000000000000000000040000D2
:10AA800000000000000000000000000000000000C6
:10AA90000000000003000000000080000000200013
:10AAA000C204020000000000AF0302021200000016
:10AAB000CA030202801A06004E04010200000000D0
:10AAC0001B040102000000008A00030100000000D6
:10AAD000AF030200FE0000008B0502028813000095
:10AAE0002805030100000000AF030200FE00000083
:10AAF0008B05020288130000E02F06080000020206
:10AB0000010200000000000000000003CD3F050826
:10AB1000F539050818AB0608FC1C0608670000009C
:10AB20000C00000028AB0608B2230000F8AB0608B2
:10AB30006A200000F0AB060802240000E8AB06081B
:10AB4000F2290000E0AB060852040000D4AB06086E
:10AB500042290000C8AB0608BA25000094AB0608DD
:10AB6000C225000088AB0608020B000001000000AF
:10AB70004215000003000000F21100000100000077
:10AB8000521800000300000060220608FFFF0300C7
:10AB9000093C050860220608FFFF0300DD3C0508AC
:10ABA0000404030100000000AF03020100000000E4
:10ABB000B9040201000000008B05020288130000A6
:10ABC000B00302020800000060220608FFFF030035
:10ABD000B93D050860220608FFFF0300853E050811
:10ABE000A82206084D390508902206089139050863
:10ABF000A8220608493F050860220608FFFF030057
:10AC00001D400508F8AA060874200020D0A90608EF
:10AC100030AA06081C200020F8AA060820200020E0
:10AC2000C0A9060820AA06081D200020F8AA0608C8
:10AC30000000000000000000000000000000000014
:10AC4000F8AA060800000000000000000000000054
:10AC50000000000020210020A0A90608B0A90608D5
:10AC6000C820002000AA060810AA0608000000005C
:10AC700000000000000000000000000000000000D4
:10AC800000000000000000000000000000000000C4
:10AC9000000000000000000000000000C2040201EB
:10ACA00000000000CA030200BD010500F804020212
:10ACB000FFFFFFFFF304020201000000EC040202A8
:10ACC000000000004C00020200000000D00302025D
:10ACD00008000000D9040202000200003E04020243
:10ACE00000000000810501020000000000040302D2
:10ACF000060000008A000301000000008B0502022C
:10AD00008813000028050301000000008B050202E3
:10AD1000881300008A0003010000000028050300DA
:10AD2000000000008B05020288130000E02F0608D7
:10AD300000001503010200000000000000030004F1
:10AD4000154905088948050850AD06085CAD060898
:10AD5000000000000000000089470508FC1C0608F0
:10AD60007F0000000F0000006CAD0608B223000059
:10AD700010AE06086A20000008AE0608EA030000CC
:10AD8000AC6B0608F2030000A06B06082205000069
:10AD9000986B0608BA2D0000906B0608520400005C
:10ADA000FCAD060842290000F0AD06084A2A000062
:10ADB000E4AD0608020B0000090200004215000085
:10ADC00001000000F211000009020000521800000A
:10ADD000010000003A12000001000000DA1100003A
:10ADE0000101000060220608FFFF03009D470508DF
:10ADF00060220608FFFF03003548050860220608A8
:10AE0000FFFF03004D470508A82206087D480508F6
:10AE100060220608FFFF0300654905082CAD0608FF
:10AE200054AC06082CAD060860AC06082CAD06082C
:10AE30006CAC06082CAD060878AC06082CAD0608EC
:10AE400084AC06082CAD060890AC0608F94B050842
:10AE50007949050810001000000101008000800001
:10AE60004000400020002000000000000100000021
:10AE70000000000001000000C20402010000000008
:10AE8000F8040200640000005C05020201000000FA
:10AE9000D803020206000000D903020208000000E5
:10AEA000C603010200000000CA0302020000000005
:10AEB0003D0502024B000000DA0402020E00000011
:10AEC00004040301000000005B0002010000000018
:10AED0008B050202000000003A050102000000009C
:10AEE00034040100000000003904020100000000E9
:10AEF0006C000300060000008B05020288130000AE
:10AF0000C903020100000000C204020100000000A9
:10AF10003904020100000000E40403010000000005
:10AF20003A050302000000003404010000000000A4
:10AF30003404010000000000E02F060800005B015F
:10AF4000010200000000000000030004E15E0508AB
:10AF5000595D05085CAF06086CAF060800000000EC
:10AF600000000000195D050800000000FC1C060838
:10AF7000C7000000180000007CAF0608B2230000E4
:10AF8000A0B006086A20000098B00608A2290000B8
:10AF900090B00608522B000088B00608AA230000D3
:10AFA0007CB00608DA01000074B006085204000004
:10AFB00068B00608422900005CB006088A2A000032
:10AFC00044B006085A1F000050B00608E2290000ED
:10AFD0003CB006085A12000001000000CA1100002F
:10AFE0000100000842180000010000104A1800008B
:10AFF00001000018E211000001000000A211000091
:10B0000003000000EA11000005000000AA11000082
:10B010000700000042190000010000000A0E0000B5
:10B02000030000001A0E000005000000120E0000D0
:10B03000070000004A0A0000090000007822060804
:10B04000F156050860220608FFFF03008D5705082A
:10B0500060220608FFFF05003D570508602206082C
:10B06000FFFF0300B95A050860220608FFFF03002E
:10B07000ED5B050890220608995F05086022060826
:10B0800004000200795C0508A8220608BD5D0508D9
:10B09000A8220608FF5C0508A8220608B556050880
:10B0A00060220608FFFF0300855F050857656C6393
:10B0B0006F6D6520746F204D6963726F507974688D
:10B0C0006F6E210A0A466F72206F6E6C696E652082
:10B0D000646F637320706C65617365207669736952
:10B0E0007420687474703A2F2F646F63732E6D69C7
:10B0F00063726F707974686F6E2E6F72672F0A0AB1
:10B10000517569636B206F76657276696577206F1C
:10B110006620636F6D6D616E647320666F7220745C
:10B12000686520626F6172643A0A20207079622E2D
:10B13000696E666F2829202020202D2D20707269CD
:10B140006E7420736F6D652067656E6572616C202B
:10B15000696E666F726D6174696F6E0A2020707916
:10B16000622E64656C6179286E2920202D2D207750
:10B1700061697420666F72206E206D696C6C6973F2
:10B1800065636F6E64730A20207079622E6D696C3E
:10B190006C6973282920202D2D20676574206E7519
:10B1A0006D626572206F66206D696C6C6973656392
:10B1B0006F6E64732073696E6365206861726420CA
:10B1C00072657365740A20207079622E53776974F2
:10B1D0006368282920202D2D206372656174652005
:10B1E0006120737769746368206F626A6563740AAB
:10B1F000202020202020202020202020202020204F
:10B20000202020537769746368206D6574686F64CB
:10B21000733A2028292C2063616C6C6261636B286F
:10B2200066290A20207079622E4C4544286E292018
:10B230002020202D2D2063726561746520616E20B1
:10B240004C4544206F626A65637420666F72204CBF
:10B250004544206E20286E3D312C322C332C34296D
:10B260000A202020202020202020202020202020F4
:10B27000202020204C4544206D6574686F64733A2B
:10B28000206F6E28292C206F666628292C20746F69
:10B2900067676C6528292C20696E74656E73697404
:10B2A00079283C6E3E290A20207079622E50696E02
:10B2B0002870696E2920202D2D206765742061205B
:10B2C00070696E2C206567207079622E50696E2837
:10B2D00027583127290A20207079622E50696E285C
:10B2E00070696E2C206D2C205B705D29202D2D2027
:10B2F00067657420612070696E20616E6420636FE1
:10B300006E66696775726520697420666F72204980
:10B310004F206D6F6465206D2C2070756C6C206DF6
:10B320006F646520700A202020202020202020200B
:10B3300020202020202020202050696E206D657460
:10B34000686F64733A20696E6974282E2E292C2048
:10B3500076616C7565285B765D292C206869676865
:10B3600028292C206C6F7728290A20207079622EDA
:10B37000457874496E742870696E2C206D2C20708D
:10B380002C2063616C6C6261636B29202D2D20631E
:10B39000726561746520616E2065787465726E6196
:10B3A0006C20696E74657272757074206F626A6564
:10B3B00063740A20207079622E4144432870696EBC
:10B3C0002920202D2D206D616B6520616E20616E1E
:10B3D000616C6F67206F626A6563742066726F6D5F
:10B3E00020612070696E0A2020202020202020204B
:10B3F00020202020202020202020414443206D6553
:10B4000074686F64733A207265616428292C207215
:10B410006561645F74696D6564286275662C206679
:10B42000726571290A20207079622E444143287088
:10B430006F727429202D2D206D616B652061204471
:10B440004143206F626A6563740A20202020202017
:10B450002020202020202020202020202044414384
:10B46000206D6574686F64733A20747269616E67E9
:10B470006C652866726571292C207772697465285D
:10B480006E292C2077726974655F74696D65642814
:10B490006275662C2066726571290A2020707962B7
:10B4A0002E525443282920202020202D2D206D614C
:10B4B0006B6520616E20525443206F626A6563742D
:10B4C0003B206D6574686F64733A206461746574C1
:10B4D000696D65285B76616C5D290A202070796250
:10B4E0002E726E67282920202020202D2D206765B0
:10B4F0007420612033302D62697420686172647732
:10B500006172652072616E646F6D206E756D62652B
:10B51000720A20207079622E536572766F286E2928
:10B5200020202D2D2063726561746520536572762D
:10B530006F206F626A65637420666F722073657234
:10B54000766F206E20286E3D312C322C332C34291E
:10B550000A20202020202020202020202020202001
:10B5600020202020536572766F206D6574686F64AB
:10B57000733A2063616C6962726174696F6E282E20
:10B580002E292C20616E676C65285B782C205B74FB
:10B590005D5D292C207370656564285B782C205BC9
:10B5A000745D5D290A0A50696E7320617265206EB0
:10B5B000756D62657265642058312D5831322C20CA
:10B5C0005831372D5832322C2059312D5931322CE7
:10B5D000206F72206279207468656972204D43552E
:10B5E000206E616D650A50696E20494F206D6F6451
:10B5F0006573206172653A207079622E50696E2EF3
:10B60000494E2C207079622E50696E2E4F55542C65
:10B61000207079622E50696E2E4F50454E5F445215
:10B6200041494E0A50696E2070756C6C206D6F64D4
:10B630006573206172653A204E6F6E652C207079BB
:10B64000622E50696E2E50554C4C5F55502C207018
:10B6500079622E50696E2E50554C4C5F444F574EB8
:10B660000A4164646974696F6E616C207365726904
:10B67000616C20627573206F626A656374733A202F
:10B680007079622E493243286E292C207079622EFF
:10B69000535049286E292C207079622E55415254FE
:10B6A000286E290A0A436F6E74726F6C20636F6D87
:10B6B0006D616E64733A0A20204354524C2D412030
:10B6C000202020202020202D2D206F6E2061206240
:10B6D0006C616E6B206C696E652C20656E74657292
:10B6E00020726177205245504C206D6F64650A20AE
:10B6F000204354524C2D4220202020202020202D59
:10B700002D206F6E206120626C616E6B206C696E03
:10B71000652C20656E746572206E6F726D616C2091
:10B720005245504C206D6F64650A20204354524CA2
:10B730002D4320202020202020202D2D20696E74D4
:10B7400065727275707420612072756E6E696E67B5
:10B750002070726F6772616D0A20204354524C2D25
:10B760004420202020202020202D2D206F6E2061BD
:10B7700020626C616E6B206C696E652C20646F209A
:10B780006120736F6674207265736574206F662024
:10B7900074686520626F6172640A20204354524CC1
:10B7A0002D4520202020202020202D2D206F6E20B0
:10B7B0006120626C616E6B206C696E652C20656E19
:10B7C000746572207061737465206D6F64650A0A18
:10B7D000466F7220667572746865722068656C7059
:10B7E000206F6E2061207370656369666963206FE6
:10B7F000626A6563742C20747970652068656C706A
:10B80000286F626A290A466F722061206C6973741E
:10B81000206F6620617661696C61626C65206D6F76
:10B8200064756C65732C20747970652068656C7024
:10B8300028276D6F64756C657327290A0000000066
:10B840005B0003010000000041050302000000004E
:10B85000430503020000000046040202801A0600AD
:10B860008B05020250C30000E02F06080000020210
:10B870000102000000000000000300046D620508E2
:10B88000FD6105088CB806081C650608000000006C
:10B8900000000000000000000000000000000000A8
:10B8A00000000000896105080000000068B8060873
:10B8B00000540040C0D70608ACD7060868B8060890
:10B8C0000058004070D706085CD70608000000004A
:10B8D000000000000000000000000000CA03020297
:10B8E000FFFFFFFFF3040202FFFFFFFFEC04020271
:10B8F000FFFFFFFFD0030202FFFFFFFF3E04020233
:10B90000FFFFFFFF5B00030100000000CA0302000D
:10B9100020A10700F304020200000000EC04020270
:10B9200000000000D0030202080000003E040202F2
:10B93000000000004005030200000000C7040302ED
:10B9400000000000BE04030200000000E02F060813
:10B9500000001503010200000000000000030004C5
:10B96000056305083D64050870B90608406B0608C4
:10B97000F1630508EB630508D96305084CB90608AF
:10B9800054AC06084CB9060860AC06084CB9060869
:10B990006CAC06084CB9060878AC06084CB9060829
:10B9A00084AC06084CB9060890AC06089826060830
:10B9B000B4B90608FC1C06088F0100003100000025
:10B9C000C4B90608BA00000042280000BA210000ED
:10B9D00070BB0608AA1E0000B4790608E222000027
:10B9E000A4790608AA230000C0790608EA2C000002
:10B9F000947906083222000088790608822900001E
:10BA0000648D0608B22D000068BB0608C220000045
:10BA10007C9306084221000070930608B2040000DF
:10BA20007C790608422B0000707906088A03000022
:10BA3000209006088A2900004CBB0608E21F00007F
:10BA4000207A06081A2D00004C92060852230000A6
:10BA5000C09206084A23000094920608DA1B0000F0
:10BA60008C900608F21B000000910608F2220000EC
:10BA70001892060842230000DC900608E225000028
:10BA8000D48106082A21000060BB0608DA250000E0
:10BA9000CC8106082221000058BB06087A2000004D
:10BAA000E4810608AA2C0000DC810608C22B0000F5
:10BAB000007C060842260000B0840608021B000035
:10BAC00018A30608BA290000F8C90608E216000003
:10BAD00000CA0608CA15000030A90608820E000038
:10BAE000A8C806083A280000C8CB0608722A000039
:10BAF000D0CB06089219000048CB0608C2190000F6
:10BB000098C90608120F0000CCCA06087A11000076
:10BB10005CA5060812100000F8AA0608AA18000082
:10BB20002CAD06081A1B0000A86C0608DA0A0000F3
:10BB300038AF0608A207000024CD0608CA07000097
:10BB4000A8CC0608D20B000000CC0608602206082C
:10BB500002000000A1640508A82206084D6405083B
:10BB6000A82206086D640508C02206084564050879
:10BB7000A82206088D6405089826060880BB0608DA
:10BB8000FC1C0608470800000801000090BB0608DE
:10BB9000BA0000007A2B00008A250000CC67060856
:10BBA0007A250000C467060882250000BC670608E5
:10BBB000FA19000094C80608021A000080C8060896
:10BBC0000A1A00006CC80608121A000058C80608B5
:10BBD0001A1A000044C80608221A000030C80608D5
:10BBE000E21900001CC80608EA19000008C8060887
:10BBF000F2190000F4C70608E2160000E0C70608C4
:10BC00005A1C0000CCC7060852110000B8C706082D
:10BC100082100000A4C70608BA18000090C70608E2
:10BC2000C21800007CC706088A10000068C7060812
:10BC30007A1B000054C70608821B000040C7060894
:10BC4000221B00002CC706082A1B000018C7060884
:10BC50001A10000004C7060822100000F0C60608EB
:10BC60002A100000DCC60608E20A0000C8C6060862
:10BC7000EA0A0000B4C60608AA150000A0C6060815
:10BC8000DA0B00008CC60608D20B00008CC6060832
:10BC9000CA19000078C606082A1A000064C60608F9
:10BCA000721B000050C606088A1B00003CC606082E
:10BCB000AA07000028C60608BA07000014C606082E
:10BCC000C207000000C60608B2070000ECC506085F
:10BCD00032180000D8C50608B2180000C4C506080E
:10BCE00052190000B0C506084A0E00009CC506089F
:10BCF000321A000088C50608D219000074C506086B
:10BD0000DA19000060C506082A0F00004CC50608B5
:10BD1000320F000038C506083A0F000024C5060897
:10BD2000420F000010C506084A0F0000FCC40608B8
:10BD3000520F0000E8C406085A0F0000D4C40608D9
:10BD4000620F0000C0C406086A0F0000ACC40608F9
:10BD5000220B000098C40608E215000084C40608FF
:10BD6000B20E000070C406088A0C00005CC406080D
:10BD7000920C000048C40608220E000034C40608D5
:10BD80007A0C0000F8C30608C2160000E4C30608D7
:10BD9000520C0000D0C30608E21B00000CC40608C9
:10BDA000EA1B000020C406086A0800000100000029
:10BDB000D207000009000000DA07000011000000AF
:10BDC00042080000190000004A080000210000009D
:10BDD00012080000290000001A08000031000000CD
:10BDE00022080000390000002A080000410000007D
:10BDF000EA070000490000003A0800005100000076
:10BE000052080000590000005A08000061000000BC
:10BE100062080000690000003208000071000000A4
:10BE2000F207000079000000FA070000810000001E
:10BE300002080000890000000A08000091000000CC
:10BE4000E207000099000000320B00000100000032
:10BE50003A0B0000090000002A0B0000110000004E
:10BE6000E20B0000010000004A0C00000900000085
:10BE7000020C000011000000EA0B00001900000095
:10BE80001A0C0000210000000A0C0000290000002C
:10BE9000F20B000031000000220C0000390000000D
:10BEA000120C000041000000FA0B000049000000E5
:10BEB0002A0C000051000000320C00005900000064
:10BEC0003A0C000061000000420C00006900000014
:10BED000720C0000010000006A0C00000900000064
:10BEE0005A0C000011000000620C00001900000054
:10BEF000B20C000001000000A20C000009000000CC
:10BF0000AA0C0000110000009A0C000019000000AB
:10BF1000620E000001000000520E00000900000047
:10BF2000720E0000110000005A0E000019000000FF
:10BF30007A0E0000210000006A0E000029000000B7
:10BF4000BA0E000001000000CA0E00000900000047
:10BF5000E20E000011000000EA0E000019000000CF
:10BF6000C20E000021000000D20E000029000000D7
:10BF7000DA0E000031000000AA0F000001000000EE
:10BF8000C20F000009000000BA0F000011000000FD
:10BF9000CA0F0000190000009A0F000021000000E5
:10BFA000B20F000029000000820F000031000000E5
:10BFB000A20F000039000000720F000041000000D5
:10BFC0007A0F000049000000920F000031000000CD
:10BFD0008A0F0000350000008219000001000000F7
:10BFE0008A19000009000000621900001100000019
:10BFF0006A190000190000007219000021000000F9
:10C000007A190000290000005A19000041000000C0
:10C0100042100000010000004A100000090000006A
:10C020005A1000001100000062100000190000000A
:10C0300052100000210000006A10000029000000DA
:10C0400072100000310000003A10000039000000BA
:10C050007A100000410000005A11000001000000A9
:10C0600062110000090000006A11000011000000C8
:10C070007211000019000000BA1500000100000054
:10C08000C2150000090000007A160000010000003F
:10C090008A160000090000006A1600001100000066
:10C0A0007216000019000000FA15000021000000BF
:10C0B00012160000290000002A16000031000000BE
:10C0C00042160000410000005A160000490000001E
:10C0D000EA1500006100000002160000690000007F
:10C0E0001A160000710000003216000081000000E6
:10C0F0004A16000089000000F2150000A1000000AF
:10C100000A160000A900000022160000B10000007D
:10C110003A160000C100000052160000C9000000DD
:10C1200062160000E100000082160000E900000035
:10C130009A1600000101000092160000090100009B
:10C14000F217000001000000C21700000900000003
:10C15000BA17000011000000CA1700001900000003
:10C16000D2170000210000001A180000290000006A
:10C17000AA17000031000000EA1600003900000094
:10C18000FA160000410000001218000049000000EB
:10C19000E217000051000000DA170000590000000B
:10C1A0000A18000061000000FA1700006900000092
:10C1B0000218000071000000B217000079000000B2
:10C1C000EA17000081000000F2160000890000005C
:10C1D00002170000910000000A170000A1000000F3
:10C1E00062170000A90000006A170000B1000000FB
:10C1F00072170000B90000007A170000C1000000AB
:10C2000082170000C90000008A170000D10000005A
:10C2100092170000D90000009A170000E10000000A
:10C22000A2170000E900000012170000F100000052
:10C230001A170000F9000000221700000101000099
:10C240002A17000009010000321700001101000048
:10C250003A170000190100004217000021010000F8
:10C260004A170000290100005217000031010000A8
:10C270005A17000039010000CA1800000100000030
:10C28000D21800000900000002190000110000008F
:10C29000E218000019000000DA1800002100000078
:10C2A000FA180000290000000A19000031000000FF
:10C2B000EA18000039000000F218000041000000F8
:10C2C0008A1A000001000000921A00000900000014
:10C2D000D21A000011000000A21A0000190000008C
:10C2E000DA1A000021000000B21A00002900000044
:10C2F000521A0000310000005A1A000039000000F4
:10C300004A1A000041000000821A000049000000A3
:10C31000C21A0000510000003A1A00005900000043
:10C32000CA1A000061000000621A000069000000E3
:10C330006A1A000071000000721A00007900000003
:10C340007A1A000081000000421A000089000000F3
:10C350009A1A000091000000AA1A0000990000003B
:10C36000BA1A0000A1000000C21B0000010000007A
:10C37000B21B000009000000921B00001100000029
:10C380009A1B000019000000A21B00002100000001
:10C39000AA1B000029000000BA1B000031000000A9
:10C3A0006A1C000001000000621C0000090000007F
:10C3B000721C000011000000CA16000001000000FD
:10C3C000DA16000009000000D2160000110000007B
:10C3D000042406080A00000002000000E0C306086A
:10C3E000002004E0042406080A0000000200000007
:10C3F000F4C3060800080650042406080A000000DA
:10C400000200000008C406080000055004240608C5
:10C410000A000000020000001CC4060800000050D2
:10C42000042406080A0000000200000030C40608C8
:10C4300000000440042406080A0000000200000076
:10C4400044C4060800800240042406080A000000D4
:10C450000200000058C406080064024004240608D4
:10C460000A000000020000006CC4060800600240E0
:10C47000042406080A0000000200000080C4060828
:10C48000003C0240042406080A00000002000000EC
:10C4900094C4060800380240042406080A0000007C
:10C4A00002000000A8C40608003002400424060868
:10C4B0000A00000002000000BCC406080020024080
:10C4C000042406080A00000002000000D0C4060888
:10C4D000001C0240042406080A00000002000000BC
:10C4E000E4C4060800180240042406080A000000FC
:10C4F00002000000F8C406080014024004240608E4
:10C500000A000000020000000CC5060800100240EE
:10C51000042406080A0000000200000020C50608E6
:10C52000000C0240042406080A000000020000007B
:10C5300034C5060800080240042406080A0000006A
:10C540000200000048C50608000402400424060852
:10C550000A000000020000005CC50608000002405E
:10C56000042406080A0000000200000070C5060846
:10C5700000480140042406080A00000002000000F0
:10C5800084C5060800440140042406080A0000008F
:10C590000200000098C50608004001400424060877
:10C5A0000A00000002000000ACC50608003C014083
:10C5B000042406080A00000002000000C0C50608A6
:10C5C00000380140042406080A00000002000000B0
:10C5D000D4C5060800300140042406080A00000003
:10C5E00002000000E8C50608002C014004240608EB
:10C5F0000A00000002000000FCC5060800230140FC
:10C60000042406080A0000000200000010C6060804
:10C6100000220140042406080A0000000200000075
:10C6200024C6060800210140042406080A00000070
:10C630000200000038C60608002001400424060855
:10C640000A000000020000004CC606080014014069
:10C65000042406080A0000000200000060C6060864
:10C6600000100140042406080A0000000200000037
:10C6700074C6060800040140042406080A000000ED
:10C680000200000088C606080000014004240608D5
:10C690000A000000020000009CC60608007400406A
:10C6A000042406080A00000002000000B0C60608C4
:10C6B00000700040042406080A0000000200000088
:10C6C000C4C6060800680040042406080A000000EA
:10C6D00002000000D8C606080064004004240608D2
:10C6E0000A00000002000000ECC60608005C0040E2
:10C6F000042406080A0000000200000000C7060823
:10C7000000580040042406080A000000020000004F
:10C7100014C7060800540040042406080A0000005C
:10C720000200000028C70608005000400424060844
:10C730000A000000020000003CC70608004C004050
:10C74000042406080A0000000200000050C7060882
:10C7500000480040042406080A000000020000000F
:10C7600064C7060800440040042406080A000000CC
:10C770000200000078C706080040004004240608B4
:10C780000A000000020000008CC70608003C0040C0
:10C79000042406080A00000002000000A0C70608E2
:10C7A00000380040042406080A00000002000000CF
:10C7B000B4C7060800340040042406080A0000003C
:10C7C00002000000C8C70608003000400424060824
:10C7D0000A00000002000000DCC70608002C004030
:10C7E000042406080A00000002000000F0C7060842
:10C7F00000280040042406080A000000020000008F
:10C8000004C8060800200040042406080A000000AE
:10C810000200000018C80608001C00400424060896
:10C820000A000000020000002CC8060800180040A2
:10C83000042406080A0000000200000040C80608A0
:10C8400000140040042406080A0000000200000052
:10C8500054C8060800100040042406080A0000001E
:10C860000200000068C80608000C00400424060806
:10C870000A000000020000007CC806080008004012
:10C88000042406080A0000000200000090C8060800
:10C8900000040040042406080A0000000200000012
:10C8A000A4C8060800000040E02F06080000D001E0
:10C8B0000102000000000000000000038967050875
:10C8C0006D650508C8C80608FC1C06085F00000066
:10C8D0000B000000D8C80608D224000078C906085A
:10C8E0003A21000070C90608BA20000068C906088D
:10C8F000AA2B000060C906086229000050C906087A
:10C900000211000001002220F2100000010042206C
:10C910000A110000010062203A0E000001002420EC
:10C92000320E000001004420420E0000010064208D
:10C93000EF04030100000000C20402010000000037
:10C940000105020100000000E203030100000000F5
:10C95000982F060858C90608C02206080965050868
:10C96000A8220608E9650508A8220608BD6505088D
:10C97000A822060899650508A8220608FD6405088E
:10C98000060708090A17171717172828282828281C
:10C9900001292A3E4C020300E02F0608000038035C
:10C9A000010203000000000000000004696A05089D
:10C9B0005D6A0508F16A0508BCC90608FC1C060882
:10C9C0001700000002000000CCC906081205000094
:10C9D000ECC90608121F0000DCC9060890220608F0
:10C9E0007D6A0508A8220608B16A0508A82206087B
:10C9F0000B6B050898C90608C02206087D6B050860
:10CA0000E02F06080000DC0201000000000000002A
:10CA100000000002996B05081CCA0608FC1C0608E9
:10CA20002F000000050000002CCA0608B2230000F9
:10CA300080CA0608AA23000078CA06082A20000037
:10CA40006CCA0608AA2D000060CA06080A1F00006A
:10CA500054CA060860220608040002008571050811
:10CA600060220608080004002970050860220608F4
:10CA7000040002001D6F0508A82206088D6B05083A
:10CA8000A82206080D6F050800CA06080000000865
:10CA90000040000004000000000001080000010048
:10CAA0000100000000000208000002000300000076
:10CAB00000000808000002000400000092000202CA
:10CAC000FFFFFFFF6B000202FFFFFFFFE02F0608E2
:10CAD0000000E2010102000000000000000000036D
:10CAE0008D790508B5750508ECCA0608FC1C060812
:10CAF0001F00000003000000FCCA0608EA2800002E
:10CB000028CB0608D22D00001CCB0608EA23000023
:10CB100014CB0608782206083D7605086022060830
:10CB200008000600E37805086022060808000600F1
:10CB30003F780508CCCA06080000FEFF0000000090
:10CB4000000000000004080CE02F0608000032037B
:10CB5000010200000000000000000003D17B050876
:10CB6000AD7B050868CB0608FC1C06082700000002
:10CB70000400000078CB060812280000BCCB060891
:10CB80000A1F0000B0CB0608CA1D0000A4CB06088F
:10CB9000222B000098CB060860220608060002003F
:10CBA000557D05086022060806000200D57D0508AF
:10CBB000602206080C000200DD7A050860220608E3
:10CBC00004000200557E050890220608BD7A05087B
:10CBD00090220608717A0508D003020008000000C0
:10CBE000DB03030206000000040403010000000050
:10CBF0004604030100000000C2040202000000001D
:10CC0000E02F060800007A01010200000000000089
:10CC100000000003DD8105082181050820CC0608FD
:10CC2000FC1C0608470000000800000030CC060885
:10CC3000B22300009CCC06086A20000094CC0608B1
:10CC4000220500007CCC0608BA2600008CCC060821
:10CC5000722C000084CC0608C22D000070CC06089F
:10CC60005A12000001000000FA0A00000102000050
:10CC700060220608FFFF0300D97F050890220608FE
:10CC8000B57F050890220608757F050890220608E2
:10CC9000957F0508A8220608D17E050860220608AF
:10CCA000FFFF030099820508E02F06080000F90045
:10CCB0000100000000000000000000029987050844
:10CCC000C4CC0608FC1C06082F000000050000006C
:10CCD000D4CC0608A22800001CCD0608AA28000013
:10CCE00014CD0608B22800000CCD0608BA280000B2
:10CCF00004CD0608DA280000FCCC0608A8220608A5
:10CD000009890508A822060831890508A82206080D
:10CD1000B9880508A822060879880508902206081F
:10CD2000E5860508E02F06080000F4000102000077
:10CD30000000000000000003E985050805830508E0
:10CD400044CD0608FC1C06081F000000030000007C
:10CD500054CD0608EA03000084CD0608C22800006E
:10CD60007CCD0608CA2800006CCD0608982F06085E
:10CD700074CD0608782206081D8405087822060866
:10CD80004F830508A8220608D186050864D906083D
:10CD900050D906083CD9060828D9060814D906082F
:10CDA00000D90608ECD80608D8D8060824D8060802
:10CDB00010D80608F8D60608E4D60608D0D6060825
:10CDC000BCD60608A8D6060894D60608FC1C060899
:10CDD000B702000056000000DCCD0608D2120000A9
:10CDE00064D906084A19000064D90608DA1200005E
:10CDF00050D90608021300003CD906080A130000A7
:10CE000028D906081213000014D906081A130000C6
:10CE100000D9060822130000ECD806082A130000E7
:10CE2000D8D8060832130000C4D806083A13000008
:10CE3000B0D80608E21200009CD80608CA1B000001
:10CE400088D80608D21B000074D80608EA12000031
:10CE500060D80608F21200004CD80608FA1200004A
:10CE600038D806084213000024D806084A130000E8
:10CE700010D8060882130000FCD706088A130000A9
:10CE8000E8D7060892130000D4D706089A130000CA
:10CE9000C0D70608A2130000ACD70608AA130000EA
:10CEA00098D70608B213000084D706085213000072
:10CEB00070D706085A1300005CD7060862130000FA
:10CEC00048D706086A13000034D70608721300001A
:10CED00020D706087A1300000CD70608BA13000002
:10CEE000F8D60608C2130000E4D60608FA130000BC
:10CEF000D0D6060802140000BCD606080A140000AA
:10CF0000A8D606081214000094D606081A140000C9
:10CF100080D60608221400006CD606082A140000E9
:10CF200058D606083214000044D60608CA1300007A
:10CF300030D60608D21300001CD60608DA1300000B
:10CF400008D60608E2130000F4D50608EA1300002C
:10CF5000E0D50608F2130000CCD506083A1400000C
:10CF6000B8D5060842140000A4D506087A140000BB
:10CF700090D50608821400007CD506088A140000AB
:10CF800068D506089214000054D506089A140000CB
:10CF900040D50608A21400002CD50608AA140000EB
:10CFA00018D50608B214000004D506084A1400007B
:10CFB000F0D4060852140000DCD406088A110000E0
:10CFC000C8D406085A140000C8D4060892110000FC
:10CFD000B4D4060862140000B4D406089A11000004
:10CFE000A0D406086A140000A0D40608821100002C
:10CFF0008CD40608721400008CD40608BA14000001
:10D0000078D40608C214000064D40608FA1400009C
:10D0100050D40608021500003CD406080A1500008A
:10D0200028D406081215000014D406081A150000AA
:10D0300000D4060822150000ECD306082A150000CB
:10D04000D8D3060832150000C4D30608CA1400005D
:10D05000B0D30608D21400009CD30608DA140000EE
:10D0600088D30608E214000074D30608EA1400000E
:10D0700060D30608F21400004CD306084A150000DD
:10D0800038D306085215000024D30608FC1C0608F5
:10D090008F020000510000009CD00608220700000B
:10D0A00064D906082A07000050D906086207000064
:10D0B0003CD906086A07000028D906087207000054
:10D0C00014D906087A07000000D906088207000074
:10D0D000ECD806088A070000D8D806089207000096
:10D0E000C4D806089A070000B0D806083207000026
:10D0F0009CD806083A07000088D8060842070000B6
:10D1000074D806084A07000060D8060852070000D5
:10D110004CD806085A07000038D806086A090000EB
:10D1200024D806087209000010D80608AA090000D1
:10D13000FCD70608B2090000E8D70608BA090000C3
:10D14000D4D70608C2090000C0D70608CA090000E3
:10D15000ACD70608D209000098D70608DA09000003
:10D1600084D706087A09000070D7060882090000F3
:10D170005CD706088A09000048D706089209000013
:10D1800034D706089A09000020D70608A209000033
:10D190000CD706085A0A0000F8D60608620A0000F2
:10D1A000E4D606089A0A0000D0D60608A20A0000B3
:10D1B000BCD60608AA0A0000A8D60608B20A0000D3
:10D1C00094D60608BA0A000080D60608C20A0000F3
:10D1D0006CD60608CA0A000058D60608D20A000013
:10D1E00044D606086A0A000030D60608720A000013
:10D1F0001CD606087A0A000008D60608820A000033
:10D20000F4D506088A0A0000E0D50608920A000054
:10D21000CCD50608520B0000B8D506085A0B000002
:10D22000A4D50608920B000090D506089A0B0000C2
:10D230007CD50608A20B000068D50608AA0B0000E2
:10D2400054D50608B20B000040D50608BA0B000002
:10D250002CD50608C20B000018D50608CA0B000022
:10D2600004D50608620B0000F0D406086A0B000023
:10D27000DCD40608720B0000C8D406087A0B000044
:10D28000B4D40608820B0000A0D406088A0B000064
:10D290008CD40608CA0C000078D40608D20C000012
:10D2A00064D406080A0D000050D40608120D0000D0
:10D2B0003CD406081A0D000028D40608220D0000F0
:10D2C00014D406082A0D000000D40608320D000010
:10D2D000ECD306083A0D0000D8D30608420D000032
:10D2E000C4D30608DA0C0000B0D30608E20C000034
:10D2F0009CD30608EA0C000088D30608F20C000054
:10D3000074D30608FA0C000060D30608020D000072
:10D310004CD30608F20F000038D30608FA0F0000BD
:10D3200024D3060830A90608FF01020027000000E8
:10D33000001C024078D9060830A90608FE01010049
:10D3400007000000001C024078D9060830A9060832
:10D35000A0010080E40300000010024078D9060814
:10D3600030A906089F010040C403000000100240DD
:10D3700088D9060830A906089E010020A4030000F1
:10D380000010024098D9060830A906089D01001037
:10D390008403000000100240A8D9060830A906083E
:10D3A0009C0100086403000000100240B8D9060880
:10D3B00030A906089B01000444030000001002404D
:10D3C000C8D9060830A90608A801000224030000F5
:10D3D00000100240D8D9060830A90608A7010001AC
:10D3E0000403000000100240E8D9060830A906082E
:10D3F000A6018000E402000000100240F8D90608EF
:10D4000030A90608A5014000C40200000010024037
:10D4100008DA060830A90608A4012000A4020000CA
:10D420000010024018DA060830A90608A30110000F
:10D43000840000000010024028DA060830A906081F
:10D44000A2010800640000000010024028DA06086B
:10D4500030A90608A10104004400000000100240A9
:10D4600028DA060830A906089A0102002400000004
:10D470000010024028DA060830A9060899010100C8
:10D48000040200000010024028DA060830A906084D
:10D4900071010080E3030000000C024038DA060846
:10D4A00030A9060870010040C3030000000C0240D0
:10D4B00048DA060830A906086F010020A30300001F
:10D4C000000C024058DA060830A906086E01001068
:10D4D00083050000000C024068DA060830A906083F
:10D4E0006D01000863030000000C024088DA0608A2
:10D4F00030A906086C01000443030000000C024040
:10D5000098DA060830A90608790100022303000012
:10D51000000C0240A8DA060830A9060878010001CC
:10D5200003030000000C0240B8DA060830A9060820
:10D5300077018000E3020000000C0240C8DA060810
:10D5400030A9060876014000C3020000000C02402A
:10D55000D8DA060830A9060875012000A3020000E9
:10D56000000C0240E8DA060830A906087401100031
:10D5700083020000000C0240F8DA060830A9060811
:10D580007301080063020000000C024008DB06087B
:10D5900030A906087201040043020000000C02409A
:10D5A00018DB060830A906086B0102002302000000
:10D5B000000C024028DB060830A906086A010100B9
:10D5C00003020000000C024038DB060830A9060800
:10D5D00052010080E20100000008024048DB06081A
:10D5E00030A9060851010040C201000000080240B5
:10D5F00048DB060830A9060850010020A2010000FF
:10D600000008024048DB060830A906084F01001058
:10D61000820300000008024048DB060830A9060823
:10D620004E010008620300000008024058DB0608B3
:10D6300030A906084D010004420300000008024022
:10D6400068DB060830A906085A010002220500001E
:10D650000008024078DB060830A9060859010001DD
:10D66000020700000008024098DB060830A90608FF
:10D6700058018000E206000000080240C8DB0608EE
:10D6800030A9060857014000C20600000008024009
:10D69000F8DB060830A9060856012000A2E01D00AC
:10D6A0000008024028DC060830A9060855011000D1
:10D6B00082C01D000008024028DC060830A90608C8
:10D6C0005401080062A21D000008024028DC060880
:10D6D00030A906085301040042821D0000080240E0
:10D6E00038DC060830A906084C01020022601D0043
:10D6F0000008024048DC060830A906084B0101007A
:10D7000002401D000008024048DC060830A9060857
:10D7100034010080E10900000004024048DC0608F2
:10D7200030A9060833010040C10B0000000402408C
:10D7300088DC060830A9060832010020A109000093
:10D7400000040240D8DC060830A9060831010010A8
:10D75000810900000004024018DD060830A906080F
:10D7600030010008610700000004024058DD06088F
:10D7700030A906082F0100044109000000040240FE
:10D7800088DD060830A906083B010002210B0000D5
:10D7900000040240C8DD060830A906083A0100016D
:10D7A000010900000004024018DE060830A906083E
:10D7B00039018000E10400000004024058DE060840
:10D7C00030A9060838014000C106000000040240EC
:10D7D00078DE060830A9060837012000A1060000FF
:10D7E00000040240A8DE060830A906083601100031
:10D7F0008104000000040240D8DE060830A90608B3
:10D80000350104004100000000040240F8DE060873
:10D8100030A906082E01020021260D000004024056
:10D82000F8DE060830A906082D01010001060D00EA
:10D830000004024028DF060830A90608EB0000803B
:10D84000E00700000000024058DF060830A9060883
:10D85000EA000040C00100000000024088DF060826
:10D8600030A90608E9000020A001000000000240E5
:10D8700088DF060830A90608E800001080050000CF
:10D880000000024088DF060830A90608E70000080B
:10D890006005000000000240A8DF060830A9060865
:10D8A000E60000044003000000000240C8DF060854
:10D8B00030A90608F3000002200300000000024027
:10D8C000D8DF060830A90608F200000100030000B6
:10D8D00000000240E8DF060830A90608F1008000D9
:10D8E000E0EA0C0000000240F8DF060830A9060854
:10D8F000F0004000C0CA0C000000024048E00608EA
:10D9000030A90608EF002000A0A80C00000002408B
:10D9100098E0060830A90608EE00100080840C008C
:10D9200000000240D8E0060830A90608ED00080013
:10D9300060681C0000000240F8E0060830A90608F4
:10D94000EC00040040481C000000024038E10608DA
:10D9500030A90608E500020020261C000000024055
:10D9600078E1060830A90608E4000100000A1C005E
:10D9700000000240A8E1060840A606080E010000CB
:10D98000010001090000014040A606080E01000048
:10D99000010001030000014040A606080E0100003E
:10D9A000010001020000014040A606080E0100002F
:10D9B000010001060000014040A606080E0100001B
:10D9C000010001010000014040A606080E01000010
:10D9D000010001050000014040A606080E010000FC
:10D9E000010001000000014040A606080E010000F1
:10D9F000010001040000014040A606080E010000DD
:10DA0000010001080000014040A6060816010000C0
:10DA1000030009010040014040A60608160100006D
:10DA2000030009000040014040A606081101000063
:10DA3000020004080008004040A60608110100008A
:10DA4000020004030008004040A60608110100007F
:10DA5000020004020008004040A606081101000070
:10DA6000020004010008004040A606081101000061
:10DA7000020004000008004040A606081C01000047
:10DA8000070203030048004040A606081C010000EE
:10DA9000070203020048004040A606081C010000DF
:10DAA000070203040048004040A606081C010000CD
:10DAB000070203010048004040A606081C010000C0
:10DAC000070203000048004040A606081B010000B2
:10DAD000070202040044004040A606081B010000A3
:10DAE000070202010044004040A606081B01000096
:10DAF000070202000044004040A606081B01000087
:10DB0000070202030044004040A606081B01000073
:10DB1000070202020044004040A60608100100006F
:10DB2000020003080004004040A606081E01000091
:10DB3000090701000064004040A606081E0100001D
:10DB4000090701010064004040A606081C0100000E
:10DB5000070203040048004040A606081C0100001C
:10DB6000070203010048004040A606081C0100000F
:10DB7000070203000048004040A60608100100000C
:10DB8000020003030004004040A60608150100003F
:10DB9000030008030004014040A60608100100002D
:10DBA000020003020004004040A606081501000020
:10DBB000030008020004014040A606081D01000001
:10DBC000080206040014014040A6060810010000E7
:10DBD000020003010004004040A6060815010000F1
:10DBE000030008010004014040A606081D010000D2
:10DBF000080206010014014040A6060810010000BA
:10DC0000020003000004004040A6060815010000C1
:10DC1000030008000004014040A606081D010000A2
:10DC2000080206000014014040A606081A01000080
:10DC3000050402000038004040A606081A01000052
:10DC4000050402010038004040A606080E0100004D
:10DC5000010001060000014040A606081501000071
:10DC6000030008060004014040A606081A0100004F
:10DC7000050402000038004040A60608200100000C
:10DC800009000C010018004040A606080E01000023
:10DC9000010001050000014040A606081501000032
:10DCA000030008050004014040A606081A01000010
:10DCB000050402010038004040A606081C010000CF
:10DCC000070203030048004040A6060820010000A8
:10DCD00009000C000018004040A606080E010000D4
:10DCE000010001040000014040A606081A010000DE
:10DCF000050402020038004040A606081C0100008E
:10DD0000070203020048004040A606081F01000069
:10DD1000090702000068004040A606080E01000046
:10DD2000010001090000014040A606081A01000098
:10DD3000050402030038004040A606081C0100004C
:10DD4000070203040048004040A606081F01000027
:10DD5000090702010068004040A606080F01000004
:10DD6000010002030000004040A606081801000060
:10DD7000040102000058004040A606081C010000F3
:10DD8000070203010048004040A606080F010000FA
:10DD9000010002020000004040A606081801000031
:10DDA000040102010058004040A606081A010000C4
:10DDB000050402020038004040A606081C010000CD
:10DDC000070203000048004040A6060811010000B9
:10DDD000020004030008004040A6060814010000E9
:10DDE00003000B000048014040A606081701000090
:10DDF000040101000054004040A606081A0100007A
:10DE0000050402030038004040A606081E01000079
:10DE1000090701000064004040A606081101000047
:10DE2000020004020008004040A60608130100009A
:10DE300003000A000044014040A606081701000044
:10DE4000040101010054004040A606081E01000024
:10DE5000090701010064004040A606081101000006
:10DE6000020004010008004040A606081701000057
:10DE7000040101000054004040A606081101000002
:10DE8000020004000008004040A606081701000038
:10DE9000040101010054004040A606081F010000D3
:10DEA000090702000068004040A6060810010000B3
:10DEB000020003010004004040A60608190100000A
:10DEC000050401000030014040A606081F010000C3
:10DED000090702010068004040A606081001000082
:10DEE000020003000004004040A6060819010000DB
:10DEF000050401010030014040A606080E010000A3
:10DF0000010001060000014040A6060810010000C3
:10DF1000020003030004004040A6060815010000AB
:10DF2000030008060004014040A606080E01000098
:10DF3000010001050000014040A606081001000094
:10DF4000020003020004004040A60608150100007C
:10DF5000030008050004014040A606080F01000068
:10DF6000010002000000004040A606080F0100006A
:10DF7000010002080000004040A606081901000048
:10DF8000050401030030014040A606080E01000010
:10DF9000010001080000014040A606081E01000023
:10DFA000090701000064004040A606080E010000B9
:10DFB000010001030000014040A606081E01000008
:10DFC000090701010064004040A606080E01000098
:10DFD000010001020000014040A606080E010000F9
:10DFE000010001010000014040A606080E010000EA
:10DFF000010001000000014040A606080E010000DB
:10E00000010001040000014040A6060810010000C4
:10E01000020003010004004040A6060815010000AC
:10E02000030008040004014040A60608190100008E
:10E03000050401000030014040A60608220100004E
:10E0400009000E000020004040A606080E01000056
:10E05000010001090000014040A60608100100006F
:10E06000020003000004004040A60608150100005D
:10E07000030008090004014040A606081901000039
:10E08000050401010030014040A6060821010000FE
:10E0900009000D00001C004040A606080F0100000A
:10E0A000010002000000004040A606080F01000029
:10E0B000010002080000004040A60608150100000B
:10E0C000030008040004014040A6060819010000EE
:10E0D000050401020030014040A6060819010000B5
:10E0E000050401030030014040A606081B010000A2
:10E0F000070202040044004040A606080F01000089
:10E10000010002030000004040A6060812010000C2
:10E1100002000503000C004040A60608160100009E
:10E12000030009010040014040A606081B01000051
:10E13000070202010044004040A606080F0100004B
:10E14000010002020000004040A606081201000083
:10E1500002000502000C004040A60608160100005F
:10E16000030009000040014040A606081B01000012
:10E17000070202000044004040A606080F0100000C
:10E18000010002010000004040A606081201000044
:10E1900002000501000C004040A606081B0100001B
:10E1A000070202030044004040A606080F010000D9
:10E1B000010002000000004040A606080F01000018
:10E1C000010002080000004040A6060812010000FD
:10E1D00002000500000C004040A6060815010000E2
:10E1E000030008080004014040A606081B010000C7
:08E1F000070202020044004096
:08E1F80030ACFE7F01000000C5
:10E200000024F400CC6D0608002C00400000000043
:10E210006D70792D73746D333200000000000000C2
:10E2200000000000000000000000000000000000EE
:10E2300000585800FFFFFFFF0E0000000000803F65
:0400000508020119D3
:00000001FF
